ISO-10303-21;
HEADER;
FILE_DESCRIPTION (( 'STEP AP203' ),
    '1' );
FILE_NAME('P01_Main_frame.step','2026-09-14T00:00:00',('Wamotech'),('Wamotech'),'SolidWorks 2025','SolidWorks 2025','');
FILE_SCHEMA (( 'CONFIG_CONTROL_DESIGN' ));
ENDSEC;

DATA;
#1 = EDGE_CURVE ( 'NONE', #7188, #7104, #1156, .T. ) ;
#2 = DIRECTION ( 'NONE',  ( 0.7071067811865474617, 0.7071067811865474617, 0.000000000000000000 ) ) ;
#3 = CARTESIAN_POINT ( 'NONE',  ( 34.55525999999999698, 58.40250000000000341, -165.6180954499999700 ) ) ;
#4 = EDGE_CURVE ( 'NONE', #8575, #3015, #5591, .T. ) ;
#5 = CARTESIAN_POINT ( 'NONE',  ( 48.55499999999999972, 120.8029999999999973, -177.6180954499999984 ) ) ;
#6 = ORIENTED_EDGE ( 'NONE', *, *, #2549, .T. ) ;
#7 = CARTESIAN_POINT ( 'NONE',  ( 19.50000000000000000, 49.20000000000000284, -165.6180954499999700 ) ) ;
#8 = DIRECTION ( 'NONE',  ( 0.000000000000000000, 1.000000000000000000, 0.000000000000000000 ) ) ;
#9 = DIRECTION ( 'NONE',  ( -1.000000000000000000, 0.000000000000000000, 0.000000000000000000 ) ) ;
#10 = VERTEX_POINT ( 'NONE', #2982 ) ;
#11 = ADVANCED_FACE ( 'NONE', ( #1030 ), #3676, .F. ) ;
#12 = CARTESIAN_POINT ( 'NONE',  ( -101.0000000000000000, -16.00000000000000000, 109.2119090000000057 ) ) ;
#13 = ADVANCED_FACE ( 'NONE', ( #8328 ), #1718, .F. ) ;
#14 = ORIENTED_EDGE ( 'NONE', *, *, #7881, .T. ) ;
#15 = VERTEX_POINT ( 'NONE', #7894 ) ;
#16 = ORIENTED_EDGE ( 'NONE', *, *, #4356, .F. ) ;
#17 = ORIENTED_EDGE ( 'NONE', *, *, #1108, .F. ) ;
#18 = VECTOR ( 'NONE', #8451, 1000.000000000000000 ) ;
#19 = VECTOR ( 'NONE', #758, 1000.000000000000000 ) ;
#20 = DIRECTION ( 'NONE',  ( -8.326672684688666165E-15, 0.000000000000000000, 1.000000000000000000 ) ) ;
#21 = CARTESIAN_POINT ( 'NONE',  ( -72.00000000000000000, 5.000000000000000000, -90.20148000000000366 ) ) ;
#22 = DIRECTION ( 'NONE',  ( 0.000000000000000000, -0.000000000000000000, 1.000000000000000000 ) ) ;
#23 = AXIS2_PLACEMENT_3D ( 'NONE', #856, #1545, #3508 ) ;
#24 = FACE_OUTER_BOUND ( 'NONE', #7583, .T. ) ;
#25 = ORIENTED_EDGE ( 'NONE', *, *, #687, .F. ) ;
#26 = EDGE_LOOP ( 'NONE', ( #2234, #6014, #8445, #242 ) ) ;
#27 = VECTOR ( 'NONE', #6034, 1000.000000000000114 ) ;
#28 = CARTESIAN_POINT ( 'NONE',  ( 32.50000000000000000, -48.20000000000000284, -165.5180954499999757 ) ) ;
#29 = CARTESIAN_POINT ( 'NONE',  ( -33.00000000000000000, -49.20000000000000284, -165.5180954499999757 ) ) ;
#30 = FACE_OUTER_BOUND ( 'NONE', #7016, .T. ) ;
#31 = VECTOR ( 'NONE', #3390, 1000.000000000000000 ) ;
#32 = ORIENTED_EDGE ( 'NONE', *, *, #542, .T. ) ;
#33 = ORIENTED_EDGE ( 'NONE', *, *, #7922, .F. ) ;
#34 = FACE_OUTER_BOUND ( 'NONE', #757, .T. ) ;
#35 = CARTESIAN_POINT ( 'NONE',  ( 25.00000000000000000, 32.00000000000000000, -171.6180954499999984 ) ) ;
#36 = CARTESIAN_POINT ( 'NONE',  ( -51.00000000000000000, -25.00000000000000000, -86.20148000000000366 ) ) ;
#37 = VECTOR ( 'NONE', #5247, 1000.000000000000000 ) ;
#38 = ORIENTED_EDGE ( 'NONE', *, *, #2602, .F. ) ;
#39 = CARTESIAN_POINT ( 'NONE',  ( -46.00000000000000000, -121.2000000000000028, -165.5180954499999757 ) ) ;
#40 = LINE ( 'NONE', #4729, #2167 ) ;
#41 = LINE ( 'NONE', #1388, #4966 ) ;
#42 = AXIS2_PLACEMENT_3D ( 'NONE', #858, #7508, #8162 ) ;
#43 = LINE ( 'NONE', #4039, #7517 ) ;
#44 = DIRECTION ( 'NONE',  ( 0.000000000000000000, 1.000000000000000000, 0.000000000000000000 ) ) ;
#45 = CARTESIAN_POINT ( 'NONE',  ( -7.849999999999997868, 7.849999999999997868, -165.6180954499999700 ) ) ;
#46 = ORIENTED_EDGE ( 'NONE', *, *, #2489, .T. ) ;
#47 = EDGE_CURVE ( 'NONE', #548, #5970, #1843, .T. ) ;
#48 = EDGE_CURVE ( 'NONE', #4988, #671, #5236, .T. ) ;
#49 = VECTOR ( 'NONE', #7355, 1000.000000000000000 ) ;
#50 = LINE ( 'NONE', #2693, #5228 ) ;
#51 = DIRECTION ( 'NONE',  ( -0.000000000000000000, -1.000000000000000000, -0.000000000000000000 ) ) ;
#52 = EDGE_CURVE ( 'NONE', #1897, #7506, #3894, .T. ) ;
#53 = EDGE_CURVE ( 'NONE', #5271, #6651, #7808, .T. ) ;
#54 = DIRECTION ( 'NONE',  ( -0.7071067811865474617, 0.7071067811865474617, 0.000000000000000000 ) ) ;
#55 = ORIENTED_EDGE ( 'NONE', *, *, #7194, .T. ) ;
#56 = AXIS2_PLACEMENT_3D ( 'NONE', #302, #217, #6168 ) ;
#57 = FACE_OUTER_BOUND ( 'NONE', #4559, .T. ) ;
#58 = VERTEX_POINT ( 'NONE', #4502 ) ;
#59 = ORIENTED_EDGE ( 'NONE', *, *, #6586, .T. ) ;
#60 = DIRECTION ( 'NONE',  ( -0.000000000000000000, -0.000000000000000000, 1.000000000000000000 ) ) ;
#61 = ORIENTED_EDGE ( 'NONE', *, *, #7434, .T. ) ;
#62 = EDGE_CURVE ( 'NONE', #2792, #1741, #3157, .T. ) ;
#63 = VERTEX_POINT ( 'NONE', #7931 ) ;
#64 = ORIENTED_EDGE ( 'NONE', *, *, #6152, .F. ) ;
#65 = EDGE_CURVE ( 'NONE', #5364, #3278, #3200, .T. ) ;
#66 = EDGE_CURVE ( 'NONE', #4330, #981, #4583, .T. ) ;
#67 = LINE ( 'NONE', #4104, #7060 ) ;
#68 = DIRECTION ( 'NONE',  ( -0.000000000000000000, -0.000000000000000000, -1.000000000000000000 ) ) ;
#69 = DIRECTION ( 'NONE',  ( -0.000000000000000000, -0.000000000000000000, -1.000000000000000000 ) ) ;
#70 = CARTESIAN_POINT ( 'NONE',  ( -97.00000000000000000, -7.000000000000000000, 124.2119090000000057 ) ) ;
#71 = ORIENTED_EDGE ( 'NONE', *, *, #5511, .F. ) ;
#72 = VERTEX_POINT ( 'NONE', #3281 ) ;
#73 = CARTESIAN_POINT ( 'NONE',  ( 43.77799999999999159, -81.99999999999998579, -43.77799999999999159 ) ) ;
#74 = EDGE_LOOP ( 'NONE', ( #7813, #5622, #3538, #4785 ) ) ;
#75 = CARTESIAN_POINT ( 'NONE',  ( -49.00000000000000000, 25.00000000000000000, -92.20148000000000366 ) ) ;
#76 = DIRECTION ( 'NONE',  ( -0.000000000000000000, 1.000000000000000000, 0.000000000000000000 ) ) ;
#77 = VECTOR ( 'NONE', #2947, 1000.000000000000000 ) ;
#78 = VERTEX_POINT ( 'NONE', #3852 ) ;
#79 = ORIENTED_EDGE ( 'NONE', *, *, #7375, .F. ) ;
#80 = CARTESIAN_POINT ( 'NONE',  ( -88.00000000000000000, 24.00000000000000000, 122.2119089999999773 ) ) ;
#81 = CARTESIAN_POINT ( 'NONE',  ( 87.00000000000000000, 40.00000000000000000, -183.6180954499999984 ) ) ;
#82 = CARTESIAN_POINT ( 'NONE',  ( -34.00000000000000000, -52.20000000000000284, -165.5180954499999757 ) ) ;
#83 = ORIENTED_EDGE ( 'NONE', *, *, #4902, .F. ) ;
#84 = CARTESIAN_POINT ( 'NONE',  ( 31.00000000000000000, -20.00000000000000000, -10.00000000000000000 ) ) ;
#85 = CARTESIAN_POINT ( 'NONE',  ( -51.00000000000000000, 20.19999999999999929, -86.20148000000000366 ) ) ;
#86 = CARTESIAN_POINT ( 'NONE',  ( -57.00000000000000000, -81.99999999999998579, -102.7459999999999951 ) ) ;
#87 = VECTOR ( 'NONE', #1540, 1000.000000000000000 ) ;
#88 = LINE ( 'NONE', #7348, #8106 ) ;
#89 = CARTESIAN_POINT ( 'NONE',  ( -67.00000000000000000, 98.00000000000000000, -132.0000000000000000 ) ) ;
#90 = ORIENTED_EDGE ( 'NONE', *, *, #2377, .T. ) ;
#91 = VECTOR ( 'NONE', #5869, 1000.000000000000000 ) ;
#92 = DIRECTION ( 'NONE',  ( -1.000000000000000000, 0.000000000000000000, 0.000000000000000000 ) ) ;
#93 = LINE ( 'NONE', #8049, #1771 ) ;
#94 = EDGE_CURVE ( 'NONE', #8550, #4968, #5193, .T. ) ;
#95 = DIRECTION ( 'NONE',  ( 0.7071067811865474617, -0.7071067811865474617, 0.000000000000000000 ) ) ;
#96 = ORIENTED_EDGE ( 'NONE', *, *, #1336, .F. ) ;
#97 = VECTOR ( 'NONE', #6729, 1000.000000000000000 ) ;
#98 = DIRECTION ( 'NONE',  ( -0.7071067811865474617, 0.7071067811865474617, -0.000000000000000000 ) ) ;
#99 = ORIENTED_EDGE ( 'NONE', *, *, #6532, .F. ) ;
#100 = ORIENTED_EDGE ( 'NONE', *, *, #8551, .T. ) ;
#101 = CARTESIAN_POINT ( 'NONE',  ( 31.00000000000000000, -20.00000000000000000, -10.00000000000000000 ) ) ;
#102 = EDGE_CURVE ( 'NONE', #6449, #6396, #556, .T. ) ;
#103 = ORIENTED_EDGE ( 'NONE', *, *, #648, .T. ) ;
#104 = EDGE_CURVE ( 'NONE', #7401, #8061, #1321, .T. ) ;
#105 = ORIENTED_EDGE ( 'NONE', *, *, #1175, .F. ) ;
#106 = VECTOR ( 'NONE', #949, 1000.000000000000000 ) ;
#107 = CARTESIAN_POINT ( 'NONE',  ( -102.0000000000000142, 0.000000000000000000, 0.000000000000000000 ) ) ;
#108 = EDGE_CURVE ( 'NONE', #5370, #6752, #7242, .T. ) ;
#109 = EDGE_CURVE ( 'NONE', #2989, #8232, #677, .T. ) ;
#110 = CARTESIAN_POINT ( 'NONE',  ( -77.42299999999997340, 90.00000000000000000, -77.42300000000003024 ) ) ;
#111 = DIRECTION ( 'NONE',  ( -0.000000000000000000, -1.000000000000000000, -0.000000000000000000 ) ) ;
#112 = CARTESIAN_POINT ( 'NONE',  ( 0.000000000000000000, 0.000000000000000000, 124.2119090000000057 ) ) ;
#113 = EDGE_LOOP ( 'NONE', ( #3324, #2230, #4716, #5105 ) ) ;
#114 = ORIENTED_EDGE ( 'NONE', *, *, #7064, .F. ) ;
#115 = VECTOR ( 'NONE', #3912, 1000.000000000000000 ) ;
#116 = EDGE_CURVE ( 'NONE', #6229, #1481, #8521, .T. ) ;
#117 = EDGE_CURVE ( 'NONE', #2622, #1645, #1972, .T. ) ;
#118 = DIRECTION ( 'NONE',  ( 0.000000000000000000, 0.000000000000000000, -1.000000000000000000 ) ) ;
#119 = ORIENTED_EDGE ( 'NONE', *, *, #6736, .T. ) ;
#120 = CARTESIAN_POINT ( 'NONE',  ( -49.00000000000000000, -25.00000000000000000, -92.20148000000000366 ) ) ;
#121 = DIRECTION ( 'NONE',  ( -1.000000000000000000, 0.000000000000000000, 0.000000000000000000 ) ) ;
#122 = AXIS2_PLACEMENT_3D ( 'NONE', #6943, #5078, #7122 ) ;
#123 = ORIENTED_EDGE ( 'NONE', *, *, #5380, .F. ) ;
#124 = DIRECTION ( 'NONE',  ( -0.000000000000000000, -0.000000000000000000, -1.000000000000000000 ) ) ;
#125 = EDGE_CURVE ( 'NONE', #4159, #2270, #2539, .T. ) ;
#126 = CARTESIAN_POINT ( 'NONE',  ( -13.00000000000000000, -74.00000000000001421, -123.2000000000000028 ) ) ;
#127 = EDGE_CURVE ( 'NONE', #6843, #7422, #878, .T. ) ;
#128 = CARTESIAN_POINT ( 'NONE',  ( -13.00000000000000000, -81.99999999999998579, -108.0000000000000000 ) ) ;
#129 = LOCAL_TIME ( 18, 28, 50.00000000000000000, #4183 ) ;
#130 = ORIENTED_EDGE ( 'NONE', *, *, #4251, .T. ) ;
#131 = DIRECTION ( 'NONE',  ( 0.000000000000000000, 0.000000000000000000, -1.000000000000000000 ) ) ;
#132 = LINE ( 'NONE', #8082, #5510 ) ;
#133 = PLANE ( 'NONE',  #3999 ) ;
#134 = DIRECTION ( 'NONE',  ( 0.5943910610838055719, 0.000000000000000000, -0.8041761414663256557 ) ) ;
#135 = DIRECTION ( 'NONE',  ( -0.7071067811865474617, -0.7071067811865474617, 0.000000000000000000 ) ) ;
#136 = EDGE_LOOP ( 'NONE', ( #5343, #6439, #686, #774 ) ) ;
#137 = CARTESIAN_POINT ( 'NONE',  ( 31.00000000000000000, 32.00000000000000000, -50.00000000000000000 ) ) ;
#138 = CARTESIAN_POINT ( 'NONE',  ( 34.55525999999999698, -58.40250000000000341, -165.6180954499999700 ) ) ;
#139 = DIRECTION ( 'NONE',  ( 1.000000000000000000, -0.000000000000000000, 0.000000000000000000 ) ) ;
#140 = DIRECTION ( 'NONE',  ( 1.000000000000000000, 0.000000000000000000, 0.000000000000000000 ) ) ;
#141 = ORIENTED_EDGE ( 'NONE', *, *, #7019, .F. ) ;
#142 = DIRECTION ( 'NONE',  ( 0.000000000000000000, -0.000000000000000000, 1.000000000000000000 ) ) ;
#143 = ORIENTED_EDGE ( 'NONE', *, *, #7534, .F. ) ;
#144 = ORIENTED_EDGE ( 'NONE', *, *, #1913, .F. ) ;
#145 = LINE ( 'NONE', #2049, #19 ) ;
#146 = VERTEX_POINT ( 'NONE', #3935 ) ;
#147 = ORIENTED_EDGE ( 'NONE', *, *, #6100, .T. ) ;
#148 = CARTESIAN_POINT ( 'NONE',  ( 0.000000000000000000, 0.000000000000000000, 0.000000000000000000 ) ) ;
#149 = CARTESIAN_POINT ( 'NONE',  ( 45.00000000000000000, -20.00000000000000000, -10.00000000000000000 ) ) ;
#150 = CYLINDRICAL_SURFACE ( 'NONE', #605, 5.000000000000004441 ) ;
#151 = ORIENTED_EDGE ( 'NONE', *, *, #6366, .T. ) ;
#152 = ORIENTED_EDGE ( 'NONE', *, *, #2006, .T. ) ;
#153 = DIRECTION ( 'NONE',  ( 0.000000000000000000, 0.000000000000000000, -1.000000000000000000 ) ) ;
#154 = AXIS2_PLACEMENT_3D ( 'NONE', #8579, #7795, #584 ) ;
#155 = ORIENTED_EDGE ( 'NONE', *, *, #6845, .F. ) ;
#156 = ADVANCED_FACE ( 'NONE', ( #2495 ), #4544, .F. ) ;
#157 = EDGE_CURVE ( 'NONE', #6449, #7855, #6583, .T. ) ;
#158 = LINE ( 'NONE', #4114, #3148 ) ;
#159 = DIRECTION ( 'NONE',  ( 0.7071067811865477948, 0.000000000000000000, -0.7071067811865473507 ) ) ;
#160 = EDGE_CURVE ( 'NONE', #6525, #4495, #8588, .T. ) ;
#161 = ORIENTED_EDGE ( 'NONE', *, *, #3566, .T. ) ;
#162 = EDGE_CURVE ( 'NONE', #4009, #630, #4060, .T. ) ;
#163 = VECTOR ( 'NONE', #8163, 1000.000000000000114 ) ;
#164 = DIRECTION ( 'NONE',  ( 0.000000000000000000, 1.000000000000000000, 0.000000000000000000 ) ) ;
#165 = DIRECTION ( 'NONE',  ( -0.000000000000000000, -0.000000000000000000, -1.000000000000000000 ) ) ;
#166 = DIRECTION ( 'NONE',  ( 0.000000000000000000, -1.000000000000000000, -0.000000000000000000 ) ) ;
#167 = ORIENTED_EDGE ( 'NONE', *, *, #1650, .F. ) ;
#168 = CARTESIAN_POINT ( 'NONE',  ( -74.09999999999999432, 15.00000000000000000, -86.20148000000000366 ) ) ;
#169 = CLOSED_SHELL ( 'NONE', ( #11, #1371, #7646, #2019, #3772, #5412, #6271, #4741, #2069, #2439, #4456, #3291, #802, #3453, #6259, #4357, #7439, #1592, #4401, #5532, #6070, #3501, #2491, #6429, #3997, #6892, #6104, #4088, #2751, #2878, #3502, #2867, #7657, #4519, #6631, #6331, #4259, #2924, #8392, #6223, #4937, #1290, #1272, #3186, #1953, #2161, #3454, #7909, #1395, #5961, #2110, #1393, #3980, #5258, #634, #6006, #3720, #5110, #6058, #5059, #1855, #7706, #4305, #1271, #8333, #2718, #4242, #4249, #3040, #2640, #4105, #5427, #3981, #5563, #5317, #3661, #4775, #1635, #693, #1123, #6957, #4561, #3662, #4137, #2440, #7804, #6790, #659, #8229, #4402, #589, #5269, #583, #5586, #5635, #4681, #8090, #2223, #8075, #3579, #3072, #6646, #3609, #3816, #3185, #3619, #7613, #6910, #2820, #4565, #4676, #1442, #3881, #7126, #6160, #1003, #3996, #1387, #7707, #1958, #1265, #5148, #4980, #3821, #8140, #6692, #1738, #2937, #6258, #6539, #5167, #3239, #5465, #8407, #7823, #377, #5735, #4994, #6951, #3197, #6369, #4518, #1925, #591, #205, #8281, #7382, #1014, #3763, #1323, #174, #3038, #2985, #7697, #2109, #7821, #7329, #3021, #8298, #2707, #3470, #4776, #903, #3972, #4261, #7441, #7451, #1289, #2916, #6443, #2708, #7288, #3087, #5366, #3844, #331, #6423, #8125, #5306, #2482, #2379, #2863, #1335, #4613, #8361, #2018, #840, #3397, #3460, #7070, #3134, #6313, #221, #5947, #2613, #5790, #2427, #7165, #5357, #3653, #2328, #5261, #5043, #7008, #6211, #13, #2540, #7983, #3071, #156, #8230, #393, #6490, #2064, #4514, #6690, #2116, #4739, #4839, #2553, #2284, #4045, #3208, #6099, #1433, #6444, #646, #3144, #7594, #5426, #5519, #4987, #6212, #811, #3179, #2293, #641, #6115, #956, #4182, #7333, #4027, #7279, #6114, #1528, #8555, #3447, #8251, #7868, #6844, #7230, #320, #394, #8460, #1902, #5522, #2267, #1057, #632, #1969, #4147, #6048, #7181, #2970, #4900, #332 ) ) ;
#170 = VECTOR ( 'NONE', #2297, 1000.000000000000227 ) ;
#171 = CARTESIAN_POINT ( 'NONE',  ( -68.00000000000000000, -10.00000000000000000, -90.20148000000000366 ) ) ;
#172 = CARTESIAN_POINT ( 'NONE',  ( -110.0000000000000000, -125.0000000000000000, -191.6180954499999984 ) ) ;
#173 = EDGE_CURVE ( 'NONE', #4790, #5967, #8058, .T. ) ;
#174 = ADVANCED_FACE ( 'NONE', ( #5361 ), #1407, .F. ) ;
#175 = DIRECTION ( 'NONE',  ( 0.000000000000000000, -1.000000000000000000, 0.000000000000000000 ) ) ;
#176 = FACE_OUTER_BOUND ( 'NONE', #1714, .T. ) ;
#177 = VERTEX_POINT ( 'NONE', #6186 ) ;
#178 = FACE_OUTER_BOUND ( 'NONE', #8014, .T. ) ;
#179 = DIRECTION ( 'NONE',  ( 1.000000000000000000, 0.000000000000000000, 0.000000000000000000 ) ) ;
#180 = CARTESIAN_POINT ( 'NONE',  ( -94.00000000000000000, 0.000000000000000000, -183.6180954499999984 ) ) ;
#181 = VECTOR ( 'NONE', #5449, 1000.000000000000000 ) ;
#182 = LINE ( 'NONE', #7310, #984 ) ;
#183 = CARTESIAN_POINT ( 'NONE',  ( -90.00000000000000000, 98.00000000000000000, -183.6180954499999984 ) ) ;
#184 = DIRECTION ( 'NONE',  ( 0.000000000000000000, -0.000000000000000000, -1.000000000000000000 ) ) ;
#185 = ORIENTED_EDGE ( 'NONE', *, *, #3409, .F. ) ;
#186 = ORIENTED_EDGE ( 'NONE', *, *, #1697, .T. ) ;
#188 = AXIS2_PLACEMENT_3D ( 'NONE', #6615, #708, #184 ) ;
#187 = PLANE ( 'NONE',  #1406 ) ;
#189 = VERTEX_POINT ( 'NONE', #1451 ) ;
#190 = ORIENTED_EDGE ( 'NONE', *, *, #7914, .T. ) ;
#191 = CARTESIAN_POINT ( 'NONE',  ( -47.50140412403019496, 90.00000000000000000, -125.1017785571049217 ) ) ;
#192 = AXIS2_PLACEMENT_3D ( 'NONE', #6925, #1016, #6877 ) ;
#193 = VECTOR ( 'NONE', #2962, 1000.000000000000114 ) ;
#194 = DIRECTION ( 'NONE',  ( -0.7071067811865475727, -0.7071067811865475727, 0.000000000000000000 ) ) ;
#195 = CARTESIAN_POINT ( 'NONE',  ( -102.0000000000000142, 24.00000000000000000, -99.20147999999998945 ) ) ;
#196 = VERTEX_POINT ( 'NONE', #6102 ) ;
#197 = EDGE_LOOP ( 'NONE', ( #3847, #3631, #5983, #1411, #2058, #3053, #6909, #6785 ) ) ;
#198 = VERTEX_POINT ( 'NONE', #2226 ) ;
#199 = LINE ( 'NONE', #5494, #4108 ) ;
#200 = EDGE_LOOP ( 'NONE', ( #5535, #4807, #5231, #8012 ) ) ;
#201 = ORIENTED_EDGE ( 'NONE', *, *, #3408, .F. ) ;
#202 = CARTESIAN_POINT ( 'NONE',  ( 0.000000000000000000, 117.2000000000000028, -191.6180954499999984 ) ) ;
#203 = CARTESIAN_POINT ( 'NONE',  ( 45.00000000000000000, -32.00000000000000000, -10.00000000000000000 ) ) ;
#204 = EDGE_LOOP ( 'NONE', ( #2816, #4554, #2728, #4227 ) ) ;
#205 = ADVANCED_FACE ( 'NONE', ( #6757 ), #804, .T. ) ;
#206 = DIRECTION ( 'NONE',  ( 0.000000000000000000, -1.000000000000000000, 0.000000000000000000 ) ) ;
#207 = LINE ( 'NONE', #5377, #7396 ) ;
#208 = CARTESIAN_POINT ( 'NONE',  ( -110.0000000000000000, 60.00000000000000000, -183.6180954499999984 ) ) ;
#209 = CARTESIAN_POINT ( 'NONE',  ( -34.00000000000000000, 52.20000000000000284, -165.5180954499999757 ) ) ;
#210 = EDGE_CURVE ( 'NONE', #1270, #6662, #8018, .T. ) ;
#211 = EDGE_CURVE ( 'NONE', #3195, #4700, #6834, .T. ) ;
#212 = VERTEX_POINT ( 'NONE', #237 ) ;
#213 = DIRECTION ( 'NONE',  ( 1.000000000000000000, 0.000000000000000000, -0.000000000000000000 ) ) ;
#214 = PLANE ( 'NONE',  #3431 ) ;
#215 = CARTESIAN_POINT ( 'NONE',  ( 50.00000000000000000, 40.00000000000000000, -191.6180954499999984 ) ) ;
#216 = VECTOR ( 'NONE', #4768, 1000.000000000000114 ) ;
#217 = DIRECTION ( 'NONE',  ( -0.8686219229222248428, 0.000000000000000000, -0.4954754837717974536 ) ) ;
#218 = DIRECTION ( 'NONE',  ( 0.000000000000000000, 0.000000000000000000, -1.000000000000000000 ) ) ;
#219 = ORIENTED_EDGE ( 'NONE', *, *, #6788, .F. ) ;
#220 = EDGE_CURVE ( 'NONE', #1839, #5662, #3411, .T. ) ;
#221 = ADVANCED_FACE ( 'NONE', ( #3366 ), #3455, .F. ) ;
#222 = LINE ( 'NONE', #870, #937 ) ;
#223 = LINE ( 'NONE', #4343, #788 ) ;
#224 = DIRECTION ( 'NONE',  ( 0.000000000000000000, 1.000000000000000000, 0.000000000000000000 ) ) ;
#225 = VECTOR ( 'NONE', #2685, 1000.000000000000000 ) ;
#226 = DIRECTION ( 'NONE',  ( 0.000000000000000000, 0.000000000000000000, -1.000000000000000000 ) ) ;
#227 = DIRECTION ( 'NONE',  ( 0.7071067811865475727, -0.7071067811865475727, 0.000000000000000000 ) ) ;
#228 = CARTESIAN_POINT ( 'NONE',  ( -68.00000000000000000, -10.00000000000000000, -92.20148000000000366 ) ) ;
#229 = EDGE_LOOP ( 'NONE', ( #4973, #16, #898, #1143 ) ) ;
#230 = ORIENTED_EDGE ( 'NONE', *, *, #3086, .T. ) ;
#231 = DIRECTION ( 'NONE',  ( 0.000000000000000000, 0.000000000000000000, 1.000000000000000000 ) ) ;
#232 = VECTOR ( 'NONE', #7370, 1000.000000000000114 ) ;
#233 = ORIENTED_EDGE ( 'NONE', *, *, #7178, .T. ) ;
#234 = ORIENTED_EDGE ( 'NONE', *, *, #8607, .F. ) ;
#235 = LINE ( 'NONE', #6016, #3311 ) ;
#236 = VECTOR ( 'NONE', #3954, 1000.000000000000000 ) ;
#237 = CARTESIAN_POINT ( 'NONE',  ( 32.50000000000000000, -117.2000000000000028, -191.6180954499999984 ) ) ;
#238 = ORIENTED_EDGE ( 'NONE', *, *, #7753, .T. ) ;
#239 = CARTESIAN_POINT ( 'NONE',  ( -68.00000000000000000, -10.00000000000000000, -90.20148000000000366 ) ) ;
#240 = VERTEX_POINT ( 'NONE', #149 ) ;
#241 = EDGE_LOOP ( 'NONE', ( #7234, #5139, #7584, #994 ) ) ;
#242 = ORIENTED_EDGE ( 'NONE', *, *, #8334, .T. ) ;
#243 = LINE ( 'NONE', #1455, #778 ) ;
#244 = EDGE_LOOP ( 'NONE', ( #536, #143, #4320, #3880 ) ) ;
#245 = EDGE_LOOP ( 'NONE', ( #7903, #2210, #4068, #7341, #8454, #2471, #5659, #3138 ) ) ;
#246 = VECTOR ( 'NONE', #2992, 1000.000000000000000 ) ;
#247 = DIRECTION ( 'NONE',  ( 0.000000000000000000, -1.000000000000000000, 0.000000000000000000 ) ) ;
#248 = LINE ( 'NONE', #5414, #4828 ) ;
#249 = ORIENTED_EDGE ( 'NONE', *, *, #7596, .T. ) ;
#250 = VECTOR ( 'NONE', #2914, 1000.000000000000114 ) ;
#251 = LINE ( 'NONE', #6200, #8497 ) ;
#252 = CYLINDRICAL_SURFACE ( 'NONE', #42, 5.000000000000004441 ) ;
#253 = PLANE ( 'NONE',  #300 ) ;
#254 = DIRECTION ( 'NONE',  ( 0.9961232455520555584, 0.000000000000000000, -0.08796862890166813609 ) ) ;
#255 = ORIENTED_EDGE ( 'NONE', *, *, #5991, .T. ) ;
#256 = DIRECTION ( 'NONE',  ( -0.7071067811865482389, 0.7071067811865469066, -0.000000000000000000 ) ) ;
#257 = VECTOR ( 'NONE', #6380, 1000.000000000000114 ) ;
#258 = DIRECTION ( 'NONE',  ( -1.000000000000000000, 0.000000000000000000, 0.000000000000000000 ) ) ;
#259 = LINE ( 'NONE', #2907, #8450 ) ;
#260 = CIRCLE ( 'NONE', #3593, 1.250000000000001110 ) ;
#261 = LINE ( 'NONE', #3563, #7408 ) ;
#262 = CARTESIAN_POINT ( 'NONE',  ( 25.00000000000000000, 32.00000000000000000, -171.6180954499999984 ) ) ;
#263 = ORIENTED_EDGE ( 'NONE', *, *, #6742, .F. ) ;
#264 = CARTESIAN_POINT ( 'NONE',  ( -40.78813562373094470, 98.00000000000000000, -123.2000000000000028 ) ) ;
#265 = EDGE_CURVE ( 'NONE', #8061, #709, #2186, .T. ) ;
#266 = DIRECTION ( 'NONE',  ( 0.000000000000000000, -0.1216969374237651114, -0.9925673052351039471 ) ) ;
#267 = EDGE_CURVE ( 'NONE', #5274, #2948, #4882, .T. ) ;
#268 = FACE_OUTER_BOUND ( 'NONE', #7750, .T. ) ;
#269 = EDGE_CURVE ( 'NONE', #5768, #4144, #2795, .T. ) ;
#270 = CARTESIAN_POINT ( 'NONE',  ( 86.00000000000000000, -32.00000000000000000, -171.6180954499999984 ) ) ;
#271 = EDGE_CURVE ( 'NONE', #6406, #3193, #6061, .T. ) ;
#272 = CARTESIAN_POINT ( 'NONE',  ( 44.55499999999999972, -44.40299999999999869, -177.6180954499999984 ) ) ;
#273 = ORIENTED_EDGE ( 'NONE', *, *, #8073, .F. ) ;
#274 = ORIENTED_EDGE ( 'NONE', *, *, #543, .T. ) ;
#275 = PLANE ( 'NONE',  #2649 ) ;
#276 = ORIENTED_EDGE ( 'NONE', *, *, #2566, .T. ) ;
#277 = VERTEX_POINT ( 'NONE', #5488 ) ;
#278 = EDGE_CURVE ( 'NONE', #3193, #2803, #6796, .T. ) ;
#279 = DIRECTION ( 'NONE',  ( 0.7071067811865480168, 0.000000000000000000, -0.7071067811865470176 ) ) ;
#280 = EDGE_CURVE ( 'NONE', #7456, #2803, #4754, .T. ) ;
#281 = ORIENTED_EDGE ( 'NONE', *, *, #2216, .F. ) ;
#282 = LINE ( 'NONE', #2929, #1709 ) ;
#283 = ORIENTED_EDGE ( 'NONE', *, *, #2483, .F. ) ;
#284 = ORIENTED_EDGE ( 'NONE', *, *, #442, .T. ) ;
#285 = ORIENTED_EDGE ( 'NONE', *, *, #7393, .F. ) ;
#286 = LINE ( 'NONE', #6145, #5218 ) ;
#287 = ORIENTED_EDGE ( 'NONE', *, *, #7483, .F. ) ;
#288 = DIRECTION ( 'NONE',  ( 0.7071067811865482389, 0.7071067811865469066, -0.000000000000000000 ) ) ;
#289 = VECTOR ( 'NONE', #8288, 1000.000000000000000 ) ;
#290 = DIRECTION ( 'NONE',  ( -0.000000000000000000, -0.000000000000000000, -1.000000000000000000 ) ) ;
#291 = ORIENTED_EDGE ( 'NONE', *, *, #1526, .T. ) ;
#292 = CARTESIAN_POINT ( 'NONE',  ( -47.50140412403019496, 82.00000000000000000, -125.1017785571049217 ) ) ;
#293 = DIRECTION ( 'NONE',  ( -0.000000000000000000, -0.000000000000000000, 1.000000000000000000 ) ) ;
#294 = PLANE ( 'NONE',  #2793 ) ;
#295 = LINE ( 'NONE', #7637, #1595 ) ;
#296 = ORIENTED_EDGE ( 'NONE', *, *, #2558, .T. ) ;
#297 = DIRECTION ( 'NONE',  ( 0.000000000000000000, -0.000000000000000000, -1.000000000000000000 ) ) ;
#298 = CARTESIAN_POINT ( 'NONE',  ( -57.84499999999999886, 44.40299999999999869, -183.6180954499999984 ) ) ;
#299 = CARTESIAN_POINT ( 'NONE',  ( 20.50000000000000000, 121.2000000000000028, -165.5180954499999757 ) ) ;
#300 = AXIS2_PLACEMENT_3D ( 'NONE', #1462, #3597, #7557 ) ;
#301 = VECTOR ( 'NONE', #7089, 1000.000000000000000 ) ;
#302 = CARTESIAN_POINT ( 'NONE',  ( 86.00000000000000000, -20.00000000000000000, -171.6180954499999984 ) ) ;
#303 = LINE ( 'NONE', #2868, #8362 ) ;
#304 = VECTOR ( 'NONE', #4001, 1000.000000000000000 ) ;
#305 = ORIENTED_EDGE ( 'NONE', *, *, #1266, .F. ) ;
#306 = CARTESIAN_POINT ( 'NONE',  ( -57.00000000000000000, -98.00000000000000000, -102.7459999999999951 ) ) ;
#307 = FACE_OUTER_BOUND ( 'NONE', #4922, .T. ) ;
#308 = DIRECTION ( 'NONE',  ( 0.000000000000000000, 0.000000000000000000, -1.000000000000000000 ) ) ;
#309 = AXIS2_PLACEMENT_3D ( 'NONE', #718, #7896, #6623 ) ;
#310 = CARTESIAN_POINT ( 'NONE',  ( -110.0000000000000000, -24.00000000000000000, 122.2119089999999773 ) ) ;
#311 = EDGE_CURVE ( 'NONE', #1412, #2236, #1530, .T. ) ;
#312 = EDGE_CURVE ( 'NONE', #6716, #8356, #2709, .T. ) ;
#313 = CARTESIAN_POINT ( 'NONE',  ( -50.00000000000000000, 32.00000000000000000, -191.6180954499999984 ) ) ;
#314 = EDGE_LOOP ( 'NONE', ( #2305, #5921, #38, #3709 ) ) ;
#315 = ORIENTED_EDGE ( 'NONE', *, *, #431, .F. ) ;
#316 = CARTESIAN_POINT ( 'NONE',  ( 37.00000000000000000, -26.00000000000000000, -23.00000000000000000 ) ) ;
#317 = EDGE_LOOP ( 'NONE', ( #410, #1586, #4433, #5374 ) ) ;
#318 = VECTOR ( 'NONE', #6677, 1000.000000000000000 ) ;
#319 = EDGE_CURVE ( 'NONE', #3013, #2843, #7409, .T. ) ;
#320 = ADVANCED_FACE ( 'NONE', ( #4403 ), #5058, .T. ) ;
#321 = CARTESIAN_POINT ( 'NONE',  ( -102.2500000000000142, -16.00000000000000000, 122.3119090000000142 ) ) ;
#322 = ORIENTED_EDGE ( 'NONE', *, *, #6632, .F. ) ;
#323 = AXIS2_PLACEMENT_3D ( 'NONE', #5797, #1878, #7924 ) ;
#324 = PRODUCT_RELATED_PRODUCT_CATEGORY ( 'detail', '', ( #6888 ) ) ;
#325 = DIRECTION ( 'NONE',  ( 0.000000000000000000, -1.000000000000000000, 0.000000000000000000 ) ) ;
#326 = VERTEX_POINT ( 'NONE', #4360 ) ;
#327 = EDGE_LOOP ( 'NONE', ( #3231, #5349, #6242, #5953, #1767, #2086, #7898, #4580 ) ) ;
#328 = EDGE_LOOP ( 'NONE', ( #3624, #8028, #6451, #1805 ) ) ;
#329 = CARTESIAN_POINT ( 'NONE',  ( -68.00000000000000000, 5.000000000000000000, -92.20148000000000366 ) ) ;
#330 = ORIENTED_EDGE ( 'NONE', *, *, #1444, .T. ) ;
#331 = ADVANCED_FACE ( 'NONE', ( #3012 ), #8363, .F. ) ;
#332 = ADVANCED_FACE ( 'NONE', ( #3664 ), #7054, .F. ) ;
#333 = DIRECTION ( 'NONE',  ( 0.000000000000000000, -0.000000000000000000, 1.000000000000000000 ) ) ;
#334 = VECTOR ( 'NONE', #7452, 1000.000000000000000 ) ;
#335 = VECTOR ( 'NONE', #8180, 1000.000000000000114 ) ;
#336 = CARTESIAN_POINT ( 'NONE',  ( -33.64500000000000313, 98.10000000000000853, -121.2009999999999934 ) ) ;
#337 = DIRECTION ( 'NONE',  ( 0.3234575393756696227, -0.000000000000000000, 0.9462426856895841398 ) ) ;
#338 = CARTESIAN_POINT ( 'NONE',  ( -102.0000000000000142, -60.00000000000000000, -183.6180954499999984 ) ) ;
#339 = DIRECTION ( 'NONE',  ( -1.000000000000000000, 0.000000000000000000, 0.000000000000000000 ) ) ;
#340 = VECTOR ( 'NONE', #4556, 1000.000000000000000 ) ;
#341 = DIRECTION ( 'NONE',  ( 1.000000000000000000, 0.000000000000000000, 0.000000000000000000 ) ) ;
#342 = LINE ( 'NONE', #7558, #2429 ) ;
#343 = ORIENTED_EDGE ( 'NONE', *, *, #1547, .F. ) ;
#344 = LINE ( 'NONE', #2990, #1199 ) ;
#345 = CARTESIAN_POINT ( 'NONE',  ( -33.00000000000000000, -118.2000000000000028, -165.5180954499999757 ) ) ;
#346 = CARTESIAN_POINT ( 'NONE',  ( -57.00000000000000000, -74.00000000000001421, -102.7459999999999951 ) ) ;
#347 = DIRECTION ( 'NONE',  ( -0.000000000000000000, -0.000000000000000000, -1.000000000000000000 ) ) ;
#348 = ORIENTED_EDGE ( 'NONE', *, *, #8448, .T. ) ;
#349 = CARTESIAN_POINT ( 'NONE',  ( -61.84499999999999886, 48.40299999999999869, -183.6180954499999984 ) ) ;
#350 = CARTESIAN_POINT ( 'NONE',  ( -52.00000000000000000, -74.00000000000001421, -102.7459999999999951 ) ) ;
#351 = DIRECTION ( 'NONE',  ( -0.9989366098486854861, 0.000000000000000000, -0.04610476660840090446 ) ) ;
#352 = CARTESIAN_POINT ( 'NONE',  ( -105.0000000000000000, 7.000000000000000000, 124.2119090000000057 ) ) ;
#353 = CARTESIAN_POINT ( 'NONE',  ( -13.00000000000000000, -74.00000000000001421, -108.0000000000000000 ) ) ;
#354 = AXIS2_PLACEMENT_3D ( 'NONE', #28, #5977, #118 ) ;
#355 = LINE ( 'NONE', #310, #6958 ) ;
#356 = LINE ( 'NONE', #876, #1569 ) ;
#357 = EDGE_LOOP ( 'NONE', ( #6097, #2117, #4395, #7005 ) ) ;
#358 = ORIENTED_EDGE ( 'NONE', *, *, #1661, .F. ) ;
#359 = DIRECTION ( 'NONE',  ( -0.3393442484258341607, 0.000000000000000000, 0.9406622566364112314 ) ) ;
#360 = ORIENTED_EDGE ( 'NONE', *, *, #5464, .T. ) ;
#361 = AXIS2_PLACEMENT_3D ( 'NONE', #780, #947, #3473 ) ;
#362 = EDGE_CURVE ( 'NONE', #2521, #3594, #7010, .T. ) ;
#363 = DIRECTION ( 'NONE',  ( -0.000000000000000000, -1.000000000000000000, -0.000000000000000000 ) ) ;
#364 = EDGE_LOOP ( 'NONE', ( #7861, #2527 ) ) ;
#365 = AXIS2_PLACEMENT_3D ( 'NONE', #4804, #7548, #3419 ) ;
#366 = EDGE_CURVE ( 'NONE', #1489, #1967, #3380, .T. ) ;
#367 = EDGE_CURVE ( 'NONE', #408, #1890, #4228, .T. ) ;
#368 = LINE ( 'NONE', #3014, #5878 ) ;
#369 = ORIENTED_EDGE ( 'NONE', *, *, #2925, .T. ) ;
#370 = ORIENTED_EDGE ( 'NONE', *, *, #2125, .F. ) ;
#371 = EDGE_LOOP ( 'NONE', ( #7521, #6402, #4296, #3364, #5316, #5450, #7928, #1112, #1880, #8357, #8245, #3746, #7531, #2262, #4769, #8452, #4892, #4648 ) ) ;
#372 = CARTESIAN_POINT ( 'NONE',  ( -49.00000000000000000, -25.00000000000000000, -92.20148000000000366 ) ) ;
#373 = ORIENTED_EDGE ( 'NONE', *, *, #319, .T. ) ;
#374 = CARTESIAN_POINT ( 'NONE',  ( -47.84474000000000160, -110.8024999999999949, -177.6180954499999984 ) ) ;
#375 = VECTOR ( 'NONE', #6518, 1000.000000000000000 ) ;
#376 = EDGE_CURVE ( 'NONE', #4968, #3415, #1705, .T. ) ;
#377 = ADVANCED_FACE ( 'NONE', ( #2311 ), #4967, .T. ) ;
#378 = LINE ( 'NONE', #2981, #7473 ) ;
#379 = DIRECTION ( 'NONE',  ( -1.000000000000000000, 0.000000000000000000, 0.000000000000000000 ) ) ;
#380 = EDGE_CURVE ( 'NONE', #8598, #722, #929, .T. ) ;
#381 = CARTESIAN_POINT ( 'NONE',  ( 44.55499999999999972, -124.8029999999999973, -165.6180954499999700 ) ) ;
#382 = EDGE_CURVE ( 'NONE', #4686, #326, #971, .T. ) ;
#383 = DIRECTION ( 'NONE',  ( 0.000000000000000000, -1.000000000000000000, 0.000000000000000000 ) ) ;
#384 = AXIS2_PLACEMENT_3D ( 'NONE', #864, #5468, #5552 ) ;
#385 = LINE ( 'NONE', #6459, #715 ) ;
#386 = CARTESIAN_POINT ( 'NONE',  ( -26.50186437626909708, 98.00000000000000000, -128.2000000000000171 ) ) ;
#387 = VERTEX_POINT ( 'NONE', #5576 ) ;
#388 = CARTESIAN_POINT ( 'NONE',  ( -59.00000000000000000, -74.00000000000001421, -108.5967999999999734 ) ) ;
#389 = DIRECTION ( 'NONE',  ( 1.000000000000000000, 0.000000000000000000, 0.000000000000000000 ) ) ;
#390 = DIRECTION ( 'NONE',  ( -0.000000000000000000, -1.000000000000000000, -0.000000000000000000 ) ) ;
#391 = VECTOR ( 'NONE', #3481, 1000.000000000000000 ) ;
#392 = LINE ( 'NONE', #8339, #3787 ) ;
#393 = ADVANCED_FACE ( 'NONE', ( #1662 ), #8231, .F. ) ;
#394 = ADVANCED_FACE ( 'NONE', ( #1616 ), #6967, .T. ) ;
#395 = LINE ( 'NONE', #7645, #8085 ) ;
#396 = ORIENTED_EDGE ( 'NONE', *, *, #6526, .F. ) ;
#397 = CARTESIAN_POINT ( 'NONE',  ( -33.00000000000000000, -118.2000000000000028, -191.6180954499999984 ) ) ;
#398 = CARTESIAN_POINT ( 'NONE',  ( -13.00000000000000000, 82.00000000000000000, -108.0000000000000000 ) ) ;
#399 = VECTOR ( 'NONE', #7210, 1000.000000000000000 ) ;
#400 = FACE_OUTER_BOUND ( 'NONE', #7366, .T. ) ;
#401 = FACE_BOUND ( 'NONE', #2836, .T. ) ;
#402 = DIRECTION ( 'NONE',  ( -0.000000000000000000, -0.000000000000000000, -1.000000000000000000 ) ) ;
#403 = APPROVAL_STATUS ( 'not_yet_approved' ) ;
#404 = VECTOR ( 'NONE', #7152, 1000.000000000000000 ) ;
#405 = CARTESIAN_POINT ( 'NONE',  ( 19.50000000000000000, 49.20000000000000284, -191.6180954499999984 ) ) ;
#406 = CARTESIAN_POINT ( 'NONE',  ( -33.64500000000000313, -73.89999999999999147, -121.2009999999999934 ) ) ;
#407 = ORIENTED_EDGE ( 'NONE', *, *, #8459, .T. ) ;
#408 = VERTEX_POINT ( 'NONE', #2353 ) ;
#409 = CARTESIAN_POINT ( 'NONE',  ( -43.57699029636306420, -74.00000000000001421, -128.2000000000000171 ) ) ;
#410 = ORIENTED_EDGE ( 'NONE', *, *, #4667, .T. ) ;
#411 = CARTESIAN_POINT ( 'NONE',  ( -88.00000000000000000, 24.00000000000000000, -99.20148000000000366 ) ) ;
#412 = VERTEX_POINT ( 'NONE', #3618 ) ;
#413 = CARTESIAN_POINT ( 'NONE',  ( -102.0000000000000142, -24.00000000000000000, -99.20148000000000366 ) ) ;
#414 = ORIENTED_EDGE ( 'NONE', *, *, #3143, .F. ) ;
#415 = ORIENTED_EDGE ( 'NONE', *, *, #3892, .F. ) ;
#416 = VERTEX_POINT ( 'NONE', #6272 ) ;
#417 = ORIENTED_EDGE ( 'NONE', *, *, #3081, .T. ) ;
#418 = DIRECTION ( 'NONE',  ( -0.000000000000000000, -0.000000000000000000, -1.000000000000000000 ) ) ;
#419 = FACE_OUTER_BOUND ( 'NONE', #7391, .T. ) ;
#420 = DIRECTION ( 'NONE',  ( -1.000000000000000000, 0.000000000000000000, 0.000000000000000000 ) ) ;
#421 = DIRECTION ( 'NONE',  ( 1.000000000000000000, 0.000000000000000000, 0.000000000000000000 ) ) ;
#422 = LINE ( 'NONE', #3596, #4207 ) ;
#423 = ORIENTED_EDGE ( 'NONE', *, *, #5473, .T. ) ;
#424 = EDGE_CURVE ( 'NONE', #6843, #1481, #5616, .T. ) ;
#425 = LINE ( 'NONE', #3162, #581 ) ;
#426 = EDGE_CURVE ( 'NONE', #2677, #63, #5425, .T. ) ;
#427 = CARTESIAN_POINT ( 'NONE',  ( -30.03739828220182773, 82.00000000000000000, -124.6644660940672651 ) ) ;
#428 = ORIENTED_EDGE ( 'NONE', *, *, #3080, .F. ) ;
#429 = DIRECTION ( 'NONE',  ( -0.7071067811865474617, -0.7071067811865474617, 0.000000000000000000 ) ) ;
#430 = DIRECTION ( 'NONE',  ( -0.7071067811865470176, 0.000000000000000000, -0.7071067811865481278 ) ) ;
#431 = EDGE_CURVE ( 'NONE', #7225, #2275, #6358, .T. ) ;
#432 = CARTESIAN_POINT ( 'NONE',  ( -102.0000000000000142, 24.00000000000000000, 110.0000000000000000 ) ) ;
#433 = CARTESIAN_POINT ( 'NONE',  ( 19.50000000000000000, 0.000000000000000000, -191.6180954499999984 ) ) ;
#434 = CARTESIAN_POINT ( 'NONE',  ( -33.00000000000000000, 120.2000000000000028, -191.6180954499999984 ) ) ;
#435 = LINE ( 'NONE', #4474, #3659 ) ;
#436 = FACE_OUTER_BOUND ( 'NONE', #2062, .T. ) ;
#437 = ORIENTED_EDGE ( 'NONE', *, *, #5680, .T. ) ;
#438 = CARTESIAN_POINT ( 'NONE',  ( -57.00000000000000000, -74.00000000000001421, -102.7459999999999951 ) ) ;
#439 = AXIS2_PLACEMENT_3D ( 'NONE', #3352, #4829, #54 ) ;
#440 = EDGE_CURVE ( 'NONE', #6147, #5324, #4534, .T. ) ;
#441 = CARTESIAN_POINT ( 'NONE',  ( -110.0000000000000000, 24.00000000000000000, 122.2119089999999773 ) ) ;
#442 = EDGE_CURVE ( 'NONE', #669, #1794, #500, .T. ) ;
#443 = DIRECTION ( 'NONE',  ( -0.9989366098486854861, 0.000000000000000000, -0.04610476660840090446 ) ) ;
#444 = COORDINATED_UNIVERSAL_TIME_OFFSET ( 8, 0, .AHEAD. ) ;
#445 = LINE ( 'NONE', #6306, #3489 ) ;
#446 = AXIS2_PLACEMENT_3D ( 'NONE', #5339, #206, #2944 ) ;
#447 = AXIS2_PLACEMENT_3D ( 'NONE', #1612, #4352, #4921 ) ;
#448 = FACE_OUTER_BOUND ( 'NONE', #7306, .T. ) ;
#449 = ORIENTED_EDGE ( 'NONE', *, *, #5166, .F. ) ;
#450 = ORIENTED_EDGE ( 'NONE', *, *, #2698, .T. ) ;
#451 = FACE_OUTER_BOUND ( 'NONE', #5117, .T. ) ;
#452 = ORIENTED_EDGE ( 'NONE', *, *, #1219, .T. ) ;
#453 = VECTOR ( 'NONE', #4625, 1000.000000000000000 ) ;
#454 = VECTOR ( 'NONE', #6558, 1000.000000000000000 ) ;
#455 = DIRECTION ( 'NONE',  ( 1.000000000000000000, 0.000000000000000000, -0.000000000000000000 ) ) ;
#456 = ORIENTED_EDGE ( 'NONE', *, *, #4933, .F. ) ;
#457 = CARTESIAN_POINT ( 'NONE',  ( -90.00000000000000000, -74.00000000000001421, -149.0000000000000000 ) ) ;
#458 = ORIENTED_EDGE ( 'NONE', *, *, #915, .F. ) ;
#459 = ORIENTED_EDGE ( 'NONE', *, *, #102, .F. ) ;
#460 = VECTOR ( 'NONE', #689, 1000.000000000000114 ) ;
#461 = ORIENTED_EDGE ( 'NONE', *, *, #855, .F. ) ;
#462 = EDGE_LOOP ( 'NONE', ( #3542, #3531, #3099, #1063 ) ) ;
#463 = LINE ( 'NONE', #3111, #4805 ) ;
#464 = FACE_OUTER_BOUND ( 'NONE', #7292, .T. ) ;
#465 = VECTOR ( 'NONE', #8036, 1000.000000000000000 ) ;
#466 = VERTEX_POINT ( 'NONE', #1960 ) ;
#467 = DIRECTION ( 'NONE',  ( 0.7071067811865474617, 0.7071067811865474617, 0.000000000000000000 ) ) ;
#468 = PLANE ( 'NONE',  #8514 ) ;
#469 = ORIENTED_EDGE ( 'NONE', *, *, #7642, .F. ) ;
#470 = DIRECTION ( 'NONE',  ( 0.7071067811865474617, -0.000000000000000000, 0.7071067811865474617 ) ) ;
#471 = AXIS2_PLACEMENT_3D ( 'NONE', #7709, #1747, #455 ) ;
#472 = CARTESIAN_POINT ( 'NONE',  ( -57.00000000000000000, 18.00000000000000000, -90.20148000000000366 ) ) ;
#473 = AXIS2_PLACEMENT_3D ( 'NONE', #4448, #3191, #8581 ) ;
#474 = VERTEX_POINT ( 'NONE', #3145 ) ;
#475 = DIRECTION ( 'NONE',  ( 0.000000000000000000, 1.000000000000000000, -0.000000000000000000 ) ) ;
#476 = CARTESIAN_POINT ( 'NONE',  ( -40.78813562373094470, 98.00000000000000000, -123.2000000000000028 ) ) ;
#477 = DIRECTION ( 'NONE',  ( -1.000000000000000000, 0.000000000000000000, 0.000000000000000000 ) ) ;
#478 = EDGE_CURVE ( 'NONE', #6812, #1401, #5183, .T. ) ;
#479 = DIRECTION ( 'NONE',  ( -1.000000000000000000, 0.000000000000000000, 0.000000000000000000 ) ) ;
#480 = VECTOR ( 'NONE', #6251, 1000.000000000000114 ) ;
#481 = CARTESIAN_POINT ( 'NONE',  ( -33.00000000000000000, -49.20000000000000284, -191.6180954499999984 ) ) ;
#482 = EDGE_CURVE ( 'NONE', #8312, #2533, #4574, .T. ) ;
#483 = CARTESIAN_POINT ( 'NONE',  ( 0.000000000000000000, 0.000000000000000000, -92.20148000000000366 ) ) ;
#484 = EDGE_CURVE ( 'NONE', #1425, #3141, #4446, .T. ) ;
#485 = CARTESIAN_POINT ( 'NONE',  ( -74.09999999999999432, 15.00000000000000000, -86.20148000000000366 ) ) ;
#486 = EDGE_LOOP ( 'NONE', ( #348, #5062, #913, #1785 ) ) ;
#487 = CARTESIAN_POINT ( 'NONE',  ( -105.0000000000000000, -130.0000000000000000, -183.6180954499999984 ) ) ;
#488 = CARTESIAN_POINT ( 'NONE',  ( -26.50186437626909708, 90.00000000000000000, -123.2000000000000028 ) ) ;
#489 = DIRECTION ( 'NONE',  ( 0.000000000000000000, 0.000000000000000000, -1.000000000000000000 ) ) ;
#490 = PERSON_AND_ORGANIZATION ( #8482, #7622 ) ;
#491 = CARTESIAN_POINT ( 'NONE',  ( -13.00000000000000000, -98.00000000000000000, -108.0000000000000000 ) ) ;
#492 = EDGE_CURVE ( 'NONE', #196, #923, #7271, .T. ) ;
#493 = CARTESIAN_POINT ( 'NONE',  ( -33.64500000000001023, 98.00000000000000000, -128.2720678118654405 ) ) ;
#494 = EDGE_CURVE ( 'NONE', #3869, #3761, #7885, .T. ) ;
#495 = EDGE_LOOP ( 'NONE', ( #836, #779, #263, #7576 ) ) ;
#496 = ORIENTED_EDGE ( 'NONE', *, *, #7287, .T. ) ;
#497 = DIRECTION ( 'NONE',  ( 0.3234575393756696227, -0.000000000000000000, 0.9462426856895841398 ) ) ;
#498 = ORIENTED_EDGE ( 'NONE', *, *, #1266, .T. ) ;
#499 = VECTOR ( 'NONE', #5950, 1000.000000000000000 ) ;
#500 = LINE ( 'NONE', #8537, #8486 ) ;
#501 = EDGE_LOOP ( 'NONE', ( #8172, #4970, #6364, #2522 ) ) ;
#502 = CARTESIAN_POINT ( 'NONE',  ( 34.55525999999999698, 58.40250000000000341, -165.6180954499999700 ) ) ;
#503 = EDGE_CURVE ( 'NONE', #599, #1740, #2574, .T. ) ;
#504 = ORIENTED_EDGE ( 'NONE', *, *, #3716, .T. ) ;
#505 = ORIENTED_EDGE ( 'NONE', *, *, #6851, .T. ) ;
#506 = VECTOR ( 'NONE', #8379, 1000.000000000000114 ) ;
#507 = ORIENTED_EDGE ( 'NONE', *, *, #2294, .F. ) ;
#508 = ORIENTED_EDGE ( 'NONE', *, *, #4358, .T. ) ;
#509 = FACE_OUTER_BOUND ( 'NONE', #3253, .T. ) ;
#510 = CARTESIAN_POINT ( 'NONE',  ( 37.00000000000000000, 26.00000000000000000, -10.00000000000000000 ) ) ;
#511 = VECTOR ( 'NONE', #906, 1000.000000000000000 ) ;
#512 = DIRECTION ( 'NONE',  ( 1.000000000000000000, 0.000000000000000000, 0.000000000000000000 ) ) ;
#513 = CARTESIAN_POINT ( 'NONE',  ( -51.00000000000000000, 20.19999999999999929, -86.20148000000000366 ) ) ;
#514 = DIRECTION ( 'NONE',  ( 0.000000000000000000, -0.000000000000000000, 1.000000000000000000 ) ) ;
#515 = EDGE_LOOP ( 'NONE', ( #6267, #4793, #2714, #3558 ) ) ;
#516 = DIRECTION ( 'NONE',  ( 0.000000000000000000, 0.000000000000000000, -1.000000000000000000 ) ) ;
#517 = CARTESIAN_POINT ( 'NONE',  ( -57.84499999999999886, -44.40299999999999869, -183.6180954499999984 ) ) ;
#518 = VECTOR ( 'NONE', #4649, 1000.000000000000000 ) ;
#519 = LINE ( 'NONE', #1037, #2438 ) ;
#520 = CARTESIAN_POINT ( 'NONE',  ( -13.00000000000000000, 98.00000000000000000, -123.2000000000000028 ) ) ;
#521 = CARTESIAN_POINT ( 'NONE',  ( -94.00000000000000000, -24.00000000000000000, -183.6180954499999984 ) ) ;
#522 = CARTESIAN_POINT ( 'NONE',  ( -51.00000000000000000, -20.19999999999999929, -86.20148000000000366 ) ) ;
#523 = AXIS2_PLACEMENT_3D ( 'NONE', #960, #3480, #2958 ) ;
#524 = CARTESIAN_POINT ( 'NONE',  ( -50.35000000000000142, 50.35000000000000142, -191.6180954499999984 ) ) ;
#525 = DIRECTION ( 'NONE',  ( -0.000000000000000000, -0.000000000000000000, -1.000000000000000000 ) ) ;
#526 = LINE ( 'NONE', #7867, #1968 ) ;
#527 = VERTEX_POINT ( 'NONE', #7144 ) ;
#528 = FACE_BOUND ( 'NONE', #3188, .T. ) ;
#529 = VECTOR ( 'NONE', #1045, 1000.000000000000000 ) ;
#530 = LINE ( 'NONE', #572, #7873 ) ;
#531 = DIRECTION ( 'NONE',  ( -0.04610476660840090446, 0.000000000000000000, 0.9989366098486854861 ) ) ;
#532 = DIRECTION ( 'NONE',  ( 0.000000000000000000, 1.000000000000000000, -0.000000000000000000 ) ) ;
#533 = VECTOR ( 'NONE', #3827, 1000.000000000000000 ) ;
#534 = DIRECTION ( 'NONE',  ( 0.000000000000000000, 0.000000000000000000, 1.000000000000000000 ) ) ;
#535 = ORIENTED_EDGE ( 'NONE', *, *, #1923, .F. ) ;
#536 = ORIENTED_EDGE ( 'NONE', *, *, #2865, .T. ) ;
#537 = DIRECTION ( 'NONE',  ( 0.000000000000000000, 1.000000000000000000, -0.000000000000000000 ) ) ;
#538 = ORIENTED_EDGE ( 'NONE', *, *, #3882, .F. ) ;
#539 = EDGE_CURVE ( 'NONE', #2236, #5104, #7842, .T. ) ;
#540 = EDGE_CURVE ( 'NONE', #7547, #5967, #2616, .T. ) ;
#541 = AXIS2_PLACEMENT_3D ( 'NONE', #1376, #3547, #897 ) ;
#542 = EDGE_CURVE ( 'NONE', #1800, #5284, #2656, .T. ) ;
#543 = EDGE_CURVE ( 'NONE', #5709, #7841, #3795, .T. ) ;
#544 = PLANE ( 'NONE',  #576 ) ;
#545 = ORIENTED_EDGE ( 'NONE', *, *, #1923, .T. ) ;
#546 = CARTESIAN_POINT ( 'NONE',  ( -50.35000000000000142, 50.35000000000000142, -165.6180954499999700 ) ) ;
#547 = EDGE_LOOP ( 'NONE', ( #5711, #2746, #7100, #3295 ) ) ;
#548 = VERTEX_POINT ( 'NONE', #7921 ) ;
#549 = AXIS2_PLACEMENT_3D ( 'NONE', #1759, #7066, #3112 ) ;
#550 = EDGE_LOOP ( 'NONE', ( #8457, #1369, #7011, #5390 ) ) ;
#551 = ORIENTED_EDGE ( 'NONE', *, *, #7133, .F. ) ;
#552 = DIRECTION ( 'NONE',  ( -0.9406622566364113425, 0.000000000000000000, -0.3393442484258342162 ) ) ;
#553 = EDGE_CURVE ( 'NONE', #2432, #6052, #1233, .T. ) ;
#554 = EDGE_CURVE ( 'NONE', #4450, #4996, #6445, .T. ) ;
#555 = CARTESIAN_POINT ( 'NONE',  ( -40.78813562373094470, 82.00000000000000000, -128.2000000000000171 ) ) ;
#556 = LINE ( 'NONE', #6542, #2942 ) ;
#557 = CARTESIAN_POINT ( 'NONE',  ( 9.099999999999999645, 9.099999999999999645, -165.6180954499999700 ) ) ;
#558 = PLANE ( 'NONE',  #6003 ) ;
#559 = VERTEX_POINT ( 'NONE', #3922 ) ;
#560 = VERTEX_POINT ( 'NONE', #6572 ) ;
#561 = LINE ( 'NONE', #7027, #7656 ) ;
#562 = FACE_OUTER_BOUND ( 'NONE', #877, .T. ) ;
#563 = CARTESIAN_POINT ( 'NONE',  ( -88.00000000000000000, -24.00000000000000000, 122.2119089999999773 ) ) ;
#564 = LINE ( 'NONE', #3861, #6487 ) ;
#565 = DIRECTION ( 'NONE',  ( -0.000000000000000000, 0.000000000000000000, 1.000000000000000000 ) ) ;
#566 = VERTEX_POINT ( 'NONE', #624 ) ;
#567 = LINE ( 'NONE', #2509, #7257 ) ;
#568 = LINE ( 'NONE', #1901, #340 ) ;
#569 = PLANE ( 'NONE',  #7942 ) ;
#570 = ORIENTED_EDGE ( 'NONE', *, *, #4902, .T. ) ;
#571 = FACE_OUTER_BOUND ( 'NONE', #6530, .T. ) ;
#572 = CARTESIAN_POINT ( 'NONE',  ( 43.77799999999999159, -74.00000000000001421, -43.77799999999999159 ) ) ;
#573 = LINE ( 'NONE', #6604, #6351 ) ;
#574 = FACE_OUTER_BOUND ( 'NONE', #7415, .T. ) ;
#575 = FACE_OUTER_BOUND ( 'NONE', #4799, .T. ) ;
#576 = AXIS2_PLACEMENT_3D ( 'NONE', #3312, #9, #3187 ) ;
#577 = ORIENTED_EDGE ( 'NONE', *, *, #742, .F. ) ;
#578 = CARTESIAN_POINT ( 'NONE',  ( -57.84499999999999886, 124.8029999999999973, -165.6180954499999700 ) ) ;
#579 = ORIENTED_EDGE ( 'NONE', *, *, #2271, .T. ) ;
#580 = CARTESIAN_POINT ( 'NONE',  ( -0.000000000000000000, 52.20000000000000284, -191.6180954499999984 ) ) ;
#581 = VECTOR ( 'NONE', #3069, 1000.000000000000114 ) ;
#582 = EDGE_CURVE ( 'NONE', #548, #198, #5964, .T. ) ;
#583 = ADVANCED_FACE ( 'NONE', ( #5138 ), #7190, .T. ) ;
#584 = DIRECTION ( 'NONE',  ( 0.000000000000000000, 0.000000000000000000, -1.000000000000000000 ) ) ;
#585 = ORIENTED_EDGE ( 'NONE', *, *, #3883, .T. ) ;
#586 = CARTESIAN_POINT ( 'NONE',  ( 86.00000000000000000, 32.00000000000000000, -183.6180954499999984 ) ) ;
#587 = ORIENTED_EDGE ( 'NONE', *, *, #1661, .T. ) ;
#588 = ORIENTED_EDGE ( 'NONE', *, *, #7428, .T. ) ;
#589 = ADVANCED_FACE ( 'NONE', ( #6612 ), #544, .T. ) ;
#590 = ORIENTED_EDGE ( 'NONE', *, *, #2224, .F. ) ;
#591 = ADVANCED_FACE ( 'NONE', ( #5834 ), #2526, .T. ) ;
#592 = ORIENTED_EDGE ( 'NONE', *, *, #4838, .F. ) ;
#593 = VECTOR ( 'NONE', #2570, 1000.000000000000000 ) ;
#594 = LINE ( 'NONE', #7849, #6641 ) ;
#595 = CARTESIAN_POINT ( 'NONE',  ( 48.00000000000000000, 32.00000000000000000, -105.0000000000000000 ) ) ;
#596 = AXIS2_PLACEMENT_3D ( 'NONE', #1284, #1974, #3244 ) ;
#597 = CARTESIAN_POINT ( 'NONE',  ( -46.00000000000000000, 52.20000000000000284, -165.6180954499999700 ) ) ;
#598 = FACE_OUTER_BOUND ( 'NONE', #3801, .T. ) ;
#599 = VERTEX_POINT ( 'NONE', #7440 ) ;
#600 = EDGE_LOOP ( 'NONE', ( #3689, #1246, #2393, #7489 ) ) ;
#601 = EDGE_CURVE ( 'NONE', #5271, #4151, #3528, .T. ) ;
#602 = EDGE_CURVE ( 'NONE', #4338, #2432, #6091, .T. ) ;
#603 = LINE ( 'NONE', #1937, #8546 ) ;
#604 = LINE ( 'NONE', #7161, #7865 ) ;
#605 = AXIS2_PLACEMENT_3D ( 'NONE', #766, #7454, #4063 ) ;
#606 = FACE_OUTER_BOUND ( 'NONE', #3010, .T. ) ;
#607 = ORIENTED_EDGE ( 'NONE', *, *, #2595, .F. ) ;
#608 = CARTESIAN_POINT ( 'NONE',  ( -28.57293218813455837, 74.00000000000000000, -123.2000000000000028 ) ) ;
#609 = AXIS2_PLACEMENT_3D ( 'NONE', #5708, #325, #6970 ) ;
#610 = DIRECTION ( 'NONE',  ( 0.000000000000000000, 0.1216969374237651114, 0.9925673052351039471 ) ) ;
#611 = FACE_BOUND ( 'NONE', #5472, .T. ) ;
#612 = FACE_BOUND ( 'NONE', #5896, .T. ) ;
#613 = ORIENTED_EDGE ( 'NONE', *, *, #7019, .T. ) ;
#614 = CARTESIAN_POINT ( 'NONE',  ( -47.00000000000000000, 118.2000000000000028, -165.6180954499999700 ) ) ;
#615 = LINE ( 'NONE', #7871, #4674 ) ;
#616 = CARTESIAN_POINT ( 'NONE',  ( -57.84499999999999886, -44.40299999999999869, -177.6180954499999984 ) ) ;
#617 = AXIS2_PLACEMENT_3D ( 'NONE', #5873, #8531, #2568 ) ;
#618 = DIRECTION ( 'NONE',  ( 0.000000000000000000, 1.000000000000000000, 0.000000000000000000 ) ) ;
#619 = DIRECTION ( 'NONE',  ( 0.000000000000000000, -0.000000000000000000, 1.000000000000000000 ) ) ;
#621 = AXIS2_PLACEMENT_3D ( 'NONE', #6725, #5333, #7946 ) ;
#620 = CARTESIAN_POINT ( 'NONE',  ( -34.00000000000000000, -48.20000000000000284, -191.6180954499999984 ) ) ;
#622 = ORIENTED_EDGE ( 'NONE', *, *, #5417, .F. ) ;
#623 = DIRECTION ( 'NONE',  ( 0.000000000000000000, 1.000000000000000000, -0.000000000000000000 ) ) ;
#624 = CARTESIAN_POINT ( 'NONE',  ( -33.00000000000000000, -120.2000000000000028, -191.6180954499999984 ) ) ;
#625 = EDGE_LOOP ( 'NONE', ( #7876, #8320, #7004, #5106, #4812, #7058, #3578, #167 ) ) ;
#626 = LINE ( 'NONE', #586, #7268 ) ;
#627 = ORIENTED_EDGE ( 'NONE', *, *, #6700, .F. ) ;
#628 = VERTEX_POINT ( 'NONE', #1397 ) ;
#629 = ORIENTED_EDGE ( 'NONE', *, *, #3024, .F. ) ;
#630 = VERTEX_POINT ( 'NONE', #706 ) ;
#631 = LINE ( 'NONE', #3279, #4837 ) ;
#632 = ADVANCED_FACE ( 'NONE', ( #8050 ), #4050, .F. ) ;
#633 = CARTESIAN_POINT ( 'NONE',  ( 25.00000000000000000, -20.00000000000000000, -171.6180954499999984 ) ) ;
#634 = ADVANCED_FACE ( 'NONE', ( #4652 ), #5478, .T. ) ;
#635 = VECTOR ( 'NONE', #4984, 1000.000000000000000 ) ;
#636 = DIRECTION ( 'NONE',  ( 0.000000000000000000, -1.000000000000000000, 0.000000000000000000 ) ) ;
#637 = CARTESIAN_POINT ( 'NONE',  ( -43.57699029636306420, 98.00000000000000000, -123.2000000000000028 ) ) ;
#638 = ORIENTED_EDGE ( 'NONE', *, *, #3833, .T. ) ;
#639 = ORIENTED_EDGE ( 'NONE', *, *, #6371, .T. ) ;
#640 = DIRECTION ( 'NONE',  ( 0.000000000000000000, -0.000000000000000000, 1.000000000000000000 ) ) ;
#641 = ADVANCED_FACE ( 'NONE', ( #6783 ), #5437, .F. ) ;
#642 = EDGE_CURVE ( 'NONE', #5230, #987, #182, .T. ) ;
#643 = DIRECTION ( 'NONE',  ( -0.000000000000000000, 1.000000000000000000, -0.000000000000000000 ) ) ;
#644 = VECTOR ( 'NONE', #5291, 1000.000000000000000 ) ;
#645 = FACE_OUTER_BOUND ( 'NONE', #6031, .T. ) ;
#646 = ADVANCED_FACE ( 'NONE', ( #8095 ), #2832, .F. ) ;
#647 = EDGE_LOOP ( 'NONE', ( #2382, #5060, #5359, #1148, #3318, #2181, #59, #4912 ) ) ;
#648 = EDGE_CURVE ( 'NONE', #3472, #8088, #2233, .T. ) ;
#649 = ORIENTED_EDGE ( 'NONE', *, *, #2271, .F. ) ;
#650 = DIRECTION ( 'NONE',  ( -0.000000000000000000, -0.000000000000000000, -1.000000000000000000 ) ) ;
#651 = VECTOR ( 'NONE', #7939, 1000.000000000000114 ) ;
#652 = LINE ( 'NONE', #5949, #2968 ) ;
#653 = CARTESIAN_POINT ( 'NONE',  ( 25.00000000000000000, 32.00000000000000000, -183.6180954499999984 ) ) ;
#654 = ORIENTED_EDGE ( 'NONE', *, *, #8394, .F. ) ;
#655 = CARTESIAN_POINT ( 'NONE',  ( 0.000000000000000000, 0.000000000000000000, -183.6180954499999984 ) ) ;
#656 = DIRECTION ( 'NONE',  ( -0.000000000000000000, 0.000000000000000000, 1.000000000000000000 ) ) ;
#657 = CARTESIAN_POINT ( 'NONE',  ( -110.0000000000000000, 125.0000000000000000, -183.6180954499999984 ) ) ;
#658 = VECTOR ( 'NONE', #1303, 1000.000000000000000 ) ;
#659 = ADVANCED_FACE ( 'NONE', ( #8136 ), #874, .T. ) ;
#660 = EDGE_CURVE ( 'NONE', #6635, #8540, #6743, .T. ) ;
#661 = DIRECTION ( 'NONE',  ( 0.000000000000000000, 0.000000000000000000, 1.000000000000000000 ) ) ;
#662 = CARTESIAN_POINT ( 'NONE',  ( 33.50000000000000000, 0.000000000000000000, -165.6180954499999700 ) ) ;
#663 = CARTESIAN_POINT ( 'NONE',  ( 33.50000000000000000, -120.2000000000000028, -165.6180954499999700 ) ) ;
#664 = VECTOR ( 'NONE', #2860, 1000.000000000000000 ) ;
#665 = ORIENTED_EDGE ( 'NONE', *, *, #6581, .T. ) ;
#666 = DIRECTION ( 'NONE',  ( 0.7071067811865475727, 0.000000000000000000, -0.7071067811865475727 ) ) ;
#667 = VECTOR ( 'NONE', #6868, 1000.000000000000114 ) ;
#668 = CARTESIAN_POINT ( 'NONE',  ( -47.00000000000000000, -118.2000000000000028, -165.5180954499999757 ) ) ;
#669 = VERTEX_POINT ( 'NONE', #6176 ) ;
#670 = DIRECTION ( 'NONE',  ( 1.000000000000000000, 0.000000000000000000, 0.000000000000000000 ) ) ;
#671 = VERTEX_POINT ( 'NONE', #5394 ) ;
#672 = EDGE_LOOP ( 'NONE', ( #837, #4569, #144, #2136 ) ) ;
#673 = ORIENTED_EDGE ( 'NONE', *, *, #7974, .T. ) ;
#674 = ORIENTED_EDGE ( 'NONE', *, *, #5200, .F. ) ;
#675 = VECTOR ( 'NONE', #1555, 1000.000000000000000 ) ;
#676 = FACE_OUTER_BOUND ( 'NONE', #2017, .T. ) ;
#677 = LINE ( 'NONE', #21, #6290 ) ;
#678 = CARTESIAN_POINT ( 'NONE',  ( -61.84499999999999886, -48.40299999999999869, -177.6180954499999984 ) ) ;
#679 = DIRECTION ( 'NONE',  ( -0.000000000000000000, -0.000000000000000000, -1.000000000000000000 ) ) ;
#680 = ORIENTED_EDGE ( 'NONE', *, *, #8138, .F. ) ;
#681 = VERTEX_POINT ( 'NONE', #6824 ) ;
#682 = FACE_OUTER_BOUND ( 'NONE', #7245, .T. ) ;
#683 = DIRECTION ( 'NONE',  ( -0.000000000000000000, -0.000000000000000000, -1.000000000000000000 ) ) ;
#684 = DIRECTION ( 'NONE',  ( 0.000000000000000000, 1.000000000000000000, -0.000000000000000000 ) ) ;
#685 = ORIENTED_EDGE ( 'NONE', *, *, #5647, .F. ) ;
#686 = ORIENTED_EDGE ( 'NONE', *, *, #3440, .F. ) ;
#687 = EDGE_CURVE ( 'NONE', #5443, #7747, #2085, .T. ) ;
#688 = EDGE_CURVE ( 'NONE', #3237, #566, #7397, .T. ) ;
#689 = DIRECTION ( 'NONE',  ( 0.7071067811865474617, 0.7071067811865474617, 0.000000000000000000 ) ) ;
#690 = DIRECTION ( 'NONE',  ( 0.000000000000000000, -1.000000000000000000, 0.000000000000000000 ) ) ;
#691 = FACE_OUTER_BOUND ( 'NONE', #5457, .T. ) ;
#692 = EDGE_CURVE ( 'NONE', #5789, #3856, #1518, .T. ) ;
#693 = ADVANCED_FACE ( 'NONE', ( #4135 ), #831, .T. ) ;
#694 = ORIENTED_EDGE ( 'NONE', *, *, #6164, .T. ) ;
#695 = DIRECTION ( 'NONE',  ( -1.000000000000000000, 0.000000000000000000, 0.000000000000000000 ) ) ;
#696 = CARTESIAN_POINT ( 'NONE',  ( 25.00000000000000000, -20.00000000000000000, -183.6180954499999984 ) ) ;
#697 = CARTESIAN_POINT ( 'NONE',  ( -99.75000000000000000, 16.00000000000000000, 109.2119090000000057 ) ) ;
#698 = LINE ( 'NONE', #4645, #3350 ) ;
#699 = LINE ( 'NONE', #4127, #6992 ) ;
#700 = LINE ( 'NONE', #45, #7664 ) ;
#701 = ORIENTED_EDGE ( 'NONE', *, *, #5893, .T. ) ;
#702 = EDGE_CURVE ( 'NONE', #1309, #196, #8211, .T. ) ;
#703 = EDGE_CURVE ( 'NONE', #5626, #3897, #8264, .T. ) ;
#704 = CARTESIAN_POINT ( 'NONE',  ( 45.00000000000000000, -130.0000000000000000, -183.6180954499999984 ) ) ;
#705 = CARTESIAN_POINT ( 'NONE',  ( -43.57699029636306420, 98.00000000000000000, -123.2000000000000028 ) ) ;
#706 = CARTESIAN_POINT ( 'NONE',  ( -34.00000000000000000, 121.2000000000000028, -191.6180954499999984 ) ) ;
#707 = ORIENTED_EDGE ( 'NONE', *, *, #642, .F. ) ;
#708 = DIRECTION ( 'NONE',  ( 0.000000000000000000, -1.000000000000000000, 0.000000000000000000 ) ) ;
#709 = VERTEX_POINT ( 'NONE', #8222 ) ;
#710 = ORIENTED_EDGE ( 'NONE', *, *, #7064, .T. ) ;
#711 = LINE ( 'NONE', #4178, #4181 ) ;
#712 = ORIENTED_EDGE ( 'NONE', *, *, #1028, .F. ) ;
#713 = ORIENTED_EDGE ( 'NONE', *, *, #7428, .F. ) ;
#714 = ORIENTED_EDGE ( 'NONE', *, *, #8081, .T. ) ;
#715 = VECTOR ( 'NONE', #1076, 1000.000000000000000 ) ;
#716 = CARTESIAN_POINT ( 'NONE',  ( 33.50000000000000000, 120.2000000000000028, -191.6180954499999984 ) ) ;
#717 = CARTESIAN_POINT ( 'NONE',  ( -34.00000000000000000, 52.20000000000000284, -165.5180954499999757 ) ) ;
#718 = CARTESIAN_POINT ( 'NONE',  ( -58.00000000000000000, -73.89999999999999147, -96.84600000000000364 ) ) ;
#719 = VECTOR ( 'NONE', #7591, 1000.000000000000000 ) ;
#720 = FACE_OUTER_BOUND ( 'NONE', #3877, .T. ) ;
#721 = EDGE_LOOP ( 'NONE', ( #4745, #8564, #7404, #2025 ) ) ;
#722 = VERTEX_POINT ( 'NONE', #4868 ) ;
#723 = VECTOR ( 'NONE', #3426, 1000.000000000000000 ) ;
#724 = CARTESIAN_POINT ( 'NONE',  ( 32.50000000000000000, 52.20000000000000284, -165.6180954499999700 ) ) ;
#725 = VERTEX_POINT ( 'NONE', #5609 ) ;
#726 = CARTESIAN_POINT ( 'NONE',  ( 90.00000000000000000, 37.00000000000000000, -183.6180954499999984 ) ) ;
#727 = DIRECTION ( 'NONE',  ( 0.000000000000000000, -1.000000000000000000, 0.000000000000000000 ) ) ;
#728 = VECTOR ( 'NONE', #2584, 1000.000000000000227 ) ;
#729 = VECTOR ( 'NONE', #4382, 1000.000000000000114 ) ;
#730 = ORIENTED_EDGE ( 'NONE', *, *, #7611, .F. ) ;
#731 = EDGE_LOOP ( 'NONE', ( #5640, #3233, #7191, #8466 ) ) ;
#732 = DIRECTION ( 'NONE',  ( 0.000000000000000000, 0.000000000000000000, -1.000000000000000000 ) ) ;
#733 = CARTESIAN_POINT ( 'NONE',  ( -52.00000000000000000, -74.00000000000001421, -102.7459999999999951 ) ) ;
#734 = CARTESIAN_POINT ( 'NONE',  ( -42.35000000000000142, -42.35000000000000142, -191.6180954499999984 ) ) ;
#735 = VECTOR ( 'NONE', #7294, 1000.000000000000000 ) ;
#736 = ORIENTED_EDGE ( 'NONE', *, *, #908, .F. ) ;
#737 = LINE ( 'NONE', #2639, #919 ) ;
#738 = EDGE_CURVE ( 'NONE', #7886, #8312, #7655, .T. ) ;
#739 = LINE ( 'NONE', #3386, #91 ) ;
#740 = DIRECTION ( 'NONE',  ( -0.000000000000000000, -0.000000000000000000, -1.000000000000000000 ) ) ;
#741 = AXIS2_PLACEMENT_3D ( 'NONE', #1962, #1834, #4537 ) ;
#742 = EDGE_CURVE ( 'NONE', #4612, #5232, #4348, .T. ) ;
#743 = EDGE_CURVE ( 'NONE', #387, #5331, #4221, .T. ) ;
#744 = PLANE ( 'NONE',  #5055 ) ;
#745 = DIRECTION ( 'NONE',  ( -0.000000000000000000, -1.000000000000000000, -0.000000000000000000 ) ) ;
#746 = ORIENTED_EDGE ( 'NONE', *, *, #8178, .F. ) ;
#747 = AXIS2_PLACEMENT_3D ( 'NONE', #7518, #1512, #7606 ) ;
#748 = DIRECTION ( 'NONE',  ( 0.000000000000000000, -1.000000000000000000, 0.000000000000000000 ) ) ;
#749 = CARTESIAN_POINT ( 'NONE',  ( 31.00000000000000000, 20.00000000000000000, -10.00000000000000000 ) ) ;
#750 = EDGE_CURVE ( 'NONE', #6162, #4924, #445, .T. ) ;
#751 = DIRECTION ( 'NONE',  ( 0.7071067811865475727, -0.7071067811865475727, 0.000000000000000000 ) ) ;
#752 = EDGE_CURVE ( 'NONE', #4844, #15, #355, .T. ) ;
#753 = ORIENTED_EDGE ( 'NONE', *, *, #3672, .F. ) ;
#754 = VECTOR ( 'NONE', #7378, 1000.000000000000000 ) ;
#755 = CARTESIAN_POINT ( 'NONE',  ( -69.00000000000000000, -20.19999999999999929, -92.20148000000000366 ) ) ;
#756 = EDGE_LOOP ( 'NONE', ( #4803, #3549, #8155, #6971 ) ) ;
#757 = EDGE_LOOP ( 'NONE', ( #7298, #6516, #3637, #1241 ) ) ;
#758 = DIRECTION ( 'NONE',  ( -0.000000000000000000, -0.000000000000000000, -1.000000000000000000 ) ) ;
#759 = VERTEX_POINT ( 'NONE', #1095 ) ;
#760 = ORIENTED_EDGE ( 'NONE', *, *, #220, .F. ) ;
#761 =( NAMED_UNIT ( * ) PLANE_ANGLE_UNIT ( ) SI_UNIT ( $, .RADIAN. ) );
#762 = EDGE_CURVE ( 'NONE', #1149, #3109, #2214, .T. ) ;
#763 = DIRECTION ( 'NONE',  ( 0.7071067811865477948, 0.000000000000000000, -0.7071067811865473507 ) ) ;
#764 = EDGE_CURVE ( 'NONE', #6253, #1828, #2347, .T. ) ;
#765 = CARTESIAN_POINT ( 'NONE',  ( -33.64500000000000313, 74.00000000000000000, -121.2009999999999934 ) ) ;
#766 = CARTESIAN_POINT ( 'NONE',  ( -26.50186437626910063, -62.65851158618024641, -128.2000000000000171 ) ) ;
#767 = ORIENTED_EDGE ( 'NONE', *, *, #4472, .F. ) ;
#768 = ORIENTED_EDGE ( 'NONE', *, *, #4079, .F. ) ;
#769 = DIRECTION ( 'NONE',  ( 0.000000000000000000, 1.000000000000000000, 0.000000000000000000 ) ) ;
#770 = ORIENTED_EDGE ( 'NONE', *, *, #794, .T. ) ;
#771 = FACE_OUTER_BOUND ( 'NONE', #2050, .T. ) ;
#772 = DIRECTION ( 'NONE',  ( -1.000000000000000000, 0.000000000000000000, 0.000000000000000000 ) ) ;
#773 = VECTOR ( 'NONE', #3206, 1000.000000000000000 ) ;
#774 = ORIENTED_EDGE ( 'NONE', *, *, #1479, .T. ) ;
#775 = LINE ( 'NONE', #7555, #5313 ) ;
#776 = CARTESIAN_POINT ( 'NONE',  ( -47.50140412403019496, -81.99999999999998579, -125.1017785571049217 ) ) ;
#777 = CARTESIAN_POINT ( 'NONE',  ( 33.50000000000000000, 120.2000000000000028, -165.6180954499999700 ) ) ;
#778 = VECTOR ( 'NONE', #153, 1000.000000000000000 ) ;
#779 = ORIENTED_EDGE ( 'NONE', *, *, #6911, .F. ) ;
#780 = CARTESIAN_POINT ( 'NONE',  ( -47.00000000000000000, 49.20000000000000284, -165.5180954499999757 ) ) ;
#781 = DIRECTION ( 'NONE',  ( -0.7071067811865474617, -0.7071067811865474617, 0.000000000000000000 ) ) ;
#782 = FACE_OUTER_BOUND ( 'NONE', #5550, .T. ) ;
#783 = CIRCLE ( 'NONE', #5639, 1.250000000000001110 ) ;
#784 = DIRECTION ( 'NONE',  ( 0.000000000000000000, 0.000000000000000000, 1.000000000000000000 ) ) ;
#785 = CARTESIAN_POINT ( 'NONE',  ( -47.84474000000000160, 58.40250000000000341, -165.6180954499999700 ) ) ;
#786 = ORIENTED_EDGE ( 'NONE', *, *, #1598, .F. ) ;
#787 = CARTESIAN_POINT ( 'NONE',  ( -51.00000000000000000, 20.19999999999999929, -86.20148000000000366 ) ) ;
#788 = VECTOR ( 'NONE', #5130, 1000.000000000000000 ) ;
#789 = DIRECTION ( 'NONE',  ( -0.6196442885790209854, 0.000000000000000000, -0.7848827655334259523 ) ) ;
#790 = CARTESIAN_POINT ( 'NONE',  ( -58.00000000000000000, 98.10000000000000853, -96.84600000000000364 ) ) ;
#791 = DIRECTION ( 'NONE',  ( 0.000000000000000000, 0.000000000000000000, -1.000000000000000000 ) ) ;
#792 = EDGE_LOOP ( 'NONE', ( #8236, #976, #883, #585 ) ) ;
#793 = VECTOR ( 'NONE', #51, 1000.000000000000000 ) ;
#794 = EDGE_CURVE ( 'NONE', #3415, #1472, #1696, .T. ) ;
#795 = EDGE_CURVE ( 'NONE', #1763, #2701, #7616, .T. ) ;
#796 = LINE ( 'NONE', #5966, #4624 ) ;
#797 = ORIENTED_EDGE ( 'NONE', *, *, #841, .F. ) ;
#798 = ORIENTED_EDGE ( 'NONE', *, *, #908, .T. ) ;
#799 = DIRECTION ( 'NONE',  ( 0.000000000000000000, 1.000000000000000000, -0.000000000000000000 ) ) ;
#800 = VERTEX_POINT ( 'NONE', #6350 ) ;
#801 = ORIENTED_EDGE ( 'NONE', *, *, #4295, .T. ) ;
#802 = ADVANCED_FACE ( 'NONE', ( #2917 ), #5004, .F. ) ;
#803 = VECTOR ( 'NONE', #2171, 1000.000000000000000 ) ;
#804 = PLANE ( 'NONE',  #3797 ) ;
#805 = DIRECTION ( 'NONE',  ( 0.000000000000000000, 1.000000000000000000, -0.000000000000000000 ) ) ;
#806 = ORIENTED_EDGE ( 'NONE', *, *, #6753, .F. ) ;
#807 = ORIENTED_EDGE ( 'NONE', *, *, #1325, .T. ) ;
#808 = VECTOR ( 'NONE', #3430, 1000.000000000000000 ) ;
#809 = CARTESIAN_POINT ( 'NONE',  ( 90.00000000000000000, 37.00000000000000000, -183.6180954499999984 ) ) ;
#810 = ORIENTED_EDGE ( 'NONE', *, *, #7554, .F. ) ;
#811 = ADVANCED_FACE ( 'NONE', ( #6956 ), #2260, .F. ) ;
#812 = EDGE_CURVE ( 'NONE', #5530, #6577, #6916, .T. ) ;
#813 = LINE ( 'NONE', #3374, #6610 ) ;
#814 = FACE_OUTER_BOUND ( 'NONE', #486, .T. ) ;
#815 = VECTOR ( 'NONE', #2623, 1000.000000000000000 ) ;
#816 = ORIENTED_EDGE ( 'NONE', *, *, #4950, .T. ) ;
#817 = DIRECTION ( 'NONE',  ( -0.7071067811865475727, 0.7071067811865475727, 0.000000000000000000 ) ) ;
#818 = CARTESIAN_POINT ( 'NONE',  ( -64.00000000000000000, 82.00000000000000000, -146.0000000000000000 ) ) ;
#819 = LINE ( 'NONE', #6770, #1736 ) ;
#820 = LOCAL_TIME ( 18, 28, 50.00000000000000000, #444 ) ;
#821 = VERTEX_POINT ( 'NONE', #1654 ) ;
#822 = FACE_OUTER_BOUND ( 'NONE', #3448, .T. ) ;
#823 = LINE ( 'NONE', #2951, #928 ) ;
#824 = DIRECTION ( 'NONE',  ( -0.000000000000000000, -0.000000000000000000, -1.000000000000000000 ) ) ;
#825 = DIRECTION ( 'NONE',  ( -0.000000000000000000, -1.000000000000000000, -0.000000000000000000 ) ) ;
#826 = CARTESIAN_POINT ( 'NONE',  ( -47.84474000000000160, 110.8024999999999949, -165.6180954499999700 ) ) ;
#827 = VERTEX_POINT ( 'NONE', #405 ) ;
#828 = FACE_OUTER_BOUND ( 'NONE', #8434, .T. ) ;
#829 = FACE_OUTER_BOUND ( 'NONE', #3055, .T. ) ;
#830 = CARTESIAN_POINT ( 'NONE',  ( -33.64500000000001023, 74.00000000000000000, -128.2720678118654405 ) ) ;
#831 = PLANE ( 'NONE',  #3344 ) ;
#832 = DIRECTION ( 'NONE',  ( 0.000000000000000000, -1.000000000000000000, 0.000000000000000000 ) ) ;
#833 = ORIENTED_EDGE ( 'NONE', *, *, #8188, .F. ) ;
#834 = ORIENTED_EDGE ( 'NONE', *, *, #6069, .F. ) ;
#835 = CARTESIAN_POINT ( 'NONE',  ( -47.00000000000000000, -51.20000000000000284, -191.6180954499999984 ) ) ;
#836 = ORIENTED_EDGE ( 'NONE', *, *, #1002, .T. ) ;
#837 = ORIENTED_EDGE ( 'NONE', *, *, #8068, .F. ) ;
#838 = EDGE_CURVE ( 'NONE', #4835, #58, #4304, .T. ) ;
#839 = DIRECTION ( 'NONE',  ( -0.000000000000000000, -0.000000000000000000, -1.000000000000000000 ) ) ;
#840 = ADVANCED_FACE ( 'NONE', ( #3652 ), #5049, .F. ) ;
#841 = EDGE_CURVE ( 'NONE', #2354, #4009, #3611, .T. ) ;
#842 = PLANE ( 'NONE',  #4904 ) ;
#843 = ORIENTED_EDGE ( 'NONE', *, *, #311, .T. ) ;
#844 = ORIENTED_EDGE ( 'NONE', *, *, #6922, .F. ) ;
#845 = VERTEX_POINT ( 'NONE', #6260 ) ;
#846 = DIRECTION ( 'NONE',  ( 0.000000000000000000, 0.000000000000000000, -1.000000000000000000 ) ) ;
#847 = VECTOR ( 'NONE', #3962, 1000.000000000000000 ) ;
#848 = ORIENTED_EDGE ( 'NONE', *, *, #1585, .T. ) ;
#849 = LINE ( 'NONE', #8029, #1885 ) ;
#850 = APPROVAL ( #403, '未' ) ;
#851 = CARTESIAN_POINT ( 'NONE',  ( -88.00000000000000000, -24.00000000000000000, -92.20148000000000366 ) ) ;
#852 = VECTOR ( 'NONE', #8530, 1000.000000000000114 ) ;
#853 = ORIENTED_EDGE ( 'NONE', *, *, #542, .F. ) ;
#854 = AXIS2_PLACEMENT_3D ( 'NONE', #4375, #4328, #516 ) ;
#855 = EDGE_CURVE ( 'NONE', #6009, #6147, #1783, .T. ) ;
#856 = CARTESIAN_POINT ( 'NONE',  ( -43.57699029636306420, 74.00000000000000000, -128.2000000000000171 ) ) ;
#857 = EDGE_CURVE ( 'NONE', #2838, #7418, #2476, .T. ) ;
#858 = CARTESIAN_POINT ( 'NONE',  ( -40.78813562373094470, -74.00000000000001421, -128.2000000000000171 ) ) ;
#859 = FACE_OUTER_BOUND ( 'NONE', #4753, .T. ) ;
#860 = CARTESIAN_POINT ( 'NONE',  ( -69.00000000000000000, 25.00000000000000000, -86.20148000000000366 ) ) ;
#861 = ORIENTED_EDGE ( 'NONE', *, *, #1002, .F. ) ;
#862 = CARTESIAN_POINT ( 'NONE',  ( -46.00000000000000000, 117.2000000000000028, -191.6180954499999984 ) ) ;
#863 = AXIS2_PLACEMENT_3D ( 'NONE', #4432, #7827, #7737 ) ;
#864 = CARTESIAN_POINT ( 'NONE',  ( 20.50000000000000000, -121.2000000000000028, -165.5180954499999757 ) ) ;
#865 = CARTESIAN_POINT ( 'NONE',  ( -33.00000000000000000, 49.20000000000000284, -165.5180954499999757 ) ) ;
#866 = VECTOR ( 'NONE', #3974, 1000.000000000000114 ) ;
#867 = LINE ( 'NONE', #1730, #1716 ) ;
#868 = CARTESIAN_POINT ( 'NONE',  ( 32.50000000000000000, 48.20000000000000284, -165.5180954499999757 ) ) ;
#869 = ORIENTED_EDGE ( 'NONE', *, *, #4084, .T. ) ;
#870 = CARTESIAN_POINT ( 'NONE',  ( -57.00000000000000000, -90.00000000000000000, -102.7459999999999951 ) ) ;
#871 = DIRECTION ( 'NONE',  ( -0.3393442484258341607, 0.000000000000000000, 0.9406622566364112314 ) ) ;
#872 = LINE ( 'NONE', #830, #391 ) ;
#873 = AXIS2_PLACEMENT_3D ( 'NONE', #5238, #2626, #5895 ) ;
#874 = PLANE ( 'NONE',  #439 ) ;
#875 = LINE ( 'NONE', #183, #2950 ) ;
#876 = CARTESIAN_POINT ( 'NONE',  ( -78.09999999999999432, 15.00000000000000000, -86.20148000000000366 ) ) ;
#877 = EDGE_LOOP ( 'NONE', ( #8202, #2219, #934, #5485 ) ) ;
#878 = CIRCLE ( 'NONE', #1708, 1.250000000000001110 ) ;
#879 = EDGE_LOOP ( 'NONE', ( #5765, #1073, #7007, #6343 ) ) ;
#881 = CIRCLE ( 'NONE', #4490, 1.250000000000001110 ) ;
#880 = DIRECTION ( 'NONE',  ( 0.000000000000000000, -1.000000000000000000, 0.000000000000000000 ) ) ;
#882 = EDGE_LOOP ( 'NONE', ( #5762, #4111, #4539, #8060 ) ) ;
#883 = ORIENTED_EDGE ( 'NONE', *, *, #5733, .F. ) ;
#884 = CALENDAR_DATE ( 2026, 14, 9 ) ;
#885 = AXIS2_PLACEMENT_3D ( 'NONE', #3342, #134, #8044 ) ;
#886 = CARTESIAN_POINT ( 'NONE',  ( -0.000000000000000000, -36.00000000000000000, -191.6180954499999984 ) ) ;
#887 = ORIENTED_EDGE ( 'NONE', *, *, #6282, .F. ) ;
#888 = DIRECTION ( 'NONE',  ( 0.000000000000000000, 0.000000000000000000, -1.000000000000000000 ) ) ;
#889 = ORIENTED_EDGE ( 'NONE', *, *, #4298, .T. ) ;
#890 = VERTEX_POINT ( 'NONE', #2567 ) ;
#891 = ORIENTED_EDGE ( 'NONE', *, *, #65, .T. ) ;
#892 = CARTESIAN_POINT ( 'NONE',  ( 33.50000000000000000, 0.000000000000000000, -191.6180954499999984 ) ) ;
#893 = ORIENTED_EDGE ( 'NONE', *, *, #2451, .F. ) ;
#894 = ORIENTED_EDGE ( 'NONE', *, *, #6810, .F. ) ;
#895 = PLANE ( 'NONE',  #6749 ) ;
#896 = EDGE_CURVE ( 'NONE', #5324, #2603, #3265, .T. ) ;
#897 = DIRECTION ( 'NONE',  ( 0.000000000000000000, -0.000000000000000000, 1.000000000000000000 ) ) ;
#898 = ORIENTED_EDGE ( 'NONE', *, *, #3550, .F. ) ;
#899 = DIRECTION ( 'NONE',  ( 1.000000000000000000, 0.000000000000000000, 0.000000000000000000 ) ) ;
#900 = CARTESIAN_POINT ( 'NONE',  ( -59.00000000000000000, 82.00000000000000000, -141.0000000000000000 ) ) ;
#901 = EDGE_CURVE ( 'NONE', #1341, #1839, #8571, .T. ) ;
#902 = DIRECTION ( 'NONE',  ( -0.7071067811865475727, 0.7071067811865475727, 0.000000000000000000 ) ) ;
#903 = ADVANCED_FACE ( 'NONE', ( #574 ), #7874, .F. ) ;
#904 = DIRECTION ( 'NONE',  ( 0.000000000000000000, 0.000000000000000000, -1.000000000000000000 ) ) ;
#905 = ORIENTED_EDGE ( 'NONE', *, *, #1492, .T. ) ;
#906 = DIRECTION ( 'NONE',  ( 0.000000000000000000, 1.000000000000000000, 0.000000000000000000 ) ) ;
#907 = DIRECTION ( 'NONE',  ( -1.000000000000000000, 0.000000000000000000, 0.000000000000000000 ) ) ;
#908 = EDGE_CURVE ( 'NONE', #4034, #5675, #3875, .T. ) ;
#909 = DIRECTION ( 'NONE',  ( 0.000000000000000000, 0.000000000000000000, -1.000000000000000000 ) ) ;
#910 = AXIS2_PLACEMENT_3D ( 'NONE', #5409, #3249, #2103 ) ;
#911 = DIRECTION ( 'NONE',  ( 0.000000000000000000, 1.000000000000000000, 0.000000000000000000 ) ) ;
#912 = LINE ( 'NONE', #8215, #1553 ) ;
#913 = ORIENTED_EDGE ( 'NONE', *, *, #1746, .F. ) ;
#914 = LINE ( 'NONE', #5516, #4126 ) ;
#915 = EDGE_CURVE ( 'NONE', #4274, #2533, #3956, .T. ) ;
#916 = PLANE ( 'NONE',  #5645 ) ;
#917 = EDGE_CURVE ( 'NONE', #4407, #6406, #3222, .T. ) ;
#918 = FACE_OUTER_BOUND ( 'NONE', #8120, .T. ) ;
#919 = VECTOR ( 'NONE', #7950, 1000.000000000000000 ) ;
#920 = DIRECTION ( 'NONE',  ( 0.4954754837717974536, -0.000000000000000000, -0.8686219229222247318 ) ) ;
#921 = CARTESIAN_POINT ( 'NONE',  ( -102.0000000000000142, -24.00000000000000000, 110.0000000000000000 ) ) ;
#922 = EDGE_LOOP ( 'NONE', ( #8302, #6703, #3710, #5944 ) ) ;
#923 = VERTEX_POINT ( 'NONE', #8398 ) ;
#924 = CARTESIAN_POINT ( 'NONE',  ( 35.75000000000000000, 26.00000000000000000, -9.900000000000000355 ) ) ;
#925 = AXIS2_PLACEMENT_3D ( 'NONE', #4414, #7063, #6408 ) ;
#926 = EDGE_LOOP ( 'NONE', ( #5221, #273, #4789, #1623 ) ) ;
#927 = VERTEX_POINT ( 'NONE', #7785 ) ;
#928 = VECTOR ( 'NONE', #2206, 1000.000000000000000 ) ;
#929 = LINE ( 'NONE', #3582, #5558 ) ;
#930 = ORIENTED_EDGE ( 'NONE', *, *, #4827, .T. ) ;
#931 = DIRECTION ( 'NONE',  ( 0.7071067811865473507, 0.000000000000000000, 0.7071067811865477948 ) ) ;
#932 = ORIENTED_EDGE ( 'NONE', *, *, #6702, .T. ) ;
#933 = ORIENTED_EDGE ( 'NONE', *, *, #7240, .T. ) ;
#934 = ORIENTED_EDGE ( 'NONE', *, *, #2697, .F. ) ;
#935 = CARTESIAN_POINT ( 'NONE',  ( 0.000000000000000000, -52.20000000000000284, -165.6180954499999700 ) ) ;
#936 = ORIENTED_EDGE ( 'NONE', *, *, #4621, .T. ) ;
#937 = VECTOR ( 'NONE', #3524, 1000.000000000000000 ) ;
#938 = DIRECTION ( 'NONE',  ( 1.000000000000000000, 0.000000000000000000, 0.000000000000000000 ) ) ;
#939 = FACE_OUTER_BOUND ( 'NONE', #3767, .T. ) ;
#940 = ORIENTED_EDGE ( 'NONE', *, *, #2969, .T. ) ;
#941 = VECTOR ( 'NONE', #5781, 1000.000000000000114 ) ;
#942 = CARTESIAN_POINT ( 'NONE',  ( -43.57699029636306420, 82.00000000000000000, -128.2000000000000171 ) ) ;
#943 = DIRECTION ( 'NONE',  ( 0.000000000000000000, 0.000000000000000000, 1.000000000000000000 ) ) ;
#944 = DIRECTION ( 'NONE',  ( -0.7071067811865475727, -0.7071067811865475727, 0.000000000000000000 ) ) ;
#945 = LINE ( 'NONE', #3554, #7154 ) ;
#946 = ORIENTED_EDGE ( 'NONE', *, *, #7649, .F. ) ;
#947 = DIRECTION ( 'NONE',  ( 0.7071067811865475727, 0.7071067811865475727, 0.000000000000000000 ) ) ;
#948 = VECTOR ( 'NONE', #5329, 1000.000000000000000 ) ;
#949 = DIRECTION ( 'NONE',  ( 0.000000000000000000, -1.000000000000000000, 0.000000000000000000 ) ) ;
#950 = LINE ( 'NONE', #7514, #808 ) ;
#951 = EDGE_CURVE ( 'NONE', #2792, #559, #4602, .T. ) ;
#952 = EDGE_CURVE ( 'NONE', #2189, #5141, #5744, .T. ) ;
#953 = VECTOR ( 'NONE', #290, 1000.000000000000000 ) ;
#954 = EDGE_CURVE ( 'NONE', #8065, #6636, #7744, .T. ) ;
#955 = LINE ( 'NONE', #3603, #6026 ) ;
#956 = ADVANCED_FACE ( 'NONE', ( #7263 ), #5090, .F. ) ;
#957 = LINE ( 'NONE', #5692, #3496 ) ;
#958 = VERTEX_POINT ( 'NONE', #3178 ) ;
#959 = LINE ( 'NONE', #5557, #5794 ) ;
#960 = CARTESIAN_POINT ( 'NONE',  ( 86.00000000000000000, -20.00000000000000000, -183.6180954499999984 ) ) ;
#961 = CARTESIAN_POINT ( 'NONE',  ( 90.00000000000000000, -37.00000000000000000, -191.6180954499999984 ) ) ;
#962 = EDGE_CURVE ( 'NONE', #6891, #4968, #6565, .T. ) ;
#963 = DIRECTION ( 'NONE',  ( 0.000000000000000000, 0.000000000000000000, -1.000000000000000000 ) ) ;
#964 = EDGE_CURVE ( 'NONE', #821, #2007, #1823, .T. ) ;
#965 = DIRECTION ( 'NONE',  ( 0.000000000000000000, -1.000000000000000000, 0.000000000000000000 ) ) ;
#966 = EDGE_CURVE ( 'NONE', #8597, #4897, #3135, .T. ) ;
#967 = ORIENTED_EDGE ( 'NONE', *, *, #2437, .F. ) ;
#968 = ORIENTED_EDGE ( 'NONE', *, *, #4719, .T. ) ;
#969 = DIRECTION ( 'NONE',  ( -0.9406622566364113425, 0.000000000000000000, -0.3393442484258342162 ) ) ;
#970 = ORIENTED_EDGE ( 'NONE', *, *, #7328, .F. ) ;
#971 = LINE ( 'NONE', #6232, #7929 ) ;
#972 = VERTEX_POINT ( 'NONE', #6606 ) ;
#973 = DIRECTION ( 'NONE',  ( 1.000000000000000000, -0.000000000000000000, -0.000000000000000000 ) ) ;
#974 = VERTEX_POINT ( 'NONE', #5918 ) ;
#975 = ORIENTED_EDGE ( 'NONE', *, *, #4614, .F. ) ;
#976 = ORIENTED_EDGE ( 'NONE', *, *, #5464, .F. ) ;
#977 = CARTESIAN_POINT ( 'NONE',  ( -50.00000000000000000, -32.00000000000000000, -183.5180954499999757 ) ) ;
#978 = ORIENTED_EDGE ( 'NONE', *, *, #7834, .F. ) ;
#979 = CARTESIAN_POINT ( 'NONE',  ( 45.00000000000000000, 20.00000000000000000, -10.00000000000000000 ) ) ;
#980 = DIRECTION ( 'NONE',  ( -0.7071067811865475727, 0.000000000000000000, 0.7071067811865475727 ) ) ;
#981 = VERTEX_POINT ( 'NONE', #491 ) ;
#982 = CARTESIAN_POINT ( 'NONE',  ( -88.00000000000000000, 24.00000000000000000, 122.2119089999999773 ) ) ;
#983 = FACE_OUTER_BOUND ( 'NONE', #5240, .T. ) ;
#984 = VECTOR ( 'NONE', #226, 1000.000000000000000 ) ;
#985 = LINE ( 'NONE', #1632, #163 ) ;
#986 = DIRECTION ( 'NONE',  ( 1.000000000000000000, 0.000000000000000000, -0.000000000000000000 ) ) ;
#987 = VERTEX_POINT ( 'NONE', #8439 ) ;
#988 = DIRECTION ( 'NONE',  ( 0.000000000000000000, 0.000000000000000000, -1.000000000000000000 ) ) ;
#989 = LINE ( 'NONE', #345, #246 ) ;
#990 = FACE_OUTER_BOUND ( 'NONE', #317, .T. ) ;
#991 = VECTOR ( 'NONE', #7571, 1000.000000000000000 ) ;
#992 = VECTOR ( 'NONE', #5118, 1000.000000000000114 ) ;
#993 = DIRECTION ( 'NONE',  ( -0.000000000000000000, -0.000000000000000000, -1.000000000000000000 ) ) ;
#994 = ORIENTED_EDGE ( 'NONE', *, *, #3301, .T. ) ;
#995 = DIRECTION ( 'NONE',  ( 0.7071067811865474617, 0.7071067811865474617, 0.000000000000000000 ) ) ;
#996 = DIRECTION ( 'NONE',  ( -0.000000000000000000, -0.000000000000000000, -1.000000000000000000 ) ) ;
#997 = VECTOR ( 'NONE', #5613, 1000.000000000000000 ) ;
#998 = EDGE_CURVE ( 'NONE', #7061, #6414, #4484, .T. ) ;
#999 = FACE_OUTER_BOUND ( 'NONE', #4377, .T. ) ;
#1000 = CARTESIAN_POINT ( 'NONE',  ( -46.00000000000000000, -48.20000000000000284, -165.6180954499999700 ) ) ;
#1001 = DIRECTION ( 'NONE',  ( -0.7071067811865474617, 0.000000000000000000, -0.7071067811865474617 ) ) ;
#1002 = EDGE_CURVE ( 'NONE', #2617, #3780, #1180, .T. ) ;
#1003 = ADVANCED_FACE ( 'NONE', ( #5176 ), #5501, .T. ) ;
#1004 = AXIS2_PLACEMENT_3D ( 'NONE', #5935, #5973, #22 ) ;
#1005 = CARTESIAN_POINT ( 'NONE',  ( -14.97348886532344103, -74.00000000000001421, -102.5294888653234295 ) ) ;
#1006 = DIRECTION ( 'NONE',  ( 0.000000000000000000, -0.000000000000000000, -1.000000000000000000 ) ) ;
#1007 = EDGE_LOOP ( 'NONE', ( #6779, #2747, #2479, #6275 ) ) ;
#1008 = ORIENTED_EDGE ( 'NONE', *, *, #2645, .T. ) ;
#1009 = DIRECTION ( 'NONE',  ( 0.000000000000000000, -1.000000000000000000, 0.000000000000000000 ) ) ;
#1010 = ORIENTED_EDGE ( 'NONE', *, *, #1582, .T. ) ;
#1011 = EDGE_CURVE ( 'NONE', #5937, #1141, #7381, .T. ) ;
#1012 = EDGE_CURVE ( 'NONE', #2218, #2195, #251, .T. ) ;
#1013 = VECTOR ( 'NONE', #5936, 1000.000000000000000 ) ;
#1014 = ADVANCED_FACE ( 'NONE', ( #7954 ), #3340, .T. ) ;
#1015 = EDGE_CURVE ( 'NONE', #6395, #4338, #698, .T. ) ;
#1016 = DIRECTION ( 'NONE',  ( -1.000000000000000000, 0.000000000000000000, 0.000000000000000000 ) ) ;
#1017 = ORIENTED_EDGE ( 'NONE', *, *, #1797, .T. ) ;
#1018 = CIRCLE ( 'NONE', #5182, 1.250000000000001110 ) ;
#1019 = DIRECTION ( 'NONE',  ( 0.000000000000000000, 1.000000000000000000, 0.000000000000000000 ) ) ;
#1020 = ORIENTED_EDGE ( 'NONE', *, *, #2565, .T. ) ;
#1021 = ORIENTED_EDGE ( 'NONE', *, *, #7974, .F. ) ;
#1022 = ORIENTED_EDGE ( 'NONE', *, *, #3136, .T. ) ;
#1023 = DIRECTION ( 'NONE',  ( 0.7071067811865474617, -0.7071067811865474617, 0.000000000000000000 ) ) ;
#1024 = ORIENTED_EDGE ( 'NONE', *, *, #4728, .T. ) ;
#1025 = DIRECTION ( 'NONE',  ( -1.000000000000000000, 0.000000000000000000, 0.000000000000000000 ) ) ;
#1026 = VECTOR ( 'NONE', #1784, 1000.000000000000000 ) ;
#1027 = EDGE_CURVE ( 'NONE', #7532, #7017, #5995, .T. ) ;
#1028 = EDGE_CURVE ( 'NONE', #6752, #8159, #2200, .T. ) ;
#1029 = CARTESIAN_POINT ( 'NONE',  ( -102.0000000000000142, 0.000000000000000000, 0.000000000000000000 ) ) ;
#1030 = FACE_OUTER_BOUND ( 'NONE', #3059, .T. ) ;
#1031 = LINE ( 'NONE', #1802, #289 ) ;
#1032 = CARTESIAN_POINT ( 'NONE',  ( -57.00000000000000000, -90.00000000000000000, -102.7459999999999951 ) ) ;
#1033 = VECTOR ( 'NONE', #4066, 1000.000000000000000 ) ;
#1034 = CARTESIAN_POINT ( 'NONE',  ( 34.55525999999999698, -110.8024999999999949, -177.6180954499999984 ) ) ;
#1035 = LINE ( 'NONE', #5463, #6876 ) ;
#1036 = ORIENTED_EDGE ( 'NONE', *, *, #7392, .T. ) ;
#1037 = CARTESIAN_POINT ( 'NONE',  ( 43.59999999999999432, 43.59999999999999432, -165.6180954499999700 ) ) ;
#1038 = CARTESIAN_POINT ( 'NONE',  ( -47.84474000000000160, 110.8024999999999949, -165.6180954499999700 ) ) ;
#1039 = DIRECTION ( 'NONE',  ( 0.000000000000000000, -1.000000000000000000, 0.000000000000000000 ) ) ;
#1040 = CARTESIAN_POINT ( 'NONE',  ( 48.55499999999999972, 48.40299999999999869, -183.6180954499999984 ) ) ;
#1041 = CARTESIAN_POINT ( 'NONE',  ( -28.57293218813455837, -98.00000000000000000, -123.2000000000000028 ) ) ;
#1042 = VERTEX_POINT ( 'NONE', #7347 ) ;
#1043 = DIRECTION ( 'NONE',  ( 1.000000000000000000, 0.000000000000000000, -0.000000000000000000 ) ) ;
#1044 = LINE ( 'NONE', #398, #170 ) ;
#1045 = DIRECTION ( 'NONE',  ( -0.000000000000000000, -1.000000000000000000, -0.000000000000000000 ) ) ;
#1046 = DIRECTION ( 'NONE',  ( 0.000000000000000000, -1.000000000000000000, 0.000000000000000000 ) ) ;
#1047 = CARTESIAN_POINT ( 'NONE',  ( -64.00000000000000000, -98.00000000000000000, -183.6180954499999984 ) ) ;
#1048 = CIRCLE ( 'NONE', #3548, 5.000000000000004441 ) ;
#1049 = DIRECTION ( 'NONE',  ( -1.000000000000000000, 0.000000000000000000, 0.000000000000000000 ) ) ;
#1050 = DIRECTION ( 'NONE',  ( -0.000000000000000000, -0.000000000000000000, -1.000000000000000000 ) ) ;
#1051 = EDGE_LOOP ( 'NONE', ( #291, #281, #1754, #7890 ) ) ;
#1052 = ORIENTED_EDGE ( 'NONE', *, *, #6550, .F. ) ;
#1053 = LINE ( 'NONE', #6355, #2095 ) ;
#1054 = ORIENTED_EDGE ( 'NONE', *, *, #8062, .F. ) ;
#1055 = VECTOR ( 'NONE', #4859, 1000.000000000000114 ) ;
#1056 = EDGE_CURVE ( 'NONE', #2432, #1897, #43, .T. ) ;
#1057 = ADVANCED_FACE ( 'NONE', ( #3551 ), #2689, .F. ) ;
#1058 = DIRECTION ( 'NONE',  ( -0.000000000000000000, -0.000000000000000000, -1.000000000000000000 ) ) ;
#1059 = EDGE_LOOP ( 'NONE', ( #3846, #8279, #4705, #8542 ) ) ;
#1060 = AXIS2_PLACEMENT_3D ( 'NONE', #1840, #7151, #7308 ) ;
#1061 = DIRECTION ( 'NONE',  ( 0.000000000000000000, 0.000000000000000000, -1.000000000000000000 ) ) ;
#1062 = ORIENTED_EDGE ( 'NONE', *, *, #7503, .F. ) ;
#1063 = ORIENTED_EDGE ( 'NONE', *, *, #4028, .F. ) ;
#1064 = ORIENTED_EDGE ( 'NONE', *, *, #5996, .T. ) ;
#1065 = EDGE_CURVE ( 'NONE', #5443, #7049, #7998, .T. ) ;
#1066 = ORIENTED_EDGE ( 'NONE', *, *, #4355, .T. ) ;
#1067 = DIRECTION ( 'NONE',  ( 0.000000000000000000, 0.000000000000000000, 1.000000000000000000 ) ) ;
#1068 = AXIS2_PLACEMENT_3D ( 'NONE', #5803, #8461, #2493 ) ;
#1069 = LINE ( 'NONE', #1671, #1920 ) ;
#1070 = ORIENTED_EDGE ( 'NONE', *, *, #7698, .F. ) ;
#1071 = CARTESIAN_POINT ( 'NONE',  ( 0.000000000000000000, -48.20000000000000284, -191.6180954499999984 ) ) ;
#1072 = CARTESIAN_POINT ( 'NONE',  ( -46.00000000000000000, 98.00000000000000000, -123.2000000000000028 ) ) ;
#1073 = ORIENTED_EDGE ( 'NONE', *, *, #8341, .F. ) ;
#1074 = VECTOR ( 'NONE', #6820, 1000.000000000000114 ) ;
#1075 = EDGE_CURVE ( 'NONE', #7488, #8065, #6688, .T. ) ;
#1076 = DIRECTION ( 'NONE',  ( -1.000000000000000000, 0.000000000000000000, 0.000000000000000000 ) ) ;
#1077 = EDGE_CURVE ( 'NONE', #1448, #4885, #1542, .T. ) ;
#1078 = DIRECTION ( 'NONE',  ( 0.000000000000000000, 0.000000000000000000, 1.000000000000000000 ) ) ;
#1079 = VERTEX_POINT ( 'NONE', #6155 ) ;
#1080 = CARTESIAN_POINT ( 'NONE',  ( 20.50000000000000000, 121.2000000000000028, -165.6180954499999700 ) ) ;
#1081 = CARTESIAN_POINT ( 'NONE',  ( 45.00000000000000000, 32.00000000000000000, -40.00000000000000000 ) ) ;
#1082 = CARTESIAN_POINT ( 'NONE',  ( -47.84474000000000160, 110.8024999999999949, -177.6180954499999984 ) ) ;
#1083 = AXIS2_PLACEMENT_3D ( 'NONE', #4133, #308, #8176 ) ;
#1084 = CARTESIAN_POINT ( 'NONE',  ( -57.84499999999999886, 124.8029999999999973, -165.6180954499999700 ) ) ;
#1085 = LINE ( 'NONE', #6384, #3639 ) ;
#1086 = LINE ( 'NONE', #5037, #1168 ) ;
#1087 = CARTESIAN_POINT ( 'NONE',  ( -57.84499999999999886, -44.40299999999999869, -177.6180954499999984 ) ) ;
#1088 = VECTOR ( 'NONE', #121, 1000.000000000000000 ) ;
#1089 = ORIENTED_EDGE ( 'NONE', *, *, #4728, .F. ) ;
#1090 = DIRECTION ( 'NONE',  ( -0.000000000000000000, -1.000000000000000000, -0.000000000000000000 ) ) ;
#1091 = FACE_OUTER_BOUND ( 'NONE', #8509, .T. ) ;
#1092 = CARTESIAN_POINT ( 'NONE',  ( -69.00000000000000000, -20.19999999999999929, -86.20148000000000366 ) ) ;
#1093 = APPROVAL_DATE_TIME ( #3536, #2386 ) ;
#1094 = CIRCLE ( 'NONE', #1366, 5.000000000000004441 ) ;
#1095 = CARTESIAN_POINT ( 'NONE',  ( 45.00000000000000000, -130.0000000000000000, -183.6180954499999984 ) ) ;
#1096 = DIRECTION ( 'NONE',  ( -0.7071067811865474617, 0.7071067811865474617, -0.000000000000000000 ) ) ;
#1097 = ORIENTED_EDGE ( 'NONE', *, *, #703, .T. ) ;
#1098 = VERTEX_POINT ( 'NONE', #2244 ) ;
#1099 = DIRECTION ( 'NONE',  ( 0.000000000000000000, -0.000000000000000000, 1.000000000000000000 ) ) ;
#1100 = ORIENTED_EDGE ( 'NONE', *, *, #7705, .F. ) ;
#1101 = CARTESIAN_POINT ( 'NONE',  ( -46.00000000000000000, -74.00000000000001421, -123.2000000000000028 ) ) ;
#1102 = ORIENTED_EDGE ( 'NONE', *, *, #4821, .F. ) ;
#1103 = PLANE ( 'NONE',  #7825 ) ;
#1104 = ORIENTED_EDGE ( 'NONE', *, *, #3255, .T. ) ;
#1105 = ORIENTED_EDGE ( 'NONE', *, *, #8017, .T. ) ;
#1106 = ORIENTED_EDGE ( 'NONE', *, *, #6923, .T. ) ;
#1107 = ORIENTED_EDGE ( 'NONE', *, *, #4341, .F. ) ;
#1108 = EDGE_CURVE ( 'NONE', #2530, #5874, #4284, .T. ) ;
#1109 = LINE ( 'NONE', #6367, #6197 ) ;
#1110 = DIRECTION ( 'NONE',  ( 1.000000000000000000, 0.000000000000000000, 0.000000000000000000 ) ) ;
#1111 = EDGE_CURVE ( 'NONE', #1918, #5402, #6852, .T. ) ;
#1112 = ORIENTED_EDGE ( 'NONE', *, *, #3131, .T. ) ;
#1113 = EDGE_CURVE ( 'NONE', #1270, #1275, #3305, .T. ) ;
#1114 = DIRECTION ( 'NONE',  ( 1.000000000000000000, 0.000000000000000000, 0.000000000000000000 ) ) ;
#1115 = LINE ( 'NONE', #6937, #7953 ) ;
#1116 = EDGE_LOOP ( 'NONE', ( #1286, #2151, #3234, #8196 ) ) ;
#1117 = CARTESIAN_POINT ( 'NONE',  ( 32.50000000000000000, -48.20000000000000284, -191.6180954499999984 ) ) ;
#1118 = DIRECTION ( 'NONE',  ( 0.000000000000000000, 1.000000000000000000, -0.000000000000000000 ) ) ;
#1119 = ORIENTED_EDGE ( 'NONE', *, *, #5633, .T. ) ;
#1120 = DIRECTION ( 'NONE',  ( -0.000000000000000000, -0.000000000000000000, -1.000000000000000000 ) ) ;
#1121 = CARTESIAN_POINT ( 'NONE',  ( -52.00000000000000000, -98.00000000000000000, -102.7459999999999951 ) ) ;
#1122 = CARTESIAN_POINT ( 'NONE',  ( -28.57293218813455837, -74.00000000000001421, -123.2000000000000028 ) ) ;
#1123 = ADVANCED_FACE ( 'NONE', ( #4898 ), #8246, .T. ) ;
#1124 = LINE ( 'NONE', #3775, #3505 ) ;
#1125 = EDGE_CURVE ( 'NONE', #2315, #4659, #1630, .T. ) ;
#1126 = LINE ( 'NONE', #2833, #5171 ) ;
#1127 = CARTESIAN_POINT ( 'NONE',  ( -47.00000000000000000, -120.2000000000000028, -165.5180954499999757 ) ) ;
#1128 = CARTESIAN_POINT ( 'NONE',  ( -72.00000000000000000, -10.00000000000000000, -90.20148000000000366 ) ) ;
#1129 = ORIENTED_EDGE ( 'NONE', *, *, #5318, .F. ) ;
#1130 = DIRECTION ( 'NONE',  ( 0.3393442484258341607, -0.000000000000000000, -0.9406622566364112314 ) ) ;
#1131 = AXIS2_PLACEMENT_3D ( 'NONE', #2269, #4923, #7578 ) ;
#1132 = VECTOR ( 'NONE', #5008, 1000.000000000000000 ) ;
#1133 = DIRECTION ( 'NONE',  ( 0.6196442885790209854, 0.000000000000000000, 0.7848827655334259523 ) ) ;
#1134 = LINE ( 'NONE', #3132, #1490 ) ;
#1135 = CARTESIAN_POINT ( 'NONE',  ( 48.55499999999999972, 120.8029999999999973, -165.6180954499999700 ) ) ;
#1136 = VECTOR ( 'NONE', #6243, 1000.000000000000000 ) ;
#1137 = AXIS2_PLACEMENT_3D ( 'NONE', #3441, #3050, #7526 ) ;
#1138 = VECTOR ( 'NONE', #7947, 1000.000000000000000 ) ;
#1139 = CARTESIAN_POINT ( 'NONE',  ( 86.00000000000000000, 32.00000000000000000, -183.6180954499999984 ) ) ;
#1140 = VERTEX_POINT ( 'NONE', #5295 ) ;
#1141 = VERTEX_POINT ( 'NONE', #292 ) ;
#1142 = LINE ( 'NONE', #2480, #6130 ) ;
#1143 = ORIENTED_EDGE ( 'NONE', *, *, #7169, .T. ) ;
#1144 = VECTOR ( 'NONE', #69, 1000.000000000000000 ) ;
#1145 = DIRECTION ( 'NONE',  ( 0.000000000000000000, -1.000000000000000000, 0.000000000000000000 ) ) ;
#1146 = VERTEX_POINT ( 'NONE', #6893 ) ;
#1147 = DIRECTION ( 'NONE',  ( -0.000000000000000000, -0.000000000000000000, -1.000000000000000000 ) ) ;
#1148 = ORIENTED_EDGE ( 'NONE', *, *, #4949, .F. ) ;
#1149 = VERTEX_POINT ( 'NONE', #982 ) ;
#1150 = VECTOR ( 'NONE', #5277, 1000.000000000000000 ) ;
#1151 = VERTEX_POINT ( 'NONE', #5634 ) ;
#1152 = ORIENTED_EDGE ( 'NONE', *, *, #5050, .F. ) ;
#1153 = CARTESIAN_POINT ( 'NONE',  ( -88.00000000000000000, -24.00000000000000000, 122.2119089999999773 ) ) ;
#1154 = CARTESIAN_POINT ( 'NONE',  ( -101.0000000000000000, 16.00000000000000000, 122.2119089999999773 ) ) ;
#1155 = CIRCLE ( 'NONE', #4909, 5.000000000000004441 ) ;
#1156 = LINE ( 'NONE', #2322, #1966 ) ;
#1157 = LINE ( 'NONE', #4372, #2772 ) ;
#1158 = LINE ( 'NONE', #1202, #8228 ) ;
#1159 = ORIENTED_EDGE ( 'NONE', *, *, #1803, .T. ) ;
#1160 = LINE ( 'NONE', #7073, #4321 ) ;
#1161 = VECTOR ( 'NONE', #8406, 1000.000000000000000 ) ;
#1162 = CARTESIAN_POINT ( 'NONE',  ( -33.00000000000000000, 49.20000000000000284, -191.6180954499999984 ) ) ;
#1163 = VECTOR ( 'NONE', #7099, 1000.000000000000000 ) ;
#1164 = FACE_OUTER_BOUND ( 'NONE', #8240, .T. ) ;
#1165 = LINE ( 'NONE', #3684, #4400 ) ;
#1166 = LINE ( 'NONE', #432, #5114 ) ;
#1167 = DIRECTION ( 'NONE',  ( 0.000000000000000000, -1.000000000000000000, 0.000000000000000000 ) ) ;
#1168 = VECTOR ( 'NONE', #525, 1000.000000000000000 ) ;
#1169 = EDGE_CURVE ( 'NONE', #1830, #4169, #5025, .T. ) ;
#1170 = EDGE_CURVE ( 'NONE', #4151, #5567, #1031, .T. ) ;
#1171 = CARTESIAN_POINT ( 'NONE',  ( 48.55499999999999972, -48.40299999999999869, -165.6180954499999700 ) ) ;
#1172 = PLANE ( 'NONE',  #1853 ) ;
#1173 = FACE_BOUND ( 'NONE', #625, .T. ) ;
#1174 = EDGE_CURVE ( 'NONE', #4365, #6353, #1381, .T. ) ;
#1175 = EDGE_CURVE ( 'NONE', #6353, #146, #7767, .T. ) ;
#1176 = ORIENTED_EDGE ( 'NONE', *, *, #62, .T. ) ;
#1177 = LINE ( 'NONE', #3781, #2735 ) ;
#1178 = PLANE ( 'NONE',  #4398 ) ;
#1179 = DIRECTION ( 'NONE',  ( 0.000000000000000000, 0.000000000000000000, -1.000000000000000000 ) ) ;
#1180 = LINE ( 'NONE', #3830, #2653 ) ;
#1181 = DIRECTION ( 'NONE',  ( 0.000000000000000000, 0.000000000000000000, 1.000000000000000000 ) ) ;
#1182 = VERTEX_POINT ( 'NONE', #2983 ) ;
#1183 = ORIENTED_EDGE ( 'NONE', *, *, #6810, .T. ) ;
#1184 = CARTESIAN_POINT ( 'NONE',  ( 0.000000000000000000, 0.000000000000000000, -177.6180954499999984 ) ) ;
#1185 = ORIENTED_EDGE ( 'NONE', *, *, #6754, .T. ) ;
#1186 = EDGE_CURVE ( 'NONE', #8078, #1711, #5069, .T. ) ;
#1187 = EDGE_CURVE ( 'NONE', #4659, #1140, #6936, .T. ) ;
#1188 = VECTOR ( 'NONE', #6077, 1000.000000000000000 ) ;
#1189 = CARTESIAN_POINT ( 'NONE',  ( -33.64500000000000313, 98.10000000000000853, -121.2009999999999934 ) ) ;
#1190 = ORIENTED_EDGE ( 'NONE', *, *, #1857, .F. ) ;
#1191 = LINE ( 'NONE', #546, #6292 ) ;
#1192 = ORIENTED_EDGE ( 'NONE', *, *, #5098, .F. ) ;
#1193 = ORIENTED_EDGE ( 'NONE', *, *, #3146, .F. ) ;
#1194 = VECTOR ( 'NONE', #5120, 1000.000000000000000 ) ;
#1195 = ORIENTED_EDGE ( 'NONE', *, *, #5000, .T. ) ;
#1196 = ORIENTED_EDGE ( 'NONE', *, *, #5832, .F. ) ;
#1197 = DIRECTION ( 'NONE',  ( -0.3393442484258341607, 0.000000000000000000, 0.9406622566364112314 ) ) ;
#1198 = DIRECTION ( 'NONE',  ( -0.000000000000000000, -1.000000000000000000, -0.000000000000000000 ) ) ;
#1199 = VECTOR ( 'NONE', #3034, 1000.000000000000000 ) ;
#1200 = CARTESIAN_POINT ( 'NONE',  ( -64.00000000000000000, 90.00000000000000000, -146.0000000000000000 ) ) ;
#1201 = PLANE ( 'NONE',  #2098 ) ;
#1202 = CARTESIAN_POINT ( 'NONE',  ( -15.85000000000000320, -15.85000000000000320, -165.6180954499999700 ) ) ;
#1203 = ORIENTED_EDGE ( 'NONE', *, *, #5511, .T. ) ;
#1204 = VERTEX_POINT ( 'NONE', #1719 ) ;
#1205 = DIRECTION ( 'NONE',  ( 0.000000000000000000, 1.000000000000000000, -0.000000000000000000 ) ) ;
#1206 = PLANE ( 'NONE',  #7851 ) ;
#1207 = AXIS2_PLACEMENT_3D ( 'NONE', #7523, #6256, #7478 ) ;
#1208 = FACE_OUTER_BOUND ( 'NONE', #3052, .T. ) ;
#1209 = DIRECTION ( 'NONE',  ( 0.000000000000000000, 0.000000000000000000, -1.000000000000000000 ) ) ;
#1210 = LINE ( 'NONE', #7860, #399 ) ;
#1211 = EDGE_LOOP ( 'NONE', ( #4486, #5515, #2356, #8184 ) ) ;
#1212 = VECTOR ( 'NONE', #3128, 1000.000000000000000 ) ;
#1213 = LINE ( 'NONE', #3257, #4752 ) ;
#1214 = LINE ( 'NONE', #7826, #4773 ) ;
#1215 = FACE_BOUND ( 'NONE', #4505, .T. ) ;
#1216 = ORIENTED_EDGE ( 'NONE', *, *, #3769, .F. ) ;
#1217 = CARTESIAN_POINT ( 'NONE',  ( -28.57293218813455837, 90.00000000000000000, -123.2000000000000028 ) ) ;
#1218 = VECTOR ( 'NONE', #5032, 1000.000000000000000 ) ;
#1219 = EDGE_CURVE ( 'NONE', #1141, #1448, #1157, .T. ) ;
#1220 = CARTESIAN_POINT ( 'NONE',  ( -110.0000000000000000, 60.00000000000000000, -183.6180954499999984 ) ) ;
#1221 = EDGE_CURVE ( 'NONE', #6636, #8237, #1673, .T. ) ;
#1222 = DIRECTION ( 'NONE',  ( -0.000000000000000000, -0.000000000000000000, -1.000000000000000000 ) ) ;
#1223 = EDGE_CURVE ( 'NONE', #3668, #6406, #7677, .T. ) ;
#1224 = DIRECTION ( 'NONE',  ( 0.9998816778082588730, 0.000000000000000000, -0.01538279504320399713 ) ) ;
#1225 = EDGE_CURVE ( 'NONE', #7798, #5408, #6981, .T. ) ;
#1226 = PLANE ( 'NONE',  #3388 ) ;
#1227 = EDGE_LOOP ( 'NONE', ( #201, #2930, #7837, #7476, #3315, #452, #1456, #6113 ) ) ;
#1228 = EDGE_LOOP ( 'NONE', ( #933, #5752, #5156, #1036 ) ) ;
#1229 = PLANE ( 'NONE',  #2102 ) ;
#1230 = ORIENTED_EDGE ( 'NONE', *, *, #3566, .F. ) ;
#1231 = AXIS2_PLACEMENT_3D ( 'NONE', #7034, #5600, #6990 ) ;
#1232 = EDGE_CURVE ( 'NONE', #1830, #5975, #3808, .T. ) ;
#1233 = LINE ( 'NONE', #668, #2926 ) ;
#1234 = EDGE_CURVE ( 'NONE', #2001, #2227, #3028, .T. ) ;
#1235 = ORIENTED_EDGE ( 'NONE', *, *, #8505, .T. ) ;
#1236 = FACE_OUTER_BOUND ( 'NONE', #6573, .T. ) ;
#1237 = ORIENTED_EDGE ( 'NONE', *, *, #7376, .T. ) ;
#1238 = ORIENTED_EDGE ( 'NONE', *, *, #3557, .T. ) ;
#1239 = LOCAL_TIME ( 18, 28, 50.00000000000000000, #7045 ) ;
#1240 = ORIENTED_EDGE ( 'NONE', *, *, #5250, .T. ) ;
#1241 = ORIENTED_EDGE ( 'NONE', *, *, #5534, .T. ) ;
#1242 = CARTESIAN_POINT ( 'NONE',  ( -68.00000000000000000, 10.00000000000000000, -92.20148000000000366 ) ) ;
#1243 = DIRECTION ( 'NONE',  ( 0.000000000000000000, -0.000000000000000000, 1.000000000000000000 ) ) ;
#1244 = FACE_OUTER_BOUND ( 'NONE', #1578, .T. ) ;
#1245 = CARTESIAN_POINT ( 'NONE',  ( 23.00000000000000000, -40.00000000000000000, -183.6180954499999984 ) ) ;
#1246 = ORIENTED_EDGE ( 'NONE', *, *, #1581, .T. ) ;
#1247 = ORIENTED_EDGE ( 'NONE', *, *, #2538, .T. ) ;
#1248 = CARTESIAN_POINT ( 'NONE',  ( -37.25260171779820695, 62.65851158618023220, -124.6644660940672509 ) ) ;
#1249 = DIRECTION ( 'NONE',  ( -1.387778780781444492E-15, 0.000000000000000000, -1.000000000000000000 ) ) ;
#1250 = DIRECTION ( 'NONE',  ( 0.000000000000000000, 0.000000000000000000, 1.000000000000000000 ) ) ;
#1251 = ORIENTED_EDGE ( 'NONE', *, *, #4788, .F. ) ;
#1252 = DIRECTION ( 'NONE',  ( 0.7071067811865474617, 0.7071067811865474617, 0.000000000000000000 ) ) ;
#1253 = PLANE ( 'NONE',  #2556 ) ;
#1254 = FACE_OUTER_BOUND ( 'NONE', #1051, .T. ) ;
#1255 = CARTESIAN_POINT ( 'NONE',  ( -57.84499999999999886, -124.8029999999999973, -183.6180954499999984 ) ) ;
#1256 = EDGE_LOOP ( 'NONE', ( #588, #2132, #7927, #2882 ) ) ;
#1257 = DIRECTION ( 'NONE',  ( -1.000000000000000000, 0.000000000000000000, 0.000000000000000000 ) ) ;
#1258 = CARTESIAN_POINT ( 'NONE',  ( 25.00000000000000000, -32.00000000000000000, -171.6180954499999984 ) ) ;
#1259 = CARTESIAN_POINT ( 'NONE',  ( -102.0000000000000142, -24.00000000000000000, 110.0000000000000000 ) ) ;
#1260 = DIRECTION ( 'NONE',  ( -1.000000000000000000, 0.000000000000000000, 0.000000000000000000 ) ) ;
#1261 = LINE ( 'NONE', #5919, #1026 ) ;
#1262 = ORIENTED_EDGE ( 'NONE', *, *, #2555, .F. ) ;
#1263 = LINE ( 'NONE', #8573, #7525 ) ;
#1264 = ORIENTED_EDGE ( 'NONE', *, *, #3086, .F. ) ;
#1265 = ADVANCED_FACE ( 'NONE', ( #6456 ), #8329, .T. ) ;
#1266 = EDGE_CURVE ( 'NONE', #3181, #3761, #7723, .T. ) ;
#1267 = CYLINDRICAL_SURFACE ( 'NONE', #7608, 5.000000000000004441 ) ;
#1268 = VECTOR ( 'NONE', #6829, 1000.000000000000000 ) ;
#1269 = DIRECTION ( 'NONE',  ( 0.000000000000000000, 0.000000000000000000, -1.000000000000000000 ) ) ;
#1270 = VERTEX_POINT ( 'NONE', #3066 ) ;
#1271 = ADVANCED_FACE ( 'NONE', ( #3158 ), #5719, .F. ) ;
#1272 = ADVANCED_FACE ( 'NONE', ( #4418 ), #7069, .F. ) ;
#1273 = CARTESIAN_POINT ( 'NONE',  ( 37.00000000000000000, -26.00000000000000000, -23.00000000000000000 ) ) ;
#1274 = ORIENTED_EDGE ( 'NONE', *, *, #1909, .F. ) ;
#1275 = VERTEX_POINT ( 'NONE', #513 ) ;
#1276 = EDGE_LOOP ( 'NONE', ( #2979, #2194, #6886, #6771 ) ) ;
#1277 = EDGE_LOOP ( 'NONE', ( #2309, #1449, #1713, #801 ) ) ;
#1278 = VECTOR ( 'NONE', #231, 1000.000000000000000 ) ;
#1279 = EDGE_CURVE ( 'NONE', #7418, #4223, #5809, .T. ) ;
#1280 = EDGE_CURVE ( 'NONE', #1295, #845, #5151, .T. ) ;
#1281 = FACE_OUTER_BOUND ( 'NONE', #7196, .T. ) ;
#1282 = DIRECTION ( 'NONE',  ( 0.08796862890166813609, -0.000000000000000000, 0.9961232455520554474 ) ) ;
#1283 = VECTOR ( 'NONE', #4383, 1000.000000000000000 ) ;
#1284 = CARTESIAN_POINT ( 'NONE',  ( 37.00000000000000000, -26.00000000000000000, -9.900000000000000355 ) ) ;
#1285 = CARTESIAN_POINT ( 'NONE',  ( -90.00000000000000000, -74.00000000000001421, -183.6180954499999984 ) ) ;
#1286 = ORIENTED_EDGE ( 'NONE', *, *, #2810, .T. ) ;
#1287 = ORIENTED_EDGE ( 'NONE', *, *, #2436, .T. ) ;
#1288 = DIRECTION ( 'NONE',  ( 0.000000000000000000, -0.000000000000000000, -1.000000000000000000 ) ) ;
#1289 = ADVANCED_FACE ( 'NONE', ( #7155 ), #1201, .F. ) ;
#1290 = ADVANCED_FACE ( 'NONE', ( #1244 ), #7283, .F. ) ;
#1291 = DIRECTION ( 'NONE',  ( 0.000000000000000000, 0.000000000000000000, -1.000000000000000000 ) ) ;
#1292 = VECTOR ( 'NONE', #164, 1000.000000000000000 ) ;
#1293 = CARTESIAN_POINT ( 'NONE',  ( 87.00000000000000000, -40.00000000000000000, -183.6180954499999984 ) ) ;
#1294 = ORIENTED_EDGE ( 'NONE', *, *, #8340, .T. ) ;
#1295 = VERTEX_POINT ( 'NONE', #4584 ) ;
#1296 = CARTESIAN_POINT ( 'NONE',  ( 0.000000000000000000, 52.20000000000000284, -165.6180954499999700 ) ) ;
#1297 = VECTOR ( 'NONE', #5404, 999.9999999999998863 ) ;
#1298 = VECTOR ( 'NONE', #7399, 1000.000000000000000 ) ;
#1299 = CARTESIAN_POINT ( 'NONE',  ( -33.64500000000001023, -74.00000000000001421, -128.2720678118654405 ) ) ;
#1300 = PLANE ( 'NONE',  #5076 ) ;
#1301 = EDGE_LOOP ( 'NONE', ( #3963, #3373, #370, #6042 ) ) ;
#1302 = LINE ( 'NONE', #4521, #2295 ) ;
#1303 = DIRECTION ( 'NONE',  ( -1.000000000000000000, 0.000000000000000000, 0.000000000000000000 ) ) ;
#1304 = CARTESIAN_POINT ( 'NONE',  ( 48.55499999999999972, -120.8029999999999973, -177.6180954499999984 ) ) ;
#1305 = AXIS2_PLACEMENT_3D ( 'NONE', #5260, #1739, #4440 ) ;
#1306 = DIRECTION ( 'NONE',  ( 0.000000000000000000, 1.000000000000000000, 0.000000000000000000 ) ) ;
#1307 = CARTESIAN_POINT ( 'NONE',  ( -72.00000000000000000, 5.000000000000000000, -90.20148000000000366 ) ) ;
#1308 = LINE ( 'NONE', #89, #304 ) ;
#1309 = VERTEX_POINT ( 'NONE', #1324 ) ;
#1310 = CARTESIAN_POINT ( 'NONE',  ( 32.50000000000000000, -121.2000000000000028, -165.5180954499999757 ) ) ;
#1311 = DIRECTION ( 'NONE',  ( -0.000000000000000000, -0.000000000000000000, -1.000000000000000000 ) ) ;
#1312 = ORIENTED_EDGE ( 'NONE', *, *, #6069, .T. ) ;
#1313 = DIRECTION ( 'NONE',  ( -0.000000000000000000, -0.000000000000000000, 1.000000000000000000 ) ) ;
#1314 = ORIENTED_EDGE ( 'NONE', *, *, #2555, .T. ) ;
#1315 = ORIENTED_EDGE ( 'NONE', *, *, #173, .F. ) ;
#1316 = ORIENTED_EDGE ( 'NONE', *, *, #702, .T. ) ;
#1317 = ORIENTED_EDGE ( 'NONE', *, *, #267, .F. ) ;
#1318 = EDGE_CURVE ( 'NONE', #1383, #4113, #3201, .T. ) ;
#1319 = EDGE_CURVE ( 'NONE', #1839, #6299, #1367, .T. ) ;
#1320 = LINE ( 'NONE', #1841, #5815 ) ;
#1321 = LINE ( 'NONE', #5892, #2813 ) ;
#1322 = VECTOR ( 'NONE', #3383, 1000.000000000000114 ) ;
#1323 = ADVANCED_FACE ( 'NONE', ( #7203 ), #3895, .F. ) ;
#1324 = CARTESIAN_POINT ( 'NONE',  ( -30.03739828220182773, -98.00000000000000000, -124.6644660940672651 ) ) ;
#1325 = EDGE_CURVE ( 'NONE', #2622, #7129, #7243, .T. ) ;
#1326 = DIRECTION ( 'NONE',  ( -0.7071067811865474617, 0.7071067811865474617, -0.000000000000000000 ) ) ;
#1327 = EDGE_LOOP ( 'NONE', ( #3061, #3938, #1193, #3802 ) ) ;
#1328 = ORIENTED_EDGE ( 'NONE', *, *, #896, .F. ) ;
#1329 = DIRECTION ( 'NONE',  ( 0.000000000000000000, -1.000000000000000000, 0.000000000000000000 ) ) ;
#1330 = DIRECTION ( 'NONE',  ( -0.7071067811865474617, 0.000000000000000000, -0.7071067811865474617 ) ) ;
#1331 = VECTOR ( 'NONE', #4035, 999.9999999999998863 ) ;
#1332 = CARTESIAN_POINT ( 'NONE',  ( -9.000000000000000000, 9.000000000000000000, -183.6180954499999984 ) ) ;
#1333 = VERTEX_POINT ( 'NONE', #8506 ) ;
#1334 = ORIENTED_EDGE ( 'NONE', *, *, #1649, .F. ) ;
#1335 = ADVANCED_FACE ( 'NONE', ( #7932 ), #2541, .T. ) ;
#1336 = EDGE_CURVE ( 'NONE', #1140, #8525, #2669, .T. ) ;
#1337 = DIRECTION ( 'NONE',  ( 0.7071067811865474617, -0.7071067811865474617, 0.000000000000000000 ) ) ;
#1338 = VECTOR ( 'NONE', #4236, 1000.000000000000114 ) ;
#1339 = LINE ( 'NONE', #4723, #3254 ) ;
#1340 = DIRECTION ( 'NONE',  ( 0.000000000000000000, -1.000000000000000000, 0.000000000000000000 ) ) ;
#1341 = VERTEX_POINT ( 'NONE', #597 ) ;
#1342 = LINE ( 'NONE', #2032, #2022 ) ;
#1343 = LINE ( 'NONE', #85, #5503 ) ;
#1344 = CYLINDRICAL_SURFACE ( 'NONE', #3993, 1.250000000000001110 ) ;
#1345 = VECTOR ( 'NONE', #3526, 1000.000000000000000 ) ;
#1346 = CARTESIAN_POINT ( 'NONE',  ( 31.00000000000000000, 20.00000000000000000, -50.00000000000000000 ) ) ;
#1347 = CARTESIAN_POINT ( 'NONE',  ( -34.00000000000000000, 121.2000000000000028, -165.5180954499999757 ) ) ;
#1348 = CARTESIAN_POINT ( 'NONE',  ( -90.00000000000000000, -36.00000000000000000, -183.6180954499999984 ) ) ;
#1349 = AXIS2_PLACEMENT_3D ( 'NONE', #5859, #8515, #7859 ) ;
#1350 = EDGE_LOOP ( 'NONE', ( #3615, #1666, #3119, #6491 ) ) ;
#1351 = PLANE ( 'NONE',  #2027 ) ;
#1352 = LINE ( 'NONE', #1396, #1906 ) ;
#1353 = VECTOR ( 'NONE', #1222, 1000.000000000000000 ) ;
#1354 = CARTESIAN_POINT ( 'NONE',  ( -47.00000000000000000, 0.000000000000000000, -165.6180954499999700 ) ) ;
#1355 = ORIENTED_EDGE ( 'NONE', *, *, #3290, .F. ) ;
#1356 = CARTESIAN_POINT ( 'NONE',  ( -97.00000000000000000, -7.000000000000000000, 122.2119090000000057 ) ) ;
#1357 = EDGE_LOOP ( 'NONE', ( #4361, #2051, #5094, #7412, #2281, #7357, #6086, #1362 ) ) ;
#1358 = ORIENTED_EDGE ( 'NONE', *, *, #6020, .T. ) ;
#1359 = CARTESIAN_POINT ( 'NONE',  ( -67.00000000000000000, -74.00000000000001421, -132.0000000000000000 ) ) ;
#1360 = ORIENTED_EDGE ( 'NONE', *, *, #7169, .F. ) ;
#1361 = ORIENTED_EDGE ( 'NONE', *, *, #3026, .F. ) ;
#1362 = ORIENTED_EDGE ( 'NONE', *, *, #4453, .T. ) ;
#1363 = VECTOR ( 'NONE', #7078, 1000.000000000000000 ) ;
#1364 = CARTESIAN_POINT ( 'NONE',  ( -40.78813562373094470, -98.00000000000000000, -123.2000000000000028 ) ) ;
#1365 = CARTESIAN_POINT ( 'NONE',  ( 19.50000000000000000, -51.20000000000000284, -165.5180954499999757 ) ) ;
#1366 = AXIS2_PLACEMENT_3D ( 'NONE', #6710, #7976, #6185 ) ;
#1367 = LINE ( 'NONE', #557, #866 ) ;
#1368 = DIRECTION ( 'NONE',  ( -1.000000000000000000, 0.000000000000000000, 0.000000000000000000 ) ) ;
#1369 = ORIENTED_EDGE ( 'NONE', *, *, #2500, .F. ) ;
#1370 = ORIENTED_EDGE ( 'NONE', *, *, #2345, .F. ) ;
#1371 = ADVANCED_FACE ( 'NONE', ( #8020 ), #5194, .F. ) ;
#1372 = DIRECTION ( 'NONE',  ( 0.000000000000000000, -1.000000000000000000, 0.000000000000000000 ) ) ;
#1373 = CARTESIAN_POINT ( 'NONE',  ( 34.35000000000000142, 34.35000000000000142, -165.6180954499999700 ) ) ;
#1374 = EDGE_CURVE ( 'NONE', #1828, #4097, #2585, .T. ) ;
#1375 = EDGE_CURVE ( 'NONE', #3151, #3748, #3936, .T. ) ;
#1376 = CARTESIAN_POINT ( 'NONE',  ( -46.00000000000000000, 117.2000000000000028, -165.5180954499999757 ) ) ;
#1377 = ORIENTED_EDGE ( 'NONE', *, *, #7453, .F. ) ;
#1378 = ORIENTED_EDGE ( 'NONE', *, *, #5248, .F. ) ;
#1379 = LINE ( 'NONE', #524, #2388 ) ;
#1380 = LINE ( 'NONE', #7213, #1441 ) ;
#1381 = CIRCLE ( 'NONE', #4851, 5.000000000000004441 ) ;
#1382 = DIRECTION ( 'NONE',  ( 0.000000000000000000, 0.000000000000000000, -1.000000000000000000 ) ) ;
#1383 = VERTEX_POINT ( 'NONE', #2711 ) ;
#1384 = DIRECTION ( 'NONE',  ( -0.000000000000000000, 0.000000000000000000, -1.000000000000000000 ) ) ;
#1385 = EDGE_CURVE ( 'NONE', #6828, #7325, #6585, .T. ) ;
#1386 = DIRECTION ( 'NONE',  ( 0.000000000000000000, 0.000000000000000000, -1.000000000000000000 ) ) ;
#1387 = ADVANCED_FACE ( 'NONE', ( #3282 ), #4626, .T. ) ;
#1388 = CARTESIAN_POINT ( 'NONE',  ( -46.00000000000000000, 90.00000000000000000, -123.2000000000000028 ) ) ;
#1389 = DIRECTION ( 'NONE',  ( 0.7071067811865474617, -0.7071067811865474617, 0.000000000000000000 ) ) ;
#1390 = DIRECTION ( 'NONE',  ( -0.000000000000000000, -0.000000000000000000, 1.000000000000000000 ) ) ;
#1391 = FACE_OUTER_BOUND ( 'NONE', #6872, .T. ) ;
#1392 = ORIENTED_EDGE ( 'NONE', *, *, #5793, .T. ) ;
#1393 = ADVANCED_FACE ( 'NONE', ( #4668 ), #7323, .T. ) ;
#1394 = FACE_OUTER_BOUND ( 'NONE', #7638, .T. ) ;
#1395 = ADVANCED_FACE ( 'NONE', ( #6021 ), #5405, .F. ) ;
#1396 = CARTESIAN_POINT ( 'NONE',  ( -49.09999999999999432, 49.09999999999999432, -165.6180954499999700 ) ) ;
#1397 = CARTESIAN_POINT ( 'NONE',  ( 48.55499999999999972, 48.40299999999999869, -183.6180954499999984 ) ) ;
#1398 = ORIENTED_EDGE ( 'NONE', *, *, #376, .T. ) ;
#1399 = FACE_OUTER_BOUND ( 'NONE', #4387, .T. ) ;
#1400 = VERTEX_POINT ( 'NONE', #6714 ) ;
#1401 = VERTEX_POINT ( 'NONE', #7363 ) ;
#1402 = DIRECTION ( 'NONE',  ( -0.7071067811865469066, 0.7071067811865482389, 0.000000000000000000 ) ) ;
#1403 = ORIENTED_EDGE ( 'NONE', *, *, #5733, .T. ) ;
#1404 = ORIENTED_EDGE ( 'NONE', *, *, #1536, .T. ) ;
#1405 = ORIENTED_EDGE ( 'NONE', *, *, #2029, .F. ) ;
#1406 = AXIS2_PLACEMENT_3D ( 'NONE', #7358, #6096, #2091 ) ;
#1407 = PLANE ( 'NONE',  #6984 ) ;
#1408 = CARTESIAN_POINT ( 'NONE',  ( -105.0000000000000000, -7.000000000000000000, 124.2119090000000057 ) ) ;
#1409 = VECTOR ( 'NONE', #4566, 999.9999999999998863 ) ;
#1410 = CARTESIAN_POINT ( 'NONE',  ( -34.00000000000000000, 117.2000000000000028, -191.6180954499999984 ) ) ;
#1411 = ORIENTED_EDGE ( 'NONE', *, *, #6383, .F. ) ;
#1412 = VERTEX_POINT ( 'NONE', #1408 ) ;
#1413 = AXIS2_PLACEMENT_3D ( 'NONE', #2824, #6085, #4736 ) ;
#1414 = DIRECTION ( 'NONE',  ( 0.000000000000000000, 0.000000000000000000, -1.000000000000000000 ) ) ;
#1415 = PLANE ( 'NONE',  #2573 ) ;
#1416 = VERTEX_POINT ( 'NONE', #2056 ) ;
#1417 = DIRECTION ( 'NONE',  ( 0.000000000000000000, -0.000000000000000000, -1.000000000000000000 ) ) ;
#1418 = DIRECTION ( 'NONE',  ( 0.000000000000000000, 0.000000000000000000, 1.000000000000000000 ) ) ;
#1419 = AXIS2_PLACEMENT_3D ( 'NONE', #6991, #8474, #6340 ) ;
#1420 = ORIENTED_EDGE ( 'NONE', *, *, #7833, .T. ) ;
#1421 = FACE_OUTER_BOUND ( 'NONE', #2204, .T. ) ;
#1422 = CARTESIAN_POINT ( 'NONE',  ( -58.99999999999999289, 90.00000000000000000, -108.5967999999999449 ) ) ;
#1423 = LINE ( 'NONE', #734, #1322 ) ;
#1424 = AXIS2_PLACEMENT_3D ( 'NONE', #7768, #1975, #5195 ) ;
#1425 = VERTEX_POINT ( 'NONE', #765 ) ;
#1426 = CARTESIAN_POINT ( 'NONE',  ( 43.59999999999999432, 43.59999999999999432, -191.6180954499999984 ) ) ;
#1427 = CARTESIAN_POINT ( 'NONE',  ( -57.00000000000000000, 18.00000000000000000, -92.20148000000000366 ) ) ;
#1428 = DIRECTION ( 'NONE',  ( -1.000000000000000000, 0.000000000000000000, 0.000000000000000000 ) ) ;
#1429 = EDGE_CURVE ( 'NONE', #3959, #5395, #2756, .T. ) ;
#1430 = EDGE_CURVE ( 'NONE', #5874, #4180, #4992, .T. ) ;
#1431 = VECTOR ( 'NONE', #6274, 1000.000000000000000 ) ;
#1432 = CARTESIAN_POINT ( 'NONE',  ( -110.0000000000000000, 24.00000000000000000, 122.2119089999999773 ) ) ;
#1433 = ADVANCED_FACE ( 'NONE', ( #3817 ), #4294, .F. ) ;
#1434 = DIRECTION ( 'NONE',  ( -0.6196442885790209854, -0.000000000000000000, -0.7848827655334259523 ) ) ;
#1435 = ORIENTED_EDGE ( 'NONE', *, *, #4985, .F. ) ;
#1436 = AXIS2_PLACEMENT_3D ( 'NONE', #7564, #6816, #8303 ) ;
#1437 = CARTESIAN_POINT ( 'NONE',  ( 44.55499999999999972, 44.40299999999999869, -183.6180954499999984 ) ) ;
#1438 = CARTESIAN_POINT ( 'NONE',  ( -47.00000000000000000, 0.000000000000000000, -165.6180954499999700 ) ) ;
#1439 = CARTESIAN_POINT ( 'NONE',  ( -33.00000000000000000, 0.000000000000000000, -191.6180954499999984 ) ) ;
#1440 = EDGE_LOOP ( 'NONE', ( #4416, #3466, #4660, #5188 ) ) ;
#1441 = VECTOR ( 'NONE', #3905, 1000.000000000000114 ) ;
#1442 = ADVANCED_FACE ( 'NONE', ( #7079 ), #5124, .T. ) ;
#1443 = DIRECTION ( 'NONE',  ( 0.000000000000000000, -1.000000000000000000, 0.000000000000000000 ) ) ;
#1444 = EDGE_CURVE ( 'NONE', #3278, #725, #3168, .T. ) ;
#1445 = ORIENTED_EDGE ( 'NONE', *, *, #4838, .T. ) ;
#1446 = ORIENTED_EDGE ( 'NONE', *, *, #1, .F. ) ;
#1447 = CARTESIAN_POINT ( 'NONE',  ( 50.00000000000000000, 125.0000000000000000, -191.6180954499999984 ) ) ;
#1448 = VERTEX_POINT ( 'NONE', #1811 ) ;
#1449 = ORIENTED_EDGE ( 'NONE', *, *, #7183, .F. ) ;
#1450 = ORIENTED_EDGE ( 'NONE', *, *, #4532, .T. ) ;
#1451 = CARTESIAN_POINT ( 'NONE',  ( -13.00000000000000000, 98.00000000000000000, -123.2000000000000028 ) ) ;
#1452 = CARTESIAN_POINT ( 'NONE',  ( -40.78813562373094470, -90.00000000000000000, -128.2000000000000171 ) ) ;
#1453 = VERTEX_POINT ( 'NONE', #7687 ) ;
#1454 = ORIENTED_EDGE ( 'NONE', *, *, #1318, .F. ) ;
#1455 = CARTESIAN_POINT ( 'NONE',  ( 19.50000000000000000, 120.2000000000000028, -165.5180954499999757 ) ) ;
#1456 = ORIENTED_EDGE ( 'NONE', *, *, #7227, .T. ) ;
#1457 = DIRECTION ( 'NONE',  ( -1.000000000000000000, 0.000000000000000000, 0.000000000000000000 ) ) ;
#1458 = CARTESIAN_POINT ( 'NONE',  ( -77.42299999999997340, 82.00000000000000000, -77.42300000000003024 ) ) ;
#1459 = VECTOR ( 'NONE', #2715, 1000.000000000000114 ) ;
#1460 = EDGE_LOOP ( 'NONE', ( #1976, #6657, #505, #2767 ) ) ;
#1461 = CARTESIAN_POINT ( 'NONE',  ( -51.00000000000000000, -20.19999999999999929, -92.20148000000000366 ) ) ;
#1462 = CARTESIAN_POINT ( 'NONE',  ( 0.000000000000000000, 0.000000000000000000, -99.20148000000000366 ) ) ;
#1463 = LINE ( 'NONE', #2073, #5346 ) ;
#1464 = VECTOR ( 'NONE', #1466, 1000.000000000000000 ) ;
#1465 = ORIENTED_EDGE ( 'NONE', *, *, #8449, .F. ) ;
#1466 = DIRECTION ( 'NONE',  ( 0.000000000000000000, 0.000000000000000000, -1.000000000000000000 ) ) ;
#1467 = DIRECTION ( 'NONE',  ( -1.000000000000000000, 0.000000000000000000, 0.000000000000000000 ) ) ;
#1468 = LINE ( 'NONE', #865, #3439 ) ;
#1469 = CIRCLE ( 'NONE', #365, 1.250000000000001110 ) ;
#1470 = DIRECTION ( 'NONE',  ( 0.000000000000000000, -1.000000000000000000, 0.000000000000000000 ) ) ;
#1471 = FACE_OUTER_BOUND ( 'NONE', #1460, .T. ) ;
#1472 = VERTEX_POINT ( 'NONE', #8385 ) ;
#1473 = EDGE_CURVE ( 'NONE', #628, #5006, #2419, .T. ) ;
#1474 = DIRECTION ( 'NONE',  ( 0.000000000000000000, -1.000000000000000000, 0.000000000000000000 ) ) ;
#1475 = AXIS2_PLACEMENT_3D ( 'NONE', #4480, #4435, #2384 ) ;
#1476 = DIRECTION ( 'NONE',  ( 0.000000000000000000, 1.000000000000000000, 0.000000000000000000 ) ) ;
#1477 = LINE ( 'NONE', #961, #2043 ) ;
#1478 = EDGE_CURVE ( 'NONE', #5874, #5709, #5079, .T. ) ;
#1479 = EDGE_CURVE ( 'NONE', #1204, #5189, #2994, .T. ) ;
#1480 = DIRECTION ( 'NONE',  ( -0.000000000000000000, 0.000000000000000000, -1.000000000000000000 ) ) ;
#1481 = VERTEX_POINT ( 'NONE', #5644 ) ;
#1482 = AXIS2_PLACEMENT_3D ( 'NONE', #8427, #430, #2333 ) ;
#1483 = CARTESIAN_POINT ( 'NONE',  ( -61.00000000000000000, 18.00000000000000000, -92.20148000000000366 ) ) ;
#1484 = ORIENTED_EDGE ( 'NONE', *, *, #2865, .F. ) ;
#1485 = EDGE_LOOP ( 'NONE', ( #4179, #5541, #3800, #936 ) ) ;
#1486 = LINE ( 'NONE', #5483, #1959 ) ;
#1487 = ORIENTED_EDGE ( 'NONE', *, *, #6424, .T. ) ;
#1488 = CC_DESIGN_DATE_AND_TIME_ASSIGNMENT ( #3092, #3873, ( #6903 ) ) ;
#1489 = VERTEX_POINT ( 'NONE', #5818 ) ;
#1490 = VECTOR ( 'NONE', #7000, 1000.000000000000000 ) ;
#1491 = EDGE_CURVE ( 'NONE', #7506, #4678, #1772, .T. ) ;
#1492 = EDGE_CURVE ( 'NONE', #7317, #7715, #7035, .T. ) ;
#1493 = DIRECTION ( 'NONE',  ( 0.000000000000000000, -1.000000000000000000, 0.000000000000000000 ) ) ;
#1494 = DIRECTION ( 'NONE',  ( -8.326672684688666165E-15, 0.000000000000000000, 1.000000000000000000 ) ) ;
#1495 = ORIENTED_EDGE ( 'NONE', *, *, #2392, .T. ) ;
#1496 = VERTEX_POINT ( 'NONE', #3642 ) ;
#1497 = VECTOR ( 'NONE', #3211, 1000.000000000000114 ) ;
#1498 = ORIENTED_EDGE ( 'NONE', *, *, #8035, .F. ) ;
#1499 = FACE_OUTER_BOUND ( 'NONE', #2722, .T. ) ;
#1500 = ORIENTED_EDGE ( 'NONE', *, *, #7380, .F. ) ;
#1501 = CARTESIAN_POINT ( 'NONE',  ( -13.00000000000000000, 90.00000000000000000, -123.2000000000000028 ) ) ;
#1502 = CARTESIAN_POINT ( 'NONE',  ( 31.00000000000000000, 20.00000000000000000, -50.00000000000000000 ) ) ;
#1503 = CIRCLE ( 'NONE', #5951, 5.000000000000004441 ) ;
#1504 = ORIENTED_EDGE ( 'NONE', *, *, #3468, .F. ) ;
#1505 = CARTESIAN_POINT ( 'NONE',  ( 0.000000000000000000, -117.2000000000000028, -191.6180954499999984 ) ) ;
#1506 = PLANE ( 'NONE',  #6675 ) ;
#1507 = FACE_OUTER_BOUND ( 'NONE', #7693, .T. ) ;
#1508 = ORIENTED_EDGE ( 'NONE', *, *, #5888, .F. ) ;
#1509 = CARTESIAN_POINT ( 'NONE',  ( -14.97348886532344103, 98.00000000000000000, -102.5294888653234295 ) ) ;
#1510 = FACE_BOUND ( 'NONE', #4275, .T. ) ;
#1511 = FACE_OUTER_BOUND ( 'NONE', #6840, .T. ) ;
#1512 = DIRECTION ( 'NONE',  ( 0.000000000000000000, 1.000000000000000000, 0.000000000000000000 ) ) ;
#1513 = CARTESIAN_POINT ( 'NONE',  ( -102.0000000000000142, 24.00000000000000000, 110.0000000000000000 ) ) ;
#1514 = EDGE_LOOP ( 'NONE', ( #249, #6746, #4309, #6707 ) ) ;
#1515 = CARTESIAN_POINT ( 'NONE',  ( -47.00000000000000000, -49.20000000000000284, -165.6180954499999700 ) ) ;
#1516 = DIRECTION ( 'NONE',  ( 0.000000000000000000, 0.000000000000000000, 1.000000000000000000 ) ) ;
#1517 = CARTESIAN_POINT ( 'NONE',  ( -90.00000000000000000, -74.00000000000001421, -149.0000000000000000 ) ) ;
#1518 = LINE ( 'NONE', #2784, #2508 ) ;
#1519 = LINE ( 'NONE', #1171, #4477 ) ;
#1520 = PLANE ( 'NONE',  #188 ) ;
#1521 = ORIENTED_EDGE ( 'NONE', *, *, #3931, .F. ) ;
#1522 = ORIENTED_EDGE ( 'NONE', *, *, #4187, .T. ) ;
#1523 = DIRECTION ( 'NONE',  ( 0.000000000000000000, 0.000000000000000000, -1.000000000000000000 ) ) ;
#1524 = EDGE_CURVE ( 'NONE', #2964, #3472, #1124, .T. ) ;
#1525 = ORIENTED_EDGE ( 'NONE', *, *, #8127, .F. ) ;
#1526 = EDGE_CURVE ( 'NONE', #3620, #4235, #6297, .T. ) ;
#1527 = ORIENTED_EDGE ( 'NONE', *, *, #3393, .F. ) ;
#1528 = ADVANCED_FACE ( 'NONE', ( #3123 ), #5034, .F. ) ;
#1529 = EDGE_CURVE ( 'NONE', #4141, #3668, #1641, .T. ) ;
#1530 = LINE ( 'NONE', #4184, #7135 ) ;
#1531 = ORIENTED_EDGE ( 'NONE', *, *, #8397, .T. ) ;
#1532 = CARTESIAN_POINT ( 'NONE',  ( -34.00000000000000000, -48.20000000000000284, -165.5180954499999757 ) ) ;
#1533 = VERTEX_POINT ( 'NONE', #1683 ) ;
#1534 = VERTEX_POINT ( 'NONE', #4335 ) ;
#1535 = ORIENTED_EDGE ( 'NONE', *, *, #3396, .T. ) ;
#1536 = EDGE_CURVE ( 'NONE', #7544, #5135, #2250, .T. ) ;
#1537 = DIRECTION ( 'NONE',  ( -1.000000000000000000, 0.000000000000000000, 0.000000000000000000 ) ) ;
#1538 = ORIENTED_EDGE ( 'NONE', *, *, #5628, .T. ) ;
#1539 = ORIENTED_EDGE ( 'NONE', *, *, #1695, .T. ) ;
#1540 = DIRECTION ( 'NONE',  ( 0.000000000000000000, -1.000000000000000000, 0.000000000000000000 ) ) ;
#1541 = CARTESIAN_POINT ( 'NONE',  ( 44.55499999999999972, 124.8029999999999973, -183.6180954499999984 ) ) ;
#1542 = CIRCLE ( 'NONE', #23, 5.000000000000004441 ) ;
#1543 = ORIENTED_EDGE ( 'NONE', *, *, #2768, .T. ) ;
#1544 = AXIS2_PLACEMENT_3D ( 'NONE', #5661, #6920, #1099 ) ;
#1545 = DIRECTION ( 'NONE',  ( -0.000000000000000000, 1.000000000000000000, -0.000000000000000000 ) ) ;
#1546 = CARTESIAN_POINT ( 'NONE',  ( 19.50000000000000000, -120.2000000000000028, -165.5180954499999757 ) ) ;
#1547 = EDGE_CURVE ( 'NONE', #6414, #6875, #392, .T. ) ;
#1548 = LINE ( 'NONE', #818, #5431 ) ;
#1549 = EDGE_CURVE ( 'NONE', #7225, #2318, #2375, .T. ) ;
#1550 = PLANE ( 'NONE',  #6455 ) ;
#1551 = ORIENTED_EDGE ( 'NONE', *, *, #3842, .F. ) ;
#1552 = DIRECTION ( 'NONE',  ( -1.000000000000000000, 0.000000000000000000, 0.000000000000000000 ) ) ;
#1553 = VECTOR ( 'NONE', #7565, 1000.000000000000000 ) ;
#1554 = FACE_BOUND ( 'NONE', #3497, .T. ) ;
#1555 = DIRECTION ( 'NONE',  ( 1.000000000000000000, -0.000000000000000000, 0.000000000000000000 ) ) ;
#1556 = VECTOR ( 'NONE', #7124, 1000.000000000000000 ) ;
#1557 = PLANE ( 'NONE',  #2688 ) ;
#1558 = CARTESIAN_POINT ( 'NONE',  ( -105.0000000000000000, 7.000000000000000000, 122.2119090000000057 ) ) ;
#1559 = ORIENTED_EDGE ( 'NONE', *, *, #484, .T. ) ;
#1560 = PLANE ( 'NONE',  #2594 ) ;
#1561 = DIRECTION ( 'NONE',  ( 1.000000000000000000, 0.000000000000000000, 0.000000000000000000 ) ) ;
#1562 = DIRECTION ( 'NONE',  ( 0.000000000000000000, 0.000000000000000000, -1.000000000000000000 ) ) ;
#1563 = VECTOR ( 'NONE', #2758, 1000.000000000000000 ) ;
#1564 = DIRECTION ( 'NONE',  ( -1.000000000000000000, 0.000000000000000000, 0.000000000000000000 ) ) ;
#1565 = LINE ( 'NONE', #5658, #2966 ) ;
#1566 = ORIENTED_EDGE ( 'NONE', *, *, #5347, .F. ) ;
#1567 = VERTEX_POINT ( 'NONE', #3732 ) ;
#1569 = VECTOR ( 'NONE', #2304, 1000.000000000000000 ) ;
#1568 = CARTESIAN_POINT ( 'NONE',  ( -57.00000000000000000, 18.00000000000000000, -90.20148000000000366 ) ) ;
#1570 = VERTEX_POINT ( 'NONE', #5730 ) ;
#1571 = ORIENTED_EDGE ( 'NONE', *, *, #3607, .F. ) ;
#1572 = AXIS2_PLACEMENT_3D ( 'NONE', #3224, #6437, #1181 ) ;
#1573 = DIRECTION ( 'NONE',  ( -0.000000000000000000, -0.000000000000000000, -1.000000000000000000 ) ) ;
#1574 = ORIENTED_EDGE ( 'NONE', *, *, #2938, .T. ) ;
#1575 = FACE_OUTER_BOUND ( 'NONE', #3750, .T. ) ;
#1576 = ORIENTED_EDGE ( 'NONE', *, *, #1857, .T. ) ;
#1577 = ORIENTED_EDGE ( 'NONE', *, *, #1798, .F. ) ;
#1578 = EDGE_LOOP ( 'NONE', ( #7075, #7605, #8359, #4963 ) ) ;
#1579 = LINE ( 'NONE', #4974, #2579 ) ;
#1580 = ORIENTED_EDGE ( 'NONE', *, *, #812, .F. ) ;
#1581 = EDGE_CURVE ( 'NONE', #8199, #5179, #7481, .T. ) ;
#1582 = EDGE_CURVE ( 'NONE', #2948, #3212, #3529, .T. ) ;
#1583 = LINE ( 'NONE', #6721, #1338 ) ;
#1584 = DIRECTION ( 'NONE',  ( 1.000000000000000000, -0.000000000000000000, 0.000000000000000000 ) ) ;
#1585 = EDGE_CURVE ( 'NONE', #6662, #821, #7735, .T. ) ;
#1586 = ORIENTED_EDGE ( 'NONE', *, *, #6580, .F. ) ;
#1587 = EDGE_CURVE ( 'NONE', #4159, #2315, #1519, .T. ) ;
#1588 = DIRECTION ( 'NONE',  ( 0.7071067811865475727, 0.7071067811865475727, 0.000000000000000000 ) ) ;
#1589 = CARTESIAN_POINT ( 'NONE',  ( 32.50000000000000000, -52.20000000000000284, -191.6180954499999984 ) ) ;
#1590 = DIRECTION ( 'NONE',  ( 0.000000000000000000, 0.000000000000000000, -1.000000000000000000 ) ) ;
#1591 = DIRECTION ( 'NONE',  ( 0.7071067811865474617, 0.7071067811865474617, 0.000000000000000000 ) ) ;
#1592 = ADVANCED_FACE ( 'NONE', ( #3735 ), #5731, .F. ) ;
#1593 = ORIENTED_EDGE ( 'NONE', *, *, #8178, .T. ) ;
#1594 = FACE_OUTER_BOUND ( 'NONE', #7336, .T. ) ;
#1595 = VECTOR ( 'NONE', #3680, 1000.000000000000000 ) ;
#1596 = PLANE ( 'NONE',  #1615 ) ;
#1597 = DIRECTION ( 'NONE',  ( -1.000000000000000000, -0.000000000000000000, -0.000000000000000000 ) ) ;
#1598 = EDGE_CURVE ( 'NONE', #2533, #6396, #6825, .T. ) ;
#1599 = EDGE_CURVE ( 'NONE', #3698, #845, #875, .T. ) ;
#1600 = VECTOR ( 'NONE', #4847, 1000.000000000000227 ) ;
#1601 = PLANE ( 'NONE',  #1436 ) ;
#1602 = CARTESIAN_POINT ( 'NONE',  ( 48.55499999999999972, 48.40299999999999869, -177.6180954499999984 ) ) ;
#1603 = ORIENTED_EDGE ( 'NONE', *, *, #1900, .T. ) ;
#1604 = LINE ( 'NONE', #3606, #4264 ) ;
#1605 = CARTESIAN_POINT ( 'NONE',  ( 33.50000000000000000, -118.2000000000000028, -165.5180954499999757 ) ) ;
#1606 = LINE ( 'NONE', #6914, #8160 ) ;
#1607 = AXIS2_PLACEMENT_3D ( 'NONE', #1808, #5598, #6378 ) ;
#1608 = DIRECTION ( 'NONE',  ( 0.000000000000000000, 0.000000000000000000, 1.000000000000000000 ) ) ;
#1609 = LINE ( 'NONE', #5051, #7125 ) ;
#1610 = ORIENTED_EDGE ( 'NONE', *, *, #8016, .F. ) ;
#1611 = ORIENTED_EDGE ( 'NONE', *, *, #7965, .F. ) ;
#1612 = CARTESIAN_POINT ( 'NONE',  ( -54.00000000000000000, -36.00000000000000000, -183.5180954499999757 ) ) ;
#1613 = AXIS2_PLACEMENT_3D ( 'NONE', #6941, #6294, #988 ) ;
#1614 = ORIENTED_EDGE ( 'NONE', *, *, #1585, .F. ) ;
#1615 = AXIS2_PLACEMENT_3D ( 'NONE', #6121, #6249, #7513 ) ;
#1616 = FACE_OUTER_BOUND ( 'NONE', #197, .T. ) ;
#1617 = ORIENTED_EDGE ( 'NONE', *, *, #8500, .F. ) ;
#1618 = PLANE ( 'NONE',  #2400 ) ;
#1619 = EDGE_LOOP ( 'NONE', ( #8013, #5799, #2581, #61 ) ) ;
#1620 = ORIENTED_EDGE ( 'NONE', *, *, #3343, .T. ) ;
#1621 = ORIENTED_EDGE ( 'NONE', *, *, #8249, .T. ) ;
#1622 = DIRECTION ( 'NONE',  ( 0.000000000000000000, 0.000000000000000000, 1.000000000000000000 ) ) ;
#1623 = ORIENTED_EDGE ( 'NONE', *, *, #1280, .T. ) ;
#1624 = VECTOR ( 'NONE', #4342, 1000.000000000000000 ) ;
#1625 = DIRECTION ( 'NONE',  ( 1.000000000000000000, 0.000000000000000000, 0.000000000000000000 ) ) ;
#1626 = DIRECTION ( 'NONE',  ( -0.000000000000000000, -1.000000000000000000, -0.000000000000000000 ) ) ;
#1627 = ORIENTED_EDGE ( 'NONE', *, *, #8340, .F. ) ;
#1628 = AXIS2_PLACEMENT_3D ( 'NONE', #5655, #5087, #5697 ) ;
#1629 = EDGE_CURVE ( 'NONE', #2236, #2612, #1126, .T. ) ;
#1630 = LINE ( 'NONE', #2644, #1136 ) ;
#1631 = DIRECTION ( 'NONE',  ( 1.000000000000000000, 0.000000000000000000, -0.000000000000000000 ) ) ;
#1632 = CARTESIAN_POINT ( 'NONE',  ( 44.55499999999999972, 44.40299999999999869, -165.6180954499999700 ) ) ;
#1633 = CARTESIAN_POINT ( 'NONE',  ( -57.00000000000000000, 18.00000000000000000, -90.20148000000000366 ) ) ;
#1634 = EDGE_CURVE ( 'NONE', #2001, #5324, #3124, .T. ) ;
#1635 = ADVANCED_FACE ( 'NONE', ( #8342 ), #5080, .T. ) ;
#1636 = VERTEX_POINT ( 'NONE', #1684 ) ;
#1637 = DIRECTION ( 'NONE',  ( -1.000000000000000000, -0.000000000000000000, -0.000000000000000000 ) ) ;
#1638 = VECTOR ( 'NONE', #8201, 1000.000000000000114 ) ;
#1639 = CARTESIAN_POINT ( 'NONE',  ( 33.50000000000000000, -51.20000000000000284, -165.5180954499999757 ) ) ;
#1640 = FACE_OUTER_BOUND ( 'NONE', #2090, .T. ) ;
#1641 = LINE ( 'NONE', #1084, #5582 ) ;
#1642 = EDGE_CURVE ( 'NONE', #1341, #6964, #395, .T. ) ;
#1643 = EDGE_CURVE ( 'NONE', #4065, #1309, #8137, .T. ) ;
#1644 = AXIS2_PLACEMENT_3D ( 'NONE', #107, #6755, #4664 ) ;
#1645 = VERTEX_POINT ( 'NONE', #6342 ) ;
#1646 = FACE_OUTER_BOUND ( 'NONE', #5976, .T. ) ;
#1647 = PLANE ( 'NONE',  #1825 ) ;
#1648 = EDGE_LOOP ( 'NONE', ( #3991, #7311, #230, #2448 ) ) ;
#1649 = EDGE_CURVE ( 'NONE', #3325, #4311, #1729, .T. ) ;
#1650 = EDGE_CURVE ( 'NONE', #827, #4938, #2376, .T. ) ;
#1651 = LINE ( 'NONE', #3436, #4679 ) ;
#1652 = FACE_OUTER_BOUND ( 'NONE', #1988, .T. ) ;
#1653 = CARTESIAN_POINT ( 'NONE',  ( -57.84499999999999886, 44.40299999999999869, -165.6180954499999700 ) ) ;
#1654 = CARTESIAN_POINT ( 'NONE',  ( -51.00000000000000000, 20.19999999999999929, -92.20148000000000366 ) ) ;
#1655 = LINE ( 'NONE', #4222, #6847 ) ;
#1656 = ORIENTED_EDGE ( 'NONE', *, *, #2818, .F. ) ;
#1657 = VERTEX_POINT ( 'NONE', #7082 ) ;
#1658 = DIRECTION ( 'NONE',  ( 1.000000000000000000, 0.000000000000000000, -0.000000000000000000 ) ) ;
#1659 = ORIENTED_EDGE ( 'NONE', *, *, #6164, .F. ) ;
#1660 = EDGE_CURVE ( 'NONE', #8070, #3458, #5774, .T. ) ;
#1661 = EDGE_CURVE ( 'NONE', #4144, #800, #1085, .T. ) ;
#1662 = FACE_OUTER_BOUND ( 'NONE', #7400, .T. ) ;
#1663 = ORIENTED_EDGE ( 'NONE', *, *, #7602, .F. ) ;
#1664 = DIRECTION ( 'NONE',  ( 0.000000000000000000, -0.000000000000000000, 1.000000000000000000 ) ) ;
#1665 = EDGE_LOOP ( 'NONE', ( #330, #1965, #5710, #891 ) ) ;
#1666 = ORIENTED_EDGE ( 'NONE', *, *, #3392, .F. ) ;
#1667 = ORIENTED_EDGE ( 'NONE', *, *, #4408, .T. ) ;
#1668 = CARTESIAN_POINT ( 'NONE',  ( -41.10000000000000142, -41.10000000000000142, -191.6180954499999984 ) ) ;
#1669 = VERTEX_POINT ( 'NONE', #6425 ) ;
#1670 = FACE_OUTER_BOUND ( 'NONE', #7449, .T. ) ;
#1671 = CARTESIAN_POINT ( 'NONE',  ( 45.00000000000000000, 32.00000000000000000, -10.00000000000000000 ) ) ;
#1672 = VERTEX_POINT ( 'NONE', #434 ) ;
#1673 = LINE ( 'NONE', #4459, #2765 ) ;
#1674 = LINE ( 'NONE', #3029, #7118 ) ;
#1675 = VECTOR ( 'NONE', #5880, 1000.000000000000000 ) ;
#1676 = DIRECTION ( 'NONE',  ( -1.000000000000000000, 0.000000000000000000, 0.000000000000000000 ) ) ;
#1677 = LINE ( 'NONE', #4811, #3823 ) ;
#1678 = VERTEX_POINT ( 'NONE', #481 ) ;
#1679 = LINE ( 'NONE', #5641, #7302 ) ;
#1680 = DIRECTION ( 'NONE',  ( 0.000000000000000000, 0.000000000000000000, 1.000000000000000000 ) ) ;
#1681 = CARTESIAN_POINT ( 'NONE',  ( -38.71706781186546209, -81.99999999999998579, -123.2000000000000028 ) ) ;
#1682 = VECTOR ( 'NONE', #4810, 1000.000000000000000 ) ;
#1683 = CARTESIAN_POINT ( 'NONE',  ( 31.00000000000000000, -32.00000000000000000, -10.00000000000000000 ) ) ;
#1684 = CARTESIAN_POINT ( 'NONE',  ( -13.00000000000000000, 82.00000000000000000, -108.0000000000000000 ) ) ;
#1685 = EDGE_LOOP ( 'NONE', ( #3017, #5668, #1928, #7828 ) ) ;
#1686 = FACE_OUTER_BOUND ( 'NONE', #6179, .T. ) ;
#1687 = LINE ( 'NONE', #4911, #4325 ) ;
#1688 = VECTOR ( 'NONE', #5603, 1000.000000000000000 ) ;
#1689 = CARTESIAN_POINT ( 'NONE',  ( -75.59999999999999432, -75.59999999999999432, -191.6180954499999984 ) ) ;
#1690 = EDGE_CURVE ( 'NONE', #8356, #6119, #8431, .T. ) ;
#1691 = PLANE ( 'NONE',  #1475 ) ;
#1692 = EDGE_CURVE ( 'NONE', #6935, #2007, #7778, .T. ) ;
#1693 = CARTESIAN_POINT ( 'NONE',  ( -97.00000000000000000, 7.000000000000000000, 124.2119090000000057 ) ) ;
#1694 = VECTOR ( 'NONE', #5863, 1000.000000000000114 ) ;
#1695 = EDGE_CURVE ( 'NONE', #3391, #5097, #5984, .T. ) ;
#1696 = LINE ( 'NONE', #6222, #2514 ) ;
#1697 = EDGE_CURVE ( 'NONE', #4169, #8116, #2026, .T. ) ;
#1698 = LINE ( 'NONE', #4349, #2547 ) ;
#1699 = ORIENTED_EDGE ( 'NONE', *, *, #738, .T. ) ;
#1700 = ORIENTED_EDGE ( 'NONE', *, *, #6735, .F. ) ;
#1701 = FACE_OUTER_BOUND ( 'NONE', #7067, .T. ) ;
#1702 = ORIENTED_EDGE ( 'NONE', *, *, #8442, .T. ) ;
#1703 = VECTOR ( 'NONE', #805, 1000.000000000000000 ) ;
#1704 = EDGE_CURVE ( 'NONE', #7544, #5063, #6555, .T. ) ;
#1705 = LINE ( 'NONE', #2398, #4765 ) ;
#1706 = EDGE_CURVE ( 'NONE', #5481, #1295, #567, .T. ) ;
#1707 = ORIENTED_EDGE ( 'NONE', *, *, #5098, .T. ) ;
#1708 = AXIS2_PLACEMENT_3D ( 'NONE', #7282, #7322, #512 ) ;
#1709 = VECTOR ( 'NONE', #1750, 1000.000000000000114 ) ;
#1710 = DIRECTION ( 'NONE',  ( 0.000000000000000000, -1.000000000000000000, -0.000000000000000000 ) ) ;
#1711 = VERTEX_POINT ( 'NONE', #3949 ) ;
#1712 = ORIENTED_EDGE ( 'NONE', *, *, #4355, .F. ) ;
#1713 = ORIENTED_EDGE ( 'NONE', *, *, #7752, .F. ) ;
#1714 = EDGE_LOOP ( 'NONE', ( #2892, #4196, #3068, #4155 ) ) ;
#1715 = CARTESIAN_POINT ( 'NONE',  ( 0.000000000000000000, -90.00000000000000000, 0.000000000000000000 ) ) ;
#1716 = VECTOR ( 'NONE', #2378, 1000.000000000000000 ) ;
#1717 = CARTESIAN_POINT ( 'NONE',  ( -13.00000000000000000, -74.00000000000001421, -123.2000000000000028 ) ) ;
#1718 = PLANE ( 'NONE',  #7941 ) ;
#1719 = CARTESIAN_POINT ( 'NONE',  ( -61.84499999999999886, -120.8029999999999973, -165.6180954499999700 ) ) ;
#1720 = CYLINDRICAL_SURFACE ( 'NONE', #2531, 1.250000000000001110 ) ;
#1721 = ORIENTED_EDGE ( 'NONE', *, *, #4932, .T. ) ;
#1722 = LINE ( 'NONE', #1034, #5020 ) ;
#1723 = FACE_OUTER_BOUND ( 'NONE', #2278, .T. ) ;
#1724 = ORIENTED_EDGE ( 'NONE', *, *, #4513, .T. ) ;
#1725 = LINE ( 'NONE', #7032, #8273 ) ;
#1726 = CARTESIAN_POINT ( 'NONE',  ( -57.00000000000000000, 98.00000000000000000, -102.7459999999999951 ) ) ;
#1727 = DIRECTION ( 'NONE',  ( -0.000000000000000000, 0.000000000000000000, 1.000000000000000000 ) ) ;
#1728 = CARTESIAN_POINT ( 'NONE',  ( -88.00000000000000000, 24.00000000000000000, 122.2119089999999773 ) ) ;
#1729 = LINE ( 'NONE', #1773, #2807 ) ;
#1730 = CARTESIAN_POINT ( 'NONE',  ( -0.000000000000000000, -52.20000000000000284, -191.6180954499999984 ) ) ;
#1731 = LINE ( 'NONE', #8389, #4743 ) ;
#1732 = VERTEX_POINT ( 'NONE', #1861 ) ;
#1733 = LINE ( 'NONE', #2424, #529 ) ;
#1734 = DIRECTION ( 'NONE',  ( -0.7071067811865474617, 0.000000000000000000, -0.7071067811865474617 ) ) ;
#1735 = LINE ( 'NONE', #4390, #533 ) ;
#1736 = VECTOR ( 'NONE', #3298, 1000.000000000000000 ) ;
#1737 = DIRECTION ( 'NONE',  ( -1.000000000000000000, 0.000000000000000000, 0.000000000000000000 ) ) ;
#1738 = ADVANCED_FACE ( 'NONE', ( #34 ), #8599, .T. ) ;
#1739 = DIRECTION ( 'NONE',  ( -1.000000000000000000, 0.000000000000000000, 0.000000000000000000 ) ) ;
#1740 = VERTEX_POINT ( 'NONE', #4515 ) ;
#1741 = VERTEX_POINT ( 'NONE', #7167 ) ;
#1742 = PLANE ( 'NONE',  #447 ) ;
#1743 = ORIENTED_EDGE ( 'NONE', *, *, #1175, .T. ) ;
#1744 = VECTOR ( 'NONE', #1257, 1000.000000000000000 ) ;
#1745 = EDGE_CURVE ( 'NONE', #6146, #628, #1213, .T. ) ;
#1746 = EDGE_CURVE ( 'NONE', #2919, #5495, #8559, .T. ) ;
#1747 = DIRECTION ( 'NONE',  ( 0.000000000000000000, -0.000000000000000000, 1.000000000000000000 ) ) ;
#1748 = ORIENTED_EDGE ( 'NONE', *, *, #5048, .T. ) ;
#1749 = VECTOR ( 'NONE', #5282, 1000.000000000000114 ) ;
#1750 = DIRECTION ( 'NONE',  ( 0.7071067811865474617, -0.000000000000000000, 0.7071067811865474617 ) ) ;
#1751 = EDGE_LOOP ( 'NONE', ( #4095, #5382, #3532, #6619 ) ) ;
#1752 = ORIENTED_EDGE ( 'NONE', *, *, #2008, .T. ) ;
#1753 = ORIENTED_EDGE ( 'NONE', *, *, #4186, .F. ) ;
#1754 = ORIENTED_EDGE ( 'NONE', *, *, #2566, .F. ) ;
#1755 = EDGE_CURVE ( 'NONE', #6119, #2633, #1379, .T. ) ;
#1756 = EDGE_CURVE ( 'NONE', #3810, #3194, #2557, .T. ) ;
#1757 = PLANE ( 'NONE',  #8002 ) ;
#1758 = VECTOR ( 'NONE', #8605, 1000.000000000000000 ) ;
#1759 = CARTESIAN_POINT ( 'NONE',  ( -110.0000000000000000, -125.0000000000000000, -183.6180954499999984 ) ) ;
#1760 = ORIENTED_EDGE ( 'NONE', *, *, #3245, .T. ) ;
#1761 = DIRECTION ( 'NONE',  ( 0.000000000000000000, -1.000000000000000000, 0.000000000000000000 ) ) ;
#1762 = PLANE ( 'NONE',  #8094 ) ;
#1763 = VERTEX_POINT ( 'NONE', #3865 ) ;
#1764 = VECTOR ( 'NONE', #6420, 1000.000000000000000 ) ;
#1765 = DIRECTION ( 'NONE',  ( 0.7071067811865469066, -0.7071067811865482389, 0.000000000000000000 ) ) ;
#1766 = LINE ( 'NONE', #7116, #4928 ) ;
#1767 = ORIENTED_EDGE ( 'NONE', *, *, #5524, .F. ) ;
#1768 = LINE ( 'NONE', #4425, #8270 ) ;
#1769 = CARTESIAN_POINT ( 'NONE',  ( -77.42299999999997340, -90.00000000000000000, -77.42300000000003024 ) ) ;
#1770 = LINE ( 'NONE', #3731, #257 ) ;
#1771 = VECTOR ( 'NONE', #4742, 1000.000000000000000 ) ;
#1772 = LINE ( 'NONE', #5773, #729 ) ;
#1773 = CARTESIAN_POINT ( 'NONE',  ( -68.00000000000000000, -5.000000000000000000, -90.20148000000000366 ) ) ;
#1774 = LINE ( 'NONE', #7691, #2268 ) ;
#1775 = CARTESIAN_POINT ( 'NONE',  ( 32.50000000000000000, 117.2000000000000028, -165.5180954499999757 ) ) ;
#1776 = AXIS2_PLACEMENT_3D ( 'NONE', #2632, #565, #8473 ) ;
#1777 = VERTEX_POINT ( 'NONE', #4555 ) ;
#1778 = LINE ( 'NONE', #5738, #5932 ) ;
#1779 = DIRECTION ( 'NONE',  ( -0.000000000000000000, 0.000000000000000000, 1.000000000000000000 ) ) ;
#1780 = CARTESIAN_POINT ( 'NONE',  ( -28.57293218813455837, -81.99999999999998579, -123.2000000000000028 ) ) ;
#1781 = PERSON_AND_ORGANIZATION_ROLE ( 'classification_officer' ) ;
#1782 = VECTOR ( 'NONE', #4148, 1000.000000000000000 ) ;
#1783 = LINE ( 'NONE', #7835, #4730 ) ;
#1784 = DIRECTION ( 'NONE',  ( 0.7071067811865480168, -0.000000000000000000, -0.7071067811865470176 ) ) ;
#1785 = ORIENTED_EDGE ( 'NONE', *, *, #2987, .T. ) ;
#1786 = ORIENTED_EDGE ( 'NONE', *, *, #3734, .T. ) ;
#1787 = LINE ( 'NONE', #7093, #3774 ) ;
#1788 = ORIENTED_EDGE ( 'NONE', *, *, #7229, .T. ) ;
#1789 = DIRECTION ( 'NONE',  ( 0.3393442484258341607, -0.000000000000000000, -0.9406622566364112314 ) ) ;
#1790 = EDGE_LOOP ( 'NONE', ( #978, #5273, #3485, #7143 ) ) ;
#1791 = CARTESIAN_POINT ( 'NONE',  ( 37.00000000000000000, -26.00000000000000000, -10.00000000000000000 ) ) ;
#1792 = ORIENTED_EDGE ( 'NONE', *, *, #7772, .F. ) ;
#1793 = ORIENTED_EDGE ( 'NONE', *, *, #855, .T. ) ;
#1794 = VERTEX_POINT ( 'NONE', #8475 ) ;
#1795 = ORIENTED_EDGE ( 'NONE', *, *, #1232, .T. ) ;
#1796 = DIRECTION ( 'NONE',  ( -0.7071067811865469066, 0.7071067811865482389, 0.000000000000000000 ) ) ;
#1797 = EDGE_CURVE ( 'NONE', #4267, #2454, #7824, .T. ) ;
#1798 = EDGE_CURVE ( 'NONE', #3869, #6828, #3296, .T. ) ;
#1799 = LINE ( 'NONE', #5846, #4426 ) ;
#1800 = VERTEX_POINT ( 'NONE', #8520 ) ;
#1801 = EDGE_CURVE ( 'NONE', #7747, #5617, #5332, .T. ) ;
#1802 = CARTESIAN_POINT ( 'NONE',  ( -50.00000000000000000, 0.000000000000000000, -183.6180954499999984 ) ) ;
#1803 = EDGE_CURVE ( 'NONE', #4938, #527, #5208, .T. ) ;
#1804 = CARTESIAN_POINT ( 'NONE',  ( -78.09999999999999432, -15.00000000000000000, -86.20148000000000366 ) ) ;
#1805 = ORIENTED_EDGE ( 'NONE', *, *, #1582, .F. ) ;
#1806 = LINE ( 'NONE', #5766, #4042 ) ;
#1807 = LINE ( 'NONE', #6460, #506 ) ;
#1808 = CARTESIAN_POINT ( 'NONE',  ( 0.000000000000000000, -81.99999999999998579, 0.000000000000000000 ) ) ;
#1809 = CARTESIAN_POINT ( 'NONE',  ( 30.00000000000000000, 20.00000000000000000, -115.0000000000000000 ) ) ;
#1810 = DIRECTION ( 'NONE',  ( 0.000000000000000000, 0.000000000000000000, -1.000000000000000000 ) ) ;
#1811 = CARTESIAN_POINT ( 'NONE',  ( -47.50140412403019496, 74.00000000000000000, -125.1017785571049217 ) ) ;
#1812 = EDGE_CURVE ( 'NONE', #5881, #6336, #2597, .T. ) ;
#1813 = EDGE_CURVE ( 'NONE', #972, #3869, #5286, .T. ) ;
#1814 = DIRECTION ( 'NONE',  ( 0.000000000000000000, 1.000000000000000000, -0.000000000000000000 ) ) ;
#1815 = CARTESIAN_POINT ( 'NONE',  ( 19.50000000000000000, -118.2000000000000028, -165.5180954499999757 ) ) ;
#1816 = LINE ( 'NONE', #7692, #5297 ) ;
#1817 = EDGE_LOOP ( 'NONE', ( #4288, #4492, #3848, #274 ) ) ;
#1818 = CARTESIAN_POINT ( 'NONE',  ( -28.57293218813455837, 82.00000000000000000, -123.2000000000000028 ) ) ;
#1819 = AXIS2_PLACEMENT_3D ( 'NONE', #2153, #3635, #4856 ) ;
#1820 = LINE ( 'NONE', #441, #6756 ) ;
#1821 = CARTESIAN_POINT ( 'NONE',  ( 9.099999999999999645, 9.099999999999999645, -191.6180954499999984 ) ) ;
#1822 = CALENDAR_DATE ( 2026, 14, 9 ) ;
#1823 = LINE ( 'NONE', #6436, #1957 ) ;
#1824 = VECTOR ( 'NONE', #532, 1000.000000000000000 ) ;
#1825 = AXIS2_PLACEMENT_3D ( 'NONE', #350, #4953, #4863 ) ;
#1826 = LINE ( 'NONE', #3832, #4766 ) ;
#1827 = VERTEX_POINT ( 'NONE', #7904 ) ;
#1828 = VERTEX_POINT ( 'NONE', #3331 ) ;
#1829 = FACE_OUTER_BOUND ( 'NONE', #3371, .T. ) ;
#1830 = VERTEX_POINT ( 'NONE', #1941 ) ;
#1831 = VECTOR ( 'NONE', #2467, 1000.000000000000000 ) ;
#1832 = DIRECTION ( 'NONE',  ( 0.000000000000000000, 1.000000000000000000, 0.000000000000000000 ) ) ;
#1833 = VERTEX_POINT ( 'NONE', #4593 ) ;
#1834 = DIRECTION ( 'NONE',  ( 0.000000000000000000, 1.000000000000000000, 0.000000000000000000 ) ) ;
#1835 = EDGE_LOOP ( 'NONE', ( #1667, #2358, #2923, #6766, #7725, #570, #5801 ) ) ;
#1836 = ORIENTED_EDGE ( 'NONE', *, *, #2595, .T. ) ;
#1837 = VECTOR ( 'NONE', #7812, 1000.000000000000227 ) ;
#1838 = ORIENTED_EDGE ( 'NONE', *, *, #7068, .T. ) ;
#1839 = VERTEX_POINT ( 'NONE', #7254 ) ;
#1840 = CARTESIAN_POINT ( 'NONE',  ( -101.0000000000000000, 16.00000000000000000, 109.2119090000000057 ) ) ;
#1841 = CARTESIAN_POINT ( 'NONE',  ( 0.000000000000000000, -117.2000000000000028, -191.6180954499999984 ) ) ;
#1842 = VECTOR ( 'NONE', #7146, 1000.000000000000000 ) ;
#1843 = LINE ( 'NONE', #6500, #453 ) ;
#1844 = DIRECTION ( 'NONE',  ( -0.000000000000000000, 1.000000000000000000, 0.000000000000000000 ) ) ;
#1845 = CARTESIAN_POINT ( 'NONE',  ( -94.00000000000000000, -32.00000000000000000, -183.5180954499999757 ) ) ;
#1846 = ORIENTED_EDGE ( 'NONE', *, *, #998, .F. ) ;
#1847 = EDGE_LOOP ( 'NONE', ( #2785, #5113, #3236, #5239 ) ) ;
#1848 = EDGE_CURVE ( 'NONE', #8444, #2619, #1984, .T. ) ;
#1849 = CARTESIAN_POINT ( 'NONE',  ( -102.0000000000000142, -25.00000000000000000, -92.20148000000000366 ) ) ;
#1850 = EDGE_CURVE ( 'NONE', #1149, #5179, #3988, .T. ) ;
#1851 = VECTOR ( 'NONE', #3537, 1000.000000000000000 ) ;
#1852 = DIRECTION ( 'NONE',  ( 0.000000000000000000, 1.000000000000000000, 0.000000000000000000 ) ) ;
#1853 = AXIS2_PLACEMENT_3D ( 'NONE', #483, #6557, #3043 ) ;
#1854 = DIRECTION ( 'NONE',  ( 0.000000000000000000, 1.000000000000000000, -0.000000000000000000 ) ) ;
#1855 = ADVANCED_FACE ( 'NONE', ( #4029 ), #2071, .F. ) ;
#1856 = DIRECTION ( 'NONE',  ( -1.000000000000000000, 0.000000000000000000, 0.000000000000000000 ) ) ;
#1857 = EDGE_CURVE ( 'NONE', #7624, #1732, #6768, .T. ) ;
#1858 = DIRECTION ( 'NONE',  ( -1.000000000000000000, 0.000000000000000000, 0.000000000000000000 ) ) ;
#1859 = ORIENTED_EDGE ( 'NONE', *, *, #2345, .T. ) ;
#1860 = VECTOR ( 'NONE', #2771, 1000.000000000000000 ) ;
#1861 = CARTESIAN_POINT ( 'NONE',  ( -52.09999999999999432, -81.99999999999998579, -102.7460000000000093 ) ) ;
#1862 = DIRECTION ( 'NONE',  ( -1.000000000000000000, -0.000000000000000000, -0.000000000000000000 ) ) ;
#1863 = DIRECTION ( 'NONE',  ( 0.000000000000000000, 1.000000000000000000, 0.000000000000000000 ) ) ;
#1864 = ORIENTED_EDGE ( 'NONE', *, *, #2162, .T. ) ;
#1865 = DIRECTION ( 'NONE',  ( -0.3234575393756696227, 0.000000000000000000, -0.9462426856895841398 ) ) ;
#1866 = DIRECTION ( 'NONE',  ( 0.000000000000000000, 0.000000000000000000, -1.000000000000000000 ) ) ;
#1867 = EDGE_CURVE ( 'NONE', #15, #8199, #6807, .T. ) ;
#1868 = DIRECTION ( 'NONE',  ( 0.000000000000000000, 0.000000000000000000, 1.000000000000000000 ) ) ;
#1869 = DIRECTION ( 'NONE',  ( -0.7071067811865474617, 0.7071067811865474617, 0.000000000000000000 ) ) ;
#1870 = CARTESIAN_POINT ( 'NONE',  ( 68.84999999999999432, 68.84999999999999432, -191.6180954499999984 ) ) ;
#1871 = ORIENTED_EDGE ( 'NONE', *, *, #4470, .T. ) ;
#1872 = ORIENTED_EDGE ( 'NONE', *, *, #47, .F. ) ;
#1873 = DIRECTION ( 'NONE',  ( -0.000000000000000000, 0.000000000000000000, 1.000000000000000000 ) ) ;
#1874 = VERTEX_POINT ( 'NONE', #2854 ) ;
#1875 = VECTOR ( 'NONE', #7028, 1000.000000000000000 ) ;
#1876 = DIRECTION ( 'NONE',  ( 0.000000000000000000, 0.000000000000000000, -1.000000000000000000 ) ) ;
#1877 = ORIENTED_EDGE ( 'NONE', *, *, #1111, .T. ) ;
#1878 = DIRECTION ( 'NONE',  ( 0.000000000000000000, -1.000000000000000000, 0.000000000000000000 ) ) ;
#1879 = ORIENTED_EDGE ( 'NONE', *, *, #6851, .F. ) ;
#1880 = ORIENTED_EDGE ( 'NONE', *, *, #3338, .T. ) ;
#1881 = VECTOR ( 'NONE', #8197, 1000.000000000000114 ) ;
#1882 = VERTEX_POINT ( 'NONE', #5418 ) ;
#1883 = ORIENTED_EDGE ( 'NONE', *, *, #3842, .T. ) ;
#1884 = CARTESIAN_POINT ( 'NONE',  ( -28.57293218813455837, 62.65851158618023220, -123.2000000000000028 ) ) ;
#1885 = VECTOR ( 'NONE', #2849, 1000.000000000000000 ) ;
#1886 = CARTESIAN_POINT ( 'NONE',  ( 48.55499999999999972, -48.40299999999999869, -177.6180954499999984 ) ) ;
#1887 = CARTESIAN_POINT ( 'NONE',  ( -90.00000000000000000, 74.00000000000000000, -183.6180954499999984 ) ) ;
#1888 = DIRECTION ( 'NONE',  ( 0.000000000000000000, 0.000000000000000000, -1.000000000000000000 ) ) ;
#1889 = VERTEX_POINT ( 'NONE', #7465 ) ;
#1890 = VERTEX_POINT ( 'NONE', #1461 ) ;
#1891 = FACE_OUTER_BOUND ( 'NONE', #1751, .T. ) ;
#1892 = VECTOR ( 'NONE', #8307, 1000.000000000000000 ) ;
#1893 = CARTESIAN_POINT ( 'NONE',  ( -47.00000000000000000, 51.20000000000000284, -165.6180954499999700 ) ) ;
#1894 = LINE ( 'NONE', #5605, #1074 ) ;
#1895 = LINE ( 'NONE', #2506, #5245 ) ;
#1896 = EDGE_CURVE ( 'NONE', #2139, #4200, #775, .T. ) ;
#1897 = VERTEX_POINT ( 'NONE', #2770 ) ;
#1898 = AXIS2_PLACEMENT_3D ( 'NONE', #2371, #1680, #3075 ) ;
#1899 = CARTESIAN_POINT ( 'NONE',  ( 0.000000000000000000, -48.20000000000000284, -165.6180954499999700 ) ) ;
#1900 = EDGE_CURVE ( 'NONE', #6891, #4152, #4118, .T. ) ;
#1901 = CARTESIAN_POINT ( 'NONE',  ( -57.84499999999999886, 124.8029999999999973, -177.6180954499999984 ) ) ;
#1902 = ADVANCED_FACE ( 'NONE', ( #1421 ), #252, .F. ) ;
#1903 = FACE_BOUND ( 'NONE', #7661, .T. ) ;
#1904 = ORIENTED_EDGE ( 'NONE', *, *, #660, .F. ) ;
#1905 = CARTESIAN_POINT ( 'NONE',  ( 25.00000000000000000, 20.00000000000000000, -171.6180954499999984 ) ) ;
#1906 = VECTOR ( 'NONE', #2572, 1000.000000000000114 ) ;
#1907 = CARTESIAN_POINT ( 'NONE',  ( 68.84999999999999432, 68.84999999999999432, -165.6180954499999700 ) ) ;
#1908 = CARTESIAN_POINT ( 'NONE',  ( 25.00000000000000000, 32.00000000000000000, -183.6180954499999984 ) ) ;
#1909 = EDGE_CURVE ( 'NONE', #972, #3181, #8117, .T. ) ;
#1910 = EDGE_CURVE ( 'NONE', #1657, #212, #8072, .T. ) ;
#1911 = CARTESIAN_POINT ( 'NONE',  ( -57.84499999999999886, 124.8029999999999973, -183.6180954499999984 ) ) ;
#1912 = VECTOR ( 'NONE', #5424, 1000.000000000000000 ) ;
#1913 = EDGE_CURVE ( 'NONE', #8485, #8390, #3423, .T. ) ;
#1914 = DIRECTION ( 'NONE',  ( -1.000000000000000000, -0.000000000000000000, -0.000000000000000000 ) ) ;
#1915 = EDGE_CURVE ( 'NONE', #7899, #3620, #4855, .T. ) ;
#1916 = ORIENTED_EDGE ( 'NONE', *, *, #8507, .T. ) ;
#1917 = PLANE ( 'NONE',  #7803 ) ;
#1918 = VERTEX_POINT ( 'NONE', #2152 ) ;
#1919 = CARTESIAN_POINT ( 'NONE',  ( -40.78813562373094470, 98.00000000000000000, -128.2000000000000171 ) ) ;
#1920 = VECTOR ( 'NONE', #6890, 1000.000000000000000 ) ;
#1921 = CARTESIAN_POINT ( 'NONE',  ( -13.00000000000000000, 98.00000000000000000, -108.0000000000000000 ) ) ;
#1922 = ORIENTED_EDGE ( 'NONE', *, *, #6103, .F. ) ;
#1923 = EDGE_CURVE ( 'NONE', #3544, #1874, #6201, .T. ) ;
#1924 = CARTESIAN_POINT ( 'NONE',  ( 32.50000000000000000, 121.2000000000000028, -165.5180954499999757 ) ) ;
#1925 = ADVANCED_FACE ( 'NONE', ( #2901 ), #2809, .T. ) ;
#1926 = ORIENTED_EDGE ( 'NONE', *, *, #3716, .F. ) ;
#1927 = ORIENTED_EDGE ( 'NONE', *, *, #2502, .T. ) ;
#1928 = ORIENTED_EDGE ( 'NONE', *, *, #6808, .F. ) ;
#1929 = ORIENTED_EDGE ( 'NONE', *, *, #108, .T. ) ;
#1930 = CARTESIAN_POINT ( 'NONE',  ( -64.00000000000000000, -98.00000000000000000, -183.6180954499999984 ) ) ;
#1931 = DIRECTION ( 'NONE',  ( 0.000000000000000000, 0.000000000000000000, 1.000000000000000000 ) ) ;
#1932 = AXIS2_PLACEMENT_3D ( 'NONE', #2410, #1761, #7811 ) ;
#1933 = DIRECTION ( 'NONE',  ( 1.000000000000000000, 0.000000000000000000, 0.000000000000000000 ) ) ;
#1934 = LINE ( 'NONE', #3283, #1013 ) ;
#1935 = ORIENTED_EDGE ( 'NONE', *, *, #8470, .F. ) ;
#1936 = ORIENTED_EDGE ( 'NONE', *, *, #1813, .T. ) ;
#1937 = CARTESIAN_POINT ( 'NONE',  ( 0.000000000000000000, -48.20000000000000284, -165.6180954499999700 ) ) ;
#1938 = PLANE ( 'NONE',  #2725 ) ;
#1939 = DIRECTION ( 'NONE',  ( 1.000000000000000000, 0.000000000000000000, 0.000000000000000000 ) ) ;
#1940 = ORIENTED_EDGE ( 'NONE', *, *, #211, .F. ) ;
#1941 = CARTESIAN_POINT ( 'NONE',  ( 44.55499999999999972, -124.8029999999999973, -165.6180954499999700 ) ) ;
#1942 = FACE_OUTER_BOUND ( 'NONE', #5290, .T. ) ;
#1943 = CARTESIAN_POINT ( 'NONE',  ( -61.84499999999999886, -48.40299999999999869, -177.6180954499999984 ) ) ;
#1944 = ORIENTED_EDGE ( 'NONE', *, *, #1234, .F. ) ;
#1945 = FACE_OUTER_BOUND ( 'NONE', #5351, .T. ) ;
#1946 = CARTESIAN_POINT ( 'NONE',  ( -90.00000000000000000, 98.00000000000000000, -149.0000000000000000 ) ) ;
#1947 = PLANE ( 'NONE',  #7047 ) ;
#1948 = DIRECTION ( 'NONE',  ( 0.000000000000000000, 1.000000000000000000, 0.000000000000000000 ) ) ;
#1949 = FACE_OUTER_BOUND ( 'NONE', #5285, .T. ) ;
#1950 = AXIS2_PLACEMENT_3D ( 'NONE', #6698, #4784, #751 ) ;
#1951 = PLANE ( 'NONE',  #5575 ) ;
#1952 = ORIENTED_EDGE ( 'NONE', *, *, #2168, .F. ) ;
#1953 = ADVANCED_FACE ( 'NONE', ( #5459 ), #8204, .F. ) ;
#1954 = EDGE_CURVE ( 'NONE', #7716, #1570, #6116, .T. ) ;
#1955 = LINE ( 'NONE', #6611, #793 ) ;
#1956 = EDGE_CURVE ( 'NONE', #7061, #6395, #207, .T. ) ;
#1957 = VECTOR ( 'NONE', #1948, 1000.000000000000000 ) ;
#1958 = ADVANCED_FACE ( 'NONE', ( #2245 ), #7377, .T. ) ;
#1959 = VECTOR ( 'NONE', #8143, 1000.000000000000000 ) ;
#1960 = CARTESIAN_POINT ( 'NONE',  ( 48.00000000000000000, -20.00000000000000000, -105.0000000000000000 ) ) ;
#1961 = VERTEX_POINT ( 'NONE', #1032 ) ;
#1962 = CARTESIAN_POINT ( 'NONE',  ( -69.00000000000000000, 20.19999999999999929, -86.20148000000000366 ) ) ;
#1963 = ORIENTED_EDGE ( 'NONE', *, *, #6478, .T. ) ;
#1964 = ORIENTED_EDGE ( 'NONE', *, *, #794, .F. ) ;
#1965 = ORIENTED_EDGE ( 'NONE', *, *, #5000, .F. ) ;
#1966 = VECTOR ( 'NONE', #6980, 1000.000000000000000 ) ;
#1967 = VERTEX_POINT ( 'NONE', #8376 ) ;
#1968 = VECTOR ( 'NONE', #4517, 1000.000000000000000 ) ;
#1969 = ADVANCED_FACE ( 'NONE', ( #8289 ), #6894, .F. ) ;
#1970 = EDGE_CURVE ( 'NONE', #2543, #5526, #4419, .T. ) ;
#1971 = DIRECTION ( 'NONE',  ( -0.000000000000000000, 1.000000000000000000, 0.000000000000000000 ) ) ;
#1972 = LINE ( 'NONE', #8503, #4623 ) ;
#1973 = VECTOR ( 'NONE', #7123, 1000.000000000000000 ) ;
#1974 = DIRECTION ( 'NONE',  ( 0.000000000000000000, 0.000000000000000000, -1.000000000000000000 ) ) ;
#1975 = DIRECTION ( 'NONE',  ( -1.000000000000000000, 0.000000000000000000, 0.000000000000000000 ) ) ;
#1976 = ORIENTED_EDGE ( 'NONE', *, *, #7833, .F. ) ;
#1977 = ORIENTED_EDGE ( 'NONE', *, *, #94, .F. ) ;
#1978 = CARTESIAN_POINT ( 'NONE',  ( -9.000000000000000000, -9.000000000000000000, -191.6180954499999984 ) ) ;
#1979 = CARTESIAN_POINT ( 'NONE',  ( -47.00000000000000000, 51.20000000000000284, -191.6180954499999984 ) ) ;
#1980 = VECTOR ( 'NONE', #8591, 1000.000000000000000 ) ;
#1981 = CARTESIAN_POINT ( 'NONE',  ( -43.57699029636306420, 90.00000000000000000, -128.2000000000000171 ) ) ;
#1982 = ORIENTED_EDGE ( 'NONE', *, *, #1801, .T. ) ;
#1983 = ORIENTED_EDGE ( 'NONE', *, *, #7705, .T. ) ;
#1984 = LINE ( 'NONE', #4638, #735 ) ;
#1985 = VECTOR ( 'NONE', #4961, 1000.000000000000000 ) ;
#1986 = FACE_OUTER_BOUND ( 'NONE', #2147, .T. ) ;
#1987 = DIRECTION ( 'NONE',  ( -0.000000000000000000, -0.000000000000000000, -1.000000000000000000 ) ) ;
#1988 = EDGE_LOOP ( 'NONE', ( #2248, #7232, #5007, #7949 ) ) ;
#1989 = DIRECTION ( 'NONE',  ( -1.000000000000000000, 0.000000000000000000, 0.000000000000000000 ) ) ;
#1990 = PLANE ( 'NONE',  #7036 ) ;
#1991 = CARTESIAN_POINT ( 'NONE',  ( 87.00000000000000000, 40.00000000000000000, -183.6180954499999984 ) ) ;
#1992 = CIRCLE ( 'NONE', #6854, 5.000000000000004441 ) ;
#1993 = DIRECTION ( 'NONE',  ( -0.000000000000000000, 0.000000000000000000, 1.000000000000000000 ) ) ;
#1994 = DIRECTION ( 'NONE',  ( -0.7071067811865475727, 0.000000000000000000, 0.7071067811865475727 ) ) ;
#1995 = CARTESIAN_POINT ( 'NONE',  ( -28.57293218813455837, 62.65851158618023220, -123.2000000000000028 ) ) ;
#1996 = ORIENTED_EDGE ( 'NONE', *, *, #5355, .F. ) ;
#1997 = CARTESIAN_POINT ( 'NONE',  ( -14.97348886532344281, 90.00000000000000000, -102.5294888653234295 ) ) ;
#1998 = FACE_OUTER_BOUND ( 'NONE', #2532, .T. ) ;
#1999 = EDGE_CURVE ( 'NONE', #5232, #5280, #3678, .T. ) ;
#2000 = DIRECTION ( 'NONE',  ( 0.000000000000000000, 1.000000000000000000, -0.000000000000000000 ) ) ;
#2001 = VERTEX_POINT ( 'NONE', #5116 ) ;
#2002 = DIRECTION ( 'NONE',  ( 0.7071067811865477948, 0.000000000000000000, -0.7071067811865473507 ) ) ;
#2003 = VERTEX_POINT ( 'NONE', #6373 ) ;
#2004 = ORIENTED_EDGE ( 'NONE', *, *, #7807, .F. ) ;
#2005 = DIRECTION ( 'NONE',  ( 1.000000000000000000, -0.000000000000000000, -0.000000000000000000 ) ) ;
#2006 = EDGE_CURVE ( 'NONE', #1489, #4885, #422, .T. ) ;
#2007 = VERTEX_POINT ( 'NONE', #8420 ) ;
#2008 = EDGE_CURVE ( 'NONE', #7758, #1534, #6285, .T. ) ;
#2009 = ORIENTED_EDGE ( 'NONE', *, *, #5792, .F. ) ;
#2010 = ORIENTED_EDGE ( 'NONE', *, *, #4251, .F. ) ;
#2011 = CARTESIAN_POINT ( 'NONE',  ( -61.84499999999999886, -48.40299999999999869, -183.6180954499999984 ) ) ;
#2012 = DIRECTION ( 'NONE',  ( -0.000000000000000000, -1.000000000000000000, -0.000000000000000000 ) ) ;
#2013 = VECTOR ( 'NONE', #2546, 1000.000000000000000 ) ;
#2014 = CARTESIAN_POINT ( 'NONE',  ( -94.00000000000000000, -32.00000000000000000, -183.5180954499999757 ) ) ;
#2015 = LINE ( 'NONE', #4109, #6697 ) ;
#2016 = ORIENTED_EDGE ( 'NONE', *, *, #3654, .F. ) ;
#2017 = EDGE_LOOP ( 'NONE', ( #5612, #3724, #5019, #6831 ) ) ;
#2018 = ADVANCED_FACE ( 'NONE', ( #2945 ), #5593, .F. ) ;
#2019 = ADVANCED_FACE ( 'NONE', ( #2411 ), #1720, .F. ) ;
#2020 = LINE ( 'NONE', #8594, #5211 ) ;
#2021 = CARTESIAN_POINT ( 'NONE',  ( -30.03739828220182773, 62.65851158618023220, -124.6644660940672651 ) ) ;
#2022 = VECTOR ( 'NONE', #695, 1000.000000000000000 ) ;
#2023 = CARTESIAN_POINT ( 'NONE',  ( -46.00000000000000000, -81.99999999999998579, -123.2000000000000028 ) ) ;
#2024 = ORIENTED_EDGE ( 'NONE', *, *, #582, .F. ) ;
#2025 = ORIENTED_EDGE ( 'NONE', *, *, #7179, .T. ) ;
#2026 = LINE ( 'NONE', #4683, #4332 ) ;
#2027 = AXIS2_PLACEMENT_3D ( 'NONE', #6043, #3849, #7960 ) ;
#2028 = DIRECTION ( 'NONE',  ( -1.000000000000000000, 0.000000000000000000, 0.000000000000000000 ) ) ;
#2029 = EDGE_CURVE ( 'NONE', #6056, #2577, #7678, .T. ) ;
#2030 = CARTESIAN_POINT ( 'NONE',  ( 34.35000000000000142, -34.35000000000000142, -191.6180954499999984 ) ) ;
#2031 = ORIENTED_EDGE ( 'NONE', *, *, #1536, .F. ) ;
#2032 = CARTESIAN_POINT ( 'NONE',  ( -46.00000000000000000, 82.00000000000000000, -123.2000000000000028 ) ) ;
#2033 = CARTESIAN_POINT ( 'NONE',  ( -57.84499999999999886, -124.8029999999999973, -165.6180954499999700 ) ) ;
#2034 = FACE_OUTER_BOUND ( 'NONE', #1227, .T. ) ;
#2035 = VECTOR ( 'NONE', #8042, 1000.000000000000000 ) ;
#2036 = CARTESIAN_POINT ( 'NONE',  ( 0.000000000000000000, 0.000000000000000000, -177.6180954499999984 ) ) ;
#2037 = CARTESIAN_POINT ( 'NONE',  ( 25.00000000000000000, -32.00000000000000000, -171.6180954499999984 ) ) ;
#2038 = DIRECTION ( 'NONE',  ( 0.000000000000000000, 1.000000000000000000, 0.000000000000000000 ) ) ;
#2039 = VECTOR ( 'NONE', #1474, 1000.000000000000000 ) ;
#2040 = ORIENTED_EDGE ( 'NONE', *, *, #6968, .T. ) ;
#2041 = CARTESIAN_POINT ( 'NONE',  ( 45.00000000000000000, -20.00000000000000000, -40.00000000000000000 ) ) ;
#2042 = LINE ( 'NONE', #2652, #5802 ) ;
#2043 = VECTOR ( 'NONE', #224, 1000.000000000000000 ) ;
#2044 = DIRECTION ( 'NONE',  ( 0.000000000000000000, 0.000000000000000000, 1.000000000000000000 ) ) ;
#2045 = ORIENTED_EDGE ( 'NONE', *, *, #5564, .F. ) ;
#2046 = DIRECTION ( 'NONE',  ( 1.000000000000000000, 0.000000000000000000, 0.000000000000000000 ) ) ;
#2047 = ORIENTED_EDGE ( 'NONE', *, *, #3440, .T. ) ;
#2048 = VERTEX_POINT ( 'NONE', #2365 ) ;
#2049 = CARTESIAN_POINT ( 'NONE',  ( -64.00000000000000000, 98.00000000000000000, -183.6180954499999984 ) ) ;
#2050 = EDGE_LOOP ( 'NONE', ( #7529, #7702, #6280, #7781 ) ) ;
#2051 = ORIENTED_EDGE ( 'NONE', *, *, #5946, .T. ) ;
#2052 = VECTOR ( 'NONE', #1428, 1000.000000000000000 ) ;
#2053 =( NAMED_UNIT ( * ) SI_UNIT ( $, .STERADIAN. ) SOLID_ANGLE_UNIT ( ) );
#2054 = CARTESIAN_POINT ( 'NONE',  ( 19.50000000000000000, 118.2000000000000028, -165.5180954499999757 ) ) ;
#2055 = VECTOR ( 'NONE', #5544, 1000.000000000000000 ) ;
#2056 = CARTESIAN_POINT ( 'NONE',  ( -110.0000000000000000, 125.0000000000000000, -191.6180954499999984 ) ) ;
#2057 = FACE_OUTER_BOUND ( 'NONE', #882, .T. ) ;
#2058 = ORIENTED_EDGE ( 'NONE', *, *, #4244, .F. ) ;
#2059 = ORIENTED_EDGE ( 'NONE', *, *, #1629, .T. ) ;
#2060 = FACE_OUTER_BOUND ( 'NONE', #8583, .T. ) ;
#2061 = PLANE ( 'NONE',  #354 ) ;
#2062 = EDGE_LOOP ( 'NONE', ( #4232, #2009, #1944, #2394 ) ) ;
#2063 = EDGE_CURVE ( 'NONE', #189, #146, #5070, .T. ) ;
#2064 = ADVANCED_FACE ( 'NONE', ( #7724 ), #1762, .F. ) ;
#2065 = LINE ( 'NONE', #4717, #232 ) ;
#2066 = DIRECTION ( 'NONE',  ( -0.7071067811865474617, 0.7071067811865474617, -0.000000000000000000 ) ) ;
#2067 = EDGE_CURVE ( 'NONE', #2928, #4065, #1115, .T. ) ;
#2068 = VERTEX_POINT ( 'NONE', #1589 ) ;
#2069 = ADVANCED_FACE ( 'NONE', ( #5636, #3760, #5026, #6982, #4327, #6413, #983 ), #468, .T. ) ;
#2070 = VERTEX_POINT ( 'NONE', #7635 ) ;
#2071 = PLANE ( 'NONE',  #3367 ) ;
#2072 = DIRECTION ( 'NONE',  ( 0.000000000000000000, -1.000000000000000000, 0.000000000000000000 ) ) ;
#2073 = CARTESIAN_POINT ( 'NONE',  ( 42.35000000000000142, -42.35000000000000142, -191.6180954499999984 ) ) ;
#2074 = ORIENTED_EDGE ( 'NONE', *, *, #8019, .T. ) ;
#2075 = CYLINDRICAL_SURFACE ( 'NONE', #7022, 5.000000000000004441 ) ;
#2076 = LINE ( 'NONE', #7300, #3841 ) ;
#2077 = LINE ( 'NONE', #7387, #2052 ) ;
#2078 = EDGE_CURVE ( 'NONE', #7971, #7223, #1674, .T. ) ;
#2079 = EDGE_CURVE ( 'NONE', #6293, #6504, #1934, .T. ) ;
#2080 = CARTESIAN_POINT ( 'NONE',  ( -52.10000000000001563, -74.00000000000001421, -102.7459999999999951 ) ) ;
#2081 = CARTESIAN_POINT ( 'NONE',  ( -64.00000000000000000, -74.00000000000001421, -146.0000000000000000 ) ) ;
#2082 = EDGE_LOOP ( 'NONE', ( #6744, #4496, #2404, #3227 ) ) ;
#2083 = CARTESIAN_POINT ( 'NONE',  ( -13.00000000000000000, -81.99999999999998579, -108.0000000000000000 ) ) ;
#2084 = DIRECTION ( 'NONE',  ( 0.000000000000000000, 0.000000000000000000, -1.000000000000000000 ) ) ;
#2085 = LINE ( 'NONE', #7480, #7095 ) ;
#2086 = ORIENTED_EDGE ( 'NONE', *, *, #162, .F. ) ;
#2087 = AXIS2_PLACEMENT_3D ( 'NONE', #3482, #2695, #7962 ) ;
#2088 = CARTESIAN_POINT ( 'NONE',  ( -34.00000000000000000, -48.20000000000000284, -165.6180954499999700 ) ) ;
#2089 = VERTEX_POINT ( 'NONE', #3896 ) ;
#2090 = EDGE_LOOP ( 'NONE', ( #6000, #2263, #4057, #4927 ) ) ;
#2091 = DIRECTION ( 'NONE',  ( 0.000000000000000000, 0.000000000000000000, 1.000000000000000000 ) ) ;
#2092 = ORIENTED_EDGE ( 'NONE', *, *, #5841, .T. ) ;
#2093 = ORIENTED_EDGE ( 'NONE', *, *, #6955, .F. ) ;
#2094 = ORIENTED_EDGE ( 'NONE', *, *, #1113, .T. ) ;
#2095 = VECTOR ( 'NONE', #5703, 1000.000000000000000 ) ;
#2096 = DIRECTION ( 'NONE',  ( 1.000000000000000000, 0.000000000000000000, 0.000000000000000000 ) ) ;
#2097 = DIRECTION ( 'NONE',  ( 0.7071067811865474617, -0.7071067811865474617, 0.000000000000000000 ) ) ;
#2098 = AXIS2_PLACEMENT_3D ( 'NONE', #4503, #3853, #8590 ) ;
#2099 = CARTESIAN_POINT ( 'NONE',  ( -102.0000000000000142, 0.000000000000000000, -99.20148000000000366 ) ) ;
#2100 = VERTEX_POINT ( 'NONE', #2670 ) ;
#2101 = ORIENTED_EDGE ( 'NONE', *, *, #2436, .F. ) ;
#2102 = AXIS2_PLACEMENT_3D ( 'NONE', #3747, #3792, #6397 ) ;
#2103 = DIRECTION ( 'NONE',  ( 1.000000000000000000, 0.000000000000000000, 0.000000000000000000 ) ) ;
#2104 = ORIENTED_EDGE ( 'NONE', *, *, #8405, .F. ) ;
#2105 = DIRECTION ( 'NONE',  ( -0.7071067811865475727, -0.7071067811865475727, 0.000000000000000000 ) ) ;
#2106 = CARTESIAN_POINT ( 'NONE',  ( 48.00000000000000000, 20.00000000000000000, -105.0000000000000000 ) ) ;
#2107 = VECTOR ( 'NONE', #650, 1000.000000000000000 ) ;
#2108 = ORIENTED_EDGE ( 'NONE', *, *, #5745, .T. ) ;
#2109 = ADVANCED_FACE ( 'NONE', ( #3246 ), #6544, .F. ) ;
#2110 = ADVANCED_FACE ( 'NONE', ( #598 ), #3854, .T. ) ;
#2111 = DIRECTION ( 'NONE',  ( 1.000000000000000000, 0.000000000000000000, 0.000000000000000000 ) ) ;
#2112 = LINE ( 'NONE', #7338, #6998 ) ;
#2113 = FACE_OUTER_BOUND ( 'NONE', #5300, .T. ) ;
#2114 = AXIS2_PLACEMENT_3D ( 'NONE', #6244, #293, #5720 ) ;
#2115 = EDGE_CURVE ( 'NONE', #5402, #3272, #7853, .T. ) ;
#2116 = ADVANCED_FACE ( 'NONE', ( #24 ), #6457, .F. ) ;
#2117 = ORIENTED_EDGE ( 'NONE', *, *, #6741, .F. ) ;
#2118 = CARTESIAN_POINT ( 'NONE',  ( -64.00000000000000000, -74.00000000000001421, -183.6180954499999984 ) ) ;
#2119 = CARTESIAN_POINT ( 'NONE',  ( -72.00000000000000000, -5.000000000000000000, -90.20148000000000366 ) ) ;
#2120 = LINE ( 'NONE', #8210, #7892 ) ;
#2121 = AXIS2_PLACEMENT_3D ( 'NONE', #7667, #1710, #1061 ) ;
#2122 = LINE ( 'NONE', #662, #5751 ) ;
#2123 = DIRECTION ( 'NONE',  ( 0.000000000000000000, 1.000000000000000000, 0.000000000000000000 ) ) ;
#2124 = VERTEX_POINT ( 'NONE', #7111 ) ;
#2125 = EDGE_CURVE ( 'NONE', #3791, #2792, #1158, .T. ) ;
#2126 = EDGE_CURVE ( 'NONE', #6299, #2070, #3159, .T. ) ;
#2127 = CARTESIAN_POINT ( 'NONE',  ( 33.50000000000000000, 0.000000000000000000, -191.6180954499999984 ) ) ;
#2128 = VECTOR ( 'NONE', #8572, 1000.000000000000000 ) ;
#2129 = DIRECTION ( 'NONE',  ( -0.000000000000000000, -0.000000000000000000, -1.000000000000000000 ) ) ;
#2130 = CARTESIAN_POINT ( 'NONE',  ( 37.00000000000000000, 26.00000000000000000, -9.900000000000000355 ) ) ;
#2131 = DIRECTION ( 'NONE',  ( -1.000000000000000000, 0.000000000000000000, 0.000000000000000000 ) ) ;
#2132 = ORIENTED_EDGE ( 'NONE', *, *, #2126, .F. ) ;
#2133 = VECTOR ( 'NONE', #3297, 1000.000000000000114 ) ;
#2134 = CARTESIAN_POINT ( 'NONE',  ( -51.00000000000000000, -25.00000000000000000, -86.20148000000000366 ) ) ;
#2135 = ORIENTED_EDGE ( 'NONE', *, *, #8442, .F. ) ;
#2136 = ORIENTED_EDGE ( 'NONE', *, *, #2750, .F. ) ;
#2137 = CARTESIAN_POINT ( 'NONE',  ( -52.10000000000001563, 98.00000000000000000, -102.7459999999999951 ) ) ;
#2138 = ORIENTED_EDGE ( 'NONE', *, *, #6702, .F. ) ;
#2139 = VERTEX_POINT ( 'NONE', #1804 ) ;
#2140 = DIRECTION ( 'NONE',  ( 0.7071067811865474617, 0.7071067811865474617, 0.000000000000000000 ) ) ;
#2141 = CARTESIAN_POINT ( 'NONE',  ( 0.000000000000000000, -20.00000000000000000, 0.000000000000000000 ) ) ;
#2142 = DIRECTION ( 'NONE',  ( -0.000000000000000000, -1.000000000000000000, -0.000000000000000000 ) ) ;
#2143 = ORIENTED_EDGE ( 'NONE', *, *, #3100, .T. ) ;
#2144 = VERTEX_POINT ( 'NONE', #7897 ) ;
#2145 = VERTEX_POINT ( 'NONE', #2586 ) ;
#2146 = DIRECTION ( 'NONE',  ( 0.000000000000000000, 1.000000000000000000, 0.000000000000000000 ) ) ;
#2147 = EDGE_LOOP ( 'NONE', ( #1593, #2744, #3139, #3225, #5246, #6286, #2554, #4712, #4350, #407, #4487, #2399, #4757, #1603, #8347, #3284 ) ) ;
#2148 = CARTESIAN_POINT ( 'NONE',  ( -101.0000000000000000, 16.00000000000000000, 109.2119090000000057 ) ) ;
#2149 = DIRECTION ( 'NONE',  ( -1.000000000000000000, 0.000000000000000000, 0.000000000000000000 ) ) ;
#2150 = VECTOR ( 'NONE', #4630, 1000.000000000000114 ) ;
#2151 = ORIENTED_EDGE ( 'NONE', *, *, #109, .T. ) ;
#2152 = CARTESIAN_POINT ( 'NONE',  ( -90.00000000000000000, 98.00000000000000000, -149.0000000000000000 ) ) ;
#2153 = CARTESIAN_POINT ( 'NONE',  ( -40.78813562373094470, -98.00000000000000000, -128.2000000000000171 ) ) ;
#2154 = CARTESIAN_POINT ( 'NONE',  ( 48.00000000000000000, 32.00000000000000000, -105.0000000000000000 ) ) ;
#2155 = AXIS2_PLACEMENT_3D ( 'NONE', #4906, #7560, #4248 ) ;
#2156 = ORIENTED_EDGE ( 'NONE', *, *, #5841, .F. ) ;
#2157 = CARTESIAN_POINT ( 'NONE',  ( 19.50000000000000000, 49.20000000000000284, -165.5180954499999757 ) ) ;
#2158 = CARTESIAN_POINT ( 'NONE',  ( -69.00000000000000000, 20.19999999999999929, -92.20148000000000366 ) ) ;
#2159 = DIRECTION ( 'NONE',  ( 0.000000000000000000, 0.000000000000000000, 1.000000000000000000 ) ) ;
#2160 = AXIS2_PLACEMENT_3D ( 'NONE', #726, #2105, #5627 ) ;
#2161 = ADVANCED_FACE ( 'NONE', ( #4546 ), #558, .F. ) ;
#2162 = EDGE_CURVE ( 'NONE', #7846, #4117, #8548, .T. ) ;
#2163 = DIRECTION ( 'NONE',  ( 0.000000000000000000, -0.000000000000000000, -1.000000000000000000 ) ) ;
#2164 = LINE ( 'NONE', #6041, #31 ) ;
#2165 = VERTEX_POINT ( 'NONE', #8465 ) ;
#2166 = DIRECTION ( 'NONE',  ( 0.000000000000000000, -0.000000000000000000, 1.000000000000000000 ) ) ;
#2167 = VECTOR ( 'NONE', #781, 1000.000000000000114 ) ;
#2168 = EDGE_CURVE ( 'NONE', #5495, #2089, #3975, .T. ) ;
#2169 = CARTESIAN_POINT ( 'NONE',  ( -99.75000000000000000, -16.00000000000000000, 109.2119090000000057 ) ) ;
#2170 = EDGE_CURVE ( 'NONE', #7506, #3261, #4585, .T. ) ;
#2171 = DIRECTION ( 'NONE',  ( 0.000000000000000000, 1.000000000000000000, -0.000000000000000000 ) ) ;
#2172 = EDGE_CURVE ( 'NONE', #4924, #8525, #5278, .T. ) ;
#2173 = DIRECTION ( 'NONE',  ( 0.000000000000000000, 1.000000000000000000, 0.000000000000000000 ) ) ;
#2174 = EDGE_CURVE ( 'NONE', #6126, #7722, #5974, .T. ) ;
#2175 = CARTESIAN_POINT ( 'NONE',  ( 19.50000000000000000, 0.000000000000000000, -191.6180954499999984 ) ) ;
#2176 = AXIS2_PLACEMENT_3D ( 'NONE', #7739, #5173, #4434 ) ;
#2177 = DIRECTION ( 'NONE',  ( 1.000000000000000000, -0.000000000000000000, -0.000000000000000000 ) ) ;
#2178 = ORIENTED_EDGE ( 'NONE', *, *, #1075, .F. ) ;
#2179 = VERTEX_POINT ( 'NONE', #637 ) ;
#2180 = LINE ( 'NONE', #7487, #7937 ) ;
#2181 = ORIENTED_EDGE ( 'NONE', *, *, #2029, .T. ) ;
#2182 = VERTEX_POINT ( 'NONE', #7934 ) ;
#2183 = VECTOR ( 'NONE', #5175, 1000.000000000000000 ) ;
#2184 = PERSON_AND_ORGANIZATION ( #8482, #7622 ) ;
#2185 = EDGE_CURVE ( 'NONE', #3109, #7275, #3809, .T. ) ;
#2186 = LINE ( 'NONE', #886, #8099 ) ;
#2187 = EDGE_CURVE ( 'NONE', #2662, #5395, #8508, .T. ) ;
#2188 = PLANE ( 'NONE',  #8373 ) ;
#2189 = VERTEX_POINT ( 'NONE', #2542 ) ;
#2190 = ORIENTED_EDGE ( 'NONE', *, *, #7131, .F. ) ;
#2191 = VECTOR ( 'NONE', #3773, 1000.000000000000114 ) ;
#2192 = ORIENTED_EDGE ( 'NONE', *, *, #3929, .F. ) ;
#2193 = CARTESIAN_POINT ( 'NONE',  ( -13.00000000000000000, -74.00000000000001421, -108.0000000000000000 ) ) ;
#2194 = ORIENTED_EDGE ( 'NONE', *, *, #6581, .F. ) ;
#2195 = VERTEX_POINT ( 'NONE', #1410 ) ;
#2196 = DIRECTION ( 'NONE',  ( 1.000000000000000000, 0.000000000000000000, 0.000000000000000000 ) ) ;
#2197 = CARTESIAN_POINT ( 'NONE',  ( -68.00000000000000000, 5.000000000000000000, -90.20148000000000366 ) ) ;
#2198 = VECTOR ( 'NONE', #7321, 1000.000000000000000 ) ;
#2199 = EDGE_LOOP ( 'NONE', ( #5701, #2762, #5330, #3459 ) ) ;
#2200 = LINE ( 'NONE', #1346, #3076 ) ;
#2201 = CARTESIAN_POINT ( 'NONE',  ( -68.00000000000000000, 10.00000000000000000, -92.20148000000000366 ) ) ;
#2202 = CARTESIAN_POINT ( 'NONE',  ( -33.00000000000000000, 120.2000000000000028, -165.5180954499999757 ) ) ;
#2203 = DIRECTION ( 'NONE',  ( 0.7071067811865482389, 0.7071067811865469066, 0.000000000000000000 ) ) ;
#2204 = EDGE_LOOP ( 'NONE', ( #507, #2402, #7098, #6013 ) ) ;
#2205 = CARTESIAN_POINT ( 'NONE',  ( 19.50000000000000000, -51.20000000000000284, -165.5180954499999757 ) ) ;
#2206 = DIRECTION ( 'NONE',  ( 0.000000000000000000, 1.000000000000000000, -0.000000000000000000 ) ) ;
#2207 = PLANE ( 'NONE',  #7053 ) ;
#2208 = DIRECTION ( 'NONE',  ( 0.000000000000000000, -1.000000000000000000, 0.000000000000000000 ) ) ;
#2209 = LINE ( 'NONE', #262, #4603 ) ;
#2210 = ORIENTED_EDGE ( 'NONE', *, *, #3707, .T. ) ;
#2211 = CARTESIAN_POINT ( 'NONE',  ( -28.57293218813455837, -90.00000000000000000, -123.2000000000000028 ) ) ;
#2212 = PLANE ( 'NONE',  #3009 ) ;
#2213 = PLANE ( 'NONE',  #4549 ) ;
#2214 = LINE ( 'NONE', #4959, #6261 ) ;
#2215 = EDGE_CURVE ( 'NONE', #7272, #923, #3493, .T. ) ;
#2216 = EDGE_CURVE ( 'NONE', #2100, #4235, #2015, .T. ) ;
#2217 = LINE ( 'NONE', #8311, #2265 ) ;
#2218 = VERTEX_POINT ( 'NONE', #6758 ) ;
#2219 = ORIENTED_EDGE ( 'NONE', *, *, #4358, .F. ) ;
#2220 = PLANE ( 'NONE',  #4462 ) ;
#2221 = VERTEX_POINT ( 'NONE', #3457 ) ;
#2222 = ORIENTED_EDGE ( 'NONE', *, *, #1108, .T. ) ;
#2223 = ADVANCED_FACE ( 'NONE', ( #4798 ), #2188, .T. ) ;
#2224 = EDGE_CURVE ( 'NONE', #2227, #3325, #6022, .T. ) ;
#2225 = PERSON_AND_ORGANIZATION ( #8482, #7622 ) ;
#2226 = CARTESIAN_POINT ( 'NONE',  ( 34.55525999999999698, -110.8024999999999949, -165.6180954499999700 ) ) ;
#2227 = VERTEX_POINT ( 'NONE', #239 ) ;
#2228 = DIRECTION ( 'NONE',  ( -1.000000000000000000, 0.000000000000000000, 0.000000000000000000 ) ) ;
#2229 = VERTEX_POINT ( 'NONE', #5323 ) ;
#2230 = ORIENTED_EDGE ( 'NONE', *, *, #1186, .F. ) ;
#2231 = ORIENTED_EDGE ( 'NONE', *, *, #6320, .T. ) ;
#2232 = CARTESIAN_POINT ( 'NONE',  ( -34.00000000000000000, -48.20000000000000284, -165.5180954499999757 ) ) ;
#2233 = CIRCLE ( 'NONE', #5845, 5.000000000000004441 ) ;
#2234 = ORIENTED_EDGE ( 'NONE', *, *, #5686, .T. ) ;
#2235 = VECTOR ( 'NONE', #5568, 1000.000000000000000 ) ;
#2236 = VERTEX_POINT ( 'NONE', #70 ) ;
#2237 = EDGE_CURVE ( 'NONE', #2275, #5526, #8059, .T. ) ;
#2238 = EDGE_CURVE ( 'NONE', #8237, #4407, #3414, .T. ) ;
#2239 = LINE ( 'NONE', #1501, #6054 ) ;
#2240 = LINE ( 'NONE', #203, #3719 ) ;
#2241 = VECTOR ( 'NONE', #1389, 1000.000000000000114 ) ;
#2242 = VERTEX_POINT ( 'NONE', #8022 ) ;
#2243 = VECTOR ( 'NONE', #6640, 1000.000000000000000 ) ;
#2244 = CARTESIAN_POINT ( 'NONE',  ( -47.00000000000000000, 120.2000000000000028, -165.6180954499999700 ) ) ;
#2245 = FACE_OUTER_BOUND ( 'NONE', #7139, .T. ) ;
#2246 = CARTESIAN_POINT ( 'NONE',  ( 19.50000000000000000, -120.2000000000000028, -191.6180954499999984 ) ) ;
#2247 = LINE ( 'NONE', #2154, #8126 ) ;
#2248 = ORIENTED_EDGE ( 'NONE', *, *, #7018, .T. ) ;
#2249 = PLANE ( 'NONE',  #2155 ) ;
#2250 = CIRCLE ( 'NONE', #1419, 5.000000000000004441 ) ;
#2251 = DIRECTION ( 'NONE',  ( 0.000000000000000000, 1.000000000000000000, 0.000000000000000000 ) ) ;
#2252 = DIRECTION ( 'NONE',  ( 0.08796862890166813609, -0.000000000000000000, 0.9961232455520554474 ) ) ;
#2253 = VECTOR ( 'NONE', #679, 1000.000000000000000 ) ;
#2254 = CARTESIAN_POINT ( 'NONE',  ( -102.0000000000000142, -24.00000000000000000, -92.20148000000000366 ) ) ;
#2255 = CARTESIAN_POINT ( 'NONE',  ( -46.00000000000000000, 48.20000000000000284, -165.6180954499999700 ) ) ;
#2256 = EDGE_LOOP ( 'NONE', ( #7145, #6806 ) ) ;
#2257 = FACE_OUTER_BOUND ( 'NONE', #1327, .T. ) ;
#2258 = CARTESIAN_POINT ( 'NONE',  ( -46.00000000000000000, 117.2000000000000028, -165.5180954499999757 ) ) ;
#2259 = LINE ( 'NONE', #180, #803 ) ;
#2260 = PLANE ( 'NONE',  #3218 ) ;
#2261 = LINE ( 'NONE', #6224, #7136 ) ;
#2262 = ORIENTED_EDGE ( 'NONE', *, *, #2548, .T. ) ;
#2263 = ORIENTED_EDGE ( 'NONE', *, *, #4718, .T. ) ;
#2265 = VECTOR ( 'NONE', #6307, 1000.000000000000000 ) ;
#2264 = FACE_OUTER_BOUND ( 'NONE', #8538, .T. ) ;
#2266 = ORIENTED_EDGE ( 'NONE', *, *, #4985, .T. ) ;
#2267 = ADVANCED_FACE ( 'NONE', ( #2057 ), #150, .F. ) ;
#2268 = VECTOR ( 'NONE', #3170, 1000.000000000000000 ) ;
#2269 = CARTESIAN_POINT ( 'NONE',  ( -68.00000000000000000, 10.00000000000000000, -90.20148000000000366 ) ) ;
#2270 = VERTEX_POINT ( 'NONE', #5490 ) ;
#2271 = EDGE_CURVE ( 'NONE', #8088, #7528, #4710, .T. ) ;
#2272 = EDGE_CURVE ( 'NONE', #559, #972, #7979, .T. ) ;
#2273 = CARTESIAN_POINT ( 'NONE',  ( -46.00000000000000000, 121.2000000000000028, -165.6180954499999700 ) ) ;
#2274 = ORIENTED_EDGE ( 'NONE', *, *, #8138, .T. ) ;
#2275 = VERTEX_POINT ( 'NONE', #195 ) ;
#2276 = ORIENTED_EDGE ( 'NONE', *, *, #6283, .T. ) ;
#2277 = DIRECTION ( 'NONE',  ( 0.7071067811865475727, -0.7071067811865475727, 0.000000000000000000 ) ) ;
#2278 = EDGE_LOOP ( 'NONE', ( #6708, #7748, #8194, #6078 ) ) ;
#2279 = FACE_OUTER_BOUND ( 'NONE', #6537, .T. ) ;
#2280 = DIRECTION ( 'NONE',  ( 0.7071067811865482389, -0.7071067811865469066, 0.000000000000000000 ) ) ;
#2281 = ORIENTED_EDGE ( 'NONE', *, *, #954, .T. ) ;
#2282 = EDGE_CURVE ( 'NONE', #6311, #2530, #5406, .T. ) ;
#2283 = DIRECTION ( 'NONE',  ( 1.000000000000000000, 0.000000000000000000, 0.000000000000000000 ) ) ;
#2284 = ADVANCED_FACE ( 'NONE', ( #4755 ), #8108, .F. ) ;
#2285 = DIRECTION ( 'NONE',  ( 0.000000000000000000, 0.000000000000000000, -1.000000000000000000 ) ) ;
#2286 = CARTESIAN_POINT ( 'NONE',  ( -61.84499999999999886, 120.8029999999999973, -165.6180954499999700 ) ) ;
#2287 = DIRECTION ( 'NONE',  ( -0.000000000000000000, -0.000000000000000000, -1.000000000000000000 ) ) ;
#2288 = ORIENTED_EDGE ( 'NONE', *, *, #8346, .T. ) ;
#2289 = CARTESIAN_POINT ( 'NONE',  ( 44.55499999999999972, 44.40299999999999869, -165.6180954499999700 ) ) ;
#2290 = VECTOR ( 'NONE', #7467, 1000.000000000000000 ) ;
#2291 = FACE_OUTER_BOUND ( 'NONE', #5724, .T. ) ;
#2292 = DIRECTION ( 'NONE',  ( -0.7071067811865482389, 0.7071067811865469066, -0.000000000000000000 ) ) ;
#2293 = ADVANCED_FACE ( 'NONE', ( #6715 ), #842, .T. ) ;
#2294 = EDGE_CURVE ( 'NONE', #6191, #5190, #1155, .T. ) ;
#2295 = VECTOR ( 'NONE', #7218, 1000.000000000000000 ) ;
#2296 = PLANE ( 'NONE',  #6574 ) ;
#2297 = DIRECTION ( 'NONE',  ( 0.3393442484258341607, 0.000000000000000000, -0.9406622566364112314 ) ) ;
#2298 = ORIENTED_EDGE ( 'NONE', *, *, #1491, .F. ) ;
#2299 = DIRECTION ( 'NONE',  ( 1.000000000000000000, 0.000000000000000000, -0.000000000000000000 ) ) ;
#2300 = PLANE ( 'NONE',  #8283 ) ;
#2301 = DIRECTION ( 'NONE',  ( 0.7071067811865474617, 0.7071067811865474617, 0.000000000000000000 ) ) ;
#2302 = VECTOR ( 'NONE', #5454, 1000.000000000000000 ) ;
#2303 = DIRECTION ( 'NONE',  ( 0.000000000000000000, 0.000000000000000000, 1.000000000000000000 ) ) ;
#2304 = DIRECTION ( 'NONE',  ( 0.000000000000000000, -1.000000000000000000, 0.000000000000000000 ) ) ;
#2305 = ORIENTED_EDGE ( 'NONE', *, *, #7490, .T. ) ;
#2306 = ORIENTED_EDGE ( 'NONE', *, *, #380, .T. ) ;
#2307 = DIRECTION ( 'NONE',  ( 1.000000000000000000, -0.000000000000000000, 0.000000000000000000 ) ) ;
#2308 = AXIS2_PLACEMENT_3D ( 'NONE', #8133, #3001, #1516 ) ;
#2309 = ORIENTED_EDGE ( 'NONE', *, *, #7659, .T. ) ;
#2310 = VECTOR ( 'NONE', #8435, 1000.000000000000114 ) ;
#2311 = FACE_OUTER_BOUND ( 'NONE', #7040, .T. ) ;
#2312 = VERTEX_POINT ( 'NONE', #4150 ) ;
#2313 = CARTESIAN_POINT ( 'NONE',  ( -52.00000000000000000, 74.00000000000000000, -102.7459999999999951 ) ) ;
#2314 = EDGE_LOOP ( 'NONE', ( #1574, #141, #8580, #4833 ) ) ;
#2315 = VERTEX_POINT ( 'NONE', #2842 ) ;
#2316 = ORIENTED_EDGE ( 'NONE', *, *, #2548, .F. ) ;
#2317 = LINE ( 'NONE', #6761, #7997 ) ;
#2318 = VERTEX_POINT ( 'NONE', #8149 ) ;
#2319 = VECTOR ( 'NONE', #3960, 1000.000000000000000 ) ;
#2320 = CARTESIAN_POINT ( 'NONE',  ( 48.55499999999999972, -120.8029999999999973, -165.6180954499999700 ) ) ;
#2321 = DIRECTION ( 'NONE',  ( 0.000000000000000000, -1.000000000000000000, 0.000000000000000000 ) ) ;
#2322 = CARTESIAN_POINT ( 'NONE',  ( 45.00000000000000000, -20.00000000000000000, -40.00000000000000000 ) ) ;
#2323 = VECTOR ( 'NONE', #4172, 1000.000000000000000 ) ;
#2324 = DIRECTION ( 'NONE',  ( -1.000000000000000000, -0.000000000000000000, -0.000000000000000000 ) ) ;
#2325 = CARTESIAN_POINT ( 'NONE',  ( -101.0000000000000000, 16.00000000000000000, 122.3119090000000142 ) ) ;
#2326 = EDGE_CURVE ( 'NONE', #2748, #4097, #7495, .T. ) ;
#2327 = DIRECTION ( 'NONE',  ( 1.000000000000000000, 0.000000000000000000, 0.000000000000000000 ) ) ;
#2328 = ADVANCED_FACE ( 'NONE', ( #720 ), #3539, .F. ) ;
#2329 = DIRECTION ( 'NONE',  ( -0.000000000000000000, -0.000000000000000000, -1.000000000000000000 ) ) ;
#2330 = ORIENTED_EDGE ( 'NONE', *, *, #795, .T. ) ;
#2331 = FACE_OUTER_BOUND ( 'NONE', #2931, .T. ) ;
#2332 = VECTOR ( 'NONE', #684, 1000.000000000000000 ) ;
#2333 = DIRECTION ( 'NONE',  ( -0.7071067811865481278, 0.000000000000000000, 0.7071067811865470176 ) ) ;
#2334 = EDGE_CURVE ( 'NONE', #5581, #7917, #8193, .T. ) ;
#2335 = LINE ( 'NONE', #1122, #2191 ) ;
#2336 = DIRECTION ( 'NONE',  ( 0.000000000000000000, 0.1216969374237651114, -0.9925673052351039471 ) ) ;
#2337 = CARTESIAN_POINT ( 'NONE',  ( -72.00000000000000000, -10.00000000000000000, -90.20148000000000366 ) ) ;
#2338 = LOCAL_TIME ( 18, 28, 50.00000000000000000, #3786 ) ;
#2339 = EDGE_LOOP ( 'NONE', ( #2941, #5758, #5421, #674 ) ) ;
#2340 = DIRECTION ( 'NONE',  ( 0.7071067811865474617, 0.7071067811865474617, 0.000000000000000000 ) ) ;
#2341 = DIRECTION ( 'NONE',  ( 0.000000000000000000, 0.000000000000000000, -1.000000000000000000 ) ) ;
#2342 = LINE ( 'NONE', #2383, #3703 ) ;
#2343 = EDGE_CURVE ( 'NONE', #3150, #5128, #282, .T. ) ;
#2344 = DIRECTION ( 'NONE',  ( 1.000000000000000000, 0.000000000000000000, 0.000000000000000000 ) ) ;
#2345 = EDGE_CURVE ( 'NONE', #6136, #2124, #4315, .T. ) ;
#2346 = DIRECTION ( 'NONE',  ( 0.3234575393756696227, -0.000000000000000000, 0.9462426856895841398 ) ) ;
#2347 = LINE ( 'NONE', #8353, #5155 ) ;
#2348 = CARTESIAN_POINT ( 'NONE',  ( -43.57699029636306420, -90.00000000000000000, -128.2000000000000171 ) ) ;
#2349 = ORIENTED_EDGE ( 'NONE', *, *, #4614, .T. ) ;
#2350 = EDGE_LOOP ( 'NONE', ( #1312, #968, #8142, #8498 ) ) ;
#2351 = FACE_OUTER_BOUND ( 'NONE', #1276, .T. ) ;
#2352 = ORIENTED_EDGE ( 'NONE', *, *, #7277, .T. ) ;
#2353 = CARTESIAN_POINT ( 'NONE',  ( -51.00000000000000000, -20.19999999999999929, -86.20148000000000366 ) ) ;
#2354 = VERTEX_POINT ( 'NONE', #2273 ) ;
#2355 = DIRECTION ( 'NONE',  ( 0.000000000000000000, -0.000000000000000000, -1.000000000000000000 ) ) ;
#2356 = ORIENTED_EDGE ( 'NONE', *, *, #8173, .F. ) ;
#2357 = ORIENTED_EDGE ( 'NONE', *, *, #5747, .F. ) ;
#2358 = ORIENTED_EDGE ( 'NONE', *, *, #362, .T. ) ;
#2359 = DIRECTION ( 'NONE',  ( -1.000000000000000000, 0.000000000000000000, 0.000000000000000000 ) ) ;
#2360 = VERTEX_POINT ( 'NONE', #413 ) ;
#2361 = PLANE ( 'NONE',  #2443 ) ;
#2362 = CARTESIAN_POINT ( 'NONE',  ( 19.50000000000000000, 118.2000000000000028, -191.6180954499999984 ) ) ;
#2363 = ORIENTED_EDGE ( 'NONE', *, *, #7328, .T. ) ;
#2364 = CARTESIAN_POINT ( 'NONE',  ( -33.00000000000000000, -49.20000000000000284, -165.5180954499999757 ) ) ;
#2365 = CARTESIAN_POINT ( 'NONE',  ( 50.00000000000000000, -125.0000000000000000, -191.6180954499999984 ) ) ;
#2366 = VECTOR ( 'NONE', #95, 1000.000000000000114 ) ;
#2367 = LINE ( 'NONE', #5072, #3346 ) ;
#2368 = DIRECTION ( 'NONE',  ( -0.7071067811865475727, 0.7071067811865475727, 0.000000000000000000 ) ) ;
#2369 = ORIENTED_EDGE ( 'NONE', *, *, #4201, .T. ) ;
#2370 = DIRECTION ( 'NONE',  ( 0.000000000000000000, 0.000000000000000000, -1.000000000000000000 ) ) ;
#2371 = CARTESIAN_POINT ( 'NONE',  ( 37.00000000000000000, 26.00000000000000000, -23.00000000000000000 ) ) ;
#2372 = CARTESIAN_POINT ( 'NONE',  ( -37.25260171779820695, 82.00000000000000000, -124.6644660940672509 ) ) ;
#2373 = VECTOR ( 'NONE', #165, 1000.000000000000000 ) ;
#2374 = EDGE_CURVE ( 'NONE', #7987, #3141, #3666, .T. ) ;
#2375 = LINE ( 'NONE', #1728, #5866 ) ;
#2376 = LINE ( 'NONE', #2175, #7388 ) ;
#2377 = EDGE_CURVE ( 'NONE', #5862, #6658, #8234, .T. ) ;
#2378 = DIRECTION ( 'NONE',  ( -1.000000000000000000, 0.000000000000000000, 0.000000000000000000 ) ) ;
#2379 = ADVANCED_FACE ( 'NONE', ( #1575 ), #8319, .T. ) ;
#2380 = LINE ( 'NONE', #1513, #7385 ) ;
#2381 = AXIS2_PLACEMENT_3D ( 'NONE', #5, #7305, #7349 ) ;
#2382 = ORIENTED_EDGE ( 'NONE', *, *, #4307, .F. ) ;
#2383 = CARTESIAN_POINT ( 'NONE',  ( -57.00000000000000000, 74.00000000000000000, -102.7459999999999951 ) ) ;
#2384 = DIRECTION ( 'NONE',  ( -0.7071067811865474617, 0.7071067811865474617, 0.000000000000000000 ) ) ;
#2385 = LINE ( 'NONE', #7044, #5939 ) ;
#2386 = APPROVAL ( #7491, '未' ) ;
#2387 = DATE_AND_TIME ( #1822, #2338 ) ;
#2388 = VECTOR ( 'NONE', #2679, 1000.000000000000114 ) ;
#2389 = CARTESIAN_POINT ( 'NONE',  ( -97.00000000000000000, -7.000000000000000000, 124.2119090000000057 ) ) ;
#2390 = EDGE_CURVE ( 'NONE', #3405, #5207, #3381, .T. ) ;
#2391 = CARTESIAN_POINT ( 'NONE',  ( -68.00000000000000000, 5.000000000000000000, -92.20148000000000366 ) ) ;
#2392 = EDGE_CURVE ( 'NONE', #72, #6935, #368, .T. ) ;
#2393 = ORIENTED_EDGE ( 'NONE', *, *, #1850, .F. ) ;
#2394 = ORIENTED_EDGE ( 'NONE', *, *, #1634, .T. ) ;
#2395 = LINE ( 'NONE', #5054, #997 ) ;
#2396 = ORIENTED_EDGE ( 'NONE', *, *, #5214, .F. ) ;
#2397 = VECTOR ( 'NONE', #4764, 1000.000000000000000 ) ;
#2398 = CARTESIAN_POINT ( 'NONE',  ( -59.00000000000000000, 90.00000000000000000, -141.0000000000000000 ) ) ;
#2399 = ORIENTED_EDGE ( 'NONE', *, *, #1011, .T. ) ;
#2400 = AXIS2_PLACEMENT_3D ( 'NONE', #2888, #6927, #2355 ) ;
#2401 = FACE_OUTER_BOUND ( 'NONE', #4587, .T. ) ;
#2402 = ORIENTED_EDGE ( 'NONE', *, *, #5109, .F. ) ;
#2403 = ORIENTED_EDGE ( 'NONE', *, *, #7698, .T. ) ;
#2404 = ORIENTED_EDGE ( 'NONE', *, *, #3303, .F. ) ;
#2405 = ORIENTED_EDGE ( 'NONE', *, *, #1801, .F. ) ;
#2406 = PLANE ( 'NONE',  #925 ) ;
#2407 = VECTOR ( 'NONE', #7003, 1000.000000000000000 ) ;
#2408 = DIRECTION ( 'NONE',  ( -0.08796862890166813609, 0.000000000000000000, -0.9961232455520555584 ) ) ;
#2409 = ORIENTED_EDGE ( 'NONE', *, *, #3921, .F. ) ;
#2410 = CARTESIAN_POINT ( 'NONE',  ( 44.55499999999999972, 124.8029999999999973, -177.6180954499999984 ) ) ;
#2411 = FACE_OUTER_BOUND ( 'NONE', #2339, .T. ) ;
#2412 = EDGE_LOOP ( 'NONE', ( #6709, #7888, #2684, #7445 ) ) ;
#2413 = CARTESIAN_POINT ( 'NONE',  ( 43.77799999999999159, -90.00000000000000000, -43.77799999999999159 ) ) ;
#2414 = DIRECTION ( 'NONE',  ( 0.4954754837717974536, -0.000000000000000000, -0.8686219229222247318 ) ) ;
#2415 = ORIENTED_EDGE ( 'NONE', *, *, #5458, .T. ) ;
#2416 = LINE ( 'NONE', #3638, #5081 ) ;
#2417 = LINE ( 'NONE', #1121, #3161 ) ;
#2418 = PLANE ( 'NONE',  #3587 ) ;
#2419 = LINE ( 'NONE', #1040, #5726 ) ;
#2420 = DIRECTION ( 'NONE',  ( -0.000000000000000000, -1.000000000000000000, -0.000000000000000000 ) ) ;
#2421 = CARTESIAN_POINT ( 'NONE',  ( -90.00000000000000000, -36.00000000000000000, -183.5180954499999757 ) ) ;
#2422 = DIRECTION ( 'NONE',  ( 0.7071067811865474617, -0.7071067811865474617, 0.000000000000000000 ) ) ;
#2423 = ORIENTED_EDGE ( 'NONE', *, *, #3891, .T. ) ;
#2424 = CARTESIAN_POINT ( 'NONE',  ( 48.00000000000000000, -20.00000000000000000, -105.0000000000000000 ) ) ;
#2425 = DIRECTION ( 'NONE',  ( 0.000000000000000000, -1.000000000000000000, 0.000000000000000000 ) ) ;
#2426 = LINE ( 'NONE', #7742, #5657 ) ;
#2427 = ADVANCED_FACE ( 'NONE', ( #2401 ), #1618, .F. ) ;
#2428 = CALENDAR_DATE ( 2026, 14, 9 ) ;
#2429 = VECTOR ( 'NONE', #4943, 1000.000000000000000 ) ;
#2430 = DIRECTION ( 'NONE',  ( -0.000000000000000000, -0.000000000000000000, -1.000000000000000000 ) ) ;
#2431 = DIRECTION ( 'NONE',  ( -1.000000000000000000, 0.000000000000000000, 0.000000000000000000 ) ) ;
#2432 = VERTEX_POINT ( 'NONE', #4362 ) ;
#2433 = ORIENTED_EDGE ( 'NONE', *, *, #7762, .F. ) ;
#2434 = FACE_OUTER_BOUND ( 'NONE', #2256, .T. ) ;
#2435 = ORIENTED_EDGE ( 'NONE', *, *, #7914, .F. ) ;
#2436 = EDGE_CURVE ( 'NONE', #8496, #7987, #7057, .T. ) ;
#2437 = EDGE_CURVE ( 'NONE', #2165, #4612, #5666, .T. ) ;
#2438 = VECTOR ( 'NONE', #7117, 1000.000000000000114 ) ;
#2439 = ADVANCED_FACE ( 'NONE', ( #4230 ), #5620, .F. ) ;
#2440 = ADVANCED_FACE ( 'NONE', ( #4969 ), #7625, .T. ) ;
#2441 = CARTESIAN_POINT ( 'NONE',  ( -40.78813562373094470, 74.00000000000000000, -128.2000000000000171 ) ) ;
#2442 = ORIENTED_EDGE ( 'NONE', *, *, #5916, .T. ) ;
#2443 = AXIS2_PLACEMENT_3D ( 'NONE', #3674, #288, #1796 ) ;
#2444 = DIRECTION ( 'NONE',  ( -1.000000000000000000, 0.000000000000000000, 0.000000000000000000 ) ) ;
#2445 = ORIENTED_EDGE ( 'NONE', *, *, #1492, .F. ) ;
#2446 = ORIENTED_EDGE ( 'NONE', *, *, #5915, .T. ) ;
#2447 = ORIENTED_EDGE ( 'NONE', *, *, #692, .T. ) ;
#2448 = ORIENTED_EDGE ( 'NONE', *, *, #8507, .F. ) ;
#2449 = CARTESIAN_POINT ( 'NONE',  ( -26.50186437626909708, 98.00000000000000000, -128.2000000000000171 ) ) ;
#2450 = VECTOR ( 'NONE', #2606, 1000.000000000000000 ) ;
#2451 = EDGE_CURVE ( 'NONE', #7026, #3856, #5536, .T. ) ;
#2452 = EDGE_CURVE ( 'NONE', #1678, #8489, #7541, .T. ) ;
#2453 = CARTESIAN_POINT ( 'NONE',  ( -34.00000000000000000, -117.2000000000000028, -165.5180954499999757 ) ) ;
#2454 = VERTEX_POINT ( 'NONE', #4884 ) ;
#2455 = DIRECTION ( 'NONE',  ( 0.000000000000000000, -0.000000000000000000, -1.000000000000000000 ) ) ;
#2456 = DIRECTION ( 'NONE',  ( 0.000000000000000000, 1.000000000000000000, -0.000000000000000000 ) ) ;
#2457 = ORIENTED_EDGE ( 'NONE', *, *, #2915, .F. ) ;
#2458 = VECTOR ( 'NONE', #6171, 1000.000000000000114 ) ;
#2459 = CARTESIAN_POINT ( 'NONE',  ( 20.50000000000000000, -52.20000000000000284, -165.6180954499999700 ) ) ;
#2460 = DIRECTION ( 'NONE',  ( 0.7071067811865474617, 0.7071067811865474617, 0.000000000000000000 ) ) ;
#2461 = ORIENTED_EDGE ( 'NONE', *, *, #4719, .F. ) ;
#2462 = CARTESIAN_POINT ( 'NONE',  ( -78.09999999999999432, 15.00000000000000000, -86.20148000000000366 ) ) ;
#2463 = LINE ( 'NONE', #476, #7460 ) ;
#2464 = CARTESIAN_POINT ( 'NONE',  ( 45.00000000000000000, 130.0000000000000000, -191.6180954499999984 ) ) ;
#2465 = VECTOR ( 'NONE', #4697, 1000.000000000000000 ) ;
#2466 = DIRECTION ( 'NONE',  ( 0.000000000000000000, 1.000000000000000000, 0.000000000000000000 ) ) ;
#2467 = DIRECTION ( 'NONE',  ( -1.000000000000000000, -0.000000000000000000, -0.000000000000000000 ) ) ;
#2468 = LINE ( 'NONE', #3820, #5889 ) ;
#2469 = LINE ( 'NONE', #6428, #5861 ) ;
#2470 = VECTOR ( 'NONE', #7331, 1000.000000000000000 ) ;
#2471 = ORIENTED_EDGE ( 'NONE', *, *, #6899, .T. ) ;
#2472 = CARTESIAN_POINT ( 'NONE',  ( -40.78813562373094470, 82.00000000000000000, -123.2000000000000028 ) ) ;
#2473 = LINE ( 'NONE', #7175, #1892 ) ;
#2474 = CARTESIAN_POINT ( 'NONE',  ( -69.00000000000000000, 25.00000000000000000, -86.20148000000000366 ) ) ;
#2475 = APPROVAL_ROLE ( '' ) ;
#2476 = LINE ( 'NONE', #6479, #5843 ) ;
#2477 = CARTESIAN_POINT ( 'NONE',  ( 50.00000000000000000, 40.00000000000000711, -183.6180954499999984 ) ) ;
#2478 = ORIENTED_EDGE ( 'NONE', *, *, #7080, .T. ) ;
#2479 = ORIENTED_EDGE ( 'NONE', *, *, #6020, .F. ) ;
#2480 = CARTESIAN_POINT ( 'NONE',  ( -97.00000000000000000, 7.000000000000000000, 124.2119090000000057 ) ) ;
#2481 = ORIENTED_EDGE ( 'NONE', *, *, #5057, .F. ) ;
#2482 = ADVANCED_FACE ( 'NONE', ( #7711 ), #1103, .T. ) ;
#2483 = EDGE_CURVE ( 'NONE', #1151, #987, #881, .T. ) ;
#2484 = CARTESIAN_POINT ( 'NONE',  ( -47.84474000000000160, -110.8024999999999949, -165.6180954499999700 ) ) ;
#2485 = ORIENTED_EDGE ( 'NONE', *, *, #915, .T. ) ;
#2486 = CARTESIAN_POINT ( 'NONE',  ( 20.50000000000000000, 48.20000000000000284, -191.6180954499999984 ) ) ;
#2487 = ORIENTED_EDGE ( 'NONE', *, *, #7834, .T. ) ;
#2488 = VERTEX_POINT ( 'NONE', #2486 ) ;
#2489 = EDGE_CURVE ( 'NONE', #4495, #4169, #3106, .T. ) ;
#2490 = ORIENTED_EDGE ( 'NONE', *, *, #1643, .T. ) ;
#2491 = ADVANCED_FACE ( 'NONE', ( #1236 ), #3924, .F. ) ;
#2492 = ORIENTED_EDGE ( 'NONE', *, *, #7380, .T. ) ;
#2493 = DIRECTION ( 'NONE',  ( 0.000000000000000000, -0.000000000000000000, 1.000000000000000000 ) ) ;
#2494 = DIRECTION ( 'NONE',  ( -0.7071067811865474617, 0.000000000000000000, -0.7071067811865474617 ) ) ;
#2495 = FACE_OUTER_BOUND ( 'NONE', #3494, .T. ) ;
#2496 = DIRECTION ( 'NONE',  ( -1.000000000000000000, 0.000000000000000000, 0.000000000000000000 ) ) ;
#2497 = CARTESIAN_POINT ( 'NONE',  ( 19.50000000000000000, 0.000000000000000000, -165.6180954499999700 ) ) ;
#2498 = ORIENTED_EDGE ( 'NONE', *, *, #5152, .F. ) ;
#2499 = EDGE_LOOP ( 'NONE', ( #3699, #3406, #1105, #579 ) ) ;
#2500 = EDGE_CURVE ( 'NONE', #7511, #2617, #5883, .T. ) ;
#2501 = PLANE ( 'NONE',  #2515 ) ;
#2502 = EDGE_CURVE ( 'NONE', #4988, #6812, #7193, .T. ) ;
#2503 = DIRECTION ( 'NONE',  ( 0.7071067811865475727, -0.7071067811865475727, 0.000000000000000000 ) ) ;
#2504 = CARTESIAN_POINT ( 'NONE',  ( -47.00000000000000000, 0.000000000000000000, -191.6180954499999984 ) ) ;
#2505 = FACE_OUTER_BOUND ( 'NONE', #3057, .T. ) ;
#2506 = CARTESIAN_POINT ( 'NONE',  ( 48.00000000000000000, -32.00000000000000000, -105.0000000000000000 ) ) ;
#2507 = DIRECTION ( 'NONE',  ( 0.000000000000000000, 1.000000000000000000, -0.000000000000000000 ) ) ;
#2508 = VECTOR ( 'NONE', #4173, 1000.000000000000000 ) ;
#2509 = CARTESIAN_POINT ( 'NONE',  ( -64.00000000000000000, 98.00000000000000000, -183.6180954499999984 ) ) ;
#2510 = LINE ( 'NONE', #5209, #8248 ) ;
#2511 = DIRECTION ( 'NONE',  ( 0.000000000000000000, -0.000000000000000000, 1.000000000000000000 ) ) ;
#2512 = ORIENTED_EDGE ( 'NONE', *, *, #3393, .T. ) ;
#2513 = CARTESIAN_POINT ( 'NONE',  ( -13.00000000000000000, 74.00000000000000000, -108.0000000000000000 ) ) ;
#2514 = VECTOR ( 'NONE', #5656, 1000.000000000000000 ) ;
#2515 = AXIS2_PLACEMENT_3D ( 'NONE', #7680, #1765, #7636 ) ;
#2516 = PLANE ( 'NONE',  #4809 ) ;
#2517 = CARTESIAN_POINT ( 'NONE',  ( 33.50000000000000000, 0.000000000000000000, -165.6180954499999700 ) ) ;
#2518 = CARTESIAN_POINT ( 'NONE',  ( 86.00000000000000000, -20.00000000000000000, -183.6180954499999984 ) ) ;
#2519 = VECTOR ( 'NONE', #6440, 1000.000000000000114 ) ;
#2520 = DIRECTION ( 'NONE',  ( 0.000000000000000000, -1.000000000000000000, 0.000000000000000000 ) ) ;
#2521 = VERTEX_POINT ( 'NONE', #6492 ) ;
#2522 = ORIENTED_EDGE ( 'NONE', *, *, #3722, .T. ) ;
#2523 = CARTESIAN_POINT ( 'NONE',  ( 48.55499999999999972, -48.40299999999999869, -165.6180954499999700 ) ) ;
#2524 = EDGE_LOOP ( 'NONE', ( #1192, #449, #6865, #1576 ) ) ;
#2525 = VECTOR ( 'NONE', #3818, 1000.000000000000000 ) ;
#2526 = PLANE ( 'NONE',  #4592 ) ;
#2527 = ORIENTED_EDGE ( 'NONE', *, *, #7270, .T. ) ;
#2528 = CARTESIAN_POINT ( 'NONE',  ( -88.00000000000000000, -24.00000000000000000, -183.6180954499999984 ) ) ;
#2529 = ORIENTED_EDGE ( 'NONE', *, *, #6322, .T. ) ;
#2530 = VERTEX_POINT ( 'NONE', #502 ) ;
#2531 = AXIS2_PLACEMENT_3D ( 'NONE', #2325, #2285, #7025 ) ;
#2532 = EDGE_LOOP ( 'NONE', ( #8057, #3626, #2138, #844 ) ) ;
#2533 = VERTEX_POINT ( 'NONE', #3964 ) ;
#2534 = EDGE_CURVE ( 'NONE', #4363, #7275, #8539, .T. ) ;
#2535 = DIRECTION ( 'NONE',  ( -0.000000000000000000, -0.000000000000000000, -1.000000000000000000 ) ) ;
#2536 = AXIS2_PLACEMENT_3D ( 'NONE', #5150, #7201, #1243 ) ;
#2537 = AXIS2_PLACEMENT_3D ( 'NONE', #7313, #832, #6008 ) ;
#2538 = EDGE_CURVE ( 'NONE', #7917, #6635, #3273, .T. ) ;
#2539 = LINE ( 'NONE', #1886, #5877 ) ;
#2540 = ADVANCED_FACE ( 'NONE', ( #5140 ), #6447, .F. ) ;
#2541 = PLANE ( 'NONE',  #309 ) ;
#2542 = CARTESIAN_POINT ( 'NONE',  ( 33.50000000000000000, 118.2000000000000028, -165.6180954499999700 ) ) ;
#2543 = VERTEX_POINT ( 'NONE', #2618 ) ;
#2544 = ORIENTED_EDGE ( 'NONE', *, *, #7081, .F. ) ;
#2545 = LINE ( 'NONE', #1447, #3762 ) ;
#2546 = DIRECTION ( 'NONE',  ( 0.000000000000000000, 1.000000000000000000, -0.000000000000000000 ) ) ;
#2547 = VECTOR ( 'NONE', #1050, 1000.000000000000000 ) ;
#2548 = EDGE_CURVE ( 'NONE', #2089, #4889, #8453, .T. ) ;
#2549 = EDGE_CURVE ( 'NONE', #6812, #8253, #626, .T. ) ;
#2550 = CARTESIAN_POINT ( 'NONE',  ( -34.00000000000000000, 117.2000000000000028, -165.5180954499999757 ) ) ;
#2551 = CARTESIAN_POINT ( 'NONE',  ( -94.00000000000000000, 32.00000000000000000, -183.6180954499999984 ) ) ;
#2552 = DIRECTION ( 'NONE',  ( 0.7071067811865469066, -0.7071067811865482389, 0.000000000000000000 ) ) ;
#2553 = ADVANCED_FACE ( 'NONE', ( #5268 ), #2576, .F. ) ;
#2554 = ORIENTED_EDGE ( 'NONE', *, *, #5915, .F. ) ;
#2555 = EDGE_CURVE ( 'NONE', #4113, #981, #5229, .T. ) ;
#2556 = AXIS2_PLACEMENT_3D ( 'NONE', #4684, #5249, #3258 ) ;
#2557 = LINE ( 'NONE', #5168, #5445 ) ;
#2558 = EDGE_CURVE ( 'NONE', #10, #8485, #3843, .T. ) ;
#2559 = CARTESIAN_POINT ( 'NONE',  ( -49.00000000000000000, -25.00000000000000000, -99.20148000000000366 ) ) ;
#2560 = LINE ( 'NONE', #3171, #8499 ) ;
#2561 = ORIENTED_EDGE ( 'NONE', *, *, #4573, .T. ) ;
#2562 = CARTESIAN_POINT ( 'NONE',  ( 87.00000000000000000, 40.00000000000000000, -191.6180954499999984 ) ) ;
#2563 = CARTESIAN_POINT ( 'NONE',  ( -47.84474000000000160, 58.40250000000000341, -165.6180954499999700 ) ) ;
#2564 = FACE_OUTER_BOUND ( 'NONE', #8131, .T. ) ;
#2565 = EDGE_CURVE ( 'NONE', #2144, #5581, #1191, .T. ) ;
#2566 = EDGE_CURVE ( 'NONE', #7899, #2100, #4615, .T. ) ;
#2567 = CARTESIAN_POINT ( 'NONE',  ( -47.84474000000000160, -58.40250000000000341, -165.6180954499999700 ) ) ;
#2568 = DIRECTION ( 'NONE',  ( 0.000000000000000000, 0.000000000000000000, 1.000000000000000000 ) ) ;
#2569 = EDGE_LOOP ( 'NONE', ( #1792, #6142, #152, #3745 ) ) ;
#2570 = DIRECTION ( 'NONE',  ( -0.7071067811865477948, 0.000000000000000000, 0.7071067811865473507 ) ) ;
#2571 = ORIENTED_EDGE ( 'NONE', *, *, #7552, .T. ) ;
#2572 = DIRECTION ( 'NONE',  ( 0.7071067811865474617, 0.7071067811865474617, 0.000000000000000000 ) ) ;
#2573 = AXIS2_PLACEMENT_3D ( 'NONE', #5369, #1372, #1288 ) ;
#2574 = LINE ( 'NONE', #1921, #5012 ) ;
#2575 = EDGE_LOOP ( 'NONE', ( #1264, #746, #7148, #7293 ) ) ;
#2576 = PLANE ( 'NONE',  #741 ) ;
#2577 = VERTEX_POINT ( 'NONE', #5836 ) ;
#2578 = ORIENTED_EDGE ( 'NONE', *, *, #2008, .F. ) ;
#2579 = VECTOR ( 'NONE', #2146, 1000.000000000000000 ) ;
#2580 = ORIENTED_EDGE ( 'NONE', *, *, #8397, .F. ) ;
#2581 = ORIENTED_EDGE ( 'NONE', *, *, #6686, .F. ) ;
#2582 = CARTESIAN_POINT ( 'NONE',  ( -50.00000000000000000, 0.000000000000000000, -191.6180954499999984 ) ) ;
#2583 = AXIS2_PLACEMENT_3D ( 'NONE', #2449, #6933, #1067 ) ;
#2584 = DIRECTION ( 'NONE',  ( 0.3393442484258341607, -0.000000000000000000, -0.9406622566364112314 ) ) ;
#2585 = LINE ( 'NONE', #5237, #6973 ) ;
#2586 = CARTESIAN_POINT ( 'NONE',  ( 25.00000000000000000, 32.00000000000000000, -171.6180954499999984 ) ) ;
#2587 = ORIENTED_EDGE ( 'NONE', *, *, #1755, .F. ) ;
#2588 = ORIENTED_EDGE ( 'NONE', *, *, #3612, .T. ) ;
#2589 = FACE_OUTER_BOUND ( 'NONE', #2621, .T. ) ;
#2590 = AXIS2_PLACEMENT_3D ( 'NONE', #7043, #1866, #6473 ) ;
#2591 = LINE ( 'NONE', #2550, #3562 ) ;
#2592 = CARTESIAN_POINT ( 'NONE',  ( -72.00000000000000000, 5.000000000000000000, -92.20148000000000366 ) ) ;
#2593 = ORIENTED_EDGE ( 'NONE', *, *, #8073, .T. ) ;
#2594 = AXIS2_PLACEMENT_3D ( 'NONE', #7522, #6737, #4865 ) ;
#2595 = EDGE_CURVE ( 'NONE', #2229, #5230, #1018, .T. ) ;
#2596 = EDGE_CURVE ( 'NONE', #2869, #2318, #8493, .T. ) ;
#2597 = LINE ( 'NONE', #7212, #5305 ) ;
#2598 = LINE ( 'NONE', #3950, #6719 ) ;
#2599 = DIRECTION ( 'NONE',  ( 0.7071067811865474617, -0.000000000000000000, 0.7071067811865474617 ) ) ;
#2600 = CARTESIAN_POINT ( 'NONE',  ( -47.00000000000000000, 118.2000000000000028, -165.5180954499999757 ) ) ;
#2601 = EDGE_CURVE ( 'NONE', #1889, #240, #6093, .T. ) ;
#2602 = EDGE_CURVE ( 'NONE', #6299, #2165, #796, .T. ) ;
#2603 = VERTEX_POINT ( 'NONE', #4701 ) ;
#2604 = DIRECTION ( 'NONE',  ( -0.000000000000000000, 0.000000000000000000, 1.000000000000000000 ) ) ;
#2605 = AXIS2_PLACEMENT_3D ( 'NONE', #4004, #666, #8536 ) ;
#2606 = DIRECTION ( 'NONE',  ( 1.000000000000000000, 0.000000000000000000, 0.000000000000000000 ) ) ;
#2607 = DIRECTION ( 'NONE',  ( 0.000000000000000000, 1.000000000000000000, 0.000000000000000000 ) ) ;
#2608 = CARTESIAN_POINT ( 'NONE',  ( -72.00000000000000000, -10.00000000000000000, -92.20148000000000366 ) ) ;
#2609 = VECTOR ( 'NONE', #5283, 1000.000000000000114 ) ;
#2610 = DIRECTION ( 'NONE',  ( 0.7071067811865474617, 0.7071067811865474617, 0.000000000000000000 ) ) ;
#2611 = DIRECTION ( 'NONE',  ( 0.7071067811865474617, -0.7071067811865474617, 0.000000000000000000 ) ) ;
#2612 = VERTEX_POINT ( 'NONE', #1356 ) ;
#2613 = ADVANCED_FACE ( 'NONE', ( #4787 ), #7967, .F. ) ;
#2614 = LINE ( 'NONE', #5392, #4413 ) ;
#2615 = AXIS2_PLACEMENT_3D ( 'NONE', #510, #5149, #8587 ) ;
#2616 = LINE ( 'NONE', #1189, #8064 ) ;
#2617 = VERTEX_POINT ( 'NONE', #755 ) ;
#2618 = CARTESIAN_POINT ( 'NONE',  ( -49.00000000000000000, 25.00000000000000000, -99.20148000000000366 ) ) ;
#2619 = VERTEX_POINT ( 'NONE', #2134 ) ;
#2620 = ORIENTED_EDGE ( 'NONE', *, *, #2437, .T. ) ;
#2621 = EDGE_LOOP ( 'NONE', ( #8098, #1721, #834, #79, #7628, #4893 ) ) ;
#2622 = VERTEX_POINT ( 'NONE', #8008 ) ;
#2623 = DIRECTION ( 'NONE',  ( 0.000000000000000000, 0.000000000000000000, -1.000000000000000000 ) ) ;
#2624 = CARTESIAN_POINT ( 'NONE',  ( -101.0000000000000000, -16.00000000000000000, 109.2119090000000057 ) ) ;
#2625 = CARTESIAN_POINT ( 'NONE',  ( -67.00000000000000000, 98.00000000000000000, -132.0000000000000000 ) ) ;
#2626 = DIRECTION ( 'NONE',  ( 0.000000000000000000, -1.000000000000000000, 0.000000000000000000 ) ) ;
#2627 = ORIENTED_EDGE ( 'NONE', *, *, #1598, .T. ) ;
#2628 = ORIENTED_EDGE ( 'NONE', *, *, #5893, .F. ) ;
#2629 = LINE ( 'NONE', #73, #3683 ) ;
#2630 = VECTOR ( 'NONE', #3743, 1000.000000000000000 ) ;
#2631 = DIRECTION ( 'NONE',  ( 0.04610476660840090446, -0.000000000000000000, -0.9989366098486853751 ) ) ;
#2632 = CARTESIAN_POINT ( 'NONE',  ( 0.000000000000000000, 0.000000000000000000, -90.20148000000000366 ) ) ;
#2633 = VERTEX_POINT ( 'NONE', #4096 ) ;
#2634 = ORIENTED_EDGE ( 'NONE', *, *, #2657, .F. ) ;
#2635 = DIRECTION ( 'NONE',  ( -1.000000000000000000, -0.000000000000000000, -0.000000000000000000 ) ) ;
#2636 = LINE ( 'NONE', #4030, #2133 ) ;
#2637 = LINE ( 'NONE', #6679, #6731 ) ;
#2638 = VERTEX_POINT ( 'NONE', #3400 ) ;
#2639 = CARTESIAN_POINT ( 'NONE',  ( -0.000000000000000000, 121.2000000000000028, -191.6180954499999984 ) ) ;
#2640 = ADVANCED_FACE ( 'NONE', ( #3483 ), #1520, .T. ) ;
#2641 = LINE ( 'NONE', #1907, #5926 ) ;
#2642 = DIRECTION ( 'NONE',  ( -0.000000000000000000, -0.000000000000000000, -1.000000000000000000 ) ) ;
#2643 = EDGE_CURVE ( 'NONE', #8496, #5968, #2834, .T. ) ;
#2644 = CARTESIAN_POINT ( 'NONE',  ( 44.55499999999999972, -44.40299999999999869, -165.6180954499999700 ) ) ;
#2645 = EDGE_CURVE ( 'NONE', #7422, #6843, #4761, .T. ) ;
#2646 = PLANE ( 'NONE',  #4631 ) ;
#2647 = AXIS2_PLACEMENT_3D ( 'NONE', #4271, #3704, #8317 ) ;
#2648 = FACE_OUTER_BOUND ( 'NONE', #5352, .T. ) ;
#2649 = AXIS2_PLACEMENT_3D ( 'NONE', #316, #4874, #1658 ) ;
#2650 = ORIENTED_EDGE ( 'NONE', *, *, #3131, .F. ) ;
#2651 = LINE ( 'NONE', #704, #6485 ) ;
#2652 = CARTESIAN_POINT ( 'NONE',  ( -38.71706781186546209, 62.65851158618023220, -123.2000000000000028 ) ) ;
#2653 = VECTOR ( 'NONE', #8483, 1000.000000000000000 ) ;
#2654 = AXIS2_PLACEMENT_3D ( 'NONE', #409, #1009, #6963 ) ;
#2655 = EDGE_CURVE ( 'NONE', #1481, #6229, #8102, .T. ) ;
#2656 = LINE ( 'NONE', #5308, #847 ) ;
#2657 = EDGE_CURVE ( 'NONE', #2242, #6651, #6701, .T. ) ;
#2658 = ORIENTED_EDGE ( 'NONE', *, *, #4718, .F. ) ;
#2659 = PLANE ( 'NONE',  #6570 ) ;
#2660 = EDGE_LOOP ( 'NONE', ( #8425, #1743, #4876, #4548 ) ) ;
#2661 = ORIENTED_EDGE ( 'NONE', *, *, #1581, .F. ) ;
#2662 = VERTEX_POINT ( 'NONE', #3443 ) ;
#2663 = VECTOR ( 'NONE', #7153, 1000.000000000000000 ) ;
#2664 = ORIENTED_EDGE ( 'NONE', *, *, #6953, .T. ) ;
#2665 = VECTOR ( 'NONE', #4476, 1000.000000000000000 ) ;
#2666 = LINE ( 'NONE', #3156, #7340 ) ;
#2667 = DIRECTION ( 'NONE',  ( 1.000000000000000000, 0.000000000000000000, 0.000000000000000000 ) ) ;
#2668 = AXIS2_PLACEMENT_3D ( 'NONE', #4017, #6665, #5362 ) ;
#2669 = LINE ( 'NONE', #678, #1144 ) ;
#2670 = CARTESIAN_POINT ( 'NONE',  ( 19.50000000000000000, -118.2000000000000028, -165.6180954499999700 ) ) ;
#2671 = ORIENTED_EDGE ( 'NONE', *, *, #1649, .T. ) ;
#2672 = ORIENTED_EDGE ( 'NONE', *, *, #964, .F. ) ;
#2673 = FACE_OUTER_BOUND ( 'NONE', #4412, .T. ) ;
#2674 = DIRECTION ( 'NONE',  ( 0.000000000000000000, 0.000000000000000000, -1.000000000000000000 ) ) ;
#2675 = AXIS2_PLACEMENT_3D ( 'NONE', #7364, #7324, #6837 ) ;
#2676 = PLANE ( 'NONE',  #541 ) ;
#2677 = VERTEX_POINT ( 'NONE', #5350 ) ;
#2678 = ORIENTED_EDGE ( 'NONE', *, *, #1318, .T. ) ;
#2679 = DIRECTION ( 'NONE',  ( 0.7071067811865474617, 0.7071067811865474617, 0.000000000000000000 ) ) ;
#2680 = AXIS2_PLACEMENT_3D ( 'NONE', #1101, #5706, #3749 ) ;
#2681 = VECTOR ( 'NONE', #2228, 1000.000000000000000 ) ;
#2682 = PLANE ( 'NONE',  #8112 ) ;
#2683 = CARTESIAN_POINT ( 'NONE',  ( -33.00000000000000000, 0.000000000000000000, -165.6180954499999700 ) ) ;
#2684 = ORIENTED_EDGE ( 'NONE', *, *, #4999, .T. ) ;
#2685 = DIRECTION ( 'NONE',  ( 0.000000000000000000, 0.000000000000000000, -1.000000000000000000 ) ) ;
#2686 = DIRECTION ( 'NONE',  ( -0.7071067811865474617, 0.7071067811865474617, -0.000000000000000000 ) ) ;
#2687 = DIRECTION ( 'NONE',  ( -1.000000000000000000, 0.000000000000000000, 0.000000000000000000 ) ) ;
#2688 = AXIS2_PLACEMENT_3D ( 'NONE', #4297, #911, #8214 ) ;
#2689 = CYLINDRICAL_SURFACE ( 'NONE', #446, 5.000000000000004441 ) ;
#2690 = FACE_OUTER_BOUND ( 'NONE', #1648, .T. ) ;
#2691 = DIRECTION ( 'NONE',  ( 1.000000000000000000, 0.000000000000000000, -0.000000000000000000 ) ) ;
#2692 = ORIENTED_EDGE ( 'NONE', *, *, #48, .F. ) ;
#2693 = CARTESIAN_POINT ( 'NONE',  ( -47.50140412403019496, 90.00000000000000000, -125.1017785571049217 ) ) ;
#2694 = DIRECTION ( 'NONE',  ( -0.6196442885790209854, -0.000000000000000000, -0.7848827655334259523 ) ) ;
#2695 = DIRECTION ( 'NONE',  ( 0.000000000000000000, 1.000000000000000000, -0.000000000000000000 ) ) ;
#2696 = ORIENTED_EDGE ( 'NONE', *, *, #8188, .T. ) ;
#2697 = EDGE_CURVE ( 'NONE', #759, #4366, #6656, .T. ) ;
#2698 = EDGE_CURVE ( 'NONE', #8558, #6239, #2787, .T. ) ;
#2699 = DIRECTION ( 'NONE',  ( 1.000000000000000000, 0.000000000000000000, -0.000000000000000000 ) ) ;
#2700 = EDGE_LOOP ( 'NONE', ( #3444, #8324, #5930, #4229 ) ) ;
#2701 = VERTEX_POINT ( 'NONE', #1483 ) ;
#2702 = PLANE ( 'NONE',  #5157 ) ;
#2703 = ORIENTED_EDGE ( 'NONE', *, *, #7434, .F. ) ;
#2704 = ORIENTED_EDGE ( 'NONE', *, *, #1660, .T. ) ;
#2705 = ORIENTED_EDGE ( 'NONE', *, *, #5633, .F. ) ;
#2706 = VECTOR ( 'NONE', #7296, 1000.000000000000227 ) ;
#2707 = ADVANCED_FACE ( 'NONE', ( #4139 ), #2659, .T. ) ;
#2708 = ADVANCED_FACE ( 'NONE', ( #1399 ), #4052, .T. ) ;
#2709 = LINE ( 'NONE', #2054, #3519 ) ;
#2710 = VECTOR ( 'NONE', #6337, 1000.000000000000000 ) ;
#2711 = CARTESIAN_POINT ( 'NONE',  ( -14.97348886532344281, -90.00000000000000000, -102.5294888653234295 ) ) ;
#2712 = DIRECTION ( 'NONE',  ( -1.000000000000000000, 0.000000000000000000, 0.000000000000000000 ) ) ;
#2713 = VERTEX_POINT ( 'NONE', #4831 ) ;
#2714 = ORIENTED_EDGE ( 'NONE', *, *, #5307, .F. ) ;
#2715 = DIRECTION ( 'NONE',  ( 0.7071067811865474617, -0.7071067811865474617, 0.000000000000000000 ) ) ;
#2716 = ORIENTED_EDGE ( 'NONE', *, *, #4573, .F. ) ;
#2717 = EDGE_CURVE ( 'NONE', #5484, #3278, #6132, .T. ) ;
#2718 = ADVANCED_FACE ( 'NONE', ( #57 ), #4746, .F. ) ;
#2719 = CARTESIAN_POINT ( 'NONE',  ( -47.84474000000000160, -58.40250000000000341, -177.6180954499999984 ) ) ;
#2720 = VECTOR ( 'NONE', #5901, 1000.000000000000000 ) ;
#2721 = LINE ( 'NONE', #6848, #2055 ) ;
#2722 = EDGE_LOOP ( 'NONE', ( #6588, #7988, #1152, #5667 ) ) ;
#2723 = ORIENTED_EDGE ( 'NONE', *, *, #964, .T. ) ;
#2724 = CARTESIAN_POINT ( 'NONE',  ( 20.50000000000000000, -48.20000000000000284, -165.5180954499999757 ) ) ;
#2725 = AXIS2_PLACEMENT_3D ( 'NONE', #563, #4634, #7208 ) ;
#2726 = FACE_OUTER_BOUND ( 'NONE', #113, .T. ) ;
#2727 = LINE ( 'NONE', #2683, #5340 ) ;
#2728 = ORIENTED_EDGE ( 'NONE', *, *, #7880, .T. ) ;
#2729 = CARTESIAN_POINT ( 'NONE',  ( -33.00000000000000000, 49.20000000000000284, -165.5180954499999757 ) ) ;
#2730 = CARTESIAN_POINT ( 'NONE',  ( -57.84499999999999886, -124.8029999999999973, -165.6180954499999700 ) ) ;
#2731 = LINE ( 'NONE', #657, #6216 ) ;
#2732 = VECTOR ( 'NONE', #4562, 1000.000000000000000 ) ;
#2733 = DIRECTION ( 'NONE',  ( -0.000000000000000000, 0.000000000000000000, -1.000000000000000000 ) ) ;
#2734 = LINE ( 'NONE', #3958, #4049 ) ;
#2735 = VECTOR ( 'NONE', #8391, 1000.000000000000000 ) ;
#2736 = ORIENTED_EDGE ( 'NONE', *, *, #8067, .F. ) ;
#2737 = CARTESIAN_POINT ( 'NONE',  ( 19.50000000000000000, 120.2000000000000028, -191.6180954499999984 ) ) ;
#2738 = LINE ( 'NONE', #705, #5653 ) ;
#2739 = VECTOR ( 'NONE', #7872, 1000.000000000000000 ) ;
#2740 = DIRECTION ( 'NONE',  ( 1.000000000000000000, 0.000000000000000000, -0.000000000000000000 ) ) ;
#2741 = ORIENTED_EDGE ( 'NONE', *, *, #8034, .F. ) ;
#2742 = DIRECTION ( 'NONE',  ( 0.000000000000000000, 0.000000000000000000, 1.000000000000000000 ) ) ;
#2743 = EDGE_LOOP ( 'NONE', ( #1929, #6265, #8421, #4364 ) ) ;
#2744 = ORIENTED_EDGE ( 'NONE', *, *, #2343, .T. ) ;
#2745 = LINE ( 'NONE', #3533, #3910 ) ;
#2746 = ORIENTED_EDGE ( 'NONE', *, *, #5793, .F. ) ;
#2747 = ORIENTED_EDGE ( 'NONE', *, *, #117, .F. ) ;
#2748 = VERTEX_POINT ( 'NONE', #2088 ) ;
#2749 = VECTOR ( 'NONE', #5456, 1000.000000000000000 ) ;
#2750 = EDGE_CURVE ( 'NONE', #5187, #8485, #3697, .T. ) ;
#2751 = ADVANCED_FACE ( 'NONE', ( #5565 ), #3655, .T. ) ;
#2752 = CARTESIAN_POINT ( 'NONE',  ( -61.84499999999999886, -48.40299999999999869, -183.6180954499999984 ) ) ;
#2753 = DIRECTION ( 'NONE',  ( 0.000000000000000000, -0.000000000000000000, -1.000000000000000000 ) ) ;
#2754 = VECTOR ( 'NONE', #2140, 1000.000000000000114 ) ;
#2755 = EDGE_CURVE ( 'NONE', #5097, #6482, #2217, .T. ) ;
#2756 = LINE ( 'NONE', #6062, #8368 ) ;
#2757 = EDGE_CURVE ( 'NONE', #1042, #2890, #1655, .T. ) ;
#2758 = DIRECTION ( 'NONE',  ( 0.000000000000000000, 1.000000000000000000, 0.000000000000000000 ) ) ;
#2759 = VERTEX_POINT ( 'NONE', #313 ) ;
#2760 = EDGE_LOOP ( 'NONE', ( #7663, #869, #6010, #1377, #8109, #5266, #4216, #3837 ) ) ;
#2761 = CARTESIAN_POINT ( 'NONE',  ( -52.10000000000001563, -74.00000000000001421, -102.7459999999999951 ) ) ;
#2762 = ORIENTED_EDGE ( 'NONE', *, *, #4090, .F. ) ;
#2763 = PLANE ( 'NONE',  #2160 ) ;
#2764 = CC_DESIGN_DATE_AND_TIME_ASSIGNMENT ( #5531, #3742, ( #3032 ) ) ;
#2765 = VECTOR ( 'NONE', #4326, 1000.000000000000000 ) ;
#2766 = CARTESIAN_POINT ( 'NONE',  ( -110.0000000000000000, -24.00000000000000000, -99.20148000000000366 ) ) ;
#2767 = ORIENTED_EDGE ( 'NONE', *, *, #6480, .T. ) ;
#2768 = EDGE_CURVE ( 'NONE', #7055, #6056, #3105, .T. ) ;
#2769 = EDGE_CURVE ( 'NONE', #5626, #2139, #356, .T. ) ;
#2770 = CARTESIAN_POINT ( 'NONE',  ( -46.00000000000000000, -117.2000000000000028, -165.6180954499999700 ) ) ;
#2771 = DIRECTION ( 'NONE',  ( -0.000000000000000000, -0.000000000000000000, -1.000000000000000000 ) ) ;
#2772 = VECTOR ( 'NONE', #8375, 1000.000000000000000 ) ;
#2773 = FACE_OUTER_BOUND ( 'NONE', #2825, .T. ) ;
#2774 = ORIENTED_EDGE ( 'NONE', *, *, #8505, .F. ) ;
#2775 = DIRECTION ( 'NONE',  ( 0.000000000000000000, -1.000000000000000000, 0.000000000000000000 ) ) ;
#2776 = DIRECTION ( 'NONE',  ( -0.000000000000000000, 0.000000000000000000, 1.000000000000000000 ) ) ;
#2777 = CARTESIAN_POINT ( 'NONE',  ( -46.00000000000000000, 82.00000000000000000, -123.2000000000000028 ) ) ;
#2778 = FACE_OUTER_BOUND ( 'NONE', #2314, .T. ) ;
#2779 = PLANE ( 'NONE',  #1413 ) ;
#2780 = VERTEX_POINT ( 'NONE', #6352 ) ;
#2781 = DIRECTION ( 'NONE',  ( -0.7071067811865474617, 0.7071067811865474617, -0.000000000000000000 ) ) ;
#2782 = LINE ( 'NONE', #5391, #518 ) ;
#2783 = CARTESIAN_POINT ( 'NONE',  ( -41.09999999999999432, 41.09999999999999432, -191.6180954499999984 ) ) ;
#2784 = CARTESIAN_POINT ( 'NONE',  ( 87.00000000000000000, -40.00000000000000000, -183.6180954499999984 ) ) ;
#2785 = ORIENTED_EDGE ( 'NONE', *, *, #1279, .F. ) ;
#2786 = AXIS2_PLACEMENT_3D ( 'NONE', #6046, #3398, #4744 ) ;
#2787 = LINE ( 'NONE', #5439, #1298 ) ;
#2788 = ORIENTED_EDGE ( 'NONE', *, *, #857, .T. ) ;
#2789 = ORIENTED_EDGE ( 'NONE', *, *, #2006, .F. ) ;
#2790 = DIRECTION ( 'NONE',  ( 0.000000000000000000, -0.000000000000000000, 1.000000000000000000 ) ) ;
#2791 = ORIENTED_EDGE ( 'NONE', *, *, #5804, .T. ) ;
#2792 = VERTEX_POINT ( 'NONE', #3574 ) ;
#2793 = AXIS2_PLACEMENT_3D ( 'NONE', #2946, #5594, #8250 ) ;
#2794 = FACE_OUTER_BOUND ( 'NONE', #1835, .T. ) ;
#2795 = LINE ( 'NONE', #4796, #6569 ) ;
#2796 = VECTOR ( 'NONE', #7978, 1000.000000000000227 ) ;
#2797 = CARTESIAN_POINT ( 'NONE',  ( -47.84474000000000160, 58.40250000000000341, -165.6180954499999700 ) ) ;
#2798 = EDGE_LOOP ( 'NONE', ( #8584, #4748, #2298, #3712 ) ) ;
#2799 = EDGE_LOOP ( 'NONE', ( #4064, #2835, #6354, #2059 ) ) ;
#2800 = VECTOR ( 'NONE', #1434, 1000.000000000000114 ) ;
#2801 = EDGE_CURVE ( 'NONE', #6828, #1669, #2261, .T. ) ;
#2802 = LINE ( 'NONE', #5540, #4246 ) ;
#2803 = VERTEX_POINT ( 'NONE', #4918 ) ;
#2804 = DIRECTION ( 'NONE',  ( -1.000000000000000000, 0.000000000000000000, 0.000000000000000000 ) ) ;
#2805 = EDGE_CURVE ( 'NONE', #8053, #5530, #1609, .T. ) ;
#2806 = LINE ( 'NONE', #2766, #5387 ) ;
#2807 = VECTOR ( 'NONE', #5689, 1000.000000000000000 ) ;
#2808 = ORIENTED_EDGE ( 'NONE', *, *, #265, .F. ) ;
#2809 = PLANE ( 'NONE',  #7262 ) ;
#2810 = EDGE_CURVE ( 'NONE', #4444, #2989, #7572, .T. ) ;
#2811 = DIRECTION ( 'NONE',  ( 0.8041761414663256557, -0.000000000000000000, 0.5943910610838055719 ) ) ;
#2812 = EDGE_CURVE ( 'NONE', #5670, #8078, #4306, .T. ) ;
#2813 = VECTOR ( 'NONE', #6622, 1000.000000000000000 ) ;
#2814 = FACE_OUTER_BOUND ( 'NONE', #6154, .T. ) ;
#2815 = VECTOR ( 'NONE', #3067, 1000.000000000000000 ) ;
#2816 = ORIENTED_EDGE ( 'NONE', *, *, #3100, .F. ) ;
#2817 = LINE ( 'NONE', #6120, #6740 ) ;
#2818 = EDGE_CURVE ( 'NONE', #2603, #6009, #3613, .T. ) ;
#2819 = DIRECTION ( 'NONE',  ( 0.000000000000000000, 0.000000000000000000, 1.000000000000000000 ) ) ;
#2820 = ADVANCED_FACE ( 'NONE', ( #8265 ), #5005, .F. ) ;
#2821 = CARTESIAN_POINT ( 'NONE',  ( -52.00000000000000000, 90.00000000000000000, -102.7459999999999951 ) ) ;
#2822 = VECTOR ( 'NONE', #98, 1000.000000000000114 ) ;
#2823 = CARTESIAN_POINT ( 'NONE',  ( -13.00000000000000000, 98.00000000000000000, -123.2000000000000028 ) ) ;
#2824 = CARTESIAN_POINT ( 'NONE',  ( 50.00000000000000000, -125.0000000000000000, -183.6180954499999984 ) ) ;
#2825 = EDGE_LOOP ( 'NONE', ( #4101, #5053, #1627, #6759 ) ) ;
#2826 = DIRECTION ( 'NONE',  ( -0.000000000000000000, 1.000000000000000000, 0.000000000000000000 ) ) ;
#2827 = AXIS2_PLACEMENT_3D ( 'NONE', #1815, #6468, #6386 ) ;
#2828 = EDGE_CURVE ( 'NONE', #4180, #7841, #1565, .T. ) ;
#2829 = CARTESIAN_POINT ( 'NONE',  ( -33.64500000000000313, -90.00000000000000000, -121.2009999999999792 ) ) ;
#2830 = EDGE_CURVE ( 'NONE', #974, #4272, #5610, .T. ) ;
#2831 = LINE ( 'NONE', #4867, #6080 ) ;
#2832 = PLANE ( 'NONE',  #5981 ) ;
#2833 = CARTESIAN_POINT ( 'NONE',  ( -97.00000000000000000, -7.000000000000000000, 124.2119090000000057 ) ) ;
#2834 = LINE ( 'NONE', #5480, #3520 ) ;
#2835 = ORIENTED_EDGE ( 'NONE', *, *, #4107, .F. ) ;
#2836 = EDGE_LOOP ( 'NONE', ( #4653, #1066, #3160, #5492, #1963, #3987, #4300, #587 ) ) ;
#2837 = DIRECTION ( 'NONE',  ( -0.7071067811865481278, 0.000000000000000000, 0.7071067811865470176 ) ) ;
#2838 = VERTEX_POINT ( 'NONE', #7700 ) ;
#2839 = ORIENTED_EDGE ( 'NONE', *, *, #4146, .F. ) ;
#2840 = DIRECTION ( 'NONE',  ( -0.7071067811865474617, 0.7071067811865474617, 0.000000000000000000 ) ) ;
#2841 = DIRECTION ( 'NONE',  ( 0.000000000000000000, -1.000000000000000000, 0.000000000000000000 ) ) ;
#2842 = CARTESIAN_POINT ( 'NONE',  ( 44.55499999999999972, -44.40299999999999869, -165.6180954499999700 ) ) ;
#2843 = VERTEX_POINT ( 'NONE', #7658 ) ;
#2844 = VERTEX_POINT ( 'NONE', #6263 ) ;
#2845 = ORIENTED_EDGE ( 'NONE', *, *, #1690, .T. ) ;
#2846 = CARTESIAN_POINT ( 'NONE',  ( -61.84499999999999886, -120.8029999999999973, -183.6180954499999984 ) ) ;
#2847 = EDGE_LOOP ( 'NONE', ( #4087, #2487, #7926, #7800 ) ) ;
#2848 = ORIENTED_EDGE ( 'NONE', *, *, #7192, .F. ) ;
#2849 = DIRECTION ( 'NONE',  ( 0.000000000000000000, 1.000000000000000000, 0.000000000000000000 ) ) ;
#2850 = CARTESIAN_POINT ( 'NONE',  ( 20.50000000000000000, 48.20000000000000284, -165.5180954499999757 ) ) ;
#2851 = VECTOR ( 'NONE', #1329, 1000.000000000000000 ) ;
#2852 = ORIENTED_EDGE ( 'NONE', *, *, #7863, .F. ) ;
#2853 = DIRECTION ( 'NONE',  ( 0.000000000000000000, 1.000000000000000000, 0.000000000000000000 ) ) ;
#2854 = CARTESIAN_POINT ( 'NONE',  ( -58.99999999999999289, -90.00000000000000000, -108.5967999999999449 ) ) ;
#2855 = DIRECTION ( 'NONE',  ( -0.7071067811865474617, -0.7071067811865474617, 0.000000000000000000 ) ) ;
#2856 = DIRECTION ( 'NONE',  ( -0.08796862890166813609, 0.000000000000000000, -0.9961232455520555584 ) ) ;
#2857 = VECTOR ( 'NONE', #4891, 1000.000000000000114 ) ;
#2858 = ORIENTED_EDGE ( 'NONE', *, *, #5854, .T. ) ;
#2859 = CARTESIAN_POINT ( 'NONE',  ( -46.00000000000000000, 98.00000000000000000, -123.2000000000000028 ) ) ;
#2860 = DIRECTION ( 'NONE',  ( 1.000000000000000000, 0.000000000000000000, 0.000000000000000000 ) ) ;
#2861 = LINE ( 'NONE', #6082, #1912 ) ;
#2862 = EDGE_CURVE ( 'NONE', #4844, #3968, #1698, .T. ) ;
#2863 = ADVANCED_FACE ( 'NONE', ( #5700 ), #4175, .T. ) ;
#2864 = VECTOR ( 'NONE', #2674, 1000.000000000000000 ) ;
#2865 = EDGE_CURVE ( 'NONE', #8152, #416, #2877, .T. ) ;
#2866 = LINE ( 'NONE', #8128, #480 ) ;
#2867 = ADVANCED_FACE ( 'NONE', ( #7222 ), #5827, .F. ) ;
#2868 = CARTESIAN_POINT ( 'NONE',  ( 34.35000000000000142, 34.35000000000000142, -191.6180954499999984 ) ) ;
#2869 = VERTEX_POINT ( 'NONE', #7090 ) ;
#2870 = CARTESIAN_POINT ( 'NONE',  ( -61.00000000000000000, 18.00000000000000000, -90.20148000000000366 ) ) ;
#2871 = AXIS2_PLACEMENT_3D ( 'NONE', #5739, #2425, #8480 ) ;
#2872 = CARTESIAN_POINT ( 'NONE',  ( 50.00000000000000000, 125.0000000000000000, -183.6180954499999984 ) ) ;
#2873 = FACE_OUTER_BOUND ( 'NONE', #2575, .T. ) ;
#2874 = CARTESIAN_POINT ( 'NONE',  ( -43.57699029636306420, -81.99999999999998579, -128.2000000000000171 ) ) ;
#2875 = AXIS2_PLACEMENT_3D ( 'NONE', #6379, #389, #4427 ) ;
#2876 = EDGE_CURVE ( 'NONE', #5190, #8558, #5177, .T. ) ;
#2877 = LINE ( 'NONE', #5525, #335 ) ;
#2878 = ADVANCED_FACE ( 'NONE', ( #6481 ), #8443, .F. ) ;
#2879 = ORIENTED_EDGE ( 'NONE', *, *, #4079, .T. ) ;
#2880 = EDGE_LOOP ( 'NONE', ( #4920, #6827, #5704, #5196 ) ) ;
#2881 = CARTESIAN_POINT ( 'NONE',  ( -47.00000000000000000, -51.20000000000000284, -165.5180954499999757 ) ) ;
#2882 = ORIENTED_EDGE ( 'NONE', *, *, #220, .T. ) ;
#2883 = ORIENTED_EDGE ( 'NONE', *, *, #901, .T. ) ;
#2884 = VECTOR ( 'NONE', #2607, 1000.000000000000000 ) ;
#2885 = DIRECTION ( 'NONE',  ( 0.000000000000000000, 0.000000000000000000, -1.000000000000000000 ) ) ;
#2886 = DIRECTION ( 'NONE',  ( 1.000000000000000000, 0.000000000000000000, 0.000000000000000000 ) ) ;
#2887 = ORIENTED_EDGE ( 'NONE', *, *, #901, .F. ) ;
#2888 = CARTESIAN_POINT ( 'NONE',  ( -88.00000000000000000, 24.00000000000000000, 122.2119089999999773 ) ) ;
#2889 = ORIENTED_EDGE ( 'NONE', *, *, #3921, .T. ) ;
#2890 = VERTEX_POINT ( 'NONE', #493 ) ;
#2891 = VECTOR ( 'NONE', #5687, 1000.000000000000000 ) ;
#2892 = ORIENTED_EDGE ( 'NONE', *, *, #442, .F. ) ;
#2893 = DIRECTION ( 'NONE',  ( 0.000000000000000000, 0.000000000000000000, -1.000000000000000000 ) ) ;
#2894 = ORIENTED_EDGE ( 'NONE', *, *, #478, .T. ) ;
#2895 = ORIENTED_EDGE ( 'NONE', *, *, #8469, .T. ) ;
#2896 = CARTESIAN_POINT ( 'NONE',  ( -33.00000000000000000, 0.000000000000000000, -165.6180954499999700 ) ) ;
#2897 = CARTESIAN_POINT ( 'NONE',  ( -64.00000000000000000, -74.00000000000001421, -183.6180954499999984 ) ) ;
#2898 = VECTOR ( 'NONE', #1626, 1000.000000000000000 ) ;
#2899 = EDGE_LOOP ( 'NONE', ( #2845, #2498, #3422, #7014 ) ) ;
#2900 = DIRECTION ( 'NONE',  ( 1.000000000000000000, 0.000000000000000000, 0.000000000000000000 ) ) ;
#2901 = FACE_OUTER_BOUND ( 'NONE', #8040, .T. ) ;
#2902 = LINE ( 'NONE', #4901, #3627 ) ;
#2903 = CARTESIAN_POINT ( 'NONE',  ( 0.000000000000000000, 0.000000000000000000, -90.20148000000000366 ) ) ;
#2904 = ORIENTED_EDGE ( 'NONE', *, *, #3672, .T. ) ;
#2905 = LINE ( 'NONE', #5551, #6605 ) ;
#2906 = CARTESIAN_POINT ( 'NONE',  ( -105.0000000000000000, -7.000000000000000000, 122.2119090000000057 ) ) ;
#2907 = CARTESIAN_POINT ( 'NONE',  ( -46.00000000000000000, 74.00000000000000000, -123.2000000000000028 ) ) ;
#2908 = FACE_OUTER_BOUND ( 'NONE', #1007, .T. ) ;
#2909 = FACE_OUTER_BOUND ( 'NONE', #2524, .T. ) ;
#2910 = ORIENTED_EDGE ( 'NONE', *, *, #5686, .F. ) ;
#2911 = EDGE_CURVE ( 'NONE', #4266, #4065, #1261, .T. ) ;
#2912 = LINE ( 'NONE', #3479, #3573 ) ;
#2913 = PLANE ( 'NONE',  #1207 ) ;
#2914 = DIRECTION ( 'NONE',  ( -0.7071067811865474617, -0.7071067811865474617, 0.000000000000000000 ) ) ;
#2915 = EDGE_CURVE ( 'NONE', #5315, #8356, #7182, .T. ) ;
#2916 = ADVANCED_FACE ( 'NONE', ( #4485 ), #4526, .F. ) ;
#2917 = FACE_OUTER_BOUND ( 'NONE', #5713, .T. ) ;
#2918 = DIRECTION ( 'NONE',  ( -0.7071067811865474617, 0.000000000000000000, -0.7071067811865474617 ) ) ;
#2919 = VERTEX_POINT ( 'NONE', #3915 ) ;
#2920 = ORIENTED_EDGE ( 'NONE', *, *, #8500, .T. ) ;
#2921 = CARTESIAN_POINT ( 'NONE',  ( 0.000000000000000000, 36.00000000000000000, -183.6180954499999984 ) ) ;
#2922 = ORIENTED_EDGE ( 'NONE', *, *, #5684, .F. ) ;
#2923 = ORIENTED_EDGE ( 'NONE', *, *, #4084, .F. ) ;
#2924 = ADVANCED_FACE ( 'NONE', ( #6522 ), #1226, .F. ) ;
#2925 = EDGE_CURVE ( 'NONE', #7486, #8269, #7786, .T. ) ;
#2926 = VECTOR ( 'NONE', #1269, 1000.000000000000000 ) ;
#2927 = CARTESIAN_POINT ( 'NONE',  ( -51.00000000000000000, -20.19999999999999929, -86.20148000000000366 ) ) ;
#2928 = VERTEX_POINT ( 'NONE', #5784 ) ;
#2929 = CARTESIAN_POINT ( 'NONE',  ( 43.77799999999999159, 82.00000000000000000, -43.77799999999999159 ) ) ;
#2930 = ORIENTED_EDGE ( 'NONE', *, *, #6174, .T. ) ;
#2931 = EDGE_LOOP ( 'NONE', ( #2363, #577, #967, #5358 ) ) ;
#2932 = ORIENTED_EDGE ( 'NONE', *, *, #7540, .F. ) ;
#2933 = DIRECTION ( 'NONE',  ( 0.000000000000000000, -1.000000000000000000, 0.000000000000000000 ) ) ;
#2934 = ORIENTED_EDGE ( 'NONE', *, *, #1221, .F. ) ;
#2935 = VECTOR ( 'NONE', #3510, 1000.000000000000114 ) ;
#2936 = LINE ( 'NONE', #5111, #8560 ) ;
#2937 = ADVANCED_FACE ( 'NONE', ( #575 ), #3789, .T. ) ;
#2938 = EDGE_CURVE ( 'NONE', #8390, #958, #3137, .T. ) ;
#2939 = CARTESIAN_POINT ( 'NONE',  ( -43.57699029636306420, 98.00000000000000000, -128.2000000000000171 ) ) ;
#2940 = VECTOR ( 'NONE', #2853, 1000.000000000000000 ) ;
#2941 = ORIENTED_EDGE ( 'NONE', *, *, #7270, .F. ) ;
#2942 = VECTOR ( 'NONE', #2012, 1000.000000000000000 ) ;
#2943 = VECTOR ( 'NONE', #497, 1000.000000000000000 ) ;
#2944 = DIRECTION ( 'NONE',  ( 0.000000000000000000, 0.000000000000000000, -1.000000000000000000 ) ) ;
#2945 = FACE_OUTER_BOUND ( 'NONE', #5496, .T. ) ;
#2946 = CARTESIAN_POINT ( 'NONE',  ( 33.50000000000000000, 118.2000000000000028, -165.5180954499999757 ) ) ;
#2947 = DIRECTION ( 'NONE',  ( -0.000000000000000000, -0.000000000000000000, -1.000000000000000000 ) ) ;
#2948 = VERTEX_POINT ( 'NONE', #2477 ) ;
#2949 = DIRECTION ( 'NONE',  ( 0.7071067811865475727, 0.7071067811865475727, 0.000000000000000000 ) ) ;
#2950 = VECTOR ( 'NONE', #2420, 1000.000000000000000 ) ;
#2951 = CARTESIAN_POINT ( 'NONE',  ( -47.00000000000000000, 0.000000000000000000, -165.6180954499999700 ) ) ;
#2952 = CARTESIAN_POINT ( 'NONE',  ( -97.00000000000000000, 7.000000000000000000, 122.2119090000000057 ) ) ;
#2953 = VECTOR ( 'NONE', #6587, 1000.000000000000000 ) ;
#2954 = DIRECTION ( 'NONE',  ( -0.7071067811865474617, 0.7071067811865474617, 0.000000000000000000 ) ) ;
#2955 = PLANE ( 'NONE',  #863 ) ;
#2956 = ORIENTED_EDGE ( 'NONE', *, *, #1798, .T. ) ;
#2957 = DIRECTION ( 'NONE',  ( -0.000000000000000000, -0.000000000000000000, -1.000000000000000000 ) ) ;
#2958 = DIRECTION ( 'NONE',  ( 0.000000000000000000, 0.000000000000000000, 1.000000000000000000 ) ) ;
#2959 = CARTESIAN_POINT ( 'NONE',  ( -99.75000000000000000, -16.00000000000000000, 122.2119089999999773 ) ) ;
#2960 = VECTOR ( 'NONE', #2973, 1000.000000000000114 ) ;
#2961 = CARTESIAN_POINT ( 'NONE',  ( -78.09999999999999432, 15.00000000000000000, -86.20148000000000366 ) ) ;
#2962 = DIRECTION ( 'NONE',  ( 0.000000000000000000, -0.1216969374237651114, -0.9925673052351039471 ) ) ;
#2963 = VERTEX_POINT ( 'NONE', #5746 ) ;
#2964 = VERTEX_POINT ( 'NONE', #5133 ) ;
#2966 = VECTOR ( 'NONE', #4265, 1000.000000000000000 ) ;
#2965 = LINE ( 'NONE', #924, #7096 ) ;
#2967 = ORIENTED_EDGE ( 'NONE', *, *, #7611, .T. ) ;
#2968 = VECTOR ( 'NONE', #8601, 1000.000000000000000 ) ;
#2969 = EDGE_CURVE ( 'NONE', #7609, #2360, #1826, .T. ) ;
#2970 = ADVANCED_FACE ( 'NONE', ( #448 ), #8484, .F. ) ;
#2971 = DIRECTION ( 'NONE',  ( 0.000000000000000000, 0.000000000000000000, -1.000000000000000000 ) ) ;
#2972 = ORIENTED_EDGE ( 'NONE', *, *, #157, .T. ) ;
#2973 = DIRECTION ( 'NONE',  ( -0.7071067811865474617, -0.7071067811865474617, 0.000000000000000000 ) ) ;
#2974 = ORIENTED_EDGE ( 'NONE', *, *, #5587, .T. ) ;
#2975 = ORIENTED_EDGE ( 'NONE', *, *, #2334, .T. ) ;
#2976 = VERTEX_POINT ( 'NONE', #5220 ) ;
#2977 = EDGE_CURVE ( 'NONE', #3856, #8408, #7875, .T. ) ;
#2978 = PLANE ( 'NONE',  #3276 ) ;
#2979 = ORIENTED_EDGE ( 'NONE', *, *, #1999, .T. ) ;
#2980 = CARTESIAN_POINT ( 'NONE',  ( -47.00000000000000000, -118.2000000000000028, -191.6180954499999984 ) ) ;
#2981 = CARTESIAN_POINT ( 'NONE',  ( -7.849999999999997868, 7.849999999999997868, -191.6180954499999984 ) ) ;
#2982 = CARTESIAN_POINT ( 'NONE',  ( -68.00000000000000000, 10.00000000000000000, -90.20148000000000366 ) ) ;
#2983 = CARTESIAN_POINT ( 'NONE',  ( -61.00000000000000000, 14.00000000000000000, -90.20148000000000366 ) ) ;
#2984 = DIRECTION ( 'NONE',  ( 1.000000000000000000, 0.000000000000000000, 0.000000000000000000 ) ) ;
#2985 = ADVANCED_FACE ( 'NONE', ( #4394 ), #3744, .F. ) ;
#2986 = CARTESIAN_POINT ( 'NONE',  ( -47.00000000000000000, 120.2000000000000028, -165.5180954499999757 ) ) ;
#2987 = EDGE_CURVE ( 'NONE', #2919, #1453, #699, .T. ) ;
#2988 = DIRECTION ( 'NONE',  ( 1.000000000000000000, 0.000000000000000000, 0.000000000000000000 ) ) ;
#2989 = VERTEX_POINT ( 'NONE', #1307 ) ;
#2990 = CARTESIAN_POINT ( 'NONE',  ( 45.00000000000000000, 20.00000000000000000, -40.00000000000000000 ) ) ;
#2991 = VECTOR ( 'NONE', #2414, 1000.000000000000000 ) ;
#2992 = DIRECTION ( 'NONE',  ( 0.000000000000000000, 0.000000000000000000, -1.000000000000000000 ) ) ;
#2993 = PLANE ( 'NONE',  #122 ) ;
#2994 = LINE ( 'NONE', #8429, #3229 ) ;
#2995 = DIRECTION ( 'NONE',  ( 1.000000000000000000, 0.000000000000000000, 0.000000000000000000 ) ) ;
#2996 = VECTOR ( 'NONE', #256, 1000.000000000000000 ) ;
#2997 = EDGE_LOOP ( 'NONE', ( #8272, #7761, #2143, #4316 ) ) ;
#2998 = LINE ( 'NONE', #4910, #4914 ) ;
#2999 = CARTESIAN_POINT ( 'NONE',  ( -68.00000000000000000, 5.000000000000000000, -90.20148000000000366 ) ) ;
#3000 = LINE ( 'NONE', #1689, #2310 ) ;
#3001 = DIRECTION ( 'NONE',  ( -0.000000000000000000, -1.000000000000000000, -0.000000000000000000 ) ) ;
#3002 = LINE ( 'NONE', #1821, #941 ) ;
#3003 = VECTOR ( 'NONE', #418, 1000.000000000000000 ) ;
#3004 = DIRECTION ( 'NONE',  ( -1.000000000000000000, 0.000000000000000000, 0.000000000000000000 ) ) ;
#3005 = DIRECTION ( 'NONE',  ( 0.000000000000000000, 1.000000000000000000, -0.000000000000000000 ) ) ;
#3006 = ORIENTED_EDGE ( 'NONE', *, *, #554, .T. ) ;
#3007 = ORIENTED_EDGE ( 'NONE', *, *, #109, .F. ) ;
#3008 = LINE ( 'NONE', #7662, #5982 ) ;
#3009 = AXIS2_PLACEMENT_3D ( 'NONE', #5654, #4302, #871 ) ;
#3010 = EDGE_LOOP ( 'NONE', ( #6278, #5960, #8154, #5253 ) ) ;
#3011 = CIRCLE ( 'NONE', #4956, 5.000000000000004441 ) ;
#3012 = FACE_OUTER_BOUND ( 'NONE', #6900, .T. ) ;
#3013 = VERTEX_POINT ( 'NONE', #7304 ) ;
#3014 = CARTESIAN_POINT ( 'NONE',  ( -49.00000000000000000, -25.00000000000000000, -92.20148000000000366 ) ) ;
#3015 = VERTEX_POINT ( 'NONE', #4000 ) ;
#3016 = ORIENTED_EDGE ( 'NONE', *, *, #5091, .F. ) ;
#3017 = ORIENTED_EDGE ( 'NONE', *, *, #5747, .T. ) ;
#3018 = DIRECTION ( 'NONE',  ( 0.000000000000000000, 0.000000000000000000, 1.000000000000000000 ) ) ;
#3019 = ORIENTED_EDGE ( 'NONE', *, *, #4094, .F. ) ;
#3020 = AXIS2_PLACEMENT_3D ( 'NONE', #5264, #7228, #6653 ) ;
#3021 = ADVANCED_FACE ( 'NONE', ( #2690 ), #5998, .T. ) ;
#3022 = CARTESIAN_POINT ( 'NONE',  ( -52.09999999999999432, 82.00000000000000000, -102.7460000000000093 ) ) ;
#3023 = DIRECTION ( 'NONE',  ( -0.7071067811865474617, -0.7071067811865474617, 0.000000000000000000 ) ) ;
#3024 = EDGE_CURVE ( 'NONE', #8116, #2270, #88, .T. ) ;
#3025 = ORIENTED_EDGE ( 'NONE', *, *, #5646, .T. ) ;
#3026 = EDGE_CURVE ( 'NONE', #5056, #5370, #5341, .T. ) ;
#3027 = VECTOR ( 'NONE', #7902, 1000.000000000000000 ) ;
#3028 = LINE ( 'NONE', #5676, #8187 ) ;
#3029 = CARTESIAN_POINT ( 'NONE',  ( 31.00000000000000000, -20.00000000000000000, -50.00000000000000000 ) ) ;
#3030 = FACE_OUTER_BOUND ( 'NONE', #4130, .T. ) ;
#3031 = LINE ( 'NONE', #4376, #3407 ) ;
#3032 = PRODUCT_DEFINITION ( '未知', '', #7209, #6884 ) ;
#3033 = ORIENTED_EDGE ( 'NONE', *, *, #102, .T. ) ;
#3034 = DIRECTION ( 'NONE',  ( -0.000000000000000000, -0.000000000000000000, -1.000000000000000000 ) ) ;
#3035 = VECTOR ( 'NONE', #2535, 1000.000000000000000 ) ;
#3036 = LINE ( 'NONE', #5685, #7042 ) ;
#3037 = PLANE ( 'NONE',  #7615 ) ;
#3038 = ADVANCED_FACE ( 'NONE', ( #4604 ), #744, .F. ) ;
#3039 = CARTESIAN_POINT ( 'NONE',  ( -47.00000000000000000, 0.000000000000000000, -191.6180954499999984 ) ) ;
#3040 = ADVANCED_FACE ( 'NONE', ( #1949 ), #6607, .T. ) ;
#3041 = DIRECTION ( 'NONE',  ( 0.000000000000000000, -0.000000000000000000, -1.000000000000000000 ) ) ;
#3042 = ORIENTED_EDGE ( 'NONE', *, *, #5791, .T. ) ;
#3043 = DIRECTION ( 'NONE',  ( 1.000000000000000000, 0.000000000000000000, 0.000000000000000000 ) ) ;
#3044 = DIRECTION ( 'NONE',  ( -0.7071067811865474617, -0.7071067811865474617, 0.000000000000000000 ) ) ;
#3045 = CARTESIAN_POINT ( 'NONE',  ( 50.00000000000000000, -40.00000000000000711, -191.6180954499999984 ) ) ;
#3046 = LINE ( 'NONE', #6348, #3701 ) ;
#3047 = DIRECTION ( 'NONE',  ( -0.3393442484258341607, 0.000000000000000000, 0.9406622566364112314 ) ) ;
#3048 = PERSON_AND_ORGANIZATION ( #8482, #7622 ) ;
#3049 = VECTOR ( 'NONE', #2496, 1000.000000000000000 ) ;
#3050 = DIRECTION ( 'NONE',  ( -0.000000000000000000, 1.000000000000000000, -0.000000000000000000 ) ) ;
#3051 = DIRECTION ( 'NONE',  ( 0.000000000000000000, 1.000000000000000000, 0.000000000000000000 ) ) ;
#3052 = EDGE_LOOP ( 'NONE', ( #1522, #7769, #1577, #4887 ) ) ;
#3053 = ORIENTED_EDGE ( 'NONE', *, *, #7345, .T. ) ;
#3054 = FACE_OUTER_BOUND ( 'NONE', #8259, .T. ) ;
#3055 = EDGE_LOOP ( 'NONE', ( #1571, #4636, #1262, #1454 ) ) ;
#3056 = DIRECTION ( 'NONE',  ( -1.000000000000000000, 0.000000000000000000, 0.000000000000000000 ) ) ;
#3057 = EDGE_LOOP ( 'NONE', ( #3588, #7704, #5597, #2658, #1864, #6919, #6578, #4547 ) ) ;
#3058 = CARTESIAN_POINT ( 'NONE',  ( -33.00000000000000000, 0.000000000000000000, -191.6180954499999984 ) ) ;
#3059 = EDGE_LOOP ( 'NONE', ( #1235, #8195, #7957, #768 ) ) ;
#3060 = ORIENTED_EDGE ( 'NONE', *, *, #4532, .F. ) ;
#3061 = ORIENTED_EDGE ( 'NONE', *, *, #5839, .T. ) ;
#3062 = ORIENTED_EDGE ( 'NONE', *, *, #2755, .T. ) ;
#3063 = LINE ( 'NONE', #4934, #8424 ) ;
#3064 = DIRECTION ( 'NONE',  ( 0.000000000000000000, -1.000000000000000000, -0.000000000000000000 ) ) ;
#3065 = ORIENTED_EDGE ( 'NONE', *, *, #2224, .T. ) ;
#3066 = CARTESIAN_POINT ( 'NONE',  ( -69.00000000000000000, 20.19999999999999929, -86.20148000000000366 ) ) ;
#3067 = DIRECTION ( 'NONE',  ( -1.000000000000000000, -0.000000000000000000, -0.000000000000000000 ) ) ;
#3068 = ORIENTED_EDGE ( 'NONE', *, *, #2282, .T. ) ;
#3069 = DIRECTION ( 'NONE',  ( -0.6196442885790209854, 0.000000000000000000, -0.7848827655334259523 ) ) ;
#3070 = CARTESIAN_POINT ( 'NONE',  ( -47.84474000000000160, -58.40250000000000341, -165.6180954499999700 ) ) ;
#3071 = ADVANCED_FACE ( 'NONE', ( #2778 ), #6732, .F. ) ;
#3072 = ADVANCED_FACE ( 'NONE', ( #4646 ), #2646, .T. ) ;
#3073 = ORIENTED_EDGE ( 'NONE', *, *, #482, .T. ) ;
#3074 = LINE ( 'NONE', #3682, #4936 ) ;
#3075 = DIRECTION ( 'NONE',  ( 1.000000000000000000, 0.000000000000000000, 0.000000000000000000 ) ) ;
#3076 = VECTOR ( 'NONE', #4691, 1000.000000000000114 ) ;
#3077 = DIRECTION ( 'NONE',  ( -1.000000000000000000, 0.000000000000000000, 0.000000000000000000 ) ) ;
#3078 = AXIS2_PLACEMENT_3D ( 'NONE', #2986, #3469, #1590 ) ;
#3079 = DIRECTION ( 'NONE',  ( -0.000000000000000000, -0.000000000000000000, -1.000000000000000000 ) ) ;
#3080 = EDGE_CURVE ( 'NONE', #6396, #6494, #4777, .T. ) ;
#3081 = EDGE_CURVE ( 'NONE', #1672, #2218, #7264, .T. ) ;
#3082 = DIRECTION ( 'NONE',  ( -0.7071067811865474617, 0.7071067811865474617, 0.000000000000000000 ) ) ;
#3083 = DIRECTION ( 'NONE',  ( -0.7071067811865474617, -0.7071067811865474617, 0.000000000000000000 ) ) ;
#3084 = CARTESIAN_POINT ( 'NONE',  ( 30.00000000000000000, -20.00000000000000000, -115.0000000000000000 ) ) ;
#3085 = AXIS2_PLACEMENT_3D ( 'NONE', #1128, #6515, #5210 ) ;
#3086 = EDGE_CURVE ( 'NONE', #3150, #1425, #5388, .T. ) ;
#3087 = ADVANCED_FACE ( 'NONE', ( #6084 ), #3476, .F. ) ;
#3088 = EDGE_LOOP ( 'NONE', ( #1119, #7551, #5811, #4747 ) ) ;
#3089 = CARTESIAN_POINT ( 'NONE',  ( 86.00000000000000000, 20.00000000000000000, -183.6180954499999984 ) ) ;
#3090 = DIRECTION ( 'NONE',  ( -0.7848827655334259523, 0.000000000000000000, 0.6196442885790209854 ) ) ;
#3091 = CARTESIAN_POINT ( 'NONE',  ( 48.00000000000000000, 32.00000000000000000, -105.0000000000000000 ) ) ;
#3092 = DATE_AND_TIME ( #8190, #820 ) ;
#3093 = AXIS2_PLACEMENT_3D ( 'NONE', #2625, #6543, #5848 ) ;
#3094 = DIRECTION ( 'NONE',  ( 1.000000000000000000, 0.000000000000000000, 0.000000000000000000 ) ) ;
#3095 = DIRECTION ( 'NONE',  ( 0.000000000000000000, 0.000000000000000000, 1.000000000000000000 ) ) ;
#3096 = ORIENTED_EDGE ( 'NONE', *, *, #3882, .T. ) ;
#3097 = ORIENTED_EDGE ( 'NONE', *, *, #5057, .T. ) ;
#3098 = CARTESIAN_POINT ( 'NONE',  ( 42.35000000000000142, -42.35000000000000142, -165.6180954499999700 ) ) ;
#3099 = ORIENTED_EDGE ( 'NONE', *, *, #53, .F. ) ;
#3100 = EDGE_CURVE ( 'NONE', #1496, #6819, #5429, .T. ) ;
#3101 = EDGE_CURVE ( 'NONE', #7013, #6253, #3957, .T. ) ;
#3102 = VECTOR ( 'NONE', #3323, 1000.000000000000227 ) ;
#3103 = DIRECTION ( 'NONE',  ( 0.000000000000000000, 0.000000000000000000, -1.000000000000000000 ) ) ;
#3104 = ORIENTED_EDGE ( 'NONE', *, *, #4, .T. ) ;
#3105 = CIRCLE ( 'NONE', #7959, 5.000000000000004441 ) ;
#3106 = LINE ( 'NONE', #3149, #5455 ) ;
#3107 = ORIENTED_EDGE ( 'NONE', *, *, #8285, .T. ) ;
#3108 = ORIENTED_EDGE ( 'NONE', *, *, #3255, .F. ) ;
#3109 = VERTEX_POINT ( 'NONE', #1432 ) ;
#3110 = VERTEX_POINT ( 'NONE', #4085 ) ;
#3111 = CARTESIAN_POINT ( 'NONE',  ( 31.00000000000000000, 20.00000000000000000, -10.00000000000000000 ) ) ;
#3112 = DIRECTION ( 'NONE',  ( -0.7071067811865474617, 0.7071067811865474617, 0.000000000000000000 ) ) ;
#3113 = ORIENTED_EDGE ( 'NONE', *, *, #8173, .T. ) ;
#3114 = DIRECTION ( 'NONE',  ( 0.000000000000000000, 0.000000000000000000, 1.000000000000000000 ) ) ;
#3115 = DIRECTION ( 'NONE',  ( -1.000000000000000000, 0.000000000000000000, 0.000000000000000000 ) ) ;
#3116 = ORIENTED_EDGE ( 'NONE', *, *, #7539, .F. ) ;
#3117 = CARTESIAN_POINT ( 'NONE',  ( -13.00000000000000000, -98.00000000000000000, -123.2000000000000028 ) ) ;
#3118 = CARTESIAN_POINT ( 'NONE',  ( -43.57699029636306420, 98.00000000000000000, -128.2000000000000171 ) ) ;
#3119 = ORIENTED_EDGE ( 'NONE', *, *, #5474, .F. ) ;
#3120 = DIRECTION ( 'NONE',  ( 0.7071067811865475727, -0.7071067811865475727, 0.000000000000000000 ) ) ;
#3121 = LINE ( 'NONE', #520, #4960 ) ;
#3122 = LINE ( 'NONE', #5772, #4553 ) ;
#3123 = FACE_OUTER_BOUND ( 'NONE', #7542, .T. ) ;
#3124 = LINE ( 'NONE', #2337, #5031 ) ;
#3125 = CARTESIAN_POINT ( 'NONE',  ( -51.00000000000000000, -25.00000000000000000, -92.20148000000000366 ) ) ;
#3126 = FACE_BOUND ( 'NONE', #7891, .T. ) ;
#3127 = ORIENTED_EDGE ( 'NONE', *, *, #2601, .T. ) ;
#3128 = DIRECTION ( 'NONE',  ( -0.000000000000000000, -0.000000000000000000, -1.000000000000000000 ) ) ;
#3129 = EDGE_CURVE ( 'NONE', #4655, #2189, #2122, .T. ) ;
#3130 = FACE_BOUND ( 'NONE', #3681, .T. ) ;
#3131 = EDGE_CURVE ( 'NONE', #2844, #1400, #1992, .T. ) ;
#3132 = CARTESIAN_POINT ( 'NONE',  ( -46.00000000000000000, -90.00000000000000000, -123.2000000000000028 ) ) ;
#3133 = VECTOR ( 'NONE', #3636, 1000.000000000000000 ) ;
#3134 = ADVANCED_FACE ( 'NONE', ( #6863 ), #4952, .F. ) ;
#3135 = LINE ( 'NONE', #5826, #6268 ) ;
#3136 = EDGE_CURVE ( 'NONE', #3212, #412, #261, .T. ) ;
#3137 = LINE ( 'NONE', #3266, #2128 ) ;
#3138 = ORIENTED_EDGE ( 'NONE', *, *, #3715, .T. ) ;
#3139 = ORIENTED_EDGE ( 'NONE', *, *, #4369, .T. ) ;
#3140 = DIRECTION ( 'NONE',  ( 0.7071067811865474617, -0.7071067811865474617, 0.000000000000000000 ) ) ;
#3141 = VERTEX_POINT ( 'NONE', #3645 ) ;
#3142 = AXIS2_PLACEMENT_3D ( 'NONE', #6279, #2277, #3543 ) ;
#3143 = EDGE_CURVE ( 'NONE', #1333, #1741, #2866, .T. ) ;
#3144 = ADVANCED_FACE ( 'NONE', ( #2908 ), #4254, .F. ) ;
#3145 = CARTESIAN_POINT ( 'NONE',  ( 20.50000000000000000, -121.2000000000000028, -191.6180954499999984 ) ) ;
#3146 = EDGE_CURVE ( 'NONE', #5141, #3623, #7474, .T. ) ;
#3147 = ORIENTED_EDGE ( 'NONE', *, *, #1174, .T. ) ;
#3148 = VECTOR ( 'NONE', #2804, 1000.000000000000000 ) ;
#3149 = CARTESIAN_POINT ( 'NONE',  ( -57.84499999999999886, -124.8029999999999973, -183.6180954499999984 ) ) ;
#3150 = VERTEX_POINT ( 'NONE', #5512 ) ;
#3151 = VERTEX_POINT ( 'NONE', #8257 ) ;
#3152 = EDGE_LOOP ( 'NONE', ( #8369, #654, #5822, #4979 ) ) ;
#3153 = ORIENTED_EDGE ( 'NONE', *, *, #4298, .F. ) ;
#3154 = PLANE ( 'NONE',  #1068 ) ;
#3155 = VECTOR ( 'NONE', #7425, 1000.000000000000000 ) ;
#3156 = CARTESIAN_POINT ( 'NONE',  ( -46.00000000000000000, -90.00000000000000000, -123.2000000000000028 ) ) ;
#3157 = LINE ( 'NONE', #1365, #8220 ) ;
#3158 = FACE_OUTER_BOUND ( 'NONE', #1350, .T. ) ;
#3159 = LINE ( 'NONE', #4504, #6979 ) ;
#3160 = ORIENTED_EDGE ( 'NONE', *, *, #7239, .T. ) ;
#3161 = VECTOR ( 'NONE', #6463, 1000.000000000000000 ) ;
#3162 = CARTESIAN_POINT ( 'NONE',  ( -64.00000000000000000, -81.99999999999998579, -146.0000000000000000 ) ) ;
#3163 = CARTESIAN_POINT ( 'NONE',  ( 19.50000000000000000, 51.20000000000000284, -191.6180954499999984 ) ) ;
#3164 = DIRECTION ( 'NONE',  ( 0.000000000000000000, 1.000000000000000000, 0.000000000000000000 ) ) ;
#3165 = LINE ( 'NONE', #1081, #7187 ) ;
#3166 = LINE ( 'NONE', #1332, #8305 ) ;
#3167 = VECTOR ( 'NONE', #8262, 1000.000000000000000 ) ;
#3168 = LINE ( 'NONE', #3039, #7533 ) ;
#3169 = DIRECTION ( 'NONE',  ( -0.000000000000000000, -1.000000000000000000, -0.000000000000000000 ) ) ;
#3170 = DIRECTION ( 'NONE',  ( 0.000000000000000000, 1.000000000000000000, 0.000000000000000000 ) ) ;
#3171 = CARTESIAN_POINT ( 'NONE',  ( -110.0000000000000000, -24.00000000000000000, -183.6180954499999984 ) ) ;
#3172 = VECTOR ( 'NONE', #2552, 999.9999999999998863 ) ;
#3173 = ORIENTED_EDGE ( 'NONE', *, *, #5205, .F. ) ;
#3174 = CARTESIAN_POINT ( 'NONE',  ( -47.50140412403019496, 98.00000000000000000, -125.1017785571049217 ) ) ;
#3175 = CARTESIAN_POINT ( 'NONE',  ( 25.00000000000000000, -32.00000000000000000, -183.6180954499999984 ) ) ;
#3176 = CARTESIAN_POINT ( 'NONE',  ( 32.50000000000000000, 117.2000000000000028, -165.5180954499999757 ) ) ;
#3177 = VECTOR ( 'NONE', #3592, 1000.000000000000000 ) ;
#3178 = CARTESIAN_POINT ( 'NONE',  ( -72.00000000000000000, 5.000000000000000000, -92.20148000000000366 ) ) ;
#3179 = ADVANCED_FACE ( 'NONE', ( #4214 ), #2296, .F. ) ;
#3180 = CARTESIAN_POINT ( 'NONE',  ( 0.000000000000000000, 90.00000000000000000, 0.000000000000000000 ) ) ;
#3181 = VERTEX_POINT ( 'NONE', #4862 ) ;
#3182 = ORIENTED_EDGE ( 'NONE', *, *, #2549, .F. ) ;
#3183 = CARTESIAN_POINT ( 'NONE',  ( -49.09999999999999432, 49.09999999999999432, -191.6180954499999984 ) ) ;
#3184 = EDGE_LOOP ( 'NONE', ( #3006, #1707, #2478, #5491 ) ) ;
#3185 = ADVANCED_FACE ( 'NONE', ( #1646 ), #1557, .F. ) ;
#3186 = ADVANCED_FACE ( 'NONE', ( #1686 ), #6946, .F. ) ;
#3187 = DIRECTION ( 'NONE',  ( 0.000000000000000000, 0.000000000000000000, 1.000000000000000000 ) ) ;
#3188 = EDGE_LOOP ( 'NONE', ( #4703, #2435, #6051, #627 ) ) ;
#3189 = CC_DESIGN_PERSON_AND_ORGANIZATION_ASSIGNMENT ( #490, #4482, ( #3032 ) ) ;
#3190 = EDGE_CURVE ( 'NONE', #1636, #927, #5554, .T. ) ;
#3191 = DIRECTION ( 'NONE',  ( 0.000000000000000000, 0.000000000000000000, 1.000000000000000000 ) ) ;
#3192 = EDGE_LOOP ( 'NONE', ( #3545, #4975, #6576, #3316 ) ) ;
#3193 = VERTEX_POINT ( 'NONE', #349 ) ;
#3194 = VERTEX_POINT ( 'NONE', #2254 ) ;
#3195 = VERTEX_POINT ( 'NONE', #4817 ) ;
#3196 = EDGE_CURVE ( 'NONE', #5284, #7624, #2998, .T. ) ;
#3197 = ADVANCED_FACE ( 'NONE', ( #5650 ), #1601, .T. ) ;
#3198 = CARTESIAN_POINT ( 'NONE',  ( 44.55499999999999972, -44.40299999999999869, -183.6180954499999984 ) ) ;
#3199 = LINE ( 'NONE', #1930, #3035 ) ;
#3200 = LINE ( 'NONE', #4016, #4475 ) ;
#3201 = LINE ( 'NONE', #3322, #2796 ) ;
#3202 = DIRECTION ( 'NONE',  ( -1.000000000000000000, -0.000000000000000000, -0.000000000000000000 ) ) ;
#3203 = ORIENTED_EDGE ( 'NONE', *, *, #2237, .T. ) ;
#3204 = EDGE_LOOP ( 'NONE', ( #3370, #7493, #5401, #4528 ) ) ;
#3205 = CARTESIAN_POINT ( 'NONE',  ( -102.0000000000000142, 0.000000000000000000, -99.20148000000000366 ) ) ;
#3206 = DIRECTION ( 'NONE',  ( -0.000000000000000000, 1.000000000000000000, -0.000000000000000000 ) ) ;
#3207 = EDGE_CURVE ( 'NONE', #4235, #1657, #955, .T. ) ;
#3208 = ADVANCED_FACE ( 'NONE', ( #4339 ), #4167, .F. ) ;
#3209 = DIRECTION ( 'NONE',  ( -0.000000000000000000, -1.000000000000000000, -0.000000000000000000 ) ) ;
#3210 = CARTESIAN_POINT ( 'NONE',  ( -46.00000000000000000, -121.2000000000000028, -191.6180954499999984 ) ) ;
#3211 = DIRECTION ( 'NONE',  ( -0.7071067811865474617, 0.7071067811865474617, -0.000000000000000000 ) ) ;
#3212 = VERTEX_POINT ( 'NONE', #6344 ) ;
#3213 = CARTESIAN_POINT ( 'NONE',  ( 76.85000000000000853, -76.85000000000000853, -165.6180954499999700 ) ) ;
#3214 = CARTESIAN_POINT ( 'NONE',  ( -47.00000000000000000, 118.2000000000000028, -191.6180954499999984 ) ) ;
#3215 = CARTESIAN_POINT ( 'NONE',  ( -46.00000000000000000, -121.2000000000000028, -165.5180954499999757 ) ) ;
#3216 = ORIENTED_EDGE ( 'NONE', *, *, #478, .F. ) ;
#3217 = CARTESIAN_POINT ( 'NONE',  ( -37.25260171779820695, -62.65851158618024641, -124.6644660940672509 ) ) ;
#3218 = AXIS2_PLACEMENT_3D ( 'NONE', #2389, #1049, #1608 ) ;
#3219 = VECTOR ( 'NONE', #4657, 1000.000000000000000 ) ;
#3220 = LINE ( 'NONE', #5002, #375 ) ;
#3221 = CARTESIAN_POINT ( 'NONE',  ( -69.00000000000000000, 25.00000000000000000, -92.20148000000000366 ) ) ;
#3222 = LINE ( 'NONE', #1911, #1409 ) ;
#3223 = VECTOR ( 'NONE', #4779, 1000.000000000000000 ) ;
#3224 = CARTESIAN_POINT ( 'NONE',  ( 33.50000000000000000, -120.2000000000000028, -165.5180954499999757 ) ) ;
#3225 = ORIENTED_EDGE ( 'NONE', *, *, #3190, .T. ) ;
#3226 = LINE ( 'NONE', #7839, #3632 ) ;
#3227 = ORIENTED_EDGE ( 'NONE', *, *, #6381, .F. ) ;
#3228 = CARTESIAN_POINT ( 'NONE',  ( -110.0000000000000000, -24.00000000000000000, -92.20148000000000366 ) ) ;
#3229 = VECTOR ( 'NONE', #993, 1000.000000000000000 ) ;
#3230 = CARTESIAN_POINT ( 'NONE',  ( -47.84474000000000160, 110.8024999999999949, -165.6180954499999700 ) ) ;
#3231 = ORIENTED_EDGE ( 'NONE', *, *, #2717, .F. ) ;
#3232 = DIRECTION ( 'NONE',  ( 1.000000000000000000, 0.000000000000000000, 0.000000000000000000 ) ) ;
#3233 = ORIENTED_EDGE ( 'NONE', *, *, #5587, .F. ) ;
#3234 = ORIENTED_EDGE ( 'NONE', *, *, #8566, .T. ) ;
#3235 = VECTOR ( 'NONE', #3202, 1000.000000000000000 ) ;
#3236 = ORIENTED_EDGE ( 'NONE', *, *, #7807, .T. ) ;
#3237 = VERTEX_POINT ( 'NONE', #397 ) ;
#3238 = EDGE_CURVE ( 'NONE', #2068, #1333, #867, .T. ) ;
#3239 = ADVANCED_FACE ( 'NONE', ( #1254 ), #7736, .T. ) ;
#3240 = DIRECTION ( 'NONE',  ( 0.000000000000000000, -0.000000000000000000, 1.000000000000000000 ) ) ;
#3241 = VECTOR ( 'NONE', #4708, 1000.000000000000000 ) ;
#3242 = VECTOR ( 'NONE', #8409, 1000.000000000000000 ) ;
#3243 = CARTESIAN_POINT ( 'NONE',  ( -13.00000000000000000, -98.00000000000000000, -108.0000000000000000 ) ) ;
#3244 = DIRECTION ( 'NONE',  ( -1.000000000000000000, 0.000000000000000000, 0.000000000000000000 ) ) ;
#3245 = EDGE_CURVE ( 'NONE', #198, #4451, #1086, .T. ) ;
#3246 = FACE_OUTER_BOUND ( 'NONE', #6671, .T. ) ;
#3247 = ORIENTED_EDGE ( 'NONE', *, *, #2862, .T. ) ;
#3248 = ORIENTED_EDGE ( 'NONE', *, *, #5368, .F. ) ;
#3249 = DIRECTION ( 'NONE',  ( 0.000000000000000000, 0.000000000000000000, 1.000000000000000000 ) ) ;
#3250 = AXIS2_PLACEMENT_3D ( 'NONE', #7955, #1994, #4040 ) ;
#3251 = DIRECTION ( 'NONE',  ( -0.7071067811865475727, -0.7071067811865475727, 0.000000000000000000 ) ) ;
#3252 = LINE ( 'NONE', #2023, #948 ) ;
#3253 = EDGE_LOOP ( 'NONE', ( #7579, #99, #287, #1024 ) ) ;
#3254 = VECTOR ( 'NONE', #5419, 999.9999999999998863 ) ;
#3255 = EDGE_CURVE ( 'NONE', #5975, #4159, #1774, .T. ) ;
#3256 = EDGE_CURVE ( 'NONE', #2189, #8152, #5864, .T. ) ;
#3257 = CARTESIAN_POINT ( 'NONE',  ( 44.55499999999999972, 44.40299999999999869, -183.6180954499999984 ) ) ;
#3258 = DIRECTION ( 'NONE',  ( 0.000000000000000000, -0.000000000000000000, 1.000000000000000000 ) ) ;
#3259 = DIRECTION ( 'NONE',  ( -1.000000000000000000, 0.000000000000000000, -0.000000000000000000 ) ) ;
#3260 = PLANE ( 'NONE',  #3085 ) ;
#3261 = VERTEX_POINT ( 'NONE', #4431 ) ;
#3262 = CARTESIAN_POINT ( 'NONE',  ( -59.00000000000000000, -81.99999999999998579, -141.0000000000000000 ) ) ;
#3263 = FACE_OUTER_BOUND ( 'NONE', #5965, .T. ) ;
#3264 = CARTESIAN_POINT ( 'NONE',  ( -74.09999999999999432, -15.00000000000000000, -86.20148000000000366 ) ) ;
#3265 = LINE ( 'NONE', #2608, #3341 ) ;
#3266 = CARTESIAN_POINT ( 'NONE',  ( -72.00000000000000000, 10.00000000000000000, -92.20148000000000366 ) ) ;
#3267 = CARTESIAN_POINT ( 'NONE',  ( -77.42299999999997340, 98.00000000000000000, -77.42300000000003024 ) ) ;
#3268 = ORIENTED_EDGE ( 'NONE', *, *, #7115, .T. ) ;
#3269 = DIRECTION ( 'NONE',  ( 0.000000000000000000, 0.000000000000000000, -1.000000000000000000 ) ) ;
#3270 = AXIS2_PLACEMENT_3D ( 'NONE', #6669, #769, #640 ) ;
#3271 = CARTESIAN_POINT ( 'NONE',  ( -26.50186437626910063, -74.00000000000001421, -123.2000000000000028 ) ) ;
#3272 = VERTEX_POINT ( 'NONE', #8523 ) ;
#3273 = LINE ( 'NONE', #1924, #4070 ) ;
#3274 = ORIENTED_EDGE ( 'NONE', *, *, #6538, .F. ) ;
#3275 = ORIENTED_EDGE ( 'NONE', *, *, #4567, .F. ) ;
#3276 = AXIS2_PLACEMENT_3D ( 'NONE', #372, #2359, #3018 ) ;
#3277 = EDGE_LOOP ( 'NONE', ( #4185, #5988, #358, #6720 ) ) ;
#3278 = VERTEX_POINT ( 'NONE', #3214 ) ;
#3279 = CARTESIAN_POINT ( 'NONE',  ( -47.00000000000000000, 0.000000000000000000, -191.6180954499999984 ) ) ;
#3280 = VECTOR ( 'NONE', #7587, 1000.000000000000000 ) ;
#3281 = CARTESIAN_POINT ( 'NONE',  ( -49.00000000000000000, -25.00000000000000000, -92.20148000000000366 ) ) ;
#3282 = FACE_OUTER_BOUND ( 'NONE', #3796, .T. ) ;
#3283 = CARTESIAN_POINT ( 'NONE',  ( -33.64500000000000313, -73.89999999999999147, -121.2009999999999934 ) ) ;
#3284 = ORIENTED_EDGE ( 'NONE', *, *, #2643, .T. ) ;
#3285 = VERTEX_POINT ( 'NONE', #2559 ) ;
#3286 = EDGE_CURVE ( 'NONE', #845, #5402, #435, .T. ) ;
#3287 = CARTESIAN_POINT ( 'NONE',  ( -94.00000000000000000, 32.00000000000000000, -183.5180954499999757 ) ) ;
#3288 = VECTOR ( 'NONE', #4689, 1000.000000000000000 ) ;
#3289 = CARTESIAN_POINT ( 'NONE',  ( -47.84474000000000160, 110.8024999999999949, -165.6180954499999700 ) ) ;
#3290 = EDGE_CURVE ( 'NONE', #566, #6414, #2510, .T. ) ;
#3291 = ADVANCED_FACE ( 'NONE', ( #4385, #5169, #5082, #7038, #3736 ), #1172, .T. ) ;
#3292 = PLANE ( 'NONE',  #7332 ) ;
#3293 = ORIENTED_EDGE ( 'NONE', *, *, #3301, .F. ) ;
#3294 = AXIS2_PLACEMENT_3D ( 'NONE', #7086, #351, #5001 ) ;
#3295 = ORIENTED_EDGE ( 'NONE', *, *, #2326, .T. ) ;
#3296 = LINE ( 'NONE', #7945, #1694 ) ;
#3297 = DIRECTION ( 'NONE',  ( -0.7071067811865474617, 0.7071067811865474617, -0.000000000000000000 ) ) ;
#3298 = DIRECTION ( 'NONE',  ( 0.000000000000000000, 0.000000000000000000, -1.000000000000000000 ) ) ;
#3299 = ORIENTED_EDGE ( 'NONE', *, *, #3392, .T. ) ;
#3300 = PLANE ( 'NONE',  #8554 ) ;
#3301 = EDGE_CURVE ( 'NONE', #4338, #4671, #7083, .T. ) ;
#3302 = LINE ( 'NONE', #3994, #2450 ) ;
#3303 = EDGE_CURVE ( 'NONE', #4233, #709, #8388, .T. ) ;
#3304 = DIRECTION ( 'NONE',  ( -1.000000000000000000, 0.000000000000000000, 0.000000000000000000 ) ) ;
#3305 = LINE ( 'NONE', #5957, #3771 ) ;
#3306 = VECTOR ( 'NONE', #4252, 1000.000000000000000 ) ;
#3307 = CARTESIAN_POINT ( 'NONE',  ( -40.78813562373094470, -74.00000000000001421, -128.2000000000000171 ) ) ;
#3308 = LINE ( 'NONE', #1995, #4469 ) ;
#3309 = ORIENTED_EDGE ( 'NONE', *, *, #6549, .F. ) ;
#3310 = DIRECTION ( 'NONE',  ( 1.000000000000000000, 0.000000000000000000, 0.000000000000000000 ) ) ;
#3311 = VECTOR ( 'NONE', #2885, 1000.000000000000000 ) ;
#3312 = CARTESIAN_POINT ( 'NONE',  ( 33.50000000000000000, 49.20000000000000284, -165.5180954499999757 ) ) ;
#3313 = ORIENTED_EDGE ( 'NONE', *, *, #2374, .T. ) ;
#3314 = CARTESIAN_POINT ( 'NONE',  ( 45.00000000000000000, -130.0000000000000000, -183.6180954499999984 ) ) ;
#3315 = ORIENTED_EDGE ( 'NONE', *, *, #3556, .F. ) ;
#3316 = ORIENTED_EDGE ( 'NONE', *, *, #2216, .T. ) ;
#3317 = ORIENTED_EDGE ( 'NONE', *, *, #4663, .F. ) ;
#3318 = ORIENTED_EDGE ( 'NONE', *, *, #6210, .F. ) ;
#3319 = DIRECTION ( 'NONE',  ( 0.000000000000000000, 0.000000000000000000, -1.000000000000000000 ) ) ;
#3320 = CARTESIAN_POINT ( 'NONE',  ( 30.00000000000000000, 20.00000000000000000, -115.0000000000000000 ) ) ;
#3321 = VECTOR ( 'NONE', #467, 1000.000000000000114 ) ;
#3322 = CARTESIAN_POINT ( 'NONE',  ( -13.00000000000000000, -90.00000000000000000, -108.0000000000000000 ) ) ;
#3323 = DIRECTION ( 'NONE',  ( 0.8041761414663256557, -0.000000000000000000, 0.5943910610838055719 ) ) ;
#3324 = ORIENTED_EDGE ( 'NONE', *, *, #6282, .T. ) ;
#3325 = VERTEX_POINT ( 'NONE', #3777 ) ;
#3326 = LINE ( 'NONE', #4021, #2150 ) ;
#3327 = CARTESIAN_POINT ( 'NONE',  ( -0.000000000000000000, -121.2000000000000028, -191.6180954499999984 ) ) ;
#3328 = CARTESIAN_POINT ( 'NONE',  ( -43.57699029636306420, -81.99999999999998579, -123.2000000000000028 ) ) ;
#3329 = ORIENTED_EDGE ( 'NONE', *, *, #5854, .F. ) ;
#3330 = ORIENTED_EDGE ( 'NONE', *, *, #3831, .T. ) ;
#3331 = CARTESIAN_POINT ( 'NONE',  ( -46.00000000000000000, -48.20000000000000284, -191.6180954499999984 ) ) ;
#3332 = FACE_OUTER_BOUND ( 'NONE', #2700, .T. ) ;
#3333 = LINE ( 'NONE', #5334, #723 ) ;
#3334 = ORIENTED_EDGE ( 'NONE', *, *, #5991, .F. ) ;
#3335 = PLANE ( 'NONE',  #4384 ) ;
#3336 = CARTESIAN_POINT ( 'NONE',  ( 32.50000000000000000, 52.20000000000000284, -191.6180954499999984 ) ) ;
#3337 = LINE ( 'NONE', #3221, #7464 ) ;
#3338 = EDGE_CURVE ( 'NONE', #1400, #7528, #7779, .T. ) ;
#3339 = EDGE_CURVE ( 'NONE', #6470, #1890, #6427, .T. ) ;
#3340 = PLANE ( 'NONE',  #5572 ) ;
#3341 = VECTOR ( 'NONE', #3094, 1000.000000000000000 ) ;
#3342 = CARTESIAN_POINT ( 'NONE',  ( -67.00000000000000000, -74.00000000000001421, -132.0000000000000000 ) ) ;
#3343 = EDGE_CURVE ( 'NONE', #2318, #5530, #4516, .T. ) ;
#3344 = AXIS2_PLACEMENT_3D ( 'NONE', #4093, #140, #791 ) ;
#3345 = CARTESIAN_POINT ( 'NONE',  ( 19.50000000000000000, -118.2000000000000028, -191.6180954499999984 ) ) ;
#3346 = VECTOR ( 'NONE', #5855, 1000.000000000000000 ) ;
#3347 = ORIENTED_EDGE ( 'NONE', *, *, #8459, .F. ) ;
#3348 = LINE ( 'NONE', #2041, #5922 ) ;
#3349 = DIRECTION ( 'NONE',  ( 0.000000000000000000, -1.000000000000000000, 0.000000000000000000 ) ) ;
#3350 = VECTOR ( 'NONE', #8161, 1000.000000000000114 ) ;
#3351 = VECTOR ( 'NONE', #6947, 1000.000000000000114 ) ;
#3352 = CARTESIAN_POINT ( 'NONE',  ( 19.50000000000000000, 49.20000000000000284, -165.5180954499999757 ) ) ;
#3353 = EDGE_LOOP ( 'NONE', ( #2544, #1916, #1559, #8113, #6448, #8510, #7973, #4527, #5884, #8145, #8235, #2789, #8144, #6838, #4759, #1404, #2433, #4231 ) ) ;
#3354 = EDGE_CURVE ( 'NONE', #4200, #1645, #2468, .T. ) ;
#3355 = CARTESIAN_POINT ( 'NONE',  ( -0.000000000000000000, 36.00000000000000000, -191.6180954499999984 ) ) ;
#3356 = EDGE_CURVE ( 'NONE', #5881, #4363, #1214, .T. ) ;
#3357 = EDGE_LOOP ( 'NONE', ( #1617, #4965, #450, #5665 ) ) ;
#3358 = VERTEX_POINT ( 'NONE', #3866 ) ;
#3359 = CARTESIAN_POINT ( 'NONE',  ( -110.0000000000000000, -24.00000000000000000, 110.0000000000000000 ) ) ;
#3360 = ORIENTED_EDGE ( 'NONE', *, *, #1745, .F. ) ;
#3361 = VECTOR ( 'NONE', #337, 1000.000000000000000 ) ;
#3362 = EDGE_LOOP ( 'NONE', ( #767, #1752, #2879, #7618 ) ) ;
#3363 = VECTOR ( 'NONE', #2995, 1000.000000000000000 ) ;
#3364 = ORIENTED_EDGE ( 'NONE', *, *, #4092, .T. ) ;
#3365 = CARTESIAN_POINT ( 'NONE',  ( 45.00000000000000000, 32.00000000000000000, -40.00000000000000000 ) ) ;
#3366 = FACE_OUTER_BOUND ( 'NONE', #3864, .T. ) ;
#3367 = AXIS2_PLACEMENT_3D ( 'NONE', #4808, #4899, #6075 ) ;
#3368 = DIRECTION ( 'NONE',  ( -1.000000000000000000, -0.000000000000000000, -0.000000000000000000 ) ) ;
#3369 = CARTESIAN_POINT ( 'NONE',  ( -46.00000000000000000, -90.00000000000000000, -123.2000000000000028 ) ) ;
#3370 = ORIENTED_EDGE ( 'NONE', *, *, #6849, .T. ) ;
#3371 = EDGE_LOOP ( 'NONE', ( #6450, #7660, #4538, #105 ) ) ;
#3372 = LINE ( 'NONE', #7327, #7429 ) ;
#3373 = ORIENTED_EDGE ( 'NONE', *, *, #62, .F. ) ;
#3374 = CARTESIAN_POINT ( 'NONE',  ( -102.0000000000000142, -24.00000000000000000, -183.6180954499999984 ) ) ;
#3375 = VECTOR ( 'NONE', #4273, 1000.000000000000000 ) ;
#3376 = CARTESIAN_POINT ( 'NONE',  ( 48.55499999999999972, -120.8029999999999973, -183.6180954499999984 ) ) ;
#3377 = ORIENTED_EDGE ( 'NONE', *, *, #3567, .T. ) ;
#3378 = VERTEX_POINT ( 'NONE', #3906 ) ;
#3379 = DIRECTION ( 'NONE',  ( -0.000000000000000000, 0.000000000000000000, -1.000000000000000000 ) ) ;
#3380 = CIRCLE ( 'NONE', #5460, 5.000000000000004441 ) ;
#3381 = CIRCLE ( 'NONE', #609, 5.000000000000004441 ) ;
#3382 = DIRECTION ( 'NONE',  ( 0.000000000000000000, 0.000000000000000000, -1.000000000000000000 ) ) ;
#3383 = DIRECTION ( 'NONE',  ( 0.7071067811865474617, -0.7071067811865474617, 0.000000000000000000 ) ) ;
#3384 = ORIENTED_EDGE ( 'NONE', *, *, #4880, .T. ) ;
#3385 = DIRECTION ( 'NONE',  ( 0.9462426856895841398, 0.000000000000000000, -0.3234575393756696227 ) ) ;
#3386 = CARTESIAN_POINT ( 'NONE',  ( -13.00000000000000000, 98.00000000000000000, -123.2000000000000028 ) ) ;
#3387 = DIRECTION ( 'NONE',  ( -0.7848827655334259523, 0.000000000000000000, 0.6196442885790209854 ) ) ;
#3388 = AXIS2_PLACEMENT_3D ( 'NONE', #5092, #2431, #3876 ) ;
#3389 = CARTESIAN_POINT ( 'NONE',  ( 25.00000000000000000, 20.00000000000000000, -171.6180954499999984 ) ) ;
#3390 = DIRECTION ( 'NONE',  ( 0.000000000000000000, 0.000000000000000000, -1.000000000000000000 ) ) ;
#3391 = VERTEX_POINT ( 'NONE', #6514 ) ;
#3392 = EDGE_CURVE ( 'NONE', #4141, #4407, #568, .T. ) ;
#3393 = EDGE_CURVE ( 'NONE', #5967, #6136, #7214, .T. ) ;
#3394 = DIRECTION ( 'NONE',  ( 0.000000000000000000, 1.000000000000000000, 0.000000000000000000 ) ) ;
#3395 = CARTESIAN_POINT ( 'NONE',  ( -37.25260171779820695, 98.00000000000000000, -124.6644660940672509 ) ) ;
#3396 = EDGE_CURVE ( 'NONE', #1711, #5443, #8026, .T. ) ;
#3397 = ADVANCED_FACE ( 'NONE', ( #611, #2060 ), #4714, .F. ) ;
#3398 = DIRECTION ( 'NONE',  ( 0.000000000000000000, 0.000000000000000000, -1.000000000000000000 ) ) ;
#3399 = ORIENTED_EDGE ( 'NONE', *, *, #917, .T. ) ;
#3400 = CARTESIAN_POINT ( 'NONE',  ( -33.00000000000000000, -49.20000000000000284, -165.6180954499999700 ) ) ;
#3401 = ORIENTED_EDGE ( 'NONE', *, *, #6152, .T. ) ;
#3402 = ORIENTED_EDGE ( 'NONE', *, *, #703, .F. ) ;
#3403 = LINE ( 'NONE', #101, #4870 ) ;
#3404 = ORIENTED_EDGE ( 'NONE', *, *, #7863, .T. ) ;
#3405 = VERTEX_POINT ( 'NONE', #5908 ) ;
#3406 = ORIENTED_EDGE ( 'NONE', *, *, #5619, .T. ) ;
#3407 = VECTOR ( 'NONE', #1852, 1000.000000000000000 ) ;
#3408 = EDGE_CURVE ( 'NONE', #7031, #3576, #1380, .T. ) ;
#3409 = EDGE_CURVE ( 'NONE', #4374, #4034, #2636, .T. ) ;
#3410 = CARTESIAN_POINT ( 'NONE',  ( -68.00000000000000000, 5.000000000000000000, -90.20148000000000366 ) ) ;
#3411 = LINE ( 'NONE', #717, #3241 ) ;
#3412 = VECTOR ( 'NONE', #7730, 1000.000000000000000 ) ;
#3413 = DIRECTION ( 'NONE',  ( -1.000000000000000000, 0.000000000000000000, 0.000000000000000000 ) ) ;
#3414 = LINE ( 'NONE', #5363, #6426 ) ;
#3415 = VERTEX_POINT ( 'NONE', #1422 ) ;
#3416 = ORIENTED_EDGE ( 'NONE', *, *, #4567, .T. ) ;
#3417 = DIRECTION ( 'NONE',  ( -0.7071067811865474617, -0.7071067811865474617, 0.000000000000000000 ) ) ;
#3418 = ORIENTED_EDGE ( 'NONE', *, *, #6527, .T. ) ;
#3419 = DIRECTION ( 'NONE',  ( -1.000000000000000000, 0.000000000000000000, 0.000000000000000000 ) ) ;
#3420 = VECTOR ( 'NONE', #7504, 1000.000000000000000 ) ;
#3421 = LINE ( 'NONE', #7417, #1088 ) ;
#3422 = ORIENTED_EDGE ( 'NONE', *, *, #6151, .F. ) ;
#3423 = LINE ( 'NONE', #2201, #2397 ) ;
#3424 = VECTOR ( 'NONE', #179, 1000.000000000000000 ) ;
#3425 = FACE_OUTER_BOUND ( 'NONE', #3463, .T. ) ;
#3426 = DIRECTION ( 'NONE',  ( 0.000000000000000000, -1.000000000000000000, 0.000000000000000000 ) ) ;
#3427 = EDGE_LOOP ( 'NONE', ( #4617, #6929, #3329, #119 ) ) ;
#3428 = CARTESIAN_POINT ( 'NONE',  ( -102.0000000000000142, 25.00000000000000000, -99.20148000000000366 ) ) ;
#3429 = CARTESIAN_POINT ( 'NONE',  ( -54.00000000000000000, 36.00000000000000000, -191.6180954499999984 ) ) ;
#3430 = DIRECTION ( 'NONE',  ( -1.000000000000000000, 0.000000000000000000, 0.000000000000000000 ) ) ;
#3431 = AXIS2_PLACEMENT_3D ( 'NONE', #171, #258, #2819 ) ;
#3432 = DIRECTION ( 'NONE',  ( -1.000000000000000000, 0.000000000000000000, 0.000000000000000000 ) ) ;
#3433 = LINE ( 'NONE', #4128, #3223 ) ;
#3434 = VECTOR ( 'NONE', #5520, 1000.000000000000114 ) ;
#3435 = ORIENTED_EDGE ( 'NONE', *, *, #4138, .T. ) ;
#3436 = CARTESIAN_POINT ( 'NONE',  ( -69.00000000000000000, -25.00000000000000000, -86.20148000000000366 ) ) ;
#3437 = CARTESIAN_POINT ( 'NONE',  ( -72.00000000000000000, -5.000000000000000000, -92.20148000000000366 ) ) ;
#3438 = CARTESIAN_POINT ( 'NONE',  ( -40.78813562373094470, 90.00000000000000000, -123.2000000000000028 ) ) ;
#3439 = VECTOR ( 'NONE', #6208, 1000.000000000000000 ) ;
#3440 = EDGE_CURVE ( 'NONE', #1204, #6525, #1339, .T. ) ;
#3441 = CARTESIAN_POINT ( 'NONE',  ( -26.50186437626910063, -98.00000000000000000, -128.2000000000000171 ) ) ;
#3442 = ORIENTED_EDGE ( 'NONE', *, *, #5994, .F. ) ;
#3443 = CARTESIAN_POINT ( 'NONE',  ( -90.00000000000000000, -98.00000000000000000, -149.0000000000000000 ) ) ;
#3444 = ORIENTED_EDGE ( 'NONE', *, *, #3026, .T. ) ;
#3445 = ORIENTED_EDGE ( 'NONE', *, *, #5916, .F. ) ;
#3446 = LINE ( 'NONE', #7402, #5714 ) ;
#3447 = ADVANCED_FACE ( 'NONE', ( #2726 ), #6556, .F. ) ;
#3448 = EDGE_LOOP ( 'NONE', ( #3113, #3402, #5838, #3889 ) ) ;
#3449 = EDGE_CURVE ( 'NONE', #3754, #6336, #2112, .T. ) ;
#3450 = ORIENTED_EDGE ( 'NONE', *, *, #8287, .T. ) ;
#3451 = VECTOR ( 'NONE', #824, 1000.000000000000000 ) ;
#3452 = LINE ( 'NONE', #3410, #6509 ) ;
#3453 = ADVANCED_FACE ( 'NONE', ( #4075 ), #2682, .F. ) ;
#3454 = ADVANCED_FACE ( 'NONE', ( #1942 ), #6033, .F. ) ;
#3455 = PLANE ( 'NONE',  #4212 ) ;
#3456 = AXIS2_PLACEMENT_3D ( 'NONE', #336, #980, #4323 ) ;
#3457 = CARTESIAN_POINT ( 'NONE',  ( 33.50000000000000000, -120.2000000000000028, -191.6180954499999984 ) ) ;
#3458 = VERTEX_POINT ( 'NONE', #3989 ) ;
#3459 = ORIENTED_EDGE ( 'NONE', *, *, #1219, .F. ) ;
#3460 = ADVANCED_FACE ( 'NONE', ( #5379 ), #8037, .F. ) ;
#3461 = EDGE_CURVE ( 'NONE', #2928, #2844, #8561, .T. ) ;
#3462 = DIRECTION ( 'NONE',  ( 1.000000000000000000, -0.000000000000000000, -0.000000000000000000 ) ) ;
#3463 = EDGE_LOOP ( 'NONE', ( #6723, #1314, #3657, #3541 ) ) ;
#3464 = CARTESIAN_POINT ( 'NONE',  ( -57.84499999999999886, 44.40299999999999869, -165.6180954499999700 ) ) ;
#3465 = DIRECTION ( 'NONE',  ( -0.7071067811865474617, 0.7071067811865474617, 0.000000000000000000 ) ) ;
#3466 = ORIENTED_EDGE ( 'NONE', *, *, #312, .F. ) ;
#3467 = CARTESIAN_POINT ( 'NONE',  ( -59.00000000000000000, -90.00000000000000000, -141.0000000000000000 ) ) ;
#3468 = EDGE_CURVE ( 'NONE', #3325, #6009, #5985, .T. ) ;
#3469 = DIRECTION ( 'NONE',  ( 1.000000000000000000, 0.000000000000000000, 0.000000000000000000 ) ) ;
#3470 = ADVANCED_FACE ( 'NONE', ( #3332 ), #5287, .F. ) ;
#3471 = CARTESIAN_POINT ( 'NONE',  ( -38.71706781186546209, 90.00000000000000000, -123.2000000000000028 ) ) ;
#3472 = VERTEX_POINT ( 'NONE', #776 ) ;
#3473 = DIRECTION ( 'NONE',  ( -0.7071067811865474617, 0.7071067811865474617, 0.000000000000000000 ) ) ;
#3474 = CARTESIAN_POINT ( 'NONE',  ( 32.50000000000000000, 121.2000000000000028, -191.6180954499999984 ) ) ;
#3475 = CARTESIAN_POINT ( 'NONE',  ( -43.57699029636306420, 90.00000000000000000, -123.2000000000000028 ) ) ;
#3476 = PLANE ( 'NONE',  #885 ) ;
#3477 = CARTESIAN_POINT ( 'NONE',  ( -33.64500000000001023, 62.65851158618023220, -128.2720678118654405 ) ) ;
#3478 = ORIENTED_EDGE ( 'NONE', *, *, #3408, .T. ) ;
#3479 = CARTESIAN_POINT ( 'NONE',  ( -50.35000000000000142, -50.35000000000000142, -165.6180954499999700 ) ) ;
#3480 = DIRECTION ( 'NONE',  ( -1.000000000000000000, 0.000000000000000000, 0.000000000000000000 ) ) ;
#3481 = DIRECTION ( 'NONE',  ( -0.7071067811865480168, 0.000000000000000000, 0.7071067811865470176 ) ) ;
#3482 = CARTESIAN_POINT ( 'NONE',  ( -43.57699029636306420, -74.00000000000001421, -128.2000000000000171 ) ) ;
#3483 = FACE_OUTER_BOUND ( 'NONE', #1817, .T. ) ;
#3484 = ORIENTED_EDGE ( 'NONE', *, *, #1587, .F. ) ;
#3485 = ORIENTED_EDGE ( 'NONE', *, *, #424, .T. ) ;
#3486 = CARTESIAN_POINT ( 'NONE',  ( -78.09999999999999432, 15.00000000000000000, -92.20148000000000366 ) ) ;
#3487 = ORIENTED_EDGE ( 'NONE', *, *, #7335, .T. ) ;
#3488 = ORIENTED_EDGE ( 'NONE', *, *, #6687, .T. ) ;
#3489 = VECTOR ( 'NONE', #3004, 1000.000000000000000 ) ;
#3490 = VECTOR ( 'NONE', #799, 1000.000000000000000 ) ;
#3491 = PERSON_AND_ORGANIZATION ( #8482, #7622 ) ;
#3492 = CARTESIAN_POINT ( 'NONE',  ( -33.00000000000000000, -118.2000000000000028, -165.5180954499999757 ) ) ;
#3493 = LINE ( 'NONE', #3369, #4061 ) ;
#3494 = EDGE_LOOP ( 'NONE', ( #8478, #1107, #3007, #613 ) ) ;
#3495 = ORIENTED_EDGE ( 'NONE', *, *, #7984, .F. ) ;
#3496 = VECTOR ( 'NONE', #996, 1000.000000000000000 ) ;
#3497 = EDGE_LOOP ( 'NONE', ( #4702, #7701, #5580, #3599, #3656, #6143, #2858, #6830 ) ) ;
#3498 = UNCERTAINTY_MEASURE_WITH_UNIT (LENGTH_MEASURE( 1.000000000000000082E-05 ), #6101, 'distance_accuracy_value', 'NONE');
#3499 = DIRECTION ( 'NONE',  ( -0.000000000000000000, -0.000000000000000000, 1.000000000000000000 ) ) ;
#3500 = ORIENTED_EDGE ( 'NONE', *, *, #5099, .F. ) ;
#3501 = ADVANCED_FACE ( 'NONE', ( #3425 ), #6076, .F. ) ;
#3502 = ADVANCED_FACE ( 'NONE', ( #1986 ), #1253, .T. ) ;
#3503 = LINE ( 'NONE', #8066, #5088 ) ;
#3504 = PLANE ( 'NONE',  #6501 ) ;
#3505 = VECTOR ( 'NONE', #1167, 1000.000000000000000 ) ;
#3506 = ORIENTED_EDGE ( 'NONE', *, *, #5833, .T. ) ;
#3507 = EDGE_CURVE ( 'NONE', #725, #4009, #2598, .T. ) ;
#3508 = DIRECTION ( 'NONE',  ( -1.387778780781444492E-15, 0.000000000000000000, -1.000000000000000000 ) ) ;
#3509 = DIRECTION ( 'NONE',  ( -0.7071067811865474617, -0.7071067811865474617, 0.000000000000000000 ) ) ;
#3510 = DIRECTION ( 'NONE',  ( 0.000000000000000000, -0.1216969374237651114, 0.9925673052351039471 ) ) ;
#3511 = CARTESIAN_POINT ( 'NONE',  ( 45.00000000000000000, 130.0000000000000000, -183.6180954499999984 ) ) ;
#3512 = VECTOR ( 'NONE', #3552, 1000.000000000000000 ) ;
#3513 = ORIENTED_EDGE ( 'NONE', *, *, #1473, .F. ) ;
#3514 = LINE ( 'NONE', #4123, #1464 ) ;
#3515 = LINE ( 'NONE', #1639, #6202 ) ;
#3516 = DIRECTION ( 'NONE',  ( -1.000000000000000000, 0.000000000000000000, 0.000000000000000000 ) ) ;
#3517 = EDGE_CURVE ( 'NONE', #3959, #5786, #652, .T. ) ;
#3518 = EDGE_CURVE ( 'NONE', #6470, #72, #4639, .T. ) ;
#3519 = VECTOR ( 'NONE', #7362, 1000.000000000000000 ) ;
#3520 = VECTOR ( 'NONE', #6745, 1000.000000000000000 ) ;
#3521 = DIRECTION ( 'NONE',  ( 0.3234575393756696227, -0.000000000000000000, 0.9462426856895841398 ) ) ;
#3522 = DIRECTION ( 'NONE',  ( 1.000000000000000000, -0.000000000000000000, 0.000000000000000000 ) ) ;
#3523 = ORIENTED_EDGE ( 'NONE', *, *, #951, .T. ) ;
#3524 = DIRECTION ( 'NONE',  ( 0.3234575393756696227, -0.000000000000000000, 0.9462426856895841398 ) ) ;
#3525 = VECTOR ( 'NONE', #3051, 1000.000000000000000 ) ;
#3526 = DIRECTION ( 'NONE',  ( 0.000000000000000000, 0.000000000000000000, -1.000000000000000000 ) ) ;
#3527 = PLANE ( 'NONE',  #5108 ) ;
#3528 = LINE ( 'NONE', #6654, #5705 ) ;
#3529 = LINE ( 'NONE', #3687, #2525 ) ;
#3530 = DIRECTION ( 'NONE',  ( -0.7071067811865475727, 0.000000000000000000, 0.7071067811865475727 ) ) ;
#3531 = ORIENTED_EDGE ( 'NONE', *, *, #2657, .T. ) ;
#3532 = ORIENTED_EDGE ( 'NONE', *, *, #3101, .F. ) ;
#3533 = CARTESIAN_POINT ( 'NONE',  ( -80.95853390593268273, -90.00000000000000000, -80.95853390593281063 ) ) ;
#3534 = ORIENTED_EDGE ( 'NONE', *, *, #7718, .T. ) ;
#3535 = ORIENTED_EDGE ( 'NONE', *, *, #7809, .T. ) ;
#3536 = DATE_AND_TIME ( #884, #129 ) ;
#3537 = DIRECTION ( 'NONE',  ( -1.000000000000000000, 0.000000000000000000, 0.000000000000000000 ) ) ;
#3538 = ORIENTED_EDGE ( 'NONE', *, *, #8566, .F. ) ;
#3539 = PLANE ( 'NONE',  #6435 ) ;
#3540 = ORIENTED_EDGE ( 'NONE', *, *, #5678, .F. ) ;
#3541 = ORIENTED_EDGE ( 'NONE', *, *, #7171, .F. ) ;
#3542 = ORIENTED_EDGE ( 'NONE', *, *, #4662, .T. ) ;
#3543 = DIRECTION ( 'NONE',  ( 0.7071067811865474617, 0.7071067811865474617, 0.000000000000000000 ) ) ;
#3544 = VERTEX_POINT ( 'NONE', #7509 ) ;
#3545 = ORIENTED_EDGE ( 'NONE', *, *, #3207, .T. ) ;
#3546 = LINE ( 'NONE', #202, #7728 ) ;
#3547 = DIRECTION ( 'NONE',  ( -0.000000000000000000, 1.000000000000000000, 0.000000000000000000 ) ) ;
#3548 = AXIS2_PLACEMENT_3D ( 'NONE', #386, #6548, #6718 ) ;
#3549 = ORIENTED_EDGE ( 'NONE', *, *, #3343, .F. ) ;
#3550 = EDGE_CURVE ( 'NONE', #5611, #7488, #985, .T. ) ;
#3551 = FACE_OUTER_BOUND ( 'NONE', #5798, .T. ) ;
#3552 = DIRECTION ( 'NONE',  ( 1.000000000000000000, -0.000000000000000000, 0.000000000000000000 ) ) ;
#3553 = CARTESIAN_POINT ( 'NONE',  ( 20.50000000000000000, 117.2000000000000028, -165.6180954499999700 ) ) ;
#3554 = CARTESIAN_POINT ( 'NONE',  ( 1.099999999999999201, -1.099999999999999201, -191.6180954499999984 ) ) ;
#3555 = VECTOR ( 'NONE', #1537, 1000.000000000000000 ) ;
#3556 = EDGE_CURVE ( 'NONE', #1141, #6891, #1548, .T. ) ;
#3557 = EDGE_CURVE ( 'NONE', #8558, #4266, #8071, .T. ) ;
#3558 = ORIENTED_EDGE ( 'NONE', *, *, #6549, .T. ) ;
#3559 = LINE ( 'NONE', #7512, #5917 ) ;
#3560 = CARTESIAN_POINT ( 'NONE',  ( -51.00000000000000000, -20.19999999999999929, -92.20148000000000366 ) ) ;
#3561 = CARTESIAN_POINT ( 'NONE',  ( 86.00000000000000000, 32.00000000000000000, -183.6180954499999984 ) ) ;
#3562 = VECTOR ( 'NONE', #1291, 1000.000000000000000 ) ;
#3563 = CARTESIAN_POINT ( 'NONE',  ( 50.00000000000000000, 125.0000000000000000, -183.6180954499999984 ) ) ;
#3564 = FACE_OUTER_BOUND ( 'NONE', #3927, .T. ) ;
#3565 = ORIENTED_EDGE ( 'NONE', *, *, #503, .F. ) ;
#3566 = EDGE_CURVE ( 'NONE', #5975, #8116, #8205, .T. ) ;
#3567 = EDGE_CURVE ( 'NONE', #5006, #8237, #5504, .T. ) ;
#3568 = DIRECTION ( 'NONE',  ( -0.7071067811865475727, -0.7071067811865475727, 0.000000000000000000 ) ) ;
#3569 = CIRCLE ( 'NONE', #2308, 5.000000000000004441 ) ;
#3570 = CARTESIAN_POINT ( 'NONE',  ( -46.00000000000000000, -74.00000000000001421, -123.2000000000000028 ) ) ;
#3571 = CARTESIAN_POINT ( 'NONE',  ( -110.0000000000000000, -24.00000000000000000, -183.6180954499999984 ) ) ;
#3572 = DIRECTION ( 'NONE',  ( 0.000000000000000000, 0.000000000000000000, -1.000000000000000000 ) ) ;
#3573 = VECTOR ( 'NONE', #2781, 1000.000000000000114 ) ;
#3574 = CARTESIAN_POINT ( 'NONE',  ( 19.50000000000000000, -51.20000000000000284, -165.6180954499999700 ) ) ;
#3575 = ORIENTED_EDGE ( 'NONE', *, *, #3024, .T. ) ;
#3576 = VERTEX_POINT ( 'NONE', #6769 ) ;
#3577 = LINE ( 'NONE', #1568, #2235 ) ;
#3578 = ORIENTED_EDGE ( 'NONE', *, *, #1803, .F. ) ;
#3579 = ADVANCED_FACE ( 'NONE', ( #5548 ), #1506, .T. ) ;
#3580 = ORIENTED_EDGE ( 'NONE', *, *, #5302, .T. ) ;
#3581 = VECTOR ( 'NONE', #5963, 1000.000000000000000 ) ;
#3582 = CARTESIAN_POINT ( 'NONE',  ( 45.00000000000000000, 32.00000000000000000, -40.00000000000000000 ) ) ;
#3583 = VERTEX_POINT ( 'NONE', #6203 ) ;
#3584 = DIRECTION ( 'NONE',  ( 0.7071067811865474617, 0.000000000000000000, 0.7071067811865474617 ) ) ;
#3585 = ORIENTED_EDGE ( 'NONE', *, *, #7490, .F. ) ;
#3586 = EDGE_LOOP ( 'NONE', ( #4579, #4800, #8216, #5279 ) ) ;
#3587 = AXIS2_PLACEMENT_3D ( 'NONE', #4334, #8384, #4991 ) ;
#3588 = ORIENTED_EDGE ( 'NONE', *, *, #2911, .F. ) ;
#3589 = CARTESIAN_POINT ( 'NONE',  ( 38.25000000000000000, -26.00000000000000000, -10.00000000000000000 ) ) ;
#3590 = ORIENTED_EDGE ( 'NONE', *, *, #5267, .F. ) ;
#3591 = CARTESIAN_POINT ( 'NONE',  ( -68.00000000000000000, -5.000000000000000000, -92.20148000000000366 ) ) ;
#3592 = DIRECTION ( 'NONE',  ( 0.000000000000000000, 0.000000000000000000, -1.000000000000000000 ) ) ;
#3593 = AXIS2_PLACEMENT_3D ( 'NONE', #1154, #7281, #4622 ) ;
#3594 = VERTEX_POINT ( 'NONE', #4243 ) ;
#3595 = CARTESIAN_POINT ( 'NONE',  ( 48.55499999999999972, 48.40299999999999869, -165.6180954499999700 ) ) ;
#3596 = CARTESIAN_POINT ( 'NONE',  ( -46.00000000000000000, 74.00000000000000000, -123.2000000000000028 ) ) ;
#3597 = DIRECTION ( 'NONE',  ( -0.000000000000000000, 0.000000000000000000, 1.000000000000000000 ) ) ;
#3598 = LINE ( 'NONE', #5595, #4651 ) ;
#3599 = ORIENTED_EDGE ( 'NONE', *, *, #1056, .T. ) ;
#3600 = CARTESIAN_POINT ( 'NONE',  ( -26.50186437626910063, -62.65851158618024641, -128.2000000000000171 ) ) ;
#3601 = LINE ( 'NONE', #3560, #7312 ) ;
#3602 = PLANE ( 'NONE',  #5943 ) ;
#3603 = CARTESIAN_POINT ( 'NONE',  ( 68.85000000000000853, -68.85000000000000853, -191.6180954499999984 ) ) ;
#3604 = DIRECTION ( 'NONE',  ( -0.7071067811865475727, 0.7071067811865475727, 0.000000000000000000 ) ) ;
#3605 = EDGE_LOOP ( 'NONE', ( #1621, #3293, #8225, #3580 ) ) ;
#3606 = CARTESIAN_POINT ( 'NONE',  ( -72.00000000000000000, 5.000000000000000000, -90.20148000000000366 ) ) ;
#3607 = EDGE_CURVE ( 'NONE', #4330, #1383, #4120, .T. ) ;
#3608 = CARTESIAN_POINT ( 'NONE',  ( -105.0000000000000000, -7.000000000000000000, 124.2119090000000057 ) ) ;
#3609 = ADVANCED_FACE ( 'NONE', ( #5462 ), #6289, .T. ) ;
#3610 = CARTESIAN_POINT ( 'NONE',  ( -54.00000000000000000, -36.00000000000000000, -183.6180954499999984 ) ) ;
#3611 = LINE ( 'NONE', #7699, #2630 ) ;
#3612 = EDGE_CURVE ( 'NONE', #6336, #7275, #8291, .T. ) ;
#3613 = LINE ( 'NONE', #228, #2407 ) ;
#3614 = ORIENTED_EDGE ( 'NONE', *, *, #2830, .F. ) ;
#3615 = ORIENTED_EDGE ( 'NONE', *, *, #2238, .T. ) ;
#3616 = CARTESIAN_POINT ( 'NONE',  ( -47.00000000000000000, 49.20000000000000284, -165.6180954499999700 ) ) ;
#3617 = VERTEX_POINT ( 'NONE', #6809 ) ;
#3618 = CARTESIAN_POINT ( 'NONE',  ( 45.00000000000000000, 130.0000000000000000, -183.6180954499999984 ) ) ;
#3619 = ADVANCED_FACE ( 'NONE', ( #859 ), #5637, .F. ) ;
#3620 = VERTEX_POINT ( 'NONE', #2246 ) ;
#3621 = CARTESIAN_POINT ( 'NONE',  ( -41.09999999999999432, 41.09999999999999432, -165.6180954499999700 ) ) ;
#3622 = ORIENTED_EDGE ( 'NONE', *, *, #6214, .F. ) ;
#3623 = VERTEX_POINT ( 'NONE', #3553 ) ;
#3624 = ORIENTED_EDGE ( 'NONE', *, *, #3831, .F. ) ;
#3625 = FACE_OUTER_BOUND ( 'NONE', #6007, .T. ) ;
#3626 = ORIENTED_EDGE ( 'NONE', *, *, #4939, .F. ) ;
#3627 = VECTOR ( 'NONE', #2811, 1000.000000000000227 ) ;
#3628 = FACE_OUTER_BOUND ( 'NONE', #5144, .T. ) ;
#3629 = DIRECTION ( 'NONE',  ( 0.000000000000000000, -1.000000000000000000, 0.000000000000000000 ) ) ;
#3630 = AXIS2_PLACEMENT_3D ( 'NONE', #942, #4940, #661 ) ;
#3631 = ORIENTED_EDGE ( 'NONE', *, *, #382, .T. ) ;
#3632 = VECTOR ( 'NONE', #4605, 1000.000000000000000 ) ;
#3633 = CARTESIAN_POINT ( 'NONE',  ( 44.55499999999999972, -124.8029999999999973, -177.6180954499999984 ) ) ;
#3634 = DIRECTION ( 'NONE',  ( -0.000000000000000000, 0.000000000000000000, 1.000000000000000000 ) ) ;
#3635 = DIRECTION ( 'NONE',  ( -0.000000000000000000, 1.000000000000000000, -0.000000000000000000 ) ) ;
#3636 = DIRECTION ( 'NONE',  ( -1.000000000000000000, 0.000000000000000000, 0.000000000000000000 ) ) ;
#3637 = ORIENTED_EDGE ( 'NONE', *, *, #1797, .F. ) ;
#3638 = CARTESIAN_POINT ( 'NONE',  ( 33.50000000000000000, -120.2000000000000028, -165.5180954499999757 ) ) ;
#3639 = VECTOR ( 'NONE', #7037, 1000.000000000000114 ) ;
#3640 = FACE_OUTER_BOUND ( 'NONE', #2899, .T. ) ;
#3641 = LINE ( 'NONE', #1082, #8167 ) ;
#3642 = CARTESIAN_POINT ( 'NONE',  ( -52.09999999999999432, -90.00000000000000000, -102.7460000000000093 ) ) ;
#3643 = VECTOR ( 'NONE', #339, 1000.000000000000000 ) ;
#3644 = EDGE_LOOP ( 'NONE', ( #4277, #3203, #8293, #7679, #4191, #2904, #6027, #130 ) ) ;
#3645 = CARTESIAN_POINT ( 'NONE',  ( -52.10000000000001563, 74.00000000000000000, -102.7459999999999951 ) ) ;
#3646 = CARTESIAN_POINT ( 'NONE',  ( -30.03739828220182773, 90.00000000000000000, -124.6644660940672651 ) ) ;
#3647 = DIRECTION ( 'NONE',  ( -0.000000000000000000, -0.000000000000000000, 1.000000000000000000 ) ) ;
#3648 = LINE ( 'NONE', #6128, #1345 ) ;
#3649 = CARTESIAN_POINT ( 'NONE',  ( 45.00000000000000000, 130.0000000000000000, -191.6180954499999984 ) ) ;
#3650 = VECTOR ( 'NONE', #839, 1000.000000000000000 ) ;
#3651 = VECTOR ( 'NONE', #973, 1000.000000000000000 ) ;
#3652 = FACE_OUTER_BOUND ( 'NONE', #3902, .T. ) ;
#3653 = ADVANCED_FACE ( 'NONE', ( #6117 ), #253, .F. ) ;
#3654 = EDGE_CURVE ( 'NONE', #4889, #3959, #2902, .T. ) ;
#3655 = PLANE ( 'NONE',  #3798 ) ;
#3656 = ORIENTED_EDGE ( 'NONE', *, *, #52, .T. ) ;
#3657 = ORIENTED_EDGE ( 'NONE', *, *, #3706, .T. ) ;
#3659 = VECTOR ( 'NONE', #5820, 1000.000000000000000 ) ;
#3658 = FACE_OUTER_BOUND ( 'NONE', #6057, .T. ) ;
#3660 = ORIENTED_EDGE ( 'NONE', *, *, #3941, .F. ) ;
#3661 = ADVANCED_FACE ( 'NONE', ( #4767 ), #6938, .T. ) ;
#3662 = ADVANCED_FACE ( 'NONE', ( #6245 ), #294, .T. ) ;
#3663 = VECTOR ( 'NONE', #1862, 1000.000000000000000 ) ;
#3664 = FACE_OUTER_BOUND ( 'NONE', #2199, .T. ) ;
#3665 = EDGE_LOOP ( 'NONE', ( #6194, #2692, #5314, #2306 ) ) ;
#3666 = LINE ( 'NONE', #2313, #3651 ) ;
#3667 = ORIENTED_EDGE ( 'NONE', *, *, #3286, .T. ) ;
#3668 = VERTEX_POINT ( 'NONE', #2286 ) ;
#3669 = ORIENTED_EDGE ( 'NONE', *, *, #6151, .T. ) ;
#3670 = DIRECTION ( 'NONE',  ( 0.7071067811865474617, -0.7071067811865474617, 0.000000000000000000 ) ) ;
#3671 = EDGE_LOOP ( 'NONE', ( #1159, #3939, #2716, #6948 ) ) ;
#3672 = EDGE_CURVE ( 'NONE', #7455, #2360, #4942, .T. ) ;
#3673 = EDGE_CURVE ( 'NONE', #412, #6317, #385, .T. ) ;
#3674 = CARTESIAN_POINT ( 'NONE',  ( -61.84499999999999886, 48.40299999999999869, -177.6180954499999984 ) ) ;
#3675 = PLANE ( 'NONE',  #4698 ) ;
#3676 = CYLINDRICAL_SURFACE ( 'NONE', #4190, 1.250000000000001110 ) ;
#3677 = DIRECTION ( 'NONE',  ( 1.000000000000000000, 0.000000000000000000, 0.000000000000000000 ) ) ;
#3678 = LINE ( 'NONE', #4241, #7538 ) ;
#3679 = FACE_OUTER_BOUND ( 'NONE', #2569, .T. ) ;
#3680 = DIRECTION ( 'NONE',  ( -0.000000000000000000, -0.000000000000000000, -1.000000000000000000 ) ) ;
#3681 = EDGE_LOOP ( 'NONE', ( #6047, #7258, #3669, #1020, #2975, #3890, #5897, #7796 ) ) ;
#3682 = CARTESIAN_POINT ( 'NONE',  ( -40.78813562373094470, -74.00000000000001421, -123.2000000000000028 ) ) ;
#3683 = VECTOR ( 'NONE', #6629, 1000.000000000000114 ) ;
#3684 = CARTESIAN_POINT ( 'NONE',  ( 0.000000000000000000, -121.2000000000000028, -165.6180954499999700 ) ) ;
#3685 = DIRECTION ( 'NONE',  ( 0.000000000000000000, -1.000000000000000000, 0.000000000000000000 ) ) ;
#3686 = CARTESIAN_POINT ( 'NONE',  ( -102.0000000000000142, 60.00000000000000000, -183.6180954499999984 ) ) ;
#3687 = CARTESIAN_POINT ( 'NONE',  ( 50.00000000000000000, -125.0000000000000000, -183.6180954499999984 ) ) ;
#3688 = AXIS2_PLACEMENT_3D ( 'NONE', #8323, #6975, #1023 ) ;
#3689 = ORIENTED_EDGE ( 'NONE', *, *, #1867, .T. ) ;
#3690 = DIRECTION ( 'NONE',  ( -0.000000000000000000, 0.000000000000000000, -1.000000000000000000 ) ) ;
#3691 = LINE ( 'NONE', #6996, #5164 ) ;
#3692 = DIRECTION ( 'NONE',  ( 0.3234575393756696227, -0.000000000000000000, 0.9462426856895841398 ) ) ;
#3693 = CARTESIAN_POINT ( 'NONE',  ( -61.84499999999999886, 120.8029999999999973, -183.6180954499999984 ) ) ;
#3694 = LINE ( 'NONE', #6475, #5514 ) ;
#3695 = AXIS2_PLACEMENT_3D ( 'NONE', #3860, #643, #1249 ) ;
#3696 = CARTESIAN_POINT ( 'NONE',  ( -88.00000000000000000, 24.00000000000000000, -183.6180954499999984 ) ) ;
#3697 = LINE ( 'NONE', #2391, #1985 ) ;
#3698 = VERTEX_POINT ( 'NONE', #6983 ) ;
#3699 = ORIENTED_EDGE ( 'NONE', *, *, #3338, .F. ) ;
#3700 = DIRECTION ( 'NONE',  ( 0.7071067811865475727, 0.7071067811865475727, 0.000000000000000000 ) ) ;
#3701 = VECTOR ( 'NONE', #5780, 1000.000000000000000 ) ;
#3702 = ORIENTED_EDGE ( 'NONE', *, *, #7912, .F. ) ;
#3703 = VECTOR ( 'NONE', #3692, 1000.000000000000000 ) ;
#3704 = DIRECTION ( 'NONE',  ( -0.7071067811865470176, 0.000000000000000000, -0.7071067811865480168 ) ) ;
#3705 = ORIENTED_EDGE ( 'NONE', *, *, #7503, .T. ) ;
#3706 = EDGE_CURVE ( 'NONE', #981, #8367, #4463, .T. ) ;
#3707 = EDGE_CURVE ( 'NONE', #5331, #5309, #561, .T. ) ;
#3708 = CARTESIAN_POINT ( 'NONE',  ( -57.00000000000000000, 98.00000000000000000, -102.7459999999999951 ) ) ;
#3709 = ORIENTED_EDGE ( 'NONE', *, *, #2126, .T. ) ;
#3710 = ORIENTED_EDGE ( 'NONE', *, *, #1956, .F. ) ;
#3711 = ORIENTED_EDGE ( 'NONE', *, *, #3507, .T. ) ;
#3712 = ORIENTED_EDGE ( 'NONE', *, *, #2170, .T. ) ;
#3713 = AXIS2_PLACEMENT_3D ( 'NONE', #353, #8351, #3047 ) ;
#3714 = CYLINDRICAL_SURFACE ( 'NONE', #2583, 5.000000000000004441 ) ;
#3715 = EDGE_CURVE ( 'NONE', #4189, #387, #4983, .T. ) ;
#3716 = EDGE_CURVE ( 'NONE', #4110, #1533, #2367, .T. ) ;
#3717 = LINE ( 'NONE', #7589, #2898 ) ;
#3718 = ORIENTED_EDGE ( 'NONE', *, *, #440, .F. ) ;
#3719 = VECTOR ( 'NONE', #4720, 1000.000000000000000 ) ;
#3720 = ADVANCED_FACE ( 'NONE', ( #7726 ), #2501, .T. ) ;
#3721 = DIRECTION ( 'NONE',  ( -0.000000000000000000, -0.000000000000000000, -1.000000000000000000 ) ) ;
#3722 = EDGE_CURVE ( 'NONE', #408, #7511, #1806, .T. ) ;
#3723 = CARTESIAN_POINT ( 'NONE',  ( -49.00000000000000000, 25.00000000000000000, -99.20148000000000366 ) ) ;
#3724 = ORIENTED_EDGE ( 'NONE', *, *, #4368, .F. ) ;
#3725 = DIRECTION ( 'NONE',  ( 0.000000000000000000, 0.000000000000000000, 1.000000000000000000 ) ) ;
#3726 = LINE ( 'NONE', #7681, #7570 ) ;
#3727 = VERTEX_POINT ( 'NONE', #5812 ) ;
#3728 = CARTESIAN_POINT ( 'NONE',  ( -105.0000000000000000, -130.0000000000000000, -191.6180954499999984 ) ) ;
#3729 = AXIS2_PLACEMENT_3D ( 'NONE', #1029, #1110, #6934 ) ;
#3730 = DIRECTION ( 'NONE',  ( -0.000000000000000000, 1.000000000000000000, -0.000000000000000000 ) ) ;
#3731 = CARTESIAN_POINT ( 'NONE',  ( 42.35000000000000853, 42.35000000000000853, -165.6180954499999700 ) ) ;
#3732 = CARTESIAN_POINT ( 'NONE',  ( -94.00000000000000000, 32.00000000000000000, -191.6180954499999984 ) ) ;
#3733 = EDGE_CURVE ( 'NONE', #4451, #7418, #1722, .T. ) ;
#3734 = EDGE_CURVE ( 'NONE', #4612, #4374, #1160, .T. ) ;
#3735 = FACE_OUTER_BOUND ( 'NONE', #371, .T. ) ;
#3736 = FACE_BOUND ( 'NONE', #1211, .T. ) ;
#3737 = LINE ( 'NONE', #3084, #2665 ) ;
#3738 = ORIENTED_EDGE ( 'NONE', *, *, #2392, .F. ) ;
#3739 = CARTESIAN_POINT ( 'NONE',  ( 33.50000000000000000, 0.000000000000000000, -191.6180954499999984 ) ) ;
#3740 = FACE_OUTER_BOUND ( 'NONE', #3605, .T. ) ;
#3741 = CARTESIAN_POINT ( 'NONE',  ( -43.57699029636306420, -74.00000000000001421, -123.2000000000000028 ) ) ;
#3742 = DATE_TIME_ROLE ( 'creation_date' ) ;
#3743 = DIRECTION ( 'NONE',  ( 0.000000000000000000, 0.000000000000000000, -1.000000000000000000 ) ) ;
#3744 = PLANE ( 'NONE',  #6441 ) ;
#3745 = ORIENTED_EDGE ( 'NONE', *, *, #4090, .T. ) ;
#3746 = ORIENTED_EDGE ( 'NONE', *, *, #1746, .T. ) ;
#3747 = CARTESIAN_POINT ( 'NONE',  ( 0.000000000000000000, 98.00000000000000000, 0.000000000000000000 ) ) ;
#3748 = VERTEX_POINT ( 'NONE', #7114 ) ;
#3749 = DIRECTION ( 'NONE',  ( 1.000000000000000000, 0.000000000000000000, -0.000000000000000000 ) ) ;
#3750 = EDGE_LOOP ( 'NONE', ( #7406, #6217, #8517, #2922 ) ) ;
#3751 = CARTESIAN_POINT ( 'NONE',  ( -58.00000000000000000, -73.89999999999999147, -96.84600000000000364 ) ) ;
#3752 = ORIENTED_EDGE ( 'NONE', *, *, #6531, .F. ) ;
#3753 = EDGE_LOOP ( 'NONE', ( #4053, #7729, #5831, #5717, #25, #3888, #887, #8458, #8182, #8374 ) ) ;
#3754 = VERTEX_POINT ( 'NONE', #3811 ) ;
#3755 = ORIENTED_EDGE ( 'NONE', *, *, #1065, .F. ) ;
#3756 = CARTESIAN_POINT ( 'NONE',  ( -33.64500000000000313, 90.00000000000000000, -121.2009999999999934 ) ) ;
#3757 = CARTESIAN_POINT ( 'NONE',  ( 86.00000000000000000, 32.00000000000000000, -183.6180954499999984 ) ) ;
#3758 = ORIENTED_EDGE ( 'NONE', *, *, #4669, .F. ) ;
#3759 = CARTESIAN_POINT ( 'NONE',  ( 45.00000000000000000, 130.0000000000000000, -183.6180954499999984 ) ) ;
#3760 = FACE_BOUND ( 'NONE', #6133, .T. ) ;
#3761 = VERTEX_POINT ( 'NONE', #1117 ) ;
#3762 = VECTOR ( 'NONE', #6053, 1000.000000000000114 ) ;
#3763 = ADVANCED_FACE ( 'NONE', ( #3030 ), #6375, .F. ) ;
#3764 = CARTESIAN_POINT ( 'NONE',  ( -101.0000000000000000, 16.00000000000000000, 109.2119090000000057 ) ) ;
#3765 = EDGE_CURVE ( 'NONE', #4014, #7582, #5562, .T. ) ;
#3766 = LINE ( 'NONE', #1248, #773 ) ;
#3767 = EDGE_LOOP ( 'NONE', ( #816, #5416, #2512, #6660 ) ) ;
#3768 = PLANE ( 'NONE',  #1607 ) ;
#3769 = EDGE_CURVE ( 'NONE', #3472, #1800, #425, .T. ) ;
#3770 = CARTESIAN_POINT ( 'NONE',  ( 86.00000000000000000, 32.00000000000000000, -171.6180954499999984 ) ) ;
#3771 = VECTOR ( 'NONE', #899, 1000.000000000000000 ) ;
#3772 = ADVANCED_FACE ( 'NONE', ( #3679 ), #6332, .F. ) ;
#3773 = DIRECTION ( 'NONE',  ( -0.7071067811865474617, 0.000000000000000000, -0.7071067811865474617 ) ) ;
#3774 = VECTOR ( 'NONE', #3140, 1000.000000000000114 ) ;
#3775 = CARTESIAN_POINT ( 'NONE',  ( -47.50140412403019496, -81.99999999999998579, -125.1017785571049217 ) ) ;
#3776 = CARTESIAN_POINT ( 'NONE',  ( -46.00000000000000000, 52.20000000000000284, -165.5180954499999757 ) ) ;
#3777 = CARTESIAN_POINT ( 'NONE',  ( -68.00000000000000000, -5.000000000000000000, -90.20148000000000366 ) ) ;
#3778 = FACE_BOUND ( 'NONE', #327, .T. ) ;
#3779 = VECTOR ( 'NONE', #537, 1000.000000000000000 ) ;
#3780 = VERTEX_POINT ( 'NONE', #8467 ) ;
#3781 = CARTESIAN_POINT ( 'NONE',  ( 34.55525999999999698, 58.40250000000000341, -165.6180954499999700 ) ) ;
#3782 = EDGE_CURVE ( 'NONE', #4656, #3617, #7159, .T. ) ;
#3783 = FACE_OUTER_BOUND ( 'NONE', #1357, .T. ) ;
#3784 = EDGE_CURVE ( 'NONE', #6293, #1383, #8422, .T. ) ;
#3785 = DIRECTION ( 'NONE',  ( 1.000000000000000000, 0.000000000000000000, 0.000000000000000000 ) ) ;
#3786 = COORDINATED_UNIVERSAL_TIME_OFFSET ( 8, 0, .AHEAD. ) ;
#3787 = VECTOR ( 'NONE', #479, 1000.000000000000000 ) ;
#3788 = CARTESIAN_POINT ( 'NONE',  ( -47.00000000000000000, 0.000000000000000000, -165.6180954499999700 ) ) ;
#3789 = PLANE ( 'NONE',  #1572 ) ;
#3790 = ORIENTED_EDGE ( 'NONE', *, *, #5903, .F. ) ;
#3791 = VERTEX_POINT ( 'NONE', #2459 ) ;
#3792 = DIRECTION ( 'NONE',  ( 0.000000000000000000, -1.000000000000000000, 0.000000000000000000 ) ) ;
#3793 = ORIENTED_EDGE ( 'NONE', *, *, #5832, .T. ) ;
#3794 = VECTOR ( 'NONE', #6063, 1000.000000000000114 ) ;
#3795 = LINE ( 'NONE', #3230, #4312 ) ;
#3796 = EDGE_LOOP ( 'NONE', ( #90, #8198, #4962, #6878 ) ) ;
#3797 = AXIS2_PLACEMENT_3D ( 'NONE', #3492, #194, #2097 ) ;
#3798 = AXIS2_PLACEMENT_3D ( 'NONE', #7617, #7527, #4871 ) ;
#3799 = DIRECTION ( 'NONE',  ( 0.000000000000000000, 0.000000000000000000, 1.000000000000000000 ) ) ;
#3800 = ORIENTED_EDGE ( 'NONE', *, *, #6861, .F. ) ;
#3801 = EDGE_LOOP ( 'NONE', ( #4540, #3404, #4620, #71 ) ) ;
#3802 = ORIENTED_EDGE ( 'NONE', *, *, #7534, .T. ) ;
#3803 = ORIENTED_EDGE ( 'NONE', *, *, #280, .T. ) ;
#3804 = LINE ( 'NONE', #8047, #8147 ) ;
#3805 = VECTOR ( 'NONE', #5602, 1000.000000000000000 ) ;
#3806 = CARTESIAN_POINT ( 'NONE',  ( 38.25000000000000000, 26.00000000000000000, -23.00000000000000000 ) ) ;
#3807 = ORIENTED_EDGE ( 'NONE', *, *, #6753, .T. ) ;
#3808 = LINE ( 'NONE', #381, #3321 ) ;
#3809 = LINE ( 'NONE', #6624, #2253 ) ;
#3810 = VERTEX_POINT ( 'NONE', #1849 ) ;
#3811 = CARTESIAN_POINT ( 'NONE',  ( -110.0000000000000000, 125.0000000000000000, -183.6180954499999984 ) ) ;
#3812 = CARTESIAN_POINT ( 'NONE',  ( -90.00000000000000000, -74.00000000000001421, -149.0000000000000000 ) ) ;
#3813 = CARTESIAN_POINT ( 'NONE',  ( -34.00000000000000000, 48.20000000000000284, -165.5180954499999757 ) ) ;
#3814 = CARTESIAN_POINT ( 'NONE',  ( -51.00000000000000000, -25.00000000000000000, -86.20148000000000366 ) ) ;
#3815 = CARTESIAN_POINT ( 'NONE',  ( 25.00000000000000000, -20.00000000000000000, -171.6180954499999984 ) ) ;
#3816 = ADVANCED_FACE ( 'NONE', ( #3858 ), #6506, .F. ) ;
#3817 = FACE_OUTER_BOUND ( 'NONE', #550, .T. ) ;
#3818 = DIRECTION ( 'NONE',  ( 0.000000000000000000, 1.000000000000000000, 0.000000000000000000 ) ) ;
#3819 = EDGE_CURVE ( 'NONE', #6191, #6315, #2745, .T. ) ;
#3820 = CARTESIAN_POINT ( 'NONE',  ( -78.09999999999999432, -15.00000000000000000, -92.20148000000000366 ) ) ;
#3821 = ADVANCED_FACE ( 'NONE', ( #4142 ), #2702, .T. ) ;
#3822 = FACE_OUTER_BOUND ( 'NONE', #4836, .T. ) ;
#3823 = VECTOR ( 'NONE', #2287, 1000.000000000000000 ) ;
#3824 = ORIENTED_EDGE ( 'NONE', *, *, #2215, .T. ) ;
#3825 = LINE ( 'NONE', #487, #1212 ) ;
#3826 = CARTESIAN_POINT ( 'NONE',  ( -34.00000000000000000, -121.2000000000000028, -191.6180954499999984 ) ) ;
#3827 = DIRECTION ( 'NONE',  ( -0.000000000000000000, -0.000000000000000000, -1.000000000000000000 ) ) ;
#3828 = PERSON_AND_ORGANIZATION ( #8482, #7622 ) ;
#3829 = VECTOR ( 'NONE', #1120, 1000.000000000000000 ) ;
#3830 = CARTESIAN_POINT ( 'NONE',  ( -69.00000000000000000, -20.19999999999999929, -92.20148000000000366 ) ) ;
#3831 = EDGE_CURVE ( 'NONE', #7716, #2948, #4011, .T. ) ;
#3832 = CARTESIAN_POINT ( 'NONE',  ( -102.0000000000000142, -24.00000000000000000, -183.6180954499999984 ) ) ;
#3833 = EDGE_CURVE ( 'NONE', #78, #2145, #5199, .T. ) ;
#3834 = VERTEX_POINT ( 'NONE', #6705 ) ;
#3835 = VERTEX_POINT ( 'NONE', #4704 ) ;
#3836 = CARTESIAN_POINT ( 'NONE',  ( -74.09999999999999432, 15.00000000000000000, -92.20148000000000366 ) ) ;
#3837 = ORIENTED_EDGE ( 'NONE', *, *, #5899, .T. ) ;
#3838 = VECTOR ( 'NONE', #7901, 1000.000000000000000 ) ;
#3839 = DIRECTION ( 'NONE',  ( 1.000000000000000000, 0.000000000000000000, 0.000000000000000000 ) ) ;
#3840 = ORIENTED_EDGE ( 'NONE', *, *, #8405, .T. ) ;
#3841 = VECTOR ( 'NONE', #7910, 1000.000000000000000 ) ;
#3842 = EDGE_CURVE ( 'NONE', #1741, #7763, #6011, .T. ) ;
#3843 = LINE ( 'NONE', #5755, #5596 ) ;
#3844 = ADVANCED_FACE ( 'NONE', ( #6135 ), #187, .F. ) ;
#3845 = ORIENTED_EDGE ( 'NONE', *, *, #1999, .F. ) ;
#3846 = ORIENTED_EDGE ( 'NONE', *, *, #5856, .T. ) ;
#3847 = ORIENTED_EDGE ( 'NONE', *, *, #7183, .T. ) ;
#3848 = ORIENTED_EDGE ( 'NONE', *, *, #1478, .T. ) ;
#3849 = DIRECTION ( 'NONE',  ( 0.000000000000000000, 0.000000000000000000, 1.000000000000000000 ) ) ;
#3850 = VECTOR ( 'NONE', #4782, 1000.000000000000000 ) ;
#3851 = LINE ( 'NONE', #5403, #1782 ) ;
#3852 = CARTESIAN_POINT ( 'NONE',  ( 25.00000000000000000, 32.00000000000000000, -183.6180954499999984 ) ) ;
#3853 = DIRECTION ( 'NONE',  ( -0.8686219229222248428, 0.000000000000000000, -0.4954754837717974536 ) ) ;
#3854 = PLANE ( 'NONE',  #7675 ) ;
#3855 = ORIENTED_EDGE ( 'NONE', *, *, #4731, .F. ) ;
#3856 = VERTEX_POINT ( 'NONE', #7446 ) ;
#3857 = VECTOR ( 'NONE', #6431, 1000.000000000000000 ) ;
#3858 = FACE_OUTER_BOUND ( 'NONE', #136, .T. ) ;
#3859 = DIRECTION ( 'NONE',  ( -0.000000000000000000, 0.000000000000000000, -1.000000000000000000 ) ) ;
#3860 = CARTESIAN_POINT ( 'NONE',  ( -43.57699029636306420, -98.00000000000000000, -128.2000000000000171 ) ) ;
#3861 = CARTESIAN_POINT ( 'NONE',  ( -13.00000000000000000, -81.99999999999998579, -123.2000000000000028 ) ) ;
#3862 = PLANE ( 'NONE',  #1776 ) ;
#3863 = VECTOR ( 'NONE', #8606, 1000.000000000000000 ) ;
#3864 = EDGE_LOOP ( 'NONE', ( #2972, #3984, #6024, #2889, #3127, #3401, #5197, #2266, #6400, #4025 ) ) ;
#3865 = CARTESIAN_POINT ( 'NONE',  ( -61.00000000000000000, 18.00000000000000000, -90.20148000000000366 ) ) ;
#3866 = CARTESIAN_POINT ( 'NONE',  ( 33.50000000000000000, 51.20000000000000284, -165.6180954499999700 ) ) ;
#3867 = DIRECTION ( 'NONE',  ( -0.000000000000000000, 1.000000000000000000, 0.000000000000000000 ) ) ;
#3868 = VECTOR ( 'NONE', #159, 1000.000000000000000 ) ;
#3869 = VERTEX_POINT ( 'NONE', #8511 ) ;
#3870 = LINE ( 'NONE', #3217, #5354 ) ;
#3871 = CARTESIAN_POINT ( 'NONE',  ( -64.00000000000000000, -74.00000000000001421, -183.6180954499999984 ) ) ;
#3872 = CARTESIAN_POINT ( 'NONE',  ( 45.00000000000000000, 20.00000000000000000, -10.00000000000000000 ) ) ;
#3873 = DATE_TIME_ROLE ( 'classification_date' ) ;
#3874 = APPROVAL_PERSON_ORGANIZATION ( #2184, #2386, #4840 ) ;
#3875 = LINE ( 'NONE', #3788, #1824 ) ;
#3876 = DIRECTION ( 'NONE',  ( 0.000000000000000000, 0.000000000000000000, 1.000000000000000000 ) ) ;
#3877 = EDGE_LOOP ( 'NONE', ( #6839, #6137, #2231, #4247, #5441, #6534, #7448, #6668 ) ) ;
#3878 = ORIENTED_EDGE ( 'NONE', *, *, #4786, .F. ) ;
#3879 = DIRECTION ( 'NONE',  ( -0.7071067811865474617, -0.7071067811865474617, 0.000000000000000000 ) ) ;
#3880 = ORIENTED_EDGE ( 'NONE', *, *, #3256, .T. ) ;
#3881 = ADVANCED_FACE ( 'NONE', ( #5442 ), #6787, .T. ) ;
#3882 = EDGE_CURVE ( 'NONE', #3015, #2312, #7970, .T. ) ;
#3883 = EDGE_CURVE ( 'NONE', #2976, #2488, #3446, .T. ) ;
#3884 = DIRECTION ( 'NONE',  ( -0.7071067811865477948, 0.000000000000000000, 0.7071067811865473507 ) ) ;
#3885 = VERTEX_POINT ( 'NONE', #835 ) ;
#3886 = DIRECTION ( 'NONE',  ( -0.000000000000000000, -0.000000000000000000, -1.000000000000000000 ) ) ;
#3887 = ORIENTED_EDGE ( 'NONE', *, *, #6059, .T. ) ;
#3888 = ORIENTED_EDGE ( 'NONE', *, *, #3396, .F. ) ;
#3889 = ORIENTED_EDGE ( 'NONE', *, *, #4531, .T. ) ;
#3890 = ORIENTED_EDGE ( 'NONE', *, *, #7554, .T. ) ;
#3891 = EDGE_CURVE ( 'NONE', #3576, #5481, #145, .T. ) ;
#3892 = EDGE_CURVE ( 'NONE', #1570, #7543, #2545, .T. ) ;
#3893 = CARTESIAN_POINT ( 'NONE',  ( 33.50000000000000000, -118.2000000000000028, -165.5180954499999757 ) ) ;
#3894 = LINE ( 'NONE', #5807, #2663 ) ;
#3895 = PLANE ( 'NONE',  #3093 ) ;
#3896 = CARTESIAN_POINT ( 'NONE',  ( -90.00000000000000000, -74.00000000000001421, -183.6180954499999984 ) ) ;
#3897 = VERTEX_POINT ( 'NONE', #3486 ) ;
#3898 = ORIENTED_EDGE ( 'NONE', *, *, #2601, .F. ) ;
#3899 = LINE ( 'NONE', #5898, #7858 ) ;
#3900 = LINE ( 'NONE', #3945, #2720 ) ;
#3901 = CARTESIAN_POINT ( 'NONE',  ( -54.00000000000000000, -36.00000000000000000, -191.6180954499999984 ) ) ;
#3902 = EDGE_LOOP ( 'NONE', ( #504, #6717, #2409, #7847 ) ) ;
#3903 = VECTOR ( 'NONE', #6489, 1000.000000000000000 ) ;
#3904 = DIRECTION ( 'NONE',  ( 1.000000000000000000, 0.000000000000000000, 0.000000000000000000 ) ) ;
#3905 = DIRECTION ( 'NONE',  ( -0.6196442885790209854, -0.000000000000000000, -0.7848827655334259523 ) ) ;
#3906 = CARTESIAN_POINT ( 'NONE',  ( -13.00000000000000000, 74.00000000000000000, -108.0000000000000000 ) ) ;
#3907 = FACE_OUTER_BOUND ( 'NONE', #922, .T. ) ;
#3908 = ORIENTED_EDGE ( 'NONE', *, *, #688, .F. ) ;
#3909 = CARTESIAN_POINT ( 'NONE',  ( -58.99999999999999289, -81.99999999999998579, -108.5967999999999449 ) ) ;
#3910 = VECTOR ( 'NONE', #2837, 1000.000000000000000 ) ;
#3911 = LINE ( 'NONE', #1946, #1758 ) ;
#3912 = DIRECTION ( 'NONE',  ( -1.000000000000000000, -0.000000000000000000, -0.000000000000000000 ) ) ;
#3913 = DIRECTION ( 'NONE',  ( 1.000000000000000000, 0.000000000000000000, 0.000000000000000000 ) ) ;
#3914 = VECTOR ( 'NONE', #2341, 1000.000000000000000 ) ;
#3915 = CARTESIAN_POINT ( 'NONE',  ( -64.00000000000000000, -74.00000000000001421, -146.0000000000000000 ) ) ;
#3916 = ORIENTED_EDGE ( 'NONE', *, *, #4107, .T. ) ;
#3917 = CARTESIAN_POINT ( 'NONE',  ( 34.55525999999999698, 110.8024999999999949, -177.6180954499999984 ) ) ;
#3918 = EDGE_LOOP ( 'NONE', ( #4054, #7574, #8151, #2974 ) ) ;
#3919 = CARTESIAN_POINT ( 'NONE',  ( 44.55499999999999972, 44.40299999999999869, -177.6180954499999984 ) ) ;
#3920 = AXIS2_PLACEMENT_3D ( 'NONE', #6382, #5165, #4471 ) ;
#3921 = EDGE_CURVE ( 'NONE', #7223, #1889, #3403, .T. ) ;
#3922 = CARTESIAN_POINT ( 'NONE',  ( 19.50000000000000000, -49.20000000000000284, -165.6180954499999700 ) ) ;
#3923 = ORIENTED_EDGE ( 'NONE', *, *, #1526, .F. ) ;
#3924 = PLANE ( 'NONE',  #473 ) ;
#3925 = ORIENTED_EDGE ( 'NONE', *, *, #1065, .T. ) ;
#3926 = VECTOR ( 'NONE', #1282, 1000.000000000000114 ) ;
#3927 = EDGE_LOOP ( 'NONE', ( #2288, #234, #7314, #373 ) ) ;
#3928 = VECTOR ( 'NONE', #2111, 1000.000000000000000 ) ;
#3929 = EDGE_CURVE ( 'NONE', #2312, #4790, #6748, .T. ) ;
#3930 = ORIENTED_EDGE ( 'NONE', *, *, #210, .T. ) ;
#3931 = EDGE_CURVE ( 'NONE', #10, #4444, #1486, .T. ) ;
#3932 = ORIENTED_EDGE ( 'NONE', *, *, #125, .F. ) ;
#3933 = DIRECTION ( 'NONE',  ( 0.000000000000000000, 0.000000000000000000, -1.000000000000000000 ) ) ;
#3934 = VECTOR ( 'NONE', #3886, 1000.000000000000000 ) ;
#3935 = CARTESIAN_POINT ( 'NONE',  ( -26.50186437626909708, 98.00000000000000000, -123.2000000000000028 ) ) ;
#3936 = LINE ( 'NONE', #2014, #6277 ) ;
#3937 = DIRECTION ( 'NONE',  ( -0.7071067811865469066, -0.7071067811865482389, 0.000000000000000000 ) ) ;
#3938 = ORIENTED_EDGE ( 'NONE', *, *, #4032, .F. ) ;
#3939 = ORIENTED_EDGE ( 'NONE', *, *, #7392, .F. ) ;
#3940 = EDGE_CURVE ( 'NONE', #7722, #4938, #2180, .T. ) ;
#3941 = EDGE_CURVE ( 'NONE', #5968, #3141, #711, .T. ) ;
#3942 = LINE ( 'NONE', #1978, #1459 ) ;
#3943 = AXIS2_PLACEMENT_3D ( 'NONE', #1139, #7138, #7048 ) ;
#3944 = APPLICATION_CONTEXT ( 'configuration controlled 3d designs of mechanical parts and assemblies' ) ;
#3945 = CARTESIAN_POINT ( 'NONE',  ( -30.03739828220182773, -62.65851158618024641, -124.6644660940672651 ) ) ;
#3946 = LINE ( 'NONE', #1293, #8031 ) ;
#3947 = ORIENTED_EDGE ( 'NONE', *, *, #762, .F. ) ;
#3948 = ORIENTED_EDGE ( 'NONE', *, *, #750, .T. ) ;
#3949 = CARTESIAN_POINT ( 'NONE',  ( -110.0000000000000000, -60.00000000000000000, -183.6180954499999984 ) ) ;
#3950 = CARTESIAN_POINT ( 'NONE',  ( -83.60000000000000853, 83.60000000000000853, -191.6180954499999984 ) ) ;
#3951 = DIRECTION ( 'NONE',  ( -0.7071067811865474617, 0.7071067811865474617, 0.000000000000000000 ) ) ;
#3952 = ORIENTED_EDGE ( 'NONE', *, *, #3891, .F. ) ;
#3953 = LINE ( 'NONE', #84, #644 ) ;
#3954 = DIRECTION ( 'NONE',  ( 0.000000000000000000, 0.000000000000000000, -1.000000000000000000 ) ) ;
#3955 = FACE_OUTER_BOUND ( 'NONE', #4102, .T. ) ;
#3956 = LINE ( 'NONE', #2518, #5162 ) ;
#3957 = LINE ( 'NONE', #6777, #7556 ) ;
#3958 = CARTESIAN_POINT ( 'NONE',  ( -13.00000000000000000, -74.00000000000001421, -123.2000000000000028 ) ) ;
#3959 = VERTEX_POINT ( 'NONE', #1359 ) ;
#3960 = DIRECTION ( 'NONE',  ( 0.000000000000000000, 0.000000000000000000, -1.000000000000000000 ) ) ;
#3961 = AXIS2_PLACEMENT_3D ( 'NONE', #2600, #7421, #3951 ) ;
#3962 = DIRECTION ( 'NONE',  ( 0.000000000000000000, 0.000000000000000000, 1.000000000000000000 ) ) ;
#3963 = ORIENTED_EDGE ( 'NONE', *, *, #3143, .T. ) ;
#3964 = CARTESIAN_POINT ( 'NONE',  ( 86.00000000000000000, -32.00000000000000000, -183.6180954499999984 ) ) ;
#3965 = ORIENTED_EDGE ( 'NONE', *, *, #1812, .T. ) ;
#3966 = ORIENTED_EDGE ( 'NONE', *, *, #2067, .F. ) ;
#3967 = AXIS2_PLACEMENT_3D ( 'NONE', #2232, #8278, #846 ) ;
#3968 = VERTEX_POINT ( 'NONE', #3359 ) ;
#3969 = ORIENTED_EDGE ( 'NONE', *, *, #117, .T. ) ;
#3970 = PLANE ( 'NONE',  #4282 ) ;
#3971 = VECTOR ( 'NONE', #6028, 1000.000000000000000 ) ;
#3972 = ADVANCED_FACE ( 'NONE', ( #2264 ), #4268, .F. ) ;
#3973 = DIRECTION ( 'NONE',  ( -0.6196442885790209854, 0.000000000000000000, -0.7848827655334259523 ) ) ;
#3974 = DIRECTION ( 'NONE',  ( 0.7071067811865474617, -0.7071067811865474617, 0.000000000000000000 ) ) ;
#3975 = LINE ( 'NONE', #1285, #3235 ) ;
#3976 = ORIENTED_EDGE ( 'NONE', *, *, #3518, .T. ) ;
#3977 = ORIENTED_EDGE ( 'NONE', *, *, #2925, .F. ) ;
#3978 = CARTESIAN_POINT ( 'NONE',  ( -72.00000000000000000, 10.00000000000000000, -90.20148000000000366 ) ) ;
#3979 = CIRCLE ( 'NONE', #4119, 5.000000000000004441 ) ;
#3980 = ADVANCED_FACE ( 'NONE', ( #1701 ), #1742, .T. ) ;
#3981 = ADVANCED_FACE ( 'NONE', ( #2351 ), #4310, .T. ) ;
#3982 = FACE_OUTER_BOUND ( 'NONE', #600, .T. ) ;
#3983 = LINE ( 'NONE', #4024, #2609 ) ;
#3984 = ORIENTED_EDGE ( 'NONE', *, *, #7770, .T. ) ;
#3985 = EDGE_CURVE ( 'NONE', #7528, #2964, #6407, .T. ) ;
#3986 = VECTOR ( 'NONE', #6295, 1000.000000000000000 ) ;
#3987 = ORIENTED_EDGE ( 'NONE', *, *, #5564, .T. ) ;
#3988 = LINE ( 'NONE', #80, #465 ) ;
#3989 = CARTESIAN_POINT ( 'NONE',  ( -69.00000000000000000, 25.00000000000000000, -86.20148000000000366 ) ) ;
#3990 = LINE ( 'NONE', #82, #2243 ) ;
#3991 = ORIENTED_EDGE ( 'NONE', *, *, #5905, .T. ) ;
#3992 = CARTESIAN_POINT ( 'NONE',  ( -72.00000000000000000, -10.00000000000000000, -92.20148000000000366 ) ) ;
#3993 = AXIS2_PLACEMENT_3D ( 'NONE', #7996, #4563, #7952 ) ;
#3994 = CARTESIAN_POINT ( 'NONE',  ( 0.000000000000000000, 121.2000000000000028, -165.6180954499999700 ) ) ;
#3995 = PLANE ( 'NONE',  #7745 ) ;
#3996 = ADVANCED_FACE ( 'NONE', ( #3658 ), #7703, .T. ) ;
#3997 = ADVANCED_FACE ( 'NONE', ( #7575 ), #2220, .F. ) ;
#3998 = DIRECTION ( 'NONE',  ( -0.7071067811865474617, -0.7071067811865474617, 0.000000000000000000 ) ) ;
#3999 = AXIS2_PLACEMENT_3D ( 'NONE', #8084, #8123, #4815 ) ;
#4000 = CARTESIAN_POINT ( 'NONE',  ( -57.00000000000000000, 98.00000000000000000, -102.7459999999999951 ) ) ;
#4001 = DIRECTION ( 'NONE',  ( -0.000000000000000000, -1.000000000000000000, -0.000000000000000000 ) ) ;
#4002 = ORIENTED_EDGE ( 'NONE', *, *, #4356, .T. ) ;
#4003 = LINE ( 'NONE', #7805, #5782 ) ;
#4004 = CARTESIAN_POINT ( 'NONE',  ( -28.57293218813455837, -62.65851158618024641, -123.2000000000000028 ) ) ;
#4005 =( GEOMETRIC_REPRESENTATION_CONTEXT ( 3 ) GLOBAL_UNCERTAINTY_ASSIGNED_CONTEXT ( ( #3498 ) ) GLOBAL_UNIT_ASSIGNED_CONTEXT ( ( #6101, #761, #2053 ) ) REPRESENTATION_CONTEXT ( 'NONE', 'WORKASPACE' ) );
#4006 = DIRECTION ( 'NONE',  ( 0.000000000000000000, 0.000000000000000000, 1.000000000000000000 ) ) ;
#4007 = ORIENTED_EDGE ( 'NONE', *, *, #7393, .T. ) ;
#4008 = DIRECTION ( 'NONE',  ( 0.000000000000000000, -0.000000000000000000, -1.000000000000000000 ) ) ;
#4009 = VERTEX_POINT ( 'NONE', #4964 ) ;
#4010 = ORIENTED_EDGE ( 'NONE', *, *, #319, .F. ) ;
#4011 = LINE ( 'NONE', #8101, #1268 ) ;
#4012 = ORIENTED_EDGE ( 'NONE', *, *, #3929, .T. ) ;
#4013 = ORIENTED_EDGE ( 'NONE', *, *, #6922, .T. ) ;
#4014 = VERTEX_POINT ( 'NONE', #8314 ) ;
#4015 = LINE ( 'NONE', #2752, #2198 ) ;
#4016 = CARTESIAN_POINT ( 'NONE',  ( -47.00000000000000000, 118.2000000000000028, -165.5180954499999757 ) ) ;
#4017 = CARTESIAN_POINT ( 'NONE',  ( -90.00000000000000000, -36.00000000000000000, -183.5180954499999757 ) ) ;
#4018 = DIRECTION ( 'NONE',  ( -0.000000000000000000, 0.000000000000000000, 1.000000000000000000 ) ) ;
#4019 = ORIENTED_EDGE ( 'NONE', *, *, #1232, .F. ) ;
#4020 = ORIENTED_EDGE ( 'NONE', *, *, #4950, .F. ) ;
#4021 = CARTESIAN_POINT ( 'NONE',  ( 31.00000000000000000, -32.00000000000000000, -50.00000000000000000 ) ) ;
#4022 = ORIENTED_EDGE ( 'NONE', *, *, #5694, .T. ) ;
#4023 = DIRECTION ( 'NONE',  ( 0.7071067811865474617, -0.7071067811865474617, 0.000000000000000000 ) ) ;
#4024 = CARTESIAN_POINT ( 'NONE',  ( 76.85000000000000853, -76.85000000000000853, -191.6180954499999984 ) ) ;
#4025 = ORIENTED_EDGE ( 'NONE', *, *, #6550, .T. ) ;
#4026 = ORIENTED_EDGE ( 'NONE', *, *, #5411, .F. ) ;
#4027 = ADVANCED_FACE ( 'NONE', ( #3054 ), #275, .T. ) ;
#4028 = EDGE_CURVE ( 'NONE', #6187, #5271, #8226, .T. ) ;
#4029 = FACE_OUTER_BOUND ( 'NONE', #229, .T. ) ;
#4030 = CARTESIAN_POINT ( 'NONE',  ( 1.099999999999999201, 1.099999999999999201, -165.6180954499999700 ) ) ;
#4031 = CARTESIAN_POINT ( 'NONE',  ( -57.84499999999999886, -44.40299999999999869, -165.6180954499999700 ) ) ;
#4032 = EDGE_CURVE ( 'NONE', #3623, #5315, #3008, .T. ) ;
#4033 = EDGE_CURVE ( 'NONE', #4897, #7149, #3577, .T. ) ;
#4034 = VERTEX_POINT ( 'NONE', #3616 ) ;
#4035 = DIRECTION ( 'NONE',  ( 0.7071067811865469066, -0.7071067811865482389, 0.000000000000000000 ) ) ;
#4036 = FACE_OUTER_BOUND ( 'NONE', #1116, .T. ) ;
#4037 = PLANE ( 'NONE',  #6767 ) ;
#4038 = VECTOR ( 'NONE', #5265, 1000.000000000000000 ) ;
#4039 = CARTESIAN_POINT ( 'NONE',  ( 35.60000000000000142, -35.60000000000000142, -165.6180954499999700 ) ) ;
#4040 = DIRECTION ( 'NONE',  ( 0.7071067811865474617, 0.000000000000000000, 0.7071067811865474617 ) ) ;
#4041 = PLANE ( 'NONE',  #5436 ) ;
#4042 = VECTOR ( 'NONE', #1676, 1000.000000000000000 ) ;
#4043 = ORIENTED_EDGE ( 'NONE', *, *, #6531, .T. ) ;
#4044 = EDGE_CURVE ( 'NONE', #2612, #1882, #1053, .T. ) ;
#4045 = ADVANCED_FACE ( 'NONE', ( #7620 ), #4225, .T. ) ;
#4046 = FACE_OUTER_BOUND ( 'NONE', #4308, .T. ) ;
#4047 = LINE ( 'NONE', #3228, #2465 ) ;
#4048 = VECTOR ( 'NONE', #3368, 1000.000000000000000 ) ;
#4049 = VECTOR ( 'NONE', #5959, 1000.000000000000000 ) ;
#4050 = CYLINDRICAL_SURFACE ( 'NONE', #2087, 5.000000000000004441 ) ;
#4051 = ORIENTED_EDGE ( 'NONE', *, *, #5696, .T. ) ;
#4052 = PLANE ( 'NONE',  #2537 ) ;
#4053 = ORIENTED_EDGE ( 'NONE', *, *, #3612, .F. ) ;
#4054 = ORIENTED_EDGE ( 'NONE', *, *, #5355, .T. ) ;
#4055 = DIRECTION ( 'NONE',  ( 1.000000000000000000, 0.000000000000000000, 0.000000000000000000 ) ) ;
#4056 = ORIENTED_EDGE ( 'NONE', *, *, #6521, .F. ) ;
#4057 = ORIENTED_EDGE ( 'NONE', *, *, #7482, .F. ) ;
#4058 = VECTOR ( 'NONE', #4430, 1000.000000000000114 ) ;
#4059 = LINE ( 'NONE', #6663, #2754 ) ;
#4060 = LINE ( 'NONE', #8191, #6017 ) ;
#4061 = VECTOR ( 'NONE', #2712, 1000.000000000000000 ) ;
#4062 = DIRECTION ( 'NONE',  ( 0.000000000000000000, 0.000000000000000000, 1.000000000000000000 ) ) ;
#4063 = DIRECTION ( 'NONE',  ( 0.000000000000000000, 0.000000000000000000, -1.000000000000000000 ) ) ;
#4064 = ORIENTED_EDGE ( 'NONE', *, *, #4044, .T. ) ;
#4065 = VERTEX_POINT ( 'NONE', #6266 ) ;
#4066 = DIRECTION ( 'NONE',  ( 0.000000000000000000, -1.000000000000000000, 0.000000000000000000 ) ) ;
#4067 = DIRECTION ( 'NONE',  ( 1.000000000000000000, 0.000000000000000000, 0.000000000000000000 ) ) ;
#4068 = ORIENTED_EDGE ( 'NONE', *, *, #6595, .T. ) ;
#4069 = DIRECTION ( 'NONE',  ( 0.000000000000000000, -1.000000000000000000, 0.000000000000000000 ) ) ;
#4070 = VECTOR ( 'NONE', #6575, 1000.000000000000000 ) ;
#4071 = CARTESIAN_POINT ( 'NONE',  ( 33.50000000000000000, 118.2000000000000028, -191.6180954499999984 ) ) ;
#4072 = ORIENTED_EDGE ( 'NONE', *, *, #6898, .T. ) ;
#4073 = CARTESIAN_POINT ( 'NONE',  ( -33.00000000000000000, -51.20000000000000284, -165.5180954499999757 ) ) ;
#4074 = VECTOR ( 'NONE', #5734, 1000.000000000000000 ) ;
#4075 = FACE_OUTER_BOUND ( 'NONE', #204, .T. ) ;
#4076 = CARTESIAN_POINT ( 'NONE',  ( -47.00000000000000000, -120.2000000000000028, -191.6180954499999984 ) ) ;
#4077 = ORIENTED_EDGE ( 'NONE', *, *, #4881, .F. ) ;
#4078 = LINE ( 'NONE', #1426, #8135 ) ;
#4079 = EDGE_CURVE ( 'NONE', #1534, #2003, #2965, .T. ) ;
#4080 = CARTESIAN_POINT ( 'NONE',  ( -102.0000000000000142, 24.00000000000000000, -183.6180954499999984 ) ) ;
#4081 = LINE ( 'NONE', #6730, #5663 ) ;
#4082 = AXIS2_PLACEMENT_3D ( 'NONE', #6678, #7255, #610 ) ;
#4083 = EDGE_CURVE ( 'NONE', #1146, #8312, #2395, .T. ) ;
#4084 = EDGE_CURVE ( 'NONE', #5526, #3594, #4397, .T. ) ;
#4085 = CARTESIAN_POINT ( 'NONE',  ( 50.00000000000000000, -40.00000000000000711, -183.6180954499999984 ) ) ;
#4086 = CARTESIAN_POINT ( 'NONE',  ( -14.97348886532344103, -98.00000000000000000, -102.5294888653234295 ) ) ;
#4087 = ORIENTED_EDGE ( 'NONE', *, *, #2645, .F. ) ;
#4088 = ADVANCED_FACE ( 'NONE', ( #8268 ), #1229, .F. ) ;
#4089 = DIRECTION ( 'NONE',  ( -0.000000000000000000, -0.000000000000000000, -1.000000000000000000 ) ) ;
#4090 = EDGE_CURVE ( 'NONE', #4885, #5937, #7186, .T. ) ;
#4091 = DIRECTION ( 'NONE',  ( -1.000000000000000000, 0.000000000000000000, 0.000000000000000000 ) ) ;
#4092 = EDGE_CURVE ( 'NONE', #5181, #3405, #1263, .T. ) ;
#4093 = CARTESIAN_POINT ( 'NONE',  ( -47.00000000000000000, 51.20000000000000284, -165.5180954499999757 ) ) ;
#4094 = EDGE_CURVE ( 'NONE', #2048, #7026, #3226, .T. ) ;
#4095 = ORIENTED_EDGE ( 'NONE', *, *, #4774, .T. ) ;
#4096 = CARTESIAN_POINT ( 'NONE',  ( 20.50000000000000000, 121.2000000000000028, -191.6180954499999984 ) ) ;
#4097 = VERTEX_POINT ( 'NONE', #620 ) ;
#4098 = ORIENTED_EDGE ( 'NONE', *, *, #2596, .T. ) ;
#4099 = DIRECTION ( 'NONE',  ( -0.000000000000000000, -0.000000000000000000, 1.000000000000000000 ) ) ;
#4100 = VERTEX_POINT ( 'NONE', #3836 ) ;
#4101 = ORIENTED_EDGE ( 'NONE', *, *, #8556, .T. ) ;
#4102 = EDGE_LOOP ( 'NONE', ( #3575, #3932, #3108, #161 ) ) ;
#4103 = VECTOR ( 'NONE', #2203, 1000.000000000000000 ) ;
#4104 = CARTESIAN_POINT ( 'NONE',  ( 90.00000000000000000, 37.00000000000000000, -191.6180954499999984 ) ) ;
#4105 = ADVANCED_FACE ( 'NONE', ( #451 ), #1951, .T. ) ;
#4106 = CARTESIAN_POINT ( 'NONE',  ( -57.84499999999999886, -124.8029999999999973, -177.6180954499999984 ) ) ;
#4107 = EDGE_CURVE ( 'NONE', #5104, #1882, #1142, .T. ) ;
#4108 = VECTOR ( 'NONE', #8239, 1000.000000000000000 ) ;
#4109 = CARTESIAN_POINT ( 'NONE',  ( 19.50000000000000000, -118.2000000000000028, -165.5180954499999757 ) ) ;
#4110 = VERTEX_POINT ( 'NONE', #5136 ) ;
#4111 = ORIENTED_EDGE ( 'NONE', *, *, #492, .F. ) ;
#4112 = LINE ( 'NONE', #892, #5775 ) ;
#4113 = VERTEX_POINT ( 'NONE', #7790 ) ;
#4114 = CARTESIAN_POINT ( 'NONE',  ( -88.00000000000000000, 24.00000000000000000, -92.20148000000000366 ) ) ;
#4115 = VECTOR ( 'NONE', #1330, 1000.000000000000114 ) ;
#4116 = DIRECTION ( 'NONE',  ( 0.000000000000000000, -1.000000000000000000, 0.000000000000000000 ) ) ;
#4117 = VERTEX_POINT ( 'NONE', #4529 ) ;
#4118 = LINE ( 'NONE', #900, #5732 ) ;
#4119 = AXIS2_PLACEMENT_3D ( 'NONE', #6390, #6999, #7783 ) ;
#4120 = LINE ( 'NONE', #4161, #1682 ) ;
#4121 = PLANE ( 'NONE',  #7714 ) ;
#4122 = ORIENTED_EDGE ( 'NONE', *, *, #6472, .F. ) ;
#4123 = CARTESIAN_POINT ( 'NONE',  ( 20.50000000000000000, -117.2000000000000028, -165.5180954499999757 ) ) ;
#4124 = PLANE ( 'NONE',  #5788 ) ;
#4125 = LINE ( 'NONE', #6167, #3451 ) ;
#4126 = VECTOR ( 'NONE', #4131, 1000.000000000000114 ) ;
#4127 = CARTESIAN_POINT ( 'NONE',  ( -64.00000000000000000, -74.00000000000001421, -146.0000000000000000 ) ) ;
#4128 = CARTESIAN_POINT ( 'NONE',  ( -88.00000000000000000, -24.00000000000000000, -99.20148000000000366 ) ) ;
#4129 = AXIS2_PLACEMENT_3D ( 'NONE', #3091, #443, #531 ) ;
#4130 = EDGE_LOOP ( 'NONE', ( #3667, #6974, #3274, #4853 ) ) ;
#4131 = DIRECTION ( 'NONE',  ( 0.7071067811865474617, -0.000000000000000000, 0.7071067811865474617 ) ) ;
#4132 = LINE ( 'NONE', #5476, #3850 ) ;
#4133 = CARTESIAN_POINT ( 'NONE',  ( 37.00000000000000000, -26.00000000000000000, -9.900000000000000355 ) ) ;
#4134 = AXIS2_PLACEMENT_3D ( 'NONE', #5860, #1250, #5244 ) ;
#4135 = FACE_OUTER_BOUND ( 'NONE', #6699, .T. ) ;
#4136 = ORIENTED_EDGE ( 'NONE', *, *, #7880, .F. ) ;
#4137 = ADVANCED_FACE ( 'NONE', ( #5875 ), #1917, .T. ) ;
#4138 = EDGE_CURVE ( 'NONE', #7325, #6109, #6524, .T. ) ;
#4139 = FACE_OUTER_BOUND ( 'NONE', #5929, .T. ) ;
#4140 = ORIENTED_EDGE ( 'NONE', *, *, #5517, .F. ) ;
#4141 = VERTEX_POINT ( 'NONE', #578 ) ;
#4142 = FACE_OUTER_BOUND ( 'NONE', #26, .T. ) ;
#4143 = VERTEX_POINT ( 'NONE', #7877 ) ;
#4144 = VERTEX_POINT ( 'NONE', #4488 ) ;
#4145 = VECTOR ( 'NONE', #2494, 1000.000000000000114 ) ;
#4146 = EDGE_CURVE ( 'NONE', #7547, #2312, #8533, .T. ) ;
#4147 = ADVANCED_FACE ( 'NONE', ( #1829 ), #5095, .F. ) ;
#4148 = DIRECTION ( 'NONE',  ( -0.000000000000000000, -0.000000000000000000, -1.000000000000000000 ) ) ;
#4149 = CARTESIAN_POINT ( 'NONE',  ( -61.84499999999999886, 120.8029999999999973, -183.6180954499999984 ) ) ;
#4150 = CARTESIAN_POINT ( 'NONE',  ( -52.10000000000001563, 98.00000000000000000, -102.7459999999999951 ) ) ;
#4151 = VERTEX_POINT ( 'NONE', #7749 ) ;
#4152 = VERTEX_POINT ( 'NONE', #5750 ) ;
#4153 = ORIENTED_EDGE ( 'NONE', *, *, #5839, .F. ) ;
#4154 = CARTESIAN_POINT ( 'NONE',  ( -102.2500000000000142, 16.00000000000000000, 122.3119090000000142 ) ) ;
#4155 = ORIENTED_EDGE ( 'NONE', *, *, #7121, .T. ) ;
#4156 = EDGE_CURVE ( 'NONE', #5756, #6964, #7224, .T. ) ;
#4157 = CARTESIAN_POINT ( 'NONE',  ( -102.0000000000000142, 60.00000000000000000, -183.6180954499999984 ) ) ;
#4158 = DIRECTION ( 'NONE',  ( -0.000000000000000000, -1.000000000000000000, -0.000000000000000000 ) ) ;
#4159 = VERTEX_POINT ( 'NONE', #2523 ) ;
#4160 = CARTESIAN_POINT ( 'NONE',  ( -110.0000000000000000, 125.0000000000000000, -183.6180954499999984 ) ) ;
#4161 = CARTESIAN_POINT ( 'NONE',  ( -14.97348886532344103, -74.00000000000001421, -102.5294888653234295 ) ) ;
#4162 = LINE ( 'NONE', #4329, #2290 ) ;
#4163 = ORIENTED_EDGE ( 'NONE', *, *, #1170, .F. ) ;
#4164 = PLANE ( 'NONE',  #7162 ) ;
#4165 = FACE_OUTER_BOUND ( 'NONE', #7052, .T. ) ;
#4166 = FACE_OUTER_BOUND ( 'NONE', #3204, .T. ) ;
#4167 = PLANE ( 'NONE',  #5185 ) ;
#4168 = CARTESIAN_POINT ( 'NONE',  ( 35.60000000000000142, 35.60000000000000142, -165.6180954499999700 ) ) ;
#4169 = VERTEX_POINT ( 'NONE', #4443 ) ;
#4170 = CARTESIAN_POINT ( 'NONE',  ( -49.00000000000000000, 25.00000000000000000, -92.20148000000000366 ) ) ;
#4171 = FACE_OUTER_BOUND ( 'NONE', #3357, .T. ) ;
#4172 = DIRECTION ( 'NONE',  ( 0.000000000000000000, 1.000000000000000000, 0.000000000000000000 ) ) ;
#4173 = DIRECTION ( 'NONE',  ( -0.000000000000000000, -0.000000000000000000, -1.000000000000000000 ) ) ;
#4174 = CARTESIAN_POINT ( 'NONE',  ( 0.000000000000000000, -74.00000000000001421, 0.000000000000000000 ) ) ;
#4175 = PLANE ( 'NONE',  #8529 ) ;
#4176 = ORIENTED_EDGE ( 'NONE', *, *, #1812, .F. ) ;
#4177 = ORIENTED_EDGE ( 'NONE', *, *, #4203, .T. ) ;
#4178 = CARTESIAN_POINT ( 'NONE',  ( -52.10000000000001563, 98.00000000000000000, -102.7459999999999951 ) ) ;
#4179 = ORIENTED_EDGE ( 'NONE', *, *, #3339, .T. ) ;
#4180 = VERTEX_POINT ( 'NONE', #3917 ) ;
#4181 = VECTOR ( 'NONE', #880, 1000.000000000000000 ) ;
#4182 = ADVANCED_FACE ( 'NONE', ( #2434 ), #5920, .T. ) ;
#4183 = COORDINATED_UNIVERSAL_TIME_OFFSET ( 8, 0, .AHEAD. ) ;
#4184 = CARTESIAN_POINT ( 'NONE',  ( -105.0000000000000000, -7.000000000000000000, 124.2119090000000057 ) ) ;
#4185 = ORIENTED_EDGE ( 'NONE', *, *, #1012, .T. ) ;
#4186 = EDGE_CURVE ( 'NONE', #5395, #7023, #7916, .T. ) ;
#4187 = EDGE_CURVE ( 'NONE', #3761, #1669, #1787, .T. ) ;
#4188 = CARTESIAN_POINT ( 'NONE',  ( 34.35000000000000142, -34.35000000000000142, -165.6180954499999700 ) ) ;
#4189 = VERTEX_POINT ( 'NONE', #6778 ) ;
#4190 = AXIS2_PLACEMENT_3D ( 'NONE', #6328, #5023, #379 ) ;
#4191 = ORIENTED_EDGE ( 'NONE', *, *, #6320, .F. ) ;
#4192 = AXIS2_PLACEMENT_3D ( 'NONE', #7216, #4557, #7128 ) ;
#4193 = ORIENTED_EDGE ( 'NONE', *, *, #3207, .F. ) ;
#4194 = CARTESIAN_POINT ( 'NONE',  ( -14.97348886532344281, 82.00000000000000000, -102.5294888653234295 ) ) ;
#4195 = ORIENTED_EDGE ( 'NONE', *, *, #2238, .F. ) ;
#4196 = ORIENTED_EDGE ( 'NONE', *, *, #6480, .F. ) ;
#4197 = LINE ( 'NONE', #3464, #3420 ) ;
#4198 = CARTESIAN_POINT ( 'NONE',  ( -68.00000000000000000, 5.000000000000000000, -90.20148000000000366 ) ) ;
#4199 = VECTOR ( 'NONE', #1337, 1000.000000000000114 ) ;
#4200 = VERTEX_POINT ( 'NONE', #4819 ) ;
#4201 = EDGE_CURVE ( 'NONE', #8575, #3272, #1308, .T. ) ;
#4202 = CARTESIAN_POINT ( 'NONE',  ( -110.0000000000000000, -125.0000000000000000, -183.6180954499999984 ) ) ;
#4203 = EDGE_CURVE ( 'NONE', #3013, #3727, #700, .T. ) ;
#4204 = CARTESIAN_POINT ( 'NONE',  ( -52.00000000000000000, -81.99999999999998579, -102.7459999999999951 ) ) ;
#4205 = CARTESIAN_POINT ( 'NONE',  ( 48.55499999999999972, -120.8029999999999973, -177.6180954499999984 ) ) ;
#4206 = DIRECTION ( 'NONE',  ( 0.000000000000000000, 0.000000000000000000, 1.000000000000000000 ) ) ;
#4207 = VECTOR ( 'NONE', #8330, 1000.000000000000000 ) ;
#4208 = ORIENTED_EDGE ( 'NONE', *, *, #1704, .T. ) ;
#4209 = DIRECTION ( 'NONE',  ( 0.000000000000000000, 0.000000000000000000, -1.000000000000000000 ) ) ;
#4210 = FACE_OUTER_BOUND ( 'NONE', #1685, .T. ) ;
#4211 = CARTESIAN_POINT ( 'NONE',  ( 30.00000000000000000, 32.00000000000000000, -115.0000000000000000 ) ) ;
#4212 = AXIS2_PLACEMENT_3D ( 'NONE', #2141, #8107, #2753 ) ;
#4213 = VECTOR ( 'NONE', #5186, 1000.000000000000000 ) ;
#4214 = FACE_OUTER_BOUND ( 'NONE', #5529, .T. ) ;
#4215 = CARTESIAN_POINT ( 'NONE',  ( -33.64500000000000313, -74.00000000000001421, -121.2009999999999934 ) ) ;
#4216 = ORIENTED_EDGE ( 'NONE', *, *, #1692, .F. ) ;
#4217 = LINE ( 'NONE', #787, #6905 ) ;
#4218 = AXIS2_PLACEMENT_3D ( 'NONE', #3, #3432, #7999 ) ;
#4219 = DIRECTION ( 'NONE',  ( 0.000000000000000000, -0.000000000000000000, 1.000000000000000000 ) ) ;
#4220 = DIRECTION ( 'NONE',  ( 0.000000000000000000, 0.000000000000000000, -1.000000000000000000 ) ) ;
#4221 = LINE ( 'NONE', #6393, #7793 ) ;
#4222 = CARTESIAN_POINT ( 'NONE',  ( -28.57293218813455837, 98.00000000000000000, -123.2000000000000028 ) ) ;
#4223 = VERTEX_POINT ( 'NONE', #6650 ) ;
#4224 = ORIENTED_EDGE ( 'NONE', *, *, #6004, .T. ) ;
#4225 = PLANE ( 'NONE',  #6959 ) ;
#4226 = ORIENTED_EDGE ( 'NONE', *, *, #1478, .F. ) ;
#4227 = ORIENTED_EDGE ( 'NONE', *, *, #6795, .T. ) ;
#4228 = LINE ( 'NONE', #2927, #7688 ) ;
#4229 = ORIENTED_EDGE ( 'NONE', *, *, #4669, .T. ) ;
#4230 = FACE_OUTER_BOUND ( 'NONE', #6676, .T. ) ;
#4231 = ORIENTED_EDGE ( 'NONE', *, *, #5250, .F. ) ;
#4232 = ORIENTED_EDGE ( 'NONE', *, *, #896, .T. ) ;
#4233 = VERTEX_POINT ( 'NONE', #1348 ) ;
#4234 = LINE ( 'NONE', #809, #2857 ) ;
#4235 = VERTEX_POINT ( 'NONE', #3345 ) ;
#4236 = DIRECTION ( 'NONE',  ( 0.7071067811865474617, 0.7071067811865474617, 0.000000000000000000 ) ) ;
#4237 = DIRECTION ( 'NONE',  ( -0.000000000000000000, -1.000000000000000000, -0.000000000000000000 ) ) ;
#4238 = VECTOR ( 'NONE', #3417, 1000.000000000000114 ) ;
#4239 = ORIENTED_EDGE ( 'NONE', *, *, #5041, .F. ) ;
#4240 = DIRECTION ( 'NONE',  ( -0.7071067811865474617, 0.7071067811865474617, 0.000000000000000000 ) ) ;
#4241 = CARTESIAN_POINT ( 'NONE',  ( 0.000000000000000000, 48.20000000000000284, -191.6180954499999984 ) ) ;
#4242 = ADVANCED_FACE ( 'NONE', ( #1471 ), #4041, .T. ) ;
#4243 = CARTESIAN_POINT ( 'NONE',  ( -102.0000000000000142, 25.00000000000000000, -92.20148000000000366 ) ) ;
#4244 = EDGE_CURVE ( 'NONE', #5063, #2890, #8045, .T. ) ;
#4245 = LINE ( 'NONE', #4857, #4103 ) ;
#4246 = VECTOR ( 'NONE', #2933, 1000.000000000000000 ) ;
#4247 = ORIENTED_EDGE ( 'NONE', *, *, #5900, .F. ) ;
#4248 = DIRECTION ( 'NONE',  ( 1.000000000000000000, 0.000000000000000000, 0.000000000000000000 ) ) ;
#4249 = ADVANCED_FACE ( 'NONE', ( #176 ), #6124, .T. ) ;
#4250 = LINE ( 'NONE', #6859, #3155 ) ;
#4251 = EDGE_CURVE ( 'NONE', #4143, #7225, #3433, .T. ) ;
#4252 = DIRECTION ( 'NONE',  ( -1.000000000000000000, 0.000000000000000000, 0.000000000000000000 ) ) ;
#4253 = VECTOR ( 'NONE', #247, 1000.000000000000000 ) ;
#4254 = PLANE ( 'NONE',  #747 ) ;
#4255 = FACE_OUTER_BOUND ( 'NONE', #5969, .T. ) ;
#4256 = ORIENTED_EDGE ( 'NONE', *, *, #4092, .F. ) ;
#4257 = DIRECTION ( 'NONE',  ( 0.000000000000000000, -1.000000000000000000, 0.000000000000000000 ) ) ;
#4258 = VECTOR ( 'NONE', #266, 1000.000000000000114 ) ;
#4259 = ADVANCED_FACE ( 'NONE', ( #1391 ), #2779, .F. ) ;
#4260 = DIRECTION ( 'NONE',  ( 0.000000000000000000, 0.000000000000000000, -1.000000000000000000 ) ) ;
#4261 = ADVANCED_FACE ( 'NONE', ( #5999, #2648 ), #6608, .F. ) ;
#4262 = DIRECTION ( 'NONE',  ( 0.000000000000000000, -1.000000000000000000, 0.000000000000000000 ) ) ;
#4263 = CARTESIAN_POINT ( 'NONE',  ( 31.00000000000000000, -20.00000000000000000, -10.00000000000000000 ) ) ;
#4264 = VECTOR ( 'NONE', #6255, 1000.000000000000000 ) ;
#4265 = DIRECTION ( 'NONE',  ( -1.000000000000000000, 0.000000000000000000, 0.000000000000000000 ) ) ;
#4266 = VERTEX_POINT ( 'NONE', #8087 ) ;
#4267 = VERTEX_POINT ( 'NONE', #663 ) ;
#4268 = PLANE ( 'NONE',  #5853 ) ;
#4269 = ORIENTED_EDGE ( 'NONE', *, *, #5888, .T. ) ;
#4270 = VECTOR ( 'NONE', #489, 1000.000000000000000 ) ;
#4271 = CARTESIAN_POINT ( 'NONE',  ( -33.64500000000001023, 62.65851158618023220, -128.2720678118654405 ) ) ;
#4272 = VERTEX_POINT ( 'NONE', #5471 ) ;
#4273 = DIRECTION ( 'NONE',  ( -0.000000000000000000, -1.000000000000000000, -0.000000000000000000 ) ) ;
#4274 = VERTEX_POINT ( 'NONE', #7390 ) ;
#4275 = EDGE_LOOP ( 'NONE', ( #7936, #1106, #276, #8275, #5690, #1450, #6680, #1017 ) ) ;
#4276 = AXIS2_PLACEMENT_3D ( 'NONE', #1981, #7940, #4635 ) ;
#4277 = ORIENTED_EDGE ( 'NONE', *, *, #431, .T. ) ;
#4278 = CARTESIAN_POINT ( 'NONE',  ( -40.78813562373094470, -90.00000000000000000, -123.2000000000000028 ) ) ;
#4279 = ORIENTED_EDGE ( 'NONE', *, *, #2977, .T. ) ;
#4280 = CARTESIAN_POINT ( 'NONE',  ( -40.78813562373094470, -81.99999999999998579, -123.2000000000000028 ) ) ;
#4281 = CARTESIAN_POINT ( 'NONE',  ( 86.00000000000000000, -32.00000000000000000, -171.6180954499999984 ) ) ;
#4282 = AXIS2_PLACEMENT_3D ( 'NONE', #1884, #5890, #7107 ) ;
#4283 = ORIENTED_EDGE ( 'NONE', *, *, #7760, .F. ) ;
#4284 = LINE ( 'NONE', #4854, #2940 ) ;
#4285 = CARTESIAN_POINT ( 'NONE',  ( -47.50140412403019496, -98.00000000000000000, -125.1017785571049217 ) ) ;
#4286 = DIRECTION ( 'NONE',  ( -0.7071067811865474617, 0.7071067811865474617, 0.000000000000000000 ) ) ;
#4287 = LINE ( 'NONE', #3511, #7015 ) ;
#4288 = ORIENTED_EDGE ( 'NONE', *, *, #2828, .F. ) ;
#4289 = LINE ( 'NONE', #7774, #1194 ) ;
#4290 = FACE_BOUND ( 'NONE', #7683, .T. ) ;
#4291 = LINE ( 'NONE', #346, #7751 ) ;
#4292 = EDGE_CURVE ( 'NONE', #2713, #5181, #2734, .T. ) ;
#4293 = EDGE_CURVE ( 'NONE', #5567, #1833, #2164, .T. ) ;
#4294 = PLANE ( 'NONE',  #4896 ) ;
#4295 = EDGE_CURVE ( 'NONE', #7158, #5325, #3308, .T. ) ;
#4296 = ORIENTED_EDGE ( 'NONE', *, *, #4292, .T. ) ;
#4297 = CARTESIAN_POINT ( 'NONE',  ( -57.84499999999999886, -124.8029999999999973, -177.6180954499999984 ) ) ;
#4298 = EDGE_CURVE ( 'NONE', #1636, #3378, #8000, .T. ) ;
#4299 = DIRECTION ( 'NONE',  ( -0.000000000000000000, -0.000000000000000000, -1.000000000000000000 ) ) ;
#4300 = ORIENTED_EDGE ( 'NONE', *, *, #269, .T. ) ;
#4301 = DIRECTION ( 'NONE',  ( -0.7071067811865474617, 0.7071067811865474617, -0.000000000000000000 ) ) ;
#4302 = DIRECTION ( 'NONE',  ( -0.9406622566364113425, 0.000000000000000000, -0.3393442484258342162 ) ) ;
#4303 = LINE ( 'NONE', #6954, #5241 ) ;
#4304 = LINE ( 'NONE', #1005, #8326 ) ;
#4305 = ADVANCED_FACE ( 'NONE', ( #4694 ), #4647, .F. ) ;
#4306 = LINE ( 'NONE', #921, #193 ) ;
#4307 = EDGE_CURVE ( 'NONE', #2964, #2919, #5389, .T. ) ;
#4308 = EDGE_LOOP ( 'NONE', ( #6365, #3506 ) ) ;
#4309 = ORIENTED_EDGE ( 'NONE', *, *, #966, .F. ) ;
#4310 = PLANE ( 'NONE',  #1544 ) ;
#4311 = VERTEX_POINT ( 'NONE', #6733 ) ;
#4312 = VECTOR ( 'NONE', #1311, 1000.000000000000000 ) ;
#4313 = DIRECTION ( 'NONE',  ( 0.000000000000000000, 0.000000000000000000, 1.000000000000000000 ) ) ;
#4314 = EDGE_LOOP ( 'NONE', ( #7907, #7889, #3484, #6618 ) ) ;
#4315 = LINE ( 'NONE', #5579, #7403 ) ;
#4316 = ORIENTED_EDGE ( 'NONE', *, *, #5010, .F. ) ;
#4317 = ORIENTED_EDGE ( 'NONE', *, *, #954, .F. ) ;
#4318 = ORIENTED_EDGE ( 'NONE', *, *, #1027, .T. ) ;
#4319 = FACE_OUTER_BOUND ( 'NONE', #5018, .T. ) ;
#4320 = ORIENTED_EDGE ( 'NONE', *, *, #952, .F. ) ;
#4321 = VECTOR ( 'NONE', #5158, 1000.000000000000000 ) ;
#4322 = CARTESIAN_POINT ( 'NONE',  ( -54.00000000000000000, 36.00000000000000000, -183.5180954499999757 ) ) ;
#4323 = DIRECTION ( 'NONE',  ( 0.7071067811865474617, 0.000000000000000000, 0.7071067811865474617 ) ) ;
#4324 = ORIENTED_EDGE ( 'NONE', *, *, #3238, .F. ) ;
#4325 = VECTOR ( 'NONE', #3522, 1000.000000000000000 ) ;
#4326 = DIRECTION ( 'NONE',  ( -0.000000000000000000, -0.000000000000000000, -1.000000000000000000 ) ) ;
#4327 = FACE_BOUND ( 'NONE', #6545, .T. ) ;
#4328 = DIRECTION ( 'NONE',  ( 1.000000000000000000, -0.000000000000000000, 0.000000000000000000 ) ) ;
#4329 = CARTESIAN_POINT ( 'NONE',  ( 33.50000000000000000, 51.20000000000000284, -165.5180954499999757 ) ) ;
#4330 = VERTEX_POINT ( 'NONE', #4086 ) ;
#4331 = LINE ( 'NONE', #8426, #2710 ) ;
#4332 = VECTOR ( 'NONE', #1252, 1000.000000000000114 ) ;
#4333 = DIRECTION ( 'NONE',  ( -0.000000000000000000, -0.000000000000000000, -1.000000000000000000 ) ) ;
#4334 = CARTESIAN_POINT ( 'NONE',  ( 32.50000000000000000, -52.20000000000000284, -165.5180954499999757 ) ) ;
#4335 = CARTESIAN_POINT ( 'NONE',  ( 35.75000000000000000, 26.00000000000000000, -10.00000000000000000 ) ) ;
#4336 = DIRECTION ( 'NONE',  ( 0.000000000000000000, 0.000000000000000000, -1.000000000000000000 ) ) ;
#4337 = VECTOR ( 'NONE', #7284, 1000.000000000000000 ) ;
#4338 = VERTEX_POINT ( 'NONE', #8258 ) ;
#4339 = FACE_OUTER_BOUND ( 'NONE', #495, .T. ) ;
#4340 = CARTESIAN_POINT ( 'NONE',  ( -102.0000000000000142, 24.00000000000000000, 110.0000000000000000 ) ) ;
#4341 = EDGE_CURVE ( 'NONE', #8232, #5187, #6301, .T. ) ;
#4342 = DIRECTION ( 'NONE',  ( 0.000000000000000000, -1.000000000000000000, 0.000000000000000000 ) ) ;
#4343 = CARTESIAN_POINT ( 'NONE',  ( -50.00000000000000000, 32.00000000000000000, -183.5180954499999757 ) ) ;
#4344 = FACE_OUTER_BOUND ( 'NONE', #3665, .T. ) ;
#4345 = AXIS2_PLACEMENT_3D ( 'NONE', #12, #2742, #2046 ) ;
#4346 = EDGE_CURVE ( 'NONE', #1961, #1496, #1687, .T. ) ;
#4347 = EDGE_CURVE ( 'NONE', #5672, #566, #3691, .T. ) ;
#4348 = LINE ( 'NONE', #8179, #5574 ) ;
#4349 = CARTESIAN_POINT ( 'NONE',  ( -110.0000000000000000, -24.00000000000000000, 122.2119089999999773 ) ) ;
#4350 = ORIENTED_EDGE ( 'NONE', *, *, #6966, .F. ) ;
#4351 = EDGE_LOOP ( 'NONE', ( #7972, #7943, #810, #1247 ) ) ;
#4353 = AXIS2_PLACEMENT_3D ( 'NONE', #8086, #7389, #2733 ) ;
#4352 = DIRECTION ( 'NONE',  ( -0.7071067811865475727, 0.7071067811865475727, 0.000000000000000000 ) ) ;
#4354 = EDGE_LOOP ( 'NONE', ( #7247, #770, #155, #5842, #2369, #6398, #2101, #4498 ) ) ;
#4355 = EDGE_CURVE ( 'NONE', #3834, #5364, #6345, .T. ) ;
#4356 = EDGE_CURVE ( 'NONE', #7488, #628, #6215, .T. ) ;
#4357 = ADVANCED_FACE ( 'NONE', ( #2909 ), #1647, .F. ) ;
#4358 = EDGE_CURVE ( 'NONE', #4366, #2048, #957, .T. ) ;
#4359 = AXIS2_PLACEMENT_3D ( 'NONE', #81, #690, #6639 ) ;
#4360 = CARTESIAN_POINT ( 'NONE',  ( -37.25260171779820695, 90.00000000000000000, -124.6644660940672509 ) ) ;
#4361 = ORIENTED_EDGE ( 'NONE', *, *, #5318, .T. ) ;
#4362 = CARTESIAN_POINT ( 'NONE',  ( -47.00000000000000000, -118.2000000000000028, -165.6180954499999700 ) ) ;
#4363 = VERTEX_POINT ( 'NONE', #4340 ) ;
#4364 = ORIENTED_EDGE ( 'NONE', *, *, #4422, .T. ) ;
#4365 = VERTEX_POINT ( 'NONE', #3646 ) ;
#4366 = VERTEX_POINT ( 'NONE', #6169 ) ;
#4367 = CARTESIAN_POINT ( 'NONE',  ( -105.0000000000000000, -130.0000000000000000, -183.6180954499999984 ) ) ;
#4368 = EDGE_CURVE ( 'NONE', #3791, #1333, #5651, .T. ) ;
#4369 = EDGE_CURVE ( 'NONE', #5128, #1636, #1044, .T. ) ;
#4370 = DIRECTION ( 'NONE',  ( -0.000000000000000000, -1.000000000000000000, -0.000000000000000000 ) ) ;
#4371 = CARTESIAN_POINT ( 'NONE',  ( -57.00000000000000000, 14.00000000000000000, -90.20148000000000366 ) ) ;
#4372 = CARTESIAN_POINT ( 'NONE',  ( -47.50140412403019496, 74.00000000000000000, -125.1017785571049217 ) ) ;
#4373 = DIRECTION ( 'NONE',  ( -0.01538279504320399539, 0.000000000000000000, -0.9998816778082587620 ) ) ;
#4374 = VERTEX_POINT ( 'NONE', #2255 ) ;
#4375 = CARTESIAN_POINT ( 'NONE',  ( -90.00000000000000000, 98.00000000000000000, -149.0000000000000000 ) ) ;
#4376 = CARTESIAN_POINT ( 'NONE',  ( -102.0000000000000142, 24.00000000000000000, -183.6180954499999984 ) ) ;
#4377 = EDGE_LOOP ( 'NONE', ( #2074, #114, #4629, #7091 ) ) ;
#4378 = PLANE ( 'NONE',  #4658 ) ;
#4379 = AXIS2_PLACEMENT_3D ( 'NONE', #5549, #254, #2856 ) ;
#4380 = DIRECTION ( 'NONE',  ( 0.000000000000000000, -1.000000000000000000, 0.000000000000000000 ) ) ;
#4381 = CARTESIAN_POINT ( 'NONE',  ( -99.75000000000000000, -16.00000000000000000, 122.3119090000000142 ) ) ;
#4382 = DIRECTION ( 'NONE',  ( 0.7071067811865474617, -0.7071067811865474617, 0.000000000000000000 ) ) ;
#4383 = DIRECTION ( 'NONE',  ( -1.000000000000000000, 0.000000000000000000, 0.000000000000000000 ) ) ;
#4384 = AXIS2_PLACEMENT_3D ( 'NONE', #5383, #3385, #1865 ) ;
#4385 = FACE_OUTER_BOUND ( 'NONE', #5980, .T. ) ;
#4386 = FACE_BOUND ( 'NONE', #6094, .T. ) ;
#4387 = EDGE_LOOP ( 'NONE', ( #1361, #7485, #3855, #1021, #1525, #6601, #6535, #7092, #712, #6594 ) ) ;
#4388 = CARTESIAN_POINT ( 'NONE',  ( -30.03739828220182773, 62.65851158618023220, -124.6644660940672651 ) ) ;
#4389 = PLANE ( 'NONE',  #2590 ) ;
#4390 = CARTESIAN_POINT ( 'NONE',  ( -105.0000000000000000, 7.000000000000000000, 124.2119090000000057 ) ) ;
#4391 = VECTOR ( 'NONE', #1025, 1000.000000000000000 ) ;
#4392 = PERSON_AND_ORGANIZATION_ROLE ( 'design_supplier' ) ;
#4393 = DIRECTION ( 'NONE',  ( 1.000000000000000000, -0.000000000000000000, 0.000000000000000000 ) ) ;
#4394 = FACE_OUTER_BOUND ( 'NONE', #2660, .T. ) ;
#4395 = ORIENTED_EDGE ( 'NONE', *, *, #426, .F. ) ;
#4396 = ORIENTED_EDGE ( 'NONE', *, *, #3468, .T. ) ;
#4397 = LINE ( 'NONE', #7051, #1278 ) ;
#4398 = AXIS2_PLACEMENT_3D ( 'NONE', #7652, #1779, #2344 ) ;
#4399 = ORIENTED_EDGE ( 'NONE', *, *, #7113, .F. ) ;
#4400 = VECTOR ( 'NONE', #1856, 1000.000000000000000 ) ;
#4401 = ADVANCED_FACE ( 'NONE', ( #8304 ), #4998, .T. ) ;
#4402 = ADVANCED_FACE ( 'NONE', ( #3564 ), #5555, .T. ) ;
#4403 = FACE_OUTER_BOUND ( 'NONE', #1277, .T. ) ;
#4404 = VERTEX_POINT ( 'NONE', #6252 ) ;
#4405 = DIRECTION ( 'NONE',  ( 0.000000000000000000, -0.000000000000000000, 1.000000000000000000 ) ) ;
#4406 = ORIENTED_EDGE ( 'NONE', *, *, #8448, .F. ) ;
#4407 = VERTEX_POINT ( 'NONE', #8345 ) ;
#4408 = EDGE_CURVE ( 'NONE', #4363, #2521, #2380, .T. ) ;
#4409 = ORIENTED_EDGE ( 'NONE', *, *, #5248, .T. ) ;
#4410 = EDGE_CURVE ( 'NONE', #2488, #827, #303, .T. ) ;
#4411 = LOCAL_TIME ( 18, 28, 50.00000000000000000, #5047 ) ;
#4412 = EDGE_LOOP ( 'NONE', ( #5938, #1360, #7198, #3803 ) ) ;
#4413 = VECTOR ( 'NONE', #2694, 1000.000000000000114 ) ;
#4414 = CARTESIAN_POINT ( 'NONE',  ( -51.00000000000000000, -25.00000000000000000, -86.20148000000000366 ) ) ;
#4415 = PLANE ( 'NONE',  #8456 ) ;
#4416 = ORIENTED_EDGE ( 'NONE', *, *, #2915, .T. ) ;
#4417 = VECTOR ( 'NONE', #3516, 1000.000000000000000 ) ;
#4418 = FACE_OUTER_BOUND ( 'NONE', #879, .T. ) ;
#4419 = LINE ( 'NONE', #3723, #3643 ) ;
#4420 = ORIENTED_EDGE ( 'NONE', *, *, #7113, .T. ) ;
#4421 = DIRECTION ( 'NONE',  ( 0.000000000000000000, 1.000000000000000000, 0.000000000000000000 ) ) ;
#4422 = EDGE_CURVE ( 'NONE', #2145, #5370, #2209, .T. ) ;
#4423 = DIRECTION ( 'NONE',  ( -0.7071067811865474617, 0.7071067811865474617, 0.000000000000000000 ) ) ;
#4424 = ORIENTED_EDGE ( 'NONE', *, *, #2063, .T. ) ;
#4425 = CARTESIAN_POINT ( 'NONE',  ( -13.00000000000000000, 98.00000000000000000, -108.0000000000000000 ) ) ;
#4426 = VECTOR ( 'NONE', #3319, 1000.000000000000000 ) ;
#4427 = DIRECTION ( 'NONE',  ( 0.000000000000000000, 0.000000000000000000, -1.000000000000000000 ) ) ;
#4428 = LINE ( 'NONE', #7732, #1363 ) ;
#4429 = DIRECTION ( 'NONE',  ( -1.000000000000000000, 0.000000000000000000, 0.000000000000000000 ) ) ;
#4430 = DIRECTION ( 'NONE',  ( 0.7071067811865474617, -0.000000000000000000, 0.7071067811865474617 ) ) ;
#4431 = CARTESIAN_POINT ( 'NONE',  ( -34.00000000000000000, -117.2000000000000028, -191.6180954499999984 ) ) ;
#4432 = CARTESIAN_POINT ( 'NONE',  ( -88.00000000000000000, 24.00000000000000000, 122.2119089999999773 ) ) ;
#4433 = ORIENTED_EDGE ( 'NONE', *, *, #4138, .F. ) ;
#4434 = DIRECTION ( 'NONE',  ( 0.000000000000000000, 0.000000000000000000, 1.000000000000000000 ) ) ;
#4435 = DIRECTION ( 'NONE',  ( 0.7071067811865475727, 0.7071067811865475727, 0.000000000000000000 ) ) ;
#4436 = DIRECTION ( 'NONE',  ( -1.000000000000000000, 0.000000000000000000, 0.000000000000000000 ) ) ;
#4437 = APPROVAL_STATUS ( 'not_yet_approved' ) ;
#4438 = AXIS2_PLACEMENT_3D ( 'NONE', #2364, #7024, #6412 ) ;
#4439 = DIRECTION ( 'NONE',  ( -0.000000000000000000, -1.000000000000000000, -0.000000000000000000 ) ) ;
#4440 = DIRECTION ( 'NONE',  ( 0.000000000000000000, 0.000000000000000000, 1.000000000000000000 ) ) ;
#4441 = ORIENTED_EDGE ( 'NONE', *, *, #7115, .F. ) ;
#4442 = ORIENTED_EDGE ( 'NONE', *, *, #7502, .T. ) ;
#4443 = CARTESIAN_POINT ( 'NONE',  ( 44.55499999999999972, -124.8029999999999973, -183.6180954499999984 ) ) ;
#4444 = VERTEX_POINT ( 'NONE', #7519 ) ;
#4445 = AXIS2_PLACEMENT_3D ( 'NONE', #4263, #4393, #963 ) ;
#4446 = LINE ( 'NONE', #7231, #18 ) ;
#4447 = VERTEX_POINT ( 'NONE', #1558 ) ;
#4448 = CARTESIAN_POINT ( 'NONE',  ( -46.00000000000000000, -74.00000000000001421, -123.2000000000000028 ) ) ;
#4449 = ORIENTED_EDGE ( 'NONE', *, *, #5010, .T. ) ;
#4450 = VERTEX_POINT ( 'NONE', #4215 ) ;
#4451 = VERTEX_POINT ( 'NONE', #6864 ) ;
#4452 = ORIENTED_EDGE ( 'NONE', *, *, #4458, .F. ) ;
#4453 = EDGE_CURVE ( 'NONE', #3668, #7432, #912, .T. ) ;
#4454 = PLANE ( 'NONE',  #1060 ) ;
#4455 = DIRECTION ( 'NONE',  ( -0.000000000000000000, -1.000000000000000000, -0.000000000000000000 ) ) ;
#4456 = ADVANCED_FACE ( 'NONE', ( #4255 ), #2955, .F. ) ;
#4457 = ORIENTED_EDGE ( 'NONE', *, *, #2769, .T. ) ;
#4458 = EDGE_CURVE ( 'NONE', #8078, #7609, #5170, .T. ) ;
#4459 = CARTESIAN_POINT ( 'NONE',  ( 44.55499999999999972, 124.8029999999999973, -177.6180954499999984 ) ) ;
#4460 = CARTESIAN_POINT ( 'NONE',  ( -67.00000000000000000, 74.00000000000000000, -132.0000000000000000 ) ) ;
#4461 = ORIENTED_EDGE ( 'NONE', *, *, #2534, .T. ) ;
#4462 = AXIS2_PLACEMENT_3D ( 'NONE', #7530, #969, #359 ) ;
#4463 = LINE ( 'NONE', #3117, #6262 ) ;
#4464 = CARTESIAN_POINT ( 'NONE',  ( -26.50186437626909708, 82.00000000000000000, -128.2000000000000171 ) ) ;
#4465 = PLANE ( 'NONE',  #6467 ) ;
#4466 = LINE ( 'NONE', #3814, #5100 ) ;
#4467 = VECTOR ( 'NONE', #7507, 1000.000000000000000 ) ;
#4468 = CARTESIAN_POINT ( 'NONE',  ( 86.00000000000000000, 20.00000000000000000, -171.6180954499999984 ) ) ;
#4469 = VECTOR ( 'NONE', #2123, 1000.000000000000000 ) ;
#4470 = EDGE_CURVE ( 'NONE', #8053, #2869, #2560, .T. ) ;
#4471 = DIRECTION ( 'NONE',  ( -0.000000000000000000, 0.000000000000000000, -1.000000000000000000 ) ) ;
#4472 = EDGE_CURVE ( 'NONE', #7758, #8455, #1731, .T. ) ;
#4473 = CARTESIAN_POINT ( 'NONE',  ( -49.00000000000000000, 25.00000000000000000, -92.20148000000000366 ) ) ;
#4474 = CARTESIAN_POINT ( 'NONE',  ( -90.00000000000000000, 74.00000000000000000, -149.0000000000000000 ) ) ;
#4475 = VECTOR ( 'NONE', #8463, 1000.000000000000000 ) ;
#4476 = DIRECTION ( 'NONE',  ( -0.000000000000000000, -1.000000000000000000, -0.000000000000000000 ) ) ;
#4477 = VECTOR ( 'NONE', #3082, 1000.000000000000114 ) ;
#4478 = ORIENTED_EDGE ( 'NONE', *, *, #4731, .T. ) ;
#4479 = FACE_BOUND ( 'NONE', #7072, .T. ) ;
#4480 = CARTESIAN_POINT ( 'NONE',  ( -47.00000000000000000, -120.2000000000000028, -165.5180954499999757 ) ) ;
#4481 = CARTESIAN_POINT ( 'NONE',  ( -34.00000000000000000, -117.2000000000000028, -165.6180954499999700 ) ) ;
#4482 = PERSON_AND_ORGANIZATION_ROLE ( 'creator' ) ;
#4483 = EDGE_CURVE ( 'NONE', #6482, #4404, #2469, .T. ) ;
#4484 = LINE ( 'NONE', #7137, #7801 ) ;
#4485 = FACE_OUTER_BOUND ( 'NONE', #5660, .T. ) ;
#4486 = ORIENTED_EDGE ( 'NONE', *, *, #3354, .F. ) ;
#4487 = ORIENTED_EDGE ( 'NONE', *, *, #7772, .T. ) ;
#4488 = CARTESIAN_POINT ( 'NONE',  ( -33.00000000000000000, 118.2000000000000028, -165.6180954499999700 ) ) ;
#4489 = ORIENTED_EDGE ( 'NONE', *, *, #8518, .T. ) ;
#4490 = AXIS2_PLACEMENT_3D ( 'NONE', #1273, #3799, #7844 ) ;
#4491 = CARTESIAN_POINT ( 'NONE',  ( 86.00000000000000000, -32.00000000000000000, -183.6180954499999984 ) ) ;
#4492 = ORIENTED_EDGE ( 'NONE', *, *, #1430, .F. ) ;
#4493 = VECTOR ( 'NONE', #175, 1000.000000000000000 ) ;
#4494 = CARTESIAN_POINT ( 'NONE',  ( 86.00000000000000000, 32.00000000000000000, -171.6180954499999984 ) ) ;
#4495 = VERTEX_POINT ( 'NONE', #1255 ) ;
#4496 = ORIENTED_EDGE ( 'NONE', *, *, #265, .T. ) ;
#4497 = ORIENTED_EDGE ( 'NONE', *, *, #278, .F. ) ;
#4498 = ORIENTED_EDGE ( 'NONE', *, *, #7436, .F. ) ;
#4499 = DIRECTION ( 'NONE',  ( -1.000000000000000000, 0.000000000000000000, 0.000000000000000000 ) ) ;
#4500 = VECTOR ( 'NONE', #6691, 1000.000000000000000 ) ;
#4501 = CARTESIAN_POINT ( 'NONE',  ( -33.00000000000000000, 120.2000000000000028, -165.5180954499999757 ) ) ;
#4502 = CARTESIAN_POINT ( 'NONE',  ( -14.97348886532344103, -74.00000000000001421, -102.5294888653234295 ) ) ;
#4503 = CARTESIAN_POINT ( 'NONE',  ( 86.00000000000000000, 32.00000000000000000, -171.6180954499999984 ) ) ;
#4504 = CARTESIAN_POINT ( 'NONE',  ( -33.00000000000000000, 51.20000000000000284, -165.5180954499999757 ) ) ;
#4505 = EDGE_LOOP ( 'NONE', ( #5539, #2357, #1054, #4399, #3317, #7944, #4193, #3923 ) ) ;
#4506 = ORIENTED_EDGE ( 'NONE', *, *, #271, .T. ) ;
#4507 = DIRECTION ( 'NONE',  ( 0.000000000000000000, 0.000000000000000000, 1.000000000000000000 ) ) ;
#4508 = CARTESIAN_POINT ( 'NONE',  ( 86.00000000000000000, -20.00000000000000000, -171.6180954499999984 ) ) ;
#4509 = CARTESIAN_POINT ( 'NONE',  ( -102.0000000000000142, -24.00000000000000000, 110.0000000000000000 ) ) ;
#4510 = CARTESIAN_POINT ( 'NONE',  ( -52.10000000000001563, -98.00000000000000000, -102.7459999999999951 ) ) ;
#4511 = CARTESIAN_POINT ( 'NONE',  ( -102.0000000000000142, -60.00000000000000000, -183.6180954499999984 ) ) ;
#4512 = ORIENTED_EDGE ( 'NONE', *, *, #7194, .F. ) ;
#4513 = EDGE_CURVE ( 'NONE', #4113, #7272, #526, .T. ) ;
#4514 = ADVANCED_FACE ( 'NONE', ( #436 ), #3260, .F. ) ;
#4515 = CARTESIAN_POINT ( 'NONE',  ( -13.00000000000000000, 98.00000000000000000, -108.0000000000000000 ) ) ;
#4516 = LINE ( 'NONE', #5126, #8534 ) ;
#4517 = DIRECTION ( 'NONE',  ( 0.000000000000000000, 0.000000000000000000, -1.000000000000000000 ) ) ;
#4518 = ADVANCED_FACE ( 'NONE', ( #3907 ), #569, .T. ) ;
#4519 = ADVANCED_FACE ( 'NONE', ( #7780, #3126, #1173, #1903, #7172, #5083, #612, #3778, #1215, #4386 ), #8477, .F. ) ;
#4520 = ORIENTED_EDGE ( 'NONE', *, *, #6488, .F. ) ;
#4521 = CARTESIAN_POINT ( 'NONE',  ( -61.00000000000000000, 18.00000000000000000, -90.20148000000000366 ) ) ;
#4522 = DIRECTION ( 'NONE',  ( 1.000000000000000000, 0.000000000000000000, 0.000000000000000000 ) ) ;
#4523 = DIRECTION ( 'NONE',  ( 1.000000000000000000, 0.000000000000000000, -0.000000000000000000 ) ) ;
#4524 = VECTOR ( 'NONE', #7908, 1000.000000000000000 ) ;
#4525 = DIRECTION ( 'NONE',  ( 0.000000000000000000, 0.000000000000000000, -1.000000000000000000 ) ) ;
#4526 = PLANE ( 'NONE',  #3943 ) ;
#4527 = ORIENTED_EDGE ( 'NONE', *, *, #1280, .F. ) ;
#4528 = ORIENTED_EDGE ( 'NONE', *, *, #7760, .T. ) ;
#4529 = CARTESIAN_POINT ( 'NONE',  ( -37.25260171779820695, -81.99999999999998579, -124.6644660940672509 ) ) ;
#4530 = ORIENTED_EDGE ( 'NONE', *, *, #157, .F. ) ;
#4531 = EDGE_CURVE ( 'NONE', #7129, #4100, #5038, .T. ) ;
#4532 = EDGE_CURVE ( 'NONE', #5408, #5432, #1816, .T. ) ;
#4533 = CIRCLE ( 'NONE', #3695, 5.000000000000004441 ) ;
#4534 = LINE ( 'NONE', #4611, #1675 ) ;
#4535 = ORIENTED_EDGE ( 'NONE', *, *, #4201, .F. ) ;
#4536 = VECTOR ( 'NONE', #4260, 1000.000000000000000 ) ;
#4537 = DIRECTION ( 'NONE',  ( 0.000000000000000000, -0.000000000000000000, 1.000000000000000000 ) ) ;
#4538 = ORIENTED_EDGE ( 'NONE', *, *, #4993, .F. ) ;
#4539 = ORIENTED_EDGE ( 'NONE', *, *, #702, .F. ) ;
#4540 = ORIENTED_EDGE ( 'NONE', *, *, #3303, .T. ) ;
#4541 = ORIENTED_EDGE ( 'NONE', *, *, #7080, .F. ) ;
#4542 = VECTOR ( 'NONE', #8004, 1000.000000000000000 ) ;
#4543 = LINE ( 'NONE', #8544, #7895 ) ;
#4544 = PLANE ( 'NONE',  #2536 ) ;
#4545 = DIRECTION ( 'NONE',  ( 0.000000000000000000, 0.000000000000000000, -1.000000000000000000 ) ) ;
#4546 = FACE_OUTER_BOUND ( 'NONE', #8585, .T. ) ;
#4547 = ORIENTED_EDGE ( 'NONE', *, *, #2067, .T. ) ;
#4548 = ORIENTED_EDGE ( 'NONE', *, *, #6801, .T. ) ;
#4549 = AXIS2_PLACEMENT_3D ( 'NONE', #790, #7614, #6782 ) ;
#4550 = DIRECTION ( 'NONE',  ( -0.7071067811865474617, -0.7071067811865474617, 0.000000000000000000 ) ) ;
#4551 = CARTESIAN_POINT ( 'NONE',  ( -49.00000000000000000, -25.00000000000000000, -99.20148000000000366 ) ) ;
#4552 = DIRECTION ( 'NONE',  ( -0.7071067811865474617, -0.7071067811865474617, 0.000000000000000000 ) ) ;
#4553 = VECTOR ( 'NONE', #8428, 1000.000000000000000 ) ;
#4554 = ORIENTED_EDGE ( 'NONE', *, *, #4346, .F. ) ;
#4555 = CARTESIAN_POINT ( 'NONE',  ( 90.00000000000000000, 37.00000000000000000, -191.6180954499999984 ) ) ;
#4556 = DIRECTION ( 'NONE',  ( -0.000000000000000000, -0.000000000000000000, -1.000000000000000000 ) ) ;
#4557 = DIRECTION ( 'NONE',  ( -0.000000000000000000, 0.000000000000000000, 1.000000000000000000 ) ) ;
#4558 = VECTOR ( 'NONE', #4370, 1000.000000000000000 ) ;
#4559 = EDGE_LOOP ( 'NONE', ( #4506, #1100, #7278, #7062 ) ) ;
#4560 = CARTESIAN_POINT ( 'NONE',  ( -67.00000000000000000, -98.00000000000000000, -132.0000000000000000 ) ) ;
#4561 = ADVANCED_FACE ( 'NONE', ( #5909 ), #5865, .T. ) ;
#4562 = DIRECTION ( 'NONE',  ( -0.000000000000000000, -0.000000000000000000, -1.000000000000000000 ) ) ;
#4563 = DIRECTION ( 'NONE',  ( 0.000000000000000000, 0.000000000000000000, -1.000000000000000000 ) ) ;
#4564 = AXIS2_PLACEMENT_3D ( 'NONE', #2197, #772, #4852 ) ;
#4565 = ADVANCED_FACE ( 'NONE', ( #3822 ), #7039, .F. ) ;
#4566 = DIRECTION ( 'NONE',  ( -0.7071067811865469066, -0.7071067811865482389, 0.000000000000000000 ) ) ;
#4567 = EDGE_CURVE ( 'NONE', #7971, #6183, #3737, .T. ) ;
#4568 = CARTESIAN_POINT ( 'NONE',  ( 87.00000000000000000, -40.00000000000000000, -191.6180954499999984 ) ) ;
#4569 = ORIENTED_EDGE ( 'NONE', *, *, #2938, .F. ) ;
#4570 = DIRECTION ( 'NONE',  ( 0.000000000000000000, 0.000000000000000000, 1.000000000000000000 ) ) ;
#4571 = ORIENTED_EDGE ( 'NONE', *, *, #7376, .F. ) ;
#4572 = LINE ( 'NONE', #580, #3581 ) ;
#4573 = EDGE_CURVE ( 'NONE', #7722, #3391, #5736, .T. ) ;
#4574 = LINE ( 'NONE', #4491, #3903 ) ;
#4575 = EDGE_CURVE ( 'NONE', #2701, #3195, #3333, .T. ) ;
#4576 = EDGE_LOOP ( 'NONE', ( #5016, #1446, #64, #437 ) ) ;
#4577 = DIRECTION ( 'NONE',  ( 0.7071067811865474617, 0.7071067811865474617, 0.000000000000000000 ) ) ;
#4578 = ORIENTED_EDGE ( 'NONE', *, *, #2697, .T. ) ;
#4579 = ORIENTED_EDGE ( 'NONE', *, *, #6632, .T. ) ;
#4580 = ORIENTED_EDGE ( 'NONE', *, *, #1444, .F. ) ;
#4581 = ORIENTED_EDGE ( 'NONE', *, *, #6478, .F. ) ;
#4582 = DIRECTION ( 'NONE',  ( 1.000000000000000000, 0.000000000000000000, 0.000000000000000000 ) ) ;
#4583 = LINE ( 'NONE', #3243, #728 ) ;
#4584 = CARTESIAN_POINT ( 'NONE',  ( -64.00000000000000000, 74.00000000000000000, -183.6180954499999984 ) ) ;
#4585 = LINE ( 'NONE', #5849, #1980 ) ;
#4586 = ORIENTED_EDGE ( 'NONE', *, *, #5805, .T. ) ;
#4587 = EDGE_LOOP ( 'NONE', ( #7802, #3702, #315, #8593, #1620 ) ) ;
#4588 = DIRECTION ( 'NONE',  ( 0.000000000000000000, 0.000000000000000000, -1.000000000000000000 ) ) ;
#4589 = CARTESIAN_POINT ( 'NONE',  ( -14.97348886532344103, 74.00000000000000000, -102.5294888653234295 ) ) ;
#4590 = CARTESIAN_POINT ( 'NONE',  ( -51.00000000000000000, 25.00000000000000000, -86.20148000000000366 ) ) ;
#4591 = ORIENTED_EDGE ( 'NONE', *, *, #6172, .T. ) ;
#4592 = AXIS2_PLACEMENT_3D ( 'NONE', #7353, #2131, #2044 ) ;
#4593 = CARTESIAN_POINT ( 'NONE',  ( -50.00000000000000000, -32.00000000000000000, -191.6180954499999984 ) ) ;
#4594 = DIRECTION ( 'NONE',  ( 0.000000000000000000, 0.000000000000000000, 1.000000000000000000 ) ) ;
#4595 = DIRECTION ( 'NONE',  ( -0.000000000000000000, 0.000000000000000000, -1.000000000000000000 ) ) ;
#4596 = VECTOR ( 'NONE', #3913, 1000.000000000000000 ) ;
#4597 = VERTEX_POINT ( 'NONE', #6726 ) ;
#4598 = DIRECTION ( 'NONE',  ( 1.000000000000000000, 0.000000000000000000, -0.000000000000000000 ) ) ;
#4599 = VECTOR ( 'NONE', #2005, 1000.000000000000000 ) ;
#4600 = CARTESIAN_POINT ( 'NONE',  ( -46.00000000000000000, 48.20000000000000284, -165.5180954499999757 ) ) ;
#4601 = CARTESIAN_POINT ( 'NONE',  ( 76.85000000000000853, 76.85000000000000853, -165.6180954499999700 ) ) ;
#4602 = LINE ( 'NONE', #5872, #301 ) ;
#4603 = VECTOR ( 'NONE', #6907, 1000.000000000000000 ) ;
#4604 = FACE_OUTER_BOUND ( 'NONE', #3088, .T. ) ;
#4605 = DIRECTION ( 'NONE',  ( 0.000000000000000000, 1.000000000000000000, 0.000000000000000000 ) ) ;
#4606 = ORIENTED_EDGE ( 'NONE', *, *, #4156, .T. ) ;
#4607 = EDGE_CURVE ( 'NONE', #8540, #8152, #7991, .T. ) ;
#4608 = EDGE_CURVE ( 'NONE', #387, #5862, #3990, .T. ) ;
#4609 = CARTESIAN_POINT ( 'NONE',  ( 33.50000000000000000, 120.2000000000000028, -165.5180954499999757 ) ) ;
#4610 = AXIS2_PLACEMENT_3D ( 'NONE', #4174, #5648, #3041 ) ;
#4611 = CARTESIAN_POINT ( 'NONE',  ( -72.00000000000000000, -5.000000000000000000, -92.20148000000000366 ) ) ;
#4612 = VERTEX_POINT ( 'NONE', #8076 ) ;
#4613 = ADVANCED_FACE ( 'NONE', ( #691 ), #1300, .F. ) ;
#4614 = EDGE_CURVE ( 'NONE', #4835, #6190, #5288, .T. ) ;
#4615 = LINE ( 'NONE', #7274, #3242 ) ;
#4616 = ORIENTED_EDGE ( 'NONE', *, *, #127, .T. ) ;
#4617 = ORIENTED_EDGE ( 'NONE', *, *, #688, .T. ) ;
#4618 = VECTOR ( 'NONE', #6105, 1000.000000000000000 ) ;
#4619 = EDGE_LOOP ( 'NONE', ( #3377, #2934, #4317, #255 ) ) ;
#4620 = ORIENTED_EDGE ( 'NONE', *, *, #1375, .F. ) ;
#4621 = EDGE_CURVE ( 'NONE', #2619, #6470, #5986, .T. ) ;
#4622 = DIRECTION ( 'NONE',  ( 1.000000000000000000, 0.000000000000000000, 0.000000000000000000 ) ) ;
#4623 = VECTOR ( 'NONE', #5276, 1000.000000000000000 ) ;
#4624 = VECTOR ( 'NONE', #1443, 1000.000000000000000 ) ;
#4625 = DIRECTION ( 'NONE',  ( -0.000000000000000000, -0.000000000000000000, -1.000000000000000000 ) ) ;
#4626 = PLANE ( 'NONE',  #1004 ) ;
#4627 = DIRECTION ( 'NONE',  ( 0.000000000000000000, 1.000000000000000000, 0.000000000000000000 ) ) ;
#4628 = ORIENTED_EDGE ( 'NONE', *, *, #6586, .F. ) ;
#4629 = ORIENTED_EDGE ( 'NONE', *, *, #5729, .F. ) ;
#4630 = DIRECTION ( 'NONE',  ( 0.01538279504320399539, -0.000000000000000000, 0.9998816778082587620 ) ) ;
#4631 = AXIS2_PLACEMENT_3D ( 'NONE', #1347, #6040, #7915 ) ;
#4632 = EDGE_CURVE ( 'NONE', #2638, #4189, #2727, .T. ) ;
#4633 = EDGE_CURVE ( 'NONE', #7763, #3181, #4685, .T. ) ;
#4634 = DIRECTION ( 'NONE',  ( -1.000000000000000000, 0.000000000000000000, 0.000000000000000000 ) ) ;
#4635 = DIRECTION ( 'NONE',  ( 0.000000000000000000, 0.000000000000000000, 1.000000000000000000 ) ) ;
#4636 = ORIENTED_EDGE ( 'NONE', *, *, #66, .T. ) ;
#4637 = ORIENTED_EDGE ( 'NONE', *, *, #962, .T. ) ;
#4638 = CARTESIAN_POINT ( 'NONE',  ( -69.00000000000000000, -25.00000000000000000, -86.20148000000000366 ) ) ;
#4639 = LINE ( 'NONE', #7295, #6547 ) ;
#4640 = CARTESIAN_POINT ( 'NONE',  ( 25.00000000000000000, -20.00000000000000000, -171.6180954499999984 ) ) ;
#4641 = ORIENTED_EDGE ( 'NONE', *, *, #917, .F. ) ;
#4642 = CARTESIAN_POINT ( 'NONE',  ( 87.00000000000000000, 40.00000000000000000, -183.6180954499999984 ) ) ;
#4643 = LINE ( 'NONE', #7995, #2035 ) ;
#4644 = LINE ( 'NONE', #4601, #5384 ) ;
#4645 = CARTESIAN_POINT ( 'NONE',  ( -83.59999999999999432, -83.59999999999999432, -165.6180954499999700 ) ) ;
#4646 = FACE_OUTER_BOUND ( 'NONE', #7405, .T. ) ;
#4647 = PLANE ( 'NONE',  #2381 ) ;
#4648 = ORIENTED_EDGE ( 'NONE', *, *, #554, .F. ) ;
#4649 = DIRECTION ( 'NONE',  ( 0.000000000000000000, 1.000000000000000000, -0.000000000000000000 ) ) ;
#4650 = CARTESIAN_POINT ( 'NONE',  ( -88.00000000000000000, 24.00000000000000000, -99.20148000000000366 ) ) ;
#4651 = VECTOR ( 'NONE', #6897, 1000.000000000000000 ) ;
#4652 = FACE_OUTER_BOUND ( 'NONE', #200, .T. ) ;
#4653 = ORIENTED_EDGE ( 'NONE', *, *, #6103, .T. ) ;
#4654 = DIRECTION ( 'NONE',  ( 0.7071067811865474617, 0.7071067811865474617, 0.000000000000000000 ) ) ;
#4655 = VERTEX_POINT ( 'NONE', #777 ) ;
#4656 = VERTEX_POINT ( 'NONE', #7339 ) ;
#4657 = DIRECTION ( 'NONE',  ( 0.000000000000000000, -1.000000000000000000, 0.000000000000000000 ) ) ;
#4658 = AXIS2_PLACEMENT_3D ( 'NONE', #5030, #3120, #5769 ) ;
#4659 = VERTEX_POINT ( 'NONE', #4031 ) ;
#4660 = ORIENTED_EDGE ( 'NONE', *, *, #6474, .F. ) ;
#4661 = ORIENTED_EDGE ( 'NONE', *, *, #6700, .T. ) ;
#4662 = EDGE_CURVE ( 'NONE', #6187, #2242, #2637, .T. ) ;
#4663 = EDGE_CURVE ( 'NONE', #212, #1827, #1423, .T. ) ;
#4664 = DIRECTION ( 'NONE',  ( 0.000000000000000000, 0.000000000000000000, -1.000000000000000000 ) ) ;
#4665 = AXIS2_PLACEMENT_3D ( 'NONE', #1715, #5715, #333 ) ;
#4666 = DIRECTION ( 'NONE',  ( 0.000000000000000000, 0.000000000000000000, 1.000000000000000000 ) ) ;
#4667 = EDGE_CURVE ( 'NONE', #4597, #2068, #1463, .T. ) ;
#4668 = FACE_OUTER_BOUND ( 'NONE', #2082, .T. ) ;
#4669 = EDGE_CURVE ( 'NONE', #78, #5056, #7906, .T. ) ;
#4670 = CARTESIAN_POINT ( 'NONE',  ( -68.00000000000000000, -10.00000000000000000, -90.20148000000000366 ) ) ;
#4671 = VERTEX_POINT ( 'NONE', #4076 ) ;
#4672 = ORIENTED_EDGE ( 'NONE', *, *, #5257, .F. ) ;
#4673 = FACE_OUTER_BOUND ( 'NONE', #2760, .T. ) ;
#4674 = VECTOR ( 'NONE', #6562, 1000.000000000000000 ) ;
#4675 = DIRECTION ( 'NONE',  ( -0.000000000000000000, -0.000000000000000000, -1.000000000000000000 ) ) ;
#4676 = ADVANCED_FACE ( 'NONE', ( #2773 ), #4121, .F. ) ;
#4677 = LINE ( 'NONE', #8516, #3172 ) ;
#4678 = VERTEX_POINT ( 'NONE', #5251 ) ;
#4679 = VECTOR ( 'NONE', #2957, 1000.000000000000000 ) ;
#4680 = EDGE_LOOP ( 'NONE', ( #3399, #6356, #5154, #3299 ) ) ;
#4681 = ADVANCED_FACE ( 'NONE', ( #2113 ), #8602, .T. ) ;
#4682 = EDGE_CURVE ( 'NONE', #7236, #7582, #819, .T. ) ;
#4683 = CARTESIAN_POINT ( 'NONE',  ( 44.55499999999999972, -124.8029999999999973, -183.6180954499999984 ) ) ;
#4684 = CARTESIAN_POINT ( 'NONE',  ( 0.000000000000000000, 82.00000000000000000, 0.000000000000000000 ) ) ;
#4685 = LINE ( 'NONE', #2030, #216 ) ;
#4686 = VERTEX_POINT ( 'NONE', #3471 ) ;
#4687 = CARTESIAN_POINT ( 'NONE',  ( 20.50000000000000000, 117.2000000000000028, -191.6180954499999984 ) ) ;
#4688 = VECTOR ( 'NONE', #4436, 1000.000000000000000 ) ;
#4689 = DIRECTION ( 'NONE',  ( 1.000000000000000000, 0.000000000000000000, 0.000000000000000000 ) ) ;
#4690 = PLANE ( 'NONE',  #5808 ) ;
#4691 = DIRECTION ( 'NONE',  ( 0.01538279504320399539, -0.000000000000000000, 0.9998816778082587620 ) ) ;
#4692 = CIRCLE ( 'NONE', #4276, 5.000000000000004441 ) ;
#4693 = DIRECTION ( 'NONE',  ( -1.000000000000000000, 0.000000000000000000, 0.000000000000000000 ) ) ;
#4694 = FACE_OUTER_BOUND ( 'NONE', #4619, .T. ) ;
#4695 = ORIENTED_EDGE ( 'NONE', *, *, #4094, .T. ) ;
#4696 = FACE_OUTER_BOUND ( 'NONE', #1847, .T. ) ;
#4697 = DIRECTION ( 'NONE',  ( 1.000000000000000000, -0.000000000000000000, 0.000000000000000000 ) ) ;
#4698 = AXIS2_PLACEMENT_3D ( 'NONE', #2453, #3064, #4935 ) ;
#4699 = DIRECTION ( 'NONE',  ( 0.7071067811865474617, -0.7071067811865474617, 0.000000000000000000 ) ) ;
#4700 = VERTEX_POINT ( 'NONE', #6118 ) ;
#4701 = CARTESIAN_POINT ( 'NONE',  ( -68.00000000000000000, -10.00000000000000000, -92.20148000000000366 ) ) ;
#4702 = ORIENTED_EDGE ( 'NONE', *, *, #1956, .T. ) ;
#4703 = ORIENTED_EDGE ( 'NONE', *, *, #7862, .F. ) ;
#4704 = CARTESIAN_POINT ( 'NONE',  ( 87.00000000000000000, 40.00000000000000000, -191.6180954499999984 ) ) ;
#4705 = ORIENTED_EDGE ( 'NONE', *, *, #3733, .T. ) ;
#4706 = ORIENTED_EDGE ( 'NONE', *, *, #7984, .T. ) ;
#4707 = MECHANICAL_CONTEXT ( 'NONE', #3944, 'mechanical' ) ;
#4708 = DIRECTION ( 'NONE',  ( 0.000000000000000000, 0.000000000000000000, -1.000000000000000000 ) ) ;
#4709 = CARTESIAN_POINT ( 'NONE',  ( 90.00000000000000000, -37.00000000000000000, -183.6180954499999984 ) ) ;
#4710 = LINE ( 'NONE', #6666, #1703 ) ;
#4711 = ORIENTED_EDGE ( 'NONE', *, *, #7229, .F. ) ;
#4712 = ORIENTED_EDGE ( 'NONE', *, *, #7752, .T. ) ;
#4713 = EDGE_CURVE ( 'NONE', #4656, #7173, #7256, .T. ) ;
#4714 = PLANE ( 'NONE',  #7840 ) ;
#4715 = DIRECTION ( 'NONE',  ( -0.000000000000000000, -0.000000000000000000, -1.000000000000000000 ) ) ;
#4716 = ORIENTED_EDGE ( 'NONE', *, *, #2812, .F. ) ;
#4717 = CARTESIAN_POINT ( 'NONE',  ( 47.31353390593272223, 82.00000000000000000, -47.31353390593272223 ) ) ;
#4718 = EDGE_CURVE ( 'NONE', #7846, #6315, #1035, .T. ) ;
#4719 = EDGE_CURVE ( 'NONE', #1567, #2242, #4245, .T. ) ;
#4720 = DIRECTION ( 'NONE',  ( 1.000000000000000000, -0.000000000000000000, -0.000000000000000000 ) ) ;
#4721 = ORIENTED_EDGE ( 'NONE', *, *, #8083, .T. ) ;
#4722 = DIRECTION ( 'NONE',  ( -1.000000000000000000, 0.000000000000000000, 0.000000000000000000 ) ) ;
#4723 = CARTESIAN_POINT ( 'NONE',  ( -61.84499999999999886, -120.8029999999999973, -165.6180954499999700 ) ) ;
#4724 = EDGE_CURVE ( 'NONE', #412, #7543, #4287, .T. ) ;
#4725 = DIRECTION ( 'NONE',  ( -0.7071067811865474617, -0.7071067811865474617, 0.000000000000000000 ) ) ;
#4726 = ORIENTED_EDGE ( 'NONE', *, *, #376, .F. ) ;
#4727 = LINE ( 'NONE', #1509, #511 ) ;
#4728 = EDGE_CURVE ( 'NONE', #1182, #3195, #295, .T. ) ;
#4729 = CARTESIAN_POINT ( 'NONE',  ( -9.000000000000000000, 9.000000000000000000, -191.6180954499999984 ) ) ;
#4730 = VECTOR ( 'NONE', #7180, 1000.000000000000000 ) ;
#4731 = EDGE_CURVE ( 'NONE', #1401, #7085, #6246, .T. ) ;
#4732 = CARTESIAN_POINT ( 'NONE',  ( 20.50000000000000000, -117.2000000000000028, -165.6180954499999700 ) ) ;
#4733 = VECTOR ( 'NONE', #5226, 1000.000000000000000 ) ;
#4734 = DIRECTION ( 'NONE',  ( 0.7071067811865474617, 0.7071067811865474617, 0.000000000000000000 ) ) ;
#4735 = VECTOR ( 'NONE', #920, 1000.000000000000000 ) ;
#4736 = DIRECTION ( 'NONE',  ( 0.000000000000000000, 0.000000000000000000, 1.000000000000000000 ) ) ;
#4737 = VECTOR ( 'NONE', #4286, 1000.000000000000114 ) ;
#4738 = ORIENTED_EDGE ( 'NONE', *, *, #4083, .F. ) ;
#4739 = ADVANCED_FACE ( 'NONE', ( #6985 ), #1550, .T. ) ;
#4740 = LINE ( 'NONE', #7394, #7450 ) ;
#4741 = ADVANCED_FACE ( 'NONE', ( #6939 ), #6161, .F. ) ;
#4742 = DIRECTION ( 'NONE',  ( -0.000000000000000000, -0.000000000000000000, -1.000000000000000000 ) ) ;
#4743 = VECTOR ( 'NONE', #8433, 1000.000000000000000 ) ;
#4744 = DIRECTION ( 'NONE',  ( -1.000000000000000000, 0.000000000000000000, 0.000000000000000000 ) ) ;
#4745 = ORIENTED_EDGE ( 'NONE', *, *, #4607, .T. ) ;
#4746 = PLANE ( 'NONE',  #5742 ) ;
#4747 = ORIENTED_EDGE ( 'NONE', *, *, #7277, .F. ) ;
#4748 = ORIENTED_EDGE ( 'NONE', *, *, #6736, .F. ) ;
#4749 = CARTESIAN_POINT ( 'NONE',  ( 19.50000000000000000, 0.000000000000000000, -191.6180954499999984 ) ) ;
#4750 = ORIENTED_EDGE ( 'NONE', *, *, #3940, .F. ) ;
#4751 = ORIENTED_EDGE ( 'NONE', *, *, #2489, .F. ) ;
#4752 = VECTOR ( 'NONE', #5906, 1000.000000000000114 ) ;
#4753 = EDGE_LOOP ( 'NONE', ( #186, #1230, #4019, #6023 ) ) ;
#4754 = LINE ( 'NONE', #4841, #6149 ) ;
#4755 = FACE_OUTER_BOUND ( 'NONE', #6674, .T. ) ;
#4756 = ORIENTED_EDGE ( 'NONE', *, *, #47, .T. ) ;
#4757 = ORIENTED_EDGE ( 'NONE', *, *, #3556, .T. ) ;
#4758 = DIRECTION ( 'NONE',  ( 0.8041761414663256557, -0.000000000000000000, 0.5943910610838055719 ) ) ;
#4759 = ORIENTED_EDGE ( 'NONE', *, *, #1704, .F. ) ;
#4760 = CARTESIAN_POINT ( 'NONE',  ( -34.00000000000000000, -52.20000000000000284, -191.6180954499999984 ) ) ;
#4761 = CIRCLE ( 'NONE', #6986, 1.250000000000001110 ) ;
#4762 = CARTESIAN_POINT ( 'NONE',  ( 19.50000000000000000, -120.2000000000000028, -165.5180954499999757 ) ) ;
#4763 = ORIENTED_EDGE ( 'NONE', *, *, #5891, .F. ) ;
#4764 = DIRECTION ( 'NONE',  ( -1.000000000000000000, 0.000000000000000000, 0.000000000000000000 ) ) ;
#4765 = VECTOR ( 'NONE', #4313, 1000.000000000000000 ) ;
#4766 = VECTOR ( 'NONE', #534, 1000.000000000000000 ) ;
#4767 = FACE_OUTER_BOUND ( 'NONE', #1256, .T. ) ;
#4768 = DIRECTION ( 'NONE',  ( 0.7071067811865474617, 0.7071067811865474617, 0.000000000000000000 ) ) ;
#4769 = ORIENTED_EDGE ( 'NONE', *, *, #3654, .T. ) ;
#4770 = LINE ( 'NONE', #7423, #1055 ) ;
#4771 = FACE_OUTER_BOUND ( 'NONE', #5335, .T. ) ;
#4772 = DIRECTION ( 'NONE',  ( 0.000000000000000000, 0.000000000000000000, -1.000000000000000000 ) ) ;
#4773 = VECTOR ( 'NONE', #7170, 1000.000000000000114 ) ;
#4774 = EDGE_CURVE ( 'NONE', #6667, #1828, #945, .T. ) ;
#4775 = ADVANCED_FACE ( 'NONE', ( #2814 ), #6856, .T. ) ;
#4776 = ADVANCED_FACE ( 'NONE', ( #8252 ), #6204, .F. ) ;
#4777 = LINE ( 'NONE', #2037, #8243 ) ;
#4778 = EDGE_CURVE ( 'NONE', #8598, #4988, #2247, .T. ) ;
#4779 = DIRECTION ( 'NONE',  ( 0.000000000000000000, 1.000000000000000000, 0.000000000000000000 ) ) ;
#4780 = EDGE_LOOP ( 'NONE', ( #423, #5737, #6276, #6180 ) ) ;
#4781 = FACE_OUTER_BOUND ( 'NONE', #4314, .T. ) ;
#4782 = DIRECTION ( 'NONE',  ( -1.000000000000000000, 0.000000000000000000, 0.000000000000000000 ) ) ;
#4783 = LINE ( 'NONE', #3571, #8297 ) ;
#4784 = DIRECTION ( 'NONE',  ( -0.7071067811865475727, -0.7071067811865475727, 0.000000000000000000 ) ) ;
#4785 = ORIENTED_EDGE ( 'NONE', *, *, #4341, .T. ) ;
#4786 = EDGE_CURVE ( 'NONE', #6239, #7055, #3598, .T. ) ;
#4787 = FACE_OUTER_BOUND ( 'NONE', #8054, .T. ) ;
#4788 = EDGE_CURVE ( 'NONE', #1146, #4274, #1677, .T. ) ;
#4789 = ORIENTED_EDGE ( 'NONE', *, *, #1706, .T. ) ;
#4790 = VERTEX_POINT ( 'NONE', #4903 ) ;
#4791 = DIRECTION ( 'NONE',  ( 0.000000000000000000, 0.000000000000000000, -1.000000000000000000 ) ) ;
#4792 = ORIENTED_EDGE ( 'NONE', *, *, #4949, .T. ) ;
#4793 = ORIENTED_EDGE ( 'NONE', *, *, #4821, .T. ) ;
#4794 = CIRCLE ( 'NONE', #6039, 5.000000000000004441 ) ;
#4795 = CARTESIAN_POINT ( 'NONE',  ( -67.00000000000000000, 98.00000000000000000, -132.0000000000000000 ) ) ;
#4796 = CARTESIAN_POINT ( 'NONE',  ( -33.00000000000000000, 0.000000000000000000, -165.6180954499999700 ) ) ;
#4797 = AXIS2_PLACEMENT_3D ( 'NONE', #2205, #2949, #6163 ) ;
#4798 = FACE_OUTER_BOUND ( 'NONE', #3277, .T. ) ;
#4799 = EDGE_LOOP ( 'NONE', ( #4420, #7814, #3116, #5440 ) ) ;
#4800 = ORIENTED_EDGE ( 'NONE', *, *, #6862, .T. ) ;
#4801 = ORIENTED_EDGE ( 'NONE', *, *, #7881, .F. ) ;
#4802 = CARTESIAN_POINT ( 'NONE',  ( 45.00000000000000000, -130.0000000000000000, -191.6180954499999984 ) ) ;
#4803 = ORIENTED_EDGE ( 'NONE', *, *, #2805, .T. ) ;
#4804 = CARTESIAN_POINT ( 'NONE',  ( 37.00000000000000000, -26.00000000000000000, -10.00000000000000000 ) ) ;
#4805 = VECTOR ( 'NONE', #7351, 1000.000000000000000 ) ;
#4806 = DIRECTION ( 'NONE',  ( 0.7071067811865475727, 0.7071067811865475727, 0.000000000000000000 ) ) ;
#4807 = ORIENTED_EDGE ( 'NONE', *, *, #5011, .T. ) ;
#4808 = CARTESIAN_POINT ( 'NONE',  ( 44.55499999999999972, 44.40299999999999869, -177.6180954499999984 ) ) ;
#4809 = AXIS2_PLACEMENT_3D ( 'NONE', #7132, #5174, #4522 ) ;
#4810 = DIRECTION ( 'NONE',  ( 0.000000000000000000, 1.000000000000000000, 0.000000000000000000 ) ) ;
#4811 = CARTESIAN_POINT ( 'NONE',  ( 86.00000000000000000, -20.00000000000000000, -183.6180954499999984 ) ) ;
#4812 = ORIENTED_EDGE ( 'NONE', *, *, #4483, .F. ) ;
#4813 = FACE_OUTER_BOUND ( 'NONE', #1301, .T. ) ;
#4814 = DIRECTION ( 'NONE',  ( -0.000000000000000000, -1.000000000000000000, -0.000000000000000000 ) ) ;
#4815 = DIRECTION ( 'NONE',  ( -0.7071067811865474617, -0.7071067811865474617, 0.000000000000000000 ) ) ;
#4816 = VECTOR ( 'NONE', #3730, 1000.000000000000000 ) ;
#4817 = CARTESIAN_POINT ( 'NONE',  ( -61.00000000000000000, 14.00000000000000000, -92.20148000000000366 ) ) ;
#4818 = CC_DESIGN_SECURITY_CLASSIFICATION ( #6903, ( #7209 ) ) ;
#4819 = CARTESIAN_POINT ( 'NONE',  ( -78.09999999999999432, -15.00000000000000000, -92.20148000000000366 ) ) ;
#4820 = ORIENTED_EDGE ( 'NONE', *, *, #8501, .F. ) ;
#4821 = EDGE_CURVE ( 'NONE', #5135, #3583, #342, .T. ) ;
#4822 = PLANE ( 'NONE',  #6068 ) ;
#4823 = APPLICATION_CONTEXT ( 'configuration controlled 3d designs of mechanical parts and assemblies' ) ;
#4824 = DIRECTION ( 'NONE',  ( 0.7071067811865474617, -0.7071067811865474617, 0.000000000000000000 ) ) ;
#4825 = CARTESIAN_POINT ( 'NONE',  ( -46.00000000000000000, -117.2000000000000028, -165.5180954499999757 ) ) ;
#4826 = EDGE_CURVE ( 'NONE', #4897, #1763, #7597, .T. ) ;
#4827 = EDGE_CURVE ( 'NONE', #277, #8159, #5505, .T. ) ;
#4828 = VECTOR ( 'NONE', #727, 1000.000000000000000 ) ;
#4829 = DIRECTION ( 'NONE',  ( 0.7071067811865475727, 0.7071067811865475727, 0.000000000000000000 ) ) ;
#4830 = DIRECTION ( 'NONE',  ( 0.000000000000000000, 1.000000000000000000, -0.000000000000000000 ) ) ;
#4831 = CARTESIAN_POINT ( 'NONE',  ( -13.00000000000000000, -74.00000000000001421, -108.0000000000000000 ) ) ;
#4832 = ORIENTED_EDGE ( 'NONE', *, *, #5517, .T. ) ;
#4833 = ORIENTED_EDGE ( 'NONE', *, *, #5041, .T. ) ;
#4834 = CARTESIAN_POINT ( 'NONE',  ( -47.00000000000000000, -49.20000000000000284, -165.5180954499999757 ) ) ;
#4835 = VERTEX_POINT ( 'NONE', #8164 ) ;
#4836 = EDGE_LOOP ( 'NONE', ( #6454, #96, #6642, #6064 ) ) ;
#4837 = VECTOR ( 'NONE', #5933, 1000.000000000000000 ) ;
#4838 = EDGE_CURVE ( 'NONE', #3358, #4404, #4162, .T. ) ;
#4839 = ADVANCED_FACE ( 'NONE', ( #1507 ), #6811, .F. ) ;
#4840 = APPROVAL_ROLE ( '' ) ;
#4841 = CARTESIAN_POINT ( 'NONE',  ( -57.84499999999999886, 44.40299999999999869, -177.6180954499999984 ) ) ;
#4842 = ORIENTED_EDGE ( 'NONE', *, *, #5891, .T. ) ;
#4843 = DIRECTION ( 'NONE',  ( -0.7071067811865475727, 0.7071067811865475727, 0.000000000000000000 ) ) ;
#4844 = VERTEX_POINT ( 'NONE', #5073 ) ;
#4845 = VERTEX_POINT ( 'NONE', #427 ) ;
#4846 = EDGE_LOOP ( 'NONE', ( #3660, #6930, #1287, #3313 ) ) ;
#4847 = DIRECTION ( 'NONE',  ( 0.3393442484258341607, -0.000000000000000000, -0.9406622566364112314 ) ) ;
#4848 = VERTEX_POINT ( 'NONE', #1162 ) ;
#4849 = EDGE_LOOP ( 'NONE', ( #2192, #538, #7923, #7869 ) ) ;
#4850 = CARTESIAN_POINT ( 'NONE',  ( 34.55525999999999698, 110.8024999999999949, -165.6180954499999700 ) ) ;
#4851 = AXIS2_PLACEMENT_3D ( 'NONE', #5115, #7634, #3114 ) ;
#4852 = DIRECTION ( 'NONE',  ( 0.000000000000000000, 0.000000000000000000, 1.000000000000000000 ) ) ;
#4853 = ORIENTED_EDGE ( 'NONE', *, *, #1599, .T. ) ;
#4854 = CARTESIAN_POINT ( 'NONE',  ( 34.55525999999999698, 58.40250000000000341, -165.6180954499999700 ) ) ;
#4855 = LINE ( 'NONE', #1546, #318 ) ;
#4856 = DIRECTION ( 'NONE',  ( -5.551115123125777969E-15, 0.000000000000000000, -1.000000000000000000 ) ) ;
#4857 = CARTESIAN_POINT ( 'NONE',  ( -62.99999999999991473, 63.00000000000004263, -191.6180954499999984 ) ) ;
#4858 = ORIENTED_EDGE ( 'NONE', *, *, #2698, .F. ) ;
#4859 = DIRECTION ( 'NONE',  ( 0.7071067811865474617, 0.7071067811865474617, 0.000000000000000000 ) ) ;
#4860 = CARTESIAN_POINT ( 'NONE',  ( 44.55499999999999972, 124.8029999999999973, -165.6180954499999700 ) ) ;
#4861 = CARTESIAN_POINT ( 'NONE',  ( 19.50000000000000000, 51.20000000000000284, -165.6180954499999700 ) ) ;
#4862 = CARTESIAN_POINT ( 'NONE',  ( 20.50000000000000000, -48.20000000000000284, -191.6180954499999984 ) ) ;
#4863 = DIRECTION ( 'NONE',  ( -1.000000000000000000, 0.000000000000000000, -0.000000000000000000 ) ) ;
#4864 = ORIENTED_EDGE ( 'NONE', *, *, #4575, .F. ) ;
#4865 = DIRECTION ( 'NONE',  ( 0.7071067811865474617, 0.7071067811865474617, 0.000000000000000000 ) ) ;
#4866 = CARTESIAN_POINT ( 'NONE',  ( -47.84474000000000160, -110.8024999999999949, -177.6180954499999984 ) ) ;
#4867 = CARTESIAN_POINT ( 'NONE',  ( -69.00000000000000000, 25.00000000000000000, -86.20148000000000366 ) ) ;
#4868 = CARTESIAN_POINT ( 'NONE',  ( 45.00000000000000000, 20.00000000000000000, -40.00000000000000000 ) ) ;
#4869 = VECTOR ( 'NONE', #1876, 1000.000000000000000 ) ;
#4870 = VECTOR ( 'NONE', #4099, 1000.000000000000000 ) ;
#4871 = DIRECTION ( 'NONE',  ( 0.000000000000000000, -0.000000000000000000, -1.000000000000000000 ) ) ;
#4872 = VERTEX_POINT ( 'NONE', #5857 ) ;
#4873 = ORIENTED_EDGE ( 'NONE', *, *, #601, .T. ) ;
#4874 = DIRECTION ( 'NONE',  ( 0.000000000000000000, 0.000000000000000000, 1.000000000000000000 ) ) ;
#4875 = ORIENTED_EDGE ( 'NONE', *, *, #1374, .F. ) ;
#4876 = ORIENTED_EDGE ( 'NONE', *, *, #2063, .F. ) ;
#4877 = AXIS2_PLACEMENT_3D ( 'NONE', #7553, #1588, #4240 ) ;
#4878 = AXIS2_PLACEMENT_3D ( 'NONE', #1775, #8524, #7084 ) ;
#4879 = PERSON_AND_ORGANIZATION ( #8482, #7622 ) ;
#4880 = EDGE_CURVE ( 'NONE', #3810, #3780, #3726, .T. ) ;
#4881 = EDGE_CURVE ( 'NONE', #3583, #4845, #4794, .T. ) ;
#4882 = LINE ( 'NONE', #6139, #1851 ) ;
#4883 = ORIENTED_EDGE ( 'NONE', *, *, #6472, .T. ) ;
#4884 = CARTESIAN_POINT ( 'NONE',  ( 32.50000000000000000, -121.2000000000000028, -165.6180954499999700 ) ) ;
#4885 = VERTEX_POINT ( 'NONE', #5681 ) ;
#4886 = VECTOR ( 'NONE', #5972, 1000.000000000000000 ) ;
#4887 = ORIENTED_EDGE ( 'NONE', *, *, #494, .T. ) ;
#4888 = VECTOR ( 'NONE', #4429, 1000.000000000000000 ) ;
#4889 = VERTEX_POINT ( 'NONE', #3812 ) ;
#4890 = EDGE_CURVE ( 'NONE', #2270, #6162, #1766, .T. ) ;
#4891 = DIRECTION ( 'NONE',  ( -0.7071067811865474617, 0.7071067811865474617, 0.000000000000000000 ) ) ;
#4892 = ORIENTED_EDGE ( 'NONE', *, *, #5166, .T. ) ;
#4893 = ORIENTED_EDGE ( 'NONE', *, *, #8083, .F. ) ;
#4894 = CARTESIAN_POINT ( 'NONE',  ( 0.000000000000000000, -32.00000000000000000, 0.000000000000000000 ) ) ;
#4895 = LINE ( 'NONE', #7462, #4972 ) ;
#4896 = AXIS2_PLACEMENT_3D ( 'NONE', #522, #6465, #7733 ) ;
#4897 = VERTEX_POINT ( 'NONE', #472 ) ;
#4898 = FACE_OUTER_BOUND ( 'NONE', #1440, .T. ) ;
#4899 = DIRECTION ( 'NONE',  ( -0.7071067811865475727, 0.7071067811865475727, 0.000000000000000000 ) ) ;
#4900 = ADVANCED_FACE ( 'NONE', ( #1723 ), #7074, .F. ) ;
#4901 = CARTESIAN_POINT ( 'NONE',  ( -67.00000000000000000, -74.00000000000001421, -132.0000000000000000 ) ) ;
#4902 = EDGE_CURVE ( 'NONE', #6577, #5881, #3031, .T. ) ;
#4903 = CARTESIAN_POINT ( 'NONE',  ( -52.09999999999999432, 90.00000000000000000, -102.7460000000000093 ) ) ;
#4904 = AXIS2_PLACEMENT_3D ( 'NONE', #112, #4018, #7410 ) ;
#4905 = ORIENTED_EDGE ( 'NONE', *, *, #4347, .T. ) ;
#4906 = CARTESIAN_POINT ( 'NONE',  ( 0.000000000000000000, 0.000000000000000000, -86.20148000000000366 ) ) ;
#4907 = FACE_BOUND ( 'NONE', #245, .T. ) ;
#4908 = LINE ( 'NONE', #7562, #3306 ) ;
#4909 = AXIS2_PLACEMENT_3D ( 'NONE', #1452, #2142, #1494 ) ;
#4910 = CARTESIAN_POINT ( 'NONE',  ( -57.00000000000000000, -81.99999999999998579, -102.7459999999999951 ) ) ;
#4911 = CARTESIAN_POINT ( 'NONE',  ( -52.00000000000000000, -90.00000000000000000, -102.7459999999999951 ) ) ;
#4912 = ORIENTED_EDGE ( 'NONE', *, *, #2987, .F. ) ;
#4913 = DIRECTION ( 'NONE',  ( -0.000000000000000000, 0.000000000000000000, -1.000000000000000000 ) ) ;
#4914 = VECTOR ( 'NONE', #3521, 1000.000000000000000 ) ;
#4915 = LINE ( 'NONE', #2872, #6060 ) ;
#4916 = FACE_OUTER_BOUND ( 'NONE', #4780, .T. ) ;
#4917 = DIRECTION ( 'NONE',  ( 0.000000000000000000, 0.000000000000000000, -1.000000000000000000 ) ) ;
#4918 = CARTESIAN_POINT ( 'NONE',  ( -57.84499999999999886, 44.40299999999999869, -183.6180954499999984 ) ) ;
#4919 = ORIENTED_EDGE ( 'NONE', *, *, #5011, .F. ) ;
#4920 = ORIENTED_EDGE ( 'NONE', *, *, #6644, .T. ) ;
#4921 = DIRECTION ( 'NONE',  ( -0.7071067811865475727, -0.7071067811865475727, 0.000000000000000000 ) ) ;
#4922 = EDGE_LOOP ( 'NONE', ( #8051, #1935, #3060, #1702 ) ) ;
#4923 = DIRECTION ( 'NONE',  ( 0.000000000000000000, -1.000000000000000000, 0.000000000000000000 ) ) ;
#4924 = VERTEX_POINT ( 'NONE', #517 ) ;
#4925 = CARTESIAN_POINT ( 'NONE',  ( -33.64500000000000313, -73.89999999999999147, -121.2009999999999934 ) ) ;
#4926 = ORIENTED_EDGE ( 'NONE', *, *, #5900, .T. ) ;
#4927 = ORIENTED_EDGE ( 'NONE', *, *, #1027, .F. ) ;
#4928 = VECTOR ( 'NONE', #4423, 1000.000000000000114 ) ;
#4929 = EDGE_LOOP ( 'NONE', ( #4591, #1403, #5184, #2561, #1539, #14, #7459, #4177 ) ) ;
#4930 = LINE ( 'NONE', #2193, #1600 ) ;
#4931 = ORIENTED_EDGE ( 'NONE', *, *, #5415, .T. ) ;
#4932 = EDGE_CURVE ( 'NONE', #3748, #1567, #8332, .T. ) ;
#4933 = EDGE_CURVE ( 'NONE', #890, #548, #6416, .T. ) ;
#4934 = CARTESIAN_POINT ( 'NONE',  ( -94.00000000000000000, 32.00000000000000000, -183.5180954499999757 ) ) ;
#4935 = DIRECTION ( 'NONE',  ( 0.000000000000000000, 0.000000000000000000, -1.000000000000000000 ) ) ;
#4936 = VECTOR ( 'NONE', #7684, 1000.000000000000000 ) ;
#4937 = ADVANCED_FACE ( 'NONE', ( #562 ), #7816, .F. ) ;
#4938 = VERTEX_POINT ( 'NONE', #3163 ) ;
#4939 = EDGE_CURVE ( 'NONE', #326, #7195, #3766, .T. ) ;
#4940 = DIRECTION ( 'NONE',  ( -0.000000000000000000, -1.000000000000000000, -0.000000000000000000 ) ) ;
#4941 = DIRECTION ( 'NONE',  ( 0.000000000000000000, 0.000000000000000000, 1.000000000000000000 ) ) ;
#4942 = LINE ( 'NONE', #3205, #6125 ) ;
#4943 = DIRECTION ( 'NONE',  ( -0.000000000000000000, 1.000000000000000000, 0.000000000000000000 ) ) ;
#4944 = VECTOR ( 'NONE', #5413, 1000.000000000000000 ) ;
#4945 = ORIENTED_EDGE ( 'NONE', *, *, #4346, .T. ) ;
#4946 = DIRECTION ( 'NONE',  ( -0.7071067811865475727, 0.7071067811865475727, 0.000000000000000000 ) ) ;
#4947 = LINE ( 'NONE', #7601, #5371 ) ;
#4948 = CARTESIAN_POINT ( 'NONE',  ( 48.00000000000000000, -32.00000000000000000, -105.0000000000000000 ) ) ;
#4949 = EDGE_CURVE ( 'NONE', #3544, #1800, #5201, .T. ) ;
#4950 = EDGE_CURVE ( 'NONE', #599, #7547, #1807, .T. ) ;
#4951 = VECTOR ( 'NONE', #1561, 1000.000000000000000 ) ;
#4952 = PLANE ( 'NONE',  #56 ) ;
#4953 = DIRECTION ( 'NONE',  ( 0.000000000000000000, 0.000000000000000000, -1.000000000000000000 ) ) ;
#4954 = ORIENTED_EDGE ( 'NONE', *, *, #2969, .F. ) ;
#4955 = CARTESIAN_POINT ( 'NONE',  ( 20.50000000000000000, 117.2000000000000028, -165.5180954499999757 ) ) ;
#4956 = AXIS2_PLACEMENT_3D ( 'NONE', #8209, #2251, #5599 ) ;
#4957 = LINE ( 'NONE', #6304, #3424 ) ;
#4958 = LINE ( 'NONE', #1693, #4688 ) ;
#4959 = CARTESIAN_POINT ( 'NONE',  ( -88.00000000000000000, 24.00000000000000000, 122.2119089999999773 ) ) ;
#4960 = VECTOR ( 'NONE', #6989, 1000.000000000000000 ) ;
#4961 = DIRECTION ( 'NONE',  ( 0.000000000000000000, 1.000000000000000000, 0.000000000000000000 ) ) ;
#4962 = ORIENTED_EDGE ( 'NONE', *, *, #743, .F. ) ;
#4963 = ORIENTED_EDGE ( 'NONE', *, *, #6225, .T. ) ;
#4964 = CARTESIAN_POINT ( 'NONE',  ( -46.00000000000000000, 121.2000000000000028, -191.6180954499999984 ) ) ;
#4965 = ORIENTED_EDGE ( 'NONE', *, *, #2876, .T. ) ;
#4966 = VECTOR ( 'NONE', #2687, 1000.000000000000000 ) ;
#4967 = PLANE ( 'NONE',  #192 ) ;
#4968 = VERTEX_POINT ( 'NONE', #5767 ) ;
#4969 = FACE_OUTER_BOUND ( 'NONE', #3918, .T. ) ;
#4970 = ORIENTED_EDGE ( 'NONE', *, *, #1848, .T. ) ;
#4971 = EDGE_LOOP ( 'NONE', ( #6926, #123, #6264, #7237, #6374, #893, #3019, #2396, #5876, #2405, #1498, #6388, #1611, #415 ) ) ;
#4972 = VECTOR ( 'NONE', #4158, 1000.000000000000000 ) ;
#4973 = ORIENTED_EDGE ( 'NONE', *, *, #1745, .T. ) ;
#4974 = CARTESIAN_POINT ( 'NONE',  ( 50.00000000000000000, -125.0000000000000000, -183.6180954499999984 ) ) ;
#4975 = ORIENTED_EDGE ( 'NONE', *, *, #5458, .F. ) ;
#4976 = LINE ( 'NONE', #6977, #3003 ) ;
#4977 = CARTESIAN_POINT ( 'NONE',  ( -90.00000000000000000, -98.00000000000000000, -183.6180954499999984 ) ) ;
#4978 = CC_DESIGN_APPROVAL ( #2386, ( #3032 ) ) ;
#4979 = ORIENTED_EDGE ( 'NONE', *, *, #5833, .F. ) ;
#4980 = ADVANCED_FACE ( 'NONE', ( #1891 ), #5813, .T. ) ;
#4981 = DIRECTION ( 'NONE',  ( -0.7071067811865469066, -0.7071067811865482389, 0.000000000000000000 ) ) ;
#4982 = DIRECTION ( 'NONE',  ( 0.9998816778082588730, 0.000000000000000000, -0.01538279504320399713 ) ) ;
#4983 = LINE ( 'NONE', #5027, #992 ) ;
#4984 = DIRECTION ( 'NONE',  ( -0.000000000000000000, -1.000000000000000000, -0.000000000000000000 ) ) ;
#4985 = EDGE_CURVE ( 'NONE', #466, #1146, #5159, .T. ) ;
#4986 = VECTOR ( 'NONE', #4981, 999.9999999999998863 ) ;
#4987 = ADVANCED_FACE ( 'NONE', ( #7160 ), #1206, .F. ) ;
#4988 = VERTEX_POINT ( 'NONE', #6334 ) ;
#4989 = CARTESIAN_POINT ( 'NONE',  ( -50.00000000000000000, -32.00000000000000000, -183.6180954499999984 ) ) ;
#4990 = LINE ( 'NONE', #6338, #4816 ) ;
#4991 = DIRECTION ( 'NONE',  ( -0.7071067811865474617, -0.7071067811865474617, 0.000000000000000000 ) ) ;
#4992 = LINE ( 'NONE', #6944, #6559 ) ;
#4993 = EDGE_CURVE ( 'NONE', #146, #1042, #1048, .T. ) ;
#4994 = ADVANCED_FACE ( 'NONE', ( #682 ), #2061, .T. ) ;
#4995 = DIRECTION ( 'NONE',  ( -0.000000000000000000, -0.000000000000000000, -1.000000000000000000 ) ) ;
#4996 = VERTEX_POINT ( 'NONE', #7982 ) ;
#4997 = DIRECTION ( 'NONE',  ( 0.000000000000000000, 0.000000000000000000, -1.000000000000000000 ) ) ;
#4998 = PLANE ( 'NONE',  #7252 ) ;
#4999 = EDGE_CURVE ( 'NONE', #4872, #4835, #2629, .T. ) ;
#5000 = EDGE_CURVE ( 'NONE', #1098, #725, #8027, .T. ) ;
#5001 = DIRECTION ( 'NONE',  ( -0.04610476660840090446, 0.000000000000000000, 0.9989366098486854861 ) ) ;
#5002 = CARTESIAN_POINT ( 'NONE',  ( 0.000000000000000000, -36.00000000000000000, -183.6180954499999984 ) ) ;
#5003 = PLANE ( 'NONE',  #3713 ) ;
#5004 = PLANE ( 'NONE',  #5851 ) ;
#5005 = PLANE ( 'NONE',  #6157 ) ;
#5006 = VERTEX_POINT ( 'NONE', #5281 ) ;
#5007 = ORIENTED_EDGE ( 'NONE', *, *, #5962, .F. ) ;
#5008 = DIRECTION ( 'NONE',  ( 1.000000000000000000, 0.000000000000000000, 0.000000000000000000 ) ) ;
#5009 = ORIENTED_EDGE ( 'NONE', *, *, #52, .F. ) ;
#5010 = EDGE_CURVE ( 'NONE', #6504, #6819, #2020, .T. ) ;
#5011 = EDGE_CURVE ( 'NONE', #6651, #2759, #3942, .T. ) ;
#5012 = VECTOR ( 'NONE', #1789, 1000.000000000000227 ) ;
#5013 = DIRECTION ( 'NONE',  ( 0.000000000000000000, 1.000000000000000000, 0.000000000000000000 ) ) ;
#5014 = ORIENTED_EDGE ( 'NONE', *, *, #267, .T. ) ;
#5015 = CARTESIAN_POINT ( 'NONE',  ( -104.0000000000000000, -25.00000000000000000, -92.20148000000000366 ) ) ;
#5016 = ORIENTED_EDGE ( 'NONE', *, *, #7600, .T. ) ;
#5017 = ORIENTED_EDGE ( 'NONE', *, *, #5147, .T. ) ;
#5018 = EDGE_LOOP ( 'NONE', ( #7334, #592, #4801, #3062 ) ) ;
#5019 = ORIENTED_EDGE ( 'NONE', *, *, #5216, .F. ) ;
#5020 = VECTOR ( 'NONE', #4421, 1000.000000000000000 ) ;
#5021 = LINE ( 'NONE', #4367, #6335 ) ;
#5022 = CARTESIAN_POINT ( 'NONE',  ( -47.00000000000000000, -51.20000000000000284, -165.5180954499999757 ) ) ;
#5023 = DIRECTION ( 'NONE',  ( 0.000000000000000000, 0.000000000000000000, -1.000000000000000000 ) ) ;
#5024 = VECTOR ( 'NONE', #3879, 1000.000000000000114 ) ;
#5025 = LINE ( 'NONE', #3633, #5987 ) ;
#5026 = FACE_BOUND ( 'NONE', #926, .T. ) ;
#5027 = CARTESIAN_POINT ( 'NONE',  ( 9.099999999999999645, -9.099999999999999645, -165.6180954499999700 ) ) ;
#5028 = DIRECTION ( 'NONE',  ( -0.000000000000000000, -1.000000000000000000, -0.000000000000000000 ) ) ;
#5029 = ORIENTED_EDGE ( 'NONE', *, *, #5962, .T. ) ;
#5030 = CARTESIAN_POINT ( 'NONE',  ( 20.50000000000000000, 52.20000000000000284, -165.5180954499999757 ) ) ;
#5031 = VECTOR ( 'NONE', #4995, 1000.000000000000000 ) ;
#5032 = DIRECTION ( 'NONE',  ( 0.7071067811865477948, 0.000000000000000000, -0.7071067811865473507 ) ) ;
#5033 = CARTESIAN_POINT ( 'NONE',  ( -38.71706781186546209, -62.65851158618024641, -123.2000000000000028 ) ) ;
#5034 = PLANE ( 'NONE',  #5997 ) ;
#5035 = CARTESIAN_POINT ( 'NONE',  ( -51.00000000000000000, 25.00000000000000000, -86.20148000000000366 ) ) ;
#5036 = AXIS2_PLACEMENT_3D ( 'NONE', #4160, #6156, #3379 ) ;
#5037 = CARTESIAN_POINT ( 'NONE',  ( 34.55525999999999698, -110.8024999999999949, -165.6180954499999700 ) ) ;
#5038 = LINE ( 'NONE', #485, #454 ) ;
#5039 = ORIENTED_EDGE ( 'NONE', *, *, #1125, .T. ) ;
#5040 = DIRECTION ( 'NONE',  ( 0.7071067811865477948, 0.000000000000000000, -0.7071067811865473507 ) ) ;
#5041 = EDGE_CURVE ( 'NONE', #4444, #8390, #7368, .T. ) ;
#5042 = CARTESIAN_POINT ( 'NONE',  ( -64.00000000000000000, -74.00000000000001421, -146.0000000000000000 ) ) ;
#5043 = ADVANCED_FACE ( 'NONE', ( #4673 ), #1415, .F. ) ;
#5044 = PLANE ( 'NONE',  #4129 ) ;
#5045 = VECTOR ( 'NONE', #2841, 1000.000000000000000 ) ;
#5046 = VECTOR ( 'NONE', #888, 1000.000000000000000 ) ;
#5047 = COORDINATED_UNIVERSAL_TIME_OFFSET ( 8, 0, .AHEAD. ) ;
#5048 = EDGE_CURVE ( 'NONE', #1918, #8575, #3372, .T. ) ;
#5049 = PLANE ( 'NONE',  #4445 ) ;
#5050 = EDGE_CURVE ( 'NONE', #6253, #2748, #603, .T. ) ;
#5051 = CARTESIAN_POINT ( 'NONE',  ( -94.00000000000000000, 0.000000000000000000, -183.6180954499999984 ) ) ;
#5052 = ORIENTED_EDGE ( 'NONE', *, *, #2768, .F. ) ;
#5053 = ORIENTED_EDGE ( 'NONE', *, *, #1479, .F. ) ;
#5055 = AXIS2_PLACEMENT_3D ( 'NONE', #2823, #4693, #784 ) ;
#5054 = CARTESIAN_POINT ( 'NONE',  ( 86.00000000000000000, -20.00000000000000000, -171.6180954499999984 ) ) ;
#5056 = VERTEX_POINT ( 'NONE', #7249 ) ;
#5057 = EDGE_CURVE ( 'NONE', #6183, #4110, #3326, .T. ) ;
#5058 = PLANE ( 'NONE',  #471 ) ;
#5059 = ADVANCED_FACE ( 'NONE', ( #2673 ), #6590, .F. ) ;
#5060 = ORIENTED_EDGE ( 'NONE', *, *, #1524, .T. ) ;
#5061 = DIRECTION ( 'NONE',  ( 0.000000000000000000, -1.000000000000000000, 0.000000000000000000 ) ) ;
#5062 = ORIENTED_EDGE ( 'NONE', *, *, #6424, .F. ) ;
#5063 = VERTEX_POINT ( 'NONE', #7289 ) ;
#5064 = ORIENTED_EDGE ( 'NONE', *, *, #2377, .F. ) ;
#5065 = ORIENTED_EDGE ( 'NONE', *, *, #3706, .F. ) ;
#5066 = CARTESIAN_POINT ( 'NONE',  ( 35.75000000000000000, -26.00000000000000000, -9.900000000000000355 ) ) ;
#5067 = FACE_OUTER_BOUND ( 'NONE', #8370, .T. ) ;
#5068 = ORIENTED_EDGE ( 'NONE', *, *, #5411, .T. ) ;
#5069 = LINE ( 'NONE', #338, #7215 ) ;
#5070 = LINE ( 'NONE', #1072, #2815 ) ;
#5071 = ORIENTED_EDGE ( 'NONE', *, *, #6254, .T. ) ;
#5072 = CARTESIAN_POINT ( 'NONE',  ( 31.00000000000000000, -32.00000000000000000, -10.00000000000000000 ) ) ;
#5073 = CARTESIAN_POINT ( 'NONE',  ( -110.0000000000000000, -24.00000000000000000, 122.2119089999999773 ) ) ;
#5074 = ORIENTED_EDGE ( 'NONE', *, *, #269, .F. ) ;
#5075 = LINE ( 'NONE', #6418, #3829 ) ;
#5076 = AXIS2_PLACEMENT_3D ( 'NONE', #4640, #8038, #1382 ) ;
#5077 = DIRECTION ( 'NONE',  ( -0.7071067811865474617, -0.7071067811865474617, 0.000000000000000000 ) ) ;
#5078 = DIRECTION ( 'NONE',  ( -0.7071067811865475727, 0.7071067811865475727, 0.000000000000000000 ) ) ;
#5079 = LINE ( 'NONE', #7777, #1973 ) ;
#5080 = PLANE ( 'NONE',  #7810 ) ;
#5081 = VECTOR ( 'NONE', #2370, 1000.000000000000000 ) ;
#5082 = FACE_BOUND ( 'NONE', #672, .T. ) ;
#5083 = FACE_BOUND ( 'NONE', #7094, .T. ) ;
#5084 = ORIENTED_EDGE ( 'NONE', *, *, #6735, .T. ) ;
#5085 = PLANE ( 'NONE',  #2176 ) ;
#5086 = FACE_OUTER_BOUND ( 'NONE', #501, .T. ) ;
#5087 = DIRECTION ( 'NONE',  ( -1.000000000000000000, 0.000000000000000000, 0.000000000000000000 ) ) ;
#5088 = VECTOR ( 'NONE', #5497, 1000.000000000000000 ) ;
#5089 = PERSON_AND_ORGANIZATION ( #8482, #7622 ) ;
#5090 = CYLINDRICAL_SURFACE ( 'NONE', #5289, 1.250000000000001110 ) ;
#5091 = EDGE_CURVE ( 'NONE', #6317, #3754, #6025, .T. ) ;
#5092 = CARTESIAN_POINT ( 'NONE',  ( 50.00000000000000000, -125.0000000000000000, -183.6180954499999984 ) ) ;
#5093 = ORIENTED_EDGE ( 'NONE', *, *, #3190, .F. ) ;
#5094 = ORIENTED_EDGE ( 'NONE', *, *, #3550, .T. ) ;
#5095 = CYLINDRICAL_SURFACE ( 'NONE', #6683, 5.000000000000004441 ) ;
#5096 = AXIS2_PLACEMENT_3D ( 'NONE', #3608, #1476, #4219 ) ;
#5097 = VERTEX_POINT ( 'NONE', #724 ) ;
#5098 = EDGE_CURVE ( 'NONE', #4996, #1732, #6066, .T. ) ;
#5099 = EDGE_CURVE ( 'NONE', #987, #1151, #8412, .T. ) ;
#5100 = VECTOR ( 'NONE', #7120, 1000.000000000000000 ) ;
#5101 = DIRECTION ( 'NONE',  ( -5.551115123125777969E-15, 0.000000000000000000, -1.000000000000000000 ) ) ;
#5102 = ORIENTED_EDGE ( 'NONE', *, *, #8124, .T. ) ;
#5103 = DIRECTION ( 'NONE',  ( 0.4954754837717974536, -0.000000000000000000, -0.8686219229222247318 ) ) ;
#5104 = VERTEX_POINT ( 'NONE', #8063 ) ;
#5105 = ORIENTED_EDGE ( 'NONE', *, *, #7649, .T. ) ;
#5106 = ORIENTED_EDGE ( 'NONE', *, *, #6968, .F. ) ;
#5107 = ORIENTED_EDGE ( 'NONE', *, *, #2483, .T. ) ;
#5108 = AXIS2_PLACEMENT_3D ( 'NONE', #4825, #7569, #2301 ) ;
#5109 = EDGE_CURVE ( 'NONE', #4266, #6191, #3899, .T. ) ;
#5110 = ADVANCED_FACE ( 'NONE', ( #2589 ), #5242, .T. ) ;
#5111 = CARTESIAN_POINT ( 'NONE',  ( -46.00000000000000000, -52.20000000000000284, -165.5180954499999757 ) ) ;
#5112 = FACE_OUTER_BOUND ( 'NONE', #7108, .T. ) ;
#5113 = ORIENTED_EDGE ( 'NONE', *, *, #857, .F. ) ;
#5114 = VECTOR ( 'NONE', #1810, 1000.000000000000000 ) ;
#5115 = CARTESIAN_POINT ( 'NONE',  ( -26.50186437626909708, 90.00000000000000000, -128.2000000000000171 ) ) ;
#5116 = CARTESIAN_POINT ( 'NONE',  ( -72.00000000000000000, -10.00000000000000000, -90.20148000000000366 ) ) ;
#5117 = EDGE_LOOP ( 'NONE', ( #1420, #284, #4007, #6560 ) ) ;
#5118 = DIRECTION ( 'NONE',  ( -0.7071067811865474617, -0.7071067811865474617, 0.000000000000000000 ) ) ;
#5119 = DIRECTION ( 'NONE',  ( 1.000000000000000000, 0.000000000000000000, -0.000000000000000000 ) ) ;
#5120 = DIRECTION ( 'NONE',  ( 0.000000000000000000, 0.000000000000000000, -1.000000000000000000 ) ) ;
#5121 = AXIS2_PLACEMENT_3D ( 'NONE', #555, #4455, #20 ) ;
#5122 = LINE ( 'NONE', #1038, #8156 ) ;
#5123 = CARTESIAN_POINT ( 'NONE',  ( 30.00000000000000000, -20.00000000000000000, -115.0000000000000000 ) ) ;
#5124 = PLANE ( 'NONE',  #3920 ) ;
#5125 = CARTESIAN_POINT ( 'NONE',  ( 19.50000000000000000, 0.000000000000000000, -191.6180954499999984 ) ) ;
#5126 = CARTESIAN_POINT ( 'NONE',  ( -88.00000000000000000, 24.00000000000000000, -183.6180954499999984 ) ) ;
#5127 = DIRECTION ( 'NONE',  ( 0.7071067811865469066, 0.7071067811865482389, 0.000000000000000000 ) ) ;
#5128 = VERTEX_POINT ( 'NONE', #4194 ) ;
#5129 = CARTESIAN_POINT ( 'NONE',  ( -57.00000000000000000, 18.00000000000000000, -92.20148000000000366 ) ) ;
#5130 = DIRECTION ( 'NONE',  ( 0.000000000000000000, 0.000000000000000000, -1.000000000000000000 ) ) ;
#5131 = LINE ( 'NONE', #3176, #8578 ) ;
#5132 = DIRECTION ( 'NONE',  ( -0.01538279504320399539, 0.000000000000000000, -0.9998816778082587620 ) ) ;
#5133 = CARTESIAN_POINT ( 'NONE',  ( -47.50140412403019496, -74.00000000000001421, -125.1017785571049217 ) ) ;
#5134 = ORIENTED_EDGE ( 'NONE', *, *, #503, .T. ) ;
#5135 = VERTEX_POINT ( 'NONE', #6802 ) ;
#5136 = CARTESIAN_POINT ( 'NONE',  ( 31.00000000000000000, -32.00000000000000000, -50.00000000000000000 ) ) ;
#5137 = EDGE_LOOP ( 'NONE', ( #6945, #6030, #6969, #6230 ) ) ;
#5138 = FACE_OUTER_BOUND ( 'NONE', #1228, .T. ) ;
#5139 = ORIENTED_EDGE ( 'NONE', *, *, #553, .F. ) ;
#5140 = FACE_OUTER_BOUND ( 'NONE', #7738, .T. ) ;
#5141 = VERTEX_POINT ( 'NONE', #5625 ) ;
#5142 = EDGE_LOOP ( 'NONE', ( #4606, #8410, #4711, #4442 ) ) ;
#5143 = ORIENTED_EDGE ( 'NONE', *, *, #5216, .T. ) ;
#5144 = EDGE_LOOP ( 'NONE', ( #5500, #6237, #1129, #1983 ) ) ;
#5145 = LINE ( 'NONE', #6001, #8007 ) ;
#5146 = VECTOR ( 'NONE', #1832, 1000.000000000000000 ) ;
#5147 = EDGE_CURVE ( 'NONE', #4272, #5274, #4234, .T. ) ;
#5148 = ADVANCED_FACE ( 'NONE', ( #1499 ), #6108, .T. ) ;
#5149 = DIRECTION ( 'NONE',  ( -0.000000000000000000, -0.000000000000000000, 1.000000000000000000 ) ) ;
#5150 = CARTESIAN_POINT ( 'NONE',  ( -72.00000000000000000, 5.000000000000000000, -90.20148000000000366 ) ) ;
#5151 = LINE ( 'NONE', #1887, #4048 ) ;
#5152 = EDGE_CURVE ( 'NONE', #2144, #6119, #243, .T. ) ;
#5153 = CARTESIAN_POINT ( 'NONE',  ( -67.00000000000000000, -98.00000000000000000, -132.0000000000000000 ) ) ;
#5154 = ORIENTED_EDGE ( 'NONE', *, *, #1529, .F. ) ;
#5155 = VECTOR ( 'NONE', #3572, 1000.000000000000000 ) ;
#5156 = ORIENTED_EDGE ( 'NONE', *, *, #1695, .F. ) ;
#5157 = AXIS2_PLACEMENT_3D ( 'NONE', #4834, #4055, #4791 ) ;
#5158 = DIRECTION ( 'NONE',  ( -1.000000000000000000, 0.000000000000000000, 0.000000000000000000 ) ) ;
#5159 = LINE ( 'NONE', #4508, #2991 ) ;
#5160 = CARTESIAN_POINT ( 'NONE',  ( -33.00000000000000000, 120.2000000000000028, -165.6180954499999700 ) ) ;
#5161 = CARTESIAN_POINT ( 'NONE',  ( -69.00000000000000000, -20.19999999999999929, -86.20148000000000366 ) ) ;
#5162 = VECTOR ( 'NONE', #4439, 1000.000000000000000 ) ;
#5163 = LINE ( 'NONE', #6511, #1497 ) ;
#5164 = VECTOR ( 'NONE', #6817, 1000.000000000000000 ) ;
#5165 = DIRECTION ( 'NONE',  ( 1.000000000000000000, 0.000000000000000000, -0.000000000000000000 ) ) ;
#5166 = EDGE_CURVE ( 'NONE', #5786, #4996, #2317, .T. ) ;
#5167 = ADVANCED_FACE ( 'NONE', ( #5452 ), #6193, .T. ) ;
#5168 = CARTESIAN_POINT ( 'NONE',  ( -102.0000000000000142, 0.000000000000000000, -92.20148000000000366 ) ) ;
#5169 = FACE_BOUND ( 'NONE', #5538, .T. ) ;
#5170 = LINE ( 'NONE', #5821, #5718 ) ;
#5171 = VECTOR ( 'NONE', #5479, 1000.000000000000000 ) ;
#5172 = EDGE_LOOP ( 'NONE', ( #5931, #5556, #4449, #7411, #1753, #5800, #4441, #3977, #4406, #4628, #8103, #4858, #1238, #7666, #2490, #1316, #8582, #5065 ) ) ;
#5173 = DIRECTION ( 'NONE',  ( -1.000000000000000000, 0.000000000000000000, 0.000000000000000000 ) ) ;
#5174 = DIRECTION ( 'NONE',  ( -0.000000000000000000, 0.000000000000000000, 1.000000000000000000 ) ) ;
#5175 = DIRECTION ( 'NONE',  ( 0.000000000000000000, -1.000000000000000000, 0.000000000000000000 ) ) ;
#5176 = FACE_OUTER_BOUND ( 'NONE', #1059, .T. ) ;
#5177 = LINE ( 'NONE', #7836, #8386 ) ;
#5178 = ORIENTED_EDGE ( 'NONE', *, *, #7862, .T. ) ;
#5179 = VERTEX_POINT ( 'NONE', #6841 ) ;
#5180 = DIRECTION ( 'NONE',  ( -0.000000000000000000, -0.000000000000000000, -1.000000000000000000 ) ) ;
#5181 = VERTEX_POINT ( 'NONE', #7545 ) ;
#5182 = AXIS2_PLACEMENT_3D ( 'NONE', #1791, #1313, #2444 ) ;
#5183 = LINE ( 'NONE', #8491, #4733 ) ;
#5184 = ORIENTED_EDGE ( 'NONE', *, *, #2174, .T. ) ;
#5185 = AXIS2_PLACEMENT_3D ( 'NONE', #6995, #1043, #3690 ) ;
#5186 = DIRECTION ( 'NONE',  ( 0.000000000000000000, 1.000000000000000000, 0.000000000000000000 ) ) ;
#5187 = VERTEX_POINT ( 'NONE', #329 ) ;
#5188 = ORIENTED_EDGE ( 'NONE', *, *, #4032, .T. ) ;
#5189 = VERTEX_POINT ( 'NONE', #2846 ) ;
#5190 = VERTEX_POINT ( 'NONE', #4278 ) ;
#5191 = AXIS2_PLACEMENT_3D ( 'NONE', #35, #5907, #7905 ) ;
#5192 = PLANE ( 'NONE',  #8589 ) ;
#5193 = LINE ( 'NONE', #1200, #6682 ) ;
#5194 = CYLINDRICAL_SURFACE ( 'NONE', #596, 1.250000000000001110 ) ;
#5195 = DIRECTION ( 'NONE',  ( 0.000000000000000000, 0.000000000000000000, 1.000000000000000000 ) ) ;
#5196 = ORIENTED_EDGE ( 'NONE', *, *, #8607, .T. ) ;
#5197 = ORIENTED_EDGE ( 'NONE', *, *, #5729, .T. ) ;
#5198 = EDGE_CURVE ( 'NONE', #4366, #3110, #1579, .T. ) ;
#5199 = LINE ( 'NONE', #5399, #7248 ) ;
#5200 = EDGE_CURVE ( 'NONE', #7647, #4014, #5584, .T. ) ;
#5201 = LINE ( 'NONE', #7856, #1875 ) ;
#5202 = LINE ( 'NONE', #7857, #7580 ) ;
#5203 = EDGE_CURVE ( 'NONE', #1669, #4597, #4112, .T. ) ;
#5204 = CARTESIAN_POINT ( 'NONE',  ( -59.00000000000000000, 82.00000000000000000, -139.6666666666666572 ) ) ;
#5205 = EDGE_CURVE ( 'NONE', #3358, #3013, #2802, .T. ) ;
#5206 = DIRECTION ( 'NONE',  ( 0.000000000000000000, -1.000000000000000000, 0.000000000000000000 ) ) ;
#5207 = VERTEX_POINT ( 'NONE', #8153 ) ;
#5208 = LINE ( 'NONE', #7864, #460 ) ;
#5209 = CARTESIAN_POINT ( 'NONE',  ( 43.60000000000000853, -43.60000000000000853, -191.6180954499999984 ) ) ;
#5210 = DIRECTION ( 'NONE',  ( 0.000000000000000000, -0.000000000000000000, 1.000000000000000000 ) ) ;
#5211 = VECTOR ( 'NONE', #7938, 1000.000000000000000 ) ;
#5212 = ORIENTED_EDGE ( 'NONE', *, *, #210, .F. ) ;
#5213 = DIRECTION ( 'NONE',  ( 0.000000000000000000, 0.000000000000000000, -1.000000000000000000 ) ) ;
#5214 = EDGE_CURVE ( 'NONE', #1079, #2048, #8111, .T. ) ;
#5215 = CARTESIAN_POINT ( 'NONE',  ( -33.64500000000000313, -98.00000000000000000, -121.2009999999999934 ) ) ;
#5216 = EDGE_CURVE ( 'NONE', #6109, #3791, #7458, .T. ) ;
#5217 = CARTESIAN_POINT ( 'NONE',  ( -88.00000000000000000, -24.00000000000000000, 122.2119089999999773 ) ) ;
#5218 = VECTOR ( 'NONE', #3499, 1000.000000000000000 ) ;
#5219 = CARTESIAN_POINT ( 'NONE',  ( -59.00000000000000000, 98.00000000000000000, -139.6666666666666572 ) ) ;
#5220 = CARTESIAN_POINT ( 'NONE',  ( 20.50000000000000000, 48.20000000000000284, -165.6180954499999700 ) ) ;
#5221 = ORIENTED_EDGE ( 'NONE', *, *, #1599, .F. ) ;
#5222 = DIRECTION ( 'NONE',  ( -0.000000000000000000, 1.000000000000000000, 0.000000000000000000 ) ) ;
#5223 = ORIENTED_EDGE ( 'NONE', *, *, #8238, .T. ) ;
#5224 = VECTOR ( 'NONE', #1625, 1000.000000000000000 ) ;
#5225 = PLANE ( 'NONE',  #2605 ) ;
#5226 = DIRECTION ( 'NONE',  ( -0.000000000000000000, -1.000000000000000000, -0.000000000000000000 ) ) ;
#5227 = ORIENTED_EDGE ( 'NONE', *, *, #4575, .T. ) ;
#5228 = VECTOR ( 'NONE', #5344, 1000.000000000000000 ) ;
#5229 = LINE ( 'NONE', #7756, #8522 ) ;
#5230 = VERTEX_POINT ( 'NONE', #3589 ) ;
#5231 = ORIENTED_EDGE ( 'NONE', *, *, #6322, .F. ) ;
#5232 = VERTEX_POINT ( 'NONE', #6238 ) ;
#5233 = ORIENTED_EDGE ( 'NONE', *, *, #6210, .T. ) ;
#5234 = VECTOR ( 'NONE', #1090, 1000.000000000000000 ) ;
#5235 = LINE ( 'NONE', #2582, #8039 ) ;
#5236 = LINE ( 'NONE', #595, #5296 ) ;
#5237 = CARTESIAN_POINT ( 'NONE',  ( 0.000000000000000000, -48.20000000000000284, -191.6180954499999984 ) ) ;
#5238 = CARTESIAN_POINT ( 'NONE',  ( -68.00000000000000000, -5.000000000000000000, -90.20148000000000366 ) ) ;
#5239 = ORIENTED_EDGE ( 'NONE', *, *, #5618, .T. ) ;
#5240 = EDGE_LOOP ( 'NONE', ( #6661, #4176, #83, #1580, #7102, #5632, #8603, #4873, #8056, #7791, #5925, #1203, #4721, #1500, #4452, #6972, #1535, #3925, #5029, #4578, #6430, #2274, #6987, #7669, #5017, #5014, #1010, #1022, #7968, #6505 ) ) ;
#5241 = VECTOR ( 'NONE', #1001, 1000.000000000000114 ) ;
#5242 = PLANE ( 'NONE',  #6045 ) ;
#5243 = LINE ( 'NONE', #1373, #1749 ) ;
#5244 = DIRECTION ( 'NONE',  ( 1.000000000000000000, 0.000000000000000000, 0.000000000000000000 ) ) ;
#5245 = VECTOR ( 'NONE', #5902, 1000.000000000000114 ) ;
#5246 = ORIENTED_EDGE ( 'NONE', *, *, #5307, .T. ) ;
#5247 = DIRECTION ( 'NONE',  ( 1.000000000000000000, 0.000000000000000000, 0.000000000000000000 ) ) ;
#5248 = EDGE_CURVE ( 'NONE', #277, #4656, #286, .T. ) ;
#5249 = DIRECTION ( 'NONE',  ( 0.000000000000000000, 1.000000000000000000, 0.000000000000000000 ) ) ;
#5250 = EDGE_CURVE ( 'NONE', #3378, #2182, #199, .T. ) ;
#5251 = CARTESIAN_POINT ( 'NONE',  ( -33.00000000000000000, -118.2000000000000028, -165.6180954499999700 ) ) ;
#5252 = AXIS2_PLACEMENT_3D ( 'NONE', #2850, #76, #6765 ) ;
#5253 = ORIENTED_EDGE ( 'NONE', *, *, #4826, .T. ) ;
#5254 = CARTESIAN_POINT ( 'NONE',  ( -90.00000000000000000, 74.00000000000000000, -149.0000000000000000 ) ) ;
#5255 = CARTESIAN_POINT ( 'NONE',  ( -51.00000000000000000, -25.00000000000000000, -92.20148000000000366 ) ) ;
#5256 = DIRECTION ( 'NONE',  ( 0.000000000000000000, -1.000000000000000000, 0.000000000000000000 ) ) ;
#5257 = EDGE_CURVE ( 'NONE', #58, #2713, #4930, .T. ) ;
#5258 = ADVANCED_FACE ( 'NONE', ( #3625 ), #7499, .T. ) ;
#5259 = CARTESIAN_POINT ( 'NONE',  ( -42.35000000000000142, 42.35000000000000142, -165.6180954499999700 ) ) ;
#5260 = CARTESIAN_POINT ( 'NONE',  ( -13.00000000000000000, 98.00000000000000000, -123.2000000000000028 ) ) ;
#5261 = ADVANCED_FACE ( 'NONE', ( #6931 ), #2978, .F. ) ;
#5262 = DIRECTION ( 'NONE',  ( 1.000000000000000000, 0.000000000000000000, -0.000000000000000000 ) ) ;
#5263 = EDGE_LOOP ( 'NONE', ( #4279, #4056, #2736, #2447 ) ) ;
#5264 = CARTESIAN_POINT ( 'NONE',  ( -101.0000000000000000, 16.00000000000000000, 122.2119089999999773 ) ) ;
#5265 = DIRECTION ( 'NONE',  ( -0.000000000000000000, 1.000000000000000000, -0.000000000000000000 ) ) ;
#5266 = ORIENTED_EDGE ( 'NONE', *, *, #8519, .T. ) ;
#5267 = EDGE_CURVE ( 'NONE', #4097, #1678, #7629, .T. ) ;
#5268 = FACE_OUTER_BOUND ( 'NONE', #7211, .T. ) ;
#5269 = ADVANCED_FACE ( 'NONE', ( #4319 ), #5671, .T. ) ;
#5270 = EDGE_LOOP ( 'NONE', ( #1699, #4738, #1435, #710 ) ) ;
#5271 = VERTEX_POINT ( 'NONE', #6323 ) ;
#5272 = VECTOR ( 'NONE', #6372, 1000.000000000000000 ) ;
#5273 = ORIENTED_EDGE ( 'NONE', *, *, #127, .F. ) ;
#5274 = VERTEX_POINT ( 'NONE', #4642 ) ;
#5275 = DIRECTION ( 'NONE',  ( -1.000000000000000000, -0.000000000000000000, -0.000000000000000000 ) ) ;
#5276 = DIRECTION ( 'NONE',  ( -0.000000000000000000, -0.000000000000000000, -1.000000000000000000 ) ) ;
#5277 = DIRECTION ( 'NONE',  ( 0.000000000000000000, 1.000000000000000000, 0.000000000000000000 ) ) ;
#5278 = LINE ( 'NONE', #7244, #6836 ) ;
#5279 = ORIENTED_EDGE ( 'NONE', *, *, #4292, .F. ) ;
#5280 = VERTEX_POINT ( 'NONE', #5989 ) ;
#5281 = CARTESIAN_POINT ( 'NONE',  ( 48.55499999999999972, 120.8029999999999973, -183.6180954499999984 ) ) ;
#5282 = DIRECTION ( 'NONE',  ( -0.7071067811865474617, 0.7071067811865474617, -0.000000000000000000 ) ) ;
#5283 = DIRECTION ( 'NONE',  ( -0.7071067811865474617, -0.7071067811865474617, 0.000000000000000000 ) ) ;
#5284 = VERTEX_POINT ( 'NONE', #3909 ) ;
#5285 = EDGE_LOOP ( 'NONE', ( #285, #7925, #2222, #7205 ) ) ;
#5286 = LINE ( 'NONE', #1899, #37 ) ;
#5287 = PLANE ( 'NONE',  #5191 ) ;
#5288 = LINE ( 'NONE', #128, #2706 ) ;
#5289 = AXIS2_PLACEMENT_3D ( 'NONE', #7221, #7913, #1260 ) ;
#5290 = EDGE_LOOP ( 'NONE', ( #8592, #3330, #1317, #2571 ) ) ;
#5291 = DIRECTION ( 'NONE',  ( -0.000000000000000000, -1.000000000000000000, -0.000000000000000000 ) ) ;
#5292 = VECTOR ( 'NONE', #7815, 1000.000000000000000 ) ;
#5293 = PLANE ( 'NONE',  #6614 ) ;
#5294 = FACE_OUTER_BOUND ( 'NONE', #2847, .T. ) ;
#5295 = CARTESIAN_POINT ( 'NONE',  ( -61.84499999999999886, -48.40299999999999869, -165.6180954499999700 ) ) ;
#5296 = VECTOR ( 'NONE', #8545, 1000.000000000000000 ) ;
#5297 = VECTOR ( 'NONE', #2422, 1000.000000000000114 ) ;
#5298 = DIRECTION ( 'NONE',  ( 0.000000000000000000, -1.000000000000000000, 0.000000000000000000 ) ) ;
#5299 = DIRECTION ( 'NONE',  ( 0.000000000000000000, -0.000000000000000000, 1.000000000000000000 ) ) ;
#5300 = EDGE_LOOP ( 'NONE', ( #7843, #5721, #1712, #2276 ) ) ;
#5301 = EDGE_CURVE ( 'NONE', #1889, #1533, #3953, .T. ) ;
#5302 = EDGE_CURVE ( 'NONE', #6395, #6875, #6517, .T. ) ;
#5303 = CARTESIAN_POINT ( 'NONE',  ( 32.50000000000000000, -52.20000000000000284, -165.6180954499999700 ) ) ;
#5304 = CARTESIAN_POINT ( 'NONE',  ( 30.00000000000000000, -32.00000000000000000, -115.0000000000000000 ) ) ;
#5305 = VECTOR ( 'NONE', #2635, 1000.000000000000000 ) ;
#5306 = ADVANCED_FACE ( 'NONE', ( #7174 ), #7342, .T. ) ;
#5307 = EDGE_CURVE ( 'NONE', #927, #3583, #1342, .T. ) ;
#5308 = CARTESIAN_POINT ( 'NONE',  ( -59.00000000000000000, -81.99999999999998579, -141.0000000000000000 ) ) ;
#5309 = VERTEX_POINT ( 'NONE', #5336 ) ;
#5310 = DIRECTION ( 'NONE',  ( 0.000000000000000000, 1.000000000000000000, 0.000000000000000000 ) ) ;
#5311 = ORIENTED_EDGE ( 'NONE', *, *, #1225, .F. ) ;
#5312 = ORIENTED_EDGE ( 'NONE', *, *, #492, .T. ) ;
#5313 = VECTOR ( 'NONE', #5502, 1000.000000000000000 ) ;
#5314 = ORIENTED_EDGE ( 'NONE', *, *, #4778, .F. ) ;
#5315 = VERTEX_POINT ( 'NONE', #4687 ) ;
#5316 = ORIENTED_EDGE ( 'NONE', *, *, #2390, .T. ) ;
#5317 = ADVANCED_FACE ( 'NONE', ( #8604 ), #7259, .T. ) ;
#5318 = EDGE_CURVE ( 'NONE', #7432, #7456, #6602, .T. ) ;
#5319 = DIRECTION ( 'NONE',  ( 0.000000000000000000, -1.000000000000000000, 0.000000000000000000 ) ) ;
#5320 = AXIS2_PLACEMENT_3D ( 'NONE', #6050, #5310, #142 ) ;
#5321 = DIRECTION ( 'NONE',  ( 0.000000000000000000, 0.000000000000000000, -1.000000000000000000 ) ) ;
#5322 = CARTESIAN_POINT ( 'NONE',  ( 33.50000000000000000, 0.000000000000000000, -165.6180954499999700 ) ) ;
#5323 = CARTESIAN_POINT ( 'NONE',  ( 35.75000000000000000, -26.00000000000000000, -10.00000000000000000 ) ) ;
#5324 = VERTEX_POINT ( 'NONE', #3992 ) ;
#5325 = VERTEX_POINT ( 'NONE', #1217 ) ;
#5326 = CARTESIAN_POINT ( 'NONE',  ( -105.0000000000000000, 130.0000000000000000, -183.6180954499999984 ) ) ;
#5327 = VECTOR ( 'NONE', #2610, 1000.000000000000114 ) ;
#5328 = LINE ( 'NONE', #2021, #7168 ) ;
#5329 = DIRECTION ( 'NONE',  ( -1.000000000000000000, 0.000000000000000000, 0.000000000000000000 ) ) ;
#5330 = ORIENTED_EDGE ( 'NONE', *, *, #1077, .F. ) ;
#5331 = VERTEX_POINT ( 'NONE', #6681 ) ;
#5332 = LINE ( 'NONE', #7989, #4199 ) ;
#5333 = DIRECTION ( 'NONE',  ( -1.000000000000000000, 0.000000000000000000, 0.000000000000000000 ) ) ;
#5334 = CARTESIAN_POINT ( 'NONE',  ( -61.00000000000000000, 18.00000000000000000, -92.20148000000000366 ) ) ;
#5335 = EDGE_LOOP ( 'NONE', ( #3711, #797, #6835, #1195 ) ) ;
#5336 = CARTESIAN_POINT ( 'NONE',  ( -47.00000000000000000, -51.20000000000000284, -165.6180954499999700 ) ) ;
#5337 = LINE ( 'NONE', #2563, #2732 ) ;
#5338 = DIRECTION ( 'NONE',  ( -0.000000000000000000, -0.000000000000000000, -1.000000000000000000 ) ) ;
#5339 = CARTESIAN_POINT ( 'NONE',  ( -40.78813562373094470, -74.00000000000001421, -128.2000000000000171 ) ) ;
#5340 = VECTOR ( 'NONE', #1340, 1000.000000000000000 ) ;
#5341 = LINE ( 'NONE', #3389, #4500 ) ;
#5342 = DIRECTION ( 'NONE',  ( 0.000000000000000000, 1.000000000000000000, 0.000000000000000000 ) ) ;
#5343 = ORIENTED_EDGE ( 'NONE', *, *, #8034, .T. ) ;
#5344 = DIRECTION ( 'NONE',  ( 0.000000000000000000, -1.000000000000000000, 0.000000000000000000 ) ) ;
#5345 = CARTESIAN_POINT ( 'NONE',  ( -99.75000000000000000, 16.00000000000000000, 122.2119089999999773 ) ) ;
#5346 = VECTOR ( 'NONE', #4725, 1000.000000000000114 ) ;
#5347 = EDGE_CURVE ( 'NONE', #3810, #7455, #7994, .T. ) ;
#5348 = CARTESIAN_POINT ( 'NONE',  ( 76.85000000000000853, 76.85000000000000853, -191.6180954499999984 ) ) ;
#5349 = ORIENTED_EDGE ( 'NONE', *, *, #6687, .F. ) ;
#5350 = CARTESIAN_POINT ( 'NONE',  ( -30.03739828220182773, -81.99999999999998579, -124.6644660940672651 ) ) ;
#5351 = EDGE_LOOP ( 'NONE', ( #5604, #4013, #905, #233 ) ) ;
#5352 = EDGE_LOOP ( 'NONE', ( #3887, #8413, #7838, #6961 ) ) ;
#5353 = CARTESIAN_POINT ( 'NONE',  ( -52.00000000000000000, 98.00000000000000000, -102.7459999999999951 ) ) ;
#5354 = VECTOR ( 'NONE', #5868, 1000.000000000000000 ) ;
#5355 = EDGE_CURVE ( 'NONE', #2633, #6635, #737, .T. ) ;
#5356 = ORIENTED_EDGE ( 'NONE', *, *, #7563, .F. ) ;
#5357 = ADVANCED_FACE ( 'NONE', ( #6036 ), #3300, .F. ) ;
#5358 = ORIENTED_EDGE ( 'NONE', *, *, #7719, .T. ) ;
#5359 = ORIENTED_EDGE ( 'NONE', *, *, #3769, .T. ) ;
#5360 = VECTOR ( 'NONE', #1854, 1000.000000000000000 ) ;
#5361 = FACE_OUTER_BOUND ( 'NONE', #4354, .T. ) ;
#5362 = DIRECTION ( 'NONE',  ( 0.000000000000000000, -0.000000000000000000, 1.000000000000000000 ) ) ;
#5363 = CARTESIAN_POINT ( 'NONE',  ( 44.55499999999999972, 124.8029999999999973, -183.6180954499999984 ) ) ;
#5364 = VERTEX_POINT ( 'NONE', #614 ) ;
#5365 = EDGE_LOOP ( 'NONE', ( #2774, #2578 ) ) ;
#5366 = ADVANCED_FACE ( 'NONE', ( #571 ), #3335, .F. ) ;
#5367 = CARTESIAN_POINT ( 'NONE',  ( 43.77799999999999159, 90.00000000000000000, -43.77799999999999159 ) ) ;
#5368 = EDGE_CURVE ( 'NONE', #1763, #1182, #1302, .T. ) ;
#5369 = CARTESIAN_POINT ( 'NONE',  ( -49.00000000000000000, 25.00000000000000000, -92.20148000000000366 ) ) ;
#5370 = VERTEX_POINT ( 'NONE', #1905 ) ;
#5371 = VECTOR ( 'NONE', #5423, 1000.000000000000114 ) ;
#5372 = LINE ( 'NONE', #120, #4944 ) ;
#5373 = LINE ( 'NONE', #8030, #6924 ) ;
#5374 = ORIENTED_EDGE ( 'NONE', *, *, #6596, .T. ) ;
#5375 = VECTOR ( 'NONE', #1130, 1000.000000000000227 ) ;
#5376 = ORIENTED_EDGE ( 'NONE', *, *, #7643, .F. ) ;
#5377 = CARTESIAN_POINT ( 'NONE',  ( 0.000000000000000000, -121.2000000000000028, -165.6180954499999700 ) ) ;
#5378 = EDGE_CURVE ( 'NONE', #4117, #2844, #3870, .T. ) ;
#5379 = FACE_OUTER_BOUND ( 'NONE', #4576, .T. ) ;
#5380 = EDGE_CURVE ( 'NONE', #3835, #7716, #8526, .T. ) ;
#5381 = CARTESIAN_POINT ( 'NONE',  ( 33.50000000000000000, 0.000000000000000000, -191.6180954499999984 ) ) ;
#5382 = ORIENTED_EDGE ( 'NONE', *, *, #764, .F. ) ;
#5383 = CARTESIAN_POINT ( 'NONE',  ( -57.00000000000000000, -74.00000000000001421, -102.7459999999999951 ) ) ;
#5384 = VECTOR ( 'NONE', #8569, 1000.000000000000114 ) ;
#5385 = DIRECTION ( 'NONE',  ( 1.000000000000000000, 0.000000000000000000, 0.000000000000000000 ) ) ;
#5386 = DIRECTION ( 'NONE',  ( 0.7071067811865475727, -0.7071067811865475727, 0.000000000000000000 ) ) ;
#5387 = VECTOR ( 'NONE', #1584, 1000.000000000000000 ) ;
#5388 = LINE ( 'NONE', #6123, #5461 ) ;
#5389 = LINE ( 'NONE', #2081, #2800 ) ;
#5390 = ORIENTED_EDGE ( 'NONE', *, *, #367, .T. ) ;
#5391 = CARTESIAN_POINT ( 'NONE',  ( 19.50000000000000000, 0.000000000000000000, -165.6180954499999700 ) ) ;
#5392 = CARTESIAN_POINT ( 'NONE',  ( -64.00000000000000000, 74.00000000000000000, -146.0000000000000000 ) ) ;
#5393 = CIRCLE ( 'NONE', #2615, 1.250000000000001110 ) ;
#5394 = CARTESIAN_POINT ( 'NONE',  ( 48.00000000000000000, 20.00000000000000000, -105.0000000000000000 ) ) ;
#5395 = VERTEX_POINT ( 'NONE', #4560 ) ;
#5396 = CARTESIAN_POINT ( 'NONE',  ( -61.84499999999999886, 120.8029999999999973, -177.6180954499999984 ) ) ;
#5397 = ORIENTED_EDGE ( 'NONE', *, *, #1756, .T. ) ;
#5398 = EDGE_LOOP ( 'NONE', ( #6144, #5493, #6613, #7496 ) ) ;
#5399 = CARTESIAN_POINT ( 'NONE',  ( 25.00000000000000000, 32.00000000000000000, -171.6180954499999984 ) ) ;
#5400 = ORIENTED_EDGE ( 'NONE', *, *, #841, .T. ) ;
#5401 = ORIENTED_EDGE ( 'NONE', *, *, #3715, .F. ) ;
#5402 = VERTEX_POINT ( 'NONE', #5254 ) ;
#5403 = CARTESIAN_POINT ( 'NONE',  ( -51.00000000000000000, 25.00000000000000000, -86.20148000000000366 ) ) ;
#5404 = DIRECTION ( 'NONE',  ( 0.7071067811865469066, -0.7071067811865482389, 0.000000000000000000 ) ) ;
#5405 = PLANE ( 'NONE',  #7670 ) ;
#5406 = LINE ( 'NONE', #2797, #181 ) ;
#5407 = ORIENTED_EDGE ( 'NONE', *, *, #5792, .T. ) ;
#5408 = VERTEX_POINT ( 'NONE', #5912 ) ;
#5409 = CARTESIAN_POINT ( 'NONE',  ( 37.00000000000000000, -26.00000000000000000, -23.00000000000000000 ) ) ;
#5410 = ORIENTED_EDGE ( 'NONE', *, *, #687, .T. ) ;
#5411 = EDGE_CURVE ( 'NONE', #4034, #7383, #8565, .T. ) ;
#5412 = ADVANCED_FACE ( 'NONE', ( #1945 ), #6248, .F. ) ;
#5413 = DIRECTION ( 'NONE',  ( -0.000000000000000000, -0.000000000000000000, -1.000000000000000000 ) ) ;
#5414 = CARTESIAN_POINT ( 'NONE',  ( -78.09999999999999432, 15.00000000000000000, -92.20148000000000366 ) ) ;
#5415 = EDGE_CURVE ( 'NONE', #3110, #7026, #2817, .T. ) ;
#5416 = ORIENTED_EDGE ( 'NONE', *, *, #540, .T. ) ;
#5417 = EDGE_CURVE ( 'NONE', #6136, #599, #4727, .T. ) ;
#5418 = CARTESIAN_POINT ( 'NONE',  ( -97.00000000000000000, 7.000000000000000000, 122.2119090000000057 ) ) ;
#5419 = DIRECTION ( 'NONE',  ( 0.7071067811865469066, -0.7071067811865482389, 0.000000000000000000 ) ) ;
#5420 = DIRECTION ( 'NONE',  ( 1.000000000000000000, 0.000000000000000000, -0.000000000000000000 ) ) ;
#5421 = ORIENTED_EDGE ( 'NONE', *, *, #3765, .F. ) ;
#5422 = FACE_OUTER_BOUND ( 'NONE', #5928, .T. ) ;
#5423 = DIRECTION ( 'NONE',  ( -0.6196442885790209854, -0.000000000000000000, -0.7848827655334259523 ) ) ;
#5424 = DIRECTION ( 'NONE',  ( -0.000000000000000000, -0.000000000000000000, -1.000000000000000000 ) ) ;
#5425 = CIRCLE ( 'NONE', #6670, 5.000000000000004441 ) ;
#5426 = ADVANCED_FACE ( 'NONE', ( #822 ), #4164, .F. ) ;
#5427 = ADVANCED_FACE ( 'NONE', ( #1594 ), #5467, .T. ) ;
#5428 = PRODUCT_DEFINITION_SHAPE ( 'NONE', 'NONE',  #3032 ) ;
#5429 = LINE ( 'NONE', #2080, #4493 ) ;
#5430 = DIRECTION ( 'NONE',  ( 0.000000000000000000, 0.000000000000000000, -1.000000000000000000 ) ) ;
#5431 = VECTOR ( 'NONE', #7595, 1000.000000000000114 ) ;
#5432 = VERTEX_POINT ( 'NONE', #6813 ) ;
#5433 = CARTESIAN_POINT ( 'NONE',  ( -46.00000000000000000, 52.20000000000000284, -191.6180954499999984 ) ) ;
#5434 = DIRECTION ( 'NONE',  ( -0.000000000000000000, -0.000000000000000000, -1.000000000000000000 ) ) ;
#5435 = CARTESIAN_POINT ( 'NONE',  ( 43.60000000000000853, -43.60000000000000853, -165.6180954499999700 ) ) ;
#5436 = AXIS2_PLACEMENT_3D ( 'NONE', #826, #2691, #6693 ) ;
#5437 = CYLINDRICAL_SURFACE ( 'NONE', #2786, 1.250000000000001110 ) ;
#5438 = ORIENTED_EDGE ( 'NONE', *, *, #162, .T. ) ;
#5439 = CARTESIAN_POINT ( 'NONE',  ( -46.00000000000000000, -98.00000000000000000, -123.2000000000000028 ) ) ;
#5440 = ORIENTED_EDGE ( 'NONE', *, *, #8470, .T. ) ;
#5441 = ORIENTED_EDGE ( 'NONE', *, *, #3518, .F. ) ;
#5442 = FACE_OUTER_BOUND ( 'NONE', #6512, .T. ) ;
#5443 = VERTEX_POINT ( 'NONE', #8121 ) ;
#5444 = ORIENTED_EDGE ( 'NONE', *, *, #6849, .F. ) ;
#5445 = VECTOR ( 'NONE', #5819, 1000.000000000000000 ) ;
#5446 = DIRECTION ( 'NONE',  ( 0.000000000000000000, 1.000000000000000000, 0.000000000000000000 ) ) ;
#5447 = DIRECTION ( 'NONE',  ( 0.9462426856895841398, 0.000000000000000000, -0.3234575393756696227 ) ) ;
#5448 = VECTOR ( 'NONE', #124, 1000.000000000000000 ) ;
#5449 = DIRECTION ( 'NONE',  ( 1.000000000000000000, 0.000000000000000000, 0.000000000000000000 ) ) ;
#5450 = ORIENTED_EDGE ( 'NONE', *, *, #7922, .T. ) ;
#5451 = ORIENTED_EDGE ( 'NONE', *, *, #8177, .F. ) ;
#5452 = FACE_OUTER_BOUND ( 'NONE', #3192, .T. ) ;
#5453 = ORIENTED_EDGE ( 'NONE', *, *, #2185, .F. ) ;
#5454 = DIRECTION ( 'NONE',  ( 0.000000000000000000, 0.000000000000000000, -1.000000000000000000 ) ) ;
#5455 = VECTOR ( 'NONE', #3232, 1000.000000000000000 ) ;
#5456 = DIRECTION ( 'NONE',  ( 0.000000000000000000, 1.000000000000000000, 0.000000000000000000 ) ) ;
#5457 = EDGE_LOOP ( 'NONE', ( #6438, #1700, #4530, #3033 ) ) ;
#5458 = EDGE_CURVE ( 'NONE', #7798, #1657, #3514, .T. ) ;
#5459 = FACE_OUTER_BOUND ( 'NONE', #3753, .T. ) ;
#5460 = AXIS2_PLACEMENT_3D ( 'NONE', #2441, #5664, #5101 ) ;
#5461 = VECTOR ( 'NONE', #5298, 1000.000000000000000 ) ;
#5462 = FACE_OUTER_BOUND ( 'NONE', #1665, .T. ) ;
#5463 = CARTESIAN_POINT ( 'NONE',  ( -38.71706781186546209, -62.65851158618024641, -123.2000000000000028 ) ) ;
#5464 = EDGE_CURVE ( 'NONE', #6126, #827, #8079, .T. ) ;
#5465 = ADVANCED_FACE ( 'NONE', ( #4813 ), #8166, .T. ) ;
#5466 = ORIENTED_EDGE ( 'NONE', *, *, #366, .F. ) ;
#5467 = PLANE ( 'NONE',  #361 ) ;
#5468 = DIRECTION ( 'NONE',  ( -0.000000000000000000, 1.000000000000000000, 0.000000000000000000 ) ) ;
#5469 = LINE ( 'NONE', #2821, #675 ) ;
#5470 = CARTESIAN_POINT ( 'NONE',  ( -97.00000000000000000, 7.000000000000000000, 124.2119090000000057 ) ) ;
#5471 = CARTESIAN_POINT ( 'NONE',  ( 90.00000000000000000, 37.00000000000000000, -183.6180954499999984 ) ) ;
#5472 = EDGE_LOOP ( 'NONE', ( #607, #2156 ) ) ;
#5473 = EDGE_CURVE ( 'NONE', #6052, #7197, #4770, .T. ) ;
#5474 = EDGE_CURVE ( 'NONE', #6636, #4141, #3559, .T. ) ;
#5475 = CARTESIAN_POINT ( 'NONE',  ( -41.10000000000000142, -41.10000000000000142, -165.6180954499999700 ) ) ;
#5476 = CARTESIAN_POINT ( 'NONE',  ( -46.00000000000000000, -81.99999999999998579, -123.2000000000000028 ) ) ;
#5477 = DIRECTION ( 'NONE',  ( 0.000000000000000000, 0.000000000000000000, -1.000000000000000000 ) ) ;
#5478 = PLANE ( 'NONE',  #1950 ) ;
#5479 = DIRECTION ( 'NONE',  ( -0.000000000000000000, -0.000000000000000000, -1.000000000000000000 ) ) ;
#5480 = CARTESIAN_POINT ( 'NONE',  ( -52.00000000000000000, 82.00000000000000000, -102.7459999999999951 ) ) ;
#5481 = VERTEX_POINT ( 'NONE', #7469 ) ;
#5482 = ORIENTED_EDGE ( 'NONE', *, *, #1690, .F. ) ;
#5483 = CARTESIAN_POINT ( 'NONE',  ( -68.00000000000000000, 10.00000000000000000, -90.20148000000000366 ) ) ;
#5484 = VERTEX_POINT ( 'NONE', #862 ) ;
#5485 = ORIENTED_EDGE ( 'NONE', *, *, #6166, .T. ) ;
#5486 = AXIS2_PLACEMENT_3D ( 'NONE', #3118, #1118, #1078 ) ;
#5487 = PERSON_AND_ORGANIZATION_ROLE ( 'design_owner' ) ;
#5488 = CARTESIAN_POINT ( 'NONE',  ( 31.00000000000000000, 32.00000000000000000, -50.00000000000000000 ) ) ;
#5489 = AXIS2_PLACEMENT_3D ( 'NONE', #2729, #1989, #7299 ) ;
#5490 = CARTESIAN_POINT ( 'NONE',  ( 48.55499999999999972, -48.40299999999999869, -183.6180954499999984 ) ) ;
#5491 = ORIENTED_EDGE ( 'NONE', *, *, #8189, .F. ) ;
#5492 = ORIENTED_EDGE ( 'NONE', *, *, #5952, .T. ) ;
#5493 = ORIENTED_EDGE ( 'NONE', *, *, #1915, .F. ) ;
#5494 = CARTESIAN_POINT ( 'NONE',  ( -13.00000000000000000, 74.00000000000000000, -123.2000000000000028 ) ) ;
#5495 = VERTEX_POINT ( 'NONE', #2118 ) ;
#5496 = EDGE_LOOP ( 'NONE', ( #3097, #1465, #7766, #3416 ) ) ;
#5497 = DIRECTION ( 'NONE',  ( 1.000000000000000000, 0.000000000000000000, 0.000000000000000000 ) ) ;
#5498 = VECTOR ( 'NONE', #3164, 1000.000000000000000 ) ;
#5499 = PLANE ( 'NONE',  #4564 ) ;
#5500 = ORIENTED_EDGE ( 'NONE', *, *, #278, .T. ) ;
#5501 = PLANE ( 'NONE',  #6405 ) ;
#5502 = DIRECTION ( 'NONE',  ( -0.000000000000000000, -0.000000000000000000, -1.000000000000000000 ) ) ;
#5503 = VECTOR ( 'NONE', #5992, 1000.000000000000000 ) ;
#5504 = LINE ( 'NONE', #7466, #4737 ) ;
#5505 = LINE ( 'NONE', #6291, #635 ) ;
#5506 = ORIENTED_EDGE ( 'NONE', *, *, #7427, .F. ) ;
#5507 = DIRECTION ( 'NONE',  ( 0.000000000000000000, 0.000000000000000000, -1.000000000000000000 ) ) ;
#5508 = CARTESIAN_POINT ( 'NONE',  ( -46.00000000000000000, -52.20000000000000284, -191.6180954499999984 ) ) ;
#5509 = LINE ( 'NONE', #6860, #7199 ) ;
#5510 = VECTOR ( 'NONE', #907, 1000.000000000000000 ) ;
#5511 = EDGE_CURVE ( 'NONE', #4233, #3151, #6858, .T. ) ;
#5512 = CARTESIAN_POINT ( 'NONE',  ( -33.64500000000000313, 82.00000000000000000, -121.2009999999999792 ) ) ;
#5513 = CARTESIAN_POINT ( 'NONE',  ( 0.000000000000000000, -98.00000000000000000, 0.000000000000000000 ) ) ;
#5514 = VECTOR ( 'NONE', #6433, 1000.000000000000000 ) ;
#5515 = ORIENTED_EDGE ( 'NONE', *, *, #8124, .F. ) ;
#5516 = CARTESIAN_POINT ( 'NONE',  ( -28.57293218813455837, 90.00000000000000000, -123.2000000000000028 ) ) ;
#5517 = EDGE_CURVE ( 'NONE', #4889, #2662, #2905, .T. ) ;
#5518 = CARTESIAN_POINT ( 'NONE',  ( -47.84474000000000160, 58.40250000000000341, -165.6180954499999700 ) ) ;
#5519 = ADVANCED_FACE ( 'NONE', ( #8208 ), #2249, .T. ) ;
#5520 = DIRECTION ( 'NONE',  ( -0.7071067811865474617, 0.7071067811865474617, -0.000000000000000000 ) ) ;
#5521 = VECTOR ( 'NONE', #477, 1000.000000000000000 ) ;
#5522 = ADVANCED_FACE ( 'NONE', ( #6901 ), #2075, .F. ) ;
#5523 = DIRECTION ( 'NONE',  ( 1.000000000000000000, 0.000000000000000000, 0.000000000000000000 ) ) ;
#5524 = EDGE_CURVE ( 'NONE', #630, #1672, #4078, .T. ) ;
#5525 = CARTESIAN_POINT ( 'NONE',  ( -42.35000000000000142, 42.35000000000000142, -191.6180954499999984 ) ) ;
#5526 = VERTEX_POINT ( 'NONE', #3428 ) ;
#5527 = ORIENTED_EDGE ( 'NONE', *, *, #1169, .F. ) ;
#5528 = CARTESIAN_POINT ( 'NONE',  ( 31.00000000000000000, 32.00000000000000000, -10.00000000000000000 ) ) ;
#5529 = EDGE_LOOP ( 'NONE', ( #190, #1062, #5506, #3916 ) ) ;
#5530 = VERTEX_POINT ( 'NONE', #6079 ) ;
#5531 = DATE_AND_TIME ( #2428, #1239 ) ;
#5532 = ADVANCED_FACE ( 'NONE', ( #5422 ), #3768, .F. ) ;
#5533 = DIRECTION ( 'NONE',  ( -0.3234575393756696227, 0.000000000000000000, -0.9462426856895841398 ) ) ;
#5534 = EDGE_CURVE ( 'NONE', #4267, #2221, #2416, .T. ) ;
#5535 = ORIENTED_EDGE ( 'NONE', *, *, #53, .T. ) ;
#5536 = LINE ( 'NONE', #7012, #8233 ) ;
#5537 = ORIENTED_EDGE ( 'NONE', *, *, #1385, .T. ) ;
#5538 = EDGE_LOOP ( 'NONE', ( #1940, #4864, #3752, #7319 ) ) ;
#5539 = ORIENTED_EDGE ( 'NONE', *, *, #8021, .F. ) ;
#5540 = CARTESIAN_POINT ( 'NONE',  ( 33.50000000000000000, 0.000000000000000000, -165.6180954499999700 ) ) ;
#5541 = ORIENTED_EDGE ( 'NONE', *, *, #367, .F. ) ;
#5542 = EDGE_LOOP ( 'NONE', ( #3073, #458, #1251, #8100 ) ) ;
#5543 = LINE ( 'NONE', #7461, #87 ) ;
#5544 = DIRECTION ( 'NONE',  ( 0.000000000000000000, -1.000000000000000000, 0.000000000000000000 ) ) ;
#5545 = ORIENTED_EDGE ( 'NONE', *, *, #2174, .F. ) ;
#5546 = DIRECTION ( 'NONE',  ( 0.000000000000000000, 1.000000000000000000, 0.000000000000000000 ) ) ;
#5547 = CARTESIAN_POINT ( 'NONE',  ( -34.00000000000000000, -121.2000000000000028, -165.5180954499999757 ) ) ;
#5548 = FACE_OUTER_BOUND ( 'NONE', #7822, .T. ) ;
#5549 = CARTESIAN_POINT ( 'NONE',  ( 30.00000000000000000, 32.00000000000000000, -115.0000000000000000 ) ) ;
#5550 = EDGE_LOOP ( 'NONE', ( #151, #7444, #4637, #1398 ) ) ;
#5551 = CARTESIAN_POINT ( 'NONE',  ( -90.00000000000000000, -74.00000000000001421, -149.0000000000000000 ) ) ;
#5552 = DIRECTION ( 'NONE',  ( 0.000000000000000000, -0.000000000000000000, 1.000000000000000000 ) ) ;
#5553 = CARTESIAN_POINT ( 'NONE',  ( 19.50000000000000000, -49.20000000000000284, -191.6180954499999984 ) ) ;
#5554 = LINE ( 'NONE', #6300, #5601 ) ;
#5555 = PLANE ( 'NONE',  #6269 ) ;
#5556 = ORIENTED_EDGE ( 'NONE', *, *, #5684, .T. ) ;
#5557 = CARTESIAN_POINT ( 'NONE',  ( -80.95853390593269694, 82.00000000000000000, -80.95853390593281063 ) ) ;
#5558 = VECTOR ( 'NONE', #363, 1000.000000000000000 ) ;
#5559 = DIRECTION ( 'NONE',  ( -0.7071067811865475727, -0.7071067811865475727, 0.000000000000000000 ) ) ;
#5560 = CYLINDRICAL_SURFACE ( 'NONE', #8441, 1.250000000000001110 ) ;
#5561 = CARTESIAN_POINT ( 'NONE',  ( -88.00000000000000000, -24.00000000000000000, 122.2119089999999773 ) ) ;
#5562 = CIRCLE ( 'NONE', #7374, 1.250000000000001110 ) ;
#5563 = ADVANCED_FACE ( 'NONE', ( #2331 ), #4465, .T. ) ;
#5564 = EDGE_CURVE ( 'NONE', #681, #5768, #519, .T. ) ;
#5565 = FACE_OUTER_BOUND ( 'NONE', #3353, .T. ) ;
#5566 = ORIENTED_EDGE ( 'NONE', *, *, #8334, .F. ) ;
#5567 = VERTEX_POINT ( 'NONE', #4989 ) ;
#5568 = DIRECTION ( 'NONE',  ( -0.000000000000000000, -0.000000000000000000, -1.000000000000000000 ) ) ;
#5569 = ORIENTED_EDGE ( 'NONE', *, *, #1642, .T. ) ;
#5570 = ORIENTED_EDGE ( 'NONE', *, *, #8017, .F. ) ;
#5571 = EDGE_CURVE ( 'NONE', #1645, #4100, #1679, .T. ) ;
#5572 = AXIS2_PLACEMENT_3D ( 'NONE', #7303, #2900, #6648 ) ;
#5573 = EDGE_CURVE ( 'NONE', #4671, #6052, #7076, .T. ) ;
#5574 = VECTOR ( 'NONE', #4917, 1000.000000000000000 ) ;
#5575 = AXIS2_PLACEMENT_3D ( 'NONE', #1184, #1873, #7141 ) ;
#5576 = CARTESIAN_POINT ( 'NONE',  ( -34.00000000000000000, -52.20000000000000284, -165.6180954499999700 ) ) ;
#5577 = ORIENTED_EDGE ( 'NONE', *, *, #271, .F. ) ;
#5578 = CC_DESIGN_PERSON_AND_ORGANIZATION_ASSIGNMENT ( #3491, #5487, ( #6888 ) ) ;
#5579 = CARTESIAN_POINT ( 'NONE',  ( -13.00000000000000000, 90.00000000000000000, -108.0000000000000000 ) ) ;
#5580 = ORIENTED_EDGE ( 'NONE', *, *, #602, .T. ) ;
#5581 = VERTEX_POINT ( 'NONE', #1080 ) ;
#5582 = VECTOR ( 'NONE', #7644, 999.9999999999998863 ) ;
#5583 = ORIENTED_EDGE ( 'NONE', *, *, #426, .T. ) ;
#5584 = LINE ( 'NONE', #4154, #5631 ) ;
#5585 = ORIENTED_EDGE ( 'NONE', *, *, #4369, .F. ) ;
#5586 = ADVANCED_FACE ( 'NONE', ( #5725 ), #4378, .T. ) ;
#5587 = EDGE_CURVE ( 'NONE', #5581, #2633, #4331, .T. ) ;
#5588 = LINE ( 'NONE', #979, #7307 ) ;
#5589 = CARTESIAN_POINT ( 'NONE',  ( -72.00000000000000000, 10.00000000000000000, -92.20148000000000366 ) ) ;
#5590 = VECTOR ( 'NONE', #7419, 1000.000000000000000 ) ;
#5591 = LINE ( 'NONE', #7590, #3361 ) ;
#5592 = CARTESIAN_POINT ( 'NONE',  ( -28.57293218813455837, -62.65851158618024641, -123.2000000000000028 ) ) ;
#5593 = PLANE ( 'NONE',  #7818 ) ;
#5594 = DIRECTION ( 'NONE',  ( -1.000000000000000000, 0.000000000000000000, 0.000000000000000000 ) ) ;
#5595 = CARTESIAN_POINT ( 'NONE',  ( -43.57699029636306420, -90.00000000000000000, -123.2000000000000028 ) ) ;
#5596 = VECTOR ( 'NONE', #1147, 1000.000000000000000 ) ;
#5597 = ORIENTED_EDGE ( 'NONE', *, *, #3819, .T. ) ;
#5598 = DIRECTION ( 'NONE',  ( 0.000000000000000000, 1.000000000000000000, 0.000000000000000000 ) ) ;
#5599 = DIRECTION ( 'NONE',  ( 0.000000000000000000, 0.000000000000000000, 1.000000000000000000 ) ) ;
#5600 = DIRECTION ( 'NONE',  ( 1.000000000000000000, 0.000000000000000000, -0.000000000000000000 ) ) ;
#5601 = VECTOR ( 'NONE', #4997, 1000.000000000000000 ) ;
#5602 = DIRECTION ( 'NONE',  ( -1.000000000000000000, 0.000000000000000000, 0.000000000000000000 ) ) ;
#5603 = DIRECTION ( 'NONE',  ( -0.000000000000000000, -0.000000000000000000, -1.000000000000000000 ) ) ;
#5604 = ORIENTED_EDGE ( 'NONE', *, *, #5615, .F. ) ;
#5605 = CARTESIAN_POINT ( 'NONE',  ( 30.00000000000000000, 32.00000000000000000, -115.0000000000000000 ) ) ;
#5606 = VECTOR ( 'NONE', #2599, 1000.000000000000114 ) ;
#5607 = LINE ( 'NONE', #4866, #4951 ) ;
#5608 = CARTESIAN_POINT ( 'NONE',  ( -62.99999999999991473, 63.00000000000004263, -183.6180954499999984 ) ) ;
#5609 = CARTESIAN_POINT ( 'NONE',  ( -47.00000000000000000, 120.2000000000000028, -191.6180954499999984 ) ) ;
#5610 = LINE ( 'NONE', #8223, #3525 ) ;
#5611 = VERTEX_POINT ( 'NONE', #2289 ) ;
#5612 = ORIENTED_EDGE ( 'NONE', *, *, #3238, .T. ) ;
#5613 = DIRECTION ( 'NONE',  ( -0.000000000000000000, -1.000000000000000000, -0.000000000000000000 ) ) ;
#5614 = ORIENTED_EDGE ( 'NONE', *, *, #382, .F. ) ;
#5615 = EDGE_CURVE ( 'NONE', #8033, #2179, #8382, .T. ) ;
#5616 = LINE ( 'NONE', #321, #6950 ) ;
#5617 = VERTEX_POINT ( 'NONE', #3728 ) ;
#5618 = EDGE_CURVE ( 'NONE', #890, #4223, #5075, .T. ) ;
#5619 = EDGE_CURVE ( 'NONE', #1400, #6035, #3074, .T. ) ;
#5620 = PLANE ( 'NONE',  #6706 ) ;
#5621 = ORIENTED_EDGE ( 'NONE', *, *, #7335, .F. ) ;
#5622 = ORIENTED_EDGE ( 'NONE', *, *, #2558, .F. ) ;
#5623 = AXIS2_PLACEMENT_3D ( 'NONE', #8423, #2503, #2460 ) ;
#5624 = ORIENTED_EDGE ( 'NONE', *, *, #1028, .T. ) ;
#5625 = CARTESIAN_POINT ( 'NONE',  ( 32.50000000000000000, 117.2000000000000028, -165.6180954499999700 ) ) ;
#5626 = VERTEX_POINT ( 'NONE', #2462 ) ;
#5627 = DIRECTION ( 'NONE',  ( 0.7071067811865474617, -0.7071067811865474617, 0.000000000000000000 ) ) ;
#5628 = EDGE_CURVE ( 'NONE', #681, #630, #4289, .T. ) ;
#5629 = EDGE_CURVE ( 'NONE', #5284, #1874, #7639, .T. ) ;
#5630 = DIRECTION ( 'NONE',  ( 0.000000000000000000, 0.000000000000000000, -1.000000000000000000 ) ) ;
#5631 = VECTOR ( 'NONE', #2893, 1000.000000000000000 ) ;
#5632 = ORIENTED_EDGE ( 'NONE', *, *, #7424, .T. ) ;
#5633 = EDGE_CURVE ( 'NONE', #1740, #2124, #1768, .T. ) ;
#5634 = CARTESIAN_POINT ( 'NONE',  ( 35.75000000000000000, -26.00000000000000000, -23.00000000000000000 ) ) ;
#5635 = ADVANCED_FACE ( 'NONE', ( #1164 ), #7599, .T. ) ;
#5636 = FACE_BOUND ( 'NONE', #6309, .T. ) ;
#5637 = PLANE ( 'NONE',  #6818 ) ;
#5638 = DIRECTION ( 'NONE',  ( -0.000000000000000000, 0.000000000000000000, 1.000000000000000000 ) ) ;
#5639 = AXIS2_PLACEMENT_3D ( 'NONE', #2148, #6196, #2196 ) ;
#5640 = ORIENTED_EDGE ( 'NONE', *, *, #1755, .T. ) ;
#5641 = CARTESIAN_POINT ( 'NONE',  ( -74.09999999999999432, -15.00000000000000000, -92.20148000000000366 ) ) ;
#5642 = DIRECTION ( 'NONE',  ( 0.7071067811865474617, -0.000000000000000000, 0.7071067811865474617 ) ) ;
#5643 = CARTESIAN_POINT ( 'NONE',  ( 19.50000000000000000, -120.2000000000000028, -165.6180954499999700 ) ) ;
#5644 = CARTESIAN_POINT ( 'NONE',  ( -102.2500000000000142, -16.00000000000000000, 109.2119090000000057 ) ) ;
#5645 = AXIS2_PLACEMENT_3D ( 'NONE', #3570, #8175, #6219 ) ;
#5646 = EDGE_CURVE ( 'NONE', #7566, #722, #344, .T. ) ;
#5647 = EDGE_CURVE ( 'NONE', #7532, #7846, #1725, .T. ) ;
#5648 = DIRECTION ( 'NONE',  ( 0.000000000000000000, -1.000000000000000000, 0.000000000000000000 ) ) ;
#5649 = ORIENTED_EDGE ( 'NONE', *, *, #5203, .T. ) ;
#5650 = FACE_OUTER_BOUND ( 'NONE', #6940, .T. ) ;
#5651 = LINE ( 'NONE', #7650, #3914 ) ;
#5652 = CARTESIAN_POINT ( 'NONE',  ( 1.099999999999999201, 1.099999999999999201, -191.6180954499999984 ) ) ;
#5653 = VECTOR ( 'NONE', #623, 1000.000000000000000 ) ;
#5654 = CARTESIAN_POINT ( 'NONE',  ( -13.00000000000000000, -74.00000000000001421, -108.0000000000000000 ) ) ;
#5655 = CARTESIAN_POINT ( 'NONE',  ( 45.00000000000000000, 32.00000000000000000, -40.00000000000000000 ) ) ;
#5656 = DIRECTION ( 'NONE',  ( 0.3234575393756696227, -0.000000000000000000, 0.9462426856895841398 ) ) ;
#5657 = VECTOR ( 'NONE', #3785, 1000.000000000000000 ) ;
#5658 = CARTESIAN_POINT ( 'NONE',  ( 34.55525999999999698, 110.8024999999999949, -177.6180954499999984 ) ) ;
#5659 = ORIENTED_EDGE ( 'NONE', *, *, #4632, .T. ) ;
#5660 = EDGE_LOOP ( 'NONE', ( #4478, #1070, #3182, #2894 ) ) ;
#5661 = CARTESIAN_POINT ( 'NONE',  ( -46.00000000000000000, 48.20000000000000284, -165.5180954499999757 ) ) ;
#5662 = VERTEX_POINT ( 'NONE', #8336 ) ;
#5663 = VECTOR ( 'NONE', #4772, 1000.000000000000000 ) ;
#5664 = DIRECTION ( 'NONE',  ( -0.000000000000000000, 1.000000000000000000, -0.000000000000000000 ) ) ;
#5665 = ORIENTED_EDGE ( 'NONE', *, *, #4786, .T. ) ;
#5666 = LINE ( 'NONE', #3621, #2960 ) ;
#5667 = ORIENTED_EDGE ( 'NONE', *, *, #764, .T. ) ;
#5668 = ORIENTED_EDGE ( 'NONE', *, *, #7966, .F. ) ;
#5669 = VECTOR ( 'NONE', #4237, 1000.000000000000000 ) ;
#5670 = VERTEX_POINT ( 'NONE', #4509 ) ;
#5671 = PLANE ( 'NONE',  #3688 ) ;
#5672 = VERTEX_POINT ( 'NONE', #6672 ) ;
#5673 = LINE ( 'NONE', #5760, #4391 ) ;
#5674 = CARTESIAN_POINT ( 'NONE',  ( -57.84499999999999886, 124.8029999999999973, -177.6180954499999984 ) ) ;
#5675 = VERTEX_POINT ( 'NONE', #1893 ) ;
#5676 = CARTESIAN_POINT ( 'NONE',  ( -72.00000000000000000, -10.00000000000000000, -90.20148000000000366 ) ) ;
#5677 = CARTESIAN_POINT ( 'NONE',  ( -43.57699029636306420, -74.00000000000001421, -128.2000000000000171 ) ) ;
#5678 = EDGE_CURVE ( 'NONE', #2577, #6239, #4533, .T. ) ;
#5679 = CARTESIAN_POINT ( 'NONE',  ( -61.84499999999999886, -120.8029999999999973, -177.6180954499999984 ) ) ;
#5680 = EDGE_CURVE ( 'NONE', #240, #8487, #5858, .T. ) ;
#5681 = CARTESIAN_POINT ( 'NONE',  ( -43.57699029636306420, 74.00000000000000000, -123.2000000000000028 ) ) ;
#5682 = ORIENTED_EDGE ( 'NONE', *, *, #5415, .F. ) ;
#5683 = DIRECTION ( 'NONE',  ( -1.000000000000000000, 0.000000000000000000, 0.000000000000000000 ) ) ;
#5684 = EDGE_CURVE ( 'NONE', #4330, #6504, #5941, .T. ) ;
#5685 = CARTESIAN_POINT ( 'NONE',  ( 9.099999999999999645, -9.099999999999999645, -191.6180954499999984 ) ) ;
#5686 = EDGE_CURVE ( 'NONE', #3885, #6667, #8595, .T. ) ;
#5687 = DIRECTION ( 'NONE',  ( 0.000000000000000000, 0.000000000000000000, -1.000000000000000000 ) ) ;
#5688 = CARTESIAN_POINT ( 'NONE',  ( -46.00000000000000000, 90.00000000000000000, -123.2000000000000028 ) ) ;
#5689 = DIRECTION ( 'NONE',  ( -1.000000000000000000, 0.000000000000000000, 0.000000000000000000 ) ) ;
#5690 = ORIENTED_EDGE ( 'NONE', *, *, #1225, .T. ) ;
#5691 = CARTESIAN_POINT ( 'NONE',  ( -46.00000000000000000, -74.00000000000001421, -123.2000000000000028 ) ) ;
#5692 = CARTESIAN_POINT ( 'NONE',  ( 50.00000000000000000, -125.0000000000000000, -183.6180954499999984 ) ) ;
#5693 = CARTESIAN_POINT ( 'NONE',  ( -34.00000000000000000, -121.2000000000000028, -165.6180954499999700 ) ) ;
#5694 = EDGE_CURVE ( 'NONE', #3285, #2543, #6591, .T. ) ;
#5695 = FACE_OUTER_BOUND ( 'NONE', #647, .T. ) ;
#5696 = EDGE_CURVE ( 'NONE', #5207, #2677, #3900, .T. ) ;
#5697 = DIRECTION ( 'NONE',  ( 0.000000000000000000, 0.000000000000000000, 1.000000000000000000 ) ) ;
#5698 = APPROVAL_DATE_TIME ( #6477, #7654 ) ;
#5699 = DIRECTION ( 'NONE',  ( 0.000000000000000000, 1.000000000000000000, 0.000000000000000000 ) ) ;
#5700 = FACE_OUTER_BOUND ( 'NONE', #2412, .T. ) ;
#5701 = ORIENTED_EDGE ( 'NONE', *, *, #1011, .F. ) ;
#5702 = ORIENTED_EDGE ( 'NONE', *, *, #1692, .T. ) ;
#5703 = DIRECTION ( 'NONE',  ( 0.000000000000000000, 1.000000000000000000, 0.000000000000000000 ) ) ;
#5704 = ORIENTED_EDGE ( 'NONE', *, *, #6172, .F. ) ;
#5705 = VECTOR ( 'NONE', #4699, 1000.000000000000114 ) ;
#5706 = DIRECTION ( 'NONE',  ( 0.000000000000000000, 0.000000000000000000, 1.000000000000000000 ) ) ;
#5707 = ORIENTED_EDGE ( 'NONE', *, *, #7068, .F. ) ;
#5708 = CARTESIAN_POINT ( 'NONE',  ( -26.50186437626910063, -74.00000000000001421, -128.2000000000000171 ) ) ;
#5709 = VERTEX_POINT ( 'NONE', #3289 ) ;
#5710 = ORIENTED_EDGE ( 'NONE', *, *, #7239, .F. ) ;
#5711 = ORIENTED_EDGE ( 'NONE', *, *, #5267, .T. ) ;
#5712 = AXIS2_PLACEMENT_3D ( 'NONE', #5783, #1224, #5132 ) ;
#5713 = EDGE_LOOP ( 'NONE', ( #2010, #2967, #4098, #7710 ) ) ;
#5714 = VECTOR ( 'NONE', #6659, 1000.000000000000000 ) ;
#5715 = DIRECTION ( 'NONE',  ( 0.000000000000000000, 1.000000000000000000, 0.000000000000000000 ) ) ;
#5716 = CARTESIAN_POINT ( 'NONE',  ( 30.00000000000000000, -20.00000000000000000, -115.0000000000000000 ) ) ;
#5717 = ORIENTED_EDGE ( 'NONE', *, *, #8035, .T. ) ;
#5718 = VECTOR ( 'NONE', #1863, 1000.000000000000000 ) ;
#5719 = PLANE ( 'NONE',  #1932 ) ;
#5720 = DIRECTION ( 'NONE',  ( -1.000000000000000000, 0.000000000000000000, 0.000000000000000000 ) ) ;
#5721 = ORIENTED_EDGE ( 'NONE', *, *, #65, .F. ) ;
#5722 = CARTESIAN_POINT ( 'NONE',  ( -46.00000000000000000, 98.00000000000000000, -123.2000000000000028 ) ) ;
#5723 = DIRECTION ( 'NONE',  ( 1.000000000000000000, 0.000000000000000000, 0.000000000000000000 ) ) ;
#5724 = EDGE_LOOP ( 'NONE', ( #6800, #1504, #590, #5407 ) ) ;
#5725 = FACE_OUTER_BOUND ( 'NONE', #3671, .T. ) ;
#5726 = VECTOR ( 'NONE', #2466, 1000.000000000000000 ) ;
#5727 = LINE ( 'NONE', #1726, #3986 ) ;
#5728 = FACE_OUTER_BOUND ( 'NONE', #5263, .T. ) ;
#5729 = EDGE_CURVE ( 'NONE', #7188, #466, #604, .T. ) ;
#5730 = CARTESIAN_POINT ( 'NONE',  ( 50.00000000000000000, 125.0000000000000000, -191.6180954499999984 ) ) ;
#5731 = PLANE ( 'NONE',  #4610 ) ;
#5732 = VECTOR ( 'NONE', #6853, 1000.000000000000000 ) ;
#5733 = EDGE_CURVE ( 'NONE', #2976, #6126, #5243, .T. ) ;
#5734 = DIRECTION ( 'NONE',  ( 0.000000000000000000, 0.000000000000000000, -1.000000000000000000 ) ) ;
#5735 = ADVANCED_FACE ( 'NONE', ( #1208 ), #7985, .T. ) ;
#5736 = LINE ( 'NONE', #6469, #27 ) ;
#5737 = ORIENTED_EDGE ( 'NONE', *, *, #7809, .F. ) ;
#5738 = CARTESIAN_POINT ( 'NONE',  ( -90.00000000000000000, -98.00000000000000000, -149.0000000000000000 ) ) ;
#5739 = CARTESIAN_POINT ( 'NONE',  ( 0.000000000000000000, 32.00000000000000000, 0.000000000000000000 ) ) ;
#5740 = CARTESIAN_POINT ( 'NONE',  ( 48.55499999999999972, 48.40299999999999869, -165.6180954499999700 ) ) ;
#5741 = VECTOR ( 'NONE', #3103, 1000.000000000000000 ) ;
#5742 = AXIS2_PLACEMENT_3D ( 'NONE', #5396, #2699, #8052 ) ;
#5743 = APPROVAL_ROLE ( '' ) ;
#5744 = LINE ( 'NONE', #5259, #852 ) ;
#5745 = EDGE_CURVE ( 'NONE', #6976, #1416, #6508, .T. ) ;
#5746 = CARTESIAN_POINT ( 'NONE',  ( 32.50000000000000000, -121.2000000000000028, -191.6180954499999984 ) ) ;
#5747 = EDGE_CURVE ( 'NONE', #2963, #474, #5814, .T. ) ;
#5748 = ORIENTED_EDGE ( 'NONE', *, *, #6004, .F. ) ;
#5749 = ORIENTED_EDGE ( 'NONE', *, *, #3339, .F. ) ;
#5751 = VECTOR ( 'NONE', #7430, 1000.000000000000000 ) ;
#5750 = CARTESIAN_POINT ( 'NONE',  ( -58.99999999999999289, 82.00000000000000000, -108.5967999999999449 ) ) ;
#5752 = ORIENTED_EDGE ( 'NONE', *, *, #2755, .F. ) ;
#5753 = CARTESIAN_POINT ( 'NONE',  ( -102.0000000000000142, 0.000000000000000000, -92.20148000000000366 ) ) ;
#5754 = ORIENTED_EDGE ( 'NONE', *, *, #2282, .F. ) ;
#5755 = CARTESIAN_POINT ( 'NONE',  ( -68.00000000000000000, 10.00000000000000000, -90.20148000000000366 ) ) ;
#5756 = VERTEX_POINT ( 'NONE', #1979 ) ;
#5757 = ORIENTED_EDGE ( 'NONE', *, *, #7427, .T. ) ;
#5758 = ORIENTED_EDGE ( 'NONE', *, *, #4682, .T. ) ;
#5759 = ORIENTED_EDGE ( 'NONE', *, *, #1429, .T. ) ;
#5760 = CARTESIAN_POINT ( 'NONE',  ( -74.09999999999999432, 15.00000000000000000, -86.20148000000000366 ) ) ;
#5761 = LINE ( 'NONE', #1717, #4558 ) ;
#5762 = ORIENTED_EDGE ( 'NONE', *, *, #6254, .F. ) ;
#5763 = CARTESIAN_POINT ( 'NONE',  ( -26.50186437626909708, 98.00000000000000000, -123.2000000000000028 ) ) ;
#5764 = CARTESIAN_POINT ( 'NONE',  ( 0.000000000000000000, 0.000000000000000000, -183.6180954499999984 ) ) ;
#5765 = ORIENTED_EDGE ( 'NONE', *, *, #7965, .T. ) ;
#5766 = CARTESIAN_POINT ( 'NONE',  ( -51.00000000000000000, -20.19999999999999929, -86.20148000000000366 ) ) ;
#5767 = CARTESIAN_POINT ( 'NONE',  ( -59.00000000000000000, 90.00000000000000000, -139.6666666666666572 ) ) ;
#5768 = VERTEX_POINT ( 'NONE', #5160 ) ;
#5769 = DIRECTION ( 'NONE',  ( 0.7071067811865474617, 0.7071067811865474617, 0.000000000000000000 ) ) ;
#5770 = AXIS2_PLACEMENT_3D ( 'NONE', #6507, #2368, #4550 ) ;
#5771 = CARTESIAN_POINT ( 'NONE',  ( -28.57293218813455837, -81.99999999999998579, -123.2000000000000028 ) ) ;
#5772 = CARTESIAN_POINT ( 'NONE',  ( 20.50000000000000000, -121.2000000000000028, -165.5180954499999757 ) ) ;
#5773 = CARTESIAN_POINT ( 'NONE',  ( -75.59999999999999432, -75.59999999999999432, -165.6180954499999700 ) ) ;
#5774 = LINE ( 'NONE', #5035, #1283 ) ;
#5775 = VECTOR ( 'NONE', #6885, 1000.000000000000000 ) ;
#5776 = DIRECTION ( 'NONE',  ( 0.000000000000000000, 0.000000000000000000, -1.000000000000000000 ) ) ;
#5777 = DIRECTION ( 'NONE',  ( 0.7071067811865482389, -0.7071067811865469066, 0.000000000000000000 ) ) ;
#5778 = ORIENTED_EDGE ( 'NONE', *, *, #4408, .F. ) ;
#5779 = LINE ( 'NONE', #8306, #8574 ) ;
#5780 = DIRECTION ( 'NONE',  ( 0.000000000000000000, -1.000000000000000000, 0.000000000000000000 ) ) ;
#5781 = DIRECTION ( 'NONE',  ( 0.7071067811865474617, -0.7071067811865474617, 0.000000000000000000 ) ) ;
#5782 = VECTOR ( 'NONE', #92, 1000.000000000000000 ) ;
#5783 = CARTESIAN_POINT ( 'NONE',  ( 31.00000000000000000, 32.00000000000000000, -50.00000000000000000 ) ) ;
#5784 = CARTESIAN_POINT ( 'NONE',  ( -33.64500000000001023, -74.00000000000001421, -128.2720678118654405 ) ) ;
#5785 = VERTEX_POINT ( 'NONE', #4589 ) ;
#5786 = VERTEX_POINT ( 'NONE', #7250 ) ;
#5787 = CARTESIAN_POINT ( 'NONE',  ( -101.0000000000000000, -16.00000000000000000, 109.2119090000000057 ) ) ;
#5788 = AXIS2_PLACEMENT_3D ( 'NONE', #6814, #2776, #6165 ) ;
#5789 = VERTEX_POINT ( 'NONE', #8513 ) ;
#5790 = ADVANCED_FACE ( 'NONE', ( #3982 ), #1938, .F. ) ;
#5791 = EDGE_CURVE ( 'NONE', #800, #2195, #2591, .T. ) ;
#5792 = EDGE_CURVE ( 'NONE', #2227, #2603, #6551, .T. ) ;
#5793 = EDGE_CURVE ( 'NONE', #2638, #1678, #5978, .T. ) ;
#5794 = VECTOR ( 'NONE', #7477, 1000.000000000000000 ) ;
#5795 = CARTESIAN_POINT ( 'NONE',  ( -77.42299999999997340, -74.00000000000001421, -77.42300000000003024 ) ) ;
#5796 = ORIENTED_EDGE ( 'NONE', *, *, #7770, .F. ) ;
#5797 = CARTESIAN_POINT ( 'NONE',  ( -57.00000000000000000, 18.00000000000000000, -90.20148000000000366 ) ) ;
#5798 = EDGE_LOOP ( 'NONE', ( #2650, #8006, #8366, #6536 ) ) ;
#5799 = ORIENTED_EDGE ( 'NONE', *, *, #1634, .F. ) ;
#5800 = ORIENTED_EDGE ( 'NONE', *, *, #2187, .F. ) ;
#5801 = ORIENTED_EDGE ( 'NONE', *, *, #3356, .T. ) ;
#5802 = VECTOR ( 'NONE', #8, 1000.000000000000000 ) ;
#5803 = CARTESIAN_POINT ( 'NONE',  ( -61.00000000000000000, 14.00000000000000000, -90.20148000000000366 ) ) ;
#5804 = EDGE_CURVE ( 'NONE', #1042, #4365, #5328, .T. ) ;
#5805 = EDGE_CURVE ( 'NONE', #6579, #1295, #5202, .T. ) ;
#5806 = LINE ( 'NONE', #8462, #4145 ) ;
#5807 = CARTESIAN_POINT ( 'NONE',  ( 0.000000000000000000, -117.2000000000000028, -165.6180954499999700 ) ) ;
#5808 = AXIS2_PLACEMENT_3D ( 'NONE', #7344, #3387, #6038 ) ;
#5809 = LINE ( 'NONE', #8464, #3049 ) ;
#5810 = DIRECTION ( 'NONE',  ( 0.01538279504320399539, -0.000000000000000000, 0.9998816778082587620 ) ) ;
#5811 = ORIENTED_EDGE ( 'NONE', *, *, #6801, .F. ) ;
#5812 = CARTESIAN_POINT ( 'NONE',  ( 32.50000000000000000, 48.20000000000000284, -165.6180954499999700 ) ) ;
#5813 = PLANE ( 'NONE',  #5623 ) ;
#5814 = LINE ( 'NONE', #3327, #3838 ) ;
#5815 = VECTOR ( 'NONE', #4582, 1000.000000000000000 ) ;
#5816 = LINE ( 'NONE', #5771, #7740 ) ;
#5817 = DIRECTION ( 'NONE',  ( 0.7071067811865474617, 0.7071067811865474617, 0.000000000000000000 ) ) ;
#5818 = CARTESIAN_POINT ( 'NONE',  ( -40.78813562373094470, 74.00000000000000000, -123.2000000000000028 ) ) ;
#5819 = DIRECTION ( 'NONE',  ( 0.000000000000000000, 1.000000000000000000, -0.000000000000000000 ) ) ;
#5820 = DIRECTION ( 'NONE',  ( -0.000000000000000000, -0.000000000000000000, 1.000000000000000000 ) ) ;
#5821 = CARTESIAN_POINT ( 'NONE',  ( -102.0000000000000142, -60.00000000000000000, -183.6180954499999984 ) ) ;
#5822 = ORIENTED_EDGE ( 'NONE', *, *, #5200, .T. ) ;
#5823 = FACE_OUTER_BOUND ( 'NONE', #5137, .T. ) ;
#5824 = PLANE ( 'NONE',  #8570 ) ;
#5825 = LINE ( 'NONE', #2517, #2183 ) ;
#5826 = CARTESIAN_POINT ( 'NONE',  ( -57.00000000000000000, 14.00000000000000000, -90.20148000000000366 ) ) ;
#5827 = PLANE ( 'NONE',  #1305 ) ;
#5828 = ORIENTED_EDGE ( 'NONE', *, *, #311, .F. ) ;
#5829 = ORIENTED_EDGE ( 'NONE', *, *, #8556, .F. ) ;
#5830 = DIRECTION ( 'NONE',  ( -0.7071067811865475727, -0.7071067811865475727, 0.000000000000000000 ) ) ;
#5831 = ORIENTED_EDGE ( 'NONE', *, *, #7642, .T. ) ;
#5832 = EDGE_CURVE ( 'NONE', #5179, #2521, #158, .T. ) ;
#5833 = EDGE_CURVE ( 'NONE', #7582, #4014, #783, .T. ) ;
#5834 = FACE_OUTER_BOUND ( 'NONE', #3427, .T. ) ;
#5835 = EDGE_LOOP ( 'NONE', ( #414, #4324, #8318, #6015, #7361, #305, #8495, #1551 ) ) ;
#5836 = CARTESIAN_POINT ( 'NONE',  ( -47.50140412403019496, -98.00000000000000000, -125.1017785571049217 ) ) ;
#5837 = EDGE_LOOP ( 'NONE', ( #3758, #5376, #2403, #5840 ) ) ;
#5838 = ORIENTED_EDGE ( 'NONE', *, *, #6049, .F. ) ;
#5839 = EDGE_CURVE ( 'NONE', #416, #5315, #3546, .T. ) ;
#5840 = ORIENTED_EDGE ( 'NONE', *, *, #7920, .T. ) ;
#5841 = EDGE_CURVE ( 'NONE', #5230, #2229, #1469, .T. ) ;
#5842 = ORIENTED_EDGE ( 'NONE', *, *, #4, .F. ) ;
#5843 = VECTOR ( 'NONE', #2430, 1000.000000000000000 ) ;
#5844 = DIRECTION ( 'NONE',  ( 0.000000000000000000, -0.000000000000000000, -1.000000000000000000 ) ) ;
#5845 = AXIS2_PLACEMENT_3D ( 'NONE', #2874, #2173, #4006 ) ;
#5846 = CARTESIAN_POINT ( 'NONE',  ( -33.00000000000000000, 118.2000000000000028, -165.5180954499999757 ) ) ;
#5847 = DIRECTION ( 'NONE',  ( 1.000000000000000000, 0.000000000000000000, 0.000000000000000000 ) ) ;
#5848 = DIRECTION ( 'NONE',  ( -0.8041761414663256557, 0.000000000000000000, -0.5943910610838055719 ) ) ;
#5849 = CARTESIAN_POINT ( 'NONE',  ( -34.00000000000000000, -117.2000000000000028, -165.5180954499999757 ) ) ;
#5850 = ORIENTED_EDGE ( 'NONE', *, *, #3819, .F. ) ;
#5851 = AXIS2_PLACEMENT_3D ( 'NONE', #5561, #1737, #2303 ) ;
#5852 = ORIENTED_EDGE ( 'NONE', *, *, #738, .F. ) ;
#5853 = AXIS2_PLACEMENT_3D ( 'NONE', #5528, #2307, #6310 ) ;
#5854 = EDGE_CURVE ( 'NONE', #4678, #5672, #7416, .T. ) ;
#5855 = DIRECTION ( 'NONE',  ( -0.000000000000000000, -0.000000000000000000, 1.000000000000000000 ) ) ;
#5856 = EDGE_CURVE ( 'NONE', #4223, #5970, #6148, .T. ) ;
#5857 = CARTESIAN_POINT ( 'NONE',  ( -33.64500000000000313, -81.99999999999998579, -121.2009999999999934 ) ) ;
#5858 = LINE ( 'NONE', #8471, #6476 ) ;
#5859 = CARTESIAN_POINT ( 'NONE',  ( -52.00000000000000000, 98.00000000000000000, -102.7459999999999951 ) ) ;
#5860 = CARTESIAN_POINT ( 'NONE',  ( 37.00000000000000000, 26.00000000000000000, -23.00000000000000000 ) ) ;
#5861 = VECTOR ( 'NONE', #8563, 1000.000000000000114 ) ;
#5862 = VERTEX_POINT ( 'NONE', #4760 ) ;
#5863 = DIRECTION ( 'NONE',  ( 0.7071067811865474617, -0.7071067811865474617, 0.000000000000000000 ) ) ;
#5864 = LINE ( 'NONE', #8344, #7142 ) ;
#5865 = PLANE ( 'NONE',  #4878 ) ;
#5866 = VECTOR ( 'NONE', #3079, 1000.000000000000000 ) ;
#5867 = ORIENTED_EDGE ( 'NONE', *, *, #692, .F. ) ;
#5868 = DIRECTION ( 'NONE',  ( -0.000000000000000000, 1.000000000000000000, -0.000000000000000000 ) ) ;
#5869 = DIRECTION ( 'NONE',  ( -0.000000000000000000, -1.000000000000000000, -0.000000000000000000 ) ) ;
#5870 = LINE ( 'NONE', #1991, #1353 ) ;
#5871 = AXIS2_PLACEMENT_3D ( 'NONE', #4073, #6288, #4941 ) ;
#5872 = CARTESIAN_POINT ( 'NONE',  ( 19.50000000000000000, 0.000000000000000000, -165.6180954499999700 ) ) ;
#5873 = CARTESIAN_POINT ( 'NONE',  ( -40.78813562373094470, 62.65851158618023220, -128.2000000000000171 ) ) ;
#5874 = VERTEX_POINT ( 'NONE', #4850 ) ;
#5875 = FACE_OUTER_BOUND ( 'NONE', #4351, .T. ) ;
#5876 = ORIENTED_EDGE ( 'NONE', *, *, #7018, .F. ) ;
#5877 = VECTOR ( 'NONE', #7850, 1000.000000000000000 ) ;
#5878 = VECTOR ( 'NONE', #8365, 1000.000000000000000 ) ;
#5879 = DIRECTION ( 'NONE',  ( 0.08796862890166813609, -0.000000000000000000, 0.9961232455520554474 ) ) ;
#5880 = DIRECTION ( 'NONE',  ( 0.000000000000000000, -1.000000000000000000, 0.000000000000000000 ) ) ;
#5881 = VERTEX_POINT ( 'NONE', #4157 ) ;
#5882 = VECTOR ( 'NONE', #1096, 1000.000000000000114 ) ;
#5883 = LINE ( 'NONE', #5927, #3934 ) ;
#5884 = ORIENTED_EDGE ( 'NONE', *, *, #5805, .F. ) ;
#5885 = ORIENTED_EDGE ( 'NONE', *, *, #6794, .T. ) ;
#5886 = EDGE_LOOP ( 'NONE', ( #1328, #3718, #461, #1656 ) ) ;
#5887 = ORIENTED_EDGE ( 'NONE', *, *, #4633, .T. ) ;
#5888 = EDGE_CURVE ( 'NONE', #6321, #1412, #5543, .T. ) ;
#5889 = VECTOR ( 'NONE', #8476, 1000.000000000000000 ) ;
#5890 = DIRECTION ( 'NONE',  ( 0.7071067811865475727, 0.000000000000000000, -0.7071067811865475727 ) ) ;
#5891 = EDGE_CURVE ( 'NONE', #559, #7763, #8200, .T. ) ;
#5892 = CARTESIAN_POINT ( 'NONE',  ( -54.00000000000000000, -36.00000000000000000, -183.5180954499999757 ) ) ;
#5893 = EDGE_CURVE ( 'NONE', #3194, #5670, #813, .T. ) ;
#5894 = DIRECTION ( 'NONE',  ( 0.7071067811865474617, -0.7071067811865474617, 0.000000000000000000 ) ) ;
#5895 = DIRECTION ( 'NONE',  ( 0.000000000000000000, -0.000000000000000000, -1.000000000000000000 ) ) ;
#5896 = EDGE_LOOP ( 'NONE', ( #2457, #4153, #1484, #8343, #1904, #1996, #2587, #5482 ) ) ;
#5897 = ORIENTED_EDGE ( 'NONE', *, *, #3129, .T. ) ;
#5898 = CARTESIAN_POINT ( 'NONE',  ( -37.25260171779820695, -62.65851158618024641, -124.6644660940672509 ) ) ;
#5899 = EDGE_CURVE ( 'NONE', #6935, #2543, #6071, .T. ) ;
#5900 = EDGE_CURVE ( 'NONE', #72, #3285, #5372, .T. ) ;
#5901 = DIRECTION ( 'NONE',  ( 0.000000000000000000, -1.000000000000000000, 0.000000000000000000 ) ) ;
#5902 = DIRECTION ( 'NONE',  ( 0.04610476660840090446, -0.000000000000000000, -0.9989366098486853751 ) ) ;
#5903 = EDGE_CURVE ( 'NONE', #2124, #177, #2239, .T. ) ;
#5904 = ORIENTED_EDGE ( 'NONE', *, *, #6538, .T. ) ;
#5905 = EDGE_CURVE ( 'NONE', #5785, #5128, #849, .T. ) ;
#5906 = DIRECTION ( 'NONE',  ( 0.7071067811865474617, 0.7071067811865474617, 0.000000000000000000 ) ) ;
#5907 = DIRECTION ( 'NONE',  ( 1.000000000000000000, -0.000000000000000000, 0.000000000000000000 ) ) ;
#5908 = CARTESIAN_POINT ( 'NONE',  ( -26.50186437626910063, -74.00000000000001421, -123.2000000000000028 ) ) ;
#5909 = FACE_OUTER_BOUND ( 'NONE', #244, .T. ) ;
#5910 = VECTOR ( 'NONE', #1987, 1000.000000000000000 ) ;
#5911 = ORIENTED_EDGE ( 'NONE', *, *, #3707, .F. ) ;
#5912 = CARTESIAN_POINT ( 'NONE',  ( 32.50000000000000000, -117.2000000000000028, -165.6180954499999700 ) ) ;
#5913 = LINE ( 'NONE', #4600, #236 ) ;
#5914 = DIRECTION ( 'NONE',  ( 0.000000000000000000, 0.000000000000000000, 1.000000000000000000 ) ) ;
#5915 = EDGE_CURVE ( 'NONE', #7158, #4845, #2065, .T. ) ;
#5916 = EDGE_CURVE ( 'NONE', #6964, #5662, #3503, .T. ) ;
#5917 = VECTOR ( 'NONE', #1552, 1000.000000000000000 ) ;
#5918 = CARTESIAN_POINT ( 'NONE',  ( 90.00000000000000000, -37.00000000000000000, -183.6180954499999984 ) ) ;
#5919 = CARTESIAN_POINT ( 'NONE',  ( -33.64500000000001023, -98.00000000000000000, -128.2720678118654405 ) ) ;
#5920 = PLANE ( 'NONE',  #5990 ) ;
#5921 = ORIENTED_EDGE ( 'NONE', *, *, #7719, .F. ) ;
#5922 = VECTOR ( 'NONE', #4089, 1000.000000000000000 ) ;
#5923 = CARTESIAN_POINT ( 'NONE',  ( 45.00000000000000000, -20.00000000000000000, -40.00000000000000000 ) ) ;
#5924 = CARTESIAN_POINT ( 'NONE',  ( 32.50000000000000000, -48.20000000000000284, -165.5180954499999757 ) ) ;
#5925 = ORIENTED_EDGE ( 'NONE', *, *, #6381, .T. ) ;
#5926 = VECTOR ( 'NONE', #2686, 1000.000000000000114 ) ;
#5927 = CARTESIAN_POINT ( 'NONE',  ( -69.00000000000000000, -20.19999999999999929, -86.20148000000000366 ) ) ;
#5928 = EDGE_LOOP ( 'NONE', ( #6882, #4541, #1190, #8377, #853, #1216, #103, #5570, #639, #6227, #685, #894, #5583, #3622, #6233, #975 ) ) ;
#5929 = EDGE_LOOP ( 'NONE', ( #6092, #4012, #6483, #6192 ) ) ;
#5930 = ORIENTED_EDGE ( 'NONE', *, *, #3833, .F. ) ;
#5931 = ORIENTED_EDGE ( 'NONE', *, *, #66, .F. ) ;
#5932 = VECTOR ( 'NONE', #3647, 1000.000000000000000 ) ;
#5933 = DIRECTION ( 'NONE',  ( 0.000000000000000000, 1.000000000000000000, -0.000000000000000000 ) ) ;
#5934 = DIRECTION ( 'NONE',  ( -0.000000000000000000, -0.000000000000000000, 1.000000000000000000 ) ) ;
#5935 = CARTESIAN_POINT ( 'NONE',  ( -46.00000000000000000, -52.20000000000000284, -165.5180954499999757 ) ) ;
#5936 = DIRECTION ( 'NONE',  ( 0.000000000000000000, -1.000000000000000000, 0.000000000000000000 ) ) ;
#5937 = VERTEX_POINT ( 'NONE', #8157 ) ;
#5938 = ORIENTED_EDGE ( 'NONE', *, *, #6584, .T. ) ;
#5939 = VECTOR ( 'NONE', #402, 1000.000000000000000 ) ;
#5940 = CARTESIAN_POINT ( 'NONE',  ( -47.00000000000000000, 120.2000000000000028, -165.5180954499999757 ) ) ;
#5941 = LINE ( 'NONE', #7290, #4115 ) ;
#5942 = CARTESIAN_POINT ( 'NONE',  ( -33.00000000000000000, 118.2000000000000028, -165.5180954499999757 ) ) ;
#5943 = AXIS2_PLACEMENT_3D ( 'NONE', #299, #5386, #8043 ) ;
#5944 = ORIENTED_EDGE ( 'NONE', *, *, #998, .T. ) ;
#5945 = ORIENTED_EDGE ( 'NONE', *, *, #1643, .F. ) ;
#5946 = EDGE_CURVE ( 'NONE', #7456, #5611, #4197, .T. ) ;
#5947 = ADVANCED_FACE ( 'NONE', ( #6846 ), #895, .T. ) ;
#5948 = DIRECTION ( 'NONE',  ( -0.7071067811865474617, 0.000000000000000000, -0.7071067811865474617 ) ) ;
#5949 = CARTESIAN_POINT ( 'NONE',  ( -57.00000000000000000, -74.00000000000001421, -102.7459999999999951 ) ) ;
#5950 = DIRECTION ( 'NONE',  ( -0.000000000000000000, -1.000000000000000000, -0.000000000000000000 ) ) ;
#5951 = AXIS2_PLACEMENT_3D ( 'NONE', #2939, #2321, #5630 ) ;
#5952 = EDGE_CURVE ( 'NONE', #1098, #2354, #1583, .T. ) ;
#5953 = ORIENTED_EDGE ( 'NONE', *, *, #3081, .F. ) ;
#5954 = CARTESIAN_POINT ( 'NONE',  ( -47.00000000000000000, 49.20000000000000284, -165.5180954499999757 ) ) ;
#5955 = DIRECTION ( 'NONE',  ( 0.000000000000000000, -1.000000000000000000, -0.000000000000000000 ) ) ;
#5956 = LINE ( 'NONE', #1908, #3863 ) ;
#5957 = CARTESIAN_POINT ( 'NONE',  ( -69.00000000000000000, 20.19999999999999929, -86.20148000000000366 ) ) ;
#5958 = DIRECTION ( 'NONE',  ( 0.000000000000000000, -1.000000000000000000, 0.000000000000000000 ) ) ;
#5959 = DIRECTION ( 'NONE',  ( -0.000000000000000000, -0.000000000000000000, -1.000000000000000000 ) ) ;
#5960 = ORIENTED_EDGE ( 'NONE', *, *, #7483, .T. ) ;
#5961 = ADVANCED_FACE ( 'NONE', ( #771 ), #2763, .F. ) ;
#5962 = EDGE_CURVE ( 'NONE', #7049, #759, #5021, .T. ) ;
#5963 = DIRECTION ( 'NONE',  ( 1.000000000000000000, 0.000000000000000000, 0.000000000000000000 ) ) ;
#5964 = LINE ( 'NONE', #2484, #8349 ) ;
#5965 = EDGE_LOOP ( 'NONE', ( #6134, #2135, #5311, #2415 ) ) ;
#5966 = CARTESIAN_POINT ( 'NONE',  ( -33.00000000000000000, 0.000000000000000000, -165.6180954499999700 ) ) ;
#5967 = VERTEX_POINT ( 'NONE', #3756 ) ;
#5968 = VERTEX_POINT ( 'NONE', #3022 ) ;
#5969 = EDGE_LOOP ( 'NONE', ( #4461, #5453, #3947, #6170, #3793, #5778 ) ) ;
#5970 = VERTEX_POINT ( 'NONE', #374 ) ;
#5971 = CARTESIAN_POINT ( 'NONE',  ( -57.00000000000000000, 82.00000000000000000, -102.7459999999999951 ) ) ;
#5972 = DIRECTION ( 'NONE',  ( 0.000000000000000000, 0.000000000000000000, -1.000000000000000000 ) ) ;
#5973 = DIRECTION ( 'NONE',  ( -0.000000000000000000, 1.000000000000000000, 0.000000000000000000 ) ) ;
#5974 = LINE ( 'NONE', #2497, #2953 ) ;
#5975 = VERTEX_POINT ( 'NONE', #2320 ) ;
#5976 = EDGE_LOOP ( 'NONE', ( #46, #5527, #8165, #8322 ) ) ;
#5977 = DIRECTION ( 'NONE',  ( 0.000000000000000000, -1.000000000000000000, -0.000000000000000000 ) ) ;
#5978 = LINE ( 'NONE', #29, #2864 ) ;
#5979 = CARTESIAN_POINT ( 'NONE',  ( -57.00000000000000000, 74.00000000000000000, -102.7459999999999951 ) ) ;
#5980 = EDGE_LOOP ( 'NONE', ( #6067, #1196, #2661, #4512, #8364, #3384, #861, #8104, #5749, #3976, #1495, #5702, #2672, #1614, #1663, #3534 ) ) ;
#5981 = AXIS2_PLACEMENT_3D ( 'NONE', #6005, #2740, #1480 ) ;
#5982 = VECTOR ( 'NONE', #7006, 1000.000000000000000 ) ;
#5983 = ORIENTED_EDGE ( 'NONE', *, *, #4939, .T. ) ;
#5984 = LINE ( 'NONE', #1296, #8504 ) ;
#5985 = LINE ( 'NONE', #7990, #1860 ) ;
#5986 = LINE ( 'NONE', #36, #5910 ) ;
#5987 = VECTOR ( 'NONE', #3721, 1000.000000000000000 ) ;
#5988 = ORIENTED_EDGE ( 'NONE', *, *, #5791, .F. ) ;
#5989 = CARTESIAN_POINT ( 'NONE',  ( -46.00000000000000000, 48.20000000000000284, -191.6180954499999984 ) ) ;
#5990 = AXIS2_PLACEMENT_3D ( 'NONE', #5787, #8403, #5262 ) ;
#5991 = EDGE_CURVE ( 'NONE', #8065, #5006, #4976, .T. ) ;
#5992 = DIRECTION ( 'NONE',  ( 0.000000000000000000, 1.000000000000000000, 0.000000000000000000 ) ) ;
#5993 = CARTESIAN_POINT ( 'NONE',  ( -102.2500000000000142, 16.00000000000000000, 122.2119089999999773 ) ) ;
#5994 = EDGE_CURVE ( 'NONE', #4272, #1777, #1109, .T. ) ;
#5995 = LINE ( 'NONE', #5592, #4467 ) ;
#5996 = EDGE_CURVE ( 'NONE', #5331, #6658, #2936, .T. ) ;
#5997 = AXIS2_PLACEMENT_3D ( 'NONE', #3686, #8299, #2336 ) ;
#5998 = PLANE ( 'NONE',  #3250 ) ;
#5999 = FACE_BOUND ( 'NONE', #5365, .T. ) ;
#6000 = ORIENTED_EDGE ( 'NONE', *, *, #5647, .T. ) ;
#6001 = CARTESIAN_POINT ( 'NONE',  ( 34.55525999999999698, -110.8024999999999949, -165.6180954499999700 ) ) ;
#6002 = CARTESIAN_POINT ( 'NONE',  ( 31.00000000000000000, -20.00000000000000000, -50.00000000000000000 ) ) ;
#6003 = AXIS2_PLACEMENT_3D ( 'NONE', #1245, #4627, #514 ) ;
#6004 = EDGE_CURVE ( 'NONE', #2229, #1151, #6240, .T. ) ;
#6005 = CARTESIAN_POINT ( 'NONE',  ( -78.09999999999999432, 15.00000000000000000, -86.20148000000000366 ) ) ;
#6006 = ADVANCED_FACE ( 'NONE', ( #7717 ), #1757, .T. ) ;
#6007 = EDGE_LOOP ( 'NONE', ( #2529, #1531, #7318, #4163 ) ) ;
#6008 = DIRECTION ( 'NONE',  ( 0.000000000000000000, -0.000000000000000000, -1.000000000000000000 ) ) ;
#6009 = VERTEX_POINT ( 'NONE', #3591 ) ;
#6010 = ORIENTED_EDGE ( 'NONE', *, *, #7718, .F. ) ;
#6012 = VECTOR ( 'NONE', #732, 1000.000000000000000 ) ;
#6011 = LINE ( 'NONE', #4749, #3490 ) ;
#6013 = ORIENTED_EDGE ( 'NONE', *, *, #2876, .F. ) ;
#6014 = ORIENTED_EDGE ( 'NONE', *, *, #6312, .F. ) ;
#6015 = ORIENTED_EDGE ( 'NONE', *, *, #5203, .F. ) ;
#6016 = CARTESIAN_POINT ( 'NONE',  ( 32.50000000000000000, 48.20000000000000284, -165.5180954499999757 ) ) ;
#6017 = VECTOR ( 'NONE', #8148, 1000.000000000000000 ) ;
#6018 = VECTOR ( 'NONE', #4654, 1000.000000000000114 ) ;
#6019 = CARTESIAN_POINT ( 'NONE',  ( -61.84499999999999886, 48.40299999999999869, -183.6180954499999984 ) ) ;
#6020 = EDGE_CURVE ( 'NONE', #2139, #2622, #8282, .T. ) ;
#6021 = FACE_OUTER_BOUND ( 'NONE', #7442, .T. ) ;
#6022 = LINE ( 'NONE', #4670, #1563 ) ;
#6023 = ORIENTED_EDGE ( 'NONE', *, *, #1169, .T. ) ;
#6024 = ORIENTED_EDGE ( 'NONE', *, *, #2078, .T. ) ;
#6025 = LINE ( 'NONE', #5326, #4238 ) ;
#6026 = VECTOR ( 'NONE', #2340, 1000.000000000000114 ) ;
#6027 = ORIENTED_EDGE ( 'NONE', *, *, #8092, .T. ) ;
#6028 = DIRECTION ( 'NONE',  ( 0.000000000000000000, -1.000000000000000000, 0.000000000000000000 ) ) ;
#6029 = LINE ( 'NONE', #8158, #2749 ) ;
#6030 = ORIENTED_EDGE ( 'NONE', *, *, #752, .T. ) ;
#6031 = EDGE_LOOP ( 'NONE', ( #417, #8032, #5074, #4489 ) ) ;
#6032 = CARTESIAN_POINT ( 'NONE',  ( 50.00000000000000000, -125.0000000000000000, -191.6180954499999984 ) ) ;
#6033 = PLANE ( 'NONE',  #4359 ) ;
#6034 = DIRECTION ( 'NONE',  ( 0.7071067811865474617, 0.7071067811865474617, 0.000000000000000000 ) ) ;
#6035 = VERTEX_POINT ( 'NONE', #4280 ) ;
#6036 = FACE_OUTER_BOUND ( 'NONE', #756, .T. ) ;
#6037 = CARTESIAN_POINT ( 'NONE',  ( 25.00000000000000000, -20.00000000000000000, -183.6180954499999984 ) ) ;
#6038 = DIRECTION ( 'NONE',  ( 0.6196442885790209854, 0.000000000000000000, 0.7848827655334259523 ) ) ;
#6039 = AXIS2_PLACEMENT_3D ( 'NONE', #4464, #5028, #7727 ) ;
#6040 = DIRECTION ( 'NONE',  ( 0.000000000000000000, -1.000000000000000000, -0.000000000000000000 ) ) ;
#6041 = CARTESIAN_POINT ( 'NONE',  ( -50.00000000000000000, -32.00000000000000000, -183.5180954499999757 ) ) ;
#6042 = ORIENTED_EDGE ( 'NONE', *, *, #4368, .T. ) ;
#6043 = CARTESIAN_POINT ( 'NONE',  ( 37.00000000000000000, 26.00000000000000000, -23.00000000000000000 ) ) ;
#6044 = CARTESIAN_POINT ( 'NONE',  ( -110.0000000000000000, 24.00000000000000000, 110.0000000000000000 ) ) ;
#6045 = AXIS2_PLACEMENT_3D ( 'NONE', #3287, #7900, #4588 ) ;
#6046 = CARTESIAN_POINT ( 'NONE',  ( -101.0000000000000000, 16.00000000000000000, 122.3119090000000142 ) ) ;
#6047 = ORIENTED_EDGE ( 'NONE', *, *, #3146, .T. ) ;
#6048 = ADVANCED_FACE ( 'NONE', ( #1670 ), #3714, .F. ) ;
#6049 = EDGE_CURVE ( 'NONE', #7129, #5626, #5673, .T. ) ;
#6050 = CARTESIAN_POINT ( 'NONE',  ( -110.0000000000000000, -24.00000000000000000, 122.2119089999999773 ) ) ;
#6051 = ORIENTED_EDGE ( 'NONE', *, *, #4044, .F. ) ;
#6052 = VERTEX_POINT ( 'NONE', #2980 ) ;
#6053 = DIRECTION ( 'NONE',  ( -0.7071067811865474617, 0.7071067811865474617, 0.000000000000000000 ) ) ;
#6054 = VECTOR ( 'NONE', #6804, 1000.000000000000000 ) ;
#6055 = ORIENTED_EDGE ( 'NONE', *, *, #6488, .T. ) ;
#6056 = VERTEX_POINT ( 'NONE', #8325 ) ;
#6057 = EDGE_LOOP ( 'NONE', ( #3487, #5566, #5911, #1064 ) ) ;
#6058 = ADVANCED_FACE ( 'NONE', ( #3628 ), #2361, .F. ) ;
#6059 = EDGE_CURVE ( 'NONE', #7173, #7566, #5588, .T. ) ;
#6060 = VECTOR ( 'NONE', #2129, 1000.000000000000000 ) ;
#6061 = LINE ( 'NONE', #4149, #5045 ) ;
#6062 = CARTESIAN_POINT ( 'NONE',  ( -67.00000000000000000, -74.00000000000001421, -132.0000000000000000 ) ) ;
#6063 = DIRECTION ( 'NONE',  ( 0.7071067811865474617, 0.7071067811865474617, 0.000000000000000000 ) ) ;
#6064 = ORIENTED_EDGE ( 'NONE', *, *, #7563, .T. ) ;
#6065 = VERTEX_POINT ( 'NONE', #6887 ) ;
#6066 = LINE ( 'NONE', #2761, #2851 ) ;
#6067 = ORIENTED_EDGE ( 'NONE', *, *, #362, .F. ) ;
#6068 = AXIS2_PLACEMENT_3D ( 'NONE', #2870, #2299, #4913 ) ;
#6069 = EDGE_CURVE ( 'NONE', #6871, #1567, #3063, .T. ) ;
#6070 = ADVANCED_FACE ( 'NONE', ( #2279 ), #6281, .T. ) ;
#6071 = LINE ( 'NONE', #75, #7029 ) ;
#6072 = CARTESIAN_POINT ( 'NONE',  ( 23.00000000000000000, -40.00000000000000000, -183.6180954499999984 ) ) ;
#6073 = ORIENTED_EDGE ( 'NONE', *, *, #582, .T. ) ;
#6074 = VECTOR ( 'NONE', #5879, 1000.000000000000114 ) ;
#6075 = DIRECTION ( 'NONE',  ( -0.7071067811865474617, -0.7071067811865474617, 0.000000000000000000 ) ) ;
#6076 = PLANE ( 'NONE',  #6303 ) ;
#6077 = DIRECTION ( 'NONE',  ( -0.000000000000000000, -1.000000000000000000, -0.000000000000000000 ) ) ;
#6078 = ORIENTED_EDGE ( 'NONE', *, *, #6174, .F. ) ;
#6079 = CARTESIAN_POINT ( 'NONE',  ( -94.00000000000000000, 24.00000000000000000, -183.6180954499999984 ) ) ;
#6080 = VECTOR ( 'NONE', #4262, 1000.000000000000000 ) ;
#6081 = LINE ( 'NONE', #2119, #106 ) ;
#6082 = CARTESIAN_POINT ( 'NONE',  ( 44.55499999999999972, -44.40299999999999869, -177.6180954499999984 ) ) ;
#6083 = VECTOR ( 'NONE', #6250, 1000.000000000000000 ) ;
#6084 = FACE_OUTER_BOUND ( 'NONE', #6928, .T. ) ;
#6085 = DIRECTION ( 'NONE',  ( -1.000000000000000000, 0.000000000000000000, 0.000000000000000000 ) ) ;
#6086 = ORIENTED_EDGE ( 'NONE', *, *, #1529, .T. ) ;
#6087 = LINE ( 'NONE', #5475, #2458 ) ;
#6088 = LINE ( 'NONE', #1153, #7177 ) ;
#6089 = CYLINDRICAL_SURFACE ( 'NONE', #1083, 1.250000000000001110 ) ;
#6090 = APPROVAL_PERSON_ORGANIZATION ( #5089, #850, #5743 ) ;
#6091 = LINE ( 'NONE', #1354, #6540 ) ;
#6092 = ORIENTED_EDGE ( 'NONE', *, *, #4146, .T. ) ;
#6093 = LINE ( 'NONE', #8097, #7549 ) ;
#6094 = EDGE_LOOP ( 'NONE', ( #8267, #343, #1355, #3908, #551, #2104, #7619, #7627 ) ) ;
#6095 = ORIENTED_EDGE ( 'NONE', *, *, #838, .F. ) ;
#6096 = DIRECTION ( 'NONE',  ( -1.000000000000000000, 0.000000000000000000, 0.000000000000000000 ) ) ;
#6097 = ORIENTED_EDGE ( 'NONE', *, *, #2390, .F. ) ;
#6098 = ORIENTED_EDGE ( 'NONE', *, *, #1697, .F. ) ;
#6099 = ADVANCED_FACE ( 'NONE', ( #8371 ), #2406, .F. ) ;
#6100 = EDGE_CURVE ( 'NONE', #8159, #7173, #463, .T. ) ;
#6101 =( LENGTH_UNIT ( ) NAMED_UNIT ( * ) SI_UNIT ( .MILLI., .METRE. ) );
#6102 = CARTESIAN_POINT ( 'NONE',  ( -26.50186437626910063, -98.00000000000000000, -123.2000000000000028 ) ) ;
#6103 = EDGE_CURVE ( 'NONE', #800, #3834, #4003, .T. ) ;
#6104 = ADVANCED_FACE ( 'NONE', ( #1394 ), #7106, .F. ) ;
#6105 = DIRECTION ( 'NONE',  ( 0.000000000000000000, 1.000000000000000000, 0.000000000000000000 ) ) ;
#6106 = ORIENTED_EDGE ( 'NONE', *, *, #4890, .F. ) ;
#6107 = ORIENTED_EDGE ( 'NONE', *, *, #2125, .T. ) ;
#6108 = PLANE ( 'NONE',  #3967 ) ;
#6109 = VERTEX_POINT ( 'NONE', #5303 ) ;
#6110 = DIRECTION ( 'NONE',  ( 0.000000000000000000, 0.000000000000000000, 1.000000000000000000 ) ) ;
#6111 = VECTOR ( 'NONE', #421, 1000.000000000000000 ) ;
#6112 = LINE ( 'NONE', #1458, #3868 ) ;
#6113 = ORIENTED_EDGE ( 'NONE', *, *, #8287, .F. ) ;
#6114 = ADVANCED_FACE ( 'NONE', ( #8003 ), #1351, .T. ) ;
#6115 = ADVANCED_FACE ( 'NONE', ( #4046 ), #4454, .T. ) ;
#6116 = LINE ( 'NONE', #6032, #1292 ) ;
#6117 = FACE_OUTER_BOUND ( 'NONE', #3644, .T. ) ;
#6118 = CARTESIAN_POINT ( 'NONE',  ( -57.00000000000000000, 14.00000000000000000, -92.20148000000000366 ) ) ;
#6119 = VERTEX_POINT ( 'NONE', #2737 ) ;
#6120 = CARTESIAN_POINT ( 'NONE',  ( 50.00000000000000000, -40.00000000000000711, -183.6180954499999984 ) ) ;
#6121 = CARTESIAN_POINT ( 'NONE',  ( -46.00000000000000000, 121.2000000000000028, -165.5180954499999757 ) ) ;
#6122 = LINE ( 'NONE', #3561, #6083 ) ;
#6123 = CARTESIAN_POINT ( 'NONE',  ( -33.64500000000000313, 98.10000000000000853, -121.2009999999999934 ) ) ;
#6124 = PLANE ( 'NONE',  #7105 ) ;
#6125 = VECTOR ( 'NONE', #1205, 1000.000000000000000 ) ;
#6126 = VERTEX_POINT ( 'NONE', #7 ) ;
#6127 = PLANE ( 'NONE',  #6347 ) ;
#6128 = CARTESIAN_POINT ( 'NONE',  ( -47.00000000000000000, -49.20000000000000284, -165.5180954499999757 ) ) ;
#6129 = LINE ( 'NONE', #5435, #250 ) ;
#6130 = VECTOR ( 'NONE', #5180, 1000.000000000000000 ) ;
#6131 = DIRECTION ( 'NONE',  ( 0.000000000000000000, -1.000000000000000000, 0.000000000000000000 ) ) ;
#6132 = LINE ( 'NONE', #7484, #2822 ) ;
#6133 = EDGE_LOOP ( 'NONE', ( #4751, #2741, #5829, #7354, #8023, #6106, #629, #6098 ) ) ;
#6134 = ORIENTED_EDGE ( 'NONE', *, *, #1910, .T. ) ;
#6135 = FACE_OUTER_BOUND ( 'NONE', #3586, .T. ) ;
#6136 = VERTEX_POINT ( 'NONE', #1997 ) ;
#6137 = ORIENTED_EDGE ( 'NONE', *, *, #5347, .T. ) ;
#6138 = VECTOR ( 'NONE', #5948, 1000.000000000000114 ) ;
#6139 = CARTESIAN_POINT ( 'NONE',  ( 87.00000000000000000, 40.00000000000000000, -183.6180954499999984 ) ) ;
#6140 = VECTOR ( 'NONE', #6330, 1000.000000000000000 ) ;
#6141 = DIRECTION ( 'NONE',  ( -0.7071067811865474617, -0.7071067811865474617, 0.000000000000000000 ) ) ;
#6142 = ORIENTED_EDGE ( 'NONE', *, *, #6788, .T. ) ;
#6143 = ORIENTED_EDGE ( 'NONE', *, *, #1491, .T. ) ;
#6144 = ORIENTED_EDGE ( 'NONE', *, *, #8021, .T. ) ;
#6145 = CARTESIAN_POINT ( 'NONE',  ( 31.00000000000000000, 32.00000000000000000, -10.00000000000000000 ) ) ;
#6146 = VERTEX_POINT ( 'NONE', #1437 ) ;
#6147 = VERTEX_POINT ( 'NONE', #3437 ) ;
#6148 = LINE ( 'NONE', #2719, #4253 ) ;
#6149 = VECTOR ( 'NONE', #68, 1000.000000000000000 ) ;
#6150 = AXIS2_PLACEMENT_3D ( 'NONE', #4925, #6880, #3584 ) ;
#6151 = EDGE_CURVE ( 'NONE', #6716, #2144, #2782, .T. ) ;
#6152 = EDGE_CURVE ( 'NONE', #240, #7188, #3348, .T. ) ;
#6153 = FACE_OUTER_BOUND ( 'NONE', #2880, .T. ) ;
#6154 = EDGE_LOOP ( 'NONE', ( #2442, #760, #2887, #5569 ) ) ;
#6155 = CARTESIAN_POINT ( 'NONE',  ( 45.00000000000000000, -130.0000000000000000, -191.6180954499999984 ) ) ;
#6156 = DIRECTION ( 'NONE',  ( 1.000000000000000000, 0.000000000000000000, -0.000000000000000000 ) ) ;
#6157 = AXIS2_PLACEMENT_3D ( 'NONE', #272, #6960, #1006 ) ;
#6158 = EDGE_CURVE ( 'NONE', #15, #1149, #6088, .T. ) ;
#6159 = CARTESIAN_POINT ( 'NONE',  ( 44.55499999999999972, -124.8029999999999973, -177.6180954499999984 ) ) ;
#6160 = ADVANCED_FACE ( 'NONE', ( #4696 ), #6652, .T. ) ;
#6161 = PLANE ( 'NONE',  #7992 ) ;
#6162 = VERTEX_POINT ( 'NONE', #3198 ) ;
#6163 = DIRECTION ( 'NONE',  ( -0.7071067811865474617, 0.7071067811865474617, 0.000000000000000000 ) ) ;
#6164 = EDGE_CURVE ( 'NONE', #198, #2838, #5145, .T. ) ;
#6165 = DIRECTION ( 'NONE',  ( 1.000000000000000000, 0.000000000000000000, 0.000000000000000000 ) ) ;
#6166 = EDGE_CURVE ( 'NONE', #759, #1079, #2651, .T. ) ;
#6167 = CARTESIAN_POINT ( 'NONE',  ( -61.84499999999999886, 48.40299999999999869, -177.6180954499999984 ) ) ;
#6168 = DIRECTION ( 'NONE',  ( -0.4954754837717974536, 0.000000000000000000, 0.8686219229222248428 ) ) ;
#6169 = CARTESIAN_POINT ( 'NONE',  ( 50.00000000000000000, -125.0000000000000000, -183.6180954499999984 ) ) ;
#6170 = ORIENTED_EDGE ( 'NONE', *, *, #1850, .T. ) ;
#6171 = DIRECTION ( 'NONE',  ( 0.7071067811865474617, -0.7071067811865474617, 0.000000000000000000 ) ) ;
#6172 = EDGE_CURVE ( 'NONE', #3727, #2976, #3804, .T. ) ;
#6173 = CARTESIAN_POINT ( 'NONE',  ( -38.71706781186546209, -90.00000000000000000, -123.2000000000000028 ) ) ;
#6174 = EDGE_CURVE ( 'NONE', #7031, #8550, #50, .T. ) ;
#6175 = CARTESIAN_POINT ( 'NONE',  ( -49.10000000000000142, -49.10000000000000142, -191.6180954499999984 ) ) ;
#6176 = CARTESIAN_POINT ( 'NONE',  ( -47.84474000000000160, 58.40250000000000341, -177.6180954499999984 ) ) ;
#6177 = DIRECTION ( 'NONE',  ( 0.000000000000000000, 1.000000000000000000, 0.000000000000000000 ) ) ;
#6178 = DIRECTION ( 'NONE',  ( 0.7071067811865474617, 0.000000000000000000, 0.7071067811865474617 ) ) ;
#6179 = EDGE_LOOP ( 'NONE', ( #2108, #469, #3016, #7498 ) ) ;
#6180 = ORIENTED_EDGE ( 'NONE', *, *, #553, .T. ) ;
#6181 = DIRECTION ( 'NONE',  ( 0.000000000000000000, 0.000000000000000000, -1.000000000000000000 ) ) ;
#6182 = ORIENTED_EDGE ( 'NONE', *, *, #2769, .F. ) ;
#6183 = VERTEX_POINT ( 'NONE', #8091 ) ;
#6184 = AXIS2_PLACEMENT_3D ( 'NONE', #209, #166, #904 ) ;
#6185 = DIRECTION ( 'NONE',  ( 0.000000000000000000, 0.000000000000000000, -1.000000000000000000 ) ) ;
#6186 = CARTESIAN_POINT ( 'NONE',  ( -12.99999999999999822, 90.00000000000000000, -123.2000000000000028 ) ) ;
#6187 = VERTEX_POINT ( 'NONE', #6452 ) ;
#6188 = VECTOR ( 'NONE', #5213, 1000.000000000000000 ) ;
#6189 = DIRECTION ( 'NONE',  ( 0.000000000000000000, 0.000000000000000000, -1.000000000000000000 ) ) ;
#6190 = VERTEX_POINT ( 'NONE', #2083 ) ;
#6191 = VERTEX_POINT ( 'NONE', #6738 ) ;
#6192 = ORIENTED_EDGE ( 'NONE', *, *, #540, .F. ) ;
#6193 = PLANE ( 'NONE',  #3142 ) ;
#6194 = ORIENTED_EDGE ( 'NONE', *, *, #8127, .T. ) ;
#6195 = ORIENTED_EDGE ( 'NONE', *, *, #7081, .T. ) ;
#6196 = DIRECTION ( 'NONE',  ( 0.000000000000000000, 0.000000000000000000, 1.000000000000000000 ) ) ;
#6197 = VECTOR ( 'NONE', #7631, 1000.000000000000000 ) ;
#6198 = LINE ( 'NONE', #6805, #8316 ) ;
#6199 = ORIENTED_EDGE ( 'NONE', *, *, #2187, .T. ) ;
#6200 = CARTESIAN_POINT ( 'NONE',  ( -75.59999999999999432, 75.59999999999999432, -191.6180954499999984 ) ) ;
#6201 = LINE ( 'NONE', #3467, #5590 ) ;
#6202 = VECTOR ( 'NONE', #8255, 1000.000000000000000 ) ;
#6203 = CARTESIAN_POINT ( 'NONE',  ( -26.50186437626909708, 82.00000000000000000, -123.2000000000000028 ) ) ;
#6204 = PLANE ( 'NONE',  #4379 ) ;
#6205 = ORIENTED_EDGE ( 'NONE', *, *, #5615, .T. ) ;
#6206 = CARTESIAN_POINT ( 'NONE',  ( -62.99999999999991473, -63.00000000000004263, -183.6180954499999984 ) ) ;
#6207 = LINE ( 'NONE', #2906, #664 ) ;
#6208 = DIRECTION ( 'NONE',  ( 0.000000000000000000, 0.000000000000000000, -1.000000000000000000 ) ) ;
#6209 = VECTOR ( 'NONE', #7640, 1000.000000000000000 ) ;
#6210 = EDGE_CURVE ( 'NONE', #6056, #3544, #4740, .T. ) ;
#6211 = ADVANCED_FACE ( 'NONE', ( #509 ), #3154, .F. ) ;
#6212 = ADVANCED_FACE ( 'NONE', ( #8218 ), #7612, .F. ) ;
#6213 = CARTESIAN_POINT ( 'NONE',  ( -105.0000000000000000, 130.0000000000000000, -183.6180954499999984 ) ) ;
#6214 = EDGE_CURVE ( 'NONE', #8277, #63, #4132, .T. ) ;
#6215 = LINE ( 'NONE', #1602, #6553 ) ;
#6216 = VECTOR ( 'NONE', #740, 1000.000000000000000 ) ;
#6217 = ORIENTED_EDGE ( 'NONE', *, *, #3784, .F. ) ;
#6218 = PLANE ( 'NONE',  #7320 ) ;
#6219 = DIRECTION ( 'NONE',  ( 1.000000000000000000, 0.000000000000000000, -0.000000000000000000 ) ) ;
#6220 = LINE ( 'NONE', #2783, #667 ) ;
#6221 = VECTOR ( 'NONE', #1939, 1000.000000000000000 ) ;
#6222 = CARTESIAN_POINT ( 'NONE',  ( -57.00000000000000000, 90.00000000000000000, -102.7459999999999951 ) ) ;
#6223 = ADVANCED_FACE ( 'NONE', ( #1652 ), #2913, .F. ) ;
#6224 = CARTESIAN_POINT ( 'NONE',  ( 33.50000000000000000, -49.20000000000000284, -165.5180954499999757 ) ) ;
#6225 = EDGE_CURVE ( 'NONE', #3212, #1570, #4915, .T. ) ;
#6226 = ORIENTED_EDGE ( 'NONE', *, *, #48, .T. ) ;
#6227 = ORIENTED_EDGE ( 'NONE', *, *, #2162, .F. ) ;
#6228 = DIRECTION ( 'NONE',  ( 1.000000000000000000, 0.000000000000000000, 0.000000000000000000 ) ) ;
#6229 = VERTEX_POINT ( 'NONE', #2169 ) ;
#6230 = ORIENTED_EDGE ( 'NONE', *, *, #762, .T. ) ;
#6231 = AXIS2_PLACEMENT_3D ( 'NONE', #148, #6793, #2096 ) ;
#6232 = CARTESIAN_POINT ( 'NONE',  ( -33.64500000000001023, 90.00000000000000000, -128.2720678118654405 ) ) ;
#6233 = ORIENTED_EDGE ( 'NONE', *, *, #6862, .F. ) ;
#6234 = CARTESIAN_POINT ( 'NONE',  ( 0.000000000000000000, 121.2000000000000028, -165.6180954499999700 ) ) ;
#6235 = ORIENTED_EDGE ( 'NONE', *, *, #2757, .T. ) ;
#6236 = ORIENTED_EDGE ( 'NONE', *, *, #4932, .F. ) ;
#6237 = ORIENTED_EDGE ( 'NONE', *, *, #280, .F. ) ;
#6238 = CARTESIAN_POINT ( 'NONE',  ( -34.00000000000000000, 48.20000000000000284, -191.6180954499999984 ) ) ;
#6239 = VERTEX_POINT ( 'NONE', #6867 ) ;
#6240 = LINE ( 'NONE', #5066, #3280 ) ;
#6241 = CARTESIAN_POINT ( 'NONE',  ( -105.0000000000000000, 130.0000000000000000, -183.6180954499999984 ) ) ;
#6242 = ORIENTED_EDGE ( 'NONE', *, *, #1012, .F. ) ;
#6243 = DIRECTION ( 'NONE',  ( -1.000000000000000000, 0.000000000000000000, 0.000000000000000000 ) ) ;
#6244 = CARTESIAN_POINT ( 'NONE',  ( 37.00000000000000000, 26.00000000000000000, -10.00000000000000000 ) ) ;
#6245 = FACE_OUTER_BOUND ( 'NONE', #721, .T. ) ;
#6246 = LINE ( 'NONE', #7510, #77 ) ;
#6247 = EDGE_LOOP ( 'NONE', ( #4020, #5134, #2352, #4424, #6734, #6235, #8492, #100, #6205, #7286, #3478, #2423, #2593, #5904, #1748, #3104, #3096, #2839 ) ) ;
#6248 = PLANE ( 'NONE',  #6879 ) ;
#6249 = DIRECTION ( 'NONE',  ( 0.7071067811865475727, -0.7071067811865475727, 0.000000000000000000 ) ) ;
#6250 = DIRECTION ( 'NONE',  ( -0.000000000000000000, -1.000000000000000000, -0.000000000000000000 ) ) ;
#6251 = DIRECTION ( 'NONE',  ( -0.7071067811865474617, 0.7071067811865474617, -0.000000000000000000 ) ) ;
#6252 = CARTESIAN_POINT ( 'NONE',  ( 33.50000000000000000, 51.20000000000000284, -191.6180954499999984 ) ) ;
#6253 = VERTEX_POINT ( 'NONE', #1000 ) ;
#6254 = EDGE_CURVE ( 'NONE', #923, #7150, #3569, .T. ) ;
#6255 = DIRECTION ( 'NONE',  ( -0.000000000000000000, -0.000000000000000000, -1.000000000000000000 ) ) ;
#6256 = DIRECTION ( 'NONE',  ( 0.000000000000000000, 1.000000000000000000, 0.000000000000000000 ) ) ;
#6257 = CARTESIAN_POINT ( 'NONE',  ( 34.55525999999999698, -58.40250000000000341, -177.6180954499999984 ) ) ;
#6258 = ADVANCED_FACE ( 'NONE', ( #307 ), #2300, .T. ) ;
#6259 = ADVANCED_FACE ( 'NONE', ( #829 ), #2212, .F. ) ;
#6260 = CARTESIAN_POINT ( 'NONE',  ( -90.00000000000000000, 74.00000000000000000, -183.6180954499999984 ) ) ;
#6261 = VECTOR ( 'NONE', #1564, 1000.000000000000000 ) ;
#6262 = VECTOR ( 'NONE', #8331, 1000.000000000000000 ) ;
#6263 = CARTESIAN_POINT ( 'NONE',  ( -37.25260171779820695, -74.00000000000001421, -124.6644660940672509 ) ) ;
#6264 = ORIENTED_EDGE ( 'NONE', *, *, #8568, .F. ) ;
#6265 = ORIENTED_EDGE ( 'NONE', *, *, #8280, .F. ) ;
#6266 = CARTESIAN_POINT ( 'NONE',  ( -33.64500000000001023, -98.00000000000000000, -128.2720678118654405 ) ) ;
#6267 = ORIENTED_EDGE ( 'NONE', *, *, #7762, .T. ) ;
#6268 = VECTOR ( 'NONE', #1306, 1000.000000000000000 ) ;
#6269 = AXIS2_PLACEMENT_3D ( 'NONE', #868, #3604, #3044 ) ;
#6270 = EDGE_CURVE ( 'NONE', #5970, #4451, #5607, .T. ) ;
#6271 = ADVANCED_FACE ( 'NONE', ( #4171 ), #916, .F. ) ;
#6272 = CARTESIAN_POINT ( 'NONE',  ( 32.50000000000000000, 117.2000000000000028, -191.6180954499999984 ) ) ;
#6273 = ORIENTED_EDGE ( 'NONE', *, *, #7192, .T. ) ;
#6274 = DIRECTION ( 'NONE',  ( 1.000000000000000000, 0.000000000000000000, 0.000000000000000000 ) ) ;
#6275 = ORIENTED_EDGE ( 'NONE', *, *, #1896, .T. ) ;
#6276 = ORIENTED_EDGE ( 'NONE', *, *, #1056, .F. ) ;
#6277 = VECTOR ( 'NONE', #4545, 1000.000000000000000 ) ;
#6278 = ORIENTED_EDGE ( 'NONE', *, *, #5368, .T. ) ;
#6279 = CARTESIAN_POINT ( 'NONE',  ( 20.50000000000000000, -117.2000000000000028, -165.5180954499999757 ) ) ;
#6280 = ORIENTED_EDGE ( 'NONE', *, *, #5147, .F. ) ;
#6281 = PLANE ( 'NONE',  #4665 ) ;
#6282 = EDGE_CURVE ( 'NONE', #3968, #1711, #6952, .T. ) ;
#6283 = EDGE_CURVE ( 'NONE', #3834, #5484, #6821, .T. ) ;
#6284 = PLANE ( 'NONE',  #3456 ) ;
#6285 = CIRCLE ( 'NONE', #2114, 1.250000000000001110 ) ;
#6286 = ORIENTED_EDGE ( 'NONE', *, *, #4881, .T. ) ;
#6287 = CARTESIAN_POINT ( 'NONE',  ( -61.84499999999999886, 120.8029999999999973, -177.6180954499999984 ) ) ;
#6288 = DIRECTION ( 'NONE',  ( -1.000000000000000000, 0.000000000000000000, 0.000000000000000000 ) ) ;
#6289 = PLANE ( 'NONE',  #3078 ) ;
#6290 = VECTOR ( 'NONE', #2667, 1000.000000000000000 ) ;
#6291 = CARTESIAN_POINT ( 'NONE',  ( 31.00000000000000000, 32.00000000000000000, -50.00000000000000000 ) ) ;
#6292 = VECTOR ( 'NONE', #4577, 1000.000000000000114 ) ;
#6293 = VERTEX_POINT ( 'NONE', #2829 ) ;
#6294 = DIRECTION ( 'NONE',  ( 1.000000000000000000, 0.000000000000000000, 0.000000000000000000 ) ) ;
#6295 = DIRECTION ( 'NONE',  ( -0.000000000000000000, -1.000000000000000000, -0.000000000000000000 ) ) ;
#6296 = LINE ( 'NONE', #4381, #2891 ) ;
#6297 = LINE ( 'NONE', #433, #8221 ) ;
#6298 = AXIS2_PLACEMENT_3D ( 'NONE', #3180, #7746, #619 ) ;
#6299 = VERTEX_POINT ( 'NONE', #7435 ) ;
#6300 = CARTESIAN_POINT ( 'NONE',  ( -13.00000000000000000, 82.00000000000000000, -123.2000000000000028 ) ) ;
#6301 = LINE ( 'NONE', #2999, #1688 ) ;
#6302 = CARTESIAN_POINT ( 'NONE',  ( -74.09999999999999432, 15.00000000000000000, -86.20148000000000366 ) ) ;
#6303 = AXIS2_PLACEMENT_3D ( 'NONE', #126, #2028, #4594 ) ;
#6304 = CARTESIAN_POINT ( 'NONE',  ( -104.0000000000000000, -25.00000000000000000, -99.20148000000000366 ) ) ;
#6305 = FACE_OUTER_BOUND ( 'NONE', #8381, .T. ) ;
#6306 = CARTESIAN_POINT ( 'NONE',  ( 44.55499999999999972, -44.40299999999999869, -183.6180954499999984 ) ) ;
#6307 = DIRECTION ( 'NONE',  ( 0.000000000000000000, 0.000000000000000000, -1.000000000000000000 ) ) ;
#6308 = ORIENTED_EDGE ( 'NONE', *, *, #2272, .T. ) ;
#6309 = EDGE_LOOP ( 'NONE', ( #6410, #4497, #5577, #4641, #4195, #8535, #3513, #3360 ) ) ;
#6310 = DIRECTION ( 'NONE',  ( 0.000000000000000000, 0.000000000000000000, -1.000000000000000000 ) ) ;
#6311 = VERTEX_POINT ( 'NONE', #5518 ) ;
#6312 = EDGE_CURVE ( 'NONE', #7013, #6667, #3648, .T. ) ;
#6313 = ADVANCED_FACE ( 'NONE', ( #7568 ), #6913, .F. ) ;
#6314 = DIRECTION ( 'NONE',  ( 0.000000000000000000, 0.000000000000000000, 1.000000000000000000 ) ) ;
#6315 = VERTEX_POINT ( 'NONE', #6173 ) ;
#6316 = DIRECTION ( 'NONE',  ( 0.3393442484258341607, 0.000000000000000000, -0.9406622566364112314 ) ) ;
#6317 = VERTEX_POINT ( 'NONE', #8261 ) ;
#6318 = ORIENTED_EDGE ( 'NONE', *, *, #5905, .F. ) ;
#6319 = VECTOR ( 'NONE', #4715, 1000.000000000000000 ) ;
#6320 = EDGE_CURVE ( 'NONE', #7455, #3285, #4957, .T. ) ;
#6321 = VERTEX_POINT ( 'NONE', #352 ) ;
#6322 = EDGE_CURVE ( 'NONE', #4151, #2759, #223, .T. ) ;
#6323 = CARTESIAN_POINT ( 'NONE',  ( -54.00000000000000000, 36.00000000000000000, -183.6180954499999984 ) ) ;
#6324 = ORIENTED_EDGE ( 'NONE', *, *, #7540, .T. ) ;
#6325 = DIRECTION ( 'NONE',  ( 1.000000000000000000, -0.000000000000000000, -0.000000000000000000 ) ) ;
#6326 = FACE_OUTER_BOUND ( 'NONE', #4680, .T. ) ;
#6327 = VECTOR ( 'NONE', #4209, 1000.000000000000000 ) ;
#6328 = CARTESIAN_POINT ( 'NONE',  ( 37.00000000000000000, 26.00000000000000000, -9.900000000000000355 ) ) ;
#6329 = CARTESIAN_POINT ( 'NONE',  ( -57.84499999999999886, -44.40299999999999869, -165.6180954499999700 ) ) ;
#6330 = DIRECTION ( 'NONE',  ( 0.000000000000000000, -1.000000000000000000, 0.000000000000000000 ) ) ;
#6331 = ADVANCED_FACE ( 'NONE', ( #3783, #8393, #8437, #3130, #7741, #401 ), #1178, .T. ) ;
#6332 = PLANE ( 'NONE',  #7794 ) ;
#6333 = EDGE_CURVE ( 'NONE', #58, #4450, #530, .T. ) ;
#6334 = CARTESIAN_POINT ( 'NONE',  ( 48.00000000000000000, 32.00000000000000000, -105.0000000000000000 ) ) ;
#6335 = VECTOR ( 'NONE', #938, 1000.000000000000000 ) ;
#6336 = VERTEX_POINT ( 'NONE', #1220 ) ;
#6337 = DIRECTION ( 'NONE',  ( 0.000000000000000000, 0.000000000000000000, -1.000000000000000000 ) ) ;
#6338 = CARTESIAN_POINT ( 'NONE',  ( -26.50186437626910063, -74.00000000000001421, -123.2000000000000028 ) ) ;
#6339 = DIRECTION ( 'NONE',  ( 1.000000000000000000, 0.000000000000000000, 0.000000000000000000 ) ) ;
#6340 = DIRECTION ( 'NONE',  ( -2.081668171172166541E-15, 0.000000000000000000, -1.000000000000000000 ) ) ;
#6341 = VECTOR ( 'NONE', #7087, 1000.000000000000000 ) ;
#6342 = CARTESIAN_POINT ( 'NONE',  ( -74.09999999999999432, -15.00000000000000000, -92.20148000000000366 ) ) ;
#6343 = ORIENTED_EDGE ( 'NONE', *, *, #4724, .T. ) ;
#6344 = CARTESIAN_POINT ( 'NONE',  ( 50.00000000000000000, 125.0000000000000000, -183.6180954499999984 ) ) ;
#6345 = LINE ( 'NONE', #4168, #3351 ) ;
#6346 = LINE ( 'NONE', #3739, #1624 ) ;
#6347 = AXIS2_PLACEMENT_3D ( 'NONE', #4955, #2826, #2166 ) ;
#6348 = CARTESIAN_POINT ( 'NONE',  ( -59.00000000000000000, 98.00000000000000000, -108.5967999999999734 ) ) ;
#6349 = CARTESIAN_POINT ( 'NONE',  ( -47.00000000000000000, 51.20000000000000284, -165.5180954499999757 ) ) ;
#6350 = CARTESIAN_POINT ( 'NONE',  ( -34.00000000000000000, 117.2000000000000028, -165.6180954499999700 ) ) ;
#6351 = VECTOR ( 'NONE', #5338, 1000.000000000000000 ) ;
#6352 = CARTESIAN_POINT ( 'NONE',  ( 20.50000000000000000, -121.2000000000000028, -165.6180954499999700 ) ) ;
#6353 = VERTEX_POINT ( 'NONE', #488 ) ;
#6354 = ORIENTED_EDGE ( 'NONE', *, *, #539, .F. ) ;
#6355 = CARTESIAN_POINT ( 'NONE',  ( -97.00000000000000000, -7.000000000000000000, 122.2119090000000057 ) ) ;
#6356 = ORIENTED_EDGE ( 'NONE', *, *, #1223, .F. ) ;
#6357 = VECTOR ( 'NONE', #5206, 1000.000000000000000 ) ;
#6358 = LINE ( 'NONE', #411, #7515 ) ;
#6359 = ORIENTED_EDGE ( 'NONE', *, *, #7002, .T. ) ;
#6360 = DIRECTION ( 'NONE',  ( 1.000000000000000000, 0.000000000000000000, 0.000000000000000000 ) ) ;
#6361 = ORIENTED_EDGE ( 'NONE', *, *, #539, .T. ) ;
#6362 = EDGE_LOOP ( 'NONE', ( #1527, #1315, #6616, #1964, #4726, #1977, #714, #2445, #932, #5614, #7253, #6921, #3147, #396, #3790, #1370 ) ) ;
#6363 = CIRCLE ( 'NONE', #5121, 5.000000000000004441 ) ;
#6364 = ORIENTED_EDGE ( 'NONE', *, *, #6861, .T. ) ;
#6365 = ORIENTED_EDGE ( 'NONE', *, *, #3765, .T. ) ;
#6366 = EDGE_CURVE ( 'NONE', #3415, #4152, #3046, .T. ) ;
#6367 = CARTESIAN_POINT ( 'NONE',  ( 90.00000000000000000, 37.00000000000000000, -183.6180954499999984 ) ) ;
#6368 = CARTESIAN_POINT ( 'NONE',  ( -61.84499999999999886, -48.40299999999999869, -165.6180954499999700 ) ) ;
#6369 = ADVANCED_FACE ( 'NONE', ( #3740 ), #1691, .T. ) ;
#6370 = ORIENTED_EDGE ( 'NONE', *, *, #3985, .F. ) ;
#6371 = EDGE_CURVE ( 'NONE', #6035, #4117, #3979, .T. ) ;
#6372 = DIRECTION ( 'NONE',  ( -0.000000000000000000, -0.000000000000000000, -1.000000000000000000 ) ) ;
#6373 = CARTESIAN_POINT ( 'NONE',  ( 35.75000000000000000, 26.00000000000000000, -23.00000000000000000 ) ) ;
#6374 = ORIENTED_EDGE ( 'NONE', *, *, #2977, .F. ) ;
#6375 = PLANE ( 'NONE',  #854 ) ;
#6376 = CARTESIAN_POINT ( 'NONE',  ( -94.00000000000000000, 0.000000000000000000, -191.6180954499999984 ) ) ;
#6377 = ORIENTED_EDGE ( 'NONE', *, *, #7171, .T. ) ;
#6378 = DIRECTION ( 'NONE',  ( 0.000000000000000000, -0.000000000000000000, 1.000000000000000000 ) ) ;
#6379 = CARTESIAN_POINT ( 'NONE',  ( 19.50000000000000000, 120.2000000000000028, -165.5180954499999757 ) ) ;
#6380 = DIRECTION ( 'NONE',  ( 0.7071067811865474617, -0.7071067811865474617, 0.000000000000000000 ) ) ;
#6381 = EDGE_CURVE ( 'NONE', #7401, #4233, #3220, .T. ) ;
#6382 = CARTESIAN_POINT ( 'NONE',  ( -47.84474000000000160, -58.40250000000000341, -165.6180954499999700 ) ) ;
#6383 = EDGE_CURVE ( 'NONE', #2890, #7195, #2473, .T. ) ;
#6384 = CARTESIAN_POINT ( 'NONE',  ( -75.59999999999999432, 75.59999999999999432, -165.6180954499999700 ) ) ;
#6385 = EDGE_CURVE ( 'NONE', #3109, #4844, #1820, .T. ) ;
#6386 = DIRECTION ( 'NONE',  ( 0.000000000000000000, 0.000000000000000000, -1.000000000000000000 ) ) ;
#6387 = DIRECTION ( 'NONE',  ( 1.000000000000000000, 0.000000000000000000, 0.000000000000000000 ) ) ;
#6388 = ORIENTED_EDGE ( 'NONE', *, *, #5745, .F. ) ;
#6389 = LINE ( 'NONE', #2513, #5375 ) ;
#6390 = CARTESIAN_POINT ( 'NONE',  ( -40.78813562373094470, -81.99999999999998579, -128.2000000000000171 ) ) ;
#6391 = CARTESIAN_POINT ( 'NONE',  ( -57.00000000000000000, 82.00000000000000000, -102.7459999999999951 ) ) ;
#6392 = APPROVAL_DATE_TIME ( #2387, #850 ) ;
#6393 = CARTESIAN_POINT ( 'NONE',  ( 0.000000000000000000, -52.20000000000000284, -165.6180954499999700 ) ) ;
#6394 = CARTESIAN_POINT ( 'NONE',  ( -46.00000000000000000, 98.00000000000000000, -123.2000000000000028 ) ) ;
#6395 = VERTEX_POINT ( 'NONE', #8350 ) ;
#6396 = VERTEX_POINT ( 'NONE', #3175 ) ;
#6397 = DIRECTION ( 'NONE',  ( 0.000000000000000000, -0.000000000000000000, -1.000000000000000000 ) ) ;
#6398 = ORIENTED_EDGE ( 'NONE', *, *, #7065, .T. ) ;
#6399 = CARTESIAN_POINT ( 'NONE',  ( 33.50000000000000000, 49.20000000000000284, -165.5180954499999757 ) ) ;
#6400 = ORIENTED_EDGE ( 'NONE', *, *, #4788, .T. ) ;
#6401 = CARTESIAN_POINT ( 'NONE',  ( -0.000000000000000000, -52.20000000000000284, -191.6180954499999984 ) ) ;
#6402 = ORIENTED_EDGE ( 'NONE', *, *, #5257, .T. ) ;
#6403 = ORIENTED_EDGE ( 'NONE', *, *, #104, .F. ) ;
#6404 = EDGE_LOOP ( 'NONE', ( #5885, #6932 ) ) ;
#6405 = AXIS2_PLACEMENT_3D ( 'NONE', #2036, #1993, #2283 ) ;
#6406 = VERTEX_POINT ( 'NONE', #3693 ) ;
#6407 = CIRCLE ( 'NONE', #2654, 5.000000000000004441 ) ;
#6408 = DIRECTION ( 'NONE',  ( 0.000000000000000000, 0.000000000000000000, 1.000000000000000000 ) ) ;
#6409 = CARTESIAN_POINT ( 'NONE',  ( -12.99999999999999822, -81.99999999999998579, -123.2000000000000028 ) ) ;
#6410 = ORIENTED_EDGE ( 'NONE', *, *, #6584, .F. ) ;
#6411 = AXIS2_PLACEMENT_3D ( 'NONE', #1087, #5777, #5127 ) ;
#6412 = DIRECTION ( 'NONE',  ( 0.7071067811865474617, -0.7071067811865474617, 0.000000000000000000 ) ) ;
#6413 = FACE_BOUND ( 'NONE', #8186, .T. ) ;
#6414 = VERTEX_POINT ( 'NONE', #3826 ) ;
#6415 = DIRECTION ( 'NONE',  ( 1.000000000000000000, 0.000000000000000000, -0.000000000000000000 ) ) ;
#6416 = LINE ( 'NONE', #3070, #7297 ) ;
#6417 = ORIENTED_EDGE ( 'NONE', *, *, #1234, .T. ) ;
#6418 = CARTESIAN_POINT ( 'NONE',  ( -47.84474000000000160, -58.40250000000000341, -165.6180954499999700 ) ) ;
#6419 = VECTOR ( 'NONE', #1814, 1000.000000000000000 ) ;
#6420 = DIRECTION ( 'NONE',  ( -0.000000000000000000, -1.000000000000000000, -0.000000000000000000 ) ) ;
#6421 = LINE ( 'NONE', #2464, #5521 ) ;
#6422 = DIRECTION ( 'NONE',  ( 0.000000000000000000, 1.000000000000000000, -0.000000000000000000 ) ) ;
#6423 = ADVANCED_FACE ( 'NONE', ( #5695 ), #5824, .F. ) ;
#6424 = EDGE_CURVE ( 'NONE', #5495, #7486, #7695, .T. ) ;
#6425 = CARTESIAN_POINT ( 'NONE',  ( 33.50000000000000000, -49.20000000000000284, -191.6180954499999984 ) ) ;
#6426 = VECTOR ( 'NONE', #1368, 1000.000000000000000 ) ;
#6427 = LINE ( 'NONE', #3125, #7414 ) ;
#6428 = CARTESIAN_POINT ( 'NONE',  ( 42.35000000000000853, 42.35000000000000853, -191.6180954499999984 ) ) ;
#6429 = ADVANCED_FACE ( 'NONE', ( #6432 ), #4389, .F. ) ;
#6430 = ORIENTED_EDGE ( 'NONE', *, *, #5198, .T. ) ;
#6431 = DIRECTION ( 'NONE',  ( -0.000000000000000000, -1.000000000000000000, -0.000000000000000000 ) ) ;
#6432 = FACE_OUTER_BOUND ( 'NONE', #4846, .T. ) ;
#6433 = DIRECTION ( 'NONE',  ( 0.000000000000000000, -1.000000000000000000, 0.000000000000000000 ) ) ;
#6434 = VECTOR ( 'NONE', #763, 1000.000000000000000 ) ;
#6435 = AXIS2_PLACEMENT_3D ( 'NONE', #5015, #7581, #1664 ) ;
#6436 = CARTESIAN_POINT ( 'NONE',  ( -51.00000000000000000, 20.19999999999999929, -92.20148000000000366 ) ) ;
#6437 = DIRECTION ( 'NONE',  ( -1.000000000000000000, 0.000000000000000000, 0.000000000000000000 ) ) ;
#6438 = ORIENTED_EDGE ( 'NONE', *, *, #3080, .T. ) ;
#6439 = ORIENTED_EDGE ( 'NONE', *, *, #160, .F. ) ;
#6441 = AXIS2_PLACEMENT_3D ( 'NONE', #6394, #3095, #8400 ) ;
#6440 = DIRECTION ( 'NONE',  ( 0.7071067811865474617, 0.7071067811865474617, 0.000000000000000000 ) ) ;
#6442 = ORIENTED_EDGE ( 'NONE', *, *, #7602, .T. ) ;
#6443 = ADVANCED_FACE ( 'NONE', ( #1091 ), #7830, .F. ) ;
#6444 = ADVANCED_FACE ( 'NONE', ( #5086 ), #2516, .T. ) ;
#6445 = LINE ( 'NONE', #5795, #7788 ) ;
#6446 = ORIENTED_EDGE ( 'NONE', *, *, #648, .F. ) ;
#6447 = PLANE ( 'NONE',  #323 ) ;
#6448 = ORIENTED_EDGE ( 'NONE', *, *, #7065, .F. ) ;
#6449 = VERTEX_POINT ( 'NONE', #696 ) ;
#6450 = ORIENTED_EDGE ( 'NONE', *, *, #1174, .F. ) ;
#6451 = ORIENTED_EDGE ( 'NONE', *, *, #6225, .F. ) ;
#6452 = CARTESIAN_POINT ( 'NONE',  ( -90.00000000000000000, 36.00000000000000000, -183.6180954499999984 ) ) ;
#6453 = CARTESIAN_POINT ( 'NONE',  ( -33.00000000000000000, -51.20000000000000284, -191.6180954499999984 ) ) ;
#6454 = ORIENTED_EDGE ( 'NONE', *, *, #2172, .T. ) ;
#6455 = AXIS2_PLACEMENT_3D ( 'NONE', #2903, #5638, #2988 ) ;
#6456 = FACE_OUTER_BOUND ( 'NONE', #547, .T. ) ;
#6457 = PLANE ( 'NONE',  #873 ) ;
#6458 = ORIENTED_EDGE ( 'NONE', *, *, #795, .F. ) ;
#6459 = CARTESIAN_POINT ( 'NONE',  ( 45.00000000000000000, 130.0000000000000000, -183.6180954499999984 ) ) ;
#6460 = CARTESIAN_POINT ( 'NONE',  ( 43.77799999999999159, 98.00000000000000000, -43.77799999999999159 ) ) ;
#6461 = DIRECTION ( 'NONE',  ( -0.000000000000000000, -1.000000000000000000, -0.000000000000000000 ) ) ;
#6462 = VECTOR ( 'NONE', #3670, 1000.000000000000114 ) ;
#6463 = DIRECTION ( 'NONE',  ( 1.000000000000000000, -0.000000000000000000, -0.000000000000000000 ) ) ;
#6464 = LINE ( 'NONE', #2952, #6773 ) ;
#6465 = DIRECTION ( 'NONE',  ( 0.000000000000000000, -1.000000000000000000, 0.000000000000000000 ) ) ;
#6466 = DIRECTION ( 'NONE',  ( -0.7071067811865474617, -0.7071067811865474617, 0.000000000000000000 ) ) ;
#6467 = AXIS2_PLACEMENT_3D ( 'NONE', #3813, #4946, #429 ) ;
#6468 = DIRECTION ( 'NONE',  ( 1.000000000000000000, 0.000000000000000000, 0.000000000000000000 ) ) ;
#6469 = CARTESIAN_POINT ( 'NONE',  ( -15.85000000000000320, 15.85000000000000320, -165.6180954499999700 ) ) ;
#6470 = VERTEX_POINT ( 'NONE', #5255 ) ;
#6471 = FACE_BOUND ( 'NONE', #364, .T. ) ;
#6472 = EDGE_CURVE ( 'NONE', #1275, #8070, #1343, .T. ) ;
#6473 = DIRECTION ( 'NONE',  ( -1.000000000000000000, 0.000000000000000000, -0.000000000000000000 ) ) ;
#6474 = EDGE_CURVE ( 'NONE', #3623, #6716, #2641, .T. ) ;
#6475 = CARTESIAN_POINT ( 'NONE',  ( -33.00000000000000000, 0.000000000000000000, -191.6180954499999984 ) ) ;
#6476 = VECTOR ( 'NONE', #7330, 1000.000000000000000 ) ;
#6477 = DATE_AND_TIME ( #8396, #4411 ) ;
#6478 = EDGE_CURVE ( 'NONE', #2354, #681, #3302, .T. ) ;
#6479 = CARTESIAN_POINT ( 'NONE',  ( 34.55525999999999698, -58.40250000000000341, -165.6180954499999700 ) ) ;
#6480 = EDGE_CURVE ( 'NONE', #6311, #669, #5337, .T. ) ;
#6481 = FACE_OUTER_BOUND ( 'NONE', #6362, .T. ) ;
#6482 = VERTEX_POINT ( 'NONE', #3336 ) ;
#6483 = ORIENTED_EDGE ( 'NONE', *, *, #173, .T. ) ;
#6484 = CARTESIAN_POINT ( 'NONE',  ( -26.50186437626909708, 98.00000000000000000, -128.2000000000000171 ) ) ;
#6485 = VECTOR ( 'NONE', #5434, 1000.000000000000000 ) ;
#6486 = EDGE_LOOP ( 'NONE', ( #1786, #7626, #798, #1788, #2883, #8141, #8321, #2620 ) ) ;
#6487 = VECTOR ( 'NONE', #1209, 1000.000000000000000 ) ;
#6488 = EDGE_CURVE ( 'NONE', #1833, #8061, #40, .T. ) ;
#6489 = DIRECTION ( 'NONE',  ( -0.000000000000000000, -0.000000000000000000, -1.000000000000000000 ) ) ;
#6490 = ADVANCED_FACE ( 'NONE', ( #4036 ), #1990, .T. ) ;
#6491 = ORIENTED_EDGE ( 'NONE', *, *, #1221, .T. ) ;
#6492 = CARTESIAN_POINT ( 'NONE',  ( -102.0000000000000142, 24.00000000000000000, -92.20147999999998945 ) ) ;
#6493 = EDGE_LOOP ( 'NONE', ( #7713, #6842, #8541, #4756 ) ) ;
#6494 = VERTEX_POINT ( 'NONE', #1258 ) ;
#6495 = ORIENTED_EDGE ( 'NONE', *, *, #4632, .F. ) ;
#6496 = ORIENTED_EDGE ( 'NONE', *, *, #7002, .F. ) ;
#6497 = VECTOR ( 'NONE', #2642, 1000.000000000000000 ) ;
#6498 = CARTESIAN_POINT ( 'NONE',  ( -13.00000000000000000, 98.00000000000000000, -108.0000000000000000 ) ) ;
#6499 = LINE ( 'NONE', #6541, #815 ) ;
#6500 = CARTESIAN_POINT ( 'NONE',  ( -47.84474000000000160, -110.8024999999999949, -165.6180954499999700 ) ) ;
#6501 = AXIS2_PLACEMENT_3D ( 'NONE', #4762, #4806, #3465 ) ;
#6502 = CARTESIAN_POINT ( 'NONE',  ( 50.00000000000000000, 125.0000000000000000, -183.6180954499999984 ) ) ;
#6503 = CARTESIAN_POINT ( 'NONE',  ( -33.64500000000001023, -81.99999999999998579, -128.2720678118654405 ) ) ;
#6504 = VERTEX_POINT ( 'NONE', #5215 ) ;
#6505 = ORIENTED_EDGE ( 'NONE', *, *, #5091, .T. ) ;
#6506 = PLANE ( 'NONE',  #8212 ) ;
#6507 = CARTESIAN_POINT ( 'NONE',  ( 45.00000000000000000, -130.0000000000000000, -183.6180954499999984 ) ) ;
#6508 = LINE ( 'NONE', #8553, #651 ) ;
#6509 = VECTOR ( 'NONE', #5446, 1000.000000000000000 ) ;
#6510 = PLANE ( 'NONE',  #1349 ) ;
#6511 = CARTESIAN_POINT ( 'NONE',  ( -50.35000000000000142, -50.35000000000000142, -191.6180954499999984 ) ) ;
#6512 = EDGE_LOOP ( 'NONE', ( #7101, #1872, #6073, #1760 ) ) ;
#6513 = DIRECTION ( 'NONE',  ( -0.7071067811865474617, -0.7071067811865474617, 0.000000000000000000 ) ) ;
#6514 = CARTESIAN_POINT ( 'NONE',  ( 20.50000000000000000, 52.20000000000000284, -165.6180954499999700 ) ) ;
#6515 = DIRECTION ( 'NONE',  ( 0.000000000000000000, 1.000000000000000000, 0.000000000000000000 ) ) ;
#6516 = ORIENTED_EDGE ( 'NONE', *, *, #7226, .F. ) ;
#6517 = LINE ( 'NONE', #39, #225 ) ;
#6518 = DIRECTION ( 'NONE',  ( -1.000000000000000000, 0.000000000000000000, 0.000000000000000000 ) ) ;
#6519 = LINE ( 'NONE', #8528, #2884 ) ;
#6520 = CARTESIAN_POINT ( 'NONE',  ( 0.000000000000000000, 52.20000000000000284, -165.6180954499999700 ) ) ;
#6521 = EDGE_CURVE ( 'NONE', #974, #8408, #6603, .T. ) ;
#6522 = FACE_OUTER_BOUND ( 'NONE', #328, .T. ) ;
#6523 = EDGE_LOOP ( 'NONE', ( #5102, #7845, #6182, #1097 ) ) ;
#6524 = LINE ( 'NONE', #3098, #5024 ) ;
#6525 = VERTEX_POINT ( 'NONE', #2730 ) ;
#6526 = EDGE_CURVE ( 'NONE', #177, #6353, #4643, .T. ) ;
#6527 = EDGE_CURVE ( 'NONE', #6525, #1830, #7343, .T. ) ;
#6528 = LINE ( 'NONE', #4609, #6763 ) ;
#6529 = DIRECTION ( 'NONE',  ( 1.000000000000000000, 0.000000000000000000, 0.000000000000000000 ) ) ;
#6530 = EDGE_LOOP ( 'NONE', ( #7586, #7500, #6694, #6568, #5759, #6625, #4136, #2093 ) ) ;
#6531 = EDGE_CURVE ( 'NONE', #7149, #2701, #7951, .T. ) ;
#6532 = EDGE_CURVE ( 'NONE', #8597, #4700, #2076, .T. ) ;
#6533 = CARTESIAN_POINT ( 'NONE',  ( -102.0000000000000142, 24.00000000000000000, 110.0000000000000000 ) ) ;
#6534 = ORIENTED_EDGE ( 'NONE', *, *, #4621, .F. ) ;
#6535 = ORIENTED_EDGE ( 'NONE', *, *, #6059, .F. ) ;
#6536 = ORIENTED_EDGE ( 'NONE', *, *, #5619, .F. ) ;
#6537 = EDGE_LOOP ( 'NONE', ( #1185, #7166, #2678, #1724, #3824, #5071, #2932, #6918, #5850, #8313, #2920, #1543, #5233, #545, #7112, #4945 ) ) ;
#6538 = EDGE_CURVE ( 'NONE', #3698, #1918, #3911, .T. ) ;
#6539 = ADVANCED_FACE ( 'NONE', ( #3263 ), #5293, .T. ) ;
#6540 = VECTOR ( 'NONE', #2000, 1000.000000000000000 ) ;
#6541 = CARTESIAN_POINT ( 'NONE',  ( 32.50000000000000000, -117.2000000000000028, -165.5180954499999757 ) ) ;
#6542 = CARTESIAN_POINT ( 'NONE',  ( 25.00000000000000000, -20.00000000000000000, -183.6180954499999984 ) ) ;
#6543 = DIRECTION ( 'NONE',  ( 0.5943910610838055719, 0.000000000000000000, -0.8041761414663256557 ) ) ;
#6544 = PLANE ( 'NONE',  #1424 ) ;
#6545 = EDGE_LOOP ( 'NONE', ( #833, #1952, #1487, #369 ) ) ;
#6546 = ORIENTED_EDGE ( 'NONE', *, *, #8092, .F. ) ;
#6547 = VECTOR ( 'NONE', #341, 1000.000000000000000 ) ;
#6548 = DIRECTION ( 'NONE',  ( 0.000000000000000000, -1.000000000000000000, 0.000000000000000000 ) ) ;
#6549 = EDGE_CURVE ( 'NONE', #927, #2182, #739, .T. ) ;
#6550 = EDGE_CURVE ( 'NONE', #4274, #6449, #8567, .T. ) ;
#6551 = LINE ( 'NONE', #6630, #7588 ) ;
#6552 = CARTESIAN_POINT ( 'NONE',  ( -110.0000000000000000, 125.0000000000000000, -191.6180954499999984 ) ) ;
#6553 = VECTOR ( 'NONE', #4299, 1000.000000000000000 ) ;
#6554 = ORIENTED_EDGE ( 'NONE', *, *, #2801, .T. ) ;
#6555 = LINE ( 'NONE', #608, #6138 ) ;
#6556 = PLANE ( 'NONE',  #4082 ) ;
#6557 = DIRECTION ( 'NONE',  ( -0.000000000000000000, 0.000000000000000000, 1.000000000000000000 ) ) ;
#6558 = DIRECTION ( 'NONE',  ( -0.000000000000000000, -0.000000000000000000, -1.000000000000000000 ) ) ;
#6559 = VECTOR ( 'NONE', #347, 1000.000000000000000 ) ;
#6560 = ORIENTED_EDGE ( 'NONE', *, *, #2828, .T. ) ;
#6561 = CARTESIAN_POINT ( 'NONE',  ( -61.84499999999999886, 48.40299999999999869, -165.6180954499999700 ) ) ;
#6562 = DIRECTION ( 'NONE',  ( 0.000000000000000000, 0.000000000000000000, -1.000000000000000000 ) ) ;
#6563 = CARTESIAN_POINT ( 'NONE',  ( -46.00000000000000000, 98.00000000000000000, -123.2000000000000028 ) ) ;
#6564 = AXIS2_PLACEMENT_3D ( 'NONE', #5677, #2456, #943 ) ;
#6565 = LINE ( 'NONE', #5219, #7103 ) ;
#6566 = CARTESIAN_POINT ( 'NONE',  ( -90.00000000000000000, -98.00000000000000000, -183.6180954499999984 ) ) ;
#6567 = CARTESIAN_POINT ( 'NONE',  ( -43.57699029636306420, 82.00000000000000000, -123.2000000000000028 ) ) ;
#6568 = ORIENTED_EDGE ( 'NONE', *, *, #3517, .F. ) ;
#6569 = VECTOR ( 'NONE', #1493, 1000.000000000000000 ) ;
#6570 = AXIS2_PLACEMENT_3D ( 'NONE', #8139, #6784, #2002 ) ;
#6571 = FACE_OUTER_BOUND ( 'NONE', #6626, .T. ) ;
#6572 = CARTESIAN_POINT ( 'NONE',  ( -105.0000000000000000, -7.000000000000000000, 122.2119090000000057 ) ) ;
#6573 = EDGE_LOOP ( 'NONE', ( #2895, #5312, #8009, #6377 ) ) ;
#6574 = AXIS2_PLACEMENT_3D ( 'NONE', #5470, #2208, #2163 ) ;
#6575 = DIRECTION ( 'NONE',  ( 0.000000000000000000, 0.000000000000000000, -1.000000000000000000 ) ) ;
#6576 = ORIENTED_EDGE ( 'NONE', *, *, #8600, .F. ) ;
#6577 = VERTEX_POINT ( 'NONE', #4080 ) ;
#6578 = ORIENTED_EDGE ( 'NONE', *, *, #3461, .F. ) ;
#6579 = VERTEX_POINT ( 'NONE', #8527 ) ;
#6580 = EDGE_CURVE ( 'NONE', #6109, #2068, #615, .T. ) ;
#6581 = EDGE_CURVE ( 'NONE', #4374, #5280, #5913, .T. ) ;
#6582 = DIRECTION ( 'NONE',  ( -1.000000000000000000, 0.000000000000000000, 0.000000000000000000 ) ) ;
#6583 = LINE ( 'NONE', #633, #7267 ) ;
#6584 = EDGE_CURVE ( 'NONE', #2803, #6146, #7260, .T. ) ;
#6585 = LINE ( 'NONE', #5322, #6689 ) ;
#6586 = EDGE_CURVE ( 'NONE', #2577, #1453, #4947, .T. ) ;
#6587 = DIRECTION ( 'NONE',  ( 0.000000000000000000, 1.000000000000000000, -0.000000000000000000 ) ) ;
#6588 = ORIENTED_EDGE ( 'NONE', *, *, #1374, .T. ) ;
#6589 = EDGE_LOOP ( 'NONE', ( #673, #3216, #8411, #6226 ) ) ;
#6590 = PLANE ( 'NONE',  #3270 ) ;
#6591 = LINE ( 'NONE', #4551, #5498 ) ;
#6592 = LINE ( 'NONE', #2592, #6221 ) ;
#6593 = ORIENTED_EDGE ( 'NONE', *, *, #1629, .F. ) ;
#6594 = ORIENTED_EDGE ( 'NONE', *, *, #108, .F. ) ;
#6595 = EDGE_CURVE ( 'NONE', #5309, #7013, #823, .T. ) ;
#6596 = EDGE_CURVE ( 'NONE', #7325, #4597, #3515, .T. ) ;
#6597 = CARTESIAN_POINT ( 'NONE',  ( -64.00000000000000000, -74.00000000000001421, -183.6180954499999984 ) ) ;
#6598 = DIRECTION ( 'NONE',  ( 0.7071067811865474617, 0.7071067811865474617, 0.000000000000000000 ) ) ;
#6599 = CARTESIAN_POINT ( 'NONE',  ( 31.00000000000000000, 32.00000000000000000, -10.00000000000000000 ) ) ;
#6600 = VECTOR ( 'NONE', #7413, 1000.000000000000000 ) ;
#6601 = ORIENTED_EDGE ( 'NONE', *, *, #5646, .F. ) ;
#6602 = LINE ( 'NONE', #6561, #1331 ) ;
#6603 = LINE ( 'NONE', #6684, #97 ) ;
#6604 = CARTESIAN_POINT ( 'NONE',  ( 45.00000000000000000, -32.00000000000000000, -40.00000000000000000 ) ) ;
#6605 = VECTOR ( 'NONE', #8041, 1000.000000000000000 ) ;
#6606 = CARTESIAN_POINT ( 'NONE',  ( 20.50000000000000000, -48.20000000000000284, -165.6180954499999700 ) ) ;
#6607 = PLANE ( 'NONE',  #4218 ) ;
#6608 = PLANE ( 'NONE',  #8080 ) ;
#6609 = VERTEX_POINT ( 'NONE', #7471 ) ;
#6610 = VECTOR ( 'NONE', #6110, 1000.000000000000000 ) ;
#6611 = CARTESIAN_POINT ( 'NONE',  ( -13.00000000000000000, -74.00000000000001421, -123.2000000000000028 ) ) ;
#6612 = FACE_OUTER_BOUND ( 'NONE', #7980, .T. ) ;
#6613 = ORIENTED_EDGE ( 'NONE', *, *, #6923, .F. ) ;
#6614 = AXIS2_PLACEMENT_3D ( 'NONE', #6645, #5955, #1386 ) ;
#6615 = CARTESIAN_POINT ( 'NONE',  ( 34.55525999999999698, 110.8024999999999949, -165.6180954499999700 ) ) ;
#6616 = ORIENTED_EDGE ( 'NONE', *, *, #7708, .F. ) ;
#6617 = EDGE_LOOP ( 'NONE', ( #5052, #3878, #3540, #1405 ) ) ;
#6618 = ORIENTED_EDGE ( 'NONE', *, *, #125, .T. ) ;
#6619 = ORIENTED_EDGE ( 'NONE', *, *, #6312, .T. ) ;
#6620 = CIRCLE ( 'NONE', #1898, 1.250000000000001110 ) ;
#6621 = LINE ( 'NONE', #3893, #7759 ) ;
#6622 = DIRECTION ( 'NONE',  ( 0.000000000000000000, 0.000000000000000000, -1.000000000000000000 ) ) ;
#6623 = DIRECTION ( 'NONE',  ( 0.7071067811865477948, 0.000000000000000000, -0.7071067811865473507 ) ) ;
#6624 = CARTESIAN_POINT ( 'NONE',  ( -110.0000000000000000, 24.00000000000000000, 122.2119089999999773 ) ) ;
#6625 = ORIENTED_EDGE ( 'NONE', *, *, #4186, .T. ) ;
#6626 = EDGE_LOOP ( 'NONE', ( #33, #4051, #1183, #4318, #6324, #5223, #5945, #3966 ) ) ;
#6627 = CIRCLE ( 'NONE', #3020, 1.250000000000001110 ) ;
#6628 = EDGE_CURVE ( 'NONE', #1890, #2617, #3601, .T. ) ;
#6629 = DIRECTION ( 'NONE',  ( 0.7071067811865474617, -0.000000000000000000, 0.7071067811865474617 ) ) ;
#6630 = CARTESIAN_POINT ( 'NONE',  ( -68.00000000000000000, -10.00000000000000000, -90.20148000000000366 ) ) ;
#6631 = ADVANCED_FACE ( 'NONE', ( #4165, #4290, #4907, #1510, #6774, #1554 ), #4124, .T. ) ;
#6632 = EDGE_CURVE ( 'NONE', #2713, #6190, #6942, .T. ) ;
#6633 = CARTESIAN_POINT ( 'NONE',  ( -94.00000000000000000, 0.000000000000000000, -183.6180954499999984 ) ) ;
#6634 = VECTOR ( 'NONE', #2292, 1000.000000000000000 ) ;
#6635 = VERTEX_POINT ( 'NONE', #3474 ) ;
#6636 = VERTEX_POINT ( 'NONE', #4860 ) ;
#6637 = CARTESIAN_POINT ( 'NONE',  ( 32.50000000000000000, -121.2000000000000028, -165.5180954499999757 ) ) ;
#6638 = CC_DESIGN_PERSON_AND_ORGANIZATION_ASSIGNMENT ( #4879, #4392, ( #7209 ) ) ;
#6639 = DIRECTION ( 'NONE',  ( 0.000000000000000000, -0.000000000000000000, -1.000000000000000000 ) ) ;
#6640 = DIRECTION ( 'NONE',  ( 0.000000000000000000, 0.000000000000000000, -1.000000000000000000 ) ) ;
#6641 = VECTOR ( 'NONE', #1198, 1000.000000000000000 ) ;
#6642 = ORIENTED_EDGE ( 'NONE', *, *, #1187, .F. ) ;
#6643 = CARTESIAN_POINT ( 'NONE',  ( -102.0000000000000142, -25.00000000000000000, -92.20148000000000366 ) ) ;
#6644 = EDGE_CURVE ( 'NONE', #6609, #2488, #4250, .T. ) ;
#6645 = CARTESIAN_POINT ( 'NONE',  ( 32.50000000000000000, -117.2000000000000028, -165.5180954499999757 ) ) ;
#6646 = ADVANCED_FACE ( 'NONE', ( #4771 ), #1596, .T. ) ;
#6647 = DIRECTION ( 'NONE',  ( 0.000000000000000000, 0.000000000000000000, 1.000000000000000000 ) ) ;
#6648 = DIRECTION ( 'NONE',  ( 0.000000000000000000, 0.000000000000000000, -1.000000000000000000 ) ) ;
#6649 = CARTESIAN_POINT ( 'NONE',  ( -33.00000000000000000, 0.000000000000000000, -191.6180954499999984 ) ) ;
#6650 = CARTESIAN_POINT ( 'NONE',  ( -47.84474000000000160, -58.40250000000000341, -177.6180954499999984 ) ) ;
#6651 = VERTEX_POINT ( 'NONE', #3429 ) ;
#6652 = PLANE ( 'NONE',  #7593 ) ;
#6653 = DIRECTION ( 'NONE',  ( 1.000000000000000000, 0.000000000000000000, 0.000000000000000000 ) ) ;
#6654 = CARTESIAN_POINT ( 'NONE',  ( -9.000000000000000000, -9.000000000000000000, -183.6180954499999984 ) ) ;
#6655 = ORIENTED_EDGE ( 'NONE', *, *, #1113, .F. ) ;
#6656 = LINE ( 'NONE', #3314, #6018 ) ;
#6657 = ORIENTED_EDGE ( 'NONE', *, *, #543, .F. ) ;
#6658 = VERTEX_POINT ( 'NONE', #5508 ) ;
#6659 = DIRECTION ( 'NONE',  ( 0.000000000000000000, 0.000000000000000000, -1.000000000000000000 ) ) ;
#6660 = ORIENTED_EDGE ( 'NONE', *, *, #5417, .T. ) ;
#6661 = ORIENTED_EDGE ( 'NONE', *, *, #3449, .T. ) ;
#6662 = VERTEX_POINT ( 'NONE', #2158 ) ;
#6663 = CARTESIAN_POINT ( 'NONE',  ( 68.85000000000000853, -68.85000000000000853, -165.6180954499999700 ) ) ;
#6664 = CARTESIAN_POINT ( 'NONE',  ( -61.00000000000000000, 14.00000000000000000, -92.20148000000000366 ) ) ;
#6665 = DIRECTION ( 'NONE',  ( -0.000000000000000000, 1.000000000000000000, 0.000000000000000000 ) ) ;
#6666 = CARTESIAN_POINT ( 'NONE',  ( -43.57699029636306420, -74.00000000000001421, -123.2000000000000028 ) ) ;
#6667 = VERTEX_POINT ( 'NONE', #6902 ) ;
#6668 = ORIENTED_EDGE ( 'NONE', *, *, #6911, .T. ) ;
#6669 = CARTESIAN_POINT ( 'NONE',  ( -57.84499999999999886, 44.40299999999999869, -177.6180954499999984 ) ) ;
#6670 = AXIS2_PLACEMENT_3D ( 'NONE', #8271, #5013, #7665 ) ;
#6671 = EDGE_LOOP ( 'NONE', ( #4586, #7672, #3952, #3450 ) ) ;
#6672 = CARTESIAN_POINT ( 'NONE',  ( -33.00000000000000000, -120.2000000000000028, -165.6180954499999700 ) ) ;
#6673 = LINE ( 'NONE', #2106, #1638 ) ;
#6674 = EDGE_LOOP ( 'NONE', ( #2723, #7185, #4122, #6359 ) ) ;
#6675 = AXIS2_PLACEMENT_3D ( 'NONE', #2202, #6855, #8118 ) ;
#6676 = EDGE_LOOP ( 'NONE', ( #946, #2628, #55, #8447, #8010, #3247 ) ) ;
#6677 = DIRECTION ( 'NONE',  ( 0.000000000000000000, 0.000000000000000000, -1.000000000000000000 ) ) ;
#6678 = CARTESIAN_POINT ( 'NONE',  ( -102.0000000000000142, -24.00000000000000000, 110.0000000000000000 ) ) ;
#6679 = CARTESIAN_POINT ( 'NONE',  ( -90.00000000000000000, 36.00000000000000000, -183.5180954499999757 ) ) ;
#6680 = ORIENTED_EDGE ( 'NONE', *, *, #7539, .T. ) ;
#6681 = CARTESIAN_POINT ( 'NONE',  ( -46.00000000000000000, -52.20000000000000284, -165.6180954499999700 ) ) ;
#6682 = VECTOR ( 'NONE', #3973, 1000.000000000000114 ) ;
#6683 = AXIS2_PLACEMENT_3D ( 'NONE', #6484, #5222, #4570 ) ;
#6684 = CARTESIAN_POINT ( 'NONE',  ( 90.00000000000000000, -37.00000000000000000, -183.6180954499999984 ) ) ;
#6685 = LINE ( 'NONE', #5217, #2739 ) ;
#6686 = EDGE_CURVE ( 'NONE', #4311, #2001, #6081, .T. ) ;
#6687 = EDGE_CURVE ( 'NONE', #2195, #5484, #132, .T. ) ;
#6688 = LINE ( 'NONE', #3595, #7933 ) ;
#6689 = VECTOR ( 'NONE', #636, 1000.000000000000000 ) ;
#6690 = ADVANCED_FACE ( 'NONE', ( #2291 ), #214, .F. ) ;
#6691 = DIRECTION ( 'NONE',  ( -0.000000000000000000, -0.000000000000000000, 1.000000000000000000 ) ) ;
#6692 = ADVANCED_FACE ( 'NONE', ( #4210 ), #8122, .T. ) ;
#6693 = DIRECTION ( 'NONE',  ( -0.000000000000000000, 0.000000000000000000, -1.000000000000000000 ) ) ;
#6694 = ORIENTED_EDGE ( 'NONE', *, *, #7056, .F. ) ;
#6695 = DIRECTION ( 'NONE',  ( 0.000000000000000000, 1.000000000000000000, 0.000000000000000000 ) ) ;
#6696 = LINE ( 'NONE', #1310, #2319 ) ;
#6697 = VECTOR ( 'NONE', #6189, 1000.000000000000000 ) ;
#6698 = CARTESIAN_POINT ( 'NONE',  ( -50.00000000000000000, 32.00000000000000000, -183.5180954499999757 ) ) ;
#6699 = EDGE_LOOP ( 'NONE', ( #7050, #7365, #736, #5068 ) ) ;
#6700 = EDGE_CURVE ( 'NONE', #560, #2612, #6207, .T. ) ;
#6701 = LINE ( 'NONE', #3355, #49 ) ;
#6702 = EDGE_CURVE ( 'NONE', #7317, #326, #3011, .T. ) ;
#6703 = ORIENTED_EDGE ( 'NONE', *, *, #5302, .F. ) ;
#6704 = ORIENTED_EDGE ( 'NONE', *, *, #8360, .T. ) ;
#6706 = AXIS2_PLACEMENT_3D ( 'NONE', #8274, #1019, #4405 ) ;
#6705 = CARTESIAN_POINT ( 'NONE',  ( -46.00000000000000000, 117.2000000000000028, -165.6180954499999700 ) ) ;
#6707 = ORIENTED_EDGE ( 'NONE', *, *, #6532, .T. ) ;
#6708 = ORIENTED_EDGE ( 'NONE', *, *, #8300, .F. ) ;
#6709 = ORIENTED_EDGE ( 'NONE', *, *, #6333, .T. ) ;
#6710 = CARTESIAN_POINT ( 'NONE',  ( -40.78813562373094470, 98.00000000000000000, -128.2000000000000171 ) ) ;
#6711 = AXIS2_PLACEMENT_3D ( 'NONE', #2624, #4666, #5847 ) ;
#6712 = VECTOR ( 'NONE', #1470, 1000.000000000000000 ) ;
#6713 = CARTESIAN_POINT ( 'NONE',  ( -57.00000000000000000, 98.00000000000000000, -102.7459999999999951 ) ) ;
#6714 = CARTESIAN_POINT ( 'NONE',  ( -40.78813562373094470, -74.00000000000001421, -123.2000000000000028 ) ) ;
#6715 = FACE_OUTER_BOUND ( 'NONE', #8286, .T. ) ;
#6716 = VERTEX_POINT ( 'NONE', #7775 ) ;
#6717 = ORIENTED_EDGE ( 'NONE', *, *, #5301, .F. ) ;
#6718 = DIRECTION ( 'NONE',  ( 0.000000000000000000, 0.000000000000000000, -1.000000000000000000 ) ) ;
#6719 = VECTOR ( 'NONE', #6598, 1000.000000000000114 ) ;
#6720 = ORIENTED_EDGE ( 'NONE', *, *, #8399, .T. ) ;
#6721 = CARTESIAN_POINT ( 'NONE',  ( -83.60000000000000853, 83.60000000000000853, -165.6180954499999700 ) ) ;
#6722 = PLANE ( 'NONE',  #7470 ) ;
#6723 = ORIENTED_EDGE ( 'NONE', *, *, #4513, .F. ) ;
#6724 = CARTESIAN_POINT ( 'NONE',  ( -88.00000000000000000, -24.00000000000000000, 122.2119089999999773 ) ) ;
#6725 = CARTESIAN_POINT ( 'NONE',  ( 45.00000000000000000, -20.00000000000000000, -40.00000000000000000 ) ) ;
#6726 = CARTESIAN_POINT ( 'NONE',  ( 33.50000000000000000, -51.20000000000000284, -191.6180954499999984 ) ) ;
#6727 = ORIENTED_EDGE ( 'NONE', *, *, #8129, .T. ) ;
#6728 = DIRECTION ( 'NONE',  ( 0.7071067811865474617, -0.7071067811865474617, 0.000000000000000000 ) ) ;
#6729 = DIRECTION ( 'NONE',  ( -0.000000000000000000, -0.000000000000000000, -1.000000000000000000 ) ) ;
#6730 = CARTESIAN_POINT ( 'NONE',  ( -46.00000000000000000, -117.2000000000000028, -165.5180954499999757 ) ) ;
#6731 = VECTOR ( 'NONE', #7379, 1000.000000000000000 ) ;
#6732 = PLANE ( 'NONE',  #4353 ) ;
#6733 = CARTESIAN_POINT ( 'NONE',  ( -72.00000000000000000, -5.000000000000000000, -90.20148000000000366 ) ) ;
#6734 = ORIENTED_EDGE ( 'NONE', *, *, #4993, .T. ) ;
#6735 = EDGE_CURVE ( 'NONE', #7855, #6494, #8383, .T. ) ;
#6736 = EDGE_CURVE ( 'NONE', #4678, #3237, #989, .T. ) ;
#6737 = DIRECTION ( 'NONE',  ( 0.7071067811865475727, -0.7071067811865475727, 0.000000000000000000 ) ) ;
#6738 = CARTESIAN_POINT ( 'NONE',  ( -37.25260171779820695, -90.00000000000000000, -124.6644660940672509 ) ) ;
#6739 = CARTESIAN_POINT ( 'NONE',  ( 33.50000000000000000, -51.20000000000000284, -165.6180954499999700 ) ) ;
#6740 = VECTOR ( 'NONE', #5507, 1000.000000000000000 ) ;
#6741 = EDGE_CURVE ( 'NONE', #63, #3405, #4990, .T. ) ;
#6742 = EDGE_CURVE ( 'NONE', #7511, #8444, #7819, .T. ) ;
#6743 = LINE ( 'NONE', #5348, #2366 ) ;
#6744 = ORIENTED_EDGE ( 'NONE', *, *, #104, .T. ) ;
#6745 = DIRECTION ( 'NONE',  ( 1.000000000000000000, -0.000000000000000000, 0.000000000000000000 ) ) ;
#6746 = ORIENTED_EDGE ( 'NONE', *, *, #4033, .F. ) ;
#6747 = ORIENTED_EDGE ( 'NONE', *, *, #1587, .T. ) ;
#6748 = LINE ( 'NONE', #2137, #3219 ) ;
#6749 = AXIS2_PLACEMENT_3D ( 'NONE', #4894, #4069, #1417 ) ;
#6750 = ORIENTED_EDGE ( 'NONE', *, *, #7453, .T. ) ;
#6751 = ORIENTED_EDGE ( 'NONE', *, *, #1125, .F. ) ;
#6752 = VERTEX_POINT ( 'NONE', #1809 ) ;
#6753 = EDGE_CURVE ( 'NONE', #3617, #8598, #3165, .T. ) ;
#6754 = EDGE_CURVE ( 'NONE', #1496, #6293, #8337, .T. ) ;
#6755 = DIRECTION ( 'NONE',  ( 1.000000000000000000, -0.000000000000000000, 0.000000000000000000 ) ) ;
#6756 = VECTOR ( 'NONE', #1046, 1000.000000000000000 ) ;
#6757 = FACE_OUTER_BOUND ( 'NONE', #2798, .T. ) ;
#6758 = CARTESIAN_POINT ( 'NONE',  ( -33.00000000000000000, 118.2000000000000028, -191.6180954499999984 ) ) ;
#6759 = ORIENTED_EDGE ( 'NONE', *, *, #1336, .T. ) ;
#6760 = ORIENTED_EDGE ( 'NONE', *, *, #4156, .F. ) ;
#6761 = CARTESIAN_POINT ( 'NONE',  ( -52.00000000000000000, -74.00000000000001421, -102.7459999999999951 ) ) ;
#6762 = ORIENTED_EDGE ( 'NONE', *, *, #1385, .F. ) ;
#6763 = VECTOR ( 'NONE', #3269, 1000.000000000000000 ) ;
#6764 = CARTESIAN_POINT ( 'NONE',  ( 19.50000000000000000, -49.20000000000000284, -165.5180954499999757 ) ) ;
#6765 = DIRECTION ( 'NONE',  ( 0.000000000000000000, -0.000000000000000000, 1.000000000000000000 ) ) ;
#6766 = ORIENTED_EDGE ( 'NONE', *, *, #2237, .F. ) ;
#6767 = AXIS2_PLACEMENT_3D ( 'NONE', #3264, #7261, #5914 ) ;
#6768 = LINE ( 'NONE', #4204, #3512 ) ;
#6769 = CARTESIAN_POINT ( 'NONE',  ( -64.00000000000000000, 98.00000000000000000, -146.0000000000000000 ) ) ;
#6770 = CARTESIAN_POINT ( 'NONE',  ( -99.75000000000000000, 16.00000000000000000, 122.3119090000000142 ) ) ;
#6771 = ORIENTED_EDGE ( 'NONE', *, *, #742, .T. ) ;
#6772 = DIRECTION ( 'NONE',  ( 0.000000000000000000, 0.000000000000000000, 1.000000000000000000 ) ) ;
#6773 = VECTOR ( 'NONE', #3077, 1000.000000000000000 ) ;
#6774 = FACE_BOUND ( 'NONE', #7372, .T. ) ;
#6775 = CARTESIAN_POINT ( 'NONE',  ( 48.55499999999999972, 48.40299999999999869, -177.6180954499999984 ) ) ;
#6776 = VECTOR ( 'NONE', #3629, 1000.000000000000000 ) ;
#6777 = CARTESIAN_POINT ( 'NONE',  ( 1.099999999999999201, -1.099999999999999201, -165.6180954499999700 ) ) ;
#6778 = CARTESIAN_POINT ( 'NONE',  ( -33.00000000000000000, -51.20000000000000284, -165.6180954499999700 ) ) ;
#6779 = ORIENTED_EDGE ( 'NONE', *, *, #3354, .T. ) ;
#6780 = CARTESIAN_POINT ( 'NONE',  ( -105.0000000000000000, -130.0000000000000000, -191.6180954499999984 ) ) ;
#6781 = CARTESIAN_POINT ( 'NONE',  ( -110.0000000000000000, -24.00000000000000000, 110.0000000000000000 ) ) ;
#6782 = DIRECTION ( 'NONE',  ( 0.7071067811865477948, 0.000000000000000000, -0.7071067811865473507 ) ) ;
#6783 = FACE_OUTER_BOUND ( 'NONE', #3152, .T. ) ;
#6784 = DIRECTION ( 'NONE',  ( 0.7071067811865473507, 0.000000000000000000, 0.7071067811865477948 ) ) ;
#6785 = ORIENTED_EDGE ( 'NONE', *, *, #6966, .T. ) ;
#6786 = ORIENTED_EDGE ( 'NONE', *, *, #2115, .T. ) ;
#6787 = PLANE ( 'NONE',  #8354 ) ;
#6788 = EDGE_CURVE ( 'NONE', #7147, #1489, #2463, .T. ) ;
#6789 = ORIENTED_EDGE ( 'NONE', *, *, #482, .F. ) ;
#6790 = ADVANCED_FACE ( 'NONE', ( #3640 ), #7033, .T. ) ;
#6791 = EDGE_LOOP ( 'NONE', ( #5093, #889, #1240, #3309 ) ) ;
#6792 = AXIS2_PLACEMENT_3D ( 'NONE', #3759, #8419, #2455 ) ;
#6793 = DIRECTION ( 'NONE',  ( 0.000000000000000000, 0.000000000000000000, 1.000000000000000000 ) ) ;
#6794 = EDGE_CURVE ( 'NONE', #2003, #8455, #6620, .T. ) ;
#6795 = EDGE_CURVE ( 'NONE', #7023, #6819, #2417, .T. ) ;
#6796 = LINE ( 'NONE', #6019, #1297 ) ;
#6797 = CARTESIAN_POINT ( 'NONE',  ( -34.00000000000000000, 117.2000000000000028, -165.5180954499999757 ) ) ;
#6798 = EDGE_LOOP ( 'NONE', ( #8224, #6417, #3065, #2671 ) ) ;
#6799 = ORIENTED_EDGE ( 'NONE', *, *, #1187, .T. ) ;
#6800 = ORIENTED_EDGE ( 'NONE', *, *, #2818, .T. ) ;
#6801 = EDGE_CURVE ( 'NONE', #189, #177, #3121, .T. ) ;
#6802 = CARTESIAN_POINT ( 'NONE',  ( -26.50186437626909708, 74.00000000000000000, -123.2000000000000028 ) ) ;
#6803 = ORIENTED_EDGE ( 'NONE', *, *, #1650, .T. ) ;
#6804 = DIRECTION ( 'NONE',  ( 0.000000000000000000, 0.000000000000000000, -1.000000000000000000 ) ) ;
#6805 = CARTESIAN_POINT ( 'NONE',  ( -33.64500000000000313, -73.89999999999999147, -121.2009999999999934 ) ) ;
#6806 = ORIENTED_EDGE ( 'NONE', *, *, #116, .T. ) ;
#6807 = LINE ( 'NONE', #6724, #5448 ) ;
#6808 = EDGE_CURVE ( 'NONE', #2454, #2780, #1165, .T. ) ;
#6809 = CARTESIAN_POINT ( 'NONE',  ( 45.00000000000000000, 32.00000000000000000, -10.00000000000000000 ) ) ;
#6810 = EDGE_CURVE ( 'NONE', #2677, #7532, #5816, .T. ) ;
#6811 = PLANE ( 'NONE',  #8263 ) ;
#6812 = VERTEX_POINT ( 'NONE', #3770 ) ;
#6813 = CARTESIAN_POINT ( 'NONE',  ( 33.50000000000000000, -118.2000000000000028, -165.6180954499999700 ) ) ;
#6814 = CARTESIAN_POINT ( 'NONE',  ( 0.000000000000000000, 0.000000000000000000, -165.6180954499999700 ) ) ;
#6815 = DIRECTION ( 'NONE',  ( -1.000000000000000000, 0.000000000000000000, 0.000000000000000000 ) ) ;
#6816 = DIRECTION ( 'NONE',  ( 1.000000000000000000, 0.000000000000000000, 0.000000000000000000 ) ) ;
#6817 = DIRECTION ( 'NONE',  ( 0.000000000000000000, 0.000000000000000000, -1.000000000000000000 ) ) ;
#6818 = AXIS2_PLACEMENT_3D ( 'NONE', #6159, #902, #2855 ) ;
#6819 = VERTEX_POINT ( 'NONE', #4510 ) ;
#6820 = DIRECTION ( 'NONE',  ( 0.08796862890166813609, -0.000000000000000000, 0.9961232455520554474 ) ) ;
#6821 = LINE ( 'NONE', #2258, #4536 ) ;
#6822 = LINE ( 'NONE', #5608, #3167 ) ;
#6823 = VECTOR ( 'NONE', #2038, 1000.000000000000000 ) ;
#6824 = CARTESIAN_POINT ( 'NONE',  ( -34.00000000000000000, 121.2000000000000028, -165.6180954499999700 ) ) ;
#6825 = LINE ( 'NONE', #8387, #1831 ) ;
#6826 = CARTESIAN_POINT ( 'NONE',  ( -72.00000000000000000, 10.00000000000000000, -90.20148000000000366 ) ) ;
#6827 = ORIENTED_EDGE ( 'NONE', *, *, #3883, .F. ) ;
#6828 = VERTEX_POINT ( 'NONE', #8472 ) ;
#6829 = DIRECTION ( 'NONE',  ( 0.000000000000000000, 0.000000000000000000, 1.000000000000000000 ) ) ;
#6830 = ORIENTED_EDGE ( 'NONE', *, *, #7346, .T. ) ;
#6831 = ORIENTED_EDGE ( 'NONE', *, *, #6580, .T. ) ;
#6832 = AXIS2_PLACEMENT_3D ( 'NONE', #6637, #7337, #6466 ) ;
#6833 = APPLICATION_PROTOCOL_DEFINITION ( 'international standard', 'config_control_design', 1994, #4823 ) ;
#6834 = LINE ( 'NONE', #6664, #334 ) ;
#6835 = ORIENTED_EDGE ( 'NONE', *, *, #5952, .F. ) ;
#6836 = VECTOR ( 'NONE', #3937, 999.9999999999998863 ) ;
#6837 = DIRECTION ( 'NONE',  ( 0.000000000000000000, 0.000000000000000000, 1.000000000000000000 ) ) ;
#6838 = ORIENTED_EDGE ( 'NONE', *, *, #7345, .F. ) ;
#6839 = ORIENTED_EDGE ( 'NONE', *, *, #4880, .F. ) ;
#6840 = EDGE_LOOP ( 'NONE', ( #7559, #3334, #2178, #4002 ) ) ;
#6841 = CARTESIAN_POINT ( 'NONE',  ( -88.00000000000000000, 24.00000000000000000, -92.20148000000000366 ) ) ;
#6842 = ORIENTED_EDGE ( 'NONE', *, *, #5618, .F. ) ;
#6843 = VERTEX_POINT ( 'NONE', #7731 ) ;
#6844 = ADVANCED_FACE ( 'NONE', ( #2505 ), #8295, .T. ) ;
#6845 = EDGE_CURVE ( 'NONE', #3015, #1472, #5727, .T. ) ;
#6846 = FACE_OUTER_BOUND ( 'NONE', #8276, .T. ) ;
#6847 = VECTOR ( 'NONE', #2918, 1000.000000000000114 ) ;
#6848 = CARTESIAN_POINT ( 'NONE',  ( -30.03739828220182773, -62.65851158618024641, -124.6644660940672651 ) ) ;
#6849 = EDGE_CURVE ( 'NONE', #8489, #5862, #3036, .T. ) ;
#6850 = ORIENTED_EDGE ( 'NONE', *, *, #5198, .F. ) ;
#6851 = EDGE_CURVE ( 'NONE', #5709, #6311, #5122, .T. ) ;
#6852 = LINE ( 'NONE', #8203, #719 ) ;
#6853 = DIRECTION ( 'NONE',  ( 0.000000000000000000, 0.000000000000000000, 1.000000000000000000 ) ) ;
#6854 = AXIS2_PLACEMENT_3D ( 'NONE', #3307, #5958, #8170 ) ;
#6855 = DIRECTION ( 'NONE',  ( -0.7071067811865475727, -0.7071067811865475727, 0.000000000000000000 ) ) ;
#6856 = PLANE ( 'NONE',  #6184 ) ;
#6857 = ORIENTED_EDGE ( 'NONE', *, *, #6049, .T. ) ;
#6858 = LINE ( 'NONE', #6206, #2996 ) ;
#6859 = CARTESIAN_POINT ( 'NONE',  ( 0.000000000000000000, 48.20000000000000284, -191.6180954499999984 ) ) ;
#6860 = CARTESIAN_POINT ( 'NONE',  ( -33.00000000000000000, -51.20000000000000284, -165.5180954499999757 ) ) ;
#6861 = EDGE_CURVE ( 'NONE', #2619, #408, #4466, .T. ) ;
#6862 = EDGE_CURVE ( 'NONE', #6190, #8277, #564, .T. ) ;
#6863 = FACE_OUTER_BOUND ( 'NONE', #5270, .T. ) ;
#6864 = CARTESIAN_POINT ( 'NONE',  ( 34.55525999999999698, -110.8024999999999949, -177.6180954499999984 ) ) ;
#6865 = ORIENTED_EDGE ( 'NONE', *, *, #7056, .T. ) ;
#6866 = DIRECTION ( 'NONE',  ( -0.000000000000000000, -0.000000000000000000, -1.000000000000000000 ) ) ;
#6867 = CARTESIAN_POINT ( 'NONE',  ( -43.57699029636306420, -98.00000000000000000, -123.2000000000000028 ) ) ;
#6868 = DIRECTION ( 'NONE',  ( -0.7071067811865474617, -0.7071067811865474617, 0.000000000000000000 ) ) ;
#6869 = DIRECTION ( 'NONE',  ( -0.000000000000000000, -0.000000000000000000, -1.000000000000000000 ) ) ;
#6870 = DIRECTION ( 'NONE',  ( 0.000000000000000000, 0.000000000000000000, -1.000000000000000000 ) ) ;
#6871 = VERTEX_POINT ( 'NONE', #2551 ) ;
#6872 = EDGE_LOOP ( 'NONE', ( #5682, #6850, #508, #4695 ) ) ;
#6873 = CARTESIAN_POINT ( 'NONE',  ( 0.000000000000000000, 0.000000000000000000, -86.20148000000000366 ) ) ;
#6874 = EDGE_LOOP ( 'NONE', ( #3948, #5356, #6751, #238 ) ) ;
#6875 = VERTEX_POINT ( 'NONE', #3210 ) ;
#6876 = VECTOR ( 'NONE', #8119, 1000.000000000000000 ) ;
#6877 = DIRECTION ( 'NONE',  ( 0.000000000000000000, 0.000000000000000000, 1.000000000000000000 ) ) ;
#6878 = ORIENTED_EDGE ( 'NONE', *, *, #4608, .T. ) ;
#6879 = AXIS2_PLACEMENT_3D ( 'NONE', #2859, #6772, #213 ) ;
#6880 = DIRECTION ( 'NONE',  ( -0.7071067811865475727, 0.000000000000000000, 0.7071067811865475727 ) ) ;
#6881 = ORIENTED_EDGE ( 'NONE', *, *, #5301, .T. ) ;
#6882 = ORIENTED_EDGE ( 'NONE', *, *, #4999, .F. ) ;
#6883 = ORIENTED_EDGE ( 'NONE', *, *, #4778, .T. ) ;
#6884 = DESIGN_CONTEXT ( 'detailed design', #4823, 'design' ) ;
#6885 = DIRECTION ( 'NONE',  ( 0.000000000000000000, -1.000000000000000000, 0.000000000000000000 ) ) ;
#6886 = ORIENTED_EDGE ( 'NONE', *, *, #3734, .F. ) ;
#6887 = CARTESIAN_POINT ( 'NONE',  ( -69.00000000000000000, 25.00000000000000000, -92.20148000000000366 ) ) ;
#6888 = PRODUCT ( 'P01_Main_frame', 'P01_Main_frame', '', ( #4707 ) ) ;
#6889 = AXIS2_PLACEMENT_3D ( 'NONE', #7817, #3251, #4023 ) ;
#6890 = DIRECTION ( 'NONE',  ( -0.000000000000000000, -1.000000000000000000, -0.000000000000000000 ) ) ;
#6891 = VERTEX_POINT ( 'NONE', #5204 ) ;
#6892 = ADVANCED_FACE ( 'NONE', ( #7163 ), #6510, .F. ) ;
#6893 = CARTESIAN_POINT ( 'NONE',  ( 86.00000000000000000, -20.00000000000000000, -171.6180954499999984 ) ) ;
#6894 = CYLINDRICAL_SURFACE ( 'NONE', #6564, 5.000000000000004441 ) ;
#6895 = VECTOR ( 'NONE', #4814, 1000.000000000000000 ) ;
#6896 = CARTESIAN_POINT ( 'NONE',  ( -33.00000000000000000, 51.20000000000000284, -165.5180954499999757 ) ) ;
#6897 = DIRECTION ( 'NONE',  ( 0.000000000000000000, 1.000000000000000000, -0.000000000000000000 ) ) ;
#6898 = EDGE_CURVE ( 'NONE', #2145, #7712, #1894, .T. ) ;
#6899 = EDGE_CURVE ( 'NONE', #2748, #2638, #6087, .T. ) ;
#6900 = EDGE_LOOP ( 'NONE', ( #7326, #7621, #4256, #6704 ) ) ;
#6901 = FACE_OUTER_BOUND ( 'NONE', #357, .T. ) ;
#6902 = CARTESIAN_POINT ( 'NONE',  ( -47.00000000000000000, -49.20000000000000284, -191.6180954499999984 ) ) ;
#6903 = SECURITY_CLASSIFICATION ( '', '', #8352 ) ;
#6904 = FACE_OUTER_BOUND ( 'NONE', #731, .T. ) ;
#6905 = VECTOR ( 'NONE', #6866, 1000.000000000000000 ) ;
#6906 = DIRECTION ( 'NONE',  ( 0.7071067811865475727, -0.7071067811865475727, 0.000000000000000000 ) ) ;
#6907 = DIRECTION ( 'NONE',  ( -0.000000000000000000, -1.000000000000000000, -0.000000000000000000 ) ) ;
#6908 = AXIS2_PLACEMENT_3D ( 'NONE', #1517, #139, #4220 ) ;
#6909 = ORIENTED_EDGE ( 'NONE', *, *, #8177, .T. ) ;
#6910 = ADVANCED_FACE ( 'NONE', ( #4781 ), #6218, .F. ) ;
#6911 = EDGE_CURVE ( 'NONE', #8444, #3780, #1651, .T. ) ;
#6912 = LINE ( 'NONE', #137, #8436 ) ;
#6913 = PLANE ( 'NONE',  #523 ) ;
#6914 = CARTESIAN_POINT ( 'NONE',  ( 20.50000000000000000, 52.20000000000000284, -165.5180954499999757 ) ) ;
#6915 = CIRCLE ( 'NONE', #4134, 1.250000000000001110 ) ;
#6916 = LINE ( 'NONE', #3696, #7246 ) ;
#6917 = DIRECTION ( 'NONE',  ( -0.000000000000000000, -1.000000000000000000, -0.000000000000000000 ) ) ;
#6918 = ORIENTED_EDGE ( 'NONE', *, *, #7482, .T. ) ;
#6919 = ORIENTED_EDGE ( 'NONE', *, *, #5378, .T. ) ;
#6920 = DIRECTION ( 'NONE',  ( -0.000000000000000000, 1.000000000000000000, 0.000000000000000000 ) ) ;
#6921 = ORIENTED_EDGE ( 'NONE', *, *, #7009, .F. ) ;
#6922 = EDGE_CURVE ( 'NONE', #8033, #7317, #7433, .T. ) ;
#6923 = EDGE_CURVE ( 'NONE', #2780, #7899, #2912, .T. ) ;
#6924 = VECTOR ( 'NONE', #2066, 1000.000000000000114 ) ;
#6925 = CARTESIAN_POINT ( 'NONE',  ( 33.50000000000000000, -51.20000000000000284, -165.5180954499999757 ) ) ;
#6926 = ORIENTED_EDGE ( 'NONE', *, *, #1954, .F. ) ;
#6927 = DIRECTION ( 'NONE',  ( 0.000000000000000000, -1.000000000000000000, 0.000000000000000000 ) ) ;
#6928 = EDGE_LOOP ( 'NONE', ( #6199, #8192, #2016, #4832 ) ) ;
#6929 = ORIENTED_EDGE ( 'NONE', *, *, #4347, .F. ) ;
#6930 = ORIENTED_EDGE ( 'NONE', *, *, #2643, .F. ) ;
#6931 = FACE_OUTER_BOUND ( 'NONE', #8315, .T. ) ;
#6932 = ORIENTED_EDGE ( 'NONE', *, *, #7975, .T. ) ;
#6933 = DIRECTION ( 'NONE',  ( -0.000000000000000000, 1.000000000000000000, 0.000000000000000000 ) ) ;
#6934 = DIRECTION ( 'NONE',  ( 0.000000000000000000, 0.000000000000000000, -1.000000000000000000 ) ) ;
#6935 = VERTEX_POINT ( 'NONE', #4170 ) ;
#6936 = LINE ( 'NONE', #6329, #4986 ) ;
#6937 = CARTESIAN_POINT ( 'NONE',  ( -33.64500000000001023, -62.65851158618024641, -128.2720678118654405 ) ) ;
#6938 = PLANE ( 'NONE',  #8490 ) ;
#6939 = FACE_OUTER_BOUND ( 'NONE', #2499, .T. ) ;
#6940 = EDGE_LOOP ( 'NONE', ( #1883, #4763, #8001, #1176 ) ) ;
#6941 = CARTESIAN_POINT ( 'NONE',  ( 19.50000000000000000, 51.20000000000000284, -165.5180954499999757 ) ) ;
#6942 = LINE ( 'NONE', #7561, #6895 ) ;
#6943 = CARTESIAN_POINT ( 'NONE',  ( 87.00000000000000000, -40.00000000000000000, -183.6180954499999984 ) ) ;
#6944 = CARTESIAN_POINT ( 'NONE',  ( 34.55525999999999698, 110.8024999999999949, -165.6180954499999700 ) ) ;
#6945 = ORIENTED_EDGE ( 'NONE', *, *, #6385, .T. ) ;
#6946 = PLANE ( 'NONE',  #7832 ) ;
#6947 = DIRECTION ( 'NONE',  ( -0.7071067811865474617, 0.7071067811865474617, -0.000000000000000000 ) ) ;
#6948 = ORIENTED_EDGE ( 'NONE', *, *, #3940, .T. ) ;
#6949 = PLANE ( 'NONE',  #3294 ) ;
#6950 = VECTOR ( 'NONE', #2971, 1000.000000000000000 ) ;
#6951 = ADVANCED_FACE ( 'NONE', ( #178 ), #1560, .T. ) ;
#6952 = LINE ( 'NONE', #6781, #4258 ) ;
#6953 = EDGE_CURVE ( 'NONE', #7712, #277, #6912, .T. ) ;
#6954 = CARTESIAN_POINT ( 'NONE',  ( 47.31353390593272223, -90.00000000000000000, -47.31353390593272223 ) ) ;
#6955 = EDGE_CURVE ( 'NONE', #1874, #1961, #222, .T. ) ;
#6956 = FACE_OUTER_BOUND ( 'NONE', #2799, .T. ) ;
#6957 = ADVANCED_FACE ( 'NONE', ( #2257 ), #6127, .T. ) ;
#6958 = VECTOR ( 'NONE', #5523, 1000.000000000000000 ) ;
#6959 = AXIS2_PLACEMENT_3D ( 'NONE', #6873, #8358, #6228 ) ;
#6960 = DIRECTION ( 'NONE',  ( 0.000000000000000000, -1.000000000000000000, 0.000000000000000000 ) ) ;
#6961 = ORIENTED_EDGE ( 'NONE', *, *, #4713, .T. ) ;
#6962 = ORIENTED_EDGE ( 'NONE', *, *, #2272, .F. ) ;
#6963 = DIRECTION ( 'NONE',  ( 0.000000000000000000, 0.000000000000000000, -1.000000000000000000 ) ) ;
#6964 = VERTEX_POINT ( 'NONE', #5433 ) ;
#6965 = VECTOR ( 'NONE', #745, 1000.000000000000000 ) ;
#6966 = EDGE_CURVE ( 'NONE', #7854, #8418, #959, .T. ) ;
#6967 = PLANE ( 'NONE',  #2647 ) ;
#6968 = EDGE_CURVE ( 'NONE', #4404, #2843, #8089, .T. ) ;
#6969 = ORIENTED_EDGE ( 'NONE', *, *, #6158, .T. ) ;
#6970 = DIRECTION ( 'NONE',  ( 0.000000000000000000, 0.000000000000000000, -1.000000000000000000 ) ) ;
#6971 = ORIENTED_EDGE ( 'NONE', *, *, #4470, .F. ) ;
#6972 = ORIENTED_EDGE ( 'NONE', *, *, #1186, .T. ) ;
#6973 = VECTOR ( 'NONE', #1933, 1000.000000000000000 ) ;
#6974 = ORIENTED_EDGE ( 'NONE', *, *, #1111, .F. ) ;
#6975 = DIRECTION ( 'NONE',  ( -0.7071067811865475727, -0.7071067811865475727, 0.000000000000000000 ) ) ;
#6976 = VERTEX_POINT ( 'NONE', #8174 ) ;
#6977 = CARTESIAN_POINT ( 'NONE',  ( 48.55499999999999972, 120.8029999999999973, -177.6180954499999984 ) ) ;
#6978 = DIRECTION ( 'NONE',  ( 0.7071067811865469066, 0.7071067811865482389, 0.000000000000000000 ) ) ;
#6979 = VECTOR ( 'NONE', #1888, 1000.000000000000000 ) ;
#6980 = DIRECTION ( 'NONE',  ( -0.000000000000000000, -1.000000000000000000, -0.000000000000000000 ) ) ;
#6981 = LINE ( 'NONE', #7110, #7494 ) ;
#6982 = FACE_BOUND ( 'NONE', #5837, .T. ) ;
#6983 = CARTESIAN_POINT ( 'NONE',  ( -90.00000000000000000, 98.00000000000000000, -183.6180954499999984 ) ) ;
#6984 = AXIS2_PLACEMENT_3D ( 'NONE', #6713, #5447, #5533 ) ;
#6985 = FACE_OUTER_BOUND ( 'NONE', #6798, .T. ) ;
#6986 = AXIS2_PLACEMENT_3D ( 'NONE', #7443, #4008, #670 ) ;
#6987 = ORIENTED_EDGE ( 'NONE', *, *, #8067, .T. ) ;
#6988 = CARTESIAN_POINT ( 'NONE',  ( -46.00000000000000000, 98.00000000000000000, -123.2000000000000028 ) ) ;
#6989 = DIRECTION ( 'NONE',  ( -0.000000000000000000, -1.000000000000000000, -0.000000000000000000 ) ) ;
#6990 = DIRECTION ( 'NONE',  ( -0.000000000000000000, 0.000000000000000000, -1.000000000000000000 ) ) ;
#6991 = CARTESIAN_POINT ( 'NONE',  ( -26.50186437626909708, 74.00000000000000000, -128.2000000000000171 ) ) ;
#6992 = VECTOR ( 'NONE', #825, 1000.000000000000000 ) ;
#6993 = CARTESIAN_POINT ( 'NONE',  ( -88.00000000000000000, -24.00000000000000000, -92.20148000000000366 ) ) ;
#6994 = ORIENTED_EDGE ( 'NONE', *, *, #6596, .F. ) ;
#6995 = CARTESIAN_POINT ( 'NONE',  ( -69.00000000000000000, -20.19999999999999929, -86.20148000000000366 ) ) ;
#6996 = CARTESIAN_POINT ( 'NONE',  ( -33.00000000000000000, -120.2000000000000028, -165.5180954499999757 ) ) ;
#6997 = CARTESIAN_POINT ( 'NONE',  ( -43.57699029636306420, -90.00000000000000000, -123.2000000000000028 ) ) ;
#6998 = VECTOR ( 'NONE', #2072, 1000.000000000000000 ) ;
#6999 = DIRECTION ( 'NONE',  ( 0.000000000000000000, 1.000000000000000000, 0.000000000000000000 ) ) ;
#7000 = DIRECTION ( 'NONE',  ( -1.000000000000000000, 0.000000000000000000, 0.000000000000000000 ) ) ;
#7001 = CARTESIAN_POINT ( 'NONE',  ( -61.00000000000000000, 18.00000000000000000, -90.20148000000000366 ) ) ;
#7002 = EDGE_CURVE ( 'NONE', #1275, #821, #4217, .T. ) ;
#7003 = DIRECTION ( 'NONE',  ( 0.000000000000000000, 1.000000000000000000, 0.000000000000000000 ) ) ;
#7004 = ORIENTED_EDGE ( 'NONE', *, *, #8346, .F. ) ;
#7005 = ORIENTED_EDGE ( 'NONE', *, *, #5696, .F. ) ;
#7006 = DIRECTION ( 'NONE',  ( 0.000000000000000000, 0.000000000000000000, -1.000000000000000000 ) ) ;
#7007 = ORIENTED_EDGE ( 'NONE', *, *, #3673, .F. ) ;
#7008 = ADVANCED_FACE ( 'NONE', ( #828 ), #4822, .F. ) ;
#7009 = EDGE_CURVE ( 'NONE', #4365, #5325, #914, .T. ) ;
#7010 = LINE ( 'NONE', #5753, #1161 ) ;
#7011 = ORIENTED_EDGE ( 'NONE', *, *, #3722, .F. ) ;
#7012 = CARTESIAN_POINT ( 'NONE',  ( 23.00000000000000000, -40.00000000000000000, -191.6180954499999984 ) ) ;
#7013 = VERTEX_POINT ( 'NONE', #1515 ) ;
#7014 = ORIENTED_EDGE ( 'NONE', *, *, #312, .T. ) ;
#7015 = VECTOR ( 'NONE', #2329, 1000.000000000000000 ) ;
#7016 = EDGE_LOOP ( 'NONE', ( #3488, #7356, #1922, #3042 ) ) ;
#7017 = VERTEX_POINT ( 'NONE', #2211 ) ;
#7018 = EDGE_CURVE ( 'NONE', #5617, #1079, #8260, .T. ) ;
#7019 = EDGE_CURVE ( 'NONE', #2989, #958, #1604, .T. ) ;
#7020 = CARTESIAN_POINT ( 'NONE',  ( -78.09999999999999432, -15.00000000000000000, -86.20148000000000366 ) ) ;
#7021 = LINE ( 'NONE', #7632, #5669 ) ;
#7022 = AXIS2_PLACEMENT_3D ( 'NONE', #3600, #7384, #131 ) ;
#7023 = VERTEX_POINT ( 'NONE', #306 ) ;
#7024 = DIRECTION ( 'NONE',  ( -0.7071067811865475727, -0.7071067811865475727, 0.000000000000000000 ) ) ;
#7025 = DIRECTION ( 'NONE',  ( -1.000000000000000000, 0.000000000000000000, 0.000000000000000000 ) ) ;
#7026 = VERTEX_POINT ( 'NONE', #3045 ) ;
#7027 = CARTESIAN_POINT ( 'NONE',  ( -49.10000000000000142, -49.10000000000000142, -165.6180954499999700 ) ) ;
#7028 = DIRECTION ( 'NONE',  ( 0.000000000000000000, 1.000000000000000000, 0.000000000000000000 ) ) ;
#7029 = VECTOR ( 'NONE', #8114, 1000.000000000000000 ) ;
#7030 = ADVANCED_BREP_SHAPE_REPRESENTATION ( 'P01_Main_frame', ( #7792, #6231 ), #4005 ) ;
#7031 = VERTEX_POINT ( 'NONE', #3174 ) ;
#7032 = CARTESIAN_POINT ( 'NONE',  ( -46.00000000000000000, -81.99999999999998579, -123.2000000000000028 ) ) ;
#7033 = PLANE ( 'NONE',  #2875 ) ;
#7034 = CARTESIAN_POINT ( 'NONE',  ( -59.00000000000000000, 90.00000000000000000, -141.0000000000000000 ) ) ;
#7035 = LINE ( 'NONE', #5688, #4888 ) ;
#7036 = AXIS2_PLACEMENT_3D ( 'NONE', #7386, #656, #5385 ) ;
#7037 = DIRECTION ( 'NONE',  ( -0.7071067811865474617, -0.7071067811865474617, 0.000000000000000000 ) ) ;
#7038 = FACE_BOUND ( 'NONE', #5886, .T. ) ;
#7039 = PLANE ( 'NONE',  #6411 ) ;
#7040 = EDGE_LOOP ( 'NONE', ( #5649, #6994, #6762, #6554 ) ) ;
#7041 = LINE ( 'NONE', #438, #5234 ) ;
#7042 = VECTOR ( 'NONE', #5077, 1000.000000000000114 ) ;
#7043 = CARTESIAN_POINT ( 'NONE',  ( -52.00000000000000000, 98.00000000000000000, -102.7459999999999951 ) ) ;
#7044 = CARTESIAN_POINT ( 'NONE',  ( -72.00000000000000000, -5.000000000000000000, -90.20148000000000366 ) ) ;
#7045 = COORDINATED_UNIVERSAL_TIME_OFFSET ( 8, 0, .AHEAD. ) ;
#7046 = DIRECTION ( 'NONE',  ( -1.000000000000000000, 0.000000000000000000, 0.000000000000000000 ) ) ;
#7047 = AXIS2_PLACEMENT_3D ( 'NONE', #1304, #3304, #1868 ) ;
#7048 = DIRECTION ( 'NONE',  ( 0.000000000000000000, 0.000000000000000000, 1.000000000000000000 ) ) ;
#7049 = VERTEX_POINT ( 'NONE', #7130 ) ;
#7050 = ORIENTED_EDGE ( 'NONE', *, *, #8501, .T. ) ;
#7051 = CARTESIAN_POINT ( 'NONE',  ( -102.0000000000000142, 25.00000000000000000, -92.20148000000000366 ) ) ;
#7052 = EDGE_LOOP ( 'NONE', ( #2047, #3418, #1795, #1104, #6747, #5039, #6799, #1294 ) ) ;
#7053 = AXIS2_PLACEMENT_3D ( 'NONE', #6775, #6815, #2159 ) ;
#7054 = CYLINDRICAL_SURFACE ( 'NONE', #8242, 5.000000000000004441 ) ;
#7055 = VERTEX_POINT ( 'NONE', #6997 ) ;
#7056 = EDGE_CURVE ( 'NONE', #5786, #7624, #7041, .T. ) ;
#7057 = LINE ( 'NONE', #3708, #3375 ) ;
#7058 = ORIENTED_EDGE ( 'NONE', *, *, #7240, .F. ) ;
#7059 = ORIENTED_EDGE ( 'NONE', *, *, #1524, .F. ) ;
#7060 = VECTOR ( 'NONE', #2840, 1000.000000000000114 ) ;
#7061 = VERTEX_POINT ( 'NONE', #5693 ) ;
#7062 = ORIENTED_EDGE ( 'NONE', *, *, #1223, .T. ) ;
#7063 = DIRECTION ( 'NONE',  ( -1.000000000000000000, 0.000000000000000000, 0.000000000000000000 ) ) ;
#7064 = EDGE_CURVE ( 'NONE', #466, #7886, #1733, .T. ) ;
#7065 = EDGE_CURVE ( 'NONE', #3272, #7987, #2342, .T. ) ;
#7066 = DIRECTION ( 'NONE',  ( 0.7071067811865475727, 0.7071067811865475727, -0.000000000000000000 ) ) ;
#7067 = EDGE_LOOP ( 'NONE', ( #7546, #6055, #6403, #1610 ) ) ;
#7068 = EDGE_CURVE ( 'NONE', #5280, #7383, #8348, .T. ) ;
#7069 = PLANE ( 'NONE',  #6792 ) ;
#7070 = ADVANCED_FACE ( 'NONE', ( #999 ), #6949, .F. ) ;
#7071 = DIRECTION ( 'NONE',  ( -0.000000000000000000, 0.000000000000000000, -1.000000000000000000 ) ) ;
#7072 = EDGE_LOOP ( 'NONE', ( #4616, #1008 ) ) ;
#7073 = CARTESIAN_POINT ( 'NONE',  ( 0.000000000000000000, 48.20000000000000284, -165.6180954499999700 ) ) ;
#7074 = CYLINDRICAL_SURFACE ( 'NONE', #5486, 5.000000000000004441 ) ;
#7075 = ORIENTED_EDGE ( 'NONE', *, *, #3892, .T. ) ;
#7076 = LINE ( 'NONE', #8254, #8417 ) ;
#7077 = DIRECTION ( 'NONE',  ( -0.000000000000000000, -1.000000000000000000, -0.000000000000000000 ) ) ;
#7078 = DIRECTION ( 'NONE',  ( -1.000000000000000000, -0.000000000000000000, -0.000000000000000000 ) ) ;
#7079 = FACE_OUTER_BOUND ( 'NONE', #6493, .T. ) ;
#7080 = EDGE_CURVE ( 'NONE', #1732, #4872, #5779, .T. ) ;
#7081 = EDGE_CURVE ( 'NONE', #5785, #3378, #6389, .T. ) ;
#7082 = CARTESIAN_POINT ( 'NONE',  ( 20.50000000000000000, -117.2000000000000028, -191.6180954499999984 ) ) ;
#7083 = LINE ( 'NONE', #1127, #4074 ) ;
#7084 = DIRECTION ( 'NONE',  ( -0.7071067811865474617, -0.7071067811865474617, 0.000000000000000000 ) ) ;
#7085 = VERTEX_POINT ( 'NONE', #3089 ) ;
#7086 = CARTESIAN_POINT ( 'NONE',  ( 48.00000000000000000, -20.00000000000000000, -105.0000000000000000 ) ) ;
#7087 = DIRECTION ( 'NONE',  ( -0.000000000000000000, -1.000000000000000000, -0.000000000000000000 ) ) ;
#7088 = CARTESIAN_POINT ( 'NONE',  ( -61.84499999999999886, 48.40299999999999869, -165.6180954499999700 ) ) ;
#7089 = DIRECTION ( 'NONE',  ( 0.000000000000000000, 1.000000000000000000, -0.000000000000000000 ) ) ;
#7090 = CARTESIAN_POINT ( 'NONE',  ( -88.00000000000000000, -24.00000000000000000, -183.6180954499999984 ) ) ;
#7091 = ORIENTED_EDGE ( 'NONE', *, *, #1, .T. ) ;
#7092 = ORIENTED_EDGE ( 'NONE', *, *, #6100, .F. ) ;
#7093 = CARTESIAN_POINT ( 'NONE',  ( -7.849999999999999645, -7.849999999999999645, -191.6180954499999984 ) ) ;
#7094 = EDGE_LOOP ( 'NONE', ( #2852, #2808, #4520, #2580, #4919, #2634, #2461, #6236 ) ) ;
#7095 = VECTOR ( 'NONE', #8005, 1000.000000000000000 ) ;
#7096 = VECTOR ( 'NONE', #6181, 1000.000000000000000 ) ;
#7097 = CARTESIAN_POINT ( 'NONE',  ( -97.00000000000000000, -7.000000000000000000, 124.2119090000000057 ) ) ;
#7098 = ORIENTED_EDGE ( 'NONE', *, *, #3557, .F. ) ;
#7099 = DIRECTION ( 'NONE',  ( -0.000000000000000000, -0.000000000000000000, 1.000000000000000000 ) ) ;
#7100 = ORIENTED_EDGE ( 'NONE', *, *, #6899, .F. ) ;
#7101 = ORIENTED_EDGE ( 'NONE', *, *, #6270, .F. ) ;
#7102 = ORIENTED_EDGE ( 'NONE', *, *, #7375, .T. ) ;
#7103 = VECTOR ( 'NONE', #618, 1000.000000000000000 ) ;
#7104 = VERTEX_POINT ( 'NONE', #7651 ) ;
#7105 = AXIS2_PLACEMENT_3D ( 'NONE', #785, #5342, #5299 ) ;
#7106 = PLANE ( 'NONE',  #7447 ) ;
#7107 = DIRECTION ( 'NONE',  ( -0.7071067811865474617, 0.000000000000000000, -0.7071067811865474617 ) ) ;
#7108 = EDGE_LOOP ( 'NONE', ( #1566, #5397, #701, #8207, #7359, #940, #753 ) ) ;
#7109 = VECTOR ( 'NONE', #6177, 1000.000000000000000 ) ;
#7110 = CARTESIAN_POINT ( 'NONE',  ( 0.000000000000000000, -117.2000000000000028, -165.6180954499999700 ) ) ;
#7111 = CARTESIAN_POINT ( 'NONE',  ( -13.00000000000000000, 90.00000000000000000, -108.0000000000000000 ) ) ;
#7112 = ORIENTED_EDGE ( 'NONE', *, *, #6955, .T. ) ;
#7113 = EDGE_CURVE ( 'NONE', #1827, #2221, #6346, .T. ) ;
#7114 = CARTESIAN_POINT ( 'NONE',  ( -94.00000000000000000, -32.00000000000000000, -191.6180954499999984 ) ) ;
#7115 = EDGE_CURVE ( 'NONE', #8269, #2662, #1778, .T. ) ;
#7116 = CARTESIAN_POINT ( 'NONE',  ( 48.55499999999999972, -48.40299999999999869, -183.6180954499999984 ) ) ;
#7117 = DIRECTION ( 'NONE',  ( 0.7071067811865474617, -0.7071067811865474617, 0.000000000000000000 ) ) ;
#7118 = VECTOR ( 'NONE', #5810, 1000.000000000000114 ) ;
#7119 = EDGE_CURVE ( 'NONE', #4845, #7544, #7694, .T. ) ;
#7120 = DIRECTION ( 'NONE',  ( 0.000000000000000000, 1.000000000000000000, 0.000000000000000000 ) ) ;
#7121 = EDGE_CURVE ( 'NONE', #2530, #1794, #1177, .T. ) ;
#7122 = DIRECTION ( 'NONE',  ( -0.7071067811865474617, -0.7071067811865474617, 0.000000000000000000 ) ) ;
#7123 = DIRECTION ( 'NONE',  ( -1.000000000000000000, 0.000000000000000000, 0.000000000000000000 ) ) ;
#7124 = DIRECTION ( 'NONE',  ( -1.000000000000000000, 0.000000000000000000, 0.000000000000000000 ) ) ;
#7125 = VECTOR ( 'NONE', #3005, 1000.000000000000000 ) ;
#7126 = ADVANCED_FACE ( 'NONE', ( #400 ), #5085, .T. ) ;
#7127 = DIRECTION ( 'NONE',  ( 0.000000000000000000, 0.000000000000000000, -1.000000000000000000 ) ) ;
#7128 = DIRECTION ( 'NONE',  ( 1.000000000000000000, 0.000000000000000000, 0.000000000000000000 ) ) ;
#7129 = VERTEX_POINT ( 'NONE', #6302 ) ;
#7130 = CARTESIAN_POINT ( 'NONE',  ( -105.0000000000000000, -130.0000000000000000, -183.6180954499999984 ) ) ;
#7131 = EDGE_CURVE ( 'NONE', #7049, #5617, #3825, .T. ) ;
#7132 = CARTESIAN_POINT ( 'NONE',  ( 0.000000000000000000, 0.000000000000000000, -86.20148000000000366 ) ) ;
#7133 = EDGE_CURVE ( 'NONE', #3261, #3237, #3000, .T. ) ;
#7134 = LINE ( 'NONE', #6349, #4270 ) ;
#7135 = VECTOR ( 'NONE', #2886, 1000.000000000000000 ) ;
#7136 = VECTOR ( 'NONE', #6870, 1000.000000000000000 ) ;
#7137 = CARTESIAN_POINT ( 'NONE',  ( -34.00000000000000000, -121.2000000000000028, -165.5180954499999757 ) ) ;
#7138 = DIRECTION ( 'NONE',  ( -1.000000000000000000, 0.000000000000000000, 0.000000000000000000 ) ) ;
#7139 = EDGE_LOOP ( 'NONE', ( #8046, #4283, #6495, #1392 ) ) ;
#7140 = ORIENTED_EDGE ( 'NONE', *, *, #5629, .T. ) ;
#7142 = VECTOR ( 'NONE', #7127, 1000.000000000000000 ) ;
#7141 = DIRECTION ( 'NONE',  ( 1.000000000000000000, 0.000000000000000000, 0.000000000000000000 ) ) ;
#7143 = ORIENTED_EDGE ( 'NONE', *, *, #116, .F. ) ;
#7144 = CARTESIAN_POINT ( 'NONE',  ( 20.50000000000000000, 52.20000000000000284, -191.6180954499999984 ) ) ;
#7145 = ORIENTED_EDGE ( 'NONE', *, *, #2655, .T. ) ;
#7146 = DIRECTION ( 'NONE',  ( -1.000000000000000000, -0.000000000000000000, -0.000000000000000000 ) ) ;
#7147 = VERTEX_POINT ( 'NONE', #2472 ) ;
#7148 = ORIENTED_EDGE ( 'NONE', *, *, #3941, .T. ) ;
#7149 = VERTEX_POINT ( 'NONE', #5129 ) ;
#7150 = VERTEX_POINT ( 'NONE', #7782 ) ;
#7151 = DIRECTION ( 'NONE',  ( 0.000000000000000000, 0.000000000000000000, 1.000000000000000000 ) ) ;
#7152 = DIRECTION ( 'NONE',  ( 0.000000000000000000, 0.000000000000000000, -1.000000000000000000 ) ) ;
#7153 = DIRECTION ( 'NONE',  ( 1.000000000000000000, 0.000000000000000000, 0.000000000000000000 ) ) ;
#7154 = VECTOR ( 'NONE', #1591, 1000.000000000000114 ) ;
#7155 = FACE_OUTER_BOUND ( 'NONE', #6589, .T. ) ;
#7156 = DIRECTION ( 'NONE',  ( 0.7071067811865469066, 0.7071067811865482389, 0.000000000000000000 ) ) ;
#7157 = ORIENTED_EDGE ( 'NONE', *, *, #7346, .F. ) ;
#7158 = VERTEX_POINT ( 'NONE', #1818 ) ;
#7159 = LINE ( 'NONE', #8378, #5292 ) ;
#7160 = FACE_OUTER_BOUND ( 'NONE', #8402, .T. ) ;
#7161 = CARTESIAN_POINT ( 'NONE',  ( 48.00000000000000000, -20.00000000000000000, -105.0000000000000000 ) ) ;
#7162 = AXIS2_PLACEMENT_3D ( 'NONE', #168, #2775, #297 ) ;
#7163 = FACE_OUTER_BOUND ( 'NONE', #4849, .T. ) ;
#7164 = LINE ( 'NONE', #6633, #2332 ) ;
#7165 = ADVANCED_FACE ( 'NONE', ( #4479, #6471, #528, #5823 ), #8479, .T. ) ;
#7166 = ORIENTED_EDGE ( 'NONE', *, *, #3784, .T. ) ;
#7167 = CARTESIAN_POINT ( 'NONE',  ( 19.50000000000000000, -51.20000000000000284, -191.6180954499999984 ) ) ;
#7168 = VECTOR ( 'NONE', #3209, 1000.000000000000000 ) ;
#7169 = EDGE_CURVE ( 'NONE', #5611, #6146, #7961, .T. ) ;
#7170 = DIRECTION ( 'NONE',  ( 0.000000000000000000, -0.1216969374237651114, 0.9925673052351039471 ) ) ;
#7171 = EDGE_CURVE ( 'NONE', #7272, #8367, #1955, .T. ) ;
#7172 = FACE_OUTER_BOUND ( 'NONE', #4971, .T. ) ;
#7173 = VERTEX_POINT ( 'NONE', #749 ) ;
#7174 = FACE_OUTER_BOUND ( 'NONE', #7276, .T. ) ;
#7175 = CARTESIAN_POINT ( 'NONE',  ( -33.64500000000001023, 98.00000000000000000, -128.2720678118654405 ) ) ;
#7176 = CARTESIAN_POINT ( 'NONE',  ( -33.64500000000000313, 98.00000000000000000, -121.2009999999999934 ) ) ;
#7177 = VECTOR ( 'NONE', #6695, 1000.000000000000000 ) ;
#7178 = EDGE_CURVE ( 'NONE', #7715, #2179, #2738, .T. ) ;
#7179 = EDGE_CURVE ( 'NONE', #4655, #8540, #6528, .T. ) ;
#7180 = DIRECTION ( 'NONE',  ( -1.000000000000000000, 0.000000000000000000, 0.000000000000000000 ) ) ;
#7181 = ADVANCED_FACE ( 'NONE', ( #1998 ), #1267, .F. ) ;
#7182 = LINE ( 'NONE', #1870, #5882 ) ;
#7183 = EDGE_CURVE ( 'NONE', #8418, #4686, #2042, .T. ) ;
#7184 = ORIENTED_EDGE ( 'NONE', *, *, #8129, .F. ) ;
#7185 = ORIENTED_EDGE ( 'NONE', *, *, #8519, .F. ) ;
#7186 = LINE ( 'NONE', #6567, #3779 ) ;
#7187 = VECTOR ( 'NONE', #4333, 1000.000000000000000 ) ;
#7188 = VERTEX_POINT ( 'NONE', #5923 ) ;
#7189 = VECTOR ( 'NONE', #7309, 1000.000000000000000 ) ;
#7190 = PLANE ( 'NONE',  #154 ) ;
#7191 = ORIENTED_EDGE ( 'NONE', *, *, #2565, .F. ) ;
#7192 = EDGE_CURVE ( 'NONE', #6494, #6183, #7269, .T. ) ;
#7193 = LINE ( 'NONE', #4494, #8380 ) ;
#7194 = EDGE_CURVE ( 'NONE', #3194, #8199, #4047, .T. ) ;
#7195 = VERTEX_POINT ( 'NONE', #3395 ) ;
#7196 = EDGE_LOOP ( 'NONE', ( #8266, #2791, #7789, #7633, #2446, #7630, #4208, #7350 ) ) ;
#7197 = VERTEX_POINT ( 'NONE', #7352 ) ;
#7198 = ORIENTED_EDGE ( 'NONE', *, *, #5946, .F. ) ;
#7199 = VECTOR ( 'NONE', #909, 1000.000000000000000 ) ;
#7200 = CARTESIAN_POINT ( 'NONE',  ( 20.50000000000000000, -52.20000000000000284, -165.5180954499999757 ) ) ;
#7201 = DIRECTION ( 'NONE',  ( 0.000000000000000000, 1.000000000000000000, 0.000000000000000000 ) ) ;
#7202 = VECTOR ( 'NONE', #7505, 1000.000000000000000 ) ;
#7203 = FACE_OUTER_BOUND ( 'NONE', #7206, .T. ) ;
#7204 = DIRECTION ( 'NONE',  ( -0.7071067811865482389, 0.7071067811865469066, 0.000000000000000000 ) ) ;
#7205 = ORIENTED_EDGE ( 'NONE', *, *, #1430, .T. ) ;
#7206 = EDGE_LOOP ( 'NONE', ( #6786, #4535, #8335, #1877 ) ) ;
#7207 = CARTESIAN_POINT ( 'NONE',  ( -105.0000000000000000, 7.000000000000000000, 124.2119090000000057 ) ) ;
#7208 = DIRECTION ( 'NONE',  ( 0.000000000000000000, 0.000000000000000000, 1.000000000000000000 ) ) ;
#7209 = PRODUCT_DEFINITION_FORMATION_WITH_SPECIFIED_SOURCE ( '任何', '', #6888, .NOT_KNOWN. ) ;
#7210 = DIRECTION ( 'NONE',  ( -0.000000000000000000, -0.000000000000000000, -1.000000000000000000 ) ) ;
#7211 = EDGE_LOOP ( 'NONE', ( #848, #6496, #6655, #3930 ) ) ;
#7212 = CARTESIAN_POINT ( 'NONE',  ( -102.0000000000000142, 60.00000000000000000, -183.6180954499999984 ) ) ;
#7213 = CARTESIAN_POINT ( 'NONE',  ( -64.00000000000000000, 98.00000000000000000, -146.0000000000000000 ) ) ;
#7214 = LINE ( 'NONE', #5367, #5606 ) ;
#7215 = VECTOR ( 'NONE', #2324, 1000.000000000000000 ) ;
#7216 = CARTESIAN_POINT ( 'NONE',  ( 0.000000000000000000, 0.000000000000000000, -191.6180954499999984 ) ) ;
#7217 = ORIENTED_EDGE ( 'NONE', *, *, #8518, .F. ) ;
#7218 = DIRECTION ( 'NONE',  ( 0.000000000000000000, -1.000000000000000000, 0.000000000000000000 ) ) ;
#7219 = DIRECTION ( 'NONE',  ( -1.000000000000000000, -0.000000000000000000, -0.000000000000000000 ) ) ;
#7220 = LINE ( 'NONE', #1259, #115 ) ;
#7221 = CARTESIAN_POINT ( 'NONE',  ( -101.0000000000000000, -16.00000000000000000, 122.3119090000000142 ) ) ;
#7222 = FACE_OUTER_BOUND ( 'NONE', #6791, .T. ) ;
#7223 = VERTEX_POINT ( 'NONE', #6002 ) ;
#7224 = LINE ( 'NONE', #3183, #2519 ) ;
#7225 = VERTEX_POINT ( 'NONE', #4650 ) ;
#7226 = EDGE_CURVE ( 'NONE', #2454, #2963, #6696, .T. ) ;
#7227 = EDGE_CURVE ( 'NONE', #1448, #6579, #2614, .T. ) ;
#7228 = DIRECTION ( 'NONE',  ( 0.000000000000000000, -0.000000000000000000, -1.000000000000000000 ) ) ;
#7229 = EDGE_CURVE ( 'NONE', #5675, #1341, #1352, .T. ) ;
#7230 = ADVANCED_FACE ( 'NONE', ( #6571 ), #5225, .T. ) ;
#7231 = CARTESIAN_POINT ( 'NONE',  ( -77.42299999999997340, 74.00000000000000000, -77.42300000000003024 ) ) ;
#7232 = ORIENTED_EDGE ( 'NONE', *, *, #6166, .F. ) ;
#7233 = DIRECTION ( 'NONE',  ( 0.7071067811865477948, 0.000000000000000000, -0.7071067811865473507 ) ) ;
#7234 = ORIENTED_EDGE ( 'NONE', *, *, #5573, .T. ) ;
#7235 = EDGE_LOOP ( 'NONE', ( #1836, #7315, #283, #5748 ) ) ;
#7236 = VERTEX_POINT ( 'NONE', #5345 ) ;
#7237 = ORIENTED_EDGE ( 'NONE', *, *, #7287, .F. ) ;
#7238 = VECTOR ( 'NONE', #6131, 1000.000000000000000 ) ;
#7239 = EDGE_CURVE ( 'NONE', #5364, #1098, #7882, .T. ) ;
#7240 = EDGE_CURVE ( 'NONE', #527, #6482, #4572, .T. ) ;
#7241 = CARTESIAN_POINT ( 'NONE',  ( -69.00000000000000000, -25.00000000000000000, -86.20148000000000366 ) ) ;
#7242 = LINE ( 'NONE', #3320, #3926 ) ;
#7243 = LINE ( 'NONE', #8547, #1150 ) ;
#7244 = CARTESIAN_POINT ( 'NONE',  ( -57.84499999999999886, -44.40299999999999869, -183.6180954499999984 ) ) ;
#7245 = EDGE_LOOP ( 'NONE', ( #498, #7457, #7598, #7963 ) ) ;
#7246 = VECTOR ( 'NONE', #7046, 1000.000000000000000 ) ;
#7247 = ORIENTED_EDGE ( 'NONE', *, *, #6366, .F. ) ;
#7248 = VECTOR ( 'NONE', #60, 1000.000000000000000 ) ;
#7249 = CARTESIAN_POINT ( 'NONE',  ( 25.00000000000000000, 20.00000000000000000, -183.6180954499999984 ) ) ;
#7250 = CARTESIAN_POINT ( 'NONE',  ( -57.00000000000000000, -74.00000000000001421, -102.7459999999999951 ) ) ;
#7251 = CARTESIAN_POINT ( 'NONE',  ( -90.00000000000000000, 98.00000000000000000, -183.6180954499999984 ) ) ;
#7252 = AXIS2_PLACEMENT_3D ( 'NONE', #5513, #7607, #7475 ) ;
#7253 = ORIENTED_EDGE ( 'NONE', *, *, #7659, .F. ) ;
#7254 = CARTESIAN_POINT ( 'NONE',  ( -34.00000000000000000, 52.20000000000000284, -165.6180954499999700 ) ) ;
#7255 = DIRECTION ( 'NONE',  ( 0.000000000000000000, 0.9925673052351040582, -0.1216969374237651252 ) ) ;
#7256 = LINE ( 'NONE', #6599, #499 ) ;
#7257 = VECTOR ( 'NONE', #3169, 1000.000000000000000 ) ;
#7258 = ORIENTED_EDGE ( 'NONE', *, *, #6474, .T. ) ;
#7259 = PLANE ( 'NONE',  #5489 ) ;
#7260 = LINE ( 'NONE', #298, #8430 ) ;
#7261 = DIRECTION ( 'NONE',  ( -1.000000000000000000, 0.000000000000000000, 0.000000000000000000 ) ) ;
#7262 = AXIS2_PLACEMENT_3D ( 'NONE', #5547, #817, #3509 ) ;
#7263 = FACE_OUTER_BOUND ( 'NONE', #1790, .T. ) ;
#7264 = LINE ( 'NONE', #6649, #6712 ) ;
#7265 = CARTESIAN_POINT ( 'NONE',  ( -57.00000000000000000, -98.00000000000000000, -102.7459999999999951 ) ) ;
#7266 = ORIENTED_EDGE ( 'NONE', *, *, #4531, .F. ) ;
#7267 = VECTOR ( 'NONE', #5934, 1000.000000000000000 ) ;
#7268 = VECTOR ( 'NONE', #7797, 1000.000000000000000 ) ;
#7269 = LINE ( 'NONE', #5304, #6074 ) ;
#7270 = EDGE_CURVE ( 'NONE', #7236, #7647, #6627, .T. ) ;
#7271 = LINE ( 'NONE', #3271, #4038 ) ;
#7272 = VERTEX_POINT ( 'NONE', #7919 ) ;
#7273 = VECTOR ( 'NONE', #965, 1000.000000000000000 ) ;
#7274 = CARTESIAN_POINT ( 'NONE',  ( 19.50000000000000000, 0.000000000000000000, -165.6180954499999700 ) ) ;
#7275 = VERTEX_POINT ( 'NONE', #6044 ) ;
#7276 = EDGE_LOOP ( 'NONE', ( #7140, #535, #4792, #32 ) ) ;
#7277 = EDGE_CURVE ( 'NONE', #1740, #189, #93, .T. ) ;
#7278 = ORIENTED_EDGE ( 'NONE', *, *, #4453, .F. ) ;
#7279 = ADVANCED_FACE ( 'NONE', ( #7395 ), #5560, .F. ) ;
#7280 = EDGE_LOOP ( 'NONE', ( #6370, #649, #6446, #7059 ) ) ;
#7281 = DIRECTION ( 'NONE',  ( 0.000000000000000000, -0.000000000000000000, -1.000000000000000000 ) ) ;
#7282 = CARTESIAN_POINT ( 'NONE',  ( -101.0000000000000000, -16.00000000000000000, 122.2119089999999773 ) ) ;
#7283 = PLANE ( 'NONE',  #8077 ) ;
#7284 = DIRECTION ( 'NONE',  ( 0.7071067811865481278, 0.000000000000000000, -0.7071067811865470176 ) ) ;
#7285 = EDGE_LOOP ( 'NONE', ( #1237, #2094, #4883, #2704 ) ) ;
#7286 = ORIENTED_EDGE ( 'NONE', *, *, #8300, .T. ) ;
#7287 = EDGE_CURVE ( 'NONE', #8408, #1777, #1477, .T. ) ;
#7288 = ADVANCED_FACE ( 'NONE', ( #268 ), #7524, .F. ) ;
#7289 = CARTESIAN_POINT ( 'NONE',  ( -33.64500000000001023, 74.00000000000000000, -128.2720678118654405 ) ) ;
#7290 = CARTESIAN_POINT ( 'NONE',  ( 43.77799999999999159, -98.00000000000000000, -43.77799999999999159 ) ) ;
#7291 = LINE ( 'NONE', #6552, #6357 ) ;
#7292 = EDGE_LOOP ( 'NONE', ( #3840, #7497, #5009, #3535 ) ) ;
#7293 = ORIENTED_EDGE ( 'NONE', *, *, #484, .F. ) ;
#7294 = DIRECTION ( 'NONE',  ( 1.000000000000000000, 0.000000000000000000, 0.000000000000000000 ) ) ;
#7295 = CARTESIAN_POINT ( 'NONE',  ( -104.0000000000000000, -25.00000000000000000, -92.20148000000000366 ) ) ;
#7296 = DIRECTION ( 'NONE',  ( 0.3393442484258341607, 0.000000000000000000, -0.9406622566364112314 ) ) ;
#7297 = VECTOR ( 'NONE', #8512, 1000.000000000000000 ) ;
#7298 = ORIENTED_EDGE ( 'NONE', *, *, #8062, .T. ) ;
#7299 = DIRECTION ( 'NONE',  ( 0.000000000000000000, 0.000000000000000000, 1.000000000000000000 ) ) ;
#7300 = CARTESIAN_POINT ( 'NONE',  ( -57.00000000000000000, 14.00000000000000000, -90.20148000000000366 ) ) ;
#7301 = LINE ( 'NONE', #616, #6497 ) ;
#7302 = VECTOR ( 'NONE', #8294, 1000.000000000000000 ) ;
#7303 = CARTESIAN_POINT ( 'NONE',  ( -47.00000000000000000, -118.2000000000000028, -165.5180954499999757 ) ) ;
#7304 = CARTESIAN_POINT ( 'NONE',  ( 33.50000000000000000, 49.20000000000000284, -165.6180954499999700 ) ) ;
#7305 = DIRECTION ( 'NONE',  ( -0.7071067811865475727, -0.7071067811865475727, 0.000000000000000000 ) ) ;
#7306 = EDGE_LOOP ( 'NONE', ( #5466, #219, #3347, #5451 ) ) ;
#7307 = VECTOR ( 'NONE', #6325, 1000.000000000000000 ) ;
#7308 = DIRECTION ( 'NONE',  ( 1.000000000000000000, 0.000000000000000000, -0.000000000000000000 ) ) ;
#7309 = DIRECTION ( 'NONE',  ( 0.000000000000000000, 1.000000000000000000, -0.000000000000000000 ) ) ;
#7310 = CARTESIAN_POINT ( 'NONE',  ( 38.25000000000000000, -26.00000000000000000, -9.900000000000000355 ) ) ;
#7311 = ORIENTED_EDGE ( 'NONE', *, *, #2343, .F. ) ;
#7312 = VECTOR ( 'NONE', #1467, 1000.000000000000000 ) ;
#7313 = CARTESIAN_POINT ( 'NONE',  ( 0.000000000000000000, 20.00000000000000000, 0.000000000000000000 ) ) ;
#7314 = ORIENTED_EDGE ( 'NONE', *, *, #4203, .F. ) ;
#7315 = ORIENTED_EDGE ( 'NONE', *, *, #642, .T. ) ;
#7316 = DIRECTION ( 'NONE',  ( 0.7071067811865482389, 0.7071067811865469066, -0.000000000000000000 ) ) ;
#7317 = VERTEX_POINT ( 'NONE', #3438 ) ;
#7318 = ORIENTED_EDGE ( 'NONE', *, *, #4293, .F. ) ;
#7319 = ORIENTED_EDGE ( 'NONE', *, *, #7596, .F. ) ;
#7320 = AXIS2_PLACEMENT_3D ( 'NONE', #8132, #3568, #7610 ) ;
#7321 = DIRECTION ( 'NONE',  ( 0.000000000000000000, -1.000000000000000000, 0.000000000000000000 ) ) ;
#7322 = DIRECTION ( 'NONE',  ( 0.000000000000000000, -0.000000000000000000, -1.000000000000000000 ) ) ;
#7323 = PLANE ( 'NONE',  #2668 ) ;
#7324 = DIRECTION ( 'NONE',  ( -1.000000000000000000, 0.000000000000000000, 0.000000000000000000 ) ) ;
#7325 = VERTEX_POINT ( 'NONE', #6739 ) ;
#7326 = ORIENTED_EDGE ( 'NONE', *, *, #6214, .T. ) ;
#7327 = CARTESIAN_POINT ( 'NONE',  ( -67.00000000000000000, 98.00000000000000000, -132.0000000000000000 ) ) ;
#7328 = EDGE_CURVE ( 'NONE', #4848, #5232, #6220, .T. ) ;
#7329 = ADVANCED_FACE ( 'NONE', ( #2873 ), #2213, .T. ) ;
#7330 = DIRECTION ( 'NONE',  ( -0.000000000000000000, -1.000000000000000000, -0.000000000000000000 ) ) ;
#7331 = DIRECTION ( 'NONE',  ( -1.000000000000000000, -0.000000000000000000, -0.000000000000000000 ) ) ;
#7332 = AXIS2_PLACEMENT_3D ( 'NONE', #5942, #1858, #8596 ) ;
#7333 = ADVANCED_FACE ( 'NONE', ( #918 ), #6089, .F. ) ;
#7334 = ORIENTED_EDGE ( 'NONE', *, *, #4483, .T. ) ;
#7335 = EDGE_CURVE ( 'NONE', #6658, #3885, #8219, .T. ) ;
#7336 = EDGE_LOOP ( 'NONE', ( #1838, #4026, #185, #665 ) ) ;
#7337 = DIRECTION ( 'NONE',  ( -0.7071067811865475727, 0.7071067811865475727, 0.000000000000000000 ) ) ;
#7338 = CARTESIAN_POINT ( 'NONE',  ( -110.0000000000000000, 125.0000000000000000, -183.6180954499999984 ) ) ;
#7339 = CARTESIAN_POINT ( 'NONE',  ( 31.00000000000000000, 32.00000000000000000, -10.00000000000000000 ) ) ;
#7340 = VECTOR ( 'NONE', #6582, 1000.000000000000000 ) ;
#7341 = ORIENTED_EDGE ( 'NONE', *, *, #3101, .T. ) ;
#7342 = PLANE ( 'NONE',  #7438 ) ;
#7343 = LINE ( 'NONE', #2033, #3288 ) ;
#7344 = CARTESIAN_POINT ( 'NONE',  ( -64.00000000000000000, 98.00000000000000000, -146.0000000000000000 ) ) ;
#7345 = EDGE_CURVE ( 'NONE', #5063, #1967, #872, .T. ) ;
#7346 = EDGE_CURVE ( 'NONE', #5672, #7061, #6129, .T. ) ;
#7347 = CARTESIAN_POINT ( 'NONE',  ( -30.03739828220182773, 98.00000000000000000, -124.6644660940672651 ) ) ;
#7348 = CARTESIAN_POINT ( 'NONE',  ( 48.55499999999999972, -120.8029999999999973, -183.6180954499999984 ) ) ;
#7349 = DIRECTION ( 'NONE',  ( 0.7071067811865474617, -0.7071067811865474617, 0.000000000000000000 ) ) ;
#7350 = ORIENTED_EDGE ( 'NONE', *, *, #4244, .T. ) ;
#7351 = DIRECTION ( 'NONE',  ( -0.000000000000000000, -0.000000000000000000, 1.000000000000000000 ) ) ;
#7352 = CARTESIAN_POINT ( 'NONE',  ( -46.00000000000000000, -117.2000000000000028, -191.6180954499999984 ) ) ;
#7353 = CARTESIAN_POINT ( 'NONE',  ( -33.00000000000000000, -120.2000000000000028, -165.5180954499999757 ) ) ;
#7354 = ORIENTED_EDGE ( 'NONE', *, *, #2172, .F. ) ;
#7355 = DIRECTION ( 'NONE',  ( 1.000000000000000000, 0.000000000000000000, 0.000000000000000000 ) ) ;
#7356 = ORIENTED_EDGE ( 'NONE', *, *, #6283, .F. ) ;
#7357 = ORIENTED_EDGE ( 'NONE', *, *, #5474, .T. ) ;
#7358 = CARTESIAN_POINT ( 'NONE',  ( -13.00000000000000000, -74.00000000000001421, -123.2000000000000028 ) ) ;
#7359 = ORIENTED_EDGE ( 'NONE', *, *, #4458, .T. ) ;
#7360 = ORIENTED_EDGE ( 'NONE', *, *, #8280, .T. ) ;
#7361 = ORIENTED_EDGE ( 'NONE', *, *, #4187, .F. ) ;
#7362 = DIRECTION ( 'NONE',  ( 0.000000000000000000, 0.000000000000000000, -1.000000000000000000 ) ) ;
#7363 = CARTESIAN_POINT ( 'NONE',  ( 86.00000000000000000, 20.00000000000000000, -171.6180954499999984 ) ) ;
#7364 = CARTESIAN_POINT ( 'NONE',  ( -51.00000000000000000, 20.19999999999999929, -86.20148000000000366 ) ) ;
#7365 = ORIENTED_EDGE ( 'NONE', *, *, #7502, .F. ) ;
#7366 = EDGE_LOOP ( 'NONE', ( #7799, #7993, #694, #2788 ) ) ;
#7367 = CARTESIAN_POINT ( 'NONE',  ( 45.00000000000000000, -20.00000000000000000, -10.00000000000000000 ) ) ;
#7368 = LINE ( 'NONE', #3978, #6319 ) ;
#7369 = EDGE_LOOP ( 'NONE', ( #3025, #7755, #806, #3107 ) ) ;
#7370 = DIRECTION ( 'NONE',  ( -0.7071067811865474617, 0.000000000000000000, -0.7071067811865474617 ) ) ;
#7371 = PLANE ( 'NONE',  #5252 ) ;
#7372 = EDGE_LOOP ( 'NONE', ( #5143, #6107, #3523, #6308, #1936, #2956, #5537, #3435 ) ) ;
#7373 = VECTOR ( 'NONE', #6869, 1000.000000000000000 ) ;
#7374 = AXIS2_PLACEMENT_3D ( 'NONE', #3764, #3725, #2327 ) ;
#7375 = EDGE_CURVE ( 'NONE', #5530, #6871, #2259, .T. ) ;
#7376 = EDGE_CURVE ( 'NONE', #3458, #1270, #2831, .T. ) ;
#7377 = PLANE ( 'NONE',  #5871 ) ;
#7378 = DIRECTION ( 'NONE',  ( -0.7071067811865481278, 0.000000000000000000, 0.7071067811865470176 ) ) ;
#7379 = DIRECTION ( 'NONE',  ( 0.000000000000000000, 0.000000000000000000, -1.000000000000000000 ) ) ;
#7380 = EDGE_CURVE ( 'NONE', #7609, #8053, #4783, .T. ) ;
#7381 = CIRCLE ( 'NONE', #3630, 5.000000000000004441 ) ;
#7382 = ADVANCED_FACE ( 'NONE', ( #4916 ), #3527, .T. ) ;
#7383 = VERTEX_POINT ( 'NONE', #7437 ) ;
#7384 = DIRECTION ( 'NONE',  ( 0.000000000000000000, -1.000000000000000000, 0.000000000000000000 ) ) ;
#7385 = VECTOR ( 'NONE', #218, 1000.000000000000000 ) ;
#7386 = CARTESIAN_POINT ( 'NONE',  ( 0.000000000000000000, 0.000000000000000000, -90.20148000000000366 ) ) ;
#7387 = CARTESIAN_POINT ( 'NONE',  ( 34.55525999999999698, -58.40250000000000341, -165.6180954499999700 ) ) ;
#7388 = VECTOR ( 'NONE', #4830, 1000.000000000000000 ) ;
#7389 = DIRECTION ( 'NONE',  ( 1.000000000000000000, 0.000000000000000000, -0.000000000000000000 ) ) ;
#7390 = CARTESIAN_POINT ( 'NONE',  ( 86.00000000000000000, -20.00000000000000000, -183.6180954499999984 ) ) ;
#7391 = EDGE_LOOP ( 'NONE', ( #6273, #3275, #5796, #5084 ) ) ;
#7392 = EDGE_CURVE ( 'NONE', #3391, #527, #1606, .T. ) ;
#7393 = EDGE_CURVE ( 'NONE', #1794, #4180, #8093, .T. ) ;
#7394 = CARTESIAN_POINT ( 'NONE',  ( -64.00000000000000000, -90.00000000000000000, -146.0000000000000000 ) ) ;
#7395 = FACE_OUTER_BOUND ( 'NONE', #3362, .T. ) ;
#7396 = VECTOR ( 'NONE', #4722, 1000.000000000000000 ) ;
#7397 = LINE ( 'NONE', #1439, #7238 ) ;
#7398 = ORIENTED_EDGE ( 'NONE', *, *, #1913, .T. ) ;
#7399 = DIRECTION ( 'NONE',  ( -1.000000000000000000, -0.000000000000000000, -0.000000000000000000 ) ) ;
#7400 = EDGE_LOOP ( 'NONE', ( #7398, #4239, #1521, #296 ) ) ;
#7401 = VERTEX_POINT ( 'NONE', #3610 ) ;
#7403 = VECTOR ( 'NONE', #6316, 1000.000000000000227 ) ;
#7402 = CARTESIAN_POINT ( 'NONE',  ( 20.50000000000000000, 48.20000000000000284, -165.5180954499999757 ) ) ;
#7404 = ORIENTED_EDGE ( 'NONE', *, *, #3129, .F. ) ;
#7405 = EDGE_LOOP ( 'NONE', ( #5438, #8494, #4581, #5400 ) ) ;
#7406 = ORIENTED_EDGE ( 'NONE', *, *, #3607, .T. ) ;
#7407 = APPLICATION_PROTOCOL_DEFINITION ( 'international standard', 'config_control_design', 1994, #3944 ) ;
#7408 = VECTOR ( 'NONE', #2954, 1000.000000000000114 ) ;
#7409 = LINE ( 'NONE', #6399, #5741 ) ;
#7410 = DIRECTION ( 'NONE',  ( 1.000000000000000000, 0.000000000000000000, 0.000000000000000000 ) ) ;
#7411 = ORIENTED_EDGE ( 'NONE', *, *, #6795, .F. ) ;
#7412 = ORIENTED_EDGE ( 'NONE', *, *, #1075, .T. ) ;
#7413 = DIRECTION ( 'NONE',  ( 0.000000000000000000, 0.000000000000000000, -1.000000000000000000 ) ) ;
#7414 = VECTOR ( 'NONE', #8432, 1000.000000000000000 ) ;
#7415 = EDGE_LOOP ( 'NONE', ( #5624, #7671, #8096, #7360 ) ) ;
#7416 = LINE ( 'NONE', #2896, #3971 ) ;
#7417 = CARTESIAN_POINT ( 'NONE',  ( -74.09999999999999432, 15.00000000000000000, -92.20148000000000366 ) ) ;
#7418 = VERTEX_POINT ( 'NONE', #6257 ) ;
#7419 = DIRECTION ( 'NONE',  ( 0.000000000000000000, 0.000000000000000000, 1.000000000000000000 ) ) ;
#7420 = DIRECTION ( 'NONE',  ( 0.7071067811865474617, -0.7071067811865474617, 0.000000000000000000 ) ) ;
#7421 = DIRECTION ( 'NONE',  ( 0.7071067811865475727, 0.7071067811865475727, 0.000000000000000000 ) ) ;
#7422 = VERTEX_POINT ( 'NONE', #2959 ) ;
#7423 = CARTESIAN_POINT ( 'NONE',  ( 35.60000000000000142, -35.60000000000000142, -191.6180954499999984 ) ) ;
#7424 = EDGE_CURVE ( 'NONE', #6871, #6187, #6822, .T. ) ;
#7425 = DIRECTION ( 'NONE',  ( -1.000000000000000000, 0.000000000000000000, 0.000000000000000000 ) ) ;
#7426 = PLANE ( 'NONE',  #1231 ) ;
#7427 = EDGE_CURVE ( 'NONE', #5104, #6321, #4958, .T. ) ;
#7428 = EDGE_CURVE ( 'NONE', #5662, #2070, #3002, .T. ) ;
#7429 = VECTOR ( 'NONE', #4758, 1000.000000000000227 ) ;
#7430 = DIRECTION ( 'NONE',  ( 0.000000000000000000, -1.000000000000000000, 0.000000000000000000 ) ) ;
#7431 = CARTESIAN_POINT ( 'NONE',  ( -13.00000000000000000, 98.00000000000000000, -108.0000000000000000 ) ) ;
#7432 = VERTEX_POINT ( 'NONE', #7088 ) ;
#7433 = LINE ( 'NONE', #264, #7878 ) ;
#7434 = EDGE_CURVE ( 'NONE', #4311, #6147, #2385, .T. ) ;
#7435 = CARTESIAN_POINT ( 'NONE',  ( -33.00000000000000000, 51.20000000000000284, -165.6180954499999700 ) ) ;
#7436 = EDGE_CURVE ( 'NONE', #4152, #8496, #8438, .T. ) ;
#7437 = CARTESIAN_POINT ( 'NONE',  ( -47.00000000000000000, 49.20000000000000284, -191.6180954499999984 ) ) ;
#7438 = AXIS2_PLACEMENT_3D ( 'NONE', #3262, #4598, #1384 ) ;
#7439 = ADVANCED_FACE ( 'NONE', ( #6305 ), #5003, .F. ) ;
#7440 = CARTESIAN_POINT ( 'NONE',  ( -14.97348886532344103, 98.00000000000000000, -102.5294888653234295 ) ) ;
#7441 = ADVANCED_FACE ( 'NONE', ( #7653 ), #7784, .F. ) ;
#7442 = EDGE_LOOP ( 'NONE', ( #496, #3442, #3614, #7573 ) ) ;
#7443 = CARTESIAN_POINT ( 'NONE',  ( -101.0000000000000000, -16.00000000000000000, 122.2119089999999773 ) ) ;
#7444 = ORIENTED_EDGE ( 'NONE', *, *, #1900, .F. ) ;
#7445 = ORIENTED_EDGE ( 'NONE', *, *, #838, .T. ) ;
#7446 = CARTESIAN_POINT ( 'NONE',  ( 87.00000000000000000, -40.00000000000000000, -191.6180954499999984 ) ) ;
#7447 = AXIS2_PLACEMENT_3D ( 'NONE', #6498, #552, #1197 ) ;
#7448 = ORIENTED_EDGE ( 'NONE', *, *, #1848, .F. ) ;
#7449 = EDGE_LOOP ( 'NONE', ( #2031, #7757, #4077, #1102 ) ) ;
#7450 = VECTOR ( 'NONE', #789, 1000.000000000000114 ) ;
#7451 = ADVANCED_FACE ( 'NONE', ( #4344 ), #5044, .F. ) ;
#7452 = DIRECTION ( 'NONE',  ( 1.000000000000000000, 0.000000000000000000, 0.000000000000000000 ) ) ;
#7453 = EDGE_CURVE ( 'NONE', #3458, #6065, #8481, .T. ) ;
#7454 = DIRECTION ( 'NONE',  ( 0.000000000000000000, -1.000000000000000000, 0.000000000000000000 ) ) ;
#7455 = VERTEX_POINT ( 'NONE', #8395 ) ;
#7456 = VERTEX_POINT ( 'NONE', #1653 ) ;
#7457 = ORIENTED_EDGE ( 'NONE', *, *, #494, .F. ) ;
#7458 = LINE ( 'NONE', #935, #3555 ) ;
#7459 = ORIENTED_EDGE ( 'NONE', *, *, #5205, .T. ) ;
#7460 = VECTOR ( 'NONE', #7077, 1000.000000000000000 ) ;
#7461 = CARTESIAN_POINT ( 'NONE',  ( -105.0000000000000000, 7.000000000000000000, 124.2119090000000057 ) ) ;
#7462 = CARTESIAN_POINT ( 'NONE',  ( -90.00000000000000000, -74.00000000000001421, -183.6180954499999984 ) ) ;
#7463 = ORIENTED_EDGE ( 'NONE', *, *, #2451, .T. ) ;
#7464 = VECTOR ( 'NONE', #5256, 1000.000000000000000 ) ;
#7465 = CARTESIAN_POINT ( 'NONE',  ( 31.00000000000000000, -20.00000000000000000, -10.00000000000000000 ) ) ;
#7466 = CARTESIAN_POINT ( 'NONE',  ( 48.55499999999999972, 120.8029999999999973, -183.6180954499999984 ) ) ;
#7467 = DIRECTION ( 'NONE',  ( 0.000000000000000000, 0.000000000000000000, -1.000000000000000000 ) ) ;
#7468 = ORIENTED_EDGE ( 'NONE', *, *, #4713, .F. ) ;
#7469 = CARTESIAN_POINT ( 'NONE',  ( -64.00000000000000000, 98.00000000000000000, -183.6180954499999984 ) ) ;
#7470 = AXIS2_PLACEMENT_3D ( 'NONE', #2897, #2149, #1418 ) ;
#7471 = CARTESIAN_POINT ( 'NONE',  ( 32.50000000000000000, 48.20000000000000284, -191.6180954499999984 ) ) ;
#7472 = LINE ( 'NONE', #2777, #4417 ) ;
#7473 = VECTOR ( 'NONE', #3023, 1000.000000000000114 ) ;
#7474 = LINE ( 'NONE', #7648, #3805 ) ;
#7475 = DIRECTION ( 'NONE',  ( 0.000000000000000000, -0.000000000000000000, -1.000000000000000000 ) ) ;
#7476 = ORIENTED_EDGE ( 'NONE', *, *, #962, .F. ) ;
#7477 = DIRECTION ( 'NONE',  ( -0.7071067811865480168, 0.000000000000000000, 0.7071067811865470176 ) ) ;
#7478 = DIRECTION ( 'NONE',  ( 0.000000000000000000, -0.000000000000000000, 1.000000000000000000 ) ) ;
#7479 = CARTESIAN_POINT ( 'NONE',  ( 34.55525999999999698, 58.40250000000000341, -177.6180954499999984 ) ) ;
#7480 = CARTESIAN_POINT ( 'NONE',  ( -110.0000000000000000, -125.0000000000000000, -183.6180954499999984 ) ) ;
#7481 = LINE ( 'NONE', #6993, #7109 ) ;
#7482 = EDGE_CURVE ( 'NONE', #7017, #6315, #1134, .T. ) ;
#7483 = EDGE_CURVE ( 'NONE', #1182, #8597, #2426, .T. ) ;
#7484 = CARTESIAN_POINT ( 'NONE',  ( 35.60000000000000142, 35.60000000000000142, -191.6180954499999984 ) ) ;
#7485 = ORIENTED_EDGE ( 'NONE', *, *, #7920, .F. ) ;
#7486 = VERTEX_POINT ( 'NONE', #1047 ) ;
#7487 = CARTESIAN_POINT ( 'NONE',  ( 19.50000000000000000, 51.20000000000000284, -165.5180954499999757 ) ) ;
#7488 = VERTEX_POINT ( 'NONE', #5740 ) ;
#7489 = ORIENTED_EDGE ( 'NONE', *, *, #6158, .F. ) ;
#7490 = EDGE_CURVE ( 'NONE', #2070, #4848, #3694, .T. ) ;
#7491 = APPROVAL_STATUS ( 'not_yet_approved' ) ;
#7492 = DIRECTION ( 'NONE',  ( -1.000000000000000000, 0.000000000000000000, 0.000000000000000000 ) ) ;
#7493 = ORIENTED_EDGE ( 'NONE', *, *, #4608, .F. ) ;
#7494 = VECTOR ( 'NONE', #3677, 1000.000000000000000 ) ;
#7495 = LINE ( 'NONE', #1532, #5046 ) ;
#7496 = ORIENTED_EDGE ( 'NONE', *, *, #7966, .T. ) ;
#7497 = ORIENTED_EDGE ( 'NONE', *, *, #2170, .F. ) ;
#7498 = ORIENTED_EDGE ( 'NONE', *, *, #8341, .T. ) ;
#7499 = PLANE ( 'NONE',  #7721 ) ;
#7500 = ORIENTED_EDGE ( 'NONE', *, *, #3196, .T. ) ;
#7501 = ORIENTED_EDGE ( 'NONE', *, *, #8019, .F. ) ;
#7502 = EDGE_CURVE ( 'NONE', #5675, #5756, #7134, .T. ) ;
#7503 = EDGE_CURVE ( 'NONE', #6321, #4447, #1735, .T. ) ;
#7504 = DIRECTION ( 'NONE',  ( 1.000000000000000000, 0.000000000000000000, 0.000000000000000000 ) ) ;
#7505 = DIRECTION ( 'NONE',  ( 1.000000000000000000, 0.000000000000000000, 0.000000000000000000 ) ) ;
#7506 = VERTEX_POINT ( 'NONE', #4481 ) ;
#7507 = DIRECTION ( 'NONE',  ( 0.000000000000000000, -1.000000000000000000, 0.000000000000000000 ) ) ;
#7508 = DIRECTION ( 'NONE',  ( 0.000000000000000000, -1.000000000000000000, 0.000000000000000000 ) ) ;
#7509 = CARTESIAN_POINT ( 'NONE',  ( -59.00000000000000000, -90.00000000000000000, -139.6666666666666572 ) ) ;
#7510 = CARTESIAN_POINT ( 'NONE',  ( 86.00000000000000000, 20.00000000000000000, -183.6180954499999984 ) ) ;
#7511 = VERTEX_POINT ( 'NONE', #1092 ) ;
#7512 = CARTESIAN_POINT ( 'NONE',  ( 44.55499999999999972, 124.8029999999999973, -165.6180954499999700 ) ) ;
#7513 = DIRECTION ( 'NONE',  ( 0.7071067811865474617, 0.7071067811865474617, 0.000000000000000000 ) ) ;
#7514 = CARTESIAN_POINT ( 'NONE',  ( -49.00000000000000000, 25.00000000000000000, -92.20148000000000366 ) ) ;
#7515 = VECTOR ( 'NONE', #3056, 1000.000000000000000 ) ;
#7516 = VECTOR ( 'NONE', #470, 1000.000000000000114 ) ;
#7517 = VECTOR ( 'NONE', #2, 1000.000000000000114 ) ;
#7518 = CARTESIAN_POINT ( 'NONE',  ( -78.09999999999999432, -15.00000000000000000, -86.20148000000000366 ) ) ;
#7519 = CARTESIAN_POINT ( 'NONE',  ( -72.00000000000000000, 10.00000000000000000, -90.20148000000000366 ) ) ;
#7520 = AXIS2_PLACEMENT_3D ( 'NONE', #2881, #3700, #8183 ) ;
#7521 = ORIENTED_EDGE ( 'NONE', *, *, #6333, .F. ) ;
#7522 = CARTESIAN_POINT ( 'NONE',  ( 20.50000000000000000, -48.20000000000000284, -165.5180954499999757 ) ) ;
#7523 = CARTESIAN_POINT ( 'NONE',  ( -105.0000000000000000, -130.0000000000000000, -183.6180954499999984 ) ) ;
#7524 = PLANE ( 'NONE',  #6908 ) ;
#7525 = VECTOR ( 'NONE', #8446, 1000.000000000000000 ) ;
#7526 = DIRECTION ( 'NONE',  ( -3.469446951953611033E-15, 0.000000000000000000, -1.000000000000000000 ) ) ;
#7527 = DIRECTION ( 'NONE',  ( 0.000000000000000000, -1.000000000000000000, 0.000000000000000000 ) ) ;
#7528 = VERTEX_POINT ( 'NONE', #3741 ) ;
#7529 = ORIENTED_EDGE ( 'NONE', *, *, #8568, .T. ) ;
#7530 = CARTESIAN_POINT ( 'NONE',  ( -13.00000000000000000, 98.00000000000000000, -108.0000000000000000 ) ) ;
#7531 = ORIENTED_EDGE ( 'NONE', *, *, #2168, .T. ) ;
#7532 = VERTEX_POINT ( 'NONE', #1780 ) ;
#7533 = VECTOR ( 'NONE', #6422, 1000.000000000000000 ) ;
#7534 = EDGE_CURVE ( 'NONE', #5141, #416, #5131, .T. ) ;
#7535 = SHAPE_DEFINITION_REPRESENTATION ( #5428, #7030 ) ;
#7536 = CARTESIAN_POINT ( 'NONE',  ( -69.00000000000000000, 20.19999999999999929, -86.20148000000000366 ) ) ;
#7537 = ORIENTED_EDGE ( 'NONE', *, *, #2534, .F. ) ;
#7538 = VECTOR ( 'NONE', #3115, 1000.000000000000000 ) ;
#7539 = EDGE_CURVE ( 'NONE', #5432, #4267, #5825, .T. ) ;
#7540 = EDGE_CURVE ( 'NONE', #7017, #7150, #4303, .T. ) ;
#7541 = LINE ( 'NONE', #3058, #7682 ) ;
#7542 = EDGE_LOOP ( 'NONE', ( #2588, #7537, #8414, #3965 ) ) ;
#7543 = VERTEX_POINT ( 'NONE', #3649 ) ;
#7544 = VERTEX_POINT ( 'NONE', #8308 ) ;
#7545 = CARTESIAN_POINT ( 'NONE',  ( -13.00000000000000000, -74.00000000000001421, -123.2000000000000028 ) ) ;
#7546 = ORIENTED_EDGE ( 'NONE', *, *, #4293, .T. ) ;
#7547 = VERTEX_POINT ( 'NONE', #7176 ) ;
#7548 = DIRECTION ( 'NONE',  ( -0.000000000000000000, -0.000000000000000000, 1.000000000000000000 ) ) ;
#7549 = VECTOR ( 'NONE', #2177, 1000.000000000000000 ) ;
#7550 = FACE_OUTER_BOUND ( 'NONE', #74, .T. ) ;
#7551 = ORIENTED_EDGE ( 'NONE', *, *, #5903, .T. ) ;
#7552 = EDGE_CURVE ( 'NONE', #5274, #3835, #5870, .T. ) ;
#7553 = CARTESIAN_POINT ( 'NONE',  ( 19.50000000000000000, 118.2000000000000028, -165.5180954499999757 ) ) ;
#7554 = EDGE_CURVE ( 'NONE', #7917, #4655, #4644, .T. ) ;
#7555 = CARTESIAN_POINT ( 'NONE',  ( -78.09999999999999432, -15.00000000000000000, -86.20148000000000366 ) ) ;
#7556 = VECTOR ( 'NONE', #4734, 1000.000000000000114 ) ;
#7557 = DIRECTION ( 'NONE',  ( 1.000000000000000000, 0.000000000000000000, 0.000000000000000000 ) ) ;
#7558 = CARTESIAN_POINT ( 'NONE',  ( -26.50186437626909708, 98.00000000000000000, -123.2000000000000028 ) ) ;
#7559 = ORIENTED_EDGE ( 'NONE', *, *, #1473, .T. ) ;
#7560 = DIRECTION ( 'NONE',  ( -0.000000000000000000, 0.000000000000000000, 1.000000000000000000 ) ) ;
#7561 = CARTESIAN_POINT ( 'NONE',  ( -13.00000000000000000, -74.00000000000001421, -108.0000000000000000 ) ) ;
#7562 = CARTESIAN_POINT ( 'NONE',  ( -46.00000000000000000, 82.00000000000000000, -123.2000000000000028 ) ) ;
#7563 = EDGE_CURVE ( 'NONE', #4659, #4924, #7301, .T. ) ;
#7564 = CARTESIAN_POINT ( 'NONE',  ( 19.50000000000000000, -49.20000000000000284, -165.5180954499999757 ) ) ;
#7565 = DIRECTION ( 'NONE',  ( 0.000000000000000000, -1.000000000000000000, 0.000000000000000000 ) ) ;
#7566 = VERTEX_POINT ( 'NONE', #3872 ) ;
#7567 = DIRECTION ( 'NONE',  ( 1.000000000000000000, 0.000000000000000000, 0.000000000000000000 ) ) ;
#7568 = FACE_OUTER_BOUND ( 'NONE', #5542, .T. ) ;
#7569 = DIRECTION ( 'NONE',  ( 0.7071067811865475727, -0.7071067811865475727, 0.000000000000000000 ) ) ;
#7570 = VECTOR ( 'NONE', #5723, 1000.000000000000000 ) ;
#7571 = DIRECTION ( 'NONE',  ( -0.000000000000000000, -0.000000000000000000, -1.000000000000000000 ) ) ;
#7572 = LINE ( 'NONE', #6826, #7273 ) ;
#7573 = ORIENTED_EDGE ( 'NONE', *, *, #6521, .T. ) ;
#7574 = ORIENTED_EDGE ( 'NONE', *, *, #2538, .F. ) ;
#7575 = FACE_OUTER_BOUND ( 'NONE', #7848, .T. ) ;
#7576 = ORIENTED_EDGE ( 'NONE', *, *, #2500, .T. ) ;
#7577 = VECTOR ( 'NONE', #1637, 1000.000000000000000 ) ;
#7578 = DIRECTION ( 'NONE',  ( 0.000000000000000000, -0.000000000000000000, -1.000000000000000000 ) ) ;
#7579 = ORIENTED_EDGE ( 'NONE', *, *, #211, .T. ) ;
#7580 = VECTOR ( 'NONE', #4675, 1000.000000000000000 ) ;
#7581 = DIRECTION ( 'NONE',  ( 0.000000000000000000, 1.000000000000000000, 0.000000000000000000 ) ) ;
#7582 = VERTEX_POINT ( 'NONE', #697 ) ;
#7583 = EDGE_LOOP ( 'NONE', ( #1793, #2703, #1334, #4396 ) ) ;
#7584 = ORIENTED_EDGE ( 'NONE', *, *, #602, .F. ) ;
#7585 = DIRECTION ( 'NONE',  ( -1.000000000000000000, 0.000000000000000000, 0.000000000000000000 ) ) ;
#7586 = ORIENTED_EDGE ( 'NONE', *, *, #5629, .F. ) ;
#7587 = DIRECTION ( 'NONE',  ( 0.000000000000000000, 0.000000000000000000, -1.000000000000000000 ) ) ;
#7588 = VECTOR ( 'NONE', #683, 1000.000000000000000 ) ;
#7589 = CARTESIAN_POINT ( 'NONE',  ( -64.00000000000000000, 98.00000000000000000, -146.0000000000000000 ) ) ;
#7590 = CARTESIAN_POINT ( 'NONE',  ( -57.00000000000000000, 98.00000000000000000, -102.7459999999999951 ) ) ;
#7591 = DIRECTION ( 'NONE',  ( -0.000000000000000000, -1.000000000000000000, -0.000000000000000000 ) ) ;
#7592 = CARTESIAN_POINT ( 'NONE',  ( -72.00000000000000000, -5.000000000000000000, -90.20148000000000366 ) ) ;
#7593 = AXIS2_PLACEMENT_3D ( 'NONE', #138, #748, #5844 ) ;
#7594 = ADVANCED_FACE ( 'NONE', ( #2564 ), #4037, .F. ) ;
#7595 = DIRECTION ( 'NONE',  ( -0.6196442885790209854, 0.000000000000000000, -0.7848827655334259523 ) ) ;
#7596 = EDGE_CURVE ( 'NONE', #4700, #7149, #6519, .T. ) ;
#7597 = LINE ( 'NONE', #1633, #3133 ) ;
#7598 = ORIENTED_EDGE ( 'NONE', *, *, #1813, .F. ) ;
#7599 = PLANE ( 'NONE',  #1613 ) ;
#7600 = EDGE_CURVE ( 'NONE', #8487, #7104, #573, .T. ) ;
#7601 = CARTESIAN_POINT ( 'NONE',  ( -64.00000000000000000, -98.00000000000000000, -146.0000000000000000 ) ) ;
#7602 = EDGE_CURVE ( 'NONE', #6065, #6662, #3337, .T. ) ;
#7603 = CARTESIAN_POINT ( 'NONE',  ( 32.50000000000000000, 121.2000000000000028, -165.6180954499999700 ) ) ;
#7604 = VECTOR ( 'NONE', #4301, 1000.000000000000114 ) ;
#7605 = ORIENTED_EDGE ( 'NONE', *, *, #4724, .F. ) ;
#7606 = DIRECTION ( 'NONE',  ( 0.000000000000000000, -0.000000000000000000, 1.000000000000000000 ) ) ;
#7607 = DIRECTION ( 'NONE',  ( 0.000000000000000000, -1.000000000000000000, 0.000000000000000000 ) ) ;
#7608 = AXIS2_PLACEMENT_3D ( 'NONE', #1919, #3349, #2084 ) ;
#7609 = VERTEX_POINT ( 'NONE', #7911 ) ;
#7610 = DIRECTION ( 'NONE',  ( 0.7071067811865474617, -0.7071067811865474617, 0.000000000000000000 ) ) ;
#7611 = EDGE_CURVE ( 'NONE', #4143, #2869, #6685, .T. ) ;
#7612 = PLANE ( 'NONE',  #5096 ) ;
#7613 = ADVANCED_FACE ( 'NONE', ( #3955 ), #1947, .F. ) ;
#7614 = DIRECTION ( 'NONE',  ( 0.7071067811865473507, 0.000000000000000000, 0.7071067811865477948 ) ) ;
#7615 = AXIS2_PLACEMENT_3D ( 'NONE', #5033, #1727, #6339 ) ;
#7616 = LINE ( 'NONE', #7001, #991 ) ;
#7617 = CARTESIAN_POINT ( 'NONE',  ( 0.000000000000000000, 74.00000000000000000, 0.000000000000000000 ) ) ;
#7618 = ORIENTED_EDGE ( 'NONE', *, *, #7975, .F. ) ;
#7619 = ORIENTED_EDGE ( 'NONE', *, *, #5473, .F. ) ;
#7620 = FACE_OUTER_BOUND ( 'NONE', #7285, .T. ) ;
#7621 = ORIENTED_EDGE ( 'NONE', *, *, #6741, .T. ) ;
#7622 = ORGANIZATION ( '未', '未', '' ) ;
#7623 = CARTESIAN_POINT ( 'NONE',  ( -43.57699029636306420, 98.00000000000000000, -128.2000000000000171 ) ) ;
#7624 = VERTEX_POINT ( 'NONE', #86 ) ;
#7625 = PLANE ( 'NONE',  #2121 ) ;
#7626 = ORIENTED_EDGE ( 'NONE', *, *, #3409, .T. ) ;
#7627 = ORIENTED_EDGE ( 'NONE', *, *, #5573, .F. ) ;
#7628 = ORIENTED_EDGE ( 'NONE', *, *, #2805, .F. ) ;
#7629 = LINE ( 'NONE', #1668, #6462 ) ;
#7630 = ORIENTED_EDGE ( 'NONE', *, *, #7119, .T. ) ;
#7631 = DIRECTION ( 'NONE',  ( -0.000000000000000000, -0.000000000000000000, -1.000000000000000000 ) ) ;
#7632 = CARTESIAN_POINT ( 'NONE',  ( 30.00000000000000000, 32.00000000000000000, -115.0000000000000000 ) ) ;
#7633 = ORIENTED_EDGE ( 'NONE', *, *, #4295, .F. ) ;
#7634 = DIRECTION ( 'NONE',  ( 0.000000000000000000, 1.000000000000000000, 0.000000000000000000 ) ) ;
#7635 = CARTESIAN_POINT ( 'NONE',  ( -33.00000000000000000, 51.20000000000000284, -191.6180954499999984 ) ) ;
#7636 = DIRECTION ( 'NONE',  ( 0.7071067811865482389, 0.7071067811865469066, 0.000000000000000000 ) ) ;
#7637 = CARTESIAN_POINT ( 'NONE',  ( -61.00000000000000000, 14.00000000000000000, -90.20148000000000366 ) ) ;
#7638 = EDGE_LOOP ( 'NONE', ( #622, #1859, #2705, #3565 ) ) ;
#7639 = LINE ( 'NONE', #388, #3412 ) ;
#7640 = DIRECTION ( 'NONE',  ( 0.000000000000000000, -1.000000000000000000, 0.000000000000000000 ) ) ;
#7641 = CARTESIAN_POINT ( 'NONE',  ( -105.0000000000000000, 7.000000000000000000, 122.2119090000000057 ) ) ;
#7642 = EDGE_CURVE ( 'NONE', #3754, #1416, #2731, .T. ) ;
#7643 = EDGE_CURVE ( 'NONE', #8253, #78, #5956, .T. ) ;
#7644 = DIRECTION ( 'NONE',  ( -0.7071067811865469066, -0.7071067811865482389, 0.000000000000000000 ) ) ;
#7645 = CARTESIAN_POINT ( 'NONE',  ( -46.00000000000000000, 52.20000000000000284, -165.5180954499999757 ) ) ;
#7646 = ADVANCED_FACE ( 'NONE', ( #5294 ), #1344, .F. ) ;
#7647 = VERTEX_POINT ( 'NONE', #5993 ) ;
#7648 = CARTESIAN_POINT ( 'NONE',  ( 0.000000000000000000, 117.2000000000000028, -165.6180954499999700 ) ) ;
#7649 = EDGE_CURVE ( 'NONE', #5670, #3968, #7220, .T. ) ;
#7650 = CARTESIAN_POINT ( 'NONE',  ( 20.50000000000000000, -52.20000000000000284, -165.5180954499999757 ) ) ;
#7651 = CARTESIAN_POINT ( 'NONE',  ( 45.00000000000000000, -32.00000000000000000, -40.00000000000000000 ) ) ;
#7652 = CARTESIAN_POINT ( 'NONE',  ( 0.000000000000000000, 0.000000000000000000, -165.6180954499999700 ) ) ;
#7653 = FACE_OUTER_BOUND ( 'NONE', #7369, .T. ) ;
#7654 = APPROVAL ( #4437, '未' ) ;
#7655 = LINE ( 'NONE', #270, #4735 ) ;
#7656 = VECTOR ( 'NONE', #7771, 1000.000000000000114 ) ;
#7657 = ADVANCED_FACE ( 'NONE', ( #7831 ), #3995, .F. ) ;
#7658 = CARTESIAN_POINT ( 'NONE',  ( 33.50000000000000000, 49.20000000000000284, -191.6180954499999984 ) ) ;
#7659 = EDGE_CURVE ( 'NONE', #5325, #4686, #41, .T. ) ;
#7660 = ORIENTED_EDGE ( 'NONE', *, *, #5804, .F. ) ;
#7661 = EDGE_LOOP ( 'NONE', ( #5707, #3845, #970, #3585, #713, #3445, #6760, #4820 ) ) ;
#7662 = CARTESIAN_POINT ( 'NONE',  ( 20.50000000000000000, 117.2000000000000028, -165.5180954499999757 ) ) ;
#7663 = ORIENTED_EDGE ( 'NONE', *, *, #1970, .T. ) ;
#7664 = VECTOR ( 'NONE', #135, 1000.000000000000114 ) ;
#7665 = DIRECTION ( 'NONE',  ( 0.000000000000000000, 0.000000000000000000, 1.000000000000000000 ) ) ;
#7666 = ORIENTED_EDGE ( 'NONE', *, *, #2911, .T. ) ;
#7667 = CARTESIAN_POINT ( 'NONE',  ( 32.50000000000000000, 121.2000000000000028, -165.5180954499999757 ) ) ;
#7668 = EDGE_LOOP ( 'NONE', ( #4661, #6593, #5828, #4706 ) ) ;
#7669 = ORIENTED_EDGE ( 'NONE', *, *, #2830, .T. ) ;
#7670 = AXIS2_PLACEMENT_3D ( 'NONE', #4709, #3413, #4062 ) ;
#7671 = ORIENTED_EDGE ( 'NONE', *, *, #4827, .F. ) ;
#7672 = ORIENTED_EDGE ( 'NONE', *, *, #1706, .F. ) ;
#7673 = DIRECTION ( 'NONE',  ( 0.000000000000000000, 0.000000000000000000, -1.000000000000000000 ) ) ;
#7674 = LINE ( 'NONE', #5022, #3177 ) ;
#7675 = AXIS2_PLACEMENT_3D ( 'NONE', #1845, #7156, #7204 ) ;
#7676 = ORIENTED_EDGE ( 'NONE', *, *, #1325, .F. ) ;
#7677 = LINE ( 'NONE', #6287, #5272 ) ;
#7678 = LINE ( 'NONE', #4285, #6140 ) ;
#7679 = ORIENTED_EDGE ( 'NONE', *, *, #5694, .F. ) ;
#7680 = CARTESIAN_POINT ( 'NONE',  ( -90.00000000000000000, 36.00000000000000000, -183.5180954499999757 ) ) ;
#7681 = CARTESIAN_POINT ( 'NONE',  ( -104.0000000000000000, -25.00000000000000000, -92.20148000000000366 ) ) ;
#7682 = VECTOR ( 'NONE', #5061, 1000.000000000000000 ) ;
#7683 = EDGE_LOOP ( 'NONE', ( #2024, #456, #2004, #1659 ) ) ;
#7684 = DIRECTION ( 'NONE',  ( 0.000000000000000000, -1.000000000000000000, 0.000000000000000000 ) ) ;
#7685 = CARTESIAN_POINT ( 'NONE',  ( 25.00000000000000000, -20.00000000000000000, -171.6180954499999984 ) ) ;
#7686 = LINE ( 'NONE', #8256, #6634 ) ;
#7687 = CARTESIAN_POINT ( 'NONE',  ( -64.00000000000000000, -98.00000000000000000, -146.0000000000000000 ) ) ;
#7688 = VECTOR ( 'NONE', #1058, 1000.000000000000000 ) ;
#7689 = VECTOR ( 'NONE', #5776, 1000.000000000000000 ) ;
#7690 = DIRECTION ( 'NONE',  ( 0.7071067811865474617, 0.7071067811865474617, 0.000000000000000000 ) ) ;
#7691 = CARTESIAN_POINT ( 'NONE',  ( 48.55499999999999972, -120.8029999999999973, -165.6180954499999700 ) ) ;
#7692 = CARTESIAN_POINT ( 'NONE',  ( -42.35000000000000142, -42.35000000000000142, -165.6180954499999700 ) ) ;
#7693 = EDGE_LOOP ( 'NONE', ( #6442, #5212, #4571, #6750 ) ) ;
#7694 = LINE ( 'NONE', #4388, #3857 ) ;
#7695 = LINE ( 'NONE', #3871, #6341 ) ;
#7696 = DIRECTION ( 'NONE',  ( -0.000000000000000000, -0.000000000000000000, -1.000000000000000000 ) ) ;
#7697 = ADVANCED_FACE ( 'NONE', ( #2034 ), #4690, .F. ) ;
#7698 = EDGE_CURVE ( 'NONE', #8253, #7085, #6122, .T. ) ;
#7699 = CARTESIAN_POINT ( 'NONE',  ( -46.00000000000000000, 121.2000000000000028, -165.5180954499999757 ) ) ;
#7700 = CARTESIAN_POINT ( 'NONE',  ( 34.55525999999999698, -58.40250000000000341, -165.6180954499999700 ) ) ;
#7701 = ORIENTED_EDGE ( 'NONE', *, *, #1015, .T. ) ;
#7702 = ORIENTED_EDGE ( 'NONE', *, *, #7552, .F. ) ;
#7703 = PLANE ( 'NONE',  #7520 ) ;
#7704 = ORIENTED_EDGE ( 'NONE', *, *, #5109, .T. ) ;
#7705 = EDGE_CURVE ( 'NONE', #7432, #3193, #4125, .T. ) ;
#7706 = ADVANCED_FACE ( 'NONE', ( #1511 ), #2207, .F. ) ;
#7707 = ADVANCED_FACE ( 'NONE', ( #4166 ), #133, .T. ) ;
#7708 = EDGE_CURVE ( 'NONE', #1472, #4790, #5469, .T. ) ;
#7709 = CARTESIAN_POINT ( 'NONE',  ( -28.57293218813455837, 62.65851158618023220, -123.2000000000000028 ) ) ;
#7710 = ORIENTED_EDGE ( 'NONE', *, *, #1549, .F. ) ;
#7711 = FACE_OUTER_BOUND ( 'NONE', #2997, .T. ) ;
#7712 = VERTEX_POINT ( 'NONE', #4211 ) ;
#7713 = ORIENTED_EDGE ( 'NONE', *, *, #5856, .F. ) ;
#7714 = AXIS2_PLACEMENT_3D ( 'NONE', #1943, #5420, #4595 ) ;
#7715 = VERTEX_POINT ( 'NONE', #3475 ) ;
#7716 = VERTEX_POINT ( 'NONE', #215 ) ;
#7717 = FACE_OUTER_BOUND ( 'NONE', #462, .T. ) ;
#7718 = EDGE_CURVE ( 'NONE', #6065, #3594, #950, .T. ) ;
#7719 = EDGE_CURVE ( 'NONE', #2165, #4848, #1468, .T. ) ;
#7720 = PLANE ( 'NONE',  #549 ) ;
#7721 = AXIS2_PLACEMENT_3D ( 'NONE', #977, #7585, #1622 ) ;
#7722 = VERTEX_POINT ( 'NONE', #4861 ) ;
#7723 = LINE ( 'NONE', #1071, #6111 ) ;
#7724 = FACE_OUTER_BOUND ( 'NONE', #1619, .T. ) ;
#7725 = ORIENTED_EDGE ( 'NONE', *, *, #7912, .T. ) ;
#7726 = FACE_OUTER_BOUND ( 'NONE', #2350, .T. ) ;
#7727 = DIRECTION ( 'NONE',  ( 0.000000000000000000, 0.000000000000000000, 1.000000000000000000 ) ) ;
#7728 = VECTOR ( 'NONE', #1457, 1000.000000000000000 ) ;
#7729 = ORIENTED_EDGE ( 'NONE', *, *, #3449, .F. ) ;
#7730 = DIRECTION ( 'NONE',  ( 0.000000000000000000, -1.000000000000000000, 0.000000000000000000 ) ) ;
#7731 = CARTESIAN_POINT ( 'NONE',  ( -102.2500000000000142, -16.00000000000000000, 122.2119089999999773 ) ) ;
#7732 = CARTESIAN_POINT ( 'NONE',  ( 25.00000000000000000, 20.00000000000000000, -183.6180954499999984 ) ) ;
#7733 = DIRECTION ( 'NONE',  ( 0.000000000000000000, -0.000000000000000000, -1.000000000000000000 ) ) ;
#7734 = VECTOR ( 'NONE', #7219, 1000.000000000000000 ) ;
#7735 = LINE ( 'NONE', #8301, #3363 ) ;
#7736 = PLANE ( 'NONE',  #2827 ) ;
#7737 = DIRECTION ( 'NONE',  ( 0.000000000000000000, -0.000000000000000000, -1.000000000000000000 ) ) ;
#7738 = EDGE_LOOP ( 'NONE', ( #4043, #6458, #8181, #7879 ) ) ;
#7739 = CARTESIAN_POINT ( 'NONE',  ( 34.55525999999999698, -110.8024999999999949, -165.6180954499999700 ) ) ;
#7740 = VECTOR ( 'NONE', #5642, 1000.000000000000114 ) ;
#7741 = FACE_BOUND ( 'NONE', #4929, .T. ) ;
#7742 = CARTESIAN_POINT ( 'NONE',  ( -61.00000000000000000, 14.00000000000000000, -90.20148000000000366 ) ) ;
#7743 = PERSON_AND_ORGANIZATION_ROLE ( 'creator' ) ;
#7744 = LINE ( 'NONE', #1135, #8213 ) ;
#7745 = AXIS2_PLACEMENT_3D ( 'NONE', #6563, #6647, #4523 ) ;
#7746 = DIRECTION ( 'NONE',  ( 0.000000000000000000, 1.000000000000000000, 0.000000000000000000 ) ) ;
#7747 = VERTEX_POINT ( 'NONE', #172 ) ;
#7748 = ORIENTED_EDGE ( 'NONE', *, *, #7178, .F. ) ;
#7749 = CARTESIAN_POINT ( 'NONE',  ( -50.00000000000000000, 32.00000000000000000, -183.6180954499999984 ) ) ;
#7750 = EDGE_LOOP ( 'NONE', ( #3268, #4140, #2316, #2696 ) ) ;
#7751 = VECTOR ( 'NONE', #390, 1000.000000000000000 ) ;
#7752 = EDGE_CURVE ( 'NONE', #7158, #8418, #7472, .T. ) ;
#7753 = EDGE_CURVE ( 'NONE', #2315, #6162, #2861, .T. ) ;
#7754 = DIRECTION ( 'NONE',  ( 0.000000000000000000, 1.000000000000000000, -0.000000000000000000 ) ) ;
#7755 = ORIENTED_EDGE ( 'NONE', *, *, #380, .F. ) ;
#7756 = CARTESIAN_POINT ( 'NONE',  ( -13.00000000000000000, -74.00000000000001421, -108.0000000000000000 ) ) ;
#7757 = ORIENTED_EDGE ( 'NONE', *, *, #7119, .F. ) ;
#7758 = VERTEX_POINT ( 'NONE', #8169 ) ;
#7759 = VECTOR ( 'NONE', #3933, 1000.000000000000000 ) ;
#7760 = EDGE_CURVE ( 'NONE', #4189, #8489, #5509, .T. ) ;
#7761 = ORIENTED_EDGE ( 'NONE', *, *, #6754, .F. ) ;
#7762 = EDGE_CURVE ( 'NONE', #2182, #5135, #259, .T. ) ;
#7763 = VERTEX_POINT ( 'NONE', #5553 ) ;
#7764 = DIRECTION ( 'NONE',  ( 0.000000000000000000, 0.000000000000000000, -1.000000000000000000 ) ) ;
#7765 = PLANE ( 'NONE',  #3729 ) ;
#7766 = ORIENTED_EDGE ( 'NONE', *, *, #2078, .F. ) ;
#7767 = LINE ( 'NONE', #5763, #8048 ) ;
#7768 = CARTESIAN_POINT ( 'NONE',  ( -64.00000000000000000, 98.00000000000000000, -183.6180954499999984 ) ) ;
#7769 = ORIENTED_EDGE ( 'NONE', *, *, #2801, .F. ) ;
#7770 = EDGE_CURVE ( 'NONE', #7855, #7971, #2120, .T. ) ;
#7771 = DIRECTION ( 'NONE',  ( -0.7071067811865474617, 0.7071067811865474617, -0.000000000000000000 ) ) ;
#7772 = EDGE_CURVE ( 'NONE', #7147, #5937, #4908, .T. ) ;
#7773 = DIRECTION ( 'NONE',  ( -0.000000000000000000, 0.000000000000000000, -1.000000000000000000 ) ) ;
#7774 = CARTESIAN_POINT ( 'NONE',  ( -34.00000000000000000, 121.2000000000000028, -165.5180954499999757 ) ) ;
#7775 = CARTESIAN_POINT ( 'NONE',  ( 19.50000000000000000, 118.2000000000000028, -165.6180954499999700 ) ) ;
#7776 = LINE ( 'NONE', #4468, #3027 ) ;
#7777 = CARTESIAN_POINT ( 'NONE',  ( 34.55525999999999698, 110.8024999999999949, -165.6180954499999700 ) ) ;
#7778 = LINE ( 'NONE', #4473, #1556 ) ;
#7779 = LINE ( 'NONE', #5691, #3663 ) ;
#7780 = FACE_BOUND ( 'NONE', #5835, .T. ) ;
#7781 = ORIENTED_EDGE ( 'NONE', *, *, #5994, .T. ) ;
#7782 = CARTESIAN_POINT ( 'NONE',  ( -30.03739828220182773, -90.00000000000000000, -124.6644660940672651 ) ) ;
#7783 = DIRECTION ( 'NONE',  ( 0.000000000000000000, 0.000000000000000000, 1.000000000000000000 ) ) ;
#7784 = PLANE ( 'NONE',  #1628 ) ;
#7785 = CARTESIAN_POINT ( 'NONE',  ( -12.99999999999999822, 82.00000000000000000, -123.2000000000000028 ) ) ;
#7786 = LINE ( 'NONE', #6566, #7964 ) ;
#7787 = ORIENTED_EDGE ( 'NONE', *, *, #2452, .F. ) ;
#7788 = VECTOR ( 'NONE', #3884, 1000.000000000000000 ) ;
#7789 = ORIENTED_EDGE ( 'NONE', *, *, #7009, .T. ) ;
#7790 = CARTESIAN_POINT ( 'NONE',  ( -13.00000000000000000, -90.00000000000000000, -108.0000000000000000 ) ) ;
#7791 = ORIENTED_EDGE ( 'NONE', *, *, #8016, .T. ) ;
#7792 = MANIFOLD_SOLID_BREP ( '\X2\570689d2\X0\1', #169 ) ;
#7793 = VECTOR ( 'NONE', #8310, 1000.000000000000000 ) ;
#7794 = AXIS2_PLACEMENT_3D ( 'NONE', #5722, #4507, #6415 ) ;
#7795 = DIRECTION ( 'NONE',  ( 0.000000000000000000, -1.000000000000000000, -0.000000000000000000 ) ) ;
#7796 = ORIENTED_EDGE ( 'NONE', *, *, #952, .T. ) ;
#7797 = DIRECTION ( 'NONE',  ( -0.000000000000000000, -0.000000000000000000, -1.000000000000000000 ) ) ;
#7798 = VERTEX_POINT ( 'NONE', #4732 ) ;
#7799 = ORIENTED_EDGE ( 'NONE', *, *, #3733, .F. ) ;
#7800 = ORIENTED_EDGE ( 'NONE', *, *, #424, .F. ) ;
#7801 = VECTOR ( 'NONE', #4525, 1000.000000000000000 ) ;
#7802 = ORIENTED_EDGE ( 'NONE', *, *, #812, .T. ) ;
#7803 = AXIS2_PLACEMENT_3D ( 'NONE', #8488, #5830, #2611 ) ;
#7804 = ADVANCED_FACE ( 'NONE', ( #6904 ), #3602, .T. ) ;
#7805 = CARTESIAN_POINT ( 'NONE',  ( 0.000000000000000000, 117.2000000000000028, -165.6180954499999700 ) ) ;
#7806 = LINE ( 'NONE', #4501, #404 ) ;
#7807 = EDGE_CURVE ( 'NONE', #2838, #890, #2077, .T. ) ;
#7808 = LINE ( 'NONE', #7977, #4886 ) ;
#7809 = EDGE_CURVE ( 'NONE', #1897, #7197, #4081, .T. ) ;
#7810 = AXIS2_PLACEMENT_3D ( 'NONE', #3776, #227, #7690 ) ;
#7811 = DIRECTION ( 'NONE',  ( 0.000000000000000000, -0.000000000000000000, -1.000000000000000000 ) ) ;
#7812 = DIRECTION ( 'NONE',  ( 0.8041761414663256557, -0.000000000000000000, 0.5943910610838055719 ) ) ;
#7813 = ORIENTED_EDGE ( 'NONE', *, *, #2750, .T. ) ;
#7814 = ORIENTED_EDGE ( 'NONE', *, *, #5534, .F. ) ;
#7815 = DIRECTION ( 'NONE',  ( 1.000000000000000000, -0.000000000000000000, -0.000000000000000000 ) ) ;
#7816 = PLANE ( 'NONE',  #5770 ) ;
#7817 = CARTESIAN_POINT ( 'NONE',  ( 33.50000000000000000, -49.20000000000000284, -165.5180954499999757 ) ) ;
#7818 = AXIS2_PLACEMENT_3D ( 'NONE', #8247, #4982, #4373 ) ;
#7819 = LINE ( 'NONE', #5161, #6209 ) ;
#7820 = LINE ( 'NONE', #7251, #2470 ) ;
#7821 = ADVANCED_FACE ( 'NONE', ( #782 ), #7426, .T. ) ;
#7822 = EDGE_LOOP ( 'NONE', ( #8543, #7217, #2045, #1538 ) ) ;
#7823 = ADVANCED_FACE ( 'NONE', ( #990 ), #2418, .T. ) ;
#7824 = LINE ( 'NONE', #3213, #7948 ) ;
#7825 = AXIS2_PLACEMENT_3D ( 'NONE', #3751, #931, #7233 ) ;
#7826 = CARTESIAN_POINT ( 'NONE',  ( -102.0000000000000142, 60.00000000000000000, -183.6180954499999984 ) ) ;
#7827 = DIRECTION ( 'NONE',  ( 0.000000000000000000, -1.000000000000000000, 0.000000000000000000 ) ) ;
#7828 = ORIENTED_EDGE ( 'NONE', *, *, #7226, .T. ) ;
#7829 = CARTESIAN_POINT ( 'NONE',  ( 0.000000000000000000, 0.000000000000000000, 122.2119089999999773 ) ) ;
#7830 = PLANE ( 'NONE',  #2871 ) ;
#7831 = FACE_OUTER_BOUND ( 'NONE', #515, .T. ) ;
#7832 = AXIS2_PLACEMENT_3D ( 'NONE', #6213, #6906, #995 ) ;
#7833 = EDGE_CURVE ( 'NONE', #7841, #669, #3641, .T. ) ;
#7834 = EDGE_CURVE ( 'NONE', #7422, #6229, #6296, .T. ) ;
#7835 = CARTESIAN_POINT ( 'NONE',  ( -68.00000000000000000, -5.000000000000000000, -92.20148000000000366 ) ) ;
#7836 = CARTESIAN_POINT ( 'NONE',  ( -40.78813562373094470, -74.00000000000001421, -123.2000000000000028 ) ) ;
#7837 = ORIENTED_EDGE ( 'NONE', *, *, #94, .T. ) ;
#7838 = ORIENTED_EDGE ( 'NONE', *, *, #3782, .F. ) ;
#7840 = AXIS2_PLACEMENT_3D ( 'NONE', #7367, #1414, #3259 ) ;
#7839 = CARTESIAN_POINT ( 'NONE',  ( 50.00000000000000000, -125.0000000000000000, -191.6180954499999984 ) ) ;
#7841 = VERTEX_POINT ( 'NONE', #8338 ) ;
#7842 = LINE ( 'NONE', #7097, #5146 ) ;
#7843 = ORIENTED_EDGE ( 'NONE', *, *, #2717, .T. ) ;
#7844 = DIRECTION ( 'NONE',  ( 1.000000000000000000, 0.000000000000000000, 0.000000000000000000 ) ) ;
#7845 = ORIENTED_EDGE ( 'NONE', *, *, #1896, .F. ) ;
#7846 = VERTEX_POINT ( 'NONE', #1681 ) ;
#7847 = ORIENTED_EDGE ( 'NONE', *, *, #8449, .T. ) ;
#7848 = EDGE_LOOP ( 'NONE', ( #6318, #6195, #3153, #5585 ) ) ;
#7849 = CARTESIAN_POINT ( 'NONE',  ( 31.00000000000000000, -20.00000000000000000, -50.00000000000000000 ) ) ;
#7850 = DIRECTION ( 'NONE',  ( -0.000000000000000000, -0.000000000000000000, -1.000000000000000000 ) ) ;
#7851 = AXIS2_PLACEMENT_3D ( 'NONE', #7207, #5119, #7773 ) ;
#7852 = DIRECTION ( 'NONE',  ( -0.7071067811865475727, -0.7071067811865475727, 0.000000000000000000 ) ) ;
#7853 = LINE ( 'NONE', #4460, #1837 ) ;
#7854 = VERTEX_POINT ( 'NONE', #2372 ) ;
#7855 = VERTEX_POINT ( 'NONE', #3815 ) ;
#7856 = CARTESIAN_POINT ( 'NONE',  ( -59.00000000000000000, -74.00000000000001421, -139.6666666666666572 ) ) ;
#7857 = CARTESIAN_POINT ( 'NONE',  ( -64.00000000000000000, 74.00000000000000000, -183.6180954499999984 ) ) ;
#7858 = VECTOR ( 'NONE', #8552, 1000.000000000000000 ) ;
#7859 = DIRECTION ( 'NONE',  ( -1.000000000000000000, 0.000000000000000000, -0.000000000000000000 ) ) ;
#7860 = CARTESIAN_POINT ( 'NONE',  ( -105.0000000000000000, -7.000000000000000000, 124.2119090000000057 ) ) ;
#7861 = ORIENTED_EDGE ( 'NONE', *, *, #8394, .T. ) ;
#7862 = EDGE_CURVE ( 'NONE', #4447, #560, #8296, .T. ) ;
#7863 = EDGE_CURVE ( 'NONE', #709, #3748, #7686, .T. ) ;
#7864 = CARTESIAN_POINT ( 'NONE',  ( -15.85000000000000320, 15.85000000000000320, -191.6180954499999984 ) ) ;
#7865 = VECTOR ( 'NONE', #2631, 1000.000000000000114 ) ;
#7866 = DIRECTION ( 'NONE',  ( -1.000000000000000000, 0.000000000000000000, 0.000000000000000000 ) ) ;
#7867 = CARTESIAN_POINT ( 'NONE',  ( -13.00000000000000000, -90.00000000000000000, -123.2000000000000028 ) ) ;
#7868 = ADVANCED_FACE ( 'NONE', ( #1640 ), #3037, .T. ) ;
#7869 = ORIENTED_EDGE ( 'NONE', *, *, #7708, .T. ) ;
#7870 = DIRECTION ( 'NONE',  ( 1.000000000000000000, 0.000000000000000000, 0.000000000000000000 ) ) ;
#7871 = CARTESIAN_POINT ( 'NONE',  ( 32.50000000000000000, -52.20000000000000284, -165.5180954499999757 ) ) ;
#7872 = DIRECTION ( 'NONE',  ( -0.000000000000000000, -0.000000000000000000, -1.000000000000000000 ) ) ;
#7873 = VECTOR ( 'NONE', #1734, 1000.000000000000114 ) ;
#7874 = PLANE ( 'NONE',  #5712 ) ;
#7875 = LINE ( 'NONE', #4568, #5327 ) ;
#7876 = ORIENTED_EDGE ( 'NONE', *, *, #4410, .F. ) ;
#7877 = CARTESIAN_POINT ( 'NONE',  ( -88.00000000000000000, -24.00000000000000000, -99.20148000000000366 ) ) ;
#7878 = VECTOR ( 'NONE', #4257, 1000.000000000000000 ) ;
#7879 = ORIENTED_EDGE ( 'NONE', *, *, #4033, .T. ) ;
#7880 = EDGE_CURVE ( 'NONE', #1961, #7023, #4291, .T. ) ;
#7881 = EDGE_CURVE ( 'NONE', #5097, #3358, #1770, .T. ) ;
#7882 = LINE ( 'NONE', #1438, #7189 ) ;
#7883 = APPROVAL_PERSON_ORGANIZATION ( #2225, #7654, #2475 ) ;
#7884 = VECTOR ( 'NONE', #2346, 1000.000000000000000 ) ;
#7885 = LINE ( 'NONE', #5924, #4869 ) ;
#7886 = VERTEX_POINT ( 'NONE', #4948 ) ;
#7887 = DIRECTION ( 'NONE',  ( -0.000000000000000000, -1.000000000000000000, -0.000000000000000000 ) ) ;
#7888 = ORIENTED_EDGE ( 'NONE', *, *, #8189, .T. ) ;
#7889 = ORIENTED_EDGE ( 'NONE', *, *, #7753, .F. ) ;
#7890 = ORIENTED_EDGE ( 'NONE', *, *, #1915, .T. ) ;
#7891 = EDGE_LOOP ( 'NONE', ( #5621, #5064, #5444, #7787, #3590, #4875, #7969, #2910 ) ) ;
#7892 = VECTOR ( 'NONE', #2252, 1000.000000000000114 ) ;
#7893 = CARTESIAN_POINT ( 'NONE',  ( -38.71706781186546209, 82.00000000000000000, -123.2000000000000028 ) ) ;
#7894 = CARTESIAN_POINT ( 'NONE',  ( -88.00000000000000000, -24.00000000000000000, 122.2119089999999773 ) ) ;
#7895 = VECTOR ( 'NONE', #5275, 1000.000000000000000 ) ;
#7896 = DIRECTION ( 'NONE',  ( 0.7071067811865473507, 0.000000000000000000, 0.7071067811865477948 ) ) ;
#7897 = CARTESIAN_POINT ( 'NONE',  ( 19.50000000000000000, 120.2000000000000028, -165.6180954499999700 ) ) ;
#7898 = ORIENTED_EDGE ( 'NONE', *, *, #3507, .F. ) ;
#7899 = VERTEX_POINT ( 'NONE', #5643 ) ;
#7900 = DIRECTION ( 'NONE',  ( 1.000000000000000000, 0.000000000000000000, 0.000000000000000000 ) ) ;
#7901 = DIRECTION ( 'NONE',  ( -1.000000000000000000, 0.000000000000000000, 0.000000000000000000 ) ) ;
#7902 = DIRECTION ( 'NONE',  ( 0.4954754837717974536, -0.000000000000000000, -0.8686219229222247318 ) ) ;
#7903 = ORIENTED_EDGE ( 'NONE', *, *, #743, .T. ) ;
#7904 = CARTESIAN_POINT ( 'NONE',  ( 33.50000000000000000, -118.2000000000000028, -191.6180954499999984 ) ) ;
#7905 = DIRECTION ( 'NONE',  ( 0.000000000000000000, 0.000000000000000000, -1.000000000000000000 ) ) ;
#7906 = LINE ( 'NONE', #653, #1188 ) ;
#7907 = ORIENTED_EDGE ( 'NONE', *, *, #4890, .T. ) ;
#7908 = DIRECTION ( 'NONE',  ( 0.000000000000000000, 0.000000000000000000, -1.000000000000000000 ) ) ;
#7909 = ADVANCED_FACE ( 'NONE', ( #5728 ), #2993, .F. ) ;
#7910 = DIRECTION ( 'NONE',  ( -0.000000000000000000, -0.000000000000000000, -1.000000000000000000 ) ) ;
#7911 = CARTESIAN_POINT ( 'NONE',  ( -102.0000000000000142, -24.00000000000000000, -183.6180954499999984 ) ) ;
#7912 = EDGE_CURVE ( 'NONE', #2275, #6577, #1166, .T. ) ;
#7913 = DIRECTION ( 'NONE',  ( 0.000000000000000000, 0.000000000000000000, -1.000000000000000000 ) ) ;
#7914 = EDGE_CURVE ( 'NONE', #1882, #4447, #6464, .T. ) ;
#7915 = DIRECTION ( 'NONE',  ( 0.000000000000000000, 0.000000000000000000, -1.000000000000000000 ) ) ;
#7916 = LINE ( 'NONE', #7265, #2943 ) ;
#7917 = VERTEX_POINT ( 'NONE', #7603 ) ;
#7918 = CC_DESIGN_PERSON_AND_ORGANIZATION_ASSIGNMENT ( #3828, #1781, ( #6903 ) ) ;
#7919 = CARTESIAN_POINT ( 'NONE',  ( -12.99999999999999822, -90.00000000000000000, -123.2000000000000028 ) ) ;
#7920 = EDGE_CURVE ( 'NONE', #7085, #5056, #4428, .T. ) ;
#7921 = CARTESIAN_POINT ( 'NONE',  ( -47.84474000000000160, -110.8024999999999949, -165.6180954499999700 ) ) ;
#7922 = EDGE_CURVE ( 'NONE', #5207, #2928, #2335, .T. ) ;
#7923 = ORIENTED_EDGE ( 'NONE', *, *, #6845, .T. ) ;
#7924 = DIRECTION ( 'NONE',  ( 0.000000000000000000, -0.000000000000000000, -1.000000000000000000 ) ) ;
#7925 = ORIENTED_EDGE ( 'NONE', *, *, #7121, .F. ) ;
#7926 = ORIENTED_EDGE ( 'NONE', *, *, #2655, .F. ) ;
#7927 = ORIENTED_EDGE ( 'NONE', *, *, #1319, .F. ) ;
#7928 = ORIENTED_EDGE ( 'NONE', *, *, #3461, .T. ) ;
#7929 = VECTOR ( 'NONE', #279, 1000.000000000000000 ) ;
#7930 = CARTESIAN_POINT ( 'NONE',  ( 45.00000000000000000, -32.00000000000000000, -10.00000000000000000 ) ) ;
#7931 = CARTESIAN_POINT ( 'NONE',  ( -26.50186437626910063, -81.99999999999998579, -123.2000000000000028 ) ) ;
#7932 = FACE_OUTER_BOUND ( 'NONE', #3184, .T. ) ;
#7933 = VECTOR ( 'NONE', #5546, 1000.000000000000000 ) ;
#7934 = CARTESIAN_POINT ( 'NONE',  ( -13.00000000000000000, 74.00000000000000000, -123.2000000000000028 ) ) ;
#7935 = ORIENTED_EDGE ( 'NONE', *, *, #5099, .T. ) ;
#7936 = ORIENTED_EDGE ( 'NONE', *, *, #6808, .T. ) ;
#7937 = VECTOR ( 'NONE', #1523, 1000.000000000000000 ) ;
#7938 = DIRECTION ( 'NONE',  ( -0.7071067811865477948, 0.000000000000000000, 0.7071067811865473507 ) ) ;
#7939 = DIRECTION ( 'NONE',  ( -0.7071067811865474617, -0.7071067811865474617, 0.000000000000000000 ) ) ;
#7940 = DIRECTION ( 'NONE',  ( 0.000000000000000000, 1.000000000000000000, 0.000000000000000000 ) ) ;
#7941 = AXIS2_PLACEMENT_3D ( 'NONE', #4371, #420, #1931 ) ;
#7942 = AXIS2_PLACEMENT_3D ( 'NONE', #3215, #3867, #2511 ) ;
#7943 = ORIENTED_EDGE ( 'NONE', *, *, #7179, .F. ) ;
#7944 = ORIENTED_EDGE ( 'NONE', *, *, #1910, .F. ) ;
#7945 = CARTESIAN_POINT ( 'NONE',  ( -7.849999999999999645, -7.849999999999999645, -165.6180954499999700 ) ) ;
#7946 = DIRECTION ( 'NONE',  ( 0.000000000000000000, 0.000000000000000000, 1.000000000000000000 ) ) ;
#7947 = DIRECTION ( 'NONE',  ( 0.000000000000000000, -1.000000000000000000, 0.000000000000000000 ) ) ;
#7948 = VECTOR ( 'NONE', #6513, 1000.000000000000114 ) ;
#7949 = ORIENTED_EDGE ( 'NONE', *, *, #7131, .T. ) ;
#7950 = DIRECTION ( 'NONE',  ( 1.000000000000000000, 0.000000000000000000, 0.000000000000000000 ) ) ;
#7951 = LINE ( 'NONE', #1427, #658 ) ;
#7952 = DIRECTION ( 'NONE',  ( -1.000000000000000000, 0.000000000000000000, 0.000000000000000000 ) ) ;
#7953 = VECTOR ( 'NONE', #383, 1000.000000000000000 ) ;
#7954 = FACE_OUTER_BOUND ( 'NONE', #241, .T. ) ;
#7955 = CARTESIAN_POINT ( 'NONE',  ( -33.64500000000000313, 98.10000000000000853, -121.2009999999999934 ) ) ;
#7956 = DIRECTION ( 'NONE',  ( -1.000000000000000000, 0.000000000000000000, -0.000000000000000000 ) ) ;
#7957 = ORIENTED_EDGE ( 'NONE', *, *, #6794, .F. ) ;
#7958 = VECTOR ( 'NONE', #1573, 1000.000000000000000 ) ;
#7959 = AXIS2_PLACEMENT_3D ( 'NONE', #2348, #6917, #8355 ) ;
#7960 = DIRECTION ( 'NONE',  ( 1.000000000000000000, 0.000000000000000000, -0.000000000000000000 ) ) ;
#7961 = LINE ( 'NONE', #3919, #4542 ) ;
#7962 = DIRECTION ( 'NONE',  ( 0.000000000000000000, 0.000000000000000000, 1.000000000000000000 ) ) ;
#7963 = ORIENTED_EDGE ( 'NONE', *, *, #1909, .T. ) ;
#7964 = VECTOR ( 'NONE', #1914, 1000.000000000000000 ) ;
#7965 = EDGE_CURVE ( 'NONE', #7543, #6976, #6421, .T. ) ;
#7966 = EDGE_CURVE ( 'NONE', #2780, #474, #3122, .T. ) ;
#7967 = PLANE ( 'NONE',  #5320 ) ;
#7968 = ORIENTED_EDGE ( 'NONE', *, *, #3673, .T. ) ;
#7969 = ORIENTED_EDGE ( 'NONE', *, *, #4774, .F. ) ;
#7970 = LINE ( 'NONE', #5353, #4599 ) ;
#7971 = VERTEX_POINT ( 'NONE', #5123 ) ;
#7972 = ORIENTED_EDGE ( 'NONE', *, *, #660, .T. ) ;
#7973 = ORIENTED_EDGE ( 'NONE', *, *, #3286, .F. ) ;
#7974 = EDGE_CURVE ( 'NONE', #671, #1401, #7776, .T. ) ;
#7975 = EDGE_CURVE ( 'NONE', #8455, #2003, #6915, .T. ) ;
#7976 = DIRECTION ( 'NONE',  ( 0.000000000000000000, -1.000000000000000000, 0.000000000000000000 ) ) ;
#7977 = CARTESIAN_POINT ( 'NONE',  ( -54.00000000000000000, 36.00000000000000000, -183.5180954499999757 ) ) ;
#7978 = DIRECTION ( 'NONE',  ( 0.3393442484258341607, 0.000000000000000000, -0.9406622566364112314 ) ) ;
#7979 = LINE ( 'NONE', #4188, #3794 ) ;
#7980 = EDGE_LOOP ( 'NONE', ( #2040, #4010, #3173, #1445 ) ) ;
#7981 = ORIENTED_EDGE ( 'NONE', *, *, #5899, .F. ) ;
#7982 = CARTESIAN_POINT ( 'NONE',  ( -52.10000000000001563, -74.00000000000001421, -102.7459999999999951 ) ) ;
#7983 = ADVANCED_FACE ( 'NONE', ( #606 ), #3862, .T. ) ;
#7984 = EDGE_CURVE ( 'NONE', #1412, #560, #1210, .T. ) ;
#7985 = PLANE ( 'NONE',  #6889 ) ;
#7986 = CARTESIAN_POINT ( 'NONE',  ( -40.78813562373094470, 98.00000000000000000, -123.2000000000000028 ) ) ;
#7987 = VERTEX_POINT ( 'NONE', #5979 ) ;
#7988 = ORIENTED_EDGE ( 'NONE', *, *, #2326, .F. ) ;
#7989 = CARTESIAN_POINT ( 'NONE',  ( -110.0000000000000000, -125.0000000000000000, -191.6180954499999984 ) ) ;
#7990 = CARTESIAN_POINT ( 'NONE',  ( -68.00000000000000000, -5.000000000000000000, -90.20148000000000366 ) ) ;
#7991 = LINE ( 'NONE', #5381, #1138 ) ;
#7992 = AXIS2_PLACEMENT_3D ( 'NONE', #8206, #4206, #986 ) ;
#7993 = ORIENTED_EDGE ( 'NONE', *, *, #3245, .F. ) ;
#7994 = LINE ( 'NONE', #6643, #6188 ) ;
#7995 = CARTESIAN_POINT ( 'NONE',  ( -46.00000000000000000, 90.00000000000000000, -123.2000000000000028 ) ) ;
#7996 = CARTESIAN_POINT ( 'NONE',  ( -101.0000000000000000, -16.00000000000000000, 122.3119090000000142 ) ) ;
#7997 = VECTOR ( 'NONE', #3462, 1000.000000000000000 ) ;
#7998 = LINE ( 'NONE', #4202, #2241 ) ;
#7999 = DIRECTION ( 'NONE',  ( 0.000000000000000000, 0.000000000000000000, 1.000000000000000000 ) ) ;
#8000 = LINE ( 'NONE', #7431, #6965 ) ;
#8001 = ORIENTED_EDGE ( 'NONE', *, *, #951, .F. ) ;
#8002 = AXIS2_PLACEMENT_3D ( 'NONE', #4322, #8241, #8415 ) ;
#8003 = FACE_OUTER_BOUND ( 'NONE', #6404, .T. ) ;
#8004 = DIRECTION ( 'NONE',  ( -0.000000000000000000, -0.000000000000000000, -1.000000000000000000 ) ) ;
#8005 = DIRECTION ( 'NONE',  ( -0.000000000000000000, -0.000000000000000000, -1.000000000000000000 ) ) ;
#8006 = ORIENTED_EDGE ( 'NONE', *, *, #5378, .F. ) ;
#8007 = VECTOR ( 'NONE', #3394, 1000.000000000000000 ) ;
#8008 = CARTESIAN_POINT ( 'NONE',  ( -74.09999999999999432, -15.00000000000000000, -86.20148000000000366 ) ) ;
#8009 = ORIENTED_EDGE ( 'NONE', *, *, #2215, .F. ) ;
#8010 = ORIENTED_EDGE ( 'NONE', *, *, #752, .F. ) ;
#8011 = DIRECTION ( 'NONE',  ( 0.000000000000000000, 1.000000000000000000, 0.000000000000000000 ) ) ;
#8012 = ORIENTED_EDGE ( 'NONE', *, *, #601, .F. ) ;
#8013 = ORIENTED_EDGE ( 'NONE', *, *, #440, .T. ) ;
#8014 = EDGE_LOOP ( 'NONE', ( #5887, #1274, #6962, #4842 ) ) ;
#8015 = VECTOR ( 'NONE', #7567, 1000.000000000000000 ) ;
#8016 = EDGE_CURVE ( 'NONE', #5567, #7401, #3166, .T. ) ;
#8017 = EDGE_CURVE ( 'NONE', #6035, #8088, #3252, .T. ) ;
#8018 = LINE ( 'NONE', #7536, #3650 ) ;
#8019 = EDGE_CURVE ( 'NONE', #7104, #7886, #1895, .T. ) ;
#8020 = FACE_OUTER_BOUND ( 'NONE', #7235, .T. ) ;
#8021 = EDGE_CURVE ( 'NONE', #474, #3620, #5163, .T. ) ;
#8022 = CARTESIAN_POINT ( 'NONE',  ( -90.00000000000000000, 36.00000000000000000, -191.6180954499999984 ) ) ;
#8023 = ORIENTED_EDGE ( 'NONE', *, *, #750, .F. ) ;
#8024 = ORIENTED_EDGE ( 'NONE', *, *, #3782, .T. ) ;
#8025 = VECTOR ( 'NONE', #7696, 1000.000000000000000 ) ;
#8026 = LINE ( 'NONE', #8562, #1033 ) ;
#8027 = LINE ( 'NONE', #5940, #6600 ) ;
#8028 = ORIENTED_EDGE ( 'NONE', *, *, #1954, .T. ) ;
#8029 = CARTESIAN_POINT ( 'NONE',  ( -14.97348886532344103, 98.00000000000000000, -102.5294888653234295 ) ) ;
#8030 = CARTESIAN_POINT ( 'NONE',  ( -83.59999999999999432, -83.59999999999999432, -191.6180954499999984 ) ) ;
#8031 = VECTOR ( 'NONE', #5817, 1000.000000000000114 ) ;
#8032 = ORIENTED_EDGE ( 'NONE', *, *, #8399, .F. ) ;
#8033 = VERTEX_POINT ( 'NONE', #7986 ) ;
#8034 = EDGE_CURVE ( 'NONE', #5189, #4495, #4677, .T. ) ;
#8035 = EDGE_CURVE ( 'NONE', #1416, #7747, #7291, .T. ) ;
#8036 = DIRECTION ( 'NONE',  ( -0.000000000000000000, -0.000000000000000000, -1.000000000000000000 ) ) ;
#8037 = PLANE ( 'NONE',  #621 ) ;
#8038 = DIRECTION ( 'NONE',  ( 1.000000000000000000, -0.000000000000000000, 0.000000000000000000 ) ) ;
#8039 = VECTOR ( 'NONE', #5319, 1000.000000000000000 ) ;
#8040 = EDGE_LOOP ( 'NONE', ( #8404, #1846, #7157, #4905 ) ) ;
#8041 = DIRECTION ( 'NONE',  ( -0.000000000000000000, -1.000000000000000000, -0.000000000000000000 ) ) ;
#8042 = DIRECTION ( 'NONE',  ( -1.000000000000000000, 0.000000000000000000, 0.000000000000000000 ) ) ;
#8043 = DIRECTION ( 'NONE',  ( 0.7071067811865474617, 0.7071067811865474617, 0.000000000000000000 ) ) ;
#8044 = DIRECTION ( 'NONE',  ( -0.8041761414663256557, 0.000000000000000000, -0.5943910610838055719 ) ) ;
#8045 = LINE ( 'NONE', #3477, #6823 ) ;
#8046 = ORIENTED_EDGE ( 'NONE', *, *, #2452, .T. ) ;
#8047 = CARTESIAN_POINT ( 'NONE',  ( 0.000000000000000000, 48.20000000000000284, -165.6180954499999700 ) ) ;
#8048 = VECTOR ( 'NONE', #1844, 1000.000000000000000 ) ;
#8049 = CARTESIAN_POINT ( 'NONE',  ( -13.00000000000000000, 98.00000000000000000, -123.2000000000000028 ) ) ;
#8050 = FACE_OUTER_BOUND ( 'NONE', #7280, .T. ) ;
#8051 = ORIENTED_EDGE ( 'NONE', *, *, #4663, .T. ) ;
#8052 = DIRECTION ( 'NONE',  ( -0.000000000000000000, 0.000000000000000000, -1.000000000000000000 ) ) ;
#8053 = VERTEX_POINT ( 'NONE', #521 ) ;
#8054 = EDGE_LOOP ( 'NONE', ( #6546, #4954, #2492, #1871, #730 ) ) ;
#8055 = CARTESIAN_POINT ( 'NONE',  ( -47.84474000000000160, -110.8024999999999949, -165.6180954499999700 ) ) ;
#8056 = ORIENTED_EDGE ( 'NONE', *, *, #1170, .T. ) ;
#8057 = ORIENTED_EDGE ( 'NONE', *, *, #8551, .F. ) ;
#8058 = LINE ( 'NONE', #110, #6434 ) ;
#8059 = LINE ( 'NONE', #2099, #4618 ) ;
#8060 = ORIENTED_EDGE ( 'NONE', *, *, #8238, .F. ) ;
#8061 = VERTEX_POINT ( 'NONE', #3901 ) ;
#8062 = EDGE_CURVE ( 'NONE', #2221, #2963, #3983, .T. ) ;
#8063 = CARTESIAN_POINT ( 'NONE',  ( -97.00000000000000000, 7.000000000000000000, 124.2119090000000057 ) ) ;
#8064 = VECTOR ( 'NONE', #1145, 1000.000000000000000 ) ;
#8065 = VERTEX_POINT ( 'NONE', #8557 ) ;
#8066 = CARTESIAN_POINT ( 'NONE',  ( -0.000000000000000000, 52.20000000000000284, -191.6180954499999984 ) ) ;
#8067 = EDGE_CURVE ( 'NONE', #5789, #974, #3946, .T. ) ;
#8068 = EDGE_CURVE ( 'NONE', #958, #5187, #6592, .T. ) ;
#8069 = LINE ( 'NONE', #6072, #7202 ) ;
#8070 = VERTEX_POINT ( 'NONE', #4590 ) ;
#8071 = CIRCLE ( 'NONE', #1819, 5.000000000000004441 ) ;
#8072 = LINE ( 'NONE', #1505, #3928 ) ;
#8073 = EDGE_CURVE ( 'NONE', #5481, #3698, #7820, .T. ) ;
#8074 = DIRECTION ( 'NONE',  ( -1.000000000000000000, 0.000000000000000000, -0.000000000000000000 ) ) ;
#8075 = ADVANCED_FACE ( 'NONE', ( #645 ), #3292, .T. ) ;
#8076 = CARTESIAN_POINT ( 'NONE',  ( -34.00000000000000000, 48.20000000000000284, -165.6180954499999700 ) ) ;
#8077 = AXIS2_PLACEMENT_3D ( 'NONE', #6502, #7852, #5894 ) ;
#8078 = VERTEX_POINT ( 'NONE', #4511 ) ;
#8079 = LINE ( 'NONE', #2157, #6327 ) ;
#8080 = AXIS2_PLACEMENT_3D ( 'NONE', #8130, #5430, #7956 ) ;
#8081 = EDGE_CURVE ( 'NONE', #8550, #7715, #4692, .T. ) ;
#8082 = CARTESIAN_POINT ( 'NONE',  ( 0.000000000000000000, 117.2000000000000028, -191.6180954499999984 ) ) ;
#8083 = EDGE_CURVE ( 'NONE', #3151, #8053, #7164, .T. ) ;
#8084 = CARTESIAN_POINT ( 'NONE',  ( -34.00000000000000000, -52.20000000000000284, -165.5180954499999757 ) ) ;
#8085 = VECTOR ( 'NONE', #4336, 1000.000000000000000 ) ;
#8086 = CARTESIAN_POINT ( 'NONE',  ( -72.00000000000000000, 10.00000000000000000, -90.20148000000000366 ) ) ;
#8087 = CARTESIAN_POINT ( 'NONE',  ( -37.25260171779820695, -98.00000000000000000, -124.6644660940672509 ) ) ;
#8088 = VERTEX_POINT ( 'NONE', #3328 ) ;
#8089 = LINE ( 'NONE', #2127, #2039 ) ;
#8090 = ADVANCED_FACE ( 'NONE', ( #30 ), #2676, .T. ) ;
#8091 = CARTESIAN_POINT ( 'NONE',  ( 30.00000000000000000, -32.00000000000000000, -115.0000000000000000 ) ) ;
#8092 = EDGE_CURVE ( 'NONE', #2360, #4143, #2806, .T. ) ;
#8093 = LINE ( 'NONE', #7479, #2323 ) ;
#8094 = AXIS2_PLACEMENT_3D ( 'NONE', #7592, #1631, #7071 ) ;
#8095 = FACE_OUTER_BOUND ( 'NONE', #6523, .T. ) ;
#8096 = ORIENTED_EDGE ( 'NONE', *, *, #6953, .F. ) ;
#8097 = CARTESIAN_POINT ( 'NONE',  ( 45.00000000000000000, -20.00000000000000000, -10.00000000000000000 ) ) ;
#8098 = ORIENTED_EDGE ( 'NONE', *, *, #1375, .T. ) ;
#8099 = VECTOR ( 'NONE', #7492, 1000.000000000000000 ) ;
#8100 = ORIENTED_EDGE ( 'NONE', *, *, #4083, .T. ) ;
#8102 = CIRCLE ( 'NONE', #4345, 1.250000000000001110 ) ;
#8101 = CARTESIAN_POINT ( 'NONE',  ( 50.00000000000000000, 40.00000000000000711, -183.6180954499999984 ) ) ;
#8103 = ORIENTED_EDGE ( 'NONE', *, *, #5678, .T. ) ;
#8104 = ORIENTED_EDGE ( 'NONE', *, *, #6628, .F. ) ;
#8105 = CARTESIAN_POINT ( 'NONE',  ( -57.00000000000000000, 14.00000000000000000, -90.20148000000000366 ) ) ;
#8106 = VECTOR ( 'NONE', #44, 1000.000000000000000 ) ;
#8107 = DIRECTION ( 'NONE',  ( 0.000000000000000000, -1.000000000000000000, 0.000000000000000000 ) ) ;
#8108 = PLANE ( 'NONE',  #2675 ) ;
#8109 = ORIENTED_EDGE ( 'NONE', *, *, #1660, .F. ) ;
#8110 = ORIENTED_EDGE ( 'NONE', *, *, #5680, .F. ) ;
#8111 = LINE ( 'NONE', #4802, #1881 ) ;
#8112 = AXIS2_PLACEMENT_3D ( 'NONE', #733, #3382, #8074 ) ;
#8113 = ORIENTED_EDGE ( 'NONE', *, *, #2374, .F. ) ;
#8114 = DIRECTION ( 'NONE',  ( -0.000000000000000000, -0.000000000000000000, -1.000000000000000000 ) ) ;
#8115 = FACE_OUTER_BOUND ( 'NONE', #5398, .T. ) ;
#8116 = VERTEX_POINT ( 'NONE', #3376 ) ;
#8117 = LINE ( 'NONE', #2724, #6012 ) ;
#8118 = DIRECTION ( 'NONE',  ( 0.7071067811865474617, -0.7071067811865474617, 0.000000000000000000 ) ) ;
#8119 = DIRECTION ( 'NONE',  ( 0.000000000000000000, -1.000000000000000000, 0.000000000000000000 ) ) ;
#8120 = EDGE_LOOP ( 'NONE', ( #707, #2092, #4224, #3500 ) ) ;
#8121 = CARTESIAN_POINT ( 'NONE',  ( -110.0000000000000000, -125.0000000000000000, -183.6180954499999984 ) ) ;
#8122 = PLANE ( 'NONE',  #384 ) ;
#8123 = DIRECTION ( 'NONE',  ( -0.7071067811865475727, 0.7071067811865475727, 0.000000000000000000 ) ) ;
#8124 = EDGE_CURVE ( 'NONE', #3897, #4200, #248, .T. ) ;
#8125 = ADVANCED_FACE ( 'NONE', ( #814 ), #6722, .F. ) ;
#8126 = VECTOR ( 'NONE', #8292, 1000.000000000000114 ) ;
#8127 = EDGE_CURVE ( 'NONE', #722, #671, #6673, .T. ) ;
#8128 = CARTESIAN_POINT ( 'NONE',  ( -15.85000000000000320, -15.85000000000000320, -191.6180954499999984 ) ) ;
#8129 = EDGE_CURVE ( 'NONE', #1533, #8487, #2240, .T. ) ;
#8130 = CARTESIAN_POINT ( 'NONE',  ( 45.00000000000000000, 32.00000000000000000, -10.00000000000000000 ) ) ;
#8131 = EDGE_LOOP ( 'NONE', ( #8401, #7266, #7676, #3969 ) ) ;
#8132 = CARTESIAN_POINT ( 'NONE',  ( 48.55499999999999972, -48.40299999999999869, -177.6180954499999984 ) ) ;
#8133 = CARTESIAN_POINT ( 'NONE',  ( -26.50186437626910063, -90.00000000000000000, -128.2000000000000171 ) ) ;
#8134 = DIRECTION ( 'NONE',  ( 1.000000000000000000, 0.000000000000000000, 0.000000000000000000 ) ) ;
#8135 = VECTOR ( 'NONE', #6728, 1000.000000000000114 ) ;
#8136 = FACE_OUTER_BOUND ( 'NONE', #792, .T. ) ;
#8137 = LINE ( 'NONE', #1041, #4058 ) ;
#8138 = EDGE_CURVE ( 'NONE', #3110, #5789, #8069, .T. ) ;
#8139 = CARTESIAN_POINT ( 'NONE',  ( -58.00000000000000000, 98.10000000000000853, -96.84600000000000364 ) ) ;
#8140 = ADVANCED_FACE ( 'NONE', ( #8115 ), #3504, .T. ) ;
#8141 = ORIENTED_EDGE ( 'NONE', *, *, #1319, .T. ) ;
#8142 = ORIENTED_EDGE ( 'NONE', *, *, #4662, .F. ) ;
#8143 = DIRECTION ( 'NONE',  ( -1.000000000000000000, 0.000000000000000000, 0.000000000000000000 ) ) ;
#8144 = ORIENTED_EDGE ( 'NONE', *, *, #366, .T. ) ;
#8145 = ORIENTED_EDGE ( 'NONE', *, *, #7227, .F. ) ;
#8146 = PLANE ( 'NONE',  #1644 ) ;
#8147 = VECTOR ( 'NONE', #4499, 1000.000000000000000 ) ;
#8148 = DIRECTION ( 'NONE',  ( 1.000000000000000000, 0.000000000000000000, 0.000000000000000000 ) ) ;
#8149 = CARTESIAN_POINT ( 'NONE',  ( -88.00000000000000000, 24.00000000000000000, -183.6180954499999984 ) ) ;
#8150 = ORIENTED_EDGE ( 'NONE', *, *, #7600, .F. ) ;
#8151 = ORIENTED_EDGE ( 'NONE', *, *, #2334, .F. ) ;
#8152 = VERTEX_POINT ( 'NONE', #4071 ) ;
#8153 = CARTESIAN_POINT ( 'NONE',  ( -30.03739828220182773, -74.00000000000001421, -124.6644660940672651 ) ) ;
#8154 = ORIENTED_EDGE ( 'NONE', *, *, #966, .T. ) ;
#8155 = ORIENTED_EDGE ( 'NONE', *, *, #2596, .F. ) ;
#8156 = VECTOR ( 'NONE', #4380, 1000.000000000000000 ) ;
#8157 = CARTESIAN_POINT ( 'NONE',  ( -43.57699029636306420, 82.00000000000000000, -123.2000000000000028 ) ) ;
#8158 = CARTESIAN_POINT ( 'NONE',  ( -37.25260171779820695, 62.65851158618023220, -124.6644660940672509 ) ) ;
#8159 = VERTEX_POINT ( 'NONE', #1502 ) ;
#8160 = VECTOR ( 'NONE', #5477, 1000.000000000000000 ) ;
#8161 = DIRECTION ( 'NONE',  ( -0.7071067811865474617, 0.7071067811865474617, -0.000000000000000000 ) ) ;
#8162 = DIRECTION ( 'NONE',  ( 0.000000000000000000, 0.000000000000000000, -1.000000000000000000 ) ) ;
#8163 = DIRECTION ( 'NONE',  ( 0.7071067811865474617, 0.7071067811865474617, 0.000000000000000000 ) ) ;
#8164 = CARTESIAN_POINT ( 'NONE',  ( -14.97348886532344281, -81.99999999999998579, -102.5294888653234295 ) ) ;
#8165 = ORIENTED_EDGE ( 'NONE', *, *, #6527, .F. ) ;
#8166 = PLANE ( 'NONE',  #4797 ) ;
#8167 = VECTOR ( 'NONE', #1039, 1000.000000000000000 ) ;
#8168 = DIRECTION ( 'NONE',  ( 1.000000000000000000, 0.000000000000000000, 0.000000000000000000 ) ) ;
#8169 = CARTESIAN_POINT ( 'NONE',  ( 38.25000000000000000, 26.00000000000000000, -10.00000000000000000 ) ) ;
#8170 = DIRECTION ( 'NONE',  ( 0.000000000000000000, 0.000000000000000000, -1.000000000000000000 ) ) ;
#8171 = DIRECTION ( 'NONE',  ( -0.7071067811865474617, 0.7071067811865474617, -0.000000000000000000 ) ) ;
#8172 = ORIENTED_EDGE ( 'NONE', *, *, #6742, .T. ) ;
#8173 = EDGE_CURVE ( 'NONE', #4100, #3897, #3421, .T. ) ;
#8174 = CARTESIAN_POINT ( 'NONE',  ( -105.0000000000000000, 130.0000000000000000, -191.6180954499999984 ) ) ;
#8175 = DIRECTION ( 'NONE',  ( 0.000000000000000000, 0.000000000000000000, 1.000000000000000000 ) ) ;
#8176 = DIRECTION ( 'NONE',  ( -1.000000000000000000, 0.000000000000000000, 0.000000000000000000 ) ) ;
#8177 = EDGE_CURVE ( 'NONE', #1967, #7854, #6029, .T. ) ;
#8178 = EDGE_CURVE ( 'NONE', #5968, #3150, #6112, .T. ) ;
#8179 = CARTESIAN_POINT ( 'NONE',  ( -34.00000000000000000, 48.20000000000000284, -165.5180954499999757 ) ) ;
#8180 = DIRECTION ( 'NONE',  ( -0.7071067811865474617, -0.7071067811865474617, 0.000000000000000000 ) ) ;
#8181 = ORIENTED_EDGE ( 'NONE', *, *, #4826, .F. ) ;
#8182 = ORIENTED_EDGE ( 'NONE', *, *, #6385, .F. ) ;
#8183 = DIRECTION ( 'NONE',  ( -0.7071067811865474617, 0.7071067811865474617, 0.000000000000000000 ) ) ;
#8184 = ORIENTED_EDGE ( 'NONE', *, *, #5571, .F. ) ;
#8185 = CC_DESIGN_PERSON_AND_ORGANIZATION_ASSIGNMENT ( #3048, #7743, ( #7209 ) ) ;
#8186 = EDGE_LOOP ( 'NONE', ( #459, #1052, #2485, #2627 ) ) ;
#8187 = VECTOR ( 'NONE', #1114, 1000.000000000000000 ) ;
#8188 = EDGE_CURVE ( 'NONE', #2089, #8269, #4895, .T. ) ;
#8189 = EDGE_CURVE ( 'NONE', #4450, #4872, #6198, .T. ) ;
#8190 = CALENDAR_DATE ( 2026, 14, 9 ) ;
#8191 = CARTESIAN_POINT ( 'NONE',  ( -0.000000000000000000, 121.2000000000000028, -191.6180954499999984 ) ) ;
#8192 = ORIENTED_EDGE ( 'NONE', *, *, #1429, .F. ) ;
#8193 = LINE ( 'NONE', #6234, #1431 ) ;
#8194 = ORIENTED_EDGE ( 'NONE', *, *, #8081, .F. ) ;
#8195 = ORIENTED_EDGE ( 'NONE', *, *, #4472, .T. ) ;
#8196 = ORIENTED_EDGE ( 'NONE', *, *, #3931, .T. ) ;
#8197 = DIRECTION ( 'NONE',  ( 0.7071067811865474617, 0.7071067811865474617, 0.000000000000000000 ) ) ;
#8198 = ORIENTED_EDGE ( 'NONE', *, *, #5996, .F. ) ;
#8199 = VERTEX_POINT ( 'NONE', #851 ) ;
#8200 = LINE ( 'NONE', #6764, #2302 ) ;
#8201 = DIRECTION ( 'NONE',  ( 0.04610476660840090446, -0.000000000000000000, -0.9989366098486853751 ) ) ;
#8202 = ORIENTED_EDGE ( 'NONE', *, *, #5214, .T. ) ;
#8203 = CARTESIAN_POINT ( 'NONE',  ( -90.00000000000000000, 98.00000000000000000, -149.0000000000000000 ) ) ;
#8204 = PLANE ( 'NONE',  #5036 ) ;
#8205 = LINE ( 'NONE', #4205, #2373 ) ;
#8206 = CARTESIAN_POINT ( 'NONE',  ( -46.00000000000000000, -74.00000000000001421, -123.2000000000000028 ) ) ;
#8207 = ORIENTED_EDGE ( 'NONE', *, *, #2812, .T. ) ;
#8208 = FACE_OUTER_BOUND ( 'NONE', #8532, .T. ) ;
#8209 = CARTESIAN_POINT ( 'NONE',  ( -40.78813562373094470, 90.00000000000000000, -128.2000000000000171 ) ) ;
#8210 = CARTESIAN_POINT ( 'NONE',  ( 30.00000000000000000, -20.00000000000000000, -115.0000000000000000 ) ) ;
#8211 = CIRCLE ( 'NONE', #1137, 5.000000000000004441 ) ;
#8212 = AXIS2_PLACEMENT_3D ( 'NONE', #5679, #7316, #1402 ) ;
#8213 = VECTOR ( 'NONE', #1869, 1000.000000000000114 ) ;
#8214 = DIRECTION ( 'NONE',  ( 0.000000000000000000, -0.000000000000000000, 1.000000000000000000 ) ) ;
#8215 = CARTESIAN_POINT ( 'NONE',  ( -61.84499999999999886, 120.8029999999999973, -165.6180954499999700 ) ) ;
#8216 = ORIENTED_EDGE ( 'NONE', *, *, #8360, .F. ) ;
#8217 = DIRECTION ( 'NONE',  ( 0.01538279504320399539, -0.000000000000000000, 0.9998816778082587620 ) ) ;
#8218 = FACE_OUTER_BOUND ( 'NONE', #7668, .T. ) ;
#8219 = LINE ( 'NONE', #6175, #3434 ) ;
#8220 = VECTOR ( 'NONE', #5321, 1000.000000000000000 ) ;
#8221 = VECTOR ( 'NONE', #2507, 1000.000000000000000 ) ;
#8222 = CARTESIAN_POINT ( 'NONE',  ( -90.00000000000000000, -36.00000000000000000, -191.6180954499999984 ) ) ;
#8223 = CARTESIAN_POINT ( 'NONE',  ( 90.00000000000000000, -37.00000000000000000, -183.6180954499999984 ) ) ;
#8224 = ORIENTED_EDGE ( 'NONE', *, *, #6686, .T. ) ;
#8225 = ORIENTED_EDGE ( 'NONE', *, *, #1015, .F. ) ;
#8226 = LINE ( 'NONE', #2921, #1132 ) ;
#8227 = ORIENTED_EDGE ( 'NONE', *, *, #7643, .T. ) ;
#8228 = VECTOR ( 'NONE', #1326, 1000.000000000000114 ) ;
#8229 = ADVANCED_FACE ( 'NONE', ( #6153 ), #7371, .T. ) ;
#8230 = ADVANCED_FACE ( 'NONE', ( #7550 ), #5499, .F. ) ;
#8231 = PLANE ( 'NONE',  #1131 ) ;
#8232 = VERTEX_POINT ( 'NONE', #4198 ) ;
#8233 = VECTOR ( 'NONE', #6360, 1000.000000000000000 ) ;
#8234 = LINE ( 'NONE', #6401, #2681 ) ;
#8235 = ORIENTED_EDGE ( 'NONE', *, *, #1077, .T. ) ;
#8236 = ORIENTED_EDGE ( 'NONE', *, *, #4410, .T. ) ;
#8237 = VERTEX_POINT ( 'NONE', #1541 ) ;
#8238 = EDGE_CURVE ( 'NONE', #7150, #1309, #2721, .T. ) ;
#8239 = DIRECTION ( 'NONE',  ( -0.000000000000000000, -0.000000000000000000, -1.000000000000000000 ) ) ;
#8240 = EDGE_LOOP ( 'NONE', ( #6803, #4750, #5545, #360 ) ) ;
#8241 = DIRECTION ( 'NONE',  ( 0.000000000000000000, -1.000000000000000000, -0.000000000000000000 ) ) ;
#8242 = AXIS2_PLACEMENT_3D ( 'NONE', #7623, #7754, #6314 ) ;
#8243 = VECTOR ( 'NONE', #1390, 1000.000000000000000 ) ;
#8244 = CARTESIAN_POINT ( 'NONE',  ( -13.00000000000000000, -98.00000000000000000, -123.2000000000000028 ) ) ;
#8245 = ORIENTED_EDGE ( 'NONE', *, *, #4307, .T. ) ;
#8246 = PLANE ( 'NONE',  #4877 ) ;
#8247 = CARTESIAN_POINT ( 'NONE',  ( 31.00000000000000000, -20.00000000000000000, -50.00000000000000000 ) ) ;
#8248 = VECTOR ( 'NONE', #3083, 1000.000000000000114 ) ;
#8249 = EDGE_CURVE ( 'NONE', #6875, #4671, #5373, .T. ) ;
#8250 = DIRECTION ( 'NONE',  ( 0.000000000000000000, 0.000000000000000000, 1.000000000000000000 ) ) ;
#8251 = ADVANCED_FACE ( 'NONE', ( #5112 ), #7765, .T. ) ;
#8252 = FACE_OUTER_BOUND ( 'NONE', #2743, .T. ) ;
#8253 = VERTEX_POINT ( 'NONE', #3757 ) ;
#8254 = CARTESIAN_POINT ( 'NONE',  ( -47.00000000000000000, 0.000000000000000000, -191.6180954499999984 ) ) ;
#8255 = DIRECTION ( 'NONE',  ( 0.000000000000000000, 0.000000000000000000, -1.000000000000000000 ) ) ;
#8256 = CARTESIAN_POINT ( 'NONE',  ( -62.99999999999991473, -63.00000000000004263, -191.6180954499999984 ) ) ;
#8257 = CARTESIAN_POINT ( 'NONE',  ( -94.00000000000000000, -32.00000000000000000, -183.6180954499999984 ) ) ;
#8258 = CARTESIAN_POINT ( 'NONE',  ( -47.00000000000000000, -120.2000000000000028, -165.6180954499999700 ) ) ;
#8259 = EDGE_LOOP ( 'NONE', ( #5107, #7935 ) ) ;
#8260 = LINE ( 'NONE', #6780, #8015 ) ;
#8261 = CARTESIAN_POINT ( 'NONE',  ( -105.0000000000000000, 130.0000000000000000, -183.6180954499999984 ) ) ;
#8262 = DIRECTION ( 'NONE',  ( 0.7071067811865482389, 0.7071067811865469066, 0.000000000000000000 ) ) ;
#8263 = AXIS2_PLACEMENT_3D ( 'NONE', #860, #8468, #3859 ) ;
#8264 = LINE ( 'NONE', #2961, #7373 ) ;
#8265 = FACE_OUTER_BOUND ( 'NONE', #6874, .T. ) ;
#8266 = ORIENTED_EDGE ( 'NONE', *, *, #2757, .F. ) ;
#8267 = ORIENTED_EDGE ( 'NONE', *, *, #8249, .F. ) ;
#8268 = FACE_OUTER_BOUND ( 'NONE', #6247, .T. ) ;
#8269 = VERTEX_POINT ( 'NONE', #4977 ) ;
#8270 = VECTOR ( 'NONE', #6461, 1000.000000000000000 ) ;
#8271 = CARTESIAN_POINT ( 'NONE',  ( -26.50186437626910063, -81.99999999999998579, -128.2000000000000171 ) ) ;
#8272 = ORIENTED_EDGE ( 'NONE', *, *, #2079, .F. ) ;
#8273 = VECTOR ( 'NONE', #5683, 1000.000000000000000 ) ;
#8274 = CARTESIAN_POINT ( 'NONE',  ( -110.0000000000000000, -24.00000000000000000, 122.2119089999999773 ) ) ;
#8275 = ORIENTED_EDGE ( 'NONE', *, *, #8600, .T. ) ;
#8276 = EDGE_LOOP ( 'NONE', ( #428, #786, #6789, #5852, #7501, #8150, #7184, #1926, #2481, #2848 ) ) ;
#8277 = VERTEX_POINT ( 'NONE', #6409 ) ;
#8278 = DIRECTION ( 'NONE',  ( 0.000000000000000000, -1.000000000000000000, -0.000000000000000000 ) ) ;
#8279 = ORIENTED_EDGE ( 'NONE', *, *, #6270, .T. ) ;
#8280 = EDGE_CURVE ( 'NONE', #7712, #6752, #7021, .T. ) ;
#8281 = ADVANCED_FACE ( 'NONE', ( #464 ), #3675, .T. ) ;
#8282 = LINE ( 'NONE', #7020, #5224 ) ;
#8283 = AXIS2_PLACEMENT_3D ( 'NONE', #1605, #5559, #4824 ) ;
#8284 = PLANE ( 'NONE',  #8309 ) ;
#8285 = EDGE_CURVE ( 'NONE', #3617, #7566, #1069, .T. ) ;
#8286 = EDGE_LOOP ( 'NONE', ( #4269, #843, #6361, #5757 ) ) ;
#8287 = EDGE_CURVE ( 'NONE', #3576, #6579, #3717, .T. ) ;
#8288 = DIRECTION ( 'NONE',  ( 0.000000000000000000, -1.000000000000000000, 0.000000000000000000 ) ) ;
#8289 = FACE_OUTER_BOUND ( 'NONE', #6617, .T. ) ;
#8290 = AXIS2_PLACEMENT_3D ( 'NONE', #7829, #8576, #3310 ) ;
#8291 = LINE ( 'NONE', #208, #2935 ) ;
#8292 = DIRECTION ( 'NONE',  ( 0.04610476660840090446, -0.000000000000000000, -0.9989366098486853751 ) ) ;
#8293 = ORIENTED_EDGE ( 'NONE', *, *, #1970, .F. ) ;
#8294 = DIRECTION ( 'NONE',  ( 0.000000000000000000, 1.000000000000000000, 0.000000000000000000 ) ) ;
#8295 = PLANE ( 'NONE',  #1482 ) ;
#8296 = LINE ( 'NONE', #7641, #8586 ) ;
#8297 = VECTOR ( 'NONE', #8134, 1000.000000000000000 ) ;
#8298 = ADVANCED_FACE ( 'NONE', ( #939 ), #6284, .T. ) ;
#8299 = DIRECTION ( 'NONE',  ( 0.000000000000000000, -0.9925673052351040582, -0.1216969374237651252 ) ) ;
#8300 = EDGE_CURVE ( 'NONE', #2179, #7031, #1503, .T. ) ;
#8301 = CARTESIAN_POINT ( 'NONE',  ( -69.00000000000000000, 20.19999999999999929, -92.20148000000000366 ) ) ;
#8302 = ORIENTED_EDGE ( 'NONE', *, *, #1547, .T. ) ;
#8303 = DIRECTION ( 'NONE',  ( 0.000000000000000000, 0.000000000000000000, -1.000000000000000000 ) ) ;
#8304 = FACE_OUTER_BOUND ( 'NONE', #5172, .T. ) ;
#8305 = VECTOR ( 'NONE', #4552, 1000.000000000000114 ) ;
#8306 = CARTESIAN_POINT ( 'NONE',  ( -77.42299999999997340, -81.99999999999998579, -77.42300000000003024 ) ) ;
#8307 = DIRECTION ( 'NONE',  ( -0.7071067811865480168, 0.000000000000000000, 0.7071067811865470176 ) ) ;
#8308 = CARTESIAN_POINT ( 'NONE',  ( -30.03739828220182773, 74.00000000000000000, -124.6644660940672651 ) ) ;
#8309 = AXIS2_PLACEMENT_3D ( 'NONE', #5716, #8372, #2408 ) ;
#8310 = DIRECTION ( 'NONE',  ( -1.000000000000000000, 0.000000000000000000, 0.000000000000000000 ) ) ;
#8311 = CARTESIAN_POINT ( 'NONE',  ( 32.50000000000000000, 52.20000000000000284, -165.5180954499999757 ) ) ;
#8312 = VERTEX_POINT ( 'NONE', #4281 ) ;
#8313 = ORIENTED_EDGE ( 'NONE', *, *, #2294, .T. ) ;
#8314 = CARTESIAN_POINT ( 'NONE',  ( -102.2500000000000142, 16.00000000000000000, 109.2119090000000057 ) ) ;
#8315 = EDGE_LOOP ( 'NONE', ( #4022, #7981, #3738, #4926 ) ) ;
#8316 = VECTOR ( 'NONE', #4116, 1000.000000000000000 ) ;
#8317 = DIRECTION ( 'NONE',  ( -0.7071067811865480168, 0.000000000000000000, 0.7071067811865470176 ) ) ;
#8318 = ORIENTED_EDGE ( 'NONE', *, *, #4667, .F. ) ;
#8319 = PLANE ( 'NONE',  #6150 ) ;
#8320 = ORIENTED_EDGE ( 'NONE', *, *, #6644, .F. ) ;
#8321 = ORIENTED_EDGE ( 'NONE', *, *, #2602, .T. ) ;
#8322 = ORIENTED_EDGE ( 'NONE', *, *, #160, .T. ) ;
#8323 = CARTESIAN_POINT ( 'NONE',  ( 33.50000000000000000, 51.20000000000000284, -165.5180954499999757 ) ) ;
#8324 = ORIENTED_EDGE ( 'NONE', *, *, #4422, .F. ) ;
#8325 = CARTESIAN_POINT ( 'NONE',  ( -47.50140412403019496, -90.00000000000000000, -125.1017785571049217 ) ) ;
#8326 = VECTOR ( 'NONE', #5699, 1000.000000000000000 ) ;
#8327 = LINE ( 'NONE', #6241, #953 ) ;
#8328 = FACE_OUTER_BOUND ( 'NONE', #1514, .T. ) ;
#8329 = PLANE ( 'NONE',  #4438 ) ;
#8330 = DIRECTION ( 'NONE',  ( -1.000000000000000000, -0.000000000000000000, -0.000000000000000000 ) ) ;
#8331 = DIRECTION ( 'NONE',  ( -0.000000000000000000, -0.000000000000000000, -1.000000000000000000 ) ) ;
#8332 = LINE ( 'NONE', #6376, #2013 ) ;
#8333 = ADVANCED_FACE ( 'NONE', ( #6326 ), #4415, .F. ) ;
#8334 = EDGE_CURVE ( 'NONE', #5309, #3885, #7674, .T. ) ;
#8335 = ORIENTED_EDGE ( 'NONE', *, *, #5048, .F. ) ;
#8336 = CARTESIAN_POINT ( 'NONE',  ( -34.00000000000000000, 52.20000000000000284, -191.6180954499999984 ) ) ;
#8337 = LINE ( 'NONE', #1769, #1218 ) ;
#8338 = CARTESIAN_POINT ( 'NONE',  ( -47.84474000000000160, 110.8024999999999949, -177.6180954499999984 ) ) ;
#8339 = CARTESIAN_POINT ( 'NONE',  ( -0.000000000000000000, -121.2000000000000028, -191.6180954499999984 ) ) ;
#8340 = EDGE_CURVE ( 'NONE', #1140, #1204, #8416, .T. ) ;
#8341 = EDGE_CURVE ( 'NONE', #6317, #6976, #8327, .T. ) ;
#8342 = FACE_OUTER_BOUND ( 'NONE', #5142, .T. ) ;
#8343 = ORIENTED_EDGE ( 'NONE', *, *, #4607, .F. ) ;
#8344 = CARTESIAN_POINT ( 'NONE',  ( 33.50000000000000000, 118.2000000000000028, -165.5180954499999757 ) ) ;
#8345 = CARTESIAN_POINT ( 'NONE',  ( -57.84499999999999886, 124.8029999999999973, -183.6180954499999984 ) ) ;
#8346 = EDGE_CURVE ( 'NONE', #2843, #6609, #378, .T. ) ;
#8347 = ORIENTED_EDGE ( 'NONE', *, *, #7436, .T. ) ;
#8348 = LINE ( 'NONE', #5652, #7604 ) ;
#8349 = VECTOR ( 'NONE', #3839, 1000.000000000000000 ) ;
#8350 = CARTESIAN_POINT ( 'NONE',  ( -46.00000000000000000, -121.2000000000000028, -165.6180954499999700 ) ) ;
#8351 = DIRECTION ( 'NONE',  ( -0.9406622566364113425, 0.000000000000000000, -0.3393442484258342162 ) ) ;
#8352 = SECURITY_CLASSIFICATION_LEVEL ( 'unclassified' ) ;
#8353 = CARTESIAN_POINT ( 'NONE',  ( -46.00000000000000000, -48.20000000000000284, -165.5180954499999757 ) ) ;
#8354 = AXIS2_PLACEMENT_3D ( 'NONE', #8055, #8011, #2790 ) ;
#8355 = DIRECTION ( 'NONE',  ( 0.000000000000000000, 0.000000000000000000, 1.000000000000000000 ) ) ;
#8356 = VERTEX_POINT ( 'NONE', #2362 ) ;
#8357 = ORIENTED_EDGE ( 'NONE', *, *, #3985, .T. ) ;
#8358 = DIRECTION ( 'NONE',  ( -0.000000000000000000, 0.000000000000000000, 1.000000000000000000 ) ) ;
#8359 = ORIENTED_EDGE ( 'NONE', *, *, #3136, .F. ) ;
#8360 = EDGE_CURVE ( 'NONE', #5181, #8277, #5761, .T. ) ;
#8361 = ADVANCED_FACE ( 'NONE', ( #419 ), #8284, .F. ) ;
#8362 = VECTOR ( 'NONE', #8171, 1000.000000000000114 ) ;
#8363 = PLANE ( 'NONE',  #2680 ) ;
#8364 = ORIENTED_EDGE ( 'NONE', *, *, #1756, .F. ) ;
#8365 = DIRECTION ( 'NONE',  ( 0.000000000000000000, 1.000000000000000000, 0.000000000000000000 ) ) ;
#8366 = ORIENTED_EDGE ( 'NONE', *, *, #6371, .F. ) ;
#8367 = VERTEX_POINT ( 'NONE', #8244 ) ;
#8368 = VECTOR ( 'NONE', #111, 1000.000000000000000 ) ;
#8369 = ORIENTED_EDGE ( 'NONE', *, *, #4682, .F. ) ;
#8370 = EDGE_LOOP ( 'NONE', ( #1982, #2190, #3755, #5410 ) ) ;
#8371 = FACE_OUTER_BOUND ( 'NONE', #1485, .T. ) ;
#8372 = DIRECTION ( 'NONE',  ( 0.9961232455520555584, 0.000000000000000000, -0.08796862890166813609 ) ) ;
#8373 = AXIS2_PLACEMENT_3D ( 'NONE', #6797, #4843, #6141 ) ;
#8374 = ORIENTED_EDGE ( 'NONE', *, *, #2185, .T. ) ;
#8375 = DIRECTION ( 'NONE',  ( 0.000000000000000000, -1.000000000000000000, 0.000000000000000000 ) ) ;
#8376 = CARTESIAN_POINT ( 'NONE',  ( -37.25260171779820695, 74.00000000000000000, -124.6644660940672509 ) ) ;
#8377 = ORIENTED_EDGE ( 'NONE', *, *, #3196, .F. ) ;
#8378 = CARTESIAN_POINT ( 'NONE',  ( 45.00000000000000000, 32.00000000000000000, -10.00000000000000000 ) ) ;
#8379 = DIRECTION ( 'NONE',  ( -0.7071067811865474617, 0.000000000000000000, -0.7071067811865474617 ) ) ;
#8380 = VECTOR ( 'NONE', #5103, 1000.000000000000000 ) ;
#8381 = EDGE_LOOP ( 'NONE', ( #6095, #2349, #322, #4672 ) ) ;
#8382 = LINE ( 'NONE', #6988, #7577 ) ;
#8383 = LINE ( 'NONE', #7685, #1764 ) ;
#8384 = DIRECTION ( 'NONE',  ( -0.7071067811865475727, 0.7071067811865475727, 0.000000000000000000 ) ) ;
#8385 = CARTESIAN_POINT ( 'NONE',  ( -57.00000000000000000, 90.00000000000000000, -102.7459999999999951 ) ) ;
#8386 = VECTOR ( 'NONE', #2520, 1000.000000000000000 ) ;
#8387 = CARTESIAN_POINT ( 'NONE',  ( 25.00000000000000000, -32.00000000000000000, -183.6180954499999984 ) ) ;
#8388 = LINE ( 'NONE', #2421, #7689 ) ;
#8389 = CARTESIAN_POINT ( 'NONE',  ( 38.25000000000000000, 26.00000000000000000, -9.900000000000000355 ) ) ;
#8390 = VERTEX_POINT ( 'NONE', #5589 ) ;
#8391 = DIRECTION ( 'NONE',  ( -0.000000000000000000, -0.000000000000000000, -1.000000000000000000 ) ) ;
#8392 = ADVANCED_FACE ( 'NONE', ( #5067 ), #7720, .F. ) ;
#8393 = FACE_BOUND ( 'NONE', #8549, .T. ) ;
#8394 = EDGE_CURVE ( 'NONE', #7647, #7236, #260, .T. ) ;
#8395 = CARTESIAN_POINT ( 'NONE',  ( -102.0000000000000142, -25.00000000000000000, -99.20148000000000366 ) ) ;
#8396 = CALENDAR_DATE ( 2026, 14, 9 ) ;
#8397 = EDGE_CURVE ( 'NONE', #2759, #1833, #5235, .T. ) ;
#8398 = CARTESIAN_POINT ( 'NONE',  ( -26.50186437626910063, -90.00000000000000000, -123.2000000000000028 ) ) ;
#8399 = EDGE_CURVE ( 'NONE', #4144, #2218, #1799, .T. ) ;
#8400 = DIRECTION ( 'NONE',  ( 1.000000000000000000, 0.000000000000000000, -0.000000000000000000 ) ) ;
#8401 = ORIENTED_EDGE ( 'NONE', *, *, #5571, .T. ) ;
#8402 = EDGE_LOOP ( 'NONE', ( #5178, #3495, #1508, #3705 ) ) ;
#8403 = DIRECTION ( 'NONE',  ( 0.000000000000000000, 0.000000000000000000, 1.000000000000000000 ) ) ;
#8404 = ORIENTED_EDGE ( 'NONE', *, *, #3290, .T. ) ;
#8405 = EDGE_CURVE ( 'NONE', #7197, #3261, #1320, .T. ) ;
#8406 = DIRECTION ( 'NONE',  ( 0.000000000000000000, 1.000000000000000000, 0.000000000000000000 ) ) ;
#8407 = ADVANCED_FACE ( 'NONE', ( #676 ), #5192, .T. ) ;
#8408 = VERTEX_POINT ( 'NONE', #8502 ) ;
#8409 = DIRECTION ( 'NONE',  ( 0.000000000000000000, 1.000000000000000000, -0.000000000000000000 ) ) ;
#8410 = ORIENTED_EDGE ( 'NONE', *, *, #1642, .F. ) ;
#8411 = ORIENTED_EDGE ( 'NONE', *, *, #2502, .F. ) ;
#8412 = CIRCLE ( 'NONE', #910, 1.250000000000001110 ) ;
#8413 = ORIENTED_EDGE ( 'NONE', *, *, #8285, .F. ) ;
#8414 = ORIENTED_EDGE ( 'NONE', *, *, #3356, .F. ) ;
#8415 = DIRECTION ( 'NONE',  ( 0.000000000000000000, 0.000000000000000000, -1.000000000000000000 ) ) ;
#8416 = LINE ( 'NONE', #6368, #6776 ) ;
#8417 = VECTOR ( 'NONE', #475, 1000.000000000000000 ) ;
#8418 = VERTEX_POINT ( 'NONE', #7893 ) ;
#8419 = DIRECTION ( 'NONE',  ( 0.000000000000000000, -1.000000000000000000, 0.000000000000000000 ) ) ;
#8420 = CARTESIAN_POINT ( 'NONE',  ( -51.00000000000000000, 25.00000000000000000, -92.20148000000000366 ) ) ;
#8421 = ORIENTED_EDGE ( 'NONE', *, *, #6898, .F. ) ;
#8422 = LINE ( 'NONE', #2413, #7516 ) ;
#8423 = CARTESIAN_POINT ( 'NONE',  ( -46.00000000000000000, -48.20000000000000284, -165.5180954499999757 ) ) ;
#8424 = VECTOR ( 'NONE', #7673, 1000.000000000000000 ) ;
#8425 = ORIENTED_EDGE ( 'NONE', *, *, #6526, .T. ) ;
#8426 = CARTESIAN_POINT ( 'NONE',  ( 20.50000000000000000, 121.2000000000000028, -165.5180954499999757 ) ) ;
#8427 = CARTESIAN_POINT ( 'NONE',  ( -33.64500000000001023, -62.65851158618024641, -128.2720678118654405 ) ) ;
#8428 = DIRECTION ( 'NONE',  ( 0.000000000000000000, 0.000000000000000000, -1.000000000000000000 ) ) ;
#8429 = CARTESIAN_POINT ( 'NONE',  ( -61.84499999999999886, -120.8029999999999973, -177.6180954499999984 ) ) ;
#8430 = VECTOR ( 'NONE', #8168, 1000.000000000000000 ) ;
#8431 = LINE ( 'NONE', #5125, #6419 ) ;
#8432 = DIRECTION ( 'NONE',  ( 0.000000000000000000, 1.000000000000000000, 0.000000000000000000 ) ) ;
#8433 = DIRECTION ( 'NONE',  ( 0.000000000000000000, 0.000000000000000000, -1.000000000000000000 ) ) ;
#8434 = EDGE_LOOP ( 'NONE', ( #5227, #1089, #3248, #2330 ) ) ;
#8435 = DIRECTION ( 'NONE',  ( 0.7071067811865474617, -0.7071067811865474617, 0.000000000000000000 ) ) ;
#8436 = VECTOR ( 'NONE', #8217, 1000.000000000000114 ) ;
#8437 = FACE_BOUND ( 'NONE', #6486, .T. ) ;
#8438 = LINE ( 'NONE', #6391, #7884 ) ;
#8439 = CARTESIAN_POINT ( 'NONE',  ( 38.25000000000000000, -26.00000000000000000, -23.00000000000000000 ) ) ;
#8440 = CC_DESIGN_APPROVAL ( #7654, ( #6903 ) ) ;
#8441 = AXIS2_PLACEMENT_3D ( 'NONE', #2130, #1562, #4091 ) ;
#8442 = EDGE_CURVE ( 'NONE', #5408, #212, #6499, .T. ) ;
#8443 = PLANE ( 'NONE',  #6298 ) ;
#8444 = VERTEX_POINT ( 'NONE', #7241 ) ;
#8445 = ORIENTED_EDGE ( 'NONE', *, *, #6595, .F. ) ;
#8446 = DIRECTION ( 'NONE',  ( -1.000000000000000000, -0.000000000000000000, -0.000000000000000000 ) ) ;
#8447 = ORIENTED_EDGE ( 'NONE', *, *, #1867, .F. ) ;
#8448 = EDGE_CURVE ( 'NONE', #1453, #7486, #3199, .T. ) ;
#8449 = EDGE_CURVE ( 'NONE', #7223, #4110, #594, .T. ) ;
#8450 = VECTOR ( 'NONE', #1597, 1000.000000000000000 ) ;
#8451 = DIRECTION ( 'NONE',  ( -0.7071067811865477948, 0.000000000000000000, 0.7071067811865473507 ) ) ;
#8452 = ORIENTED_EDGE ( 'NONE', *, *, #3517, .T. ) ;
#8453 = LINE ( 'NONE', #457, #1163 ) ;
#8454 = ORIENTED_EDGE ( 'NONE', *, *, #5050, .T. ) ;
#8455 = VERTEX_POINT ( 'NONE', #3806 ) ;
#8456 = AXIS2_PLACEMENT_3D ( 'NONE', #5674, #2280, #6978 ) ;
#8457 = ORIENTED_EDGE ( 'NONE', *, *, #6628, .T. ) ;
#8458 = ORIENTED_EDGE ( 'NONE', *, *, #2862, .F. ) ;
#8459 = EDGE_CURVE ( 'NONE', #7854, #7147, #6363, .T. ) ;
#8460 = ADVANCED_FACE ( 'NONE', ( #1281 ), #3970, .T. ) ;
#8461 = DIRECTION ( 'NONE',  ( 0.000000000000000000, 1.000000000000000000, 0.000000000000000000 ) ) ;
#8462 = CARTESIAN_POINT ( 'NONE',  ( 43.77799999999999159, 74.00000000000000000, -43.77799999999999159 ) ) ;
#8463 = DIRECTION ( 'NONE',  ( 0.000000000000000000, 0.000000000000000000, -1.000000000000000000 ) ) ;
#8464 = CARTESIAN_POINT ( 'NONE',  ( 34.55525999999999698, -58.40250000000000341, -177.6180954499999984 ) ) ;
#8465 = CARTESIAN_POINT ( 'NONE',  ( -33.00000000000000000, 49.20000000000000284, -165.6180954499999700 ) ) ;
#8466 = ORIENTED_EDGE ( 'NONE', *, *, #5152, .T. ) ;
#8467 = CARTESIAN_POINT ( 'NONE',  ( -69.00000000000000000, -25.00000000000000000, -92.20148000000000366 ) ) ;
#8468 = DIRECTION ( 'NONE',  ( 1.000000000000000000, 0.000000000000000000, -0.000000000000000000 ) ) ;
#8469 = EDGE_CURVE ( 'NONE', #8367, #196, #4543, .T. ) ;
#8470 = EDGE_CURVE ( 'NONE', #5432, #1827, #6621, .T. ) ;
#8471 = CARTESIAN_POINT ( 'NONE',  ( 45.00000000000000000, -20.00000000000000000, -10.00000000000000000 ) ) ;
#8472 = CARTESIAN_POINT ( 'NONE',  ( 33.50000000000000000, -49.20000000000000284, -165.6180954499999700 ) ) ;
#8473 = DIRECTION ( 'NONE',  ( 1.000000000000000000, 0.000000000000000000, 0.000000000000000000 ) ) ;
#8474 = DIRECTION ( 'NONE',  ( -0.000000000000000000, 1.000000000000000000, -0.000000000000000000 ) ) ;
#8475 = CARTESIAN_POINT ( 'NONE',  ( 34.55525999999999698, 58.40250000000000341, -177.6180954499999984 ) ) ;
#8476 = DIRECTION ( 'NONE',  ( 1.000000000000000000, 0.000000000000000000, 0.000000000000000000 ) ) ;
#8477 = PLANE ( 'NONE',  #4192 ) ;
#8478 = ORIENTED_EDGE ( 'NONE', *, *, #8068, .T. ) ;
#8479 = PLANE ( 'NONE',  #8290 ) ;
#8480 = DIRECTION ( 'NONE',  ( 0.000000000000000000, -0.000000000000000000, -1.000000000000000000 ) ) ;
#8481 = LINE ( 'NONE', #2474, #8025 ) ;
#8482 = PERSON ( '未', '未', '未', ('未'), ('未'), ('未') ) ;
#8483 = DIRECTION ( 'NONE',  ( 0.000000000000000000, -1.000000000000000000, 0.000000000000000000 ) ) ;
#8484 = CYLINDRICAL_SURFACE ( 'NONE', #617, 5.000000000000004441 ) ;
#8485 = VERTEX_POINT ( 'NONE', #1242 ) ;
#8486 = VECTOR ( 'NONE', #6529, 1000.000000000000000 ) ;
#8487 = VERTEX_POINT ( 'NONE', #7930 ) ;
#8488 = CARTESIAN_POINT ( 'NONE',  ( 33.50000000000000000, 120.2000000000000028, -165.5180954499999757 ) ) ;
#8489 = VERTEX_POINT ( 'NONE', #6453 ) ;
#8490 = AXIS2_PLACEMENT_3D ( 'NONE', #6896, #944, #7420 ) ;
#8491 = CARTESIAN_POINT ( 'NONE',  ( 86.00000000000000000, 32.00000000000000000, -171.6180954499999984 ) ) ;
#8492 = ORIENTED_EDGE ( 'NONE', *, *, #6383, .T. ) ;
#8493 = LINE ( 'NONE', #2528, #4213 ) ;
#8494 = ORIENTED_EDGE ( 'NONE', *, *, #5628, .F. ) ;
#8495 = ORIENTED_EDGE ( 'NONE', *, *, #4633, .F. ) ;
#8496 = VERTEX_POINT ( 'NONE', #5971 ) ;
#8497 = VECTOR ( 'NONE', #3998, 1000.000000000000114 ) ;
#8498 = ORIENTED_EDGE ( 'NONE', *, *, #7424, .F. ) ;
#8499 = VECTOR ( 'NONE', #6387, 1000.000000000000000 ) ;
#8500 = EDGE_CURVE ( 'NONE', #5190, #7055, #2666, .T. ) ;
#8501 = EDGE_CURVE ( 'NONE', #7383, #5756, #631, .T. ) ;
#8502 = CARTESIAN_POINT ( 'NONE',  ( 90.00000000000000000, -37.00000000000000000, -191.6180954499999984 ) ) ;
#8503 = CARTESIAN_POINT ( 'NONE',  ( -74.09999999999999432, -15.00000000000000000, -86.20148000000000366 ) ) ;
#8504 = VECTOR ( 'NONE', #3904, 1000.000000000000000 ) ;
#8505 = EDGE_CURVE ( 'NONE', #1534, #7758, #5393, .T. ) ;
#8506 = CARTESIAN_POINT ( 'NONE',  ( 20.50000000000000000, -52.20000000000000284, -191.6180954499999984 ) ) ;
#8507 = EDGE_CURVE ( 'NONE', #5785, #1425, #5806, .T. ) ;
#8508 = LINE ( 'NONE', #5153, #3102 ) ;
#8509 = EDGE_LOOP ( 'NONE', ( #638, #4072, #2664, #4409, #8024, #3807, #6883, #1927, #6, #8227 ) ) ;
#8510 = ORIENTED_EDGE ( 'NONE', *, *, #2115, .F. ) ;
#8511 = CARTESIAN_POINT ( 'NONE',  ( 32.50000000000000000, -48.20000000000000284, -165.6180954499999700 ) ) ;
#8512 = DIRECTION ( 'NONE',  ( 0.000000000000000000, -1.000000000000000000, 0.000000000000000000 ) ) ;
#8513 = CARTESIAN_POINT ( 'NONE',  ( 87.00000000000000000, -40.00000000000000000, -183.6180954499999984 ) ) ;
#8514 = AXIS2_PLACEMENT_3D ( 'NONE', #5764, #3634, #2984 ) ;
#8515 = DIRECTION ( 'NONE',  ( 0.000000000000000000, 0.000000000000000000, -1.000000000000000000 ) ) ;
#8516 = CARTESIAN_POINT ( 'NONE',  ( -61.84499999999999886, -120.8029999999999973, -183.6180954499999984 ) ) ;
#8517 = ORIENTED_EDGE ( 'NONE', *, *, #2079, .T. ) ;
#8518 = EDGE_CURVE ( 'NONE', #5768, #1672, #7806, .T. ) ;
#8519 = EDGE_CURVE ( 'NONE', #8070, #2007, #3851, .T. ) ;
#8520 = CARTESIAN_POINT ( 'NONE',  ( -59.00000000000000000, -81.99999999999998579, -139.6666666666666572 ) ) ;
#8521 = CIRCLE ( 'NONE', #6711, 1.250000000000001110 ) ;
#8522 = VECTOR ( 'NONE', #7887, 1000.000000000000000 ) ;
#8523 = CARTESIAN_POINT ( 'NONE',  ( -67.00000000000000000, 74.00000000000000000, -132.0000000000000000 ) ) ;
#8524 = DIRECTION ( 'NONE',  ( -0.7071067811865475727, 0.7071067811865475727, 0.000000000000000000 ) ) ;
#8525 = VERTEX_POINT ( 'NONE', #2011 ) ;
#8526 = LINE ( 'NONE', #2562, #1744 ) ;
#8527 = CARTESIAN_POINT ( 'NONE',  ( -64.00000000000000000, 74.00000000000000000, -146.0000000000000000 ) ) ;
#8528 = CARTESIAN_POINT ( 'NONE',  ( -57.00000000000000000, 14.00000000000000000, -92.20148000000000366 ) ) ;
#8529 = AXIS2_PLACEMENT_3D ( 'NONE', #406, #3530, #6178 ) ;
#8530 = DIRECTION ( 'NONE',  ( -0.7071067811865474617, -0.7071067811865474617, 0.000000000000000000 ) ) ;
#8531 = DIRECTION ( 'NONE',  ( 0.000000000000000000, 1.000000000000000000, 0.000000000000000000 ) ) ;
#8532 = EDGE_LOOP ( 'NONE', ( #4457, #1358, #807, #6857 ) ) ;
#8534 = VECTOR ( 'NONE', #7866, 1000.000000000000000 ) ;
#8533 = LINE ( 'NONE', #3267, #593 ) ;
#8535 = ORIENTED_EDGE ( 'NONE', *, *, #3567, .F. ) ;
#8536 = DIRECTION ( 'NONE',  ( -0.7071067811865474617, 0.000000000000000000, -0.7071067811865474617 ) ) ;
#8537 = CARTESIAN_POINT ( 'NONE',  ( -47.84474000000000160, 58.40250000000000341, -177.6180954499999984 ) ) ;
#8538 = EDGE_LOOP ( 'NONE', ( #147, #7468, #1378, #930 ) ) ;
#8539 = LINE ( 'NONE', #6533, #1842 ) ;
#8540 = VERTEX_POINT ( 'NONE', #716 ) ;
#8541 = ORIENTED_EDGE ( 'NONE', *, *, #4933, .T. ) ;
#8542 = ORIENTED_EDGE ( 'NONE', *, *, #1279, .T. ) ;
#8543 = ORIENTED_EDGE ( 'NONE', *, *, #5524, .T. ) ;
#8544 = CARTESIAN_POINT ( 'NONE',  ( -46.00000000000000000, -98.00000000000000000, -123.2000000000000028 ) ) ;
#8545 = DIRECTION ( 'NONE',  ( -0.000000000000000000, -1.000000000000000000, -0.000000000000000000 ) ) ;
#8546 = VECTOR ( 'NONE', #4067, 1000.000000000000000 ) ;
#8547 = CARTESIAN_POINT ( 'NONE',  ( -74.09999999999999432, -15.00000000000000000, -86.20148000000000366 ) ) ;
#8548 = LINE ( 'NONE', #6503, #4337 ) ;
#8549 = EDGE_LOOP ( 'NONE', ( #5754, #1879, #4226, #17 ) ) ;
#8550 = VERTEX_POINT ( 'NONE', #191 ) ;
#8551 = EDGE_CURVE ( 'NONE', #7195, #8033, #1094, .T. ) ;
#8552 = DIRECTION ( 'NONE',  ( -0.000000000000000000, 1.000000000000000000, -0.000000000000000000 ) ) ;
#8553 = CARTESIAN_POINT ( 'NONE',  ( -105.0000000000000000, 130.0000000000000000, -191.6180954499999984 ) ) ;
#8554 = AXIS2_PLACEMENT_3D ( 'NONE', #655, #2604, #7870 ) ;
#8555 = ADVANCED_FACE ( 'NONE', ( #2794 ), #8146, .T. ) ;
#8556 = EDGE_CURVE ( 'NONE', #8525, #5189, #4015, .T. ) ;
#8557 = CARTESIAN_POINT ( 'NONE',  ( 48.55499999999999972, 120.8029999999999973, -165.6180954499999700 ) ) ;
#8558 = VERTEX_POINT ( 'NONE', #1364 ) ;
#8559 = LINE ( 'NONE', #6597, #2107 ) ;
#8560 = VECTOR ( 'NONE', #7764, 1000.000000000000000 ) ;
#8561 = LINE ( 'NONE', #1299, #754 ) ;
#8562 = CARTESIAN_POINT ( 'NONE',  ( -110.0000000000000000, 125.0000000000000000, -183.6180954499999984 ) ) ;
#8563 = DIRECTION ( 'NONE',  ( 0.7071067811865474617, -0.7071067811865474617, 0.000000000000000000 ) ) ;
#8564 = ORIENTED_EDGE ( 'NONE', *, *, #3256, .F. ) ;
#8565 = LINE ( 'NONE', #5954, #4524 ) ;
#8566 = EDGE_CURVE ( 'NONE', #8232, #10, #3452, .T. ) ;
#8567 = LINE ( 'NONE', #6037, #7734 ) ;
#8568 = EDGE_CURVE ( 'NONE', #1777, #3835, #67, .T. ) ;
#8569 = DIRECTION ( 'NONE',  ( 0.7071067811865474617, -0.7071067811865474617, 0.000000000000000000 ) ) ;
#8570 = AXIS2_PLACEMENT_3D ( 'NONE', #5042, #3090, #1133 ) ;
#8571 = LINE ( 'NONE', #6520, #4596 ) ;
#8572 = DIRECTION ( 'NONE',  ( 0.000000000000000000, -1.000000000000000000, 0.000000000000000000 ) ) ;
#8573 = CARTESIAN_POINT ( 'NONE',  ( -46.00000000000000000, -74.00000000000001421, -123.2000000000000028 ) ) ;
#8574 = VECTOR ( 'NONE', #5040, 1000.000000000000000 ) ;
#8575 = VERTEX_POINT ( 'NONE', #4795 ) ;
#8576 = DIRECTION ( 'NONE',  ( -0.000000000000000000, 0.000000000000000000, 1.000000000000000000 ) ) ;
#8577 = CC_DESIGN_APPROVAL ( #850, ( #7209 ) ) ;
#8578 = VECTOR ( 'NONE', #1179, 1000.000000000000000 ) ;
#8579 = CARTESIAN_POINT ( 'NONE',  ( 32.50000000000000000, 52.20000000000000284, -165.5180954499999757 ) ) ;
#8580 = ORIENTED_EDGE ( 'NONE', *, *, #2810, .F. ) ;
#8581 = DIRECTION ( 'NONE',  ( 1.000000000000000000, 0.000000000000000000, -0.000000000000000000 ) ) ;
#8582 = ORIENTED_EDGE ( 'NONE', *, *, #8469, .F. ) ;
#8583 = EDGE_LOOP ( 'NONE', ( #6727, #8110, #3898, #6881 ) ) ;
#8584 = ORIENTED_EDGE ( 'NONE', *, *, #7133, .T. ) ;
#8585 = EDGE_LOOP ( 'NONE', ( #680, #4931, #7463, #5867 ) ) ;
#8586 = VECTOR ( 'NONE', #3685, 1000.000000000000000 ) ;
#8587 = DIRECTION ( 'NONE',  ( -1.000000000000000000, 0.000000000000000000, 0.000000000000000000 ) ) ;
#8588 = LINE ( 'NONE', #4106, #7958 ) ;
#8589 = AXIS2_PLACEMENT_3D ( 'NONE', #7200, #1971, #3240 ) ;
#8590 = DIRECTION ( 'NONE',  ( -0.4954754837717974536, 0.000000000000000000, 0.8686219229222248428 ) ) ;
#8591 = DIRECTION ( 'NONE',  ( 0.000000000000000000, 0.000000000000000000, -1.000000000000000000 ) ) ;
#8592 = ORIENTED_EDGE ( 'NONE', *, *, #5380, .T. ) ;
#8593 = ORIENTED_EDGE ( 'NONE', *, *, #1549, .T. ) ;
#8594 = CARTESIAN_POINT ( 'NONE',  ( -77.42299999999997340, -98.00000000000000000, -77.42300000000003024 ) ) ;
#8595 = LINE ( 'NONE', #2504, #5360 ) ;
#8596 = DIRECTION ( 'NONE',  ( 0.000000000000000000, 0.000000000000000000, 1.000000000000000000 ) ) ;
#8597 = VERTEX_POINT ( 'NONE', #8105 ) ;
#8598 = VERTEX_POINT ( 'NONE', #3365 ) ;
#8599 = PLANE ( 'NONE',  #6832 ) ;
#8600 = EDGE_CURVE ( 'NONE', #2100, #7798, #4059, .T. ) ;
#8601 = DIRECTION ( 'NONE',  ( 0.3234575393756696227, -0.000000000000000000, 0.9462426856895841398 ) ) ;
#8602 = PLANE ( 'NONE',  #3961 ) ;
#8603 = ORIENTED_EDGE ( 'NONE', *, *, #4028, .T. ) ;
#8604 = FACE_OUTER_BOUND ( 'NONE', #314, .T. ) ;
#8605 = DIRECTION ( 'NONE',  ( -0.000000000000000000, -0.000000000000000000, 1.000000000000000000 ) ) ;
#8606 = DIRECTION ( 'NONE',  ( -1.000000000000000000, -0.000000000000000000, -0.000000000000000000 ) ) ;
#8607 = EDGE_CURVE ( 'NONE', #3727, #6609, #235, .T. ) ;
ENDSEC;
END-ISO-10303-21;
