ISO-10303-21;
HEADER;
FILE_DESCRIPTION (( 'STEP AP203' ),
    '1' );
FILE_NAME('P02_Head_cradle.step','2026-09-14T00:00:00',('Wamotech'),('Wamotech'),'SolidWorks 2025','SolidWorks 2025','');
FILE_SCHEMA (( 'CONFIG_CONTROL_DESIGN' ));
ENDSEC;

DATA;
#1 = CARTESIAN_POINT ( 'NONE',  ( -54.00000000000000000, 50.39999999999999858, 140.2118089999999881 ) ) ;
#2 = DIRECTION ( 'NONE',  ( -1.000000000000000000, 0.000000000000000000, 0.000000000000000000 ) ) ;
#3 = EDGE_CURVE ( 'NONE', #1471, #481, #1048, .T. ) ;
#4 = CARTESIAN_POINT ( 'NONE',  ( 6.000000000000000000, 50.39999999999999858, 140.2118089999999881 ) ) ;
#5 = ORIENTED_EDGE ( 'NONE', *, *, #1846, .F. ) ;
#6 = VERTEX_POINT ( 'NONE', #2098 ) ;
#7 = CARTESIAN_POINT ( 'NONE',  ( -63.00000000000000000, -57.20000000000000995, 143.1119089999999971 ) ) ;
#8 = CARTESIAN_POINT ( 'NONE',  ( -63.00000000000000000, 50.20000000000000284, 161.0119090000000028 ) ) ;
#9 = CARTESIAN_POINT ( 'NONE',  ( -86.10099999999999909, -36.00000000000000000, 140.1119089999999971 ) ) ;
#10 = LINE ( 'NONE', #1761, #872 ) ;
#11 = ORIENTED_EDGE ( 'NONE', *, *, #1624, .T. ) ;
#12 = PERSON_AND_ORGANIZATION ( #925, #1193 ) ;
#13 = PLANE ( 'NONE',  #791 ) ;
#14 = ORIENTED_EDGE ( 'NONE', *, *, #203, .T. ) ;
#15 = ADVANCED_FACE ( 'NONE', ( #1750 ), #13, .F. ) ;
#16 = CARTESIAN_POINT ( 'NONE',  ( 110.5000000000000000, -50.20000000000000284, 140.1119089999999971 ) ) ;
#17 = CARTESIAN_POINT ( 'NONE',  ( -89.10099999999999909, 0.000000000000000000, 140.1119089999999971 ) ) ;
#18 = ORIENTED_EDGE ( 'NONE', *, *, #2461, .F. ) ;
#19 = DIRECTION ( 'NONE',  ( -1.000000000000000000, 0.000000000000000000, -0.000000000000000000 ) ) ;
#20 = ADVANCED_FACE ( 'NONE', ( #214 ), #563, .F. ) ;
#21 = CARTESIAN_POINT ( 'NONE',  ( 100.2999999999999972, -53.20000000000000284, 142.1119089999999971 ) ) ;
#22 = CARTESIAN_POINT ( 'NONE',  ( -57.00000000000000000, 50.20000000000000284, 161.0119090000000028 ) ) ;
#23 = DIRECTION ( 'NONE',  ( 1.000000000000000000, 0.000000000000000000, 0.000000000000000000 ) ) ;
#24 = PERSON_AND_ORGANIZATION ( #925, #1193 ) ;
#25 = LINE ( 'NONE', #989, #2363 ) ;
#26 = APPROVAL_PERSON_ORGANIZATION ( #12, #80, #1342 ) ;
#27 = DIRECTION ( 'NONE',  ( 0.000000000000000000, 1.000000000000000000, 0.000000000000000000 ) ) ;
#28 = VECTOR ( 'NONE', #1822, 1000.000000000000000 ) ;
#29 = ORIENTED_EDGE ( 'NONE', *, *, #1402, .F. ) ;
#30 = CARTESIAN_POINT ( 'NONE',  ( -101.0000000000000000, -16.00000000000000000, 140.1119089999999971 ) ) ;
#31 = DIRECTION ( 'NONE',  ( 0.000000000000000000, -0.000000000000000000, 1.000000000000000000 ) ) ;
#32 = VECTOR ( 'NONE', #1532, 1000.000000000000000 ) ;
#33 = AXIS2_PLACEMENT_3D ( 'NONE', #1226, #1806, #1609 ) ;
#34 = EDGE_CURVE ( 'NONE', #579, #452, #142, .T. ) ;
#35 = EDGE_LOOP ( 'NONE', ( #1784, #2170, #2490, #930 ) ) ;
#36 = VECTOR ( 'NONE', #2035, 1000.000000000000000 ) ;
#37 = LINE ( 'NONE', #1383, #1160 ) ;
#38 = AXIS2_PLACEMENT_3D ( 'NONE', #1755, #821, #984 ) ;
#39 = EDGE_CURVE ( 'NONE', #2302, #255, #389, .T. ) ;
#40 = CARTESIAN_POINT ( 'NONE',  ( -104.2500000000000142, -16.00000000000000000, 136.9119090000000085 ) ) ;
#41 = LINE ( 'NONE', #1536, #1599 ) ;
#42 = DIRECTION ( 'NONE',  ( 1.000000000000000000, 0.000000000000000000, 0.000000000000000000 ) ) ;
#43 = VERTEX_POINT ( 'NONE', #1936 ) ;
#44 = DIRECTION ( 'NONE',  ( 0.000000000000000000, 0.000000000000000000, -1.000000000000000000 ) ) ;
#45 = PLANE ( 'NONE',  #1566 ) ;
#46 = ORIENTED_EDGE ( 'NONE', *, *, #2277, .F. ) ;
#47 = CARTESIAN_POINT ( 'NONE',  ( -57.00000000000000000, -57.20000000000000995, 140.1119089999999971 ) ) ;
#48 = EDGE_CURVE ( 'NONE', #985, #1767, #781, .T. ) ;
#49 = EDGE_CURVE ( 'NONE', #532, #2018, #25, .T. ) ;
#50 = CYLINDRICAL_SURFACE ( 'NONE', #1562, 3.000000000000002665 ) ;
#51 = ADVANCED_FACE ( 'NONE', ( #2303 ), #1143, .F. ) ;
#52 = ORIENTED_EDGE ( 'NONE', *, *, #1245, .T. ) ;
#53 = DIRECTION ( 'NONE',  ( 0.000000000000000000, -0.000000000000000000, -1.000000000000000000 ) ) ;
#54 = DIRECTION ( 'NONE',  ( -0.000000000000000000, -0.000000000000000000, -1.000000000000000000 ) ) ;
#55 = ORIENTED_EDGE ( 'NONE', *, *, #369, .F. ) ;
#56 = DIRECTION ( 'NONE',  ( 1.000000000000000000, 0.000000000000000000, 0.000000000000000000 ) ) ;
#57 = CARTESIAN_POINT ( 'NONE',  ( -66.00000000000000000, 48.50000000000000000, 140.2118089999999881 ) ) ;
#58 = EDGE_LOOP ( 'NONE', ( #1622, #165, #1363, #536 ) ) ;
#59 = DIRECTION ( 'NONE',  ( -1.000000000000000000, 0.000000000000000000, 0.000000000000000000 ) ) ;
#60 = EDGE_CURVE ( 'NONE', #263, #1893, #1005, .T. ) ;
#61 = EDGE_CURVE ( 'NONE', #255, #2475, #41, .T. ) ;
#62 = ORIENTED_EDGE ( 'NONE', *, *, #2246, .T. ) ;
#63 = DIRECTION ( 'NONE',  ( -0.000000000000000000, -0.000000000000000000, -1.000000000000000000 ) ) ;
#64 = VERTEX_POINT ( 'NONE', #2152 ) ;
#65 = LINE ( 'NONE', #1606, #2480 ) ;
#66 = ORIENTED_EDGE ( 'NONE', *, *, #34, .F. ) ;
#67 = LINE ( 'NONE', #457, #2164 ) ;
#68 = DIRECTION ( 'NONE',  ( 0.000000000000000000, -0.000000000000000000, -1.000000000000000000 ) ) ;
#69 = CLOSED_SHELL ( 'NONE', ( #51, #1002, #434, #236, #450, #564, #1620, #1449, #15, #1982, #1260, #1465, #646, #2273, #604, #2327, #1509, #408, #220, #1817, #1605, #728, #1190, #1981, #1474, #534, #1757, #873, #1558, #1481, #1173, #250, #2450, #334, #1300, #429, #1089, #2174, #945, #1770, #1373, #1220, #247, #1338, #1156, #383, #1376, #1077, #293, #1134, #1902, #2425, #2029, #262, #1125, #463, #829, #1916, #1385, #1169, #1138, #2043, #902, #2295, #20, #1046, #1026, #772, #1353, #752, #1828, #1216, #861, #2343, #847, #382, #802, #548 ) ) ;
#70 = ORIENTED_EDGE ( 'NONE', *, *, #691, .F. ) ;
#71 = VECTOR ( 'NONE', #1224, 1000.000000000000000 ) ;
#72 = CARTESIAN_POINT ( 'NONE',  ( -66.00000000000000000, -50.39999999999999858, 140.1119089999999971 ) ) ;
#73 = VECTOR ( 'NONE', #1576, 1000.000000000000000 ) ;
#74 = CIRCLE ( 'NONE', #1444, 3.000000000000002665 ) ;
#75 = ORIENTED_EDGE ( 'NONE', *, *, #787, .F. ) ;
#76 = CIRCLE ( 'NONE', #1447, 1.649999999999998579 ) ;
#77 = DIRECTION ( 'NONE',  ( -1.000000000000000000, 0.000000000000000000, 0.000000000000000000 ) ) ;
#78 = ORIENTED_EDGE ( 'NONE', *, *, #2429, .T. ) ;
#79 = EDGE_CURVE ( 'NONE', #1241, #144, #606, .T. ) ;
#80 = APPROVAL ( #1183, '未' ) ;
#81 = DIRECTION ( 'NONE',  ( 0.000000000000000000, -1.000000000000000000, 0.000000000000000000 ) ) ;
#82 = ORIENTED_EDGE ( 'NONE', *, *, #2011, .F. ) ;
#83 = LINE ( 'NONE', #645, #2328 ) ;
#84 = CARTESIAN_POINT ( 'NONE',  ( -63.00000000000000000, 50.20000000000000284, 161.0119090000000028 ) ) ;
#85 = ORIENTED_EDGE ( 'NONE', *, *, #1059, .T. ) ;
#86 = ORIENTED_EDGE ( 'NONE', *, *, #349, .T. ) ;
#87 = LINE ( 'NONE', #473, #1959 ) ;
#88 = CARTESIAN_POINT ( 'NONE',  ( 108.5000000000000000, -51.20000000000000284, 140.1119089999999971 ) ) ;
#89 = ORIENTED_EDGE ( 'NONE', *, *, #1727, .T. ) ;
#90 = DIRECTION ( 'NONE',  ( -1.000000000000000000, 0.000000000000000000, 0.000000000000000000 ) ) ;
#91 = ORIENTED_EDGE ( 'NONE', *, *, #2291, .T. ) ;
#92 = CARTESIAN_POINT ( 'NONE',  ( -66.00000000000000000, 50.39999999999999858, 140.2118089999999881 ) ) ;
#93 = EDGE_CURVE ( 'NONE', #2318, #64, #1905, .T. ) ;
#94 = CARTESIAN_POINT ( 'NONE',  ( 100.2999999999999972, 53.20000000000000284, 142.1119089999999971 ) ) ;
#95 = VERTEX_POINT ( 'NONE', #1389 ) ;
#96 = ORIENTED_EDGE ( 'NONE', *, *, #404, .F. ) ;
#97 = EDGE_CURVE ( 'NONE', #735, #919, #807, .T. ) ;
#98 = DIRECTION ( 'NONE',  ( -0.000000000000000000, 0.000000000000000000, 1.000000000000000000 ) ) ;
#99 = DIRECTION ( 'NONE',  ( 0.000000000000000000, 1.000000000000000000, 0.000000000000000000 ) ) ;
#100 = ORIENTED_EDGE ( 'NONE', *, *, #507, .F. ) ;
#101 = CARTESIAN_POINT ( 'NONE',  ( -101.0000000000000000, 16.00000000000000000, 140.2119089999999915 ) ) ;
#102 = CARTESIAN_POINT ( 'NONE',  ( -54.00000000000000000, -50.20000000000000284, 140.1119089999999971 ) ) ;
#103 = DIRECTION ( 'NONE',  ( 0.000000000000000000, 0.000000000000000000, -1.000000000000000000 ) ) ;
#104 = UNCERTAINTY_MEASURE_WITH_UNIT (LENGTH_MEASURE( 1.000000000000000082E-05 ), #2453, 'distance_accuracy_value', 'NONE');
#105 = VERTEX_POINT ( 'NONE', #1375 ) ;
#106 = VERTEX_POINT ( 'NONE', #1924 ) ;
#107 = CARTESIAN_POINT ( 'NONE',  ( -66.00000000000000000, 50.20000000000000284, 140.1119089999999971 ) ) ;
#108 = AXIS2_PLACEMENT_3D ( 'NONE', #1535, #605, #2109 ) ;
#109 = EDGE_CURVE ( 'NONE', #296, #1398, #2142, .T. ) ;
#110 = VECTOR ( 'NONE', #783, 1000.000000000000000 ) ;
#111 = VECTOR ( 'NONE', #266, 1000.000000000000000 ) ;
#112 = CARTESIAN_POINT ( 'NONE',  ( -66.00000000000000000, -48.50000000000000000, 140.2118089999999881 ) ) ;
#113 = AXIS2_PLACEMENT_3D ( 'NONE', #1284, #136, #328 ) ;
#114 = ORIENTED_EDGE ( 'NONE', *, *, #183, .T. ) ;
#115 = LINE ( 'NONE', #888, #950 ) ;
#116 = AXIS2_PLACEMENT_3D ( 'NONE', #647, #219, #2339 ) ;
#117 = LINE ( 'NONE', #880, #146 ) ;
#118 = PLANE ( 'NONE',  #2081 ) ;
#119 = ORIENTED_EDGE ( 'NONE', *, *, #2400, .F. ) ;
#120 = VERTEX_POINT ( 'NONE', #1962 ) ;
#121 = CARTESIAN_POINT ( 'NONE',  ( -57.00000000000000000, -50.20000000000000284, 161.0119090000000028 ) ) ;
#122 = CARTESIAN_POINT ( 'NONE',  ( -82.10099999999999909, 36.00000000000000000, 156.1119089999999971 ) ) ;
#123 = EDGE_CURVE ( 'NONE', #296, #2437, #204, .T. ) ;
#124 = ORIENTED_EDGE ( 'NONE', *, *, #2093, .T. ) ;
#125 = FACE_OUTER_BOUND ( 'NONE', #358, .T. ) ;
#126 = DIRECTION ( 'NONE',  ( 0.000000000000000000, -0.000000000000000000, 1.000000000000000000 ) ) ;
#127 = CARTESIAN_POINT ( 'NONE',  ( 103.1500000000000057, -57.70000000000000284, 128.1119089999999971 ) ) ;
#128 = CARTESIAN_POINT ( 'NONE',  ( -66.00000000000000000, 50.39999999999999858, 140.2118089999999881 ) ) ;
#129 = VERTEX_POINT ( 'NONE', #2110 ) ;
#130 = ORIENTED_EDGE ( 'NONE', *, *, #2123, .F. ) ;
#131 = DIRECTION ( 'NONE',  ( 0.000000000000000000, 1.000000000000000000, 0.000000000000000000 ) ) ;
#132 = FACE_OUTER_BOUND ( 'NONE', #1141, .T. ) ;
#133 = ORIENTED_EDGE ( 'NONE', *, *, #2068, .T. ) ;
#134 = EDGE_CURVE ( 'NONE', #332, #1893, #2162, .T. ) ;
#135 = LINE ( 'NONE', #899, #394 ) ;
#136 = DIRECTION ( 'NONE',  ( 0.000000000000000000, 0.000000000000000000, 1.000000000000000000 ) ) ;
#137 = CARTESIAN_POINT ( 'NONE',  ( -63.00000000000000000, -50.39999999999999858, 140.2118089999999881 ) ) ;
#138 = FACE_OUTER_BOUND ( 'NONE', #2143, .T. ) ;
#139 = ORIENTED_EDGE ( 'NONE', *, *, #2087, .T. ) ;
#140 = ORIENTED_EDGE ( 'NONE', *, *, #933, .F. ) ;
#141 = CARTESIAN_POINT ( 'NONE',  ( -57.00000000000000000, -57.20000000000000995, 143.1119089999999971 ) ) ;
#142 = CIRCLE ( 'NONE', #1113, 3.000000000000002665 ) ;
#143 = CARTESIAN_POINT ( 'NONE',  ( 0.000000000000000000, 0.000000000000000000, 134.1119089999999971 ) ) ;
#144 = VERTEX_POINT ( 'NONE', #1739 ) ;
#145 = VECTOR ( 'NONE', #1874, 1000.000000000000000 ) ;
#146 = VECTOR ( 'NONE', #834, 1000.000000000000000 ) ;
#147 = CARTESIAN_POINT ( 'NONE',  ( -57.00000000000000000, 54.20000000000000284, 161.0119090000000028 ) ) ;
#148 = AXIS2_PLACEMENT_3D ( 'NONE', #638, #287, #1411 ) ;
#149 = DIRECTION ( 'NONE',  ( 0.000000000000000000, 0.000000000000000000, 1.000000000000000000 ) ) ;
#150 = EDGE_CURVE ( 'NONE', #803, #1008, #418, .T. ) ;
#151 = LINE ( 'NONE', #1713, #2487 ) ;
#152 = CC_DESIGN_DATE_AND_TIME_ASSIGNMENT ( #1142, #1386, ( #677 ) ) ;
#153 = VECTOR ( 'NONE', #1559, 1000.000000000000000 ) ;
#154 = CARTESIAN_POINT ( 'NONE',  ( -54.00000000000000000, -48.50000000000000000, 140.2118089999999881 ) ) ;
#155 = EDGE_LOOP ( 'NONE', ( #1253, #619, #1377, #1534, #424, #1856, #427, #1778 ) ) ;
#156 = VERTEX_POINT ( 'NONE', #679 ) ;
#157 = EDGE_CURVE ( 'NONE', #1864, #6, #827, .T. ) ;
#158 = DIRECTION ( 'NONE',  ( -1.000000000000000000, 0.000000000000000000, 0.000000000000000000 ) ) ;
#159 = LINE ( 'NONE', #1459, #431 ) ;
#160 = ORIENTED_EDGE ( 'NONE', *, *, #1802, .F. ) ;
#161 = DIRECTION ( 'NONE',  ( 0.000000000000000000, 0.000000000000000000, 1.000000000000000000 ) ) ;
#162 = DIRECTION ( 'NONE',  ( 0.000000000000000000, 0.000000000000000000, 1.000000000000000000 ) ) ;
#163 = FACE_OUTER_BOUND ( 'NONE', #58, .T. ) ;
#164 = EDGE_CURVE ( 'NONE', #1062, #1543, #1413, .T. ) ;
#165 = ORIENTED_EDGE ( 'NONE', *, *, #93, .F. ) ;
#166 = ORIENTED_EDGE ( 'NONE', *, *, #2371, .T. ) ;
#167 = DIRECTION ( 'NONE',  ( 0.000000000000000000, 0.000000000000000000, 1.000000000000000000 ) ) ;
#168 = EDGE_CURVE ( 'NONE', #43, #1855, #1256, .T. ) ;
#169 = CARTESIAN_POINT ( 'NONE',  ( -96.79999999999999716, 7.200000000000000178, 124.5119090000000028 ) ) ;
#170 = CARTESIAN_POINT ( 'NONE',  ( -54.00000000000000000, 50.39999999999999858, 140.2118089999999881 ) ) ;
#171 = ORIENTED_EDGE ( 'NONE', *, *, #1545, .F. ) ;
#172 = APPROVAL_ROLE ( '' ) ;
#173 = CARTESIAN_POINT ( 'NONE',  ( 110.5000000000000000, 50.20000000000000284, 140.1119089999999971 ) ) ;
#174 = DIRECTION ( 'NONE',  ( 1.000000000000000000, 0.000000000000000000, 0.000000000000000000 ) ) ;
#175 = DIRECTION ( 'NONE',  ( 1.000000000000000000, 0.000000000000000000, 0.000000000000000000 ) ) ;
#176 = ORIENTED_EDGE ( 'NONE', *, *, #1951, .T. ) ;
#177 = ORIENTED_EDGE ( 'NONE', *, *, #1588, .T. ) ;
#178 = FACE_OUTER_BOUND ( 'NONE', #585, .T. ) ;
#179 = DIRECTION ( 'NONE',  ( 1.000000000000000000, 0.000000000000000000, 0.000000000000000000 ) ) ;
#180 = EDGE_CURVE ( 'NONE', #1429, #1330, #1638, .T. ) ;
#181 = DIRECTION ( 'NONE',  ( 1.000000000000000000, 0.000000000000000000, -0.000000000000000000 ) ) ;
#182 = ORIENTED_EDGE ( 'NONE', *, *, #2141, .T. ) ;
#183 = EDGE_CURVE ( 'NONE', #1922, #1990, #1435, .T. ) ;
#184 = APPROVAL_DATE_TIME ( #1763, #80 ) ;
#185 = CARTESIAN_POINT ( 'NONE',  ( -63.00000000000000000, 54.20000000000000284, 161.0119090000000028 ) ) ;
#186 = VECTOR ( 'NONE', #2288, 1000.000000000000000 ) ;
#187 = VECTOR ( 'NONE', #1551, 1000.000000000000000 ) ;
#188 = DIRECTION ( 'NONE',  ( 0.000000000000000000, 1.000000000000000000, 0.000000000000000000 ) ) ;
#189 = VECTOR ( 'NONE', #2239, 1000.000000000000000 ) ;
#190 = CARTESIAN_POINT ( 'NONE',  ( -96.79999999999999716, 7.200000000000000178, 124.5119090000000028 ) ) ;
#191 = VECTOR ( 'NONE', #19, 1000.000000000000000 ) ;
#192 = EDGE_LOOP ( 'NONE', ( #1668, #1771, #2180, #1061, #1630, #100, #1859 ) ) ;
#193 = VERTEX_POINT ( 'NONE', #1065 ) ;
#194 = CYLINDRICAL_SURFACE ( 'NONE', #2199, 1.649999999999998579 ) ;
#195 = CARTESIAN_POINT ( 'NONE',  ( -6.000000000000000000, 48.50000000000000000, 134.1119089999999971 ) ) ;
#196 = AXIS2_PLACEMENT_3D ( 'NONE', #623, #1396, #2161 ) ;
#197 = VECTOR ( 'NONE', #746, 1000.000000000000000 ) ;
#198 = DIRECTION ( 'NONE',  ( -0.000000000000000000, -0.000000000000000000, -1.000000000000000000 ) ) ;
#199 = EDGE_CURVE ( 'NONE', #2230, #269, #2186, .T. ) ;
#200 = DIRECTION ( 'NONE',  ( 0.000000000000000000, -1.000000000000000000, 0.000000000000000000 ) ) ;
#201 = VERTEX_POINT ( 'NONE', #1028 ) ;
#202 = CALENDAR_DATE ( 2026, 14, 9 ) ;
#203 = EDGE_CURVE ( 'NONE', #736, #1530, #1996, .T. ) ;
#204 = LINE ( 'NONE', #241, #2399 ) ;
#205 = ORIENTED_EDGE ( 'NONE', *, *, #555, .F. ) ;
#206 = DIRECTION ( 'NONE',  ( 0.000000000000000000, 1.000000000000000000, 0.000000000000000000 ) ) ;
#207 = LINE ( 'NONE', #971, #755 ) ;
#208 = EDGE_LOOP ( 'NONE', ( #1494, #78, #1498, #1716 ) ) ;
#209 = DIRECTION ( 'NONE',  ( -0.000000000000000000, 0.000000000000000000, 1.000000000000000000 ) ) ;
#210 = FACE_OUTER_BOUND ( 'NONE', #1634, .T. ) ;
#211 = PLANE ( 'NONE',  #990 ) ;
#212 = DIRECTION ( 'NONE',  ( 1.000000000000000000, 0.000000000000000000, 0.000000000000000000 ) ) ;
#213 = ORIENTED_EDGE ( 'NONE', *, *, #1920, .F. ) ;
#214 = FACE_OUTER_BOUND ( 'NONE', #2189, .T. ) ;
#215 = EDGE_CURVE ( 'NONE', #269, #1938, #1798, .T. ) ;
#216 = CARTESIAN_POINT ( 'NONE',  ( -54.00000000000000000, 48.50000000000000000, 140.2118089999999881 ) ) ;
#217 = EDGE_LOOP ( 'NONE', ( #659, #2091, #2133, #1933 ) ) ;
#218 = CARTESIAN_POINT ( 'NONE',  ( -82.10099999999999909, 50.20000000000000284, 134.1119089999999971 ) ) ;
#219 = DIRECTION ( 'NONE',  ( 0.000000000000000000, 1.000000000000000000, 0.000000000000000000 ) ) ;
#220 = ADVANCED_FACE ( 'NONE', ( #2177 ), #625, .F. ) ;
#221 = ORIENTED_EDGE ( 'NONE', *, *, #898, .T. ) ;
#222 = PLANE ( 'NONE',  #1598 ) ;
#223 = DIRECTION ( 'NONE',  ( -0.000000000000000000, 0.000000000000000000, 1.000000000000000000 ) ) ;
#224 = APPROVAL_STATUS ( 'not_yet_approved' ) ;
#225 = DIRECTION ( 'NONE',  ( 0.000000000000000000, 1.000000000000000000, 0.000000000000000000 ) ) ;
#226 = ORIENTED_EDGE ( 'NONE', *, *, #1951, .F. ) ;
#227 =( GEOMETRIC_REPRESENTATION_CONTEXT ( 3 ) GLOBAL_UNCERTAINTY_ASSIGNED_CONTEXT ( ( #104 ) ) GLOBAL_UNIT_ASSIGNED_CONTEXT ( ( #2453, #2292, #1360 ) ) REPRESENTATION_CONTEXT ( 'NONE', 'WORKASPACE' ) );
#228 = LINE ( 'NONE', #410, #1074 ) ;
#229 = VECTOR ( 'NONE', #63, 1000.000000000000000 ) ;
#230 = ORIENTED_EDGE ( 'NONE', *, *, #935, .F. ) ;
#231 = DIRECTION ( 'NONE',  ( 0.000000000000000000, -0.000000000000000000, -1.000000000000000000 ) ) ;
#232 = PLANE ( 'NONE',  #1921 ) ;
#233 = VECTOR ( 'NONE', #2245, 1000.000000000000000 ) ;
#234 = AXIS2_PLACEMENT_3D ( 'NONE', #561, #2314, #1709 ) ;
#235 = ORIENTED_EDGE ( 'NONE', *, *, #48, .F. ) ;
#236 = ADVANCED_FACE ( 'NONE', ( #842 ), #862, .F. ) ;
#237 = CIRCLE ( 'NONE', #797, 3.250000000000002665 ) ;
#238 = DIRECTION ( 'NONE',  ( 0.000000000000000000, -1.000000000000000000, 0.000000000000000000 ) ) ;
#239 = DIRECTION ( 'NONE',  ( 0.000000000000000000, -0.000000000000000000, 1.000000000000000000 ) ) ;
#240 = ORIENTED_EDGE ( 'NONE', *, *, #2138, .F. ) ;
#241 = CARTESIAN_POINT ( 'NONE',  ( -63.00000000000000000, 54.20000000000000284, 161.0119090000000028 ) ) ;
#242 = ORIENTED_EDGE ( 'NONE', *, *, #1245, .F. ) ;
#243 = DIRECTION ( 'NONE',  ( 0.000000000000000000, 0.000000000000000000, 1.000000000000000000 ) ) ;
#244 = ORIENTED_EDGE ( 'NONE', *, *, #983, .F. ) ;
#245 = FACE_OUTER_BOUND ( 'NONE', #1614, .T. ) ;
#246 = CARTESIAN_POINT ( 'NONE',  ( -6.000000000000000000, 50.20000000000000284, 134.1119089999999971 ) ) ;
#247 = ADVANCED_FACE ( 'NONE', ( #2200 ), #2021, .F. ) ;
#248 = EDGE_LOOP ( 'NONE', ( #2420, #505, #1004, #1580, #2057, #1467 ) ) ;
#249 = DIRECTION ( 'NONE',  ( 1.000000000000000000, 0.000000000000000000, 0.000000000000000000 ) ) ;
#250 = ADVANCED_FACE ( 'NONE', ( #1044 ), #261, .F. ) ;
#251 = ORIENTED_EDGE ( 'NONE', *, *, #933, .T. ) ;
#252 = DIRECTION ( 'NONE',  ( 1.000000000000000000, 0.000000000000000000, 0.000000000000000000 ) ) ;
#253 = EDGE_LOOP ( 'NONE', ( #379, #1072, #918, #240 ) ) ;
#254 = LINE ( 'NONE', #1462, #2120 ) ;
#255 = VERTEX_POINT ( 'NONE', #2389 ) ;
#256 = FACE_OUTER_BOUND ( 'NONE', #1830, .T. ) ;
#257 = CARTESIAN_POINT ( 'NONE',  ( -54.00000000000000000, -48.50000000000000000, 134.1119089999999971 ) ) ;
#258 = ORIENTED_EDGE ( 'NONE', *, *, #1848, .T. ) ;
#259 = CYLINDRICAL_SURFACE ( 'NONE', #1800, 1.250000000000001110 ) ;
#260 = ORIENTED_EDGE ( 'NONE', *, *, #1323, .T. ) ;
#261 = CYLINDRICAL_SURFACE ( 'NONE', #1437, 3.250000000000002665 ) ;
#262 = ADVANCED_FACE ( 'NONE', ( #664 ), #478, .F. ) ;
#263 = VERTEX_POINT ( 'NONE', #1601 ) ;
#264 = CARTESIAN_POINT ( 'NONE',  ( -66.00000000000000000, -48.50000000000000000, 134.1119089999999971 ) ) ;
#265 = VERTEX_POINT ( 'NONE', #487 ) ;
#266 = DIRECTION ( 'NONE',  ( 0.000000000000000000, 1.000000000000000000, 0.000000000000000000 ) ) ;
#267 = CARTESIAN_POINT ( 'NONE',  ( -104.2500000000000142, -16.00000000000000000, 140.1119089999999971 ) ) ;
#268 = ORIENTED_EDGE ( 'NONE', *, *, #2141, .F. ) ;
#269 = VERTEX_POINT ( 'NONE', #1833 ) ;
#270 = CIRCLE ( 'NONE', #1794, 1.649999999999998579 ) ;
#271 = DIRECTION ( 'NONE',  ( -0.000000000000000000, -0.000000000000000000, -1.000000000000000000 ) ) ;
#272 = VECTOR ( 'NONE', #584, 1000.000000000000000 ) ;
#273 = VECTOR ( 'NONE', #337, 1000.000000000000000 ) ;
#274 = VECTOR ( 'NONE', #131, 1000.000000000000000 ) ;
#275 = AXIS2_PLACEMENT_3D ( 'NONE', #956, #2, #771 ) ;
#276 = EDGE_CURVE ( 'NONE', #2423, #1672, #2353, .T. ) ;
#277 = VECTOR ( 'NONE', #566, 1000.000000000000000 ) ;
#278 = DIRECTION ( 'NONE',  ( -0.000000000000000000, 0.000000000000000000, -1.000000000000000000 ) ) ;
#279 = ORIENTED_EDGE ( 'NONE', *, *, #739, .T. ) ;
#280 = EDGE_CURVE ( 'NONE', #263, #1897, #907, .T. ) ;
#281 = DIRECTION ( 'NONE',  ( 0.000000000000000000, 0.000000000000000000, -1.000000000000000000 ) ) ;
#282 = VERTEX_POINT ( 'NONE', #1017 ) ;
#283 = LINE ( 'NONE', #2190, #2326 ) ;
#284 = FACE_OUTER_BOUND ( 'NONE', #924, .T. ) ;
#285 = ORIENTED_EDGE ( 'NONE', *, *, #1754, .T. ) ;
#286 = EDGE_LOOP ( 'NONE', ( #887, #1876, #1696, #1775 ) ) ;
#287 = DIRECTION ( 'NONE',  ( 0.000000000000000000, 0.000000000000000000, 1.000000000000000000 ) ) ;
#288 = CARTESIAN_POINT ( 'NONE',  ( 100.2999999999999972, -51.20000000000000284, 142.1119089999999971 ) ) ;
#289 = VERTEX_POINT ( 'NONE', #1470 ) ;
#290 = DIRECTION ( 'NONE',  ( 0.000000000000000000, -0.000000000000000000, -1.000000000000000000 ) ) ;
#291 = ORIENTED_EDGE ( 'NONE', *, *, #2424, .T. ) ;
#292 = CARTESIAN_POINT ( 'NONE',  ( -57.00000000000000000, 54.20000000000000284, 161.0119090000000028 ) ) ;
#293 = ADVANCED_FACE ( 'NONE', ( #716 ), #1699, .F. ) ;
#294 = CARTESIAN_POINT ( 'NONE',  ( -66.00000000000000000, 48.50000000000000000, 140.2118089999999881 ) ) ;
#295 = ORIENTED_EDGE ( 'NONE', *, *, #404, .T. ) ;
#296 = VERTEX_POINT ( 'NONE', #513 ) ;
#297 = EDGE_CURVE ( 'NONE', #1834, #1647, #159, .T. ) ;
#298 = FACE_OUTER_BOUND ( 'NONE', #845, .T. ) ;
#299 = CARTESIAN_POINT ( 'NONE',  ( -101.0000000000000000, -16.00000000000000000, 140.2119089999999915 ) ) ;
#300 = VERTEX_POINT ( 'NONE', #1281 ) ;
#301 = CARTESIAN_POINT ( 'NONE',  ( -110.0000000000000000, -65.20000000000000284, 122.2119090000000057 ) ) ;
#302 = CARTESIAN_POINT ( 'NONE',  ( -89.10099999999999909, -36.00000000000000000, 140.1119089999999971 ) ) ;
#303 = DIRECTION ( 'NONE',  ( 1.000000000000000000, 0.000000000000000000, 0.000000000000000000 ) ) ;
#304 = EDGE_LOOP ( 'NONE', ( #18, #1263, #1445, #1909, #784, #2285 ) ) ;
#305 = VERTEX_POINT ( 'NONE', #1867 ) ;
#306 = PLANE ( 'NONE',  #1359 ) ;
#307 = VECTOR ( 'NONE', #1489, 1000.000000000000000 ) ;
#308 = EDGE_CURVE ( 'NONE', #2006, #1436, #1116, .T. ) ;
#309 = VECTOR ( 'NONE', #1222, 1000.000000000000000 ) ;
#310 = VECTOR ( 'NONE', #629, 1000.000000000000000 ) ;
#311 = AXIS2_PLACEMENT_3D ( 'NONE', #1188, #231, #1166 ) ;
#312 = DIRECTION ( 'NONE',  ( 0.000000000000000000, -1.000000000000000000, 0.000000000000000000 ) ) ;
#313 = AXIS2_PLACEMENT_3D ( 'NONE', #721, #1305, #161 ) ;
#314 = VERTEX_POINT ( 'NONE', #2235 ) ;
#315 = DIRECTION ( 'NONE',  ( 0.000000000000000000, -1.000000000000000000, 0.000000000000000000 ) ) ;
#316 = VECTOR ( 'NONE', #1107, 1000.000000000000000 ) ;
#317 = DIRECTION ( 'NONE',  ( 0.000000000000000000, 1.000000000000000000, 0.000000000000000000 ) ) ;
#318 = FACE_OUTER_BOUND ( 'NONE', #484, .T. ) ;
#319 = CARTESIAN_POINT ( 'NONE',  ( 100.2999999999999972, -51.20000000000000284, 142.1119089999999971 ) ) ;
#320 = ORIENTED_EDGE ( 'NONE', *, *, #462, .T. ) ;
#321 = ORIENTED_EDGE ( 'NONE', *, *, #1108, .F. ) ;
#322 = DIRECTION ( 'NONE',  ( 0.000000000000000000, -0.000000000000000000, -1.000000000000000000 ) ) ;
#323 = EDGE_CURVE ( 'NONE', #95, #1382, #1892, .T. ) ;
#324 = EDGE_CURVE ( 'NONE', #265, #1549, #886, .T. ) ;
#325 = LINE ( 'NONE', #1671, #1397 ) ;
#326 = ORIENTED_EDGE ( 'NONE', *, *, #489, .T. ) ;
#327 = DIRECTION ( 'NONE',  ( 0.000000000000000000, 0.000000000000000000, 1.000000000000000000 ) ) ;
#328 = DIRECTION ( 'NONE',  ( 1.000000000000000000, 0.000000000000000000, 0.000000000000000000 ) ) ;
#329 = PLANE ( 'NONE',  #998 ) ;
#330 = CARTESIAN_POINT ( 'NONE',  ( -57.00000000000000000, -50.20000000000000284, 140.2118089999999881 ) ) ;
#331 = ORIENTED_EDGE ( 'NONE', *, *, #324, .T. ) ;
#332 = VERTEX_POINT ( 'NONE', #2413 ) ;
#333 = CARTESIAN_POINT ( 'NONE',  ( -54.00000000000000000, -48.50000000000000000, 140.2118089999999881 ) ) ;
#334 = ADVANCED_FACE ( 'NONE', ( #525 ), #498, .F. ) ;
#335 = DIRECTION ( 'NONE',  ( 0.000000000000000000, 0.000000000000000000, -1.000000000000000000 ) ) ;
#336 = ORIENTED_EDGE ( 'NONE', *, *, #1577, .F. ) ;
#337 = DIRECTION ( 'NONE',  ( 1.000000000000000000, -0.000000000000000000, 0.000000000000000000 ) ) ;
#338 = PLANE ( 'NONE',  #637 ) ;
#339 = FACE_OUTER_BOUND ( 'NONE', #485, .T. ) ;
#340 = DIRECTION ( 'NONE',  ( 0.000000000000000000, -0.000000000000000000, -1.000000000000000000 ) ) ;
#341 = EDGE_LOOP ( 'NONE', ( #62, #1868, #213, #1820, #1877, #1146 ) ) ;
#342 = ORIENTED_EDGE ( 'NONE', *, *, #48, .T. ) ;
#343 = DIRECTION ( 'NONE',  ( 0.000000000000000000, -1.000000000000000000, 0.000000000000000000 ) ) ;
#344 = CC_DESIGN_SECURITY_CLASSIFICATION ( #1269, ( #2234 ) ) ;
#345 = FACE_BOUND ( 'NONE', #1524, .T. ) ;
#346 = ORIENTED_EDGE ( 'NONE', *, *, #60, .F. ) ;
#347 = VECTOR ( 'NONE', #1181, 1000.000000000000000 ) ;
#348 = AXIS2_PLACEMENT_3D ( 'NONE', #143, #911, #1849 ) ;
#349 = EDGE_CURVE ( 'NONE', #2381, #1429, #325, .T. ) ;
#350 = CARTESIAN_POINT ( 'NONE',  ( 105.6500000000000057, 57.70000000000000284, 140.2119089999999915 ) ) ;
#351 = VECTOR ( 'NONE', #271, 1000.000000000000000 ) ;
#352 = CARTESIAN_POINT ( 'NONE',  ( 108.5000000000000000, -53.20000000000000284, 142.1119089999999971 ) ) ;
#353 = PLANE ( 'NONE',  #597 ) ;
#354 = EDGE_CURVE ( 'NONE', #2411, #672, #741, .T. ) ;
#355 = VECTOR ( 'NONE', #1050, 1000.000000000000000 ) ;
#356 = DIRECTION ( 'NONE',  ( -1.000000000000000000, 0.000000000000000000, 0.000000000000000000 ) ) ;
#357 = VERTEX_POINT ( 'NONE', #2274 ) ;
#358 = EDGE_LOOP ( 'NONE', ( #2166, #1555 ) ) ;
#359 = LINE ( 'NONE', #1899, #475 ) ;
#360 = DIRECTION ( 'NONE',  ( 0.000000000000000000, 0.000000000000000000, 1.000000000000000000 ) ) ;
#361 = DIRECTION ( 'NONE',  ( 1.000000000000000000, 0.000000000000000000, 0.000000000000000000 ) ) ;
#362 = ORIENTED_EDGE ( 'NONE', *, *, #1432, .F. ) ;
#363 = PERSON_AND_ORGANIZATION ( #925, #1193 ) ;
#364 = LINE ( 'NONE', #732, #1201 ) ;
#365 = CARTESIAN_POINT ( 'NONE',  ( -82.10099999999999909, -50.20000000000000284, 122.2119090000000057 ) ) ;
#366 = LINE ( 'NONE', #723, #509 ) ;
#367 = VERTEX_POINT ( 'NONE', #2436 ) ;
#368 = ORIENTED_EDGE ( 'NONE', *, *, #1920, .T. ) ;
#369 = EDGE_CURVE ( 'NONE', #1971, #1094, #2222, .T. ) ;
#370 = DIRECTION ( 'NONE',  ( 1.000000000000000000, 0.000000000000000000, 0.000000000000000000 ) ) ;
#371 = EDGE_CURVE ( 'NONE', #725, #1062, #2055, .T. ) ;
#372 = CARTESIAN_POINT ( 'NONE',  ( -102.6500000000000057, -16.00000000000000000, 122.2119090000000057 ) ) ;
#373 = LINE ( 'NONE', #2126, #1355 ) ;
#374 = EDGE_LOOP ( 'NONE', ( #251, #1781 ) ) ;
#375 = CALENDAR_DATE ( 2026, 14, 9 ) ;
#376 = CARTESIAN_POINT ( 'NONE',  ( 104.4000000000000057, -57.70000000000000284, 140.2119089999999915 ) ) ;
#377 = CARTESIAN_POINT ( 'NONE',  ( -101.0000000000000000, -16.00000000000000000, 140.1119089999999971 ) ) ;
#378 = CARTESIAN_POINT ( 'NONE',  ( -57.00000000000000000, -50.39999999999999858, 140.2118089999999881 ) ) ;
#379 = ORIENTED_EDGE ( 'NONE', *, *, #2371, .F. ) ;
#380 = EDGE_LOOP ( 'NONE', ( #2010, #1468 ) ) ;
#381 = CARTESIAN_POINT ( 'NONE',  ( -54.00000000000000000, 50.39999999999999858, 140.2118089999999881 ) ) ;
#382 = ADVANCED_FACE ( 'NONE', ( #2066 ), #2031, .F. ) ;
#383 = ADVANCED_FACE ( 'NONE', ( #132 ), #1102, .F. ) ;
#384 = CARTESIAN_POINT ( 'NONE',  ( -82.10099999999999909, -50.20000000000000284, 140.1119089999999971 ) ) ;
#385 = EDGE_CURVE ( 'NONE', #6, #515, #1688, .T. ) ;
#386 = LOCAL_TIME ( 18, 28, 53.00000000000000000, #2316 ) ;
#387 = CARTESIAN_POINT ( 'NONE',  ( -54.00000000000000000, 50.20000000000000284, 140.1119089999999971 ) ) ;
#388 = ORIENTED_EDGE ( 'NONE', *, *, #2226, .F. ) ;
#389 = LINE ( 'NONE', #2317, #1676 ) ;
#390 = AXIS2_PLACEMENT_3D ( 'NONE', #2082, #1150, #1314 ) ;
#391 = VECTOR ( 'NONE', #620, 1000.000000000000000 ) ;
#392 = ORIENTED_EDGE ( 'NONE', *, *, #2416, .F. ) ;
#393 = CARTESIAN_POINT ( 'NONE',  ( -89.10099999999999909, -36.00000000000000000, 143.1119089999999971 ) ) ;
#394 = VECTOR ( 'NONE', #926, 1000.000000000000000 ) ;
#395 = CARTESIAN_POINT ( 'NONE',  ( -54.00000000000000000, 48.50000000000000000, 140.2118089999999881 ) ) ;
#396 = AXIS2_PLACEMENT_3D ( 'NONE', #814, #1958, #239 ) ;
#397 = ORIENTED_EDGE ( 'NONE', *, *, #1304, .T. ) ;
#398 = PLANE ( 'NONE',  #1401 ) ;
#399 = CARTESIAN_POINT ( 'NONE',  ( -97.75000000000000000, -16.00000000000000000, 140.2119089999999915 ) ) ;
#400 = AXIS2_PLACEMENT_3D ( 'NONE', #2020, #2251, #1075 ) ;
#401 = AXIS2_PLACEMENT_3D ( 'NONE', #2016, #103, #1853 ) ;
#402 = CARTESIAN_POINT ( 'NONE',  ( 100.2999999999999972, 51.20000000000000284, 140.1119089999999971 ) ) ;
#403 = CARTESIAN_POINT ( 'NONE',  ( -101.0000000000000000, 16.00000000000000000, 122.2119090000000057 ) ) ;
#404 = EDGE_CURVE ( 'NONE', #95, #1225, #1881, .T. ) ;
#405 = ORIENTED_EDGE ( 'NONE', *, *, #97, .T. ) ;
#406 = PERSON_AND_ORGANIZATION ( #925, #1193 ) ;
#407 = DIRECTION ( 'NONE',  ( 0.000000000000000000, -1.000000000000000000, 0.000000000000000000 ) ) ;
#408 = ADVANCED_FACE ( 'NONE', ( #2263, #2422, #1301, #345 ), #699, .F. ) ;
#409 = VERTEX_POINT ( 'NONE', #1943 ) ;
#410 = CARTESIAN_POINT ( 'NONE',  ( 0.000000000000000000, -50.20000000000000284, 140.2118089999999881 ) ) ;
#411 = ORIENTED_EDGE ( 'NONE', *, *, #948, .T. ) ;
#412 = DIRECTION ( 'NONE',  ( -0.000000000000000000, -0.000000000000000000, -1.000000000000000000 ) ) ;
#413 = CARTESIAN_POINT ( 'NONE',  ( 6.000000000000000000, 50.39999999999999858, 140.1119089999999971 ) ) ;
#414 = ORIENTED_EDGE ( 'NONE', *, *, #2355, .T. ) ;
#415 = CARTESIAN_POINT ( 'NONE',  ( 0.000000000000000000, 50.39999999999999858, 140.1119089999999971 ) ) ;
#416 = FACE_OUTER_BOUND ( 'NONE', #1515, .T. ) ;
#417 = PERSON_AND_ORGANIZATION ( #925, #1193 ) ;
#418 = LINE ( 'NONE', #1184, #1955 ) ;
#419 = EDGE_CURVE ( 'NONE', #43, #2423, #10, .T. ) ;
#420 = CARTESIAN_POINT ( 'NONE',  ( -65.99999999999998579, -50.20000000000000284, 140.1119089999999971 ) ) ;
#421 = EDGE_LOOP ( 'NONE', ( #1171, #1298, #660, #1099 ) ) ;
#422 = PLANE ( 'NONE',  #2402 ) ;
#423 = PLANE ( 'NONE',  #38 ) ;
#424 = ORIENTED_EDGE ( 'NONE', *, *, #663, .F. ) ;
#425 = CARTESIAN_POINT ( 'NONE',  ( 6.000000000000000000, 50.39999999999999858, 140.2118089999999881 ) ) ;
#426 = DIRECTION ( 'NONE',  ( -0.000000000000000000, -0.000000000000000000, -1.000000000000000000 ) ) ;
#427 = ORIENTED_EDGE ( 'NONE', *, *, #2330, .F. ) ;
#428 = CARTESIAN_POINT ( 'NONE',  ( -102.6500000000000057, -16.00000000000000000, 140.2119089999999915 ) ) ;
#429 = ADVANCED_FACE ( 'NONE', ( #416 ), #2473, .F. ) ;
#430 = CARTESIAN_POINT ( 'NONE',  ( 110.5000000000000000, -50.20000000000000284, 122.2119090000000057 ) ) ;
#431 = VECTOR ( 'NONE', #1858, 1000.000000000000000 ) ;
#432 = EDGE_LOOP ( 'NONE', ( #1087, #1309, #397, #506 ) ) ;
#433 = CARTESIAN_POINT ( 'NONE',  ( -105.2000000000000028, -7.200000000000000178, 124.5119090000000028 ) ) ;
#434 = ADVANCED_FACE ( 'NONE', ( #806 ), #2332, .F. ) ;
#435 = DIRECTION ( 'NONE',  ( 0.000000000000000000, -0.000000000000000000, -1.000000000000000000 ) ) ;
#436 = VECTOR ( 'NONE', #2305, 1000.000000000000000 ) ;
#437 = VECTOR ( 'NONE', #1619, 1000.000000000000000 ) ;
#438 = EDGE_LOOP ( 'NONE', ( #1953, #1618, #1460, #843 ) ) ;
#439 = AXIS2_PLACEMENT_3D ( 'NONE', #890, #1701, #1870 ) ;
#440 = CARTESIAN_POINT ( 'NONE',  ( -66.00000000000000000, -50.20000000000000284, 134.1119089999999971 ) ) ;
#441 = VECTOR ( 'NONE', #1070, 1000.000000000000000 ) ;
#442 = ORIENTED_EDGE ( 'NONE', *, *, #1783, .F. ) ;
#443 = DIRECTION ( 'NONE',  ( 0.000000000000000000, 1.000000000000000000, 0.000000000000000000 ) ) ;
#444 = CARTESIAN_POINT ( 'NONE',  ( -66.00000000000000000, 50.39999999999999858, 140.2118089999999881 ) ) ;
#445 = ORIENTED_EDGE ( 'NONE', *, *, #502, .T. ) ;
#446 = CARTESIAN_POINT ( 'NONE',  ( 0.000000000000000000, 50.39999999999999858, 140.1119089999999971 ) ) ;
#447 = DIRECTION ( 'NONE',  ( 0.000000000000000000, -1.000000000000000000, 0.000000000000000000 ) ) ;
#448 = ORIENTED_EDGE ( 'NONE', *, *, #552, .F. ) ;
#449 = DIRECTION ( 'NONE',  ( 0.000000000000000000, -0.000000000000000000, -1.000000000000000000 ) ) ;
#450 = ADVANCED_FACE ( 'NONE', ( #964 ), #1329, .F. ) ;
#451 = EDGE_CURVE ( 'NONE', #1094, #1199, #753, .T. ) ;
#452 = VERTEX_POINT ( 'NONE', #2301 ) ;
#453 = DIRECTION ( 'NONE',  ( 0.000000000000000000, 1.000000000000000000, 0.000000000000000000 ) ) ;
#454 = VERTEX_POINT ( 'NONE', #1340 ) ;
#455 = CARTESIAN_POINT ( 'NONE',  ( 108.5000000000000000, -53.20000000000000284, 140.1119089999999971 ) ) ;
#456 = ORIENTED_EDGE ( 'NONE', *, *, #1694, .T. ) ;
#457 = CARTESIAN_POINT ( 'NONE',  ( -66.00000000000000000, -48.50000000000000000, 140.2118089999999881 ) ) ;
#458 = CARTESIAN_POINT ( 'NONE',  ( -66.00000000000000000, -50.39999999999999858, 140.2118089999999881 ) ) ;
#459 = VERTEX_POINT ( 'NONE', #170 ) ;
#460 = DIRECTION ( 'NONE',  ( 1.000000000000000000, 0.000000000000000000, 0.000000000000000000 ) ) ;
#461 = EDGE_CURVE ( 'NONE', #2392, #156, #936, .T. ) ;
#462 = EDGE_CURVE ( 'NONE', #1604, #735, #1522, .T. ) ;
#463 = ADVANCED_FACE ( 'NONE', ( #2096 ), #614, .T. ) ;
#464 = DIRECTION ( 'NONE',  ( -0.000000000000000000, 0.000000000000000000, -1.000000000000000000 ) ) ;
#465 = ORIENTED_EDGE ( 'NONE', *, *, #898, .F. ) ;
#466 = DIRECTION ( 'NONE',  ( -0.000000000000000000, -0.000000000000000000, -1.000000000000000000 ) ) ;
#467 = ORIENTED_EDGE ( 'NONE', *, *, #2215, .T. ) ;
#468 = FACE_OUTER_BOUND ( 'NONE', #763, .T. ) ;
#469 = DIRECTION ( 'NONE',  ( -0.000000000000000000, -0.000000000000000000, -1.000000000000000000 ) ) ;
#470 = ORIENTED_EDGE ( 'NONE', *, *, #2185, .T. ) ;
#471 = ORIENTED_EDGE ( 'NONE', *, *, #1802, .T. ) ;
#472 = VECTOR ( 'NONE', #1766, 1000.000000000000000 ) ;
#473 = CARTESIAN_POINT ( 'NONE',  ( 110.5000000000000000, -50.20000000000000284, 140.1119089999999971 ) ) ;
#474 = AXIS2_PLACEMENT_3D ( 'NONE', #1533, #603, #572 ) ;
#475 = VECTOR ( 'NONE', #1505, 1000.000000000000000 ) ;
#476 = AXIS2_PLACEMENT_3D ( 'NONE', #1644, #694, #684 ) ;
#477 = EDGE_CURVE ( 'NONE', #1398, #736, #2241, .T. ) ;
#478 = PLANE ( 'NONE',  #670 ) ;
#479 = VERTEX_POINT ( 'NONE', #1736 ) ;
#480 = LINE ( 'NONE', #1056, #634 ) ;
#481 = VERTEX_POINT ( 'NONE', #40 ) ;
#482 = CARTESIAN_POINT ( 'NONE',  ( -86.10099999999999909, 36.00000000000000000, 156.1119089999999971 ) ) ;
#483 = CARTESIAN_POINT ( 'NONE',  ( 110.5000000000000000, 65.20000000000000284, 140.1119089999999971 ) ) ;
#484 = EDGE_LOOP ( 'NONE', ( #819, #1646, #828, #2084 ) ) ;
#485 = EDGE_LOOP ( 'NONE', ( #1789, #2209, #467, #965 ) ) ;
#486 = DIRECTION ( 'NONE',  ( 0.000000000000000000, 0.000000000000000000, 1.000000000000000000 ) ) ;
#487 = CARTESIAN_POINT ( 'NONE',  ( 103.1500000000000057, 57.70000000000000284, 140.1119089999999971 ) ) ;
#488 = ORIENTED_EDGE ( 'NONE', *, *, #2056, .T. ) ;
#489 = EDGE_CURVE ( 'NONE', #452, #1990, #1154, .T. ) ;
#490 = EDGE_CURVE ( 'NONE', #305, #557, #373, .T. ) ;
#491 = CARTESIAN_POINT ( 'NONE',  ( -99.35000000000000853, 16.00000000000000000, 136.9119090000000085 ) ) ;
#492 = DIRECTION ( 'NONE',  ( 0.000000000000000000, -0.000000000000000000, -1.000000000000000000 ) ) ;
#493 = CARTESIAN_POINT ( 'NONE',  ( 105.6500000000000057, -57.70000000000000284, 140.1119089999999971 ) ) ;
#494 = EDGE_CURVE ( 'NONE', #1165, #367, #1915, .T. ) ;
#495 = EDGE_LOOP ( 'NONE', ( #1842, #1608, #708, #1180 ) ) ;
#496 = ORIENTED_EDGE ( 'NONE', *, *, #323, .F. ) ;
#497 = DIRECTION ( 'NONE',  ( -1.000000000000000000, 0.000000000000000000, 0.000000000000000000 ) ) ;
#498 = PLANE ( 'NONE',  #2478 ) ;
#499 = ORIENTED_EDGE ( 'NONE', *, *, #79, .F. ) ;
#500 = LINE ( 'NONE', #350, #2364 ) ;
#501 = CARTESIAN_POINT ( 'NONE',  ( -82.10099999999999909, 50.20000000000000284, 140.1119089999999971 ) ) ;
#502 = EDGE_CURVE ( 'NONE', #1370, #129, #976, .T. ) ;
#503 = CARTESIAN_POINT ( 'NONE',  ( 110.5000000000000000, 65.20000000000000284, 140.1119089999999971 ) ) ;
#504 = CARTESIAN_POINT ( 'NONE',  ( -6.000000000000000000, 50.20000000000000284, 140.1119089999999971 ) ) ;
#505 = ORIENTED_EDGE ( 'NONE', *, *, #2044, .T. ) ;
#506 = ORIENTED_EDGE ( 'NONE', *, *, #1786, .F. ) ;
#507 = EDGE_CURVE ( 'NONE', #2475, #803, #790, .T. ) ;
#508 = FACE_OUTER_BOUND ( 'NONE', #1516, .T. ) ;
#509 = VECTOR ( 'NONE', #1680, 1000.000000000000000 ) ;
#510 = VECTOR ( 'NONE', #1196, 1000.000000000000000 ) ;
#511 = AXIS2_PLACEMENT_3D ( 'NONE', #2047, #2426, #1105 ) ;
#512 = VECTOR ( 'NONE', #2308, 1000.000000000000000 ) ;
#513 = CARTESIAN_POINT ( 'NONE',  ( -63.00000000000000000, 54.20000000000000284, 161.0119090000000028 ) ) ;
#514 = VECTOR ( 'NONE', #238, 1000.000000000000000 ) ;
#515 = VERTEX_POINT ( 'NONE', #1384 ) ;
#516 = PLANE ( 'NONE',  #1799 ) ;
#517 = AXIS2_PLACEMENT_3D ( 'NONE', #848, #2359, #811 ) ;
#518 = FACE_OUTER_BOUND ( 'NONE', #1276, .T. ) ;
#519 = CARTESIAN_POINT ( 'NONE',  ( 110.5000000000000000, 65.20000000000000284, 140.1119089999999971 ) ) ;
#520 = DIRECTION ( 'NONE',  ( 1.000000000000000000, 0.000000000000000000, 0.000000000000000000 ) ) ;
#521 = EDGE_LOOP ( 'NONE', ( #2115, #2111, #700, #868 ) ) ;
#522 = ORIENTED_EDGE ( 'NONE', *, *, #601, .F. ) ;
#523 = DIRECTION ( 'NONE',  ( 0.000000000000000000, 0.000000000000000000, 1.000000000000000000 ) ) ;
#524 = EDGE_CURVE ( 'NONE', #1864, #1938, #2150, .T. ) ;
#525 = FACE_OUTER_BOUND ( 'NONE', #1052, .T. ) ;
#526 = EDGE_LOOP ( 'NONE', ( #2419, #1813, #1552, #1600 ) ) ;
#527 = CARTESIAN_POINT ( 'NONE',  ( -63.00000000000000000, -50.20000000000000284, 161.0119090000000028 ) ) ;
#528 = CARTESIAN_POINT ( 'NONE',  ( -66.00000000000000000, 50.20000000000000284, 134.1119089999999971 ) ) ;
#529 = DIRECTION ( 'NONE',  ( 0.000000000000000000, -0.000000000000000000, -1.000000000000000000 ) ) ;
#530 = CARTESIAN_POINT ( 'NONE',  ( -82.10099999999999909, 50.20000000000000284, 140.1119089999999971 ) ) ;
#531 = ORIENTED_EDGE ( 'NONE', *, *, #2087, .F. ) ;
#532 = VERTEX_POINT ( 'NONE', #2489 ) ;
#533 = LINE ( 'NONE', #698, #2366 ) ;
#534 = ADVANCED_FACE ( 'NONE', ( #1919 ), #1774, .T. ) ;
#535 = CARTESIAN_POINT ( 'NONE',  ( 0.000000000000000000, 0.000000000000000000, 122.2119090000000057 ) ) ;
#536 = ORIENTED_EDGE ( 'NONE', *, *, #1538, .T. ) ;
#537 = DIRECTION ( 'NONE',  ( 0.000000000000000000, 0.000000000000000000, -1.000000000000000000 ) ) ;
#538 = PLANE ( 'NONE',  #2404 ) ;
#539 = PLANE ( 'NONE',  #1725 ) ;
#540 = DIRECTION ( 'NONE',  ( 1.000000000000000000, 0.000000000000000000, 0.000000000000000000 ) ) ;
#541 = ORIENTED_EDGE ( 'NONE', *, *, #555, .T. ) ;
#542 = EDGE_LOOP ( 'NONE', ( #471, #2063, #1589, #114, #1669 ) ) ;
#543 = DIRECTION ( 'NONE',  ( 1.000000000000000000, 0.000000000000000000, 0.000000000000000000 ) ) ;
#544 = DIRECTION ( 'NONE',  ( 1.000000000000000000, 0.000000000000000000, 0.000000000000000000 ) ) ;
#545 = DIRECTION ( 'NONE',  ( 0.000000000000000000, 0.000000000000000000, -1.000000000000000000 ) ) ;
#546 = EDGE_LOOP ( 'NONE', ( #1247, #1275, #2007, #2298 ) ) ;
#547 = AXIS2_PLACEMENT_3D ( 'NONE', #1703, #1286, #1296 ) ;
#548 = ADVANCED_FACE ( 'NONE', ( #1003 ), #50, .F. ) ;
#549 = LINE ( 'NONE', #1320, #273 ) ;
#550 = AXIS2_PLACEMENT_3D ( 'NONE', #1299, #1866, #1845 ) ;
#551 = CARTESIAN_POINT ( 'NONE',  ( -66.00000000000000000, -50.39999999999999858, 140.2118089999999881 ) ) ;
#552 = EDGE_CURVE ( 'NONE', #718, #1016, #799, .T. ) ;
#553 = CARTESIAN_POINT ( 'NONE',  ( 110.5000000000000000, 50.20000000000000284, 122.2119090000000057 ) ) ;
#554 = CIRCLE ( 'NONE', #517, 3.250000000000002665 ) ;
#555 = EDGE_CURVE ( 'NONE', #1582, #2410, #1966, .T. ) ;
#556 = LINE ( 'NONE', #917, #794 ) ;
#557 = VERTEX_POINT ( 'NONE', #785 ) ;
#558 = ORIENTED_EDGE ( 'NONE', *, *, #2375, .T. ) ;
#559 = DIRECTION ( 'NONE',  ( 1.000000000000000000, 0.000000000000000000, 0.000000000000000000 ) ) ;
#560 = DIRECTION ( 'NONE',  ( -1.000000000000000000, 0.000000000000000000, 0.000000000000000000 ) ) ;
#561 = CARTESIAN_POINT ( 'NONE',  ( -82.10099999999999909, 36.00000000000000000, 156.1119089999999971 ) ) ;
#562 = VERTEX_POINT ( 'NONE', #1753 ) ;
#563 = PLANE ( 'NONE',  #2195 ) ;
#564 = ADVANCED_FACE ( 'NONE', ( #1393 ), #194, .F. ) ;
#565 = LINE ( 'NONE', #1333, #316 ) ;
#566 = DIRECTION ( 'NONE',  ( -0.000000000000000000, -0.000000000000000000, -1.000000000000000000 ) ) ;
#567 = VERTEX_POINT ( 'NONE', #433 ) ;
#568 = ORIENTED_EDGE ( 'NONE', *, *, #2262, .T. ) ;
#569 = EDGE_CURVE ( 'NONE', #2014, #1471, #1795, .T. ) ;
#570 = CARTESIAN_POINT ( 'NONE',  ( -86.10099999999999909, 36.00000000000000000, 156.1119089999999971 ) ) ;
#571 = CARTESIAN_POINT ( 'NONE',  ( -63.00000000000000000, 50.39999999999999858, 140.2118089999999881 ) ) ;
#572 = DIRECTION ( 'NONE',  ( -1.000000000000000000, 0.000000000000000000, 0.000000000000000000 ) ) ;
#573 = ORIENTED_EDGE ( 'NONE', *, *, #1934, .T. ) ;
#574 = PERSON_AND_ORGANIZATION_ROLE ( 'classification_officer' ) ;
#575 = DIRECTION ( 'NONE',  ( 0.000000000000000000, 0.000000000000000000, -1.000000000000000000 ) ) ;
#576 = CARTESIAN_POINT ( 'NONE',  ( 6.000000000000000000, 50.20000000000000284, 134.1119089999999971 ) ) ;
#577 = LINE ( 'NONE', #1907, #472 ) ;
#578 = EDGE_CURVE ( 'NONE', #2340, #1165, #982, .T. ) ;
#579 = VERTEX_POINT ( 'NONE', #2156 ) ;
#580 = DIRECTION ( 'NONE',  ( -1.000000000000000000, 0.000000000000000000, 0.000000000000000000 ) ) ;
#581 = DIRECTION ( 'NONE',  ( 1.000000000000000000, 0.000000000000000000, 0.000000000000000000 ) ) ;
#582 = EDGE_CURVE ( 'NONE', #1767, #1008, #1519, .T. ) ;
#583 = DIRECTION ( 'NONE',  ( 1.000000000000000000, 0.000000000000000000, 0.000000000000000000 ) ) ;
#584 = DIRECTION ( 'NONE',  ( 0.000000000000000000, -0.000000000000000000, 1.000000000000000000 ) ) ;
#585 = EDGE_LOOP ( 'NONE', ( #2248, #1223, #1596, #448 ) ) ;
#586 = VECTOR ( 'NONE', #1765, 1000.000000000000000 ) ;
#587 = DATE_AND_TIME ( #202, #627 ) ;
#588 = CARTESIAN_POINT ( 'NONE',  ( 108.5000000000000000, -51.20000000000000284, 142.1119089999999971 ) ) ;
#589 = VECTOR ( 'NONE', #54, 1000.000000000000000 ) ;
#590 = VECTOR ( 'NONE', #1583, 1000.000000000000000 ) ;
#591 = DIRECTION ( 'NONE',  ( 1.000000000000000000, 0.000000000000000000, 0.000000000000000000 ) ) ;
#592 = DIRECTION ( 'NONE',  ( 0.000000000000000000, -0.000000000000000000, -1.000000000000000000 ) ) ;
#593 = VECTOR ( 'NONE', #370, 1000.000000000000000 ) ;
#594 = EDGE_LOOP ( 'NONE', ( #882, #1908, #1457, #2307 ) ) ;
#595 = CARTESIAN_POINT ( 'NONE',  ( -6.000000000000000000, 48.50000000000000000, 140.2118089999999881 ) ) ;
#596 = PLANE ( 'NONE',  #1117 ) ;
#597 = AXIS2_PLACEMENT_3D ( 'NONE', #940, #1926, #1144 ) ;
#598 = VECTOR ( 'NONE', #963, 1000.000000000000000 ) ;
#599 = EDGE_LOOP ( 'NONE', ( #66, #2178, #2062, #2354 ) ) ;
#600 = FACE_OUTER_BOUND ( 'NONE', #1503, .T. ) ;
#601 = EDGE_CURVE ( 'NONE', #2475, #667, #2338, .T. ) ;
#602 = EDGE_CURVE ( 'NONE', #2340, #1657, #1440, .T. ) ;
#603 = DIRECTION ( 'NONE',  ( 0.000000000000000000, 0.000000000000000000, -1.000000000000000000 ) ) ;
#604 = ADVANCED_FACE ( 'NONE', ( #245 ), #398, .F. ) ;
#605 = DIRECTION ( 'NONE',  ( 0.000000000000000000, 0.000000000000000000, 1.000000000000000000 ) ) ;
#606 = LINE ( 'NONE', #1776, #1273 ) ;
#607 = DIRECTION ( 'NONE',  ( -0.000000000000000000, 1.000000000000000000, -0.000000000000000000 ) ) ;
#608 = ORIENTED_EDGE ( 'NONE', *, *, #1970, .F. ) ;
#609 = DIRECTION ( 'NONE',  ( 0.000000000000000000, 0.000000000000000000, 1.000000000000000000 ) ) ;
#610 = CARTESIAN_POINT ( 'NONE',  ( -101.0000000000000000, -16.00000000000000000, 122.2119090000000057 ) ) ;
#611 = ORIENTED_EDGE ( 'NONE', *, *, #297, .T. ) ;
#612 = DIRECTION ( 'NONE',  ( -0.000000000000000000, 0.000000000000000000, -1.000000000000000000 ) ) ;
#613 = EDGE_CURVE ( 'NONE', #1737, #1582, #2482, .T. ) ;
#614 = PLANE ( 'NONE',  #713 ) ;
#615 = EDGE_CURVE ( 'NONE', #1436, #1653, #1950, .T. ) ;
#616 = ORIENTED_EDGE ( 'NONE', *, *, #2252, .T. ) ;
#617 = DIRECTION ( 'NONE',  ( -1.000000000000000000, -0.000000000000000000, -0.000000000000000000 ) ) ;
#618 = LINE ( 'NONE', #1007, #1956 ) ;
#619 = ORIENTED_EDGE ( 'NONE', *, *, #1560, .F. ) ;
#620 = DIRECTION ( 'NONE',  ( 1.000000000000000000, 0.000000000000000000, 0.000000000000000000 ) ) ;
#621 = CARTESIAN_POINT ( 'NONE',  ( -66.00000000000000000, -50.20000000000000284, 140.1119089999999971 ) ) ;
#622 = ORIENTED_EDGE ( 'NONE', *, *, #2398, .F. ) ;
#623 = CARTESIAN_POINT ( 'NONE',  ( 6.000000000000000000, 48.50000000000000000, 140.2118089999999881 ) ) ;
#624 = ORIENTED_EDGE ( 'NONE', *, *, #1230, .T. ) ;
#625 = PLANE ( 'NONE',  #1030 ) ;
#626 = VERTEX_POINT ( 'NONE', #1203 ) ;
#627 = LOCAL_TIME ( 18, 28, 53.00000000000000000, #1923 ) ;
#628 = EDGE_CURVE ( 'NONE', #567, #1297, #2134, .T. ) ;
#629 = DIRECTION ( 'NONE',  ( 0.000000000000000000, 1.000000000000000000, 0.000000000000000000 ) ) ;
#630 = VECTOR ( 'NONE', #335, 1000.000000000000000 ) ;
#631 = ORIENTED_EDGE ( 'NONE', *, *, #2073, .F. ) ;
#632 = LINE ( 'NONE', #446, #756 ) ;
#633 = LINE ( 'NONE', #1621, #2041 ) ;
#634 = VECTOR ( 'NONE', #466, 1000.000000000000000 ) ;
#635 = VECTOR ( 'NONE', #729, 1000.000000000000000 ) ;
#636 = ORIENTED_EDGE ( 'NONE', *, *, #2011, .T. ) ;
#637 = AXIS2_PLACEMENT_3D ( 'NONE', #1490, #149, #1106 ) ;
#638 = CARTESIAN_POINT ( 'NONE',  ( 104.4000000000000057, 57.70000000000000284, 128.1119089999999971 ) ) ;
#639 = AXIS2_PLACEMENT_3D ( 'NONE', #1706, #1546, #2311 ) ;
#640 = ORIENTED_EDGE ( 'NONE', *, *, #49, .T. ) ;
#641 = CARTESIAN_POINT ( 'NONE',  ( 108.5000000000000000, -53.20000000000000284, 140.1119089999999971 ) ) ;
#642 = ORIENTED_EDGE ( 'NONE', *, *, #123, .F. ) ;
#643 = DIRECTION ( 'NONE',  ( 0.000000000000000000, 1.000000000000000000, 0.000000000000000000 ) ) ;
#644 = VERTEX_POINT ( 'NONE', #996 ) ;
#645 = CARTESIAN_POINT ( 'NONE',  ( 108.5000000000000000, 51.20000000000000284, 142.1119089999999971 ) ) ;
#646 = ADVANCED_FACE ( 'NONE', ( #1768 ), #422, .T. ) ;
#647 = CARTESIAN_POINT ( 'NONE',  ( -66.00000000000000000, -50.39999999999999858, 140.2118089999999881 ) ) ;
#648 = EDGE_LOOP ( 'NONE', ( #1441, #1341, #242, #2254 ) ) ;
#649 = EDGE_CURVE ( 'NONE', #1199, #1530, #632, .T. ) ;
#650 = FACE_OUTER_BOUND ( 'NONE', #1882, .T. ) ;
#651 = VERTEX_POINT ( 'NONE', #973 ) ;
#652 = DIRECTION ( 'NONE',  ( 1.000000000000000000, 0.000000000000000000, -0.000000000000000000 ) ) ;
#653 = ORIENTED_EDGE ( 'NONE', *, *, #34, .T. ) ;
#654 = CARTESIAN_POINT ( 'NONE',  ( -101.0000000000000000, 16.00000000000000000, 122.2119090000000057 ) ) ;
#655 = ORIENTED_EDGE ( 'NONE', *, *, #1995, .T. ) ;
#656 = CARTESIAN_POINT ( 'NONE',  ( -63.00000000000000000, -50.20000000000000284, 140.2118089999999881 ) ) ;
#657 = LINE ( 'NONE', #1989, #957 ) ;
#658 = EDGE_CURVE ( 'NONE', #859, #955, #1745, .T. ) ;
#659 = ORIENTED_EDGE ( 'NONE', *, *, #1090, .T. ) ;
#660 = ORIENTED_EDGE ( 'NONE', *, *, #419, .F. ) ;
#661 = CARTESIAN_POINT ( 'NONE',  ( -63.00000000000000000, -54.20000000000000284, 143.1119089999999971 ) ) ;
#662 = EDGE_CURVE ( 'NONE', #2018, #1864, #1178, .T. ) ;
#663 = EDGE_CURVE ( 'NONE', #1647, #1593, #1238, .T. ) ;
#664 = FACE_OUTER_BOUND ( 'NONE', #1177, .T. ) ;
#665 = ORIENTED_EDGE ( 'NONE', *, *, #1432, .T. ) ;
#666 = DIRECTION ( 'NONE',  ( 1.000000000000000000, 0.000000000000000000, 0.000000000000000000 ) ) ;
#667 = VERTEX_POINT ( 'NONE', #656 ) ;
#668 = DIRECTION ( 'NONE',  ( -0.000000000000000000, -0.000000000000000000, -1.000000000000000000 ) ) ;
#669 = FACE_BOUND ( 'NONE', #1809, .T. ) ;
#670 = AXIS2_PLACEMENT_3D ( 'NONE', #1246, #2009, #2213 ) ;
#671 = ORIENTED_EDGE ( 'NONE', *, *, #2105, .F. ) ;
#672 = VERTEX_POINT ( 'NONE', #1049 ) ;
#673 = VECTOR ( 'NONE', #2075, 1000.000000000000000 ) ;
#674 = CARTESIAN_POINT ( 'NONE',  ( 110.5000000000000000, 50.20000000000000284, 140.1119089999999971 ) ) ;
#675 = VECTOR ( 'NONE', #810, 1000.000000000000000 ) ;
#676 = AXIS2_PLACEMENT_3D ( 'NONE', #1431, #1979, #1574 ) ;
#677 = PRODUCT_DEFINITION ( '未知', '', #2234, #1011 ) ;
#678 = VECTOR ( 'NONE', #2485, 1000.000000000000000 ) ;
#679 = CARTESIAN_POINT ( 'NONE',  ( -54.00000000000000000, 50.20000000000000284, 140.1119089999999971 ) ) ;
#680 = EDGE_CURVE ( 'NONE', #1225, #452, #1643, .T. ) ;
#681 = ORIENTED_EDGE ( 'NONE', *, *, #1900, .T. ) ;
#682 = CYLINDRICAL_SURFACE ( 'NONE', #1482, 1.649999999999998579 ) ;
#683 = LINE ( 'NONE', #2003, #909 ) ;
#684 = DIRECTION ( 'NONE',  ( -1.000000000000000000, 0.000000000000000000, 0.000000000000000000 ) ) ;
#685 = EDGE_LOOP ( 'NONE', ( #1616, #260, #822, #2396 ) ) ;
#686 = ORIENTED_EDGE ( 'NONE', *, *, #1402, .T. ) ;
#687 = CARTESIAN_POINT ( 'NONE',  ( -82.10099999999999909, -50.20000000000000284, 140.1119089999999971 ) ) ;
#688 = EDGE_CURVE ( 'NONE', #985, #774, #1790, .T. ) ;
#689 = DIRECTION ( 'NONE',  ( 1.000000000000000000, 0.000000000000000000, -0.000000000000000000 ) ) ;
#690 = ORIENTED_EDGE ( 'NONE', *, *, #199, .T. ) ;
#691 = EDGE_CURVE ( 'NONE', #1225, #1922, #1259, .T. ) ;
#692 = LINE ( 'NONE', #1067, #189 ) ;
#693 = DIRECTION ( 'NONE',  ( 0.000000000000000000, -1.000000000000000000, 0.000000000000000000 ) ) ;
#694 = DIRECTION ( 'NONE',  ( 0.000000000000000000, 0.000000000000000000, -1.000000000000000000 ) ) ;
#695 = DIRECTION ( 'NONE',  ( 0.000000000000000000, 0.000000000000000000, 1.000000000000000000 ) ) ;
#696 = ORIENTED_EDGE ( 'NONE', *, *, #1390, .F. ) ;
#697 = VERTEX_POINT ( 'NONE', #856 ) ;
#698 = CARTESIAN_POINT ( 'NONE',  ( -102.6500000000000057, 16.00000000000000000, 140.2119089999999915 ) ) ;
#699 = PLANE ( 'NONE',  #1994 ) ;
#700 = ORIENTED_EDGE ( 'NONE', *, *, #276, .F. ) ;
#701 = DIRECTION ( 'NONE',  ( 0.000000000000000000, 1.000000000000000000, 0.000000000000000000 ) ) ;
#702 = LINE ( 'NONE', #1473, #874 ) ;
#703 = EDGE_CURVE ( 'NONE', #1504, #2410, #1681, .T. ) ;
#704 = LINE ( 'NONE', #519, #355 ) ;
#705 = CC_DESIGN_PERSON_AND_ORGANIZATION_ASSIGNMENT ( #24, #769, ( #2234 ) ) ;
#706 = CARTESIAN_POINT ( 'NONE',  ( -66.00000000000000000, 0.000000000000000000, 140.1119089999999971 ) ) ;
#707 = ORIENTED_EDGE ( 'NONE', *, *, #477, .T. ) ;
#708 = ORIENTED_EDGE ( 'NONE', *, *, #1947, .F. ) ;
#709 = EDGE_CURVE ( 'NONE', #1422, #1016, #683, .T. ) ;
#710 = CARTESIAN_POINT ( 'NONE',  ( -101.0000000000000000, -16.00000000000000000, 136.9119090000000085 ) ) ;
#711 = AXIS2_PLACEMENT_3D ( 'NONE', #299, #2380, #77 ) ;
#712 = CIRCLE ( 'NONE', #831, 3.250000000000002665 ) ;
#713 = AXIS2_PLACEMENT_3D ( 'NONE', #1548, #1932, #1356 ) ;
#714 = VECTOR ( 'NONE', #666, 1000.000000000000000 ) ;
#715 = AXIS2_PLACEMENT_3D ( 'NONE', #674, #2211, #486 ) ;
#716 = FACE_OUTER_BOUND ( 'NONE', #648, .T. ) ;
#717 = AXIS2_PLACEMENT_3D ( 'NONE', #2194, #1024, #612 ) ;
#718 = VERTEX_POINT ( 'NONE', #1214 ) ;
#719 = CARTESIAN_POINT ( 'NONE',  ( -54.00000000000000000, 50.39999999999999858, 140.1119089999999971 ) ) ;
#720 = VECTOR ( 'NONE', #2479, 1000.000000000000000 ) ;
#721 = CARTESIAN_POINT ( 'NONE',  ( -57.00000000000000000, 57.20000000000000995, 143.1119089999999971 ) ) ;
#722 = LINE ( 'NONE', #1840, #2250 ) ;
#723 = CARTESIAN_POINT ( 'NONE',  ( -57.00000000000000000, 50.20000000000000284, 140.1119089999999971 ) ) ;
#724 = EDGE_CURVE ( 'NONE', #803, #2302, #283, .T. ) ;
#725 = VERTEX_POINT ( 'NONE', #102 ) ;
#726 = VERTEX_POINT ( 'NONE', #92 ) ;
#727 = FACE_OUTER_BOUND ( 'NONE', #1426, .T. ) ;
#728 = ADVANCED_FACE ( 'NONE', ( #256 ), #1442, .F. ) ;
#729 = DIRECTION ( 'NONE',  ( -0.000000000000000000, -0.000000000000000000, -1.000000000000000000 ) ) ;
#730 = ORIENTED_EDGE ( 'NONE', *, *, #1663, .T. ) ;
#731 = LINE ( 'NONE', #879, #1720 ) ;
#732 = CARTESIAN_POINT ( 'NONE',  ( -57.00000000000000000, 0.000000000000000000, 140.2118089999999881 ) ) ;
#733 = FACE_OUTER_BOUND ( 'NONE', #2002, .T. ) ;
#734 = DIRECTION ( 'NONE',  ( 0.000000000000000000, 1.000000000000000000, 0.000000000000000000 ) ) ;
#735 = VERTEX_POINT ( 'NONE', #1251 ) ;
#736 = VERTEX_POINT ( 'NONE', #2015 ) ;
#737 = DIRECTION ( 'NONE',  ( -0.000000000000000000, 0.000000000000000000, 1.000000000000000000 ) ) ;
#738 = DIRECTION ( 'NONE',  ( 1.000000000000000000, 0.000000000000000000, 0.000000000000000000 ) ) ;
#739 = EDGE_CURVE ( 'NONE', #1429, #644, #2217, .T. ) ;
#740 = EDGE_CURVE ( 'NONE', #2377, #296, #1021, .T. ) ;
#741 = LINE ( 'NONE', #1291, #2321 ) ;
#742 = ORIENTED_EDGE ( 'NONE', *, *, #2429, .F. ) ;
#743 = EDGE_CURVE ( 'NONE', #2411, #1422, #67, .T. ) ;
#744 = CARTESIAN_POINT ( 'NONE',  ( -57.00000000000000000, -50.39999999999999858, 140.2118089999999881 ) ) ;
#745 = CARTESIAN_POINT ( 'NONE',  ( -6.000000000000000000, 48.50000000000000000, 140.2118089999999881 ) ) ;
#746 = DIRECTION ( 'NONE',  ( -0.000000000000000000, -0.000000000000000000, -1.000000000000000000 ) ) ;
#747 = DIRECTION ( 'NONE',  ( -0.000000000000000000, -0.000000000000000000, -1.000000000000000000 ) ) ;
#748 = ORIENTED_EDGE ( 'NONE', *, *, #1947, .T. ) ;
#749 = ORIENTED_EDGE ( 'NONE', *, *, #276, .T. ) ;
#750 = LINE ( 'NONE', #2459, #801 ) ;
#751 = PLANE ( 'NONE',  #390 ) ;
#752 = ADVANCED_FACE ( 'NONE', ( #468 ), #1035, .F. ) ;
#753 = LINE ( 'NONE', #2107, #1760 ) ;
#754 = VERTEX_POINT ( 'NONE', #302 ) ;
#755 = VECTOR ( 'NONE', #27, 1000.000000000000000 ) ;
#756 = VECTOR ( 'NONE', #961, 1000.000000000000000 ) ;
#757 = VECTOR ( 'NONE', #1120, 1000.000000000000000 ) ;
#758 = PLANE ( 'NONE',  #1645 ) ;
#759 = DIRECTION ( 'NONE',  ( -1.000000000000000000, 0.000000000000000000, 0.000000000000000000 ) ) ;
#760 = CIRCLE ( 'NONE', #1611, 1.250000000000001110 ) ;
#761 = LINE ( 'NONE', #4, #436 ) ;
#762 = ORIENTED_EDGE ( 'NONE', *, *, #1350, .T. ) ;
#763 = EDGE_LOOP ( 'NONE', ( #11, #1949, #1187, #573 ) ) ;
#764 = FACE_OUTER_BOUND ( 'NONE', #542, .T. ) ;
#765 = LINE ( 'NONE', #1891, #32 ) ;
#766 = DIRECTION ( 'NONE',  ( 1.000000000000000000, 0.000000000000000000, 0.000000000000000000 ) ) ;
#767 = VERTEX_POINT ( 'NONE', #1839 ) ;
#768 = EDGE_CURVE ( 'NONE', #1672, #305, #117, .T. ) ;
#769 = PERSON_AND_ORGANIZATION_ROLE ( 'design_supplier' ) ;
#770 = CARTESIAN_POINT ( 'NONE',  ( 0.000000000000000000, -57.20000000000000995, 140.1119089999999971 ) ) ;
#771 = DIRECTION ( 'NONE',  ( 0.000000000000000000, 0.000000000000000000, 1.000000000000000000 ) ) ;
#772 = ADVANCED_FACE ( 'NONE', ( #2417 ), #1463, .F. ) ;
#773 = LINE ( 'NONE', #1927, #1518 ) ;
#774 = VERTEX_POINT ( 'NONE', #2374 ) ;
#775 = ORIENTED_EDGE ( 'NONE', *, *, #1015, .F. ) ;
#776 = DIRECTION ( 'NONE',  ( 1.000000000000000000, 0.000000000000000000, -0.000000000000000000 ) ) ;
#777 = CARTESIAN_POINT ( 'NONE',  ( -54.00000000000000000, 48.50000000000000000, 134.1119089999999971 ) ) ;
#778 = LINE ( 'NONE', #169, #1235 ) ;
#779 = DIRECTION ( 'NONE',  ( -0.000000000000000000, -0.000000000000000000, -1.000000000000000000 ) ) ;
#780 = ORIENTED_EDGE ( 'NONE', *, *, #2044, .F. ) ;
#781 = LINE ( 'NONE', #770, #1719 ) ;
#782 = CARTESIAN_POINT ( 'NONE',  ( -96.79999999999999716, 0.000000000000000000, 122.2119090000000057 ) ) ;
#783 = DIRECTION ( 'NONE',  ( -0.000000000000000000, -0.000000000000000000, -1.000000000000000000 ) ) ;
#784 = ORIENTED_EDGE ( 'NONE', *, *, #1419, .F. ) ;
#785 = CARTESIAN_POINT ( 'NONE',  ( 100.2999999999999972, 53.20000000000000284, 140.1119089999999971 ) ) ;
#786 = EDGE_CURVE ( 'NONE', #2423, #1241, #83, .T. ) ;
#787 = EDGE_CURVE ( 'NONE', #1094, #838, #846, .T. ) ;
#788 = FACE_OUTER_BOUND ( 'NONE', #905, .T. ) ;
#789 = LINE ( 'NONE', #706, #1032 ) ;
#790 = LINE ( 'NONE', #1563, #73 ) ;
#791 = AXIS2_PLACEMENT_3D ( 'NONE', #1, #1174, #2293 ) ;
#792 = CALENDAR_DATE ( 2026, 14, 9 ) ;
#793 = DIRECTION ( 'NONE',  ( 0.000000000000000000, 1.000000000000000000, 0.000000000000000000 ) ) ;
#794 = VECTOR ( 'NONE', #2258, 1000.000000000000000 ) ;
#795 = AXIS2_PLACEMENT_3D ( 'NONE', #1903, #947, #1182 ) ;
#796 = LINE ( 'NONE', #17, #1152 ) ;
#797 = AXIS2_PLACEMENT_3D ( 'NONE', #1930, #167, #944 ) ;
#798 = ORIENTED_EDGE ( 'NONE', *, *, #2246, .F. ) ;
#799 = LINE ( 'NONE', #1406, #191 ) ;
#800 = FACE_OUTER_BOUND ( 'NONE', #304, .T. ) ;
#801 = VECTOR ( 'NONE', #543, 1000.000000000000000 ) ;
#802 = ADVANCED_FACE ( 'NONE', ( #518 ), #2477, .F. ) ;
#803 = VERTEX_POINT ( 'NONE', #900 ) ;
#804 = DIRECTION ( 'NONE',  ( 0.000000000000000000, -1.000000000000000000, 0.000000000000000000 ) ) ;
#805 = EDGE_CURVE ( 'NONE', #1975, #2381, #364, .T. ) ;
#806 = FACE_OUTER_BOUND ( 'NONE', #1710, .T. ) ;
#807 = LINE ( 'NONE', #1343, #510 ) ;
#808 = LINE ( 'NONE', #430, #1993 ) ;
#809 = ORIENTED_EDGE ( 'NONE', *, *, #1108, .T. ) ;
#810 = DIRECTION ( 'NONE',  ( -1.000000000000000000, 0.000000000000000000, 0.000000000000000000 ) ) ;
#811 = DIRECTION ( 'NONE',  ( 1.000000000000000000, 0.000000000000000000, 0.000000000000000000 ) ) ;
#812 = ORIENTED_EDGE ( 'NONE', *, *, #649, .T. ) ;
#813 = LINE ( 'NONE', #2378, #2080 ) ;
#814 = CARTESIAN_POINT ( 'NONE',  ( -105.2000000000000028, -7.200000000000000178, 124.5119090000000028 ) ) ;
#815 = EDGE_CURVE ( 'NONE', #129, #201, #2070, .T. ) ;
#816 = ORIENTED_EDGE ( 'NONE', *, *, #354, .F. ) ;
#817 = DIRECTION ( 'NONE',  ( 1.000000000000000000, 0.000000000000000000, 0.000000000000000000 ) ) ;
#818 = LINE ( 'NONE', #1415, #71 ) ;
#819 = ORIENTED_EDGE ( 'NONE', *, *, #1796, .F. ) ;
#820 = CARTESIAN_POINT ( 'NONE',  ( -63.00000000000000000, -57.20000000000000995, 143.1119089999999971 ) ) ;
#821 = DIRECTION ( 'NONE',  ( -1.000000000000000000, 0.000000000000000000, 0.000000000000000000 ) ) ;
#822 = ORIENTED_EDGE ( 'NONE', *, *, #1545, .T. ) ;
#823 = PLANE ( 'NONE',  #994 ) ;
#824 = EDGE_CURVE ( 'NONE', #1422, #1568, #915, .T. ) ;
#825 = APPROVAL_PERSON_ORGANIZATION ( #406, #2124, #1172 ) ;
#826 = ORIENTED_EDGE ( 'NONE', *, *, #1290, .F. ) ;
#827 = LINE ( 'NONE', #288, #28 ) ;
#828 = ORIENTED_EDGE ( 'NONE', *, *, #2215, .F. ) ;
#829 = ADVANCED_FACE ( 'NONE', ( #2454 ), #538, .F. ) ;
#830 = CARTESIAN_POINT ( 'NONE',  ( -63.00000000000000000, 0.000000000000000000, 140.2118089999999881 ) ) ;
#831 = AXIS2_PLACEMENT_3D ( 'NONE', #2467, #340, #540 ) ;
#832 = VECTOR ( 'NONE', #443, 1000.000000000000000 ) ;
#833 = ORIENTED_EDGE ( 'NONE', *, *, #1832, .F. ) ;
#834 = DIRECTION ( 'NONE',  ( -1.000000000000000000, 0.000000000000000000, 0.000000000000000000 ) ) ;
#835 = DIRECTION ( 'NONE',  ( 0.000000000000000000, -1.000000000000000000, 0.000000000000000000 ) ) ;
#836 = AXIS2_PLACEMENT_3D ( 'NONE', #1836, #2224, #1860 ) ;
#837 = VECTOR ( 'NONE', #200, 1000.000000000000000 ) ;
#838 = VERTEX_POINT ( 'NONE', #528 ) ;
#839 = AXIS2_PLACEMENT_3D ( 'NONE', #1495, #1469, #2412 ) ;
#840 = CARTESIAN_POINT ( 'NONE',  ( -82.10099999999999909, -50.20000000000000284, 140.1119089999999971 ) ) ;
#841 = ORIENTED_EDGE ( 'NONE', *, *, #1059, .F. ) ;
#842 = FACE_OUTER_BOUND ( 'NONE', #2192, .T. ) ;
#843 = ORIENTED_EDGE ( 'NONE', *, *, #1872, .T. ) ;
#844 = DIRECTION ( 'NONE',  ( 1.000000000000000000, 0.000000000000000000, 0.000000000000000000 ) ) ;
#845 = EDGE_LOOP ( 'NONE', ( #686, #1308 ) ) ;
#846 = LINE ( 'NONE', #2384, #1607 ) ;
#847 = ADVANCED_FACE ( 'NONE', ( #1691 ), #338, .T. ) ;
#848 = CARTESIAN_POINT ( 'NONE',  ( -101.0000000000000000, -16.00000000000000000, 136.9119090000000085 ) ) ;
#849 = ORIENTED_EDGE ( 'NONE', *, *, #39, .T. ) ;
#850 = ORIENTED_EDGE ( 'NONE', *, *, #2447, .T. ) ;
#851 = CARTESIAN_POINT ( 'NONE',  ( 110.5000000000000000, -65.20000000000000284, 140.1119089999999971 ) ) ;
#852 = CARTESIAN_POINT ( 'NONE',  ( -101.0000000000000000, 16.00000000000000000, 140.2119089999999915 ) ) ;
#853 = ORIENTED_EDGE ( 'NONE', *, *, #3, .F. ) ;
#854 = FACE_OUTER_BOUND ( 'NONE', #1978, .T. ) ;
#855 = ORIENTED_EDGE ( 'NONE', *, *, #688, .F. ) ;
#856 = CARTESIAN_POINT ( 'NONE',  ( 110.5000000000000000, 65.20000000000000284, 122.2119090000000057 ) ) ;
#857 = FACE_OUTER_BOUND ( 'NONE', #546, .T. ) ;
#858 = ORIENTED_EDGE ( 'NONE', *, *, #1015, .T. ) ;
#859 = VERTEX_POINT ( 'NONE', #745 ) ;
#860 = CARTESIAN_POINT ( 'NONE',  ( -97.75000000000000000, -16.00000000000000000, 136.9119090000000085 ) ) ;
#861 = ADVANCED_FACE ( 'NONE', ( #2441 ), #1500, .T. ) ;
#862 = CYLINDRICAL_SURFACE ( 'NONE', #711, 3.250000000000002665 ) ;
#863 = ORIENTED_EDGE ( 'NONE', *, *, #1754, .F. ) ;
#864 = DIRECTION ( 'NONE',  ( -1.000000000000000000, 0.000000000000000000, 0.000000000000000000 ) ) ;
#865 = CARTESIAN_POINT ( 'NONE',  ( -82.10099999999999909, -50.20000000000000284, 122.2119090000000057 ) ) ;
#866 = CARTESIAN_POINT ( 'NONE',  ( 110.5000000000000000, -65.20000000000000284, 140.1119089999999971 ) ) ;
#867 = VECTOR ( 'NONE', #453, 1000.000000000000000 ) ;
#868 = ORIENTED_EDGE ( 'NONE', *, *, #786, .T. ) ;
#869 = ORIENTED_EDGE ( 'NONE', *, *, #824, .T. ) ;
#870 = VECTOR ( 'NONE', #1391, 1000.000000000000000 ) ;
#871 = FACE_OUTER_BOUND ( 'NONE', #685, .T. ) ;
#872 = VECTOR ( 'NONE', #23, 1000.000000000000000 ) ;
#873 = ADVANCED_FACE ( 'NONE', ( #2266 ), #1675, .T. ) ;
#874 = VECTOR ( 'NONE', #2242, 1000.000000000000000 ) ;
#875 = EDGE_CURVE ( 'NONE', #532, #2230, #2465, .T. ) ;
#876 = VECTOR ( 'NONE', #1322, 1000.000000000000000 ) ;
#877 = CARTESIAN_POINT ( 'NONE',  ( -6.000000000000000000, 48.50000000000000000, 140.2118089999999881 ) ) ;
#878 = VERTEX_POINT ( 'NONE', #1884 ) ;
#879 = CARTESIAN_POINT ( 'NONE',  ( 103.1500000000000057, -57.70000000000000284, 140.2119089999999915 ) ) ;
#880 = CARTESIAN_POINT ( 'NONE',  ( 108.5000000000000000, 53.20000000000000284, 142.1119089999999971 ) ) ;
#881 = DIRECTION ( 'NONE',  ( -0.000000000000000000, 0.000000000000000000, 1.000000000000000000 ) ) ;
#882 = ORIENTED_EDGE ( 'NONE', *, *, #2310, .F. ) ;
#883 = ORIENTED_EDGE ( 'NONE', *, *, #3, .T. ) ;
#884 = DIRECTION ( 'NONE',  ( 0.000000000000000000, -1.000000000000000000, 0.000000000000000000 ) ) ;
#885 = EDGE_CURVE ( 'NONE', #2018, #269, #1512, .T. ) ;
#886 = LINE ( 'NONE', #2253, #2435 ) ;
#887 = ORIENTED_EDGE ( 'NONE', *, *, #578, .F. ) ;
#888 = CARTESIAN_POINT ( 'NONE',  ( -57.00000000000000000, 50.20000000000000284, 161.0119090000000028 ) ) ;
#889 = EDGE_CURVE ( 'NONE', #562, #919, #1861, .T. ) ;
#890 = CARTESIAN_POINT ( 'NONE',  ( -96.79999999999999716, 7.200000000000000178, 124.5119090000000028 ) ) ;
#891 = DIRECTION ( 'NONE',  ( 0.000000000000000000, 0.000000000000000000, 1.000000000000000000 ) ) ;
#892 = LINE ( 'NONE', #1667, #145 ) ;
#893 = ORIENTED_EDGE ( 'NONE', *, *, #1660, .T. ) ;
#894 = ORIENTED_EDGE ( 'NONE', *, *, #1677, .T. ) ;
#895 = FACE_OUTER_BOUND ( 'NONE', #1110, .T. ) ;
#896 = CARTESIAN_POINT ( 'NONE',  ( -6.000000000000005329, 50.20000000000000284, 140.1119089999999971 ) ) ;
#897 = EDGE_LOOP ( 'NONE', ( #1100, #2046 ) ) ;
#898 = EDGE_CURVE ( 'NONE', #201, #1612, #1894, .T. ) ;
#899 = CARTESIAN_POINT ( 'NONE',  ( 0.000000000000000000, 57.20000000000000995, 140.1119089999999971 ) ) ;
#900 = CARTESIAN_POINT ( 'NONE',  ( -63.00000000000000000, -54.20000000000000284, 161.0119090000000028 ) ) ;
#901 = CARTESIAN_POINT ( 'NONE',  ( -96.79999999999999716, -7.200000000000000178, 122.2119090000000057 ) ) ;
#902 = ADVANCED_FACE ( 'NONE', ( #939 ), #758, .F. ) ;
#903 = LINE ( 'NONE', #154, #1837 ) ;
#904 = ORIENTED_EDGE ( 'NONE', *, *, #1847, .F. ) ;
#905 = EDGE_LOOP ( 'NONE', ( #82, #2220, #1034, #268, #2219, #2346 ) ) ;
#906 = CARTESIAN_POINT ( 'NONE',  ( 0.000000000000000000, 0.000000000000000000, 161.0119090000000028 ) ) ;
#907 = CIRCLE ( 'NONE', #1153, 1.649999999999998579 ) ;
#908 = CIRCLE ( 'NONE', #1873, 1.250000000000001110 ) ;
#909 = VECTOR ( 'NONE', #668, 1000.000000000000000 ) ;
#910 = VECTOR ( 'NONE', #927, 1000.000000000000000 ) ;
#911 = DIRECTION ( 'NONE',  ( -0.000000000000000000, 0.000000000000000000, 1.000000000000000000 ) ) ;
#912 = VECTOR ( 'NONE', #1553, 1000.000000000000000 ) ;
#913 = ORIENTED_EDGE ( 'NONE', *, *, #649, .F. ) ;
#914 = VECTOR ( 'NONE', #643, 1000.000000000000000 ) ;
#915 = LINE ( 'NONE', #551, #910 ) ;
#916 = CARTESIAN_POINT ( 'NONE',  ( -104.2500000000000142, 16.00000000000000000, 140.2119089999999915 ) ) ;
#917 = CARTESIAN_POINT ( 'NONE',  ( -66.00000000000000000, 48.50000000000000000, 140.2118089999999881 ) ) ;
#918 = ORIENTED_EDGE ( 'NONE', *, *, #1274, .F. ) ;
#919 = VERTEX_POINT ( 'NONE', #1665 ) ;
#920 = EDGE_CURVE ( 'NONE', #1023, #1370, #702, .T. ) ;
#921 = CARTESIAN_POINT ( 'NONE',  ( 110.5000000000000000, 50.20000000000000284, 122.2119090000000057 ) ) ;
#922 = EDGE_CURVE ( 'NONE', #1549, #2173, #1762, .T. ) ;
#923 = DIRECTION ( 'NONE',  ( 1.000000000000000000, 0.000000000000000000, 0.000000000000000000 ) ) ;
#924 = EDGE_LOOP ( 'NONE', ( #826, #1585, #883, #244 ) ) ;
#925 = PERSON ( '未', '未', '未', ('未'), ('未'), ('未') ) ;
#926 = DIRECTION ( 'NONE',  ( 1.000000000000000000, -0.000000000000000000, 0.000000000000000000 ) ) ;
#927 = DIRECTION ( 'NONE',  ( 1.000000000000000000, 0.000000000000000000, 0.000000000000000000 ) ) ;
#928 = LINE ( 'NONE', #1527, #2000 ) ;
#929 = CARTESIAN_POINT ( 'NONE',  ( -54.00000000000000000, 0.000000000000000000, 140.1119089999999971 ) ) ;
#930 = ORIENTED_EDGE ( 'NONE', *, *, #385, .T. ) ;
#931 = EDGE_LOOP ( 'NONE', ( #894, #133 ) ) ;
#932 = DIRECTION ( 'NONE',  ( -0.000000000000000000, -0.000000000000000000, -1.000000000000000000 ) ) ;
#933 = EDGE_CURVE ( 'NONE', #106, #120, #1723, .T. ) ;
#934 = PLANE ( 'NONE',  #1354 ) ;
#935 = EDGE_CURVE ( 'NONE', #1834, #1051, #2149, .T. ) ;
#936 = LINE ( 'NONE', #387, #272 ) ;
#937 = EDGE_LOOP ( 'NONE', ( #14, #2183, #1446, #2335, #642, #1960, #707 ) ) ;
#938 = COORDINATED_UNIVERSAL_TIME_OFFSET ( 8, 0, .AHEAD. ) ;
#939 = FACE_OUTER_BOUND ( 'NONE', #35, .T. ) ;
#940 = CARTESIAN_POINT ( 'NONE',  ( 0.000000000000000000, 0.000000000000000000, 140.1119089999999971 ) ) ;
#941 = FACE_OUTER_BOUND ( 'NONE', #2148, .T. ) ;
#942 = ORIENTED_EDGE ( 'NONE', *, *, #2474, .T. ) ;
#943 = EDGE_LOOP ( 'NONE', ( #46, #1946 ) ) ;
#944 = DIRECTION ( 'NONE',  ( 1.000000000000000000, 0.000000000000000000, 0.000000000000000000 ) ) ;
#945 = ADVANCED_FACE ( 'NONE', ( #1991 ), #1218, .F. ) ;
#946 = LINE ( 'NONE', #1520, #186 ) ;
#947 = DIRECTION ( 'NONE',  ( 0.000000000000000000, 0.000000000000000000, -1.000000000000000000 ) ) ;
#948 = EDGE_CURVE ( 'NONE', #409, #357, #2008, .T. ) ;
#949 = ORIENTED_EDGE ( 'NONE', *, *, #1304, .F. ) ;
#950 = VECTOR ( 'NONE', #2276, 1000.000000000000000 ) ;
#951 = AXIS2_PLACEMENT_3D ( 'NONE', #403, #1170, #212 ) ;
#952 = SHAPE_DEFINITION_REPRESENTATION ( #2158, #1626 ) ;
#953 = CIRCLE ( 'NONE', #148, 1.250000000000001110 ) ;
#954 = DIRECTION ( 'NONE',  ( -0.000000000000000000, -0.000000000000000000, -1.000000000000000000 ) ) ;
#955 = VERTEX_POINT ( 'NONE', #1586 ) ;
#956 = CARTESIAN_POINT ( 'NONE',  ( -96.79999999999999716, -7.200000000000000178, 124.5119090000000028 ) ) ;
#957 = VECTOR ( 'NONE', #835, 1000.000000000000000 ) ;
#958 = CARTESIAN_POINT ( 'NONE',  ( -54.00000000000000000, -48.50000000000000000, 140.2118089999999881 ) ) ;
#959 = ORIENTED_EDGE ( 'NONE', *, *, #662, .T. ) ;
#960 = VERTEX_POINT ( 'NONE', #851 ) ;
#961 = DIRECTION ( 'NONE',  ( 1.000000000000000000, 0.000000000000000000, 0.000000000000000000 ) ) ;
#962 = DIRECTION ( 'NONE',  ( 1.000000000000000000, 0.000000000000000000, 0.000000000000000000 ) ) ;
#963 = DIRECTION ( 'NONE',  ( -1.000000000000000000, 0.000000000000000000, 0.000000000000000000 ) ) ;
#964 = FACE_OUTER_BOUND ( 'NONE', #1925, .T. ) ;
#965 = ORIENTED_EDGE ( 'NONE', *, *, #2123, .T. ) ;
#966 = PERSON_AND_ORGANIZATION ( #925, #1193 ) ;
#967 = CC_DESIGN_PERSON_AND_ORGANIZATION_ASSIGNMENT ( #966, #574, ( #1269 ) ) ;
#968 = CARTESIAN_POINT ( 'NONE',  ( -101.0000000000000000, -16.00000000000000000, 122.2119090000000057 ) ) ;
#969 = ORIENTED_EDGE ( 'NONE', *, *, #2101, .T. ) ;
#970 = DIRECTION ( 'NONE',  ( 1.000000000000000000, 0.000000000000000000, 0.000000000000000000 ) ) ;
#971 = CARTESIAN_POINT ( 'NONE',  ( -63.00000000000000000, 0.000000000000000000, 140.2118089999999881 ) ) ;
#972 = VERTEX_POINT ( 'NONE', #440 ) ;
#973 = CARTESIAN_POINT ( 'NONE',  ( -6.000000000000000000, 50.39999999999999858, 140.2118089999999881 ) ) ;
#974 = DIRECTION ( 'NONE',  ( 1.000000000000000000, 0.000000000000000000, 0.000000000000000000 ) ) ;
#975 = CARTESIAN_POINT ( 'NONE',  ( -105.2000000000000028, 7.200000000000000178, 124.5119090000000028 ) ) ;
#976 = LINE ( 'NONE', #1748, #837 ) ;
#977 = DATE_AND_TIME ( #1578, #1069 ) ;
#978 = DIRECTION ( 'NONE',  ( 0.000000000000000000, -1.000000000000000000, 0.000000000000000000 ) ) ;
#979 = EDGE_CURVE ( 'NONE', #105, #725, #87, .T. ) ;
#980 = CARTESIAN_POINT ( 'NONE',  ( -82.10099999999999909, 50.20000000000000284, 140.1119089999999971 ) ) ;
#981 = ORIENTED_EDGE ( 'NONE', *, *, #1773, .F. ) ;
#982 = LINE ( 'NONE', #2171, #590 ) ;
#983 = EDGE_CURVE ( 'NONE', #1124, #481, #1685, .T. ) ;
#984 = DIRECTION ( 'NONE',  ( 0.000000000000000000, 0.000000000000000000, 1.000000000000000000 ) ) ;
#985 = VERTEX_POINT ( 'NONE', #47 ) ;
#986 = DIRECTION ( 'NONE',  ( 0.000000000000000000, 0.000000000000000000, 1.000000000000000000 ) ) ;
#987 = CARTESIAN_POINT ( 'NONE',  ( 0.000000000000000000, -7.200000000000000178, 122.2119090000000057 ) ) ;
#988 = COORDINATED_UNIVERSAL_TIME_OFFSET ( 8, 0, .AHEAD. ) ;
#989 = CARTESIAN_POINT ( 'NONE',  ( 108.5000000000000000, -53.20000000000000284, 142.1119089999999971 ) ) ;
#990 = AXIS2_PLACEMENT_3D ( 'NONE', #22, #2472, #986 ) ;
#991 = VECTOR ( 'NONE', #2225, 1000.000000000000000 ) ;
#992 = ORIENTED_EDGE ( 'NONE', *, *, #1869, .T. ) ;
#993 = DIRECTION ( 'NONE',  ( -0.000000000000000000, -0.000000000000000000, -1.000000000000000000 ) ) ;
#994 = AXIS2_PLACEMENT_3D ( 'NONE', #1244, #2362, #1421 ) ;
#995 = EDGE_LOOP ( 'NONE', ( #1012, #622, #863, #2249 ) ) ;
#996 = CARTESIAN_POINT ( 'NONE',  ( -54.00000000000000000, -48.50000000000000000, 140.2118089999999881 ) ) ;
#997 = DIRECTION ( 'NONE',  ( 0.000000000000000000, 1.000000000000000000, 0.000000000000000000 ) ) ;
#998 = AXIS2_PLACEMENT_3D ( 'NONE', #866, #2208, #891 ) ;
#999 = EDGE_CURVE ( 'NONE', #1292, #2349, #1772, .T. ) ;
#1000 = EDGE_LOOP ( 'NONE', ( #442, #775, #2078, #499 ) ) ;
#1001 = CARTESIAN_POINT ( 'NONE',  ( -54.00000000000000000, -50.20000000000000284, 134.1119089999999971 ) ) ;
#1002 = ADVANCED_FACE ( 'NONE', ( #1042 ), #259, .F. ) ;
#1003 = FACE_OUTER_BOUND ( 'NONE', #2032, .T. ) ;
#1004 = ORIENTED_EDGE ( 'NONE', *, *, #502, .F. ) ;
#1005 = LINE ( 'NONE', #428, #187 ) ;
#1006 = MANIFOLD_SOLID_BREP ( 'Outer_side_post_roots_R3', #69 ) ;
#1007 = CARTESIAN_POINT ( 'NONE',  ( -54.00000000000000000, 50.39999999999999858, 140.2118089999999881 ) ) ;
#1008 = VERTEX_POINT ( 'NONE', #661 ) ;
#1009 = CARTESIAN_POINT ( 'NONE',  ( -82.10099999999999909, 50.20000000000000284, 140.1119089999999971 ) ) ;
#1010 = PLANE ( 'NONE',  #2368 ) ;
#1011 = DESIGN_CONTEXT ( 'detailed design', #2065, 'design' ) ;
#1012 = ORIENTED_EDGE ( 'NONE', *, *, #1025, .T. ) ;
#1013 = PLANE ( 'NONE',  #1918 ) ;
#1014 = APPROVAL ( #224, '未' ) ;
#1015 = EDGE_CURVE ( 'NONE', #557, #1855, #1053, .T. ) ;
#1016 = VERTEX_POINT ( 'NONE', #72 ) ;
#1017 = CARTESIAN_POINT ( 'NONE',  ( -96.79999999999999716, 7.200000000000000178, 122.2119090000000057 ) ) ;
#1018 = VERTEX_POINT ( 'NONE', #1793 ) ;
#1019 = DIRECTION ( 'NONE',  ( 0.000000000000000000, 0.000000000000000000, 1.000000000000000000 ) ) ;
#1020 = ORIENTED_EDGE ( 'NONE', *, *, #805, .T. ) ;
#1021 = LINE ( 'NONE', #292, #1838 ) ;
#1022 = PLANE ( 'NONE',  #1523 ) ;
#1023 = VERTEX_POINT ( 'NONE', #425 ) ;
#1024 = DIRECTION ( 'NONE',  ( 1.000000000000000000, 0.000000000000000000, -0.000000000000000000 ) ) ;
#1025 = EDGE_CURVE ( 'NONE', #2349, #2051, #813, .T. ) ;
#1026 = ADVANCED_FACE ( 'NONE', ( #650 ), #823, .F. ) ;
#1027 = ORIENTED_EDGE ( 'NONE', *, *, #451, .F. ) ;
#1028 = CARTESIAN_POINT ( 'NONE',  ( 110.5000000000000000, 50.20000000000000284, 140.1119089999999971 ) ) ;
#1029 = ORIENTED_EDGE ( 'NONE', *, *, #1636, .T. ) ;
#1030 = AXIS2_PLACEMENT_3D ( 'NONE', #1984, #652, #464 ) ;
#1031 = CARTESIAN_POINT ( 'NONE',  ( -57.00000000000000000, -54.20000000000000284, 161.0119090000000028 ) ) ;
#1032 = VECTOR ( 'NONE', #734, 1000.000000000000000 ) ;
#1033 = VECTOR ( 'NONE', #693, 1000.000000000000000 ) ;
#1034 = ORIENTED_EDGE ( 'NONE', *, *, #164, .T. ) ;
#1035 = PLANE ( 'NONE',  #1076 ) ;
#1036 = FACE_OUTER_BOUND ( 'NONE', #521, .T. ) ;
#1037 = VECTOR ( 'NONE', #1403, 1000.000000000000000 ) ;
#1038 = VECTOR ( 'NONE', #1712, 1000.000000000000000 ) ;
#1039 = ORIENTED_EDGE ( 'NONE', *, *, #134, .T. ) ;
#1040 = EDGE_LOOP ( 'NONE', ( #671, #1392, #2452, #1318, #1202, #969, #1111, #1195 ) ) ;
#1041 = VECTOR ( 'NONE', #2182, 1000.000000000000000 ) ;
#1042 = FACE_OUTER_BOUND ( 'NONE', #208, .T. ) ;
#1043 = VECTOR ( 'NONE', #2304, 1000.000000000000000 ) ;
#1044 = FACE_OUTER_BOUND ( 'NONE', #1717, .T. ) ;
#1045 = EDGE_LOOP ( 'NONE', ( #177, #1752, #749, #2463 ) ) ;
#1046 = ADVANCED_FACE ( 'NONE', ( #1208 ), #1013, .T. ) ;
#1047 = CARTESIAN_POINT ( 'NONE',  ( 110.5000000000000000, -65.20000000000000284, 122.2119090000000057 ) ) ;
#1048 = LINE ( 'NONE', #2344, #1352 ) ;
#1049 = CARTESIAN_POINT ( 'NONE',  ( -66.00000000000000000, -48.50000000000000000, 134.1119089999999971 ) ) ;
#1050 = DIRECTION ( 'NONE',  ( -0.000000000000000000, -0.000000000000000000, -1.000000000000000000 ) ) ;
#1051 = VERTEX_POINT ( 'NONE', #2350 ) ;
#1052 = EDGE_LOOP ( 'NONE', ( #1367, #326, #1983, #70 ) ) ;
#1053 = LINE ( 'NONE', #1597, #514 ) ;
#1054 = CARTESIAN_POINT ( 'NONE',  ( -86.10099999999999909, -36.00000000000000000, 156.1119089999999971 ) ) ;
#1055 = ORIENTED_EDGE ( 'NONE', *, *, #1847, .T. ) ;
#1056 = CARTESIAN_POINT ( 'NONE',  ( 110.5000000000000000, -50.20000000000000284, 140.1119089999999971 ) ) ;
#1057 = ORIENTED_EDGE ( 'NONE', *, *, #2201, .T. ) ;
#1058 = DIRECTION ( 'NONE',  ( 0.000000000000000000, -1.000000000000000000, 0.000000000000000000 ) ) ;
#1059 = EDGE_CURVE ( 'NONE', #2173, #1549, #953, .T. ) ;
#1060 = DIRECTION ( 'NONE',  ( 1.000000000000000000, -0.000000000000000000, 0.000000000000000000 ) ) ;
#1061 = ORIENTED_EDGE ( 'NONE', *, *, #582, .T. ) ;
#1062 = VERTEX_POINT ( 'NONE', #1001 ) ;
#1063 = EDGE_CURVE ( 'NONE', #718, #1767, #37, .T. ) ;
#1064 = LINE ( 'NONE', #1746, #2121 ) ;
#1065 = CARTESIAN_POINT ( 'NONE',  ( -82.10099999999999909, -36.00000000000000000, 156.1119089999999971 ) ) ;
#1066 = ORIENTED_EDGE ( 'NONE', *, *, #805, .F. ) ;
#1067 = CARTESIAN_POINT ( 'NONE',  ( -54.00000000000000000, 50.39999999999999858, 140.2118089999999881 ) ) ;
#1068 = CARTESIAN_POINT ( 'NONE',  ( 108.5000000000000000, 53.20000000000000284, 142.1119089999999971 ) ) ;
#1069 = LOCAL_TIME ( 18, 28, 53.00000000000000000, #938 ) ;
#1070 = DIRECTION ( 'NONE',  ( -0.000000000000000000, -0.000000000000000000, -1.000000000000000000 ) ) ;
#1071 = VECTOR ( 'NONE', #1423, 1000.000000000000000 ) ;
#1072 = ORIENTED_EDGE ( 'NONE', *, *, #1587, .T. ) ;
#1073 = ORIENTED_EDGE ( 'NONE', *, *, #1980, .T. ) ;
#1074 = VECTOR ( 'NONE', #1176, 1000.000000000000000 ) ;
#1075 = DIRECTION ( 'NONE',  ( 0.000000000000000000, -0.000000000000000000, -1.000000000000000000 ) ) ;
#1076 = AXIS2_PLACEMENT_3D ( 'NONE', #1068, #1825, #492 ) ;
#1077 = ADVANCED_FACE ( 'NONE', ( #1192 ), #1954, .F. ) ;
#1078 = AXIS2_PLACEMENT_3D ( 'NONE', #121, #343, #1821 ) ;
#1079 = VECTOR ( 'NONE', #2267, 1000.000000000000000 ) ;
#1080 = DIRECTION ( 'NONE',  ( 0.000000000000000000, 0.000000000000000000, -1.000000000000000000 ) ) ;
#1081 = ORIENTED_EDGE ( 'NONE', *, *, #1185, .F. ) ;
#1082 = DIRECTION ( 'NONE',  ( -0.000000000000000000, -0.000000000000000000, -1.000000000000000000 ) ) ;
#1083 = CARTESIAN_POINT ( 'NONE',  ( -63.00000000000000000, 54.20000000000000284, 161.0119090000000028 ) ) ;
#1084 = LINE ( 'NONE', #2191, #1808 ) ;
#1085 = DIRECTION ( 'NONE',  ( 1.000000000000000000, 0.000000000000000000, -0.000000000000000000 ) ) ;
#1086 = EDGE_LOOP ( 'NONE', ( #1700, #1217, #362, #2360 ) ) ;
#1087 = ORIENTED_EDGE ( 'NONE', *, *, #2056, .F. ) ;
#1088 = FACE_BOUND ( 'NONE', #897, .T. ) ;
#1089 = ADVANCED_FACE ( 'NONE', ( #2053 ), #1659, .T. ) ;
#1090 = EDGE_CURVE ( 'NONE', #1657, #2340, #2165, .T. ) ;
#1091 = APPLICATION_CONTEXT ( 'configuration controlled 3d designs of mechanical parts and assemblies' ) ;
#1092 = CARTESIAN_POINT ( 'NONE',  ( -54.00000000000000711, -50.20000000000000284, 140.1119089999999971 ) ) ;
#1093 = EDGE_CURVE ( 'NONE', #1382, #1971, #2421, .T. ) ;
#1094 = VERTEX_POINT ( 'NONE', #107 ) ;
#1095 = CARTESIAN_POINT ( 'NONE',  ( -6.000000000000000000, 0.000000000000000000, 140.1119089999999971 ) ) ;
#1096 = CARTESIAN_POINT ( 'NONE',  ( -101.0000000000000000, 16.00000000000000000, 140.1119089999999971 ) ) ;
#1097 = LINE ( 'NONE', #294, #1764 ) ;
#1098 = LINE ( 'NONE', #1492, #1561 ) ;
#1099 = ORIENTED_EDGE ( 'NONE', *, *, #168, .T. ) ;
#1100 = ORIENTED_EDGE ( 'NONE', *, *, #280, .F. ) ;
#1101 = DIRECTION ( 'NONE',  ( 0.000000000000000000, -0.000000000000000000, -1.000000000000000000 ) ) ;
#1102 = PLANE ( 'NONE',  #348 ) ;
#1103 = ORIENTED_EDGE ( 'NONE', *, *, #2017, .T. ) ;
#1104 = EDGE_CURVE ( 'NONE', #1657, #367, #533, .T. ) ;
#1105 = DIRECTION ( 'NONE',  ( 1.000000000000000000, 0.000000000000000000, 0.000000000000000000 ) ) ;
#1106 = DIRECTION ( 'NONE',  ( 1.000000000000000000, 0.000000000000000000, -0.000000000000000000 ) ) ;
#1107 = DIRECTION ( 'NONE',  ( 1.000000000000000000, 0.000000000000000000, 0.000000000000000000 ) ) ;
#1108 = EDGE_CURVE ( 'NONE', #2229, #985, #74, .T. ) ;
#1109 = CARTESIAN_POINT ( 'NONE',  ( -57.00000000000000000, -54.20000000000000284, 161.0119090000000028 ) ) ;
#1110 = EDGE_LOOP ( 'NONE', ( #5, #336, #1262, #1410 ) ) ;
#1111 = ORIENTED_EDGE ( 'NONE', *, *, #297, .F. ) ;
#1112 = LINE ( 'NONE', #1911, #1879 ) ;
#1113 = AXIS2_PLACEMENT_3D ( 'NONE', #2130, #407, #1332 ) ;
#1114 = VECTOR ( 'NONE', #360, 1000.000000000000000 ) ;
#1115 = AXIS2_PLACEMENT_3D ( 'NONE', #2116, #609, #2146 ) ;
#1116 = LINE ( 'NONE', #896, #2114 ) ;
#1117 = AXIS2_PLACEMENT_3D ( 'NONE', #1878, #158, #2470 ) ;
#1118 = ORIENTED_EDGE ( 'NONE', *, *, #2001, .F. ) ;
#1119 = LINE ( 'NONE', #2255, #2233 ) ;
#1120 = DIRECTION ( 'NONE',  ( -0.000000000000000000, -0.000000000000000000, -1.000000000000000000 ) ) ;
#1121 = CARTESIAN_POINT ( 'NONE',  ( -99.35000000000000853, -16.00000000000000000, 140.2119089999999915 ) ) ;
#1122 = LINE ( 'NONE', #2050, #1687 ) ;
#1123 = ORIENTED_EDGE ( 'NONE', *, *, #1506, .F. ) ;
#1124 = VERTEX_POINT ( 'NONE', #860 ) ;
#1125 = ADVANCED_FACE ( 'NONE', ( #1264 ), #2232, .F. ) ;
#1126 = LINE ( 'NONE', #777, #2287 ) ;
#1127 = DIRECTION ( 'NONE',  ( -0.000000000000000000, 0.000000000000000000, 1.000000000000000000 ) ) ;
#1128 = CARTESIAN_POINT ( 'NONE',  ( -89.10099999999999909, 36.00000000000000000, 143.1119089999999971 ) ) ;
#1129 = ORIENTED_EDGE ( 'NONE', *, *, #490, .T. ) ;
#1130 = PERSON_AND_ORGANIZATION_ROLE ( 'design_owner' ) ;
#1131 = DIRECTION ( 'NONE',  ( 0.000000000000000000, 0.000000000000000000, -1.000000000000000000 ) ) ;
#1132 = LINE ( 'NONE', #1121, #720 ) ;
#1133 = LINE ( 'NONE', #128, #233 ) ;
#1134 = ADVANCED_FACE ( 'NONE', ( #895 ), #306, .F. ) ;
#1135 = ORIENTED_EDGE ( 'NONE', *, *, #308, .F. ) ;
#1136 = EDGE_LOOP ( 'NONE', ( #1968, #2290, #1405, #1887 ) ) ;
#1137 = CARTESIAN_POINT ( 'NONE',  ( 104.4000000000000057, 57.70000000000000284, 140.2119089999999915 ) ) ;
#1138 = ADVANCED_FACE ( 'NONE', ( #871 ), #1635, .T. ) ;
#1139 = LINE ( 'NONE', #9, #2074 ) ;
#1140 = CARTESIAN_POINT ( 'NONE',  ( 100.2999999999999972, -51.20000000000000284, 142.1119089999999971 ) ) ;
#1141 = EDGE_LOOP ( 'NONE', ( #1732, #1570, #608, #1704 ) ) ;
#1142 = DATE_AND_TIME ( #792, #386 ) ;
#1143 = CYLINDRICAL_SURFACE ( 'NONE', #1640, 1.250000000000001110 ) ;
#1144 = DIRECTION ( 'NONE',  ( 1.000000000000000000, 0.000000000000000000, 0.000000000000000000 ) ) ;
#1145 = DIRECTION ( 'NONE',  ( 0.000000000000000000, -0.000000000000000000, 1.000000000000000000 ) ) ;
#1146 = ORIENTED_EDGE ( 'NONE', *, *, #354, .T. ) ;
#1147 = ORIENTED_EDGE ( 'NONE', *, *, #97, .F. ) ;
#1148 = LINE ( 'NONE', #195, #1206 ) ;
#1149 = CC_DESIGN_APPROVAL ( #2124, ( #1269 ) ) ;
#1150 = DIRECTION ( 'NONE',  ( 0.000000000000000000, 1.000000000000000000, 0.000000000000000000 ) ) ;
#1151 = EDGE_CURVE ( 'NONE', #1436, #955, #1483, .T. ) ;
#1152 = VECTOR ( 'NONE', #607, 1000.000000000000000 ) ;
#1153 = AXIS2_PLACEMENT_3D ( 'NONE', #1210, #1972, #252 ) ;
#1154 = LINE ( 'NONE', #2289, #2034 ) ;
#1155 = ORIENTED_EDGE ( 'NONE', *, *, #1090, .F. ) ;
#1156 = ADVANCED_FACE ( 'NONE', ( #508 ), #1278, .F. ) ;
#1157 = AXIS2_PLACEMENT_3D ( 'NONE', #2356, #1019, #844 ) ;
#1158 = AXIS2_PLACEMENT_3D ( 'NONE', #1128, #312, #1080 ) ;
#1159 = MECHANICAL_CONTEXT ( 'NONE', #1091, 'mechanical' ) ;
#1160 = VECTOR ( 'NONE', #804, 1000.000000000000000 ) ;
#1161 = DIRECTION ( 'NONE',  ( 0.000000000000000000, 1.000000000000000000, 0.000000000000000000 ) ) ;
#1162 = DIRECTION ( 'NONE',  ( 0.000000000000000000, 1.000000000000000000, 0.000000000000000000 ) ) ;
#1163 = VECTOR ( 'NONE', #1060, 1000.000000000000000 ) ;
#1164 = LINE ( 'NONE', #958, #1197 ) ;
#1165 = VERTEX_POINT ( 'NONE', #1649 ) ;
#1166 = DIRECTION ( 'NONE',  ( 1.000000000000000000, 0.000000000000000000, 0.000000000000000000 ) ) ;
#1167 = PLANE ( 'NONE',  #1564 ) ;
#1168 = DIRECTION ( 'NONE',  ( 1.000000000000000000, 0.000000000000000000, 0.000000000000000000 ) ) ;
#1169 = ADVANCED_FACE ( 'NONE', ( #1670 ), #2064, .F. ) ;
#1170 = DIRECTION ( 'NONE',  ( 0.000000000000000000, -0.000000000000000000, -1.000000000000000000 ) ) ;
#1171 = ORIENTED_EDGE ( 'NONE', *, *, #1783, .T. ) ;
#1172 = APPROVAL_ROLE ( '' ) ;
#1173 = ADVANCED_FACE ( 'NONE', ( #1088, #298 ), #2433, .T. ) ;
#1174 = DIRECTION ( 'NONE',  ( 0.000000000000000000, -1.000000000000000000, 0.000000000000000000 ) ) ;
#1175 = ORIENTED_EDGE ( 'NONE', *, *, #1185, .T. ) ;
#1176 = DIRECTION ( 'NONE',  ( 1.000000000000000000, 0.000000000000000000, 0.000000000000000000 ) ) ;
#1177 = EDGE_LOOP ( 'NONE', ( #1395, #1658, #1123, #1744 ) ) ;
#1178 = LINE ( 'NONE', #1939, #675 ) ;
#1179 = CARTESIAN_POINT ( 'NONE',  ( -63.00000000000000000, 54.20000000000000284, 143.1119089999999971 ) ) ;
#1180 = ORIENTED_EDGE ( 'NONE', *, *, #1540, .T. ) ;
#1181 = DIRECTION ( 'NONE',  ( 0.000000000000000000, 1.000000000000000000, 0.000000000000000000 ) ) ;
#1182 = DIRECTION ( 'NONE',  ( -1.000000000000000000, 0.000000000000000000, 0.000000000000000000 ) ) ;
#1183 = APPROVAL_STATUS ( 'not_yet_approved' ) ;
#1184 = CARTESIAN_POINT ( 'NONE',  ( -63.00000000000000000, -54.20000000000000284, 161.0119090000000028 ) ) ;
#1185 = EDGE_CURVE ( 'NONE', #201, #1346, #1684, .T. ) ;
#1186 = DIRECTION ( 'NONE',  ( -0.000000000000000000, -0.000000000000000000, -1.000000000000000000 ) ) ;
#1187 = ORIENTED_EDGE ( 'NONE', *, *, #768, .F. ) ;
#1188 = CARTESIAN_POINT ( 'NONE',  ( 104.4000000000000057, -57.70000000000000284, 140.1119089999999971 ) ) ;
#1189 = FACE_OUTER_BOUND ( 'NONE', #1973, .T. ) ;
#1190 = ADVANCED_FACE ( 'NONE', ( #727 ), #2261, .F. ) ;
#1191 = ORIENTED_EDGE ( 'NONE', *, *, #1575, .T. ) ;
#1192 = FACE_OUTER_BOUND ( 'NONE', #248, .T. ) ;
#1193 = ORGANIZATION ( '未', '未', '' ) ;
#1194 = DIRECTION ( 'NONE',  ( 0.000000000000000000, 1.000000000000000000, 0.000000000000000000 ) ) ;
#1195 = ORIENTED_EDGE ( 'NONE', *, *, #1636, .F. ) ;
#1196 = DIRECTION ( 'NONE',  ( 0.000000000000000000, 1.000000000000000000, -0.000000000000000000 ) ) ;
#1197 = VECTOR ( 'NONE', #1186, 1000.000000000000000 ) ;
#1198 = AXIS2_PLACEMENT_3D ( 'NONE', #1631, #2207, #2408 ) ;
#1199 = VERTEX_POINT ( 'NONE', #1255 ) ;
#1200 = LINE ( 'NONE', #1964, #2281 ) ;
#1201 = VECTOR ( 'NONE', #1294, 1000.000000000000000 ) ;
#1202 = ORIENTED_EDGE ( 'NONE', *, *, #2312, .T. ) ;
#1203 = CARTESIAN_POINT ( 'NONE',  ( -97.75000000000000000, 16.00000000000000000, 136.9119090000000085 ) ) ;
#1204 = EDGE_CURVE ( 'NONE', #2431, #156, #1064, .T. ) ;
#1205 = FACE_OUTER_BOUND ( 'NONE', #495, .T. ) ;
#1206 = VECTOR ( 'NONE', #974, 1000.000000000000000 ) ;
#1207 = EDGE_LOOP ( 'NONE', ( #1815, #2092, #640, #959 ) ) ;
#1208 = FACE_OUTER_BOUND ( 'NONE', #1207, .T. ) ;
#1209 = ORIENTED_EDGE ( 'NONE', *, *, #2017, .F. ) ;
#1210 = CARTESIAN_POINT ( 'NONE',  ( -101.0000000000000000, -16.00000000000000000, 136.9119090000000085 ) ) ;
#1211 = ORIENTED_EDGE ( 'NONE', *, *, #2262, .F. ) ;
#1212 = CARTESIAN_POINT ( 'NONE',  ( 108.5000000000000000, -53.20000000000000284, 142.1119089999999971 ) ) ;
#1213 = EDGE_LOOP ( 'NONE', ( #2386, #1805, #992, #295 ) ) ;
#1214 = CARTESIAN_POINT ( 'NONE',  ( -63.00000000000000000, -50.39999999999999858, 140.1119089999999971 ) ) ;
#1215 = PLANE ( 'NONE',  #2125 ) ;
#1216 = ADVANCED_FACE ( 'NONE', ( #1310 ), #2299, .F. ) ;
#1217 = ORIENTED_EDGE ( 'NONE', *, *, #999, .F. ) ;
#1218 = PLANE ( 'NONE',  #717 ) ;
#1219 = EDGE_CURVE ( 'NONE', #6, #532, #2324, .T. ) ;
#1220 = ADVANCED_FACE ( 'NONE', ( #210 ), #1167, .F. ) ;
#1221 = ORIENTED_EDGE ( 'NONE', *, *, #1889, .T. ) ;
#1222 = DIRECTION ( 'NONE',  ( -1.000000000000000000, 0.000000000000000000, 0.000000000000000000 ) ) ;
#1223 = ORIENTED_EDGE ( 'NONE', *, *, #824, .F. ) ;
#1224 = DIRECTION ( 'NONE',  ( -1.000000000000000000, 0.000000000000000000, 0.000000000000000000 ) ) ;
#1225 = VERTEX_POINT ( 'NONE', #570 ) ;
#1226 = CARTESIAN_POINT ( 'NONE',  ( 100.2999999999999972, 51.20000000000000284, 142.1119089999999971 ) ) ;
#1227 = DIRECTION ( 'NONE',  ( 1.000000000000000000, 0.000000000000000000, 0.000000000000000000 ) ) ;
#1228 = ORIENTED_EDGE ( 'NONE', *, *, #1889, .F. ) ;
#1229 = CARTESIAN_POINT ( 'NONE',  ( -110.0000000000000000, -65.20000000000000284, 140.1119089999999971 ) ) ;
#1230 = EDGE_CURVE ( 'NONE', #567, #735, #359, .T. ) ;
#1231 = DIRECTION ( 'NONE',  ( -0.000000000000000000, -0.000000000000000000, -1.000000000000000000 ) ) ;
#1232 = ORIENTED_EDGE ( 'NONE', *, *, #2461, .T. ) ;
#1233 = VECTOR ( 'NONE', #361, 1000.000000000000000 ) ;
#1234 = CARTESIAN_POINT ( 'NONE',  ( -110.0000000000000000, 65.20000000000000284, 140.1119089999999971 ) ) ;
#1235 = VECTOR ( 'NONE', #560, 1000.000000000000000 ) ;
#1236 = AXIS2_PLACEMENT_3D ( 'NONE', #2024, #1976, #1655 ) ;
#1237 = ORIENTED_EDGE ( 'NONE', *, *, #613, .T. ) ;
#1238 = LINE ( 'NONE', #865, #1721 ) ;
#1239 = CARTESIAN_POINT ( 'NONE',  ( 0.000000000000000000, 0.000000000000000000, 124.5119090000000028 ) ) ;
#1240 = VECTOR ( 'NONE', #1321, 1000.000000000000000 ) ;
#1241 = VERTEX_POINT ( 'NONE', #1890 ) ;
#1242 = ORIENTED_EDGE ( 'NONE', *, *, #1093, .T. ) ;
#1243 = VECTOR ( 'NONE', #179, 1000.000000000000000 ) ;
#1244 = CARTESIAN_POINT ( 'NONE',  ( 100.2999999999999972, 53.20000000000000284, 142.1119089999999971 ) ) ;
#1245 = EDGE_CURVE ( 'NONE', #859, #2306, #1112, .T. ) ;
#1246 = CARTESIAN_POINT ( 'NONE',  ( -63.00000000000000000, -54.20000000000000284, 161.0119090000000028 ) ) ;
#1247 = ORIENTED_EDGE ( 'NONE', *, *, #2330, .T. ) ;
#1248 = EDGE_CURVE ( 'NONE', #626, #300, #237, .T. ) ;
#1249 = LINE ( 'NONE', #444, #589 ) ;
#1250 = ORIENTED_EDGE ( 'NONE', *, *, #1204, .T. ) ;
#1251 = CARTESIAN_POINT ( 'NONE',  ( -105.2000000000000028, -7.200000000000000178, 122.2119090000000057 ) ) ;
#1252 = LINE ( 'NONE', #2026, #441 ) ;
#1253 = ORIENTED_EDGE ( 'NONE', *, *, #2351, .F. ) ;
#1254 = ORIENTED_EDGE ( 'NONE', *, *, #1786, .T. ) ;
#1255 = CARTESIAN_POINT ( 'NONE',  ( -66.00000000000000000, 50.39999999999999858, 140.1119089999999971 ) ) ;
#1256 = LINE ( 'NONE', #1615, #1071 ) ;
#1257 = ORIENTED_EDGE ( 'NONE', *, *, #2471, .T. ) ;
#1258 = CARTESIAN_POINT ( 'NONE',  ( 104.4000000000000057, -57.70000000000000284, 140.2119089999999915 ) ) ;
#1259 = LINE ( 'NONE', #2393, #1033 ) ;
#1260 = ADVANCED_FACE ( 'NONE', ( #178 ), #1718, .F. ) ;
#1261 = DIRECTION ( 'NONE',  ( -0.000000000000000000, -0.000000000000000000, -1.000000000000000000 ) ) ;
#1262 = ORIENTED_EDGE ( 'NONE', *, *, #2054, .F. ) ;
#1263 = ORIENTED_EDGE ( 'NONE', *, *, #308, .T. ) ;
#1264 = FACE_OUTER_BOUND ( 'NONE', #1493, .T. ) ;
#1265 = DIRECTION ( 'NONE',  ( -0.000000000000000000, -0.000000000000000000, -1.000000000000000000 ) ) ;
#1266 = ORIENTED_EDGE ( 'NONE', *, *, #1274, .T. ) ;
#1267 = DIRECTION ( 'NONE',  ( 0.000000000000000000, 0.000000000000000000, -1.000000000000000000 ) ) ;
#1268 = DIRECTION ( 'NONE',  ( 1.000000000000000000, 0.000000000000000000, -0.000000000000000000 ) ) ;
#1269 = SECURITY_CLASSIFICATION ( '', '', #1565 ) ;
#1270 = LINE ( 'NONE', #2442, #1163 ) ;
#1271 = AXIS2_PLACEMENT_3D ( 'NONE', #1541, #1334, #2100 ) ;
#1272 = CARTESIAN_POINT ( 'NONE',  ( -97.75000000000000000, -16.00000000000000000, 140.1119089999999971 ) ) ;
#1273 = VECTOR ( 'NONE', #1161, 1000.000000000000000 ) ;
#1274 = EDGE_CURVE ( 'NONE', #2206, #2392, #1126, .T. ) ;
#1275 = ORIENTED_EDGE ( 'NONE', *, *, #2312, .F. ) ;
#1276 = EDGE_LOOP ( 'NONE', ( #1209, #1689, #1682, #1573 ) ) ;
#1277 = VECTOR ( 'NONE', #315, 1000.000000000000000 ) ;
#1278 = PLANE ( 'NONE',  #1485 ) ;
#1279 = VECTOR ( 'NONE', #2341, 1000.000000000000000 ) ;
#1280 = VECTOR ( 'NONE', #932, 1000.000000000000000 ) ;
#1281 = CARTESIAN_POINT ( 'NONE',  ( -104.2500000000000142, 16.00000000000000000, 136.9119090000000085 ) ) ;
#1282 = EDGE_LOOP ( 'NONE', ( #742, #1623, #331, #841 ) ) ;
#1283 = CARTESIAN_POINT ( 'NONE',  ( -63.00000000000000000, 50.20000000000000284, 161.0119090000000028 ) ) ;
#1284 = CARTESIAN_POINT ( 'NONE',  ( 104.4000000000000057, 57.70000000000000284, 128.1119089999999971 ) ) ;
#1285 = DIRECTION ( 'NONE',  ( 0.000000000000000000, 0.000000000000000000, -1.000000000000000000 ) ) ;
#1286 = DIRECTION ( 'NONE',  ( -1.000000000000000000, 0.000000000000000000, 0.000000000000000000 ) ) ;
#1287 = ORIENTED_EDGE ( 'NONE', *, *, #1350, .F. ) ;
#1288 = EDGE_LOOP ( 'NONE', ( #2270, #850, #2468, #1254, #1250, #762, #1232, #1928, #445, #2203, #221, #1191, #665, #285, #942, #2284, #636, #414, #855, #342, #1695, #2483, #368, #1029, #2395, #160, #1726, #1412, #1242, #2269, #1662, #812 ) ) ;
#1289 = DIRECTION ( 'NONE',  ( 1.000000000000000000, 0.000000000000000000, -0.000000000000000000 ) ) ;
#1290 = EDGE_CURVE ( 'NONE', #2014, #1124, #1697, .T. ) ;
#1291 = CARTESIAN_POINT ( 'NONE',  ( -66.00000000000000000, -48.50000000000000000, 140.2118089999999881 ) ) ;
#1292 = VERTEX_POINT ( 'NONE', #1557 ) ;
#1293 = LINE ( 'NONE', #2085, #2440 ) ;
#1294 = DIRECTION ( 'NONE',  ( 0.000000000000000000, -1.000000000000000000, 0.000000000000000000 ) ) ;
#1295 = LINE ( 'NONE', #1729, #1079 ) ;
#1296 = DIRECTION ( 'NONE',  ( 0.000000000000000000, 0.000000000000000000, 1.000000000000000000 ) ) ;
#1297 = VERTEX_POINT ( 'NONE', #1327 ) ;
#1298 = ORIENTED_EDGE ( 'NONE', *, *, #786, .F. ) ;
#1299 = CARTESIAN_POINT ( 'NONE',  ( -101.0000000000000000, 16.00000000000000000, 136.9119090000000085 ) ) ;
#1300 = ADVANCED_FACE ( 'NONE', ( #764 ), #1531, .F. ) ;
#1301 = FACE_OUTER_BOUND ( 'NONE', #155, .T. ) ;
#1302 = ORIENTED_EDGE ( 'NONE', *, *, #2355, .F. ) ;
#1303 = CARTESIAN_POINT ( 'NONE',  ( 108.5000000000000000, 51.20000000000000284, 142.1119089999999971 ) ) ;
#1304 = EDGE_CURVE ( 'NONE', #459, #2431, #2104, .T. ) ;
#1305 = DIRECTION ( 'NONE',  ( -1.000000000000000000, 0.000000000000000000, 0.000000000000000000 ) ) ;
#1306 = CARTESIAN_POINT ( 'NONE',  ( -54.00000000000000000, 48.50000000000000000, 140.2118089999999881 ) ) ;
#1307 = PLANE ( 'NONE',  #2401 ) ;
#1308 = ORIENTED_EDGE ( 'NONE', *, *, #983, .T. ) ;
#1309 = ORIENTED_EDGE ( 'NONE', *, *, #2424, .F. ) ;
#1310 = FACE_OUTER_BOUND ( 'NONE', #1282, .T. ) ;
#1311 = AXIS2_PLACEMENT_3D ( 'NONE', #968, #53, #817 ) ;
#1312 = CIRCLE ( 'NONE', #547, 3.000000000000002665 ) ;
#1313 = VECTOR ( 'NONE', #412, 1000.000000000000000 ) ;
#1314 = DIRECTION ( 'NONE',  ( 0.000000000000000000, -0.000000000000000000, 1.000000000000000000 ) ) ;
#1315 = VECTOR ( 'NONE', #2030, 1000.000000000000000 ) ;
#1316 = DIRECTION ( 'NONE',  ( 0.000000000000000000, 1.000000000000000000, 0.000000000000000000 ) ) ;
#1317 = AXIS2_PLACEMENT_3D ( 'NONE', #393, #1162, #2099 ) ;
#1318 = ORIENTED_EDGE ( 'NONE', *, *, #979, .F. ) ;
#1319 = EDGE_CURVE ( 'NONE', #955, #289, #1148, .T. ) ;
#1320 = CARTESIAN_POINT ( 'NONE',  ( -63.00000000000000000, -54.20000000000000284, 143.1119089999999971 ) ) ;
#1321 = DIRECTION ( 'NONE',  ( -0.000000000000000000, -0.000000000000000000, -1.000000000000000000 ) ) ;
#1322 = DIRECTION ( 'NONE',  ( 0.000000000000000000, 0.000000000000000000, -1.000000000000000000 ) ) ;
#1323 = EDGE_CURVE ( 'NONE', #2437, #2322, #1734, .T. ) ;
#1324 = DIRECTION ( 'NONE',  ( -1.000000000000000000, 0.000000000000000000, 0.000000000000000000 ) ) ;
#1325 = VERTEX_POINT ( 'NONE', #1369 ) ;
#1326 = ORIENTED_EDGE ( 'NONE', *, *, #569, .T. ) ;
#1327 = CARTESIAN_POINT ( 'NONE',  ( -96.79999999999999716, -7.200000000000000178, 124.5119090000000028 ) ) ;
#1328 = LINE ( 'NONE', #2095, #347 ) ;
#1329 = CYLINDRICAL_SURFACE ( 'NONE', #474, 1.649999999999998579 ) ;
#1330 = VERTEX_POINT ( 'NONE', #2117 ) ;
#1331 = APPROVAL_DATE_TIME ( #1935, #2124 ) ;
#1332 = DIRECTION ( 'NONE',  ( 0.000000000000000000, 0.000000000000000000, -1.000000000000000000 ) ) ;
#1333 = CARTESIAN_POINT ( 'NONE',  ( -110.0000000000000000, -65.20000000000000284, 140.1119089999999971 ) ) ;
#1334 = DIRECTION ( 'NONE',  ( -0.000000000000000000, 0.000000000000000000, 1.000000000000000000 ) ) ;
#1335 = EDGE_LOOP ( 'NONE', ( #1155, #2136 ) ) ;
#1336 = ORIENTED_EDGE ( 'NONE', *, *, #462, .F. ) ;
#1337 = DIRECTION ( 'NONE',  ( 0.000000000000000000, 0.000000000000000000, -1.000000000000000000 ) ) ;
#1338 = ADVANCED_FACE ( 'NONE', ( #788 ), #596, .F. ) ;
#1339 = LINE ( 'NONE', #1942, #1365 ) ;
#1340 = CARTESIAN_POINT ( 'NONE',  ( 105.6500000000000057, 57.70000000000000284, 140.1119089999999971 ) ) ;
#1341 = ORIENTED_EDGE ( 'NONE', *, *, #1650, .F. ) ;
#1342 = APPROVAL_ROLE ( '' ) ;
#1343 = CARTESIAN_POINT ( 'NONE',  ( -105.2000000000000028, 0.000000000000000000, 122.2119090000000057 ) ) ;
#1344 = LINE ( 'NONE', #916, #876 ) ;
#1345 = LINE ( 'NONE', #190, #2198 ) ;
#1346 = VERTEX_POINT ( 'NONE', #921 ) ;
#1347 = CARTESIAN_POINT ( 'NONE',  ( -105.2000000000000028, -7.200000000000000178, 124.5119090000000028 ) ) ;
#1348 = DIRECTION ( 'NONE',  ( 0.000000000000000000, 1.000000000000000000, 0.000000000000000000 ) ) ;
#1349 = PRODUCT ( 'P02_Head_cradle', 'P02_Head_cradle', '', ( #1159 ) ) ;
#1350 = EDGE_CURVE ( 'NONE', #156, #2006, #750, .T. ) ;
#1351 = CARTESIAN_POINT ( 'NONE',  ( -57.00000000000000000, 50.39999999999999858, 140.1119089999999971 ) ) ;
#1352 = VECTOR ( 'NONE', #575, 1000.000000000000000 ) ;
#1353 = ADVANCED_FACE ( 'NONE', ( #1036 ), #423, .F. ) ;
#1354 = AXIS2_PLACEMENT_3D ( 'NONE', #1901, #1127, #1168 ) ;
#1355 = VECTOR ( 'NONE', #779, 1000.000000000000000 ) ;
#1356 = DIRECTION ( 'NONE',  ( 1.000000000000000000, 0.000000000000000000, 0.000000000000000000 ) ) ;
#1357 = ORIENTED_EDGE ( 'NONE', *, *, #1587, .F. ) ;
#1358 = CIRCLE ( 'NONE', #1157, 3.250000000000002665 ) ;
#1359 = AXIS2_PLACEMENT_3D ( 'NONE', #1857, #884, #1101 ) ;
#1360 =( NAMED_UNIT ( * ) SI_UNIT ( $, .STERADIAN. ) SOLID_ANGLE_UNIT ( ) );
#1361 = AXIS2_PLACEMENT_3D ( 'NONE', #377, #2294, #174 ) ;
#1362 = DIRECTION ( 'NONE',  ( 0.000000000000000000, -0.000000000000000000, -1.000000000000000000 ) ) ;
#1363 = ORIENTED_EDGE ( 'NONE', *, *, #1575, .F. ) ;
#1364 = CARTESIAN_POINT ( 'NONE',  ( 100.2999999999999972, 51.20000000000000284, 140.1119089999999971 ) ) ;
#1365 = VECTOR ( 'NONE', #198, 1000.000000000000000 ) ;
#1366 = CARTESIAN_POINT ( 'NONE',  ( -96.79999999999999716, -7.200000000000000178, 124.5119090000000028 ) ) ;
#1367 = ORIENTED_EDGE ( 'NONE', *, *, #680, .T. ) ;
#1368 = DIRECTION ( 'NONE',  ( -0.000000000000000000, -0.000000000000000000, -1.000000000000000000 ) ) ;
#1369 = CARTESIAN_POINT ( 'NONE',  ( -66.00000000000000000, 48.50000000000000000, 134.1119089999999971 ) ) ;
#1370 = VERTEX_POINT ( 'NONE', #413 ) ;
#1371 = FACE_OUTER_BOUND ( 'NONE', #995, .T. ) ;
#1372 = CARTESIAN_POINT ( 'NONE',  ( -63.00000000000000000, 57.20000000000000995, 143.1119089999999971 ) ) ;
#1373 = ADVANCED_FACE ( 'NONE', ( #1205 ), #1022, .F. ) ;
#1374 = APPLICATION_PROTOCOL_DEFINITION ( 'international standard', 'config_control_design', 1994, #1091 ) ;
#1375 = CARTESIAN_POINT ( 'NONE',  ( 110.5000000000000000, -50.20000000000000284, 140.1119089999999971 ) ) ;
#1376 = ADVANCED_FACE ( 'NONE', ( #800 ), #45, .F. ) ;
#1377 = ORIENTED_EDGE ( 'NONE', *, *, #1663, .F. ) ;
#1378 = DIRECTION ( 'NONE',  ( -1.000000000000000000, 0.000000000000000000, 0.000000000000000000 ) ) ;
#1379 = ORIENTED_EDGE ( 'NONE', *, *, #885, .T. ) ;
#1380 = CARTESIAN_POINT ( 'NONE',  ( -101.0000000000000000, 16.00000000000000000, 140.2119089999999915 ) ) ;
#1381 = DIRECTION ( 'NONE',  ( -0.000000000000000000, 0.000000000000000000, -1.000000000000000000 ) ) ;
#1382 = VERTEX_POINT ( 'NONE', #1967 ) ;
#1383 = CARTESIAN_POINT ( 'NONE',  ( -63.00000000000000000, -50.20000000000000284, 140.1119089999999971 ) ) ;
#1384 = CARTESIAN_POINT ( 'NONE',  ( 100.2999999999999972, -53.20000000000000284, 140.1119089999999971 ) ) ;
#1385 = ADVANCED_FACE ( 'NONE', ( #1595 ), #1215, .F. ) ;
#1386 = DATE_TIME_ROLE ( 'creation_date' ) ;
#1387 = CC_DESIGN_PERSON_AND_ORGANIZATION_ASSIGNMENT ( #363, #2476, ( #2234 ) ) ;
#1388 = EDGE_LOOP ( 'NONE', ( #2151, #2373 ) ) ;
#1389 = CARTESIAN_POINT ( 'NONE',  ( -82.10099999999999909, 36.00000000000000000, 156.1119089999999971 ) ) ;
#1390 = EDGE_CURVE ( 'NONE', #919, #282, #1769, .T. ) ;
#1391 = DIRECTION ( 'NONE',  ( 0.000000000000000000, 1.000000000000000000, 0.000000000000000000 ) ) ;
#1392 = ORIENTED_EDGE ( 'NONE', *, *, #2247, .F. ) ;
#1393 = FACE_OUTER_BOUND ( 'NONE', #217, .T. ) ;
#1394 = DIRECTION ( 'NONE',  ( 0.000000000000000000, -0.000000000000000000, 1.000000000000000000 ) ) ;
#1395 = ORIENTED_EDGE ( 'NONE', *, *, #150, .T. ) ;
#1396 = DIRECTION ( 'NONE',  ( -1.000000000000000000, 0.000000000000000000, 0.000000000000000000 ) ) ;
#1397 = VECTOR ( 'NONE', #923, 1000.000000000000000 ) ;
#1398 = VERTEX_POINT ( 'NONE', #1179 ) ;
#1399 = DIRECTION ( 'NONE',  ( -0.000000000000000000, -0.000000000000000000, -1.000000000000000000 ) ) ;
#1400 = VECTOR ( 'NONE', #1145, 1000.000000000000000 ) ;
#1401 = AXIS2_PLACEMENT_3D ( 'NONE', #1009, #2347, #1544 ) ;
#1402 = EDGE_CURVE ( 'NONE', #481, #1124, #554, .T. ) ;
#1403 = DIRECTION ( 'NONE',  ( 0.000000000000000000, -1.000000000000000000, 0.000000000000000000 ) ) ;
#1404 = AXIS2_PLACEMENT_3D ( 'NONE', #710, #523, #1289 ) ;
#1405 = ORIENTED_EDGE ( 'NONE', *, *, #157, .F. ) ;
#1406 = CARTESIAN_POINT ( 'NONE',  ( 0.000000000000000000, -50.39999999999999858, 140.1119089999999971 ) ) ;
#1407 = EDGE_CURVE ( 'NONE', #1938, #515, #1952, .T. ) ;
#1408 = LINE ( 'NONE', #1572, #1041 ) ;
#1409 = VECTOR ( 'NONE', #759, 1000.000000000000000 ) ;
#1410 = ORIENTED_EDGE ( 'NONE', *, *, #920, .T. ) ;
#1411 = DIRECTION ( 'NONE',  ( 1.000000000000000000, 0.000000000000000000, 0.000000000000000000 ) ) ;
#1412 = ORIENTED_EDGE ( 'NONE', *, *, #1900, .F. ) ;
#1413 = LINE ( 'NONE', #1812, #867 ) ;
#1414 = VERTEX_POINT ( 'NONE', #621 ) ;
#1415 = CARTESIAN_POINT ( 'NONE',  ( 110.5000000000000000, -50.20000000000000284, 134.1119089999999971 ) ) ;
#1416 = ORIENTED_EDGE ( 'NONE', *, *, #1796, .T. ) ;
#1417 = DIRECTION ( 'NONE',  ( -0.000000000000000000, -0.000000000000000000, -1.000000000000000000 ) ) ;
#1418 = DIRECTION ( 'NONE',  ( 1.000000000000000000, 0.000000000000000000, 0.000000000000000000 ) ) ;
#1419 = EDGE_CURVE ( 'NONE', #651, #859, #633, .T. ) ;
#1420 = ORIENTED_EDGE ( 'NONE', *, *, #1827, .F. ) ;
#1421 = DIRECTION ( 'NONE',  ( -0.000000000000000000, 0.000000000000000000, -1.000000000000000000 ) ) ;
#1422 = VERTEX_POINT ( 'NONE', #458 ) ;
#1423 = DIRECTION ( 'NONE',  ( -0.000000000000000000, -0.000000000000000000, -1.000000000000000000 ) ) ;
#1424 = ORIENTED_EDGE ( 'NONE', *, *, #180, .F. ) ;
#1425 = PLANE ( 'NONE',  #2361 ) ;
#1426 = EDGE_LOOP ( 'NONE', ( #730, #1740, #465, #1175 ) ) ;
#1427 = CARTESIAN_POINT ( 'NONE',  ( -57.00000000000000000, -54.20000000000000284, 140.1119089999999971 ) ) ;
#1428 = CARTESIAN_POINT ( 'NONE',  ( 0.000000000000000000, 7.200000000000000178, 122.2119090000000057 ) ) ;
#1429 = VERTEX_POINT ( 'NONE', #2385 ) ;
#1430 = ORIENTED_EDGE ( 'NONE', *, *, #2400, .T. ) ;
#1431 = CARTESIAN_POINT ( 'NONE',  ( -101.0000000000000000, -16.00000000000000000, 136.9119090000000085 ) ) ;
#1432 = EDGE_CURVE ( 'NONE', #2318, #1292, #657, .T. ) ;
#1433 = EDGE_CURVE ( 'NONE', #1297, #1604, #1408, .T. ) ;
#1434 = LOCAL_TIME ( 18, 28, 53.00000000000000000, #988 ) ;
#1435 = LINE ( 'NONE', #1054, #229 ) ;
#1436 = VERTEX_POINT ( 'NONE', #246 ) ;
#1437 = AXIS2_PLACEMENT_3D ( 'NONE', #852, #1627, #2168 ) ;
#1438 = DIRECTION ( 'NONE',  ( 0.000000000000000000, -1.000000000000000000, 0.000000000000000000 ) ) ;
#1439 = VECTOR ( 'NONE', #2137, 1000.000000000000000 ) ;
#1440 = CIRCLE ( 'NONE', #1115, 1.649999999999998579 ) ;
#1441 = ORIENTED_EDGE ( 'NONE', *, *, #1319, .T. ) ;
#1442 = PLANE ( 'NONE',  #1236 ) ;
#1443 = FACE_BOUND ( 'NONE', #374, .T. ) ;
#1444 = AXIS2_PLACEMENT_3D ( 'NONE', #141, #497, #1831 ) ;
#1445 = ORIENTED_EDGE ( 'NONE', *, *, #1151, .T. ) ;
#1446 = ORIENTED_EDGE ( 'NONE', *, *, #2201, .F. ) ;
#1447 = AXIS2_PLACEMENT_3D ( 'NONE', #610, #68, #1418 ) ;
#1448 = DIRECTION ( 'NONE',  ( 1.000000000000000000, 0.000000000000000000, 0.000000000000000000 ) ) ;
#1449 = ADVANCED_FACE ( 'NONE', ( #2172 ), #1010, .F. ) ;
#1450 = CARTESIAN_POINT ( 'NONE',  ( -54.00000000000000000, -50.39999999999999858, 140.2118089999999881 ) ) ;
#1451 = EDGE_LOOP ( 'NONE', ( #2210, #488, #1073, #1103, #1639, #171, #558 ) ) ;
#1452 = DIRECTION ( 'NONE',  ( -0.000000000000000000, 0.000000000000000000, -1.000000000000000000 ) ) ;
#1453 = EDGE_CURVE ( 'NONE', #1543, #672, #1780, .T. ) ;
#1454 = DIRECTION ( 'NONE',  ( 1.000000000000000000, 0.000000000000000000, 0.000000000000000000 ) ) ;
#1455 = LINE ( 'NONE', #503, #1686 ) ;
#1456 = ORIENTED_EDGE ( 'NONE', *, *, #1698, .T. ) ;
#1457 = ORIENTED_EDGE ( 'NONE', *, *, #215, .F. ) ;
#1458 = DIRECTION ( 'NONE',  ( 0.000000000000000000, 0.000000000000000000, -1.000000000000000000 ) ) ;
#1459 = CARTESIAN_POINT ( 'NONE',  ( -82.10099999999999909, -50.20000000000000284, 140.1119089999999971 ) ) ;
#1460 = ORIENTED_EDGE ( 'NONE', *, *, #1323, .F. ) ;
#1461 = EDGE_CURVE ( 'NONE', #1893, #332, #76, .T. ) ;
#1462 = CARTESIAN_POINT ( 'NONE',  ( 0.000000000000000000, -50.39999999999999858, 140.1119089999999971 ) ) ;
#1463 = PLANE ( 'NONE',  #33 ) ;
#1464 = CARTESIAN_POINT ( 'NONE',  ( -6.000000000000000000, 50.39999999999999858, 140.2118089999999881 ) ) ;
#1465 = ADVANCED_FACE ( 'NONE', ( #1940 ), #2376, .F. ) ;
#1466 = CARTESIAN_POINT ( 'NONE',  ( 0.000000000000000000, 0.000000000000000000, 140.2118089999999881 ) ) ;
#1467 = ORIENTED_EDGE ( 'NONE', *, *, #1650, .T. ) ;
#1468 = ORIENTED_EDGE ( 'NONE', *, *, #134, .F. ) ;
#1469 = DIRECTION ( 'NONE',  ( -0.000000000000000000, 0.000000000000000000, 1.000000000000000000 ) ) ;
#1470 = CARTESIAN_POINT ( 'NONE',  ( 6.000000000000000000, 48.50000000000000000, 134.1119089999999971 ) ) ;
#1471 = VERTEX_POINT ( 'NONE', #267 ) ;
#1472 = CARTESIAN_POINT ( 'NONE',  ( 105.6500000000000057, -57.70000000000000284, 128.1119089999999971 ) ) ;
#1473 = CARTESIAN_POINT ( 'NONE',  ( 6.000000000000000000, 50.39999999999999858, 140.2118089999999881 ) ) ;
#1474 = ADVANCED_FACE ( 'NONE', ( #1189 ), #232, .T. ) ;
#1475 = AXIS2_PLACEMENT_3D ( 'NONE', #877, #1316, #2462 ) ;
#1476 = FACE_BOUND ( 'NONE', #1591, .T. ) ;
#1477 = VECTOR ( 'NONE', #2216, 1000.000000000000000 ) ;
#1478 = CARTESIAN_POINT ( 'NONE',  ( 110.5000000000000000, 65.20000000000000284, 140.1119089999999971 ) ) ;
#1479 = ORIENTED_EDGE ( 'NONE', *, *, #164, .F. ) ;
#1480 = ORIENTED_EDGE ( 'NONE', *, *, #743, .T. ) ;
#1481 = ADVANCED_FACE ( 'NONE', ( #284 ), #2243, .F. ) ;
#1482 = AXIS2_PLACEMENT_3D ( 'NONE', #101, #281, #864 ) ;
#1483 = LINE ( 'NONE', #2221, #1315 ) ;
#1484 = VECTOR ( 'NONE', #1733, 1000.000000000000000 ) ;
#1485 = AXIS2_PLACEMENT_3D ( 'NONE', #333, #2042, #322 ) ;
#1486 = VECTOR ( 'NONE', #1791, 1000.000000000000000 ) ;
#1487 = DIRECTION ( 'NONE',  ( -0.000000000000000000, -0.000000000000000000, -1.000000000000000000 ) ) ;
#1488 = ORIENTED_EDGE ( 'NONE', *, *, #1708, .T. ) ;
#1489 = DIRECTION ( 'NONE',  ( 1.000000000000000000, 0.000000000000000000, 0.000000000000000000 ) ) ;
#1490 = CARTESIAN_POINT ( 'NONE',  ( 104.4000000000000057, -57.70000000000000284, 128.1119089999999971 ) ) ;
#1491 = FACE_BOUND ( 'NONE', #594, .T. ) ;
#1492 = CARTESIAN_POINT ( 'NONE',  ( 108.5000000000000000, 53.20000000000000284, 142.1119089999999971 ) ) ;
#1493 = EDGE_LOOP ( 'NONE', ( #388, #522, #1683, #1055 ) ) ;
#1494 = ORIENTED_EDGE ( 'NONE', *, *, #2068, .F. ) ;
#1495 = CARTESIAN_POINT ( 'NONE',  ( 0.000000000000000000, 0.000000000000000000, 156.1119089999999971 ) ) ;
#1496 = PRODUCT_RELATED_PRODUCT_CATEGORY ( 'detail', '', ( #1349 ) ) ;
#1497 = CARTESIAN_POINT ( 'NONE',  ( -82.10099999999999909, 36.00000000000000000, 156.1119089999999971 ) ) ;
#1498 = ORIENTED_EDGE ( 'NONE', *, *, #922, .F. ) ;
#1499 = CARTESIAN_POINT ( 'NONE',  ( -66.00000000000000000, 50.39999999999999858, 134.1119089999999971 ) ) ;
#1500 = PLANE ( 'NONE',  #2244 ) ;
#1501 = DIRECTION ( 'NONE',  ( -1.000000000000000000, 0.000000000000000000, 0.000000000000000000 ) ) ;
#1502 = CARTESIAN_POINT ( 'NONE',  ( 100.2999999999999972, -51.20000000000000284, 140.1119089999999971 ) ) ;
#1503 = EDGE_LOOP ( 'NONE', ( #2108, #52, #1488, #2102 ) ) ;
#1504 = VERTEX_POINT ( 'NONE', #127 ) ;
#1505 = DIRECTION ( 'NONE',  ( 0.000000000000000000, 0.000000000000000000, -1.000000000000000000 ) ) ;
#1506 = EDGE_CURVE ( 'NONE', #2302, #2229, #1252, .T. ) ;
#1507 = LINE ( 'NONE', #2122, #1439 ) ;
#1508 = DIRECTION ( 'NONE',  ( -0.000000000000000000, 0.000000000000000000, -1.000000000000000000 ) ) ;
#1509 = ADVANCED_FACE ( 'NONE', ( #1656 ), #2428, .F. ) ;
#1510 = ORIENTED_EDGE ( 'NONE', *, *, #815, .F. ) ;
#1511 = CARTESIAN_POINT ( 'NONE',  ( -57.00000000000000000, 57.20000000000000995, 140.1119089999999971 ) ) ;
#1512 = LINE ( 'NONE', #1526, #1240 ) ;
#1513 = LINE ( 'NONE', #1702, #2443 ) ;
#1514 = DIRECTION ( 'NONE',  ( 0.000000000000000000, -1.000000000000000000, 0.000000000000000000 ) ) ;
#1515 = EDGE_LOOP ( 'NONE', ( #681, #653, #2259, #96, #2315 ) ) ;
#1516 = EDGE_LOOP ( 'NONE', ( #2337, #816, #226, #182 ) ) ;
#1517 = DIRECTION ( 'NONE',  ( 0.000000000000000000, -0.000000000000000000, 1.000000000000000000 ) ) ;
#1518 = VECTOR ( 'NONE', #993, 1000.000000000000000 ) ;
#1519 = CIRCLE ( 'NONE', #2076, 3.000000000000002665 ) ;
#1520 = CARTESIAN_POINT ( 'NONE',  ( 0.000000000000000000, 50.39999999999999858, 140.1119089999999971 ) ) ;
#1521 = VECTOR ( 'NONE', #1131, 1000.000000000000000 ) ;
#1522 = LINE ( 'NONE', #987, #2365 ) ;
#1523 = AXIS2_PLACEMENT_3D ( 'NONE', #57, #997, #31 ) ;
#1524 = EDGE_LOOP ( 'NONE', ( #1147, #1336, #981, #696 ) ) ;
#1525 = DATE_TIME_ROLE ( 'classification_date' ) ;
#1526 = CARTESIAN_POINT ( 'NONE',  ( 108.5000000000000000, -51.20000000000000284, 142.1119089999999971 ) ) ;
#1527 = CARTESIAN_POINT ( 'NONE',  ( -86.10099999999999909, -36.00000000000000000, 156.1119089999999971 ) ) ;
#1528 = DIRECTION ( 'NONE',  ( 1.000000000000000000, 0.000000000000000000, 0.000000000000000000 ) ) ;
#1529 = EDGE_LOOP ( 'NONE', ( #1027, #2040, #166, #1628, #2383, #568 ) ) ;
#1530 = VERTEX_POINT ( 'NONE', #2409 ) ;
#1531 = PLANE ( 'NONE',  #639 ) ;
#1532 = DIRECTION ( 'NONE',  ( -0.000000000000000000, -0.000000000000000000, -1.000000000000000000 ) ) ;
#1533 = CARTESIAN_POINT ( 'NONE',  ( -101.0000000000000000, -16.00000000000000000, 140.2119089999999915 ) ) ;
#1534 = ORIENTED_EDGE ( 'NONE', *, *, #2471, .F. ) ;
#1535 = CARTESIAN_POINT ( 'NONE',  ( 0.000000000000000000, 0.000000000000000000, 0.000000000000000000 ) ) ;
#1536 = CARTESIAN_POINT ( 'NONE',  ( -57.00000000000000000, -50.20000000000000284, 161.0119090000000028 ) ) ;
#1537 = ORIENTED_EDGE ( 'NONE', *, *, #1869, .F. ) ;
#1538 = EDGE_CURVE ( 'NONE', #1612, #697, #704, .T. ) ;
#1539 = CARTESIAN_POINT ( 'NONE',  ( 6.000000000000000000, 48.50000000000000000, 140.2118089999999881 ) ) ;
#1540 = EDGE_CURVE ( 'NONE', #767, #1325, #1097, .T. ) ;
#1541 = CARTESIAN_POINT ( 'NONE',  ( 0.000000000000000000, 0.000000000000000000, 134.1119089999999971 ) ) ;
#1542 = ORIENTED_EDGE ( 'NONE', *, *, #2196, .T. ) ;
#1543 = VERTEX_POINT ( 'NONE', #2218 ) ;
#1544 = DIRECTION ( 'NONE',  ( 0.000000000000000000, -0.000000000000000000, 1.000000000000000000 ) ) ;
#1545 = EDGE_CURVE ( 'NONE', #2322, #2377, #722, .T. ) ;
#1546 = DIRECTION ( 'NONE',  ( 0.000000000000000000, 1.000000000000000000, 0.000000000000000000 ) ) ;
#1547 = LINE ( 'NONE', #975, #153 ) ;
#1548 = CARTESIAN_POINT ( 'NONE',  ( 0.000000000000000000, 0.000000000000000000, 161.0119090000000028 ) ) ;
#1549 = VERTEX_POINT ( 'NONE', #2227 ) ;
#1550 = PERSON_AND_ORGANIZATION ( #925, #1193 ) ;
#1551 = DIRECTION ( 'NONE',  ( 0.000000000000000000, 0.000000000000000000, -1.000000000000000000 ) ) ;
#1552 = ORIENTED_EDGE ( 'NONE', *, *, #60, .T. ) ;
#1553 = DIRECTION ( 'NONE',  ( 0.000000000000000000, -1.000000000000000000, 0.000000000000000000 ) ) ;
#1554 = LINE ( 'NONE', #378, #1400 ) ;
#1555 = ORIENTED_EDGE ( 'NONE', *, *, #1248, .T. ) ;
#1556 = CARTESIAN_POINT ( 'NONE',  ( 0.000000000000000000, 0.000000000000000000, 140.2118089999999881 ) ) ;
#1557 = CARTESIAN_POINT ( 'NONE',  ( -110.0000000000000000, -65.20000000000000284, 140.1119089999999971 ) ) ;
#1558 = ADVANCED_FACE ( 'NONE', ( #318 ), #118, .F. ) ;
#1559 = DIRECTION ( 'NONE',  ( 0.000000000000000000, -1.000000000000000000, 0.000000000000000000 ) ) ;
#1560 = EDGE_CURVE ( 'NONE', #697, #64, #1084, .T. ) ;
#1561 = VECTOR ( 'NONE', #747, 1000.000000000000000 ) ;
#1562 = AXIS2_PLACEMENT_3D ( 'NONE', #820, #1594, #44 ) ;
#1563 = CARTESIAN_POINT ( 'NONE',  ( -63.00000000000000000, -50.20000000000000284, 161.0119090000000028 ) ) ;
#1564 = AXIS2_PLACEMENT_3D ( 'NONE', #2135, #737, #559 ) ;
#1565 = SECURITY_CLASSIFICATION_LEVEL ( 'unclassified' ) ;
#1566 = AXIS2_PLACEMENT_3D ( 'NONE', #1610, #2348, #1381 ) ;
#1567 = DIRECTION ( 'NONE',  ( 0.000000000000000000, 0.000000000000000000, -1.000000000000000000 ) ) ;
#1568 = VERTEX_POINT ( 'NONE', #137 ) ;
#1569 = CARTESIAN_POINT ( 'NONE',  ( 104.4000000000000057, 57.70000000000000284, 140.1119089999999971 ) ) ;
#1570 = ORIENTED_EDGE ( 'NONE', *, *, #615, .T. ) ;
#1571 = DIRECTION ( 'NONE',  ( 0.000000000000000000, 0.000000000000000000, -1.000000000000000000 ) ) ;
#1572 = CARTESIAN_POINT ( 'NONE',  ( -96.79999999999999716, -7.200000000000000178, 124.5119090000000028 ) ) ;
#1573 = ORIENTED_EDGE ( 'NONE', *, *, #1742, .F. ) ;
#1574 = DIRECTION ( 'NONE',  ( 1.000000000000000000, 0.000000000000000000, 0.000000000000000000 ) ) ;
#1575 = EDGE_CURVE ( 'NONE', #1612, #2318, #1455, .T. ) ;
#1576 = DIRECTION ( 'NONE',  ( 0.000000000000000000, -1.000000000000000000, 0.000000000000000000 ) ) ;
#1577 = EDGE_CURVE ( 'NONE', #651, #878, #2004, .T. ) ;
#1578 = CALENDAR_DATE ( 2026, 14, 9 ) ;
#1579 = DIRECTION ( 'NONE',  ( -1.000000000000000000, 0.000000000000000000, 0.000000000000000000 ) ) ;
#1580 = ORIENTED_EDGE ( 'NONE', *, *, #920, .F. ) ;
#1581 = DIRECTION ( 'NONE',  ( 0.000000000000000000, 0.000000000000000000, -1.000000000000000000 ) ) ;
#1582 = VERTEX_POINT ( 'NONE', #493 ) ;
#1583 = DIRECTION ( 'NONE',  ( 0.000000000000000000, 0.000000000000000000, -1.000000000000000000 ) ) ;
#1584 = DIRECTION ( 'NONE',  ( 0.000000000000000000, -1.000000000000000000, 0.000000000000000000 ) ) ;
#1585 = ORIENTED_EDGE ( 'NONE', *, *, #1694, .F. ) ;
#1586 = CARTESIAN_POINT ( 'NONE',  ( -6.000000000000000000, 48.50000000000000000, 134.1119089999999971 ) ) ;
#1587 = EDGE_CURVE ( 'NONE', #838, #2392, #1270, .T. ) ;
#1588 = EDGE_CURVE ( 'NONE', #305, #43, #1818, .T. ) ;
#1589 = ORIENTED_EDGE ( 'NONE', *, *, #1637, .F. ) ;
#1590 = CARTESIAN_POINT ( 'NONE',  ( -63.00000000000000000, 54.20000000000000284, 140.1119089999999971 ) ) ;
#1591 = EDGE_LOOP ( 'NONE', ( #456, #1326 ) ) ;
#1592 = LINE ( 'NONE', #2372, #1477 ) ;
#1593 = VERTEX_POINT ( 'NONE', #2036 ) ;
#1594 = DIRECTION ( 'NONE',  ( 1.000000000000000000, -0.000000000000000000, 0.000000000000000000 ) ) ;
#1595 = FACE_OUTER_BOUND ( 'NONE', #438, .T. ) ;
#1596 = ORIENTED_EDGE ( 'NONE', *, *, #709, .T. ) ;
#1597 = CARTESIAN_POINT ( 'NONE',  ( 100.2999999999999972, 53.20000000000000284, 140.1119089999999971 ) ) ;
#1598 = AXIS2_PLACEMENT_3D ( 'NONE', #1735, #2313, #583 ) ;
#1599 = VECTOR ( 'NONE', #1579, 1000.000000000000000 ) ;
#1600 = ORIENTED_EDGE ( 'NONE', *, *, #1461, .T. ) ;
#1601 = CARTESIAN_POINT ( 'NONE',  ( -102.6500000000000057, -16.00000000000000000, 136.9119090000000085 ) ) ;
#1602 = AXIS2_PLACEMENT_3D ( 'NONE', #1258, #1814, #90 ) ;
#1603 = AXIS2_PLACEMENT_3D ( 'NONE', #30, #2358, #56 ) ;
#1604 = VERTEX_POINT ( 'NONE', #901 ) ;
#1605 = ADVANCED_FACE ( 'NONE', ( #857 ), #329, .F. ) ;
#1606 = CARTESIAN_POINT ( 'NONE',  ( -63.00000000000000000, -50.39999999999999858, 140.2118089999999881 ) ) ;
#1607 = VECTOR ( 'NONE', #2427, 1000.000000000000000 ) ;
#1608 = ORIENTED_EDGE ( 'NONE', *, *, #2153, .F. ) ;
#1609 = DIRECTION ( 'NONE',  ( 0.000000000000000000, -0.000000000000000000, 1.000000000000000000 ) ) ;
#1610 = CARTESIAN_POINT ( 'NONE',  ( -6.000000000000000000, 50.39999999999999858, 140.2118089999999881 ) ) ;
#1611 = AXIS2_PLACEMENT_3D ( 'NONE', #2257, #529, #1741 ) ;
#1612 = VERTEX_POINT ( 'NONE', #483 ) ;
#1613 = DIRECTION ( 'NONE',  ( 0.000000000000000000, 0.000000000000000000, -1.000000000000000000 ) ) ;
#1614 = EDGE_LOOP ( 'NONE', ( #1135, #1287, #2446, #1357, #75, #55, #139, #1257, #1081, #1510, #780, #1792 ) ) ;
#1615 = CARTESIAN_POINT ( 'NONE',  ( 100.2999999999999972, 51.20000000000000284, 142.1119089999999971 ) ) ;
#1616 = ORIENTED_EDGE ( 'NONE', *, *, #123, .T. ) ;
#1617 = CARTESIAN_POINT ( 'NONE',  ( 100.2999999999999972, -53.20000000000000284, 140.1119089999999971 ) ) ;
#1618 = ORIENTED_EDGE ( 'NONE', *, *, #2375, .F. ) ;
#1619 = DIRECTION ( 'NONE',  ( -0.000000000000000000, -0.000000000000000000, -1.000000000000000000 ) ) ;
#1620 = ADVANCED_FACE ( 'NONE', ( #669, #1666, #1476, #1443, #1826, #1491, #2466 ), #353, .T. ) ;
#1621 = CARTESIAN_POINT ( 'NONE',  ( -6.000000000000000000, 50.39999999999999858, 140.2118089999999881 ) ) ;
#1622 = ORIENTED_EDGE ( 'NONE', *, *, #1560, .T. ) ;
#1623 = ORIENTED_EDGE ( 'NONE', *, *, #1677, .F. ) ;
#1624 = EDGE_CURVE ( 'NONE', #144, #557, #1513, .T. ) ;
#1625 = DIRECTION ( 'NONE',  ( 0.000000000000000000, -1.000000000000000000, 0.000000000000000000 ) ) ;
#1626 = ADVANCED_BREP_SHAPE_REPRESENTATION ( 'P02_Head_cradle', ( #1006, #108 ), #227 ) ;
#1627 = DIRECTION ( 'NONE',  ( 0.000000000000000000, 0.000000000000000000, -1.000000000000000000 ) ) ;
#1628 = ORIENTED_EDGE ( 'NONE', *, *, #1540, .F. ) ;
#1629 = PLANE ( 'NONE',  #2118 ) ;
#1630 = ORIENTED_EDGE ( 'NONE', *, *, #150, .F. ) ;
#1631 = CARTESIAN_POINT ( 'NONE',  ( 104.4000000000000057, -57.70000000000000284, 128.1119089999999971 ) ) ;
#1632 = CARTESIAN_POINT ( 'NONE',  ( -105.2000000000000028, 7.200000000000000178, 124.5119090000000028 ) ) ;
#1633 = ORIENTED_EDGE ( 'NONE', *, *, #703, .F. ) ;
#1634 = EDGE_LOOP ( 'NONE', ( #1479, #2160, #798, #1985 ) ) ;
#1635 = PLANE ( 'NONE',  #2486 ) ;
#1636 = EDGE_CURVE ( 'NONE', #1414, #1834, #2072, .T. ) ;
#1637 = EDGE_CURVE ( 'NONE', #1922, #193, #928, .T. ) ;
#1638 = LINE ( 'NONE', #1450, #1913 ) ;
#1639 = ORIENTED_EDGE ( 'NONE', *, *, #1698, .F. ) ;
#1640 = AXIS2_PLACEMENT_3D ( 'NONE', #376, #1567, #2334 ) ;
#1641 = LINE ( 'NONE', #1047, #310 ) ;
#1642 = AXIS2_PLACEMENT_3D ( 'NONE', #1569, #592, #42 ) ;
#1643 = LINE ( 'NONE', #482, #437 ) ;
#1644 = CARTESIAN_POINT ( 'NONE',  ( -101.0000000000000000, -16.00000000000000000, 140.2119089999999915 ) ) ;
#1645 = AXIS2_PLACEMENT_3D ( 'NONE', #2048, #317, #126 ) ;
#1646 = ORIENTED_EDGE ( 'NONE', *, *, #1848, .F. ) ;
#1647 = VERTEX_POINT ( 'NONE', #365 ) ;
#1648 = VECTOR ( 'NONE', #206, 1000.000000000000000 ) ;
#1649 = CARTESIAN_POINT ( 'NONE',  ( -99.35000000000000853, 16.00000000000000000, 122.2119090000000057 ) ) ;
#1650 = EDGE_CURVE ( 'NONE', #2306, #289, #1895, .T. ) ;
#1651 = CARTESIAN_POINT ( 'NONE',  ( -86.10099999999999909, 36.00000000000000000, 156.1119089999999971 ) ) ;
#1652 = EDGE_CURVE ( 'NONE', #1990, #754, #2407, .T. ) ;
#1653 = VERTEX_POINT ( 'NONE', #576 ) ;
#1654 = PLANE ( 'NONE',  #836 ) ;
#1655 = DIRECTION ( 'NONE',  ( 0.000000000000000000, 0.000000000000000000, 1.000000000000000000 ) ) ;
#1656 = FACE_OUTER_BOUND ( 'NONE', #526, .T. ) ;
#1657 = VERTEX_POINT ( 'NONE', #2280 ) ;
#1658 = ORIENTED_EDGE ( 'NONE', *, *, #2416, .T. ) ;
#1659 = PLANE ( 'NONE',  #839 ) ;
#1660 = EDGE_CURVE ( 'NONE', #106, #300, #1344, .T. ) ;
#1661 = DIRECTION ( 'NONE',  ( -1.000000000000000000, 0.000000000000000000, 0.000000000000000000 ) ) ;
#1662 = ORIENTED_EDGE ( 'NONE', *, *, #451, .T. ) ;
#1663 = EDGE_CURVE ( 'NONE', #1346, #697, #2112, .T. ) ;
#1664 = DIRECTION ( 'NONE',  ( 1.000000000000000000, 0.000000000000000000, -0.000000000000000000 ) ) ;
#1665 = CARTESIAN_POINT ( 'NONE',  ( -105.2000000000000028, 7.200000000000000178, 122.2119090000000057 ) ) ;
#1666 = FACE_BOUND ( 'NONE', #931, .T. ) ;
#1667 = CARTESIAN_POINT ( 'NONE',  ( 6.000000000000005329, 50.20000000000000284, 140.1119089999999971 ) ) ;
#1668 = ORIENTED_EDGE ( 'NONE', *, *, #2291, .F. ) ;
#1669 = ORIENTED_EDGE ( 'NONE', *, *, #1652, .T. ) ;
#1670 = FACE_OUTER_BOUND ( 'NONE', #1888, .T. ) ;
#1671 = CARTESIAN_POINT ( 'NONE',  ( -66.00000000000000000, -50.39999999999999858, 140.2118089999999881 ) ) ;
#1672 = VERTEX_POINT ( 'NONE', #2088 ) ;
#1673 = LOCAL_TIME ( 18, 28, 53.00000000000000000, #1711 ) ;
#1674 = CARTESIAN_POINT ( 'NONE',  ( -66.00000000000000000, -48.50000000000000000, 140.2118089999999881 ) ) ;
#1675 = PLANE ( 'NONE',  #439 ) ;
#1676 = VECTOR ( 'NONE', #225, 1000.000000000000000 ) ;
#1677 = EDGE_CURVE ( 'NONE', #265, #454, #760, .T. ) ;
#1678 = DIRECTION ( 'NONE',  ( -1.000000000000000000, 0.000000000000000000, 0.000000000000000000 ) ) ;
#1679 = AXIS2_PLACEMENT_3D ( 'NONE', #319, #1085, #1854 ) ;
#1680 = DIRECTION ( 'NONE',  ( 0.000000000000000000, 1.000000000000000000, 0.000000000000000000 ) ) ;
#1681 = CIRCLE ( 'NONE', #1198, 1.250000000000001110 ) ;
#1682 = ORIENTED_EDGE ( 'NONE', *, *, #477, .F. ) ;
#1683 = ORIENTED_EDGE ( 'NONE', *, *, #61, .F. ) ;
#1684 = LINE ( 'NONE', #2397, #1804 ) ;
#1685 = CIRCLE ( 'NONE', #676, 3.250000000000002665 ) ;
#1686 = VECTOR ( 'NONE', #1678, 1000.000000000000000 ) ;
#1687 = VECTOR ( 'NONE', #1693, 1000.000000000000000 ) ;
#1688 = LINE ( 'NONE', #2451, #635 ) ;
#1689 = ORIENTED_EDGE ( 'NONE', *, *, #2447, .F. ) ;
#1690 = DIRECTION ( 'NONE',  ( -1.000000000000000000, 0.000000000000000000, -0.000000000000000000 ) ) ;
#1691 = FACE_OUTER_BOUND ( 'NONE', #1388, .T. ) ;
#1692 = LINE ( 'NONE', #1906, #1409 ) ;
#1693 = DIRECTION ( 'NONE',  ( 0.000000000000000000, 1.000000000000000000, 0.000000000000000000 ) ) ;
#1694 = EDGE_CURVE ( 'NONE', #1471, #2014, #2167, .T. ) ;
#1695 = ORIENTED_EDGE ( 'NONE', *, *, #1063, .F. ) ;
#1696 = ORIENTED_EDGE ( 'NONE', *, *, #1104, .T. ) ;
#1697 = LINE ( 'NONE', #399, #678 ) ;
#1698 = EDGE_CURVE ( 'NONE', #2377, #479, #1295, .T. ) ;
#1699 = PLANE ( 'NONE',  #1475 ) ;
#1700 = ORIENTED_EDGE ( 'NONE', *, *, #2351, .T. ) ;
#1701 = DIRECTION ( 'NONE',  ( 0.000000000000000000, -1.000000000000000000, -0.000000000000000000 ) ) ;
#1702 = CARTESIAN_POINT ( 'NONE',  ( 108.5000000000000000, 53.20000000000000284, 140.1119089999999971 ) ) ;
#1703 = CARTESIAN_POINT ( 'NONE',  ( -57.00000000000000000, 57.20000000000000995, 143.1119089999999971 ) ) ;
#1704 = ORIENTED_EDGE ( 'NONE', *, *, #1319, .F. ) ;
#1705 = ORIENTED_EDGE ( 'NONE', *, *, #61, .T. ) ;
#1706 = CARTESIAN_POINT ( 'NONE',  ( -86.10099999999999909, -36.00000000000000000, 156.1119089999999971 ) ) ;
#1707 = CARTESIAN_POINT ( 'NONE',  ( -82.10099999999999909, 36.00000000000000000, 140.1119089999999971 ) ) ;
#1708 = EDGE_CURVE ( 'NONE', #2306, #1023, #151, .T. ) ;
#1709 = DIRECTION ( 'NONE',  ( 0.000000000000000000, -0.000000000000000000, -1.000000000000000000 ) ) ;
#1710 = EDGE_LOOP ( 'NONE', ( #1801, #2432, #2145, #1963 ) ) ;
#1711 = COORDINATED_UNIVERSAL_TIME_OFFSET ( 8, 0, .AHEAD. ) ;
#1712 = DIRECTION ( 'NONE',  ( 1.000000000000000000, 0.000000000000000000, 0.000000000000000000 ) ) ;
#1713 = CARTESIAN_POINT ( 'NONE',  ( 6.000000000000000000, 48.50000000000000000, 140.2118089999999881 ) ) ;
#1714 = PLANE ( 'NONE',  #2325 ) ;
#1715 = APPROVAL_PERSON_ORGANIZATION ( #2129, #1014, #172 ) ;
#1716 = ORIENTED_EDGE ( 'NONE', *, *, #324, .F. ) ;
#1717 = EDGE_LOOP ( 'NONE', ( #833, #140, #893, #2214 ) ) ;
#1718 = PLANE ( 'NONE',  #2202 ) ;
#1719 = VECTOR ( 'NONE', #617, 1000.000000000000000 ) ;
#1720 = VECTOR ( 'NONE', #537, 1000.000000000000000 ) ;
#1721 = VECTOR ( 'NONE', #1816, 1000.000000000000000 ) ;
#1722 = LINE ( 'NONE', #571, #1114 ) ;
#1723 = CIRCLE ( 'NONE', #1841, 3.250000000000002665 ) ;
#1724 = DIRECTION ( 'NONE',  ( 0.000000000000000000, 0.000000000000000000, -1.000000000000000000 ) ) ;
#1725 = AXIS2_PLACEMENT_3D ( 'NONE', #1306, #1885, #162 ) ;
#1726 = ORIENTED_EDGE ( 'NONE', *, *, #2212, .T. ) ;
#1727 = EDGE_CURVE ( 'NONE', #1897, #332, #1132, .T. ) ;
#1728 = DIRECTION ( 'NONE',  ( 0.000000000000000000, -1.000000000000000000, 0.000000000000000000 ) ) ;
#1729 = CARTESIAN_POINT ( 'NONE',  ( -57.00000000000000000, 54.20000000000000284, 161.0119090000000028 ) ) ;
#1730 = CARTESIAN_POINT ( 'NONE',  ( 105.6500000000000057, 57.70000000000000284, 128.1119089999999971 ) ) ;
#1731 = ORIENTED_EDGE ( 'NONE', *, *, #613, .F. ) ;
#1732 = ORIENTED_EDGE ( 'NONE', *, *, #1151, .F. ) ;
#1733 = DIRECTION ( 'NONE',  ( 0.000000000000000000, 0.000000000000000000, -1.000000000000000000 ) ) ;
#1734 = LINE ( 'NONE', #8, #1961 ) ;
#1735 = CARTESIAN_POINT ( 'NONE',  ( 0.000000000000000000, 0.000000000000000000, 140.2118089999999881 ) ) ;
#1736 = CARTESIAN_POINT ( 'NONE',  ( -57.00000000000000000, 54.20000000000000284, 143.1119089999999971 ) ) ;
#1737 = VERTEX_POINT ( 'NONE', #2060 ) ;
#1738 = APPROVAL_STATUS ( 'not_yet_approved' ) ;
#1739 = CARTESIAN_POINT ( 'NONE',  ( 108.5000000000000000, 53.20000000000000284, 140.1119089999999971 ) ) ;
#1740 = ORIENTED_EDGE ( 'NONE', *, *, #1538, .F. ) ;
#1741 = DIRECTION ( 'NONE',  ( 1.000000000000000000, 0.000000000000000000, 0.000000000000000000 ) ) ;
#1742 = EDGE_CURVE ( 'NONE', #479, #1398, #1692, .T. ) ;
#1743 = CARTESIAN_POINT ( 'NONE',  ( -54.00000000000000000, 48.50000000000000000, 134.1119089999999971 ) ) ;
#1744 = ORIENTED_EDGE ( 'NONE', *, *, #724, .F. ) ;
#1745 = LINE ( 'NONE', #595, #1313 ) ;
#1746 = CARTESIAN_POINT ( 'NONE',  ( -54.00000000000000000, 0.000000000000000000, 140.1119089999999971 ) ) ;
#1747 = CARTESIAN_POINT ( 'NONE',  ( 100.2999999999999972, -51.20000000000000284, 142.1119089999999971 ) ) ;
#1748 = CARTESIAN_POINT ( 'NONE',  ( 6.000000000000000000, 0.000000000000000000, 140.1119089999999971 ) ) ;
#1749 = APPLICATION_PROTOCOL_DEFINITION ( 'international standard', 'config_control_design', 1994, #2065 ) ;
#1750 = FACE_OUTER_BOUND ( 'NONE', #432, .T. ) ;
#1751 = PLANE ( 'NONE',  #1271 ) ;
#1752 = ORIENTED_EDGE ( 'NONE', *, *, #419, .T. ) ;
#1753 = CARTESIAN_POINT ( 'NONE',  ( -105.2000000000000028, 7.200000000000000178, 124.5119090000000028 ) ) ;
#1754 = EDGE_CURVE ( 'NONE', #1292, #960, #565, .T. ) ;
#1755 = CARTESIAN_POINT ( 'NONE',  ( 108.5000000000000000, 51.20000000000000284, 142.1119089999999971 ) ) ;
#1756 = EDGE_LOOP ( 'NONE', ( #1787, #85 ) ) ;
#1757 = ADVANCED_FACE ( 'NONE', ( #339 ), #1871, .T. ) ;
#1758 = LINE ( 'NONE', #415, #1243 ) ;
#1759 = CIRCLE ( 'NONE', #2438, 1.250000000000001110 ) ;
#1760 = VECTOR ( 'NONE', #1194, 1000.000000000000000 ) ;
#1761 = CARTESIAN_POINT ( 'NONE',  ( 100.2999999999999972, 51.20000000000000284, 142.1119089999999971 ) ) ;
#1762 = CIRCLE ( 'NONE', #113, 1.250000000000001110 ) ;
#1763 = DATE_AND_TIME ( #1944, #1673 ) ;
#1764 = VECTOR ( 'NONE', #1261, 1000.000000000000000 ) ;
#1765 = DIRECTION ( 'NONE',  ( -0.000000000000000000, -0.000000000000000000, -1.000000000000000000 ) ) ;
#1766 = DIRECTION ( 'NONE',  ( 0.000000000000000000, 0.000000000000000000, -1.000000000000000000 ) ) ;
#1767 = VERTEX_POINT ( 'NONE', #2455 ) ;
#1768 = FACE_OUTER_BOUND ( 'NONE', #1904, .T. ) ;
#1769 = LINE ( 'NONE', #1428, #2127 ) ;
#1770 = ADVANCED_FACE ( 'NONE', ( #733 ), #539, .F. ) ;
#1771 = ORIENTED_EDGE ( 'NONE', *, *, #2231, .T. ) ;
#1772 = LINE ( 'NONE', #1229, #351 ) ;
#1773 = EDGE_CURVE ( 'NONE', #282, #1604, #2131, .T. ) ;
#1774 = PLANE ( 'NONE',  #396 ) ;
#1775 = ORIENTED_EDGE ( 'NONE', *, *, #2277, .T. ) ;
#1776 = CARTESIAN_POINT ( 'NONE',  ( 108.5000000000000000, 51.20000000000000284, 140.1119089999999971 ) ) ;
#1777 = CARTESIAN_POINT ( 'NONE',  ( -110.0000000000000000, 65.20000000000000284, 122.2119090000000057 ) ) ;
#1778 = ORIENTED_EDGE ( 'NONE', *, *, #1025, .F. ) ;
#1779 = CARTESIAN_POINT ( 'NONE',  ( 105.6500000000000057, -57.70000000000000284, 140.2119089999999915 ) ) ;
#1780 = LINE ( 'NONE', #257, #1486 ) ;
#1781 = ORIENTED_EDGE ( 'NONE', *, *, #2025, .T. ) ;
#1782 = DIRECTION ( 'NONE',  ( -0.000000000000000000, 0.000000000000000000, 1.000000000000000000 ) ) ;
#1783 = EDGE_CURVE ( 'NONE', #1855, #1241, #2319, .T. ) ;
#1784 = ORIENTED_EDGE ( 'NONE', *, *, #2310, .T. ) ;
#1785 = DIRECTION ( 'NONE',  ( 0.000000000000000000, -1.000000000000000000, 0.000000000000000000 ) ) ;
#1786 = EDGE_CURVE ( 'NONE', #1810, #2431, #1758, .T. ) ;
#1787 = ORIENTED_EDGE ( 'NONE', *, *, #922, .T. ) ;
#1788 = DIRECTION ( 'NONE',  ( 1.000000000000000000, 0.000000000000000000, 0.000000000000000000 ) ) ;
#1789 = ORIENTED_EDGE ( 'NONE', *, *, #1773, .T. ) ;
#1790 = LINE ( 'NONE', #1427, #991 ) ;
#1791 = DIRECTION ( 'NONE',  ( -1.000000000000000000, 0.000000000000000000, 0.000000000000000000 ) ) ;
#1792 = ORIENTED_EDGE ( 'NONE', *, *, #615, .F. ) ;
#1793 = CARTESIAN_POINT ( 'NONE',  ( -96.79999999999999716, 7.200000000000000178, 124.5119090000000028 ) ) ;
#1794 = AXIS2_PLACEMENT_3D ( 'NONE', #654, #290, #1788 ) ;
#1795 = CIRCLE ( 'NONE', #1603, 3.250000000000002665 ) ;
#1796 = EDGE_CURVE ( 'NONE', #562, #567, #1547, .T. ) ;
#1797 = EDGE_LOOP ( 'NONE', ( #2352, #1998, #849, #1705 ) ) ;
#1798 = LINE ( 'NONE', #88, #309 ) ;
#1799 = AXIS2_PLACEMENT_3D ( 'NONE', #2069, #327, #1664 ) ;
#1800 = AXIS2_PLACEMENT_3D ( 'NONE', #1811, #1613, #2388 ) ;
#1801 = ORIENTED_EDGE ( 'NONE', *, *, #2025, .F. ) ;
#1802 = EDGE_CURVE ( 'NONE', #754, #1051, #1139, .T. ) ;
#1803 = DIRECTION ( 'NONE',  ( -1.000000000000000000, 0.000000000000000000, 0.000000000000000000 ) ) ;
#1804 = VECTOR ( 'NONE', #2449, 1000.000000000000000 ) ;
#1805 = ORIENTED_EDGE ( 'NONE', *, *, #1637, .T. ) ;
#1806 = DIRECTION ( 'NONE',  ( 0.000000000000000000, 1.000000000000000000, 0.000000000000000000 ) ) ;
#1807 = DIRECTION ( 'NONE',  ( 0.000000000000000000, 1.000000000000000000, 0.000000000000000000 ) ) ;
#1808 = VECTOR ( 'NONE', #2418, 1000.000000000000000 ) ;
#1809 = EDGE_LOOP ( 'NONE', ( #1237, #1221 ) ) ;
#1810 = VERTEX_POINT ( 'NONE', #1351 ) ;
#1811 = CARTESIAN_POINT ( 'NONE',  ( 104.4000000000000057, 57.70000000000000284, 140.2119089999999915 ) ) ;
#1812 = CARTESIAN_POINT ( 'NONE',  ( -54.00000000000000000, -50.39999999999999858, 134.1119089999999971 ) ) ;
#1813 = ORIENTED_EDGE ( 'NONE', *, *, #2460, .T. ) ;
#1814 = DIRECTION ( 'NONE',  ( 0.000000000000000000, 0.000000000000000000, -1.000000000000000000 ) ) ;
#1815 = ORIENTED_EDGE ( 'NONE', *, *, #157, .T. ) ;
#1816 = DIRECTION ( 'NONE',  ( 0.000000000000000000, 1.000000000000000000, 0.000000000000000000 ) ) ;
#1817 = ADVANCED_FACE ( 'NONE', ( #1371 ), #751, .F. ) ;
#1818 = LINE ( 'NONE', #94, #1880 ) ;
#1819 = ORIENTED_EDGE ( 'NONE', *, *, #2226, .T. ) ;
#1820 = ORIENTED_EDGE ( 'NONE', *, *, #709, .F. ) ;
#1821 = DIRECTION ( 'NONE',  ( 0.000000000000000000, -0.000000000000000000, -1.000000000000000000 ) ) ;
#1822 = DIRECTION ( 'NONE',  ( 0.000000000000000000, -1.000000000000000000, 0.000000000000000000 ) ) ;
#1823 = ORIENTED_EDGE ( 'NONE', *, *, #569, .F. ) ;
#1824 = CARTESIAN_POINT ( 'NONE',  ( -57.00000000000000000, 50.20000000000000284, 161.0119090000000028 ) ) ;
#1825 = DIRECTION ( 'NONE',  ( 0.000000000000000000, -1.000000000000000000, 0.000000000000000000 ) ) ;
#1826 = FACE_OUTER_BOUND ( 'NONE', #1288, .T. ) ;
#1827 = EDGE_CURVE ( 'NONE', #1530, #1843, #1722, .T. ) ;
#1828 = ADVANCED_FACE ( 'NONE', ( #2329 ), #934, .T. ) ;
#1829 = ORIENTED_EDGE ( 'NONE', *, *, #39, .F. ) ;
#1830 = EDGE_LOOP ( 'NONE', ( #1898, #531, #2297, #496, #1537, #1542, #230, #611 ) ) ;
#1831 = DIRECTION ( 'NONE',  ( 0.000000000000000000, 0.000000000000000000, 1.000000000000000000 ) ) ;
#1832 = EDGE_CURVE ( 'NONE', #120, #626, #1507, .T. ) ;
#1833 = CARTESIAN_POINT ( 'NONE',  ( 108.5000000000000000, -51.20000000000000284, 140.1119089999999971 ) ) ;
#1834 = VERTEX_POINT ( 'NONE', #384 ) ;
#1835 = VECTOR ( 'NONE', #1487, 1000.000000000000000 ) ;
#1836 = CARTESIAN_POINT ( 'NONE',  ( -63.00000000000000000, -50.20000000000000284, 161.0119090000000028 ) ) ;
#1837 = VECTOR ( 'NONE', #1324, 1000.000000000000000 ) ;
#1838 = VECTOR ( 'NONE', #1988, 1000.000000000000000 ) ;
#1839 = CARTESIAN_POINT ( 'NONE',  ( -66.00000000000000000, 48.50000000000000000, 140.2118089999999881 ) ) ;
#1840 = CARTESIAN_POINT ( 'NONE',  ( -57.00000000000000000, 50.20000000000000284, 161.0119090000000028 ) ) ;
#1841 = AXIS2_PLACEMENT_3D ( 'NONE', #1096, #449, #249 ) ;
#1842 = ORIENTED_EDGE ( 'NONE', *, *, #2138, .T. ) ;
#1843 = VERTEX_POINT ( 'NONE', #2488 ) ;
#1844 = VECTOR ( 'NONE', #469, 1000.000000000000000 ) ;
#1845 = DIRECTION ( 'NONE',  ( 1.000000000000000000, 0.000000000000000000, 0.000000000000000000 ) ) ;
#1846 = EDGE_CURVE ( 'NONE', #878, #1370, #946, .T. ) ;
#1847 = EDGE_CURVE ( 'NONE', #255, #1975, #765, .T. ) ;
#1848 = EDGE_CURVE ( 'NONE', #1018, #562, #778, .T. ) ;
#1849 = DIRECTION ( 'NONE',  ( 1.000000000000000000, 0.000000000000000000, 0.000000000000000000 ) ) ;
#1850 = ORIENTED_EDGE ( 'NONE', *, *, #885, .F. ) ;
#1851 = FACE_BOUND ( 'NONE', #1335, .T. ) ;
#1852 = DIRECTION ( 'NONE',  ( 1.000000000000000000, 0.000000000000000000, -0.000000000000000000 ) ) ;
#1853 = DIRECTION ( 'NONE',  ( -1.000000000000000000, 0.000000000000000000, 0.000000000000000000 ) ) ;
#1854 = DIRECTION ( 'NONE',  ( -0.000000000000000000, 0.000000000000000000, -1.000000000000000000 ) ) ;
#1855 = VERTEX_POINT ( 'NONE', #402 ) ;
#1856 = ORIENTED_EDGE ( 'NONE', *, *, #2101, .F. ) ;
#1857 = CARTESIAN_POINT ( 'NONE',  ( 6.000000000000000000, 50.39999999999999858, 140.2118089999999881 ) ) ;
#1858 = DIRECTION ( 'NONE',  ( -0.000000000000000000, -0.000000000000000000, -1.000000000000000000 ) ) ;
#1859 = ORIENTED_EDGE ( 'NONE', *, *, #601, .T. ) ;
#1860 = DIRECTION ( 'NONE',  ( -0.000000000000000000, 0.000000000000000000, -1.000000000000000000 ) ) ;
#1861 = LINE ( 'NONE', #2086, #1521 ) ;
#1862 = DIRECTION ( 'NONE',  ( 1.000000000000000000, 0.000000000000000000, 0.000000000000000000 ) ) ;
#1863 = CARTESIAN_POINT ( 'NONE',  ( -86.10099999999999909, -36.00000000000000000, 143.1119089999999971 ) ) ;
#1864 = VERTEX_POINT ( 'NONE', #1747 ) ;
#1865 = ORIENTED_EDGE ( 'NONE', *, *, #49, .F. ) ;
#1866 = DIRECTION ( 'NONE',  ( 0.000000000000000000, 0.000000000000000000, 1.000000000000000000 ) ) ;
#1867 = CARTESIAN_POINT ( 'NONE',  ( 100.2999999999999972, 53.20000000000000284, 142.1119089999999971 ) ) ;
#1868 = ORIENTED_EDGE ( 'NONE', *, *, #2105, .T. ) ;
#1869 = EDGE_CURVE ( 'NONE', #193, #95, #1328, .T. ) ;
#1870 = DIRECTION ( 'NONE',  ( 0.000000000000000000, 0.000000000000000000, -1.000000000000000000 ) ) ;
#1871 = PLANE ( 'NONE',  #275 ) ;
#1872 = EDGE_CURVE ( 'NONE', #2437, #314, #1339, .T. ) ;
#1873 = AXIS2_PLACEMENT_3D ( 'NONE', #2300, #2272, #544 ) ;
#1874 = DIRECTION ( 'NONE',  ( 0.000000000000000000, -0.000000000000000000, 1.000000000000000000 ) ) ;
#1875 = VECTOR ( 'NONE', #1368, 1000.000000000000000 ) ;
#1876 = ORIENTED_EDGE ( 'NONE', *, *, #602, .T. ) ;
#1877 = ORIENTED_EDGE ( 'NONE', *, *, #743, .F. ) ;
#1878 = CARTESIAN_POINT ( 'NONE',  ( -54.00000000000000000, -50.39999999999999858, 140.2118089999999881 ) ) ;
#1879 = VECTOR ( 'NONE', #962, 1000.000000000000000 ) ;
#1880 = VECTOR ( 'NONE', #2049, 1000.000000000000000 ) ;
#1881 = LINE ( 'NONE', #1497, #2283 ) ;
#1882 = EDGE_LOOP ( 'NONE', ( #858, #2260, #2457, #1129 ) ) ;
#1883 = DIRECTION ( 'NONE',  ( 0.000000000000000000, 1.000000000000000000, 0.000000000000000000 ) ) ;
#1884 = CARTESIAN_POINT ( 'NONE',  ( -6.000000000000000000, 50.39999999999999858, 140.1119089999999971 ) ) ;
#1885 = DIRECTION ( 'NONE',  ( -1.000000000000000000, 0.000000000000000000, 0.000000000000000000 ) ) ;
#1886 = CARTESIAN_POINT ( 'NONE',  ( -86.10099999999999909, -36.00000000000000000, 156.1119089999999971 ) ) ;
#1887 = ORIENTED_EDGE ( 'NONE', *, *, #524, .T. ) ;
#1888 = EDGE_LOOP ( 'NONE', ( #1456, #1941, #2405, #2387 ) ) ;
#1889 = EDGE_CURVE ( 'NONE', #1582, #1737, #908, .T. ) ;
#1890 = CARTESIAN_POINT ( 'NONE',  ( 108.5000000000000000, 51.20000000000000284, 140.1119089999999971 ) ) ;
#1891 = CARTESIAN_POINT ( 'NONE',  ( -57.00000000000000000, -50.20000000000000284, 161.0119090000000028 ) ) ;
#1892 = LINE ( 'NONE', #122, #1835 ) ;
#1893 = VERTEX_POINT ( 'NONE', #372 ) ;
#1894 = LINE ( 'NONE', #173, #36 ) ;
#1895 = LINE ( 'NONE', #1539, #197 ) ;
#1896 = LINE ( 'NONE', #929, #673 ) ;
#1897 = VERTEX_POINT ( 'NONE', #1917 ) ;
#1898 = ORIENTED_EDGE ( 'NONE', *, *, #663, .T. ) ;
#1899 = CARTESIAN_POINT ( 'NONE',  ( -105.2000000000000028, -7.200000000000000178, 124.5119090000000028 ) ) ;
#1900 = EDGE_CURVE ( 'NONE', #1382, #579, #2106, .T. ) ;
#1901 = CARTESIAN_POINT ( 'NONE',  ( 0.000000000000000000, 0.000000000000000000, 142.1119089999999971 ) ) ;
#1902 = ADVANCED_FACE ( 'NONE', ( #600 ), #222, .T. ) ;
#1903 = CARTESIAN_POINT ( 'NONE',  ( -101.0000000000000000, 16.00000000000000000, 140.2119089999999915 ) ) ;
#1904 = EDGE_LOOP ( 'NONE', ( #869, #91, #1819, #1020, #86, #279, #176, #1480 ) ) ;
#1905 = LINE ( 'NONE', #1945, #586 ) ;
#1906 = CARTESIAN_POINT ( 'NONE',  ( -57.00000000000000000, 54.20000000000000284, 143.1119089999999971 ) ) ;
#1907 = CARTESIAN_POINT ( 'NONE',  ( -57.00000000000000000, 50.39999999999999858, 140.2118089999999881 ) ) ;
#1908 = ORIENTED_EDGE ( 'NONE', *, *, #1407, .F. ) ;
#1909 = ORIENTED_EDGE ( 'NONE', *, *, #658, .F. ) ;
#1910 = DIRECTION ( 'NONE',  ( 1.000000000000000000, 0.000000000000000000, 0.000000000000000000 ) ) ;
#1911 = CARTESIAN_POINT ( 'NONE',  ( -6.000000000000000000, 48.50000000000000000, 140.2118089999999881 ) ) ;
#1912 = CIRCLE ( 'NONE', #1642, 1.250000000000001110 ) ;
#1913 = VECTOR ( 'NONE', #1399, 1000.000000000000000 ) ;
#1914 = VECTOR ( 'NONE', #701, 1000.000000000000000 ) ;
#1915 = CIRCLE ( 'NONE', #951, 1.649999999999998579 ) ;
#1916 = ADVANCED_FACE ( 'NONE', ( #1931 ), #211, .F. ) ;
#1917 = CARTESIAN_POINT ( 'NONE',  ( -99.35000000000000853, -16.00000000000000000, 136.9119090000000085 ) ) ;
#1918 = AXIS2_PLACEMENT_3D ( 'NONE', #2184, #1782, #460 ) ;
#1919 = FACE_OUTER_BOUND ( 'NONE', #2414, .T. ) ;
#1920 = EDGE_CURVE ( 'NONE', #1016, #1414, #789, .T. ) ;
#1921 = AXIS2_PLACEMENT_3D ( 'NONE', #1632, #303, #1285 ) ;
#1922 = VERTEX_POINT ( 'NONE', #1886 ) ;
#1923 = COORDINATED_UNIVERSAL_TIME_OFFSET ( 8, 0, .AHEAD. ) ;
#1924 = CARTESIAN_POINT ( 'NONE',  ( -104.2500000000000142, 16.00000000000000000, 140.1119089999999971 ) ) ;
#1925 = EDGE_LOOP ( 'NONE', ( #2067, #89, #1039, #346 ) ) ;
#1926 = DIRECTION ( 'NONE',  ( -0.000000000000000000, 0.000000000000000000, 1.000000000000000000 ) ) ;
#1927 = CARTESIAN_POINT ( 'NONE',  ( -82.10099999999999909, -36.00000000000000000, 156.1119089999999971 ) ) ;
#1928 = ORIENTED_EDGE ( 'NONE', *, *, #1846, .T. ) ;
#1929 = CARTESIAN_POINT ( 'NONE',  ( -63.00000000000000000, -50.20000000000000284, 161.0119090000000028 ) ) ;
#1930 = CARTESIAN_POINT ( 'NONE',  ( -101.0000000000000000, 16.00000000000000000, 136.9119090000000085 ) ) ;
#1931 = FACE_OUTER_BOUND ( 'NONE', #1451, .T. ) ;
#1932 = DIRECTION ( 'NONE',  ( -0.000000000000000000, 0.000000000000000000, 1.000000000000000000 ) ) ;
#1933 = ORIENTED_EDGE ( 'NONE', *, *, #1104, .F. ) ;
#1934 = EDGE_CURVE ( 'NONE', #1672, #144, #1098, .T. ) ;
#1935 = DATE_AND_TIME ( #375, #1434 ) ;
#1936 = CARTESIAN_POINT ( 'NONE',  ( 100.2999999999999972, 51.20000000000000284, 142.1119089999999971 ) ) ;
#1937 = CARTESIAN_POINT ( 'NONE',  ( -57.00000000000000000, -54.20000000000000284, 143.1119089999999971 ) ) ;
#1938 = VERTEX_POINT ( 'NONE', #1502 ) ;
#1939 = CARTESIAN_POINT ( 'NONE',  ( 108.5000000000000000, -51.20000000000000284, 142.1119089999999971 ) ) ;
#1940 = FACE_OUTER_BOUND ( 'NONE', #2039, .T. ) ;
#1941 = ORIENTED_EDGE ( 'NONE', *, *, #1742, .T. ) ;
#1942 = CARTESIAN_POINT ( 'NONE',  ( -63.00000000000000000, 50.20000000000000284, 161.0119090000000028 ) ) ;
#1943 = CARTESIAN_POINT ( 'NONE',  ( -57.00000000000000000, 50.39999999999999858, 140.2118089999999881 ) ) ;
#1944 = CALENDAR_DATE ( 2026, 14, 9 ) ;
#1945 = CARTESIAN_POINT ( 'NONE',  ( -110.0000000000000000, 65.20000000000000284, 140.1119089999999971 ) ) ;
#1946 = ORIENTED_EDGE ( 'NONE', *, *, #494, .F. ) ;
#1947 = EDGE_CURVE ( 'NONE', #767, #2077, #556, .T. ) ;
#1948 = CARTESIAN_POINT ( 'NONE',  ( 110.5000000000000000, -50.20000000000000284, 122.2119090000000057 ) ) ;
#1949 = ORIENTED_EDGE ( 'NONE', *, *, #490, .F. ) ;
#1950 = LINE ( 'NONE', #218, #512 ) ;
#1951 = EDGE_CURVE ( 'NONE', #644, #2411, #903, .T. ) ;
#1952 = LINE ( 'NONE', #2147, #2205 ) ;
#1953 = ORIENTED_EDGE ( 'NONE', *, *, #2252, .F. ) ;
#1954 = PLANE ( 'NONE',  #196 ) ;
#1955 = VECTOR ( 'NONE', #1231, 1000.000000000000000 ) ;
#1956 = VECTOR ( 'NONE', #1378, 1000.000000000000000 ) ;
#1957 = VECTOR ( 'NONE', #426, 1000.000000000000000 ) ;
#1958 = DIRECTION ( 'NONE',  ( -0.000000000000000000, 1.000000000000000000, 0.000000000000000000 ) ) ;
#1959 = VECTOR ( 'NONE', #59, 1000.000000000000000 ) ;
#1960 = ORIENTED_EDGE ( 'NONE', *, *, #109, .T. ) ;
#1961 = VECTOR ( 'NONE', #581, 1000.000000000000000 ) ;
#1962 = CARTESIAN_POINT ( 'NONE',  ( -97.75000000000000000, 16.00000000000000000, 140.1119089999999971 ) ) ;
#1963 = ORIENTED_EDGE ( 'NONE', *, *, #1660, .F. ) ;
#1964 = CARTESIAN_POINT ( 'NONE',  ( -66.00000000000000000, 48.50000000000000000, 134.1119089999999971 ) ) ;
#1965 = ORIENTED_EDGE ( 'NONE', *, *, #1433, .T. ) ;
#1966 = LINE ( 'NONE', #1779, #1484 ) ;
#1967 = CARTESIAN_POINT ( 'NONE',  ( -82.10099999999999909, 36.00000000000000000, 140.1119089999999971 ) ) ;
#1968 = ORIENTED_EDGE ( 'NONE', *, *, #1407, .T. ) ;
#1969 = DIRECTION ( 'NONE',  ( 1.000000000000000000, 0.000000000000000000, 0.000000000000000000 ) ) ;
#1970 = EDGE_CURVE ( 'NONE', #289, #1653, #1122, .T. ) ;
#1971 = VERTEX_POINT ( 'NONE', #530 ) ;
#1972 = DIRECTION ( 'NONE',  ( 0.000000000000000000, 0.000000000000000000, 1.000000000000000000 ) ) ;
#1973 = EDGE_LOOP ( 'NONE', ( #405, #2097, #1416, #624 ) ) ;
#1974 = CYLINDRICAL_SURFACE ( 'NONE', #1602, 1.250000000000001110 ) ;
#1975 = VERTEX_POINT ( 'NONE', #330 ) ;
#1976 = DIRECTION ( 'NONE',  ( -1.000000000000000000, 0.000000000000000000, 0.000000000000000000 ) ) ;
#1977 = DIRECTION ( 'NONE',  ( 0.000000000000000000, -1.000000000000000000, 0.000000000000000000 ) ) ;
#1978 = EDGE_LOOP ( 'NONE', ( #690, #1850, #1865, #1987 ) ) ;
#1979 = DIRECTION ( 'NONE',  ( 0.000000000000000000, 0.000000000000000000, 1.000000000000000000 ) ) ;
#1980 = EDGE_CURVE ( 'NONE', #1810, #2357, #366, .T. ) ;
#1981 = ADVANCED_FACE ( 'NONE', ( #163 ), #1307, .F. ) ;
#1982 = ADVANCED_FACE ( 'NONE', ( #138 ), #2444, .T. ) ;
#1983 = ORIENTED_EDGE ( 'NONE', *, *, #183, .F. ) ;
#1984 = CARTESIAN_POINT ( 'NONE',  ( -110.0000000000000000, 65.20000000000000284, 140.1119089999999971 ) ) ;
#1985 = ORIENTED_EDGE ( 'NONE', *, *, #1453, .F. ) ;
#1986 = DIRECTION ( 'NONE',  ( 0.000000000000000000, 0.000000000000000000, 1.000000000000000000 ) ) ;
#1987 = ORIENTED_EDGE ( 'NONE', *, *, #875, .T. ) ;
#1988 = DIRECTION ( 'NONE',  ( -1.000000000000000000, 0.000000000000000000, 0.000000000000000000 ) ) ;
#1989 = CARTESIAN_POINT ( 'NONE',  ( -110.0000000000000000, 65.20000000000000284, 140.1119089999999971 ) ) ;
#1990 = VERTEX_POINT ( 'NONE', #1863 ) ;
#1991 = FACE_OUTER_BOUND ( 'NONE', #1529, .T. ) ;
#1992 = VECTOR ( 'NONE', #1785, 1000.000000000000000 ) ;
#1993 = VECTOR ( 'NONE', #2345, 1000.000000000000000 ) ;
#1994 = AXIS2_PLACEMENT_3D ( 'NONE', #535, #223, #766 ) ;
#1995 = EDGE_CURVE ( 'NONE', #726, #767, #1133, .T. ) ;
#1996 = LINE ( 'NONE', #1590, #1992 ) ;
#1997 = AXIS2_PLACEMENT_3D ( 'NONE', #1137, #1337, #2079 ) ;
#1998 = ORIENTED_EDGE ( 'NONE', *, *, #724, .T. ) ;
#1999 = FACE_OUTER_BOUND ( 'NONE', #286, .T. ) ;
#2000 = VECTOR ( 'NONE', #970, 1000.000000000000000 ) ;
#2001 = EDGE_CURVE ( 'NONE', #2410, #1504, #1759, .T. ) ;
#2002 = EDGE_LOOP ( 'NONE', ( #1266, #2019, #2187, #949, #2223, #2264 ) ) ;
#2003 = CARTESIAN_POINT ( 'NONE',  ( -66.00000000000000000, -50.39999999999999858, 140.2118089999999881 ) ) ;
#2004 = LINE ( 'NONE', #1464, #1844 ) ;
#2005 = VECTOR ( 'NONE', #2132, 1000.000000000000000 ) ;
#2006 = VERTEX_POINT ( 'NONE', #504 ) ;
#2007 = ORIENTED_EDGE ( 'NONE', *, *, #2474, .F. ) ;
#2008 = LINE ( 'NONE', #2175, #2037 ) ;
#2009 = DIRECTION ( 'NONE',  ( 0.000000000000000000, 1.000000000000000000, 0.000000000000000000 ) ) ;
#2010 = ORIENTED_EDGE ( 'NONE', *, *, #1461, .F. ) ;
#2011 = EDGE_CURVE ( 'NONE', #725, #1330, #1896, .T. ) ;
#2012 = CC_DESIGN_PERSON_AND_ORGANIZATION_ASSIGNMENT ( #417, #1130, ( #1349 ) ) ;
#2013 = FACE_OUTER_BOUND ( 'NONE', #1040, .T. ) ;
#2014 = VERTEX_POINT ( 'NONE', #1272 ) ;
#2015 = CARTESIAN_POINT ( 'NONE',  ( -63.00000000000000000, 57.20000000000000995, 140.1119089999999971 ) ) ;
#2016 = CARTESIAN_POINT ( 'NONE',  ( -101.0000000000000000, -16.00000000000000000, 140.2119089999999915 ) ) ;
#2017 = EDGE_CURVE ( 'NONE', #2357, #479, #1312, .T. ) ;
#2018 = VERTEX_POINT ( 'NONE', #2268 ) ;
#2019 = ORIENTED_EDGE ( 'NONE', *, *, #461, .T. ) ;
#2020 = CARTESIAN_POINT ( 'NONE',  ( -57.00000000000000000, 54.20000000000000284, 161.0119090000000028 ) ) ;
#2021 = PLANE ( 'NONE',  #2238 ) ;
#2022 = EDGE_LOOP ( 'NONE', ( #1228, #541, #1633, #119 ) ) ;
#2023 = LINE ( 'NONE', #1777, #1037 ) ;
#2024 = CARTESIAN_POINT ( 'NONE',  ( -82.10099999999999909, -50.20000000000000284, 140.1119089999999971 ) ) ;
#2025 = EDGE_CURVE ( 'NONE', #120, #106, #712, .T. ) ;
#2026 = CARTESIAN_POINT ( 'NONE',  ( -57.00000000000000000, -54.20000000000000284, 161.0119090000000028 ) ) ;
#2027 = ORIENTED_EDGE ( 'NONE', *, *, #1390, .T. ) ;
#2028 = ORIENTED_EDGE ( 'NONE', *, *, #582, .F. ) ;
#2029 = ADVANCED_FACE ( 'NONE', ( #941 ), #1714, .F. ) ;
#2030 = DIRECTION ( 'NONE',  ( 0.000000000000000000, -1.000000000000000000, 0.000000000000000000 ) ) ;
#2031 = CYLINDRICAL_SURFACE ( 'NONE', #1158, 3.000000000000002665 ) ;
#2032 = EDGE_LOOP ( 'NONE', ( #2028, #235, #321, #392 ) ) ;
#2033 = LINE ( 'NONE', #1499, #1277 ) ;
#2034 = VECTOR ( 'NONE', #2139, 1000.000000000000000 ) ;
#2035 = DIRECTION ( 'NONE',  ( 0.000000000000000000, 1.000000000000000000, 0.000000000000000000 ) ) ;
#2036 = CARTESIAN_POINT ( 'NONE',  ( -82.10099999999999909, 50.20000000000000284, 122.2119090000000057 ) ) ;
#2037 = VECTOR ( 'NONE', #1625, 1000.000000000000000 ) ;
#2038 = PLANE ( 'NONE',  #1679 ) ;
#2039 = EDGE_LOOP ( 'NONE', ( #2484, #1302, #1424, #2275 ) ) ;
#2040 = ORIENTED_EDGE ( 'NONE', *, *, #787, .T. ) ;
#2041 = VECTOR ( 'NONE', #1584, 1000.000000000000000 ) ;
#2042 = DIRECTION ( 'NONE',  ( 0.000000000000000000, -1.000000000000000000, 0.000000000000000000 ) ) ;
#2043 = ADVANCED_FACE ( 'NONE', ( #2228 ), #2038, .F. ) ;
#2044 = EDGE_CURVE ( 'NONE', #1653, #129, #892, .T. ) ;
#2045 = DIRECTION ( 'NONE',  ( -0.000000000000000000, 0.000000000000000000, -1.000000000000000000 ) ) ;
#2046 = ORIENTED_EDGE ( 'NONE', *, *, #2460, .F. ) ;
#2047 = CARTESIAN_POINT ( 'NONE',  ( -101.0000000000000000, -16.00000000000000000, 136.9119090000000085 ) ) ;
#2048 = CARTESIAN_POINT ( 'NONE',  ( 100.2999999999999972, -53.20000000000000284, 142.1119089999999971 ) ) ;
#2049 = DIRECTION ( 'NONE',  ( 0.000000000000000000, -1.000000000000000000, 0.000000000000000000 ) ) ;
#2050 = CARTESIAN_POINT ( 'NONE',  ( 6.000000000000000000, 48.50000000000000000, 134.1119089999999971 ) ) ;
#2051 = VERTEX_POINT ( 'NONE', #2430 ) ;
#2052 = ORIENTED_EDGE ( 'NONE', *, *, #628, .T. ) ;
#2053 = FACE_OUTER_BOUND ( 'NONE', #1213, .T. ) ;
#2054 = EDGE_CURVE ( 'NONE', #1023, #651, #761, .T. ) ;
#2055 = LINE ( 'NONE', #1092, #630 ) ;
#2056 = EDGE_CURVE ( 'NONE', #409, #1810, #577, .T. ) ;
#2057 = ORIENTED_EDGE ( 'NONE', *, *, #1708, .F. ) ;
#2058 = LINE ( 'NONE', #2439, #307 ) ;
#2059 = DIRECTION ( 'NONE',  ( -0.000000000000000000, 0.000000000000000000, -1.000000000000000000 ) ) ;
#2060 = CARTESIAN_POINT ( 'NONE',  ( 103.1500000000000057, -57.70000000000000284, 140.1119089999999971 ) ) ;
#2061 = DIRECTION ( 'NONE',  ( 0.000000000000000000, 0.000000000000000000, 1.000000000000000000 ) ) ;
#2062 = ORIENTED_EDGE ( 'NONE', *, *, #1652, .F. ) ;
#2063 = ORIENTED_EDGE ( 'NONE', *, *, #2196, .F. ) ;
#2064 = PLANE ( 'NONE',  #400 ) ;
#2065 = APPLICATION_CONTEXT ( 'configuration controlled 3d designs of mechanical parts and assemblies' ) ;
#2066 = FACE_OUTER_BOUND ( 'NONE', #599, .T. ) ;
#2067 = ORIENTED_EDGE ( 'NONE', *, *, #280, .T. ) ;
#2068 = EDGE_CURVE ( 'NONE', #454, #265, #1912, .T. ) ;
#2069 = CARTESIAN_POINT ( 'NONE',  ( -101.0000000000000000, 16.00000000000000000, 136.9119090000000085 ) ) ;
#2070 = LINE ( 'NONE', #501, #1038 ) ;
#2071 = VECTOR ( 'NONE', #954, 1000.000000000000000 ) ;
#2072 = LINE ( 'NONE', #16, #1043 ) ;
#2073 = EDGE_CURVE ( 'NONE', #1843, #726, #618, .T. ) ;
#2074 = VECTOR ( 'NONE', #738, 1000.000000000000000 ) ;
#2075 = DIRECTION ( 'NONE',  ( 0.000000000000000000, -1.000000000000000000, 0.000000000000000000 ) ) ;
#2076 = AXIS2_PLACEMENT_3D ( 'NONE', #7, #776, #1571 ) ;
#2077 = VERTEX_POINT ( 'NONE', #395 ) ;
#2078 = ORIENTED_EDGE ( 'NONE', *, *, #1624, .F. ) ;
#2079 = DIRECTION ( 'NONE',  ( -1.000000000000000000, 0.000000000000000000, 0.000000000000000000 ) ) ;
#2080 = VECTOR ( 'NONE', #1969, 1000.000000000000000 ) ;
#2081 = AXIS2_PLACEMENT_3D ( 'NONE', #1239, #881, #1862 ) ;
#2082 = CARTESIAN_POINT ( 'NONE',  ( -110.0000000000000000, -65.20000000000000284, 140.1119089999999971 ) ) ;
#2083 = CARTESIAN_POINT ( 'NONE',  ( -82.10099999999999909, 50.20000000000000284, 140.1119089999999971 ) ) ;
#2084 = ORIENTED_EDGE ( 'NONE', *, *, #628, .F. ) ;
#2085 = CARTESIAN_POINT ( 'NONE',  ( 110.5000000000000000, -65.20000000000000284, 140.1119089999999971 ) ) ;
#2086 = CARTESIAN_POINT ( 'NONE',  ( -105.2000000000000028, 7.200000000000000178, 124.5119090000000028 ) ) ;
#2087 = EDGE_CURVE ( 'NONE', #1971, #1593, #2113, .T. ) ;
#2088 = CARTESIAN_POINT ( 'NONE',  ( 108.5000000000000000, 53.20000000000000284, 142.1119089999999971 ) ) ;
#2089 = CC_DESIGN_PERSON_AND_ORGANIZATION_ASSIGNMENT ( #1550, #2140, ( #677 ) ) ;
#2090 = CARTESIAN_POINT ( 'NONE',  ( 104.4000000000000057, -57.70000000000000284, 128.1119089999999971 ) ) ;
#2091 = ORIENTED_EDGE ( 'NONE', *, *, #578, .T. ) ;
#2092 = ORIENTED_EDGE ( 'NONE', *, *, #1219, .T. ) ;
#2093 = EDGE_CURVE ( 'NONE', #2077, #459, #2481, .T. ) ;
#2094 = DIRECTION ( 'NONE',  ( 0.000000000000000000, -1.000000000000000000, 0.000000000000000000 ) ) ;
#2095 = CARTESIAN_POINT ( 'NONE',  ( -82.10099999999999909, -36.00000000000000000, 156.1119089999999971 ) ) ;
#2096 = FACE_OUTER_BOUND ( 'NONE', #1797, .T. ) ;
#2097 = ORIENTED_EDGE ( 'NONE', *, *, #889, .F. ) ;
#2098 = CARTESIAN_POINT ( 'NONE',  ( 100.2999999999999972, -53.20000000000000284, 142.1119089999999971 ) ) ;
#2099 = DIRECTION ( 'NONE',  ( 0.000000000000000000, 0.000000000000000000, 1.000000000000000000 ) ) ;
#2100 = DIRECTION ( 'NONE',  ( 1.000000000000000000, 0.000000000000000000, 0.000000000000000000 ) ) ;
#2101 = EDGE_CURVE ( 'NONE', #2155, #1647, #808, .T. ) ;
#2102 = ORIENTED_EDGE ( 'NONE', *, *, #2054, .T. ) ;
#2103 = ORIENTED_EDGE ( 'NONE', *, *, #2073, .T. ) ;
#2104 = LINE ( 'NONE', #381, #1280 ) ;
#2105 = EDGE_CURVE ( 'NONE', #972, #1414, #2154, .T. ) ;
#2106 = LINE ( 'NONE', #1707, #598 ) ;
#2107 = CARTESIAN_POINT ( 'NONE',  ( -66.00000000000000000, 0.000000000000000000, 140.1119089999999971 ) ) ;
#2108 = ORIENTED_EDGE ( 'NONE', *, *, #1419, .T. ) ;
#2109 = DIRECTION ( 'NONE',  ( 1.000000000000000000, 0.000000000000000000, 0.000000000000000000 ) ) ;
#2110 = CARTESIAN_POINT ( 'NONE',  ( 6.000000000000000000, 50.20000000000000284, 140.1119089999999971 ) ) ;
#2111 = ORIENTED_EDGE ( 'NONE', *, *, #1934, .F. ) ;
#2112 = LINE ( 'NONE', #553, #1648 ) ;
#2113 = LINE ( 'NONE', #980, #277 ) ;
#2114 = VECTOR ( 'NONE', #2045, 1000.000000000000000 ) ;
#2115 = ORIENTED_EDGE ( 'NONE', *, *, #79, .T. ) ;
#2116 = CARTESIAN_POINT ( 'NONE',  ( -101.0000000000000000, 16.00000000000000000, 136.9119090000000085 ) ) ;
#2117 = CARTESIAN_POINT ( 'NONE',  ( -54.00000000000000000, -50.39999999999999858, 140.1119089999999971 ) ) ;
#2118 = AXIS2_PLACEMENT_3D ( 'NONE', #2179, #81, #2204 ) ;
#2119 = AXIS2_PLACEMENT_3D ( 'NONE', #1372, #181, #1724 ) ;
#2120 = VECTOR ( 'NONE', #1690, 1000.000000000000000 ) ;
#2121 = VECTOR ( 'NONE', #2094, 1000.000000000000000 ) ;
#2122 = CARTESIAN_POINT ( 'NONE',  ( -97.75000000000000000, 16.00000000000000000, 140.2119089999999915 ) ) ;
#2123 = EDGE_CURVE ( 'NONE', #1018, #282, #1345, .T. ) ;
#2124 = APPROVAL ( #1738, '未' ) ;
#2125 = AXIS2_PLACEMENT_3D ( 'NONE', #84, #1807, #1394 ) ;
#2126 = CARTESIAN_POINT ( 'NONE',  ( 100.2999999999999972, 53.20000000000000284, 142.1119089999999971 ) ) ;
#2127 = VECTOR ( 'NONE', #1227, 1000.000000000000000 ) ;
#2128 = ORIENTED_EDGE ( 'NONE', *, *, #688, .T. ) ;
#2129 = PERSON_AND_ORGANIZATION ( #925, #1193 ) ;
#2130 = CARTESIAN_POINT ( 'NONE',  ( -89.10099999999999909, 36.00000000000000000, 143.1119089999999971 ) ) ;
#2131 = LINE ( 'NONE', #782, #912 ) ;
#2132 = DIRECTION ( 'NONE',  ( 0.000000000000000000, 1.000000000000000000, 0.000000000000000000 ) ) ;
#2133 = ORIENTED_EDGE ( 'NONE', *, *, #494, .T. ) ;
#2134 = LINE ( 'NONE', #1347, #391 ) ;
#2135 = CARTESIAN_POINT ( 'NONE',  ( 0.000000000000000000, 0.000000000000000000, 134.1119089999999971 ) ) ;
#2136 = ORIENTED_EDGE ( 'NONE', *, *, #602, .F. ) ;
#2137 = DIRECTION ( 'NONE',  ( 0.000000000000000000, 0.000000000000000000, -1.000000000000000000 ) ) ;
#2138 = EDGE_CURVE ( 'NONE', #1325, #2206, #1200, .T. ) ;
#2139 = DIRECTION ( 'NONE',  ( 0.000000000000000000, -1.000000000000000000, 0.000000000000000000 ) ) ;
#2140 = PERSON_AND_ORGANIZATION_ROLE ( 'creator' ) ;
#2141 = EDGE_CURVE ( 'NONE', #644, #1543, #1164, .T. ) ;
#2142 = LINE ( 'NONE', #185, #2071 ) ;
#2143 = EDGE_LOOP ( 'NONE', ( #616, #1057, #2103, #655, #748, #124, #291, #411 ) ) ;
#2144 = CARTESIAN_POINT ( 'NONE',  ( -54.00000000000000000, 48.50000000000000000, 140.2118089999999881 ) ) ;
#2145 = ORIENTED_EDGE ( 'NONE', *, *, #2309, .F. ) ;
#2146 = DIRECTION ( 'NONE',  ( 1.000000000000000000, 0.000000000000000000, 0.000000000000000000 ) ) ;
#2147 = CARTESIAN_POINT ( 'NONE',  ( 100.2999999999999972, -51.20000000000000284, 140.1119089999999971 ) ) ;
#2148 = EDGE_LOOP ( 'NONE', ( #2128, #470, #1066, #904, #1829, #2367, #809 ) ) ;
#2149 = LINE ( 'NONE', #840, #1279 ) ;
#2150 = LINE ( 'NONE', #1140, #1957 ) ;
#2151 = ORIENTED_EDGE ( 'NONE', *, *, #703, .T. ) ;
#2152 = CARTESIAN_POINT ( 'NONE',  ( -110.0000000000000000, 65.20000000000000284, 122.2119090000000057 ) ) ;
#2153 = EDGE_CURVE ( 'NONE', #2077, #2206, #2296, .T. ) ;
#2154 = LINE ( 'NONE', #420, #2237 ) ;
#2155 = VERTEX_POINT ( 'NONE', #1948 ) ;
#2156 = CARTESIAN_POINT ( 'NONE',  ( -89.10099999999999909, 36.00000000000000000, 140.1119089999999971 ) ) ;
#2157 = CARTESIAN_POINT ( 'NONE',  ( -54.00000000000000000, 50.39999999999999858, 140.2118089999999881 ) ) ;
#2158 = PRODUCT_DEFINITION_SHAPE ( 'NONE', 'NONE',  #677 ) ;
#2159 = CC_DESIGN_APPROVAL ( #1014, ( #677 ) ) ;
#2160 = ORIENTED_EDGE ( 'NONE', *, *, #2247, .T. ) ;
#2161 = DIRECTION ( 'NONE',  ( 0.000000000000000000, 0.000000000000000000, 1.000000000000000000 ) ) ;
#2162 = CIRCLE ( 'NONE', #1311, 1.649999999999998579 ) ;
#2163 = AXIS2_PLACEMENT_3D ( 'NONE', #1466, #2282, #520 ) ;
#2164 = VECTOR ( 'NONE', #1058, 1000.000000000000000 ) ;
#2165 = CIRCLE ( 'NONE', #550, 1.649999999999998579 ) ;
#2166 = ORIENTED_EDGE ( 'NONE', *, *, #2309, .T. ) ;
#2167 = CIRCLE ( 'NONE', #1361, 3.250000000000002665 ) ;
#2168 = DIRECTION ( 'NONE',  ( -1.000000000000000000, 0.000000000000000000, 0.000000000000000000 ) ) ;
#2169 = LINE ( 'NONE', #264, #2448 ) ;
#2170 = ORIENTED_EDGE ( 'NONE', *, *, #875, .F. ) ;
#2171 = CARTESIAN_POINT ( 'NONE',  ( -99.35000000000000853, 16.00000000000000000, 140.2119089999999915 ) ) ;
#2172 = FACE_OUTER_BOUND ( 'NONE', #2379, .T. ) ;
#2173 = VERTEX_POINT ( 'NONE', #1730 ) ;
#2174 = ADVANCED_FACE ( 'NONE', ( #2336 ), #1751, .F. ) ;
#2175 = CARTESIAN_POINT ( 'NONE',  ( -57.00000000000000000, 0.000000000000000000, 140.2118089999999881 ) ) ;
#2176 = ORIENTED_EDGE ( 'NONE', *, *, #215, .T. ) ;
#2177 = FACE_OUTER_BOUND ( 'NONE', #1086, .T. ) ;
#2178 = ORIENTED_EDGE ( 'NONE', *, *, #2212, .F. ) ;
#2179 = CARTESIAN_POINT ( 'NONE',  ( 110.5000000000000000, -50.20000000000000284, 140.1119089999999971 ) ) ;
#2180 = ORIENTED_EDGE ( 'NONE', *, *, #1063, .T. ) ;
#2181 = CARTESIAN_POINT ( 'NONE',  ( -54.00000000000000000, -50.39999999999999858, 140.2118089999999881 ) ) ;
#2182 = DIRECTION ( 'NONE',  ( 0.000000000000000000, 0.000000000000000000, -1.000000000000000000 ) ) ;
#2183 = ORIENTED_EDGE ( 'NONE', *, *, #1827, .T. ) ;
#2184 = CARTESIAN_POINT ( 'NONE',  ( 0.000000000000000000, 0.000000000000000000, 142.1119089999999971 ) ) ;
#2185 = EDGE_CURVE ( 'NONE', #774, #2381, #1554, .T. ) ;
#2186 = LINE ( 'NONE', #641, #2279 ) ;
#2187 = ORIENTED_EDGE ( 'NONE', *, *, #1204, .F. ) ;
#2188 = CARTESIAN_POINT ( 'NONE',  ( 6.000000000000000000, 48.50000000000000000, 140.2118089999999881 ) ) ;
#2189 = EDGE_LOOP ( 'NONE', ( #2176, #2370, #2193, #1379 ) ) ;
#2190 = CARTESIAN_POINT ( 'NONE',  ( -63.00000000000000000, -54.20000000000000284, 161.0119090000000028 ) ) ;
#2191 = CARTESIAN_POINT ( 'NONE',  ( 110.5000000000000000, 65.20000000000000284, 122.2119090000000057 ) ) ;
#2192 = EDGE_LOOP ( 'NONE', ( #1823, #2390, #29, #853 ) ) ;
#2193 = ORIENTED_EDGE ( 'NONE', *, *, #662, .F. ) ;
#2194 = CARTESIAN_POINT ( 'NONE',  ( -66.00000000000000000, 50.39999999999999858, 140.2118089999999881 ) ) ;
#2195 = AXIS2_PLACEMENT_3D ( 'NONE', #588, #978, #1362 ) ;
#2196 = EDGE_CURVE ( 'NONE', #193, #1051, #773, .T. ) ;
#2197 = CC_DESIGN_DATE_AND_TIME_ASSIGNMENT ( #587, #1525, ( #1269 ) ) ;
#2198 = VECTOR ( 'NONE', #1581, 1000.000000000000000 ) ;
#2199 = AXIS2_PLACEMENT_3D ( 'NONE', #1380, #2323, #580 ) ;
#2200 = FACE_OUTER_BOUND ( 'NONE', #341, .T. ) ;
#2201 = EDGE_CURVE ( 'NONE', #314, #1843, #207, .T. ) ;
#2202 = AXIS2_PLACEMENT_3D ( 'NONE', #2271, #1348, #1517 ) ;
#2203 = ORIENTED_EDGE ( 'NONE', *, *, #815, .T. ) ;
#2204 = DIRECTION ( 'NONE',  ( 0.000000000000000000, -0.000000000000000000, -1.000000000000000000 ) ) ;
#2205 = VECTOR ( 'NONE', #447, 1000.000000000000000 ) ;
#2206 = VERTEX_POINT ( 'NONE', #1743 ) ;
#2207 = DIRECTION ( 'NONE',  ( 0.000000000000000000, 0.000000000000000000, 1.000000000000000000 ) ) ;
#2208 = DIRECTION ( 'NONE',  ( -1.000000000000000000, 0.000000000000000000, 0.000000000000000000 ) ) ;
#2209 = ORIENTED_EDGE ( 'NONE', *, *, #1433, .F. ) ;
#2210 = ORIENTED_EDGE ( 'NONE', *, *, #948, .F. ) ;
#2211 = DIRECTION ( 'NONE',  ( -1.000000000000000000, 0.000000000000000000, 0.000000000000000000 ) ) ;
#2212 = EDGE_CURVE ( 'NONE', #754, #579, #796, .T. ) ;
#2213 = DIRECTION ( 'NONE',  ( 0.000000000000000000, -0.000000000000000000, 1.000000000000000000 ) ) ;
#2214 = ORIENTED_EDGE ( 'NONE', *, *, #1248, .F. ) ;
#2215 = EDGE_CURVE ( 'NONE', #1297, #1018, #2320, .T. ) ;
#2216 = DIRECTION ( 'NONE',  ( -1.000000000000000000, 0.000000000000000000, -0.000000000000000000 ) ) ;
#2217 = LINE ( 'NONE', #2181, #111 ) ;
#2218 = CARTESIAN_POINT ( 'NONE',  ( -54.00000000000000000, -48.50000000000000000, 134.1119089999999971 ) ) ;
#2219 = ORIENTED_EDGE ( 'NONE', *, *, #739, .F. ) ;
#2220 = ORIENTED_EDGE ( 'NONE', *, *, #371, .T. ) ;
#2221 = CARTESIAN_POINT ( 'NONE',  ( -6.000000000000000000, 50.39999999999999858, 134.1119089999999971 ) ) ;
#2222 = LINE ( 'NONE', #2083, #1233 ) ;
#2223 = ORIENTED_EDGE ( 'NONE', *, *, #2093, .F. ) ;
#2224 = DIRECTION ( 'NONE',  ( 1.000000000000000000, 0.000000000000000000, -0.000000000000000000 ) ) ;
#2225 = DIRECTION ( 'NONE',  ( 0.000000000000000000, 1.000000000000000000, 0.000000000000000000 ) ) ;
#2226 = EDGE_CURVE ( 'NONE', #667, #1975, #228, .T. ) ;
#2227 = CARTESIAN_POINT ( 'NONE',  ( 103.1500000000000057, 57.70000000000000284, 128.1119089999999971 ) ) ;
#2228 = FACE_OUTER_BOUND ( 'NONE', #1136, .T. ) ;
#2229 = VERTEX_POINT ( 'NONE', #1937 ) ;
#2230 = VERTEX_POINT ( 'NONE', #455 ) ;
#2231 = EDGE_CURVE ( 'NONE', #1568, #718, #65, .T. ) ;
#2232 = PLANE ( 'NONE',  #1078 ) ;
#2233 = VECTOR ( 'NONE', #1883, 1000.000000000000000 ) ;
#2234 = PRODUCT_DEFINITION_FORMATION_WITH_SPECIFIED_SOURCE ( '任何', '', #1349, .NOT_KNOWN. ) ;
#2235 = CARTESIAN_POINT ( 'NONE',  ( -63.00000000000000000, 50.20000000000000284, 140.2118089999999881 ) ) ;
#2236 = EDGE_LOOP ( 'NONE', ( #2027, #130, #258, #2458 ) ) ;
#2237 = VECTOR ( 'NONE', #243, 1000.000000000000000 ) ;
#2238 = AXIS2_PLACEMENT_3D ( 'NONE', #112, #2403, #278 ) ;
#2239 = DIRECTION ( 'NONE',  ( -1.000000000000000000, 0.000000000000000000, 0.000000000000000000 ) ) ;
#2240 = CIRCLE ( 'NONE', #511, 1.649999999999998579 ) ;
#2241 = CIRCLE ( 'NONE', #2119, 3.000000000000002665 ) ;
#2242 = DIRECTION ( 'NONE',  ( -0.000000000000000000, -0.000000000000000000, -1.000000000000000000 ) ) ;
#2243 = CYLINDRICAL_SURFACE ( 'NONE', #401, 3.250000000000002665 ) ;
#2244 = AXIS2_PLACEMENT_3D ( 'NONE', #2278, #2256, #1268 ) ;
#2245 = DIRECTION ( 'NONE',  ( 0.000000000000000000, -1.000000000000000000, 0.000000000000000000 ) ) ;
#2246 = EDGE_CURVE ( 'NONE', #672, #972, #2169, .T. ) ;
#2247 = EDGE_CURVE ( 'NONE', #1062, #972, #818, .T. ) ;
#2248 = ORIENTED_EDGE ( 'NONE', *, *, #2231, .F. ) ;
#2249 = ORIENTED_EDGE ( 'NONE', *, *, #999, .T. ) ;
#2250 = VECTOR ( 'NONE', #2394, 1000.000000000000000 ) ;
#2251 = DIRECTION ( 'NONE',  ( 0.000000000000000000, -1.000000000000000000, 0.000000000000000000 ) ) ;
#2252 = EDGE_CURVE ( 'NONE', #357, #314, #1592, .T. ) ;
#2253 = CARTESIAN_POINT ( 'NONE',  ( 103.1500000000000057, 57.70000000000000284, 140.2119089999999915 ) ) ;
#2254 = ORIENTED_EDGE ( 'NONE', *, *, #658, .T. ) ;
#2255 = CARTESIAN_POINT ( 'NONE',  ( 110.5000000000000000, -65.20000000000000284, 140.1119089999999971 ) ) ;
#2256 = DIRECTION ( 'NONE',  ( 0.000000000000000000, 0.000000000000000000, 1.000000000000000000 ) ) ;
#2257 = CARTESIAN_POINT ( 'NONE',  ( 104.4000000000000057, 57.70000000000000284, 140.1119089999999971 ) ) ;
#2258 = DIRECTION ( 'NONE',  ( 1.000000000000000000, 0.000000000000000000, 0.000000000000000000 ) ) ;
#2259 = ORIENTED_EDGE ( 'NONE', *, *, #680, .F. ) ;
#2260 = ORIENTED_EDGE ( 'NONE', *, *, #168, .F. ) ;
#2261 = PLANE ( 'NONE',  #715 ) ;
#2262 = EDGE_CURVE ( 'NONE', #726, #1199, #1249, .T. ) ;
#2263 = FACE_BOUND ( 'NONE', #380, .T. ) ;
#2264 = ORIENTED_EDGE ( 'NONE', *, *, #2153, .T. ) ;
#2265 = LINE ( 'NONE', #1095, #1914 ) ;
#2266 = FACE_OUTER_BOUND ( 'NONE', #2236, .T. ) ;
#2267 = DIRECTION ( 'NONE',  ( -0.000000000000000000, -0.000000000000000000, -1.000000000000000000 ) ) ;
#2268 = CARTESIAN_POINT ( 'NONE',  ( 108.5000000000000000, -51.20000000000000284, 142.1119089999999971 ) ) ;
#2269 = ORIENTED_EDGE ( 'NONE', *, *, #369, .T. ) ;
#2270 = ORIENTED_EDGE ( 'NONE', *, *, #203, .F. ) ;
#2271 = CARTESIAN_POINT ( 'NONE',  ( -66.00000000000000000, -50.39999999999999858, 140.2118089999999881 ) ) ;
#2272 = DIRECTION ( 'NONE',  ( 0.000000000000000000, -0.000000000000000000, -1.000000000000000000 ) ) ;
#2273 = ADVANCED_FACE ( 'NONE', ( #2013 ), #1629, .F. ) ;
#2274 = CARTESIAN_POINT ( 'NONE',  ( -57.00000000000000000, 50.20000000000000284, 140.2118089999999881 ) ) ;
#2275 = ORIENTED_EDGE ( 'NONE', *, *, #349, .F. ) ;
#2276 = DIRECTION ( 'NONE',  ( -0.000000000000000000, -0.000000000000000000, -1.000000000000000000 ) ) ;
#2277 = EDGE_CURVE ( 'NONE', #367, #1165, #270, .T. ) ;
#2278 = CARTESIAN_POINT ( 'NONE',  ( 104.4000000000000057, 57.70000000000000284, 128.1119089999999971 ) ) ;
#2279 = VECTOR ( 'NONE', #99, 1000.000000000000000 ) ;
#2280 = CARTESIAN_POINT ( 'NONE',  ( -102.6500000000000057, 16.00000000000000000, 136.9119090000000085 ) ) ;
#2281 = VECTOR ( 'NONE', #1528, 1000.000000000000000 ) ;
#2282 = DIRECTION ( 'NONE',  ( -0.000000000000000000, 0.000000000000000000, 1.000000000000000000 ) ) ;
#2283 = VECTOR ( 'NONE', #1661, 1000.000000000000000 ) ;
#2284 = ORIENTED_EDGE ( 'NONE', *, *, #979, .T. ) ;
#2285 = ORIENTED_EDGE ( 'NONE', *, *, #1577, .T. ) ;
#2286 = DIRECTION ( 'NONE',  ( 0.000000000000000000, 1.000000000000000000, 0.000000000000000000 ) ) ;
#2287 = VECTOR ( 'NONE', #2286, 1000.000000000000000 ) ;
#2288 = DIRECTION ( 'NONE',  ( 1.000000000000000000, 0.000000000000000000, 0.000000000000000000 ) ) ;
#2289 = CARTESIAN_POINT ( 'NONE',  ( -86.10099999999999909, 36.00000000000000000, 143.1119089999999971 ) ) ;
#2290 = ORIENTED_EDGE ( 'NONE', *, *, #385, .F. ) ;
#2291 = EDGE_CURVE ( 'NONE', #1568, #667, #2382, .T. ) ;
#2292 =( NAMED_UNIT ( * ) PLANE_ANGLE_UNIT ( ) SI_UNIT ( $, .RADIAN. ) );
#2293 = DIRECTION ( 'NONE',  ( 0.000000000000000000, -0.000000000000000000, -1.000000000000000000 ) ) ;
#2294 = DIRECTION ( 'NONE',  ( 0.000000000000000000, -0.000000000000000000, -1.000000000000000000 ) ) ;
#2295 = ADVANCED_FACE ( 'NONE', ( #854 ), #1425, .F. ) ;
#2296 = LINE ( 'NONE', #216, #110 ) ;
#2297 = ORIENTED_EDGE ( 'NONE', *, *, #1093, .F. ) ;
#2298 = ORIENTED_EDGE ( 'NONE', *, *, #2398, .T. ) ;
#2299 = CYLINDRICAL_SURFACE ( 'NONE', #1997, 1.250000000000001110 ) ;
#2300 = CARTESIAN_POINT ( 'NONE',  ( 104.4000000000000057, -57.70000000000000284, 140.1119089999999971 ) ) ;
#2301 = CARTESIAN_POINT ( 'NONE',  ( -86.10099999999999909, 36.00000000000000000, 143.1119089999999971 ) ) ;
#2302 = VERTEX_POINT ( 'NONE', #1031 ) ;
#2303 = FACE_OUTER_BOUND ( 'NONE', #2022, .T. ) ;
#2304 = DIRECTION ( 'NONE',  ( -1.000000000000000000, 0.000000000000000000, 0.000000000000000000 ) ) ;
#2305 = DIRECTION ( 'NONE',  ( -1.000000000000000000, 0.000000000000000000, 0.000000000000000000 ) ) ;
#2306 = VERTEX_POINT ( 'NONE', #2188 ) ;
#2307 = ORIENTED_EDGE ( 'NONE', *, *, #199, .F. ) ;
#2308 = DIRECTION ( 'NONE',  ( 1.000000000000000000, -0.000000000000000000, 0.000000000000000000 ) ) ;
#2309 = EDGE_CURVE ( 'NONE', #300, #626, #1358, .T. ) ;
#2310 = EDGE_CURVE ( 'NONE', #515, #2230, #2391, .T. ) ;
#2311 = DIRECTION ( 'NONE',  ( 0.000000000000000000, -0.000000000000000000, 1.000000000000000000 ) ) ;
#2312 = EDGE_CURVE ( 'NONE', #105, #2155, #480, .T. ) ;
#2313 = DIRECTION ( 'NONE',  ( -0.000000000000000000, 0.000000000000000000, 1.000000000000000000 ) ) ;
#2314 = DIRECTION ( 'NONE',  ( 0.000000000000000000, -1.000000000000000000, 0.000000000000000000 ) ) ;
#2315 = ORIENTED_EDGE ( 'NONE', *, *, #323, .T. ) ;
#2316 = COORDINATED_UNIVERSAL_TIME_OFFSET ( 8, 0, .AHEAD. ) ;
#2317 = CARTESIAN_POINT ( 'NONE',  ( -57.00000000000000000, -54.20000000000000284, 161.0119090000000028 ) ) ;
#2318 = VERTEX_POINT ( 'NONE', #1234 ) ;
#2319 = LINE ( 'NONE', #1364, #2331 ) ;
#2320 = LINE ( 'NONE', #1366, #2005 ) ;
#2321 = VECTOR ( 'NONE', #1265, 1000.000000000000000 ) ;
#2322 = VERTEX_POINT ( 'NONE', #1824 ) ;
#2323 = DIRECTION ( 'NONE',  ( 0.000000000000000000, 0.000000000000000000, -1.000000000000000000 ) ) ;
#2324 = LINE ( 'NONE', #21, #593 ) ;
#2325 = AXIS2_PLACEMENT_3D ( 'NONE', #1109, #356, #695 ) ;
#2326 = VECTOR ( 'NONE', #1454, 1000.000000000000000 ) ;
#2327 = ADVANCED_FACE ( 'NONE', ( #1999 ), #682, .F. ) ;
#2328 = VECTOR ( 'NONE', #1417, 1000.000000000000000 ) ;
#2329 = FACE_OUTER_BOUND ( 'NONE', #1045, .T. ) ;
#2330 = EDGE_CURVE ( 'NONE', #2051, #2155, #1641, .T. ) ;
#2331 = VECTOR ( 'NONE', #591, 1000.000000000000000 ) ;
#2332 = CYLINDRICAL_SURFACE ( 'NONE', #795, 3.250000000000002665 ) ;
#2333 = APPROVAL_DATE_TIME ( #977, #1014 ) ;
#2334 = DIRECTION ( 'NONE',  ( -1.000000000000000000, 0.000000000000000000, 0.000000000000000000 ) ) ;
#2335 = ORIENTED_EDGE ( 'NONE', *, *, #1872, .F. ) ;
#2336 = FACE_OUTER_BOUND ( 'NONE', #253, .T. ) ;
#2337 = ORIENTED_EDGE ( 'NONE', *, *, #1453, .T. ) ;
#2338 = LINE ( 'NONE', #1929, #1875 ) ;
#2339 = DIRECTION ( 'NONE',  ( 0.000000000000000000, -0.000000000000000000, 1.000000000000000000 ) ) ;
#2340 = VERTEX_POINT ( 'NONE', #491 ) ;
#2341 = DIRECTION ( 'NONE',  ( 0.000000000000000000, 1.000000000000000000, 0.000000000000000000 ) ) ;
#2342 = DIRECTION ( 'NONE',  ( -1.000000000000000000, 0.000000000000000000, 0.000000000000000000 ) ) ;
#2343 = ADVANCED_FACE ( 'NONE', ( #2406 ), #1974, .F. ) ;
#2344 = CARTESIAN_POINT ( 'NONE',  ( -104.2500000000000142, -16.00000000000000000, 140.2119089999999915 ) ) ;
#2345 = DIRECTION ( 'NONE',  ( -1.000000000000000000, 0.000000000000000000, 0.000000000000000000 ) ) ;
#2346 = ORIENTED_EDGE ( 'NONE', *, *, #180, .T. ) ;
#2347 = DIRECTION ( 'NONE',  ( 0.000000000000000000, 1.000000000000000000, 0.000000000000000000 ) ) ;
#2348 = DIRECTION ( 'NONE',  ( 1.000000000000000000, 0.000000000000000000, -0.000000000000000000 ) ) ;
#2349 = VERTEX_POINT ( 'NONE', #301 ) ;
#2350 = CARTESIAN_POINT ( 'NONE',  ( -82.10099999999999909, -36.00000000000000000, 140.1119089999999971 ) ) ;
#2351 = EDGE_CURVE ( 'NONE', #64, #2349, #2023, .T. ) ;
#2352 = ORIENTED_EDGE ( 'NONE', *, *, #507, .T. ) ;
#2353 = LINE ( 'NONE', #2369, #832 ) ;
#2354 = ORIENTED_EDGE ( 'NONE', *, *, #489, .F. ) ;
#2355 = EDGE_CURVE ( 'NONE', #1330, #774, #254, .T. ) ;
#2356 = CARTESIAN_POINT ( 'NONE',  ( -101.0000000000000000, 16.00000000000000000, 136.9119090000000085 ) ) ;
#2357 = VERTEX_POINT ( 'NONE', #1511 ) ;
#2358 = DIRECTION ( 'NONE',  ( 0.000000000000000000, -0.000000000000000000, -1.000000000000000000 ) ) ;
#2359 = DIRECTION ( 'NONE',  ( 0.000000000000000000, 0.000000000000000000, 1.000000000000000000 ) ) ;
#2360 = ORIENTED_EDGE ( 'NONE', *, *, #93, .T. ) ;
#2361 = AXIS2_PLACEMENT_3D ( 'NONE', #1212, #1803, #1986 ) ;
#2362 = DIRECTION ( 'NONE',  ( 1.000000000000000000, 0.000000000000000000, -0.000000000000000000 ) ) ;
#2363 = VECTOR ( 'NONE', #793, 1000.000000000000000 ) ;
#2364 = VECTOR ( 'NONE', #1267, 1000.000000000000000 ) ;
#2365 = VECTOR ( 'NONE', #2342, 1000.000000000000000 ) ;
#2366 = VECTOR ( 'NONE', #1458, 1000.000000000000000 ) ;
#2367 = ORIENTED_EDGE ( 'NONE', *, *, #1506, .T. ) ;
#2368 = AXIS2_PLACEMENT_3D ( 'NONE', #2157, #1977, #435 ) ;
#2369 = CARTESIAN_POINT ( 'NONE',  ( 108.5000000000000000, 51.20000000000000284, 142.1119089999999971 ) ) ;
#2370 = ORIENTED_EDGE ( 'NONE', *, *, #524, .F. ) ;
#2371 = EDGE_CURVE ( 'NONE', #838, #1325, #2033, .T. ) ;
#2372 = CARTESIAN_POINT ( 'NONE',  ( 0.000000000000000000, 50.20000000000000284, 140.2118089999999881 ) ) ;
#2373 = ORIENTED_EDGE ( 'NONE', *, *, #2001, .T. ) ;
#2374 = CARTESIAN_POINT ( 'NONE',  ( -57.00000000000000000, -50.39999999999999858, 140.1119089999999971 ) ) ;
#2375 = EDGE_CURVE ( 'NONE', #2322, #357, #115, .T. ) ;
#2376 = PLANE ( 'NONE',  #116 ) ;
#2377 = VERTEX_POINT ( 'NONE', #147 ) ;
#2378 = CARTESIAN_POINT ( 'NONE',  ( -110.0000000000000000, -65.20000000000000284, 122.2119090000000057 ) ) ;
#2379 = EDGE_LOOP ( 'NONE', ( #1420, #913, #1211, #631 ) ) ;
#2380 = DIRECTION ( 'NONE',  ( 0.000000000000000000, 0.000000000000000000, -1.000000000000000000 ) ) ;
#2381 = VERTEX_POINT ( 'NONE', #744 ) ;
#2382 = LINE ( 'NONE', #830, #914 ) ;
#2383 = ORIENTED_EDGE ( 'NONE', *, *, #1995, .F. ) ;
#2384 = CARTESIAN_POINT ( 'NONE',  ( -66.00000000000000000, 50.20000000000000284, 140.1119089999999971 ) ) ;
#2385 = CARTESIAN_POINT ( 'NONE',  ( -54.00000000000000000, -50.39999999999999858, 140.2118089999999881 ) ) ;
#2386 = ORIENTED_EDGE ( 'NONE', *, *, #691, .T. ) ;
#2387 = ORIENTED_EDGE ( 'NONE', *, *, #740, .F. ) ;
#2388 = DIRECTION ( 'NONE',  ( -1.000000000000000000, 0.000000000000000000, 0.000000000000000000 ) ) ;
#2389 = CARTESIAN_POINT ( 'NONE',  ( -57.00000000000000000, -50.20000000000000284, 161.0119090000000028 ) ) ;
#2390 = ORIENTED_EDGE ( 'NONE', *, *, #1290, .T. ) ;
#2391 = LINE ( 'NONE', #1617, #714 ) ;
#2392 = VERTEX_POINT ( 'NONE', #2464 ) ;
#2393 = CARTESIAN_POINT ( 'NONE',  ( -86.10099999999999909, 36.00000000000000000, 156.1119089999999971 ) ) ;
#2394 = DIRECTION ( 'NONE',  ( 0.000000000000000000, 1.000000000000000000, 0.000000000000000000 ) ) ;
#2395 = ORIENTED_EDGE ( 'NONE', *, *, #935, .T. ) ;
#2396 = ORIENTED_EDGE ( 'NONE', *, *, #740, .T. ) ;
#2397 = CARTESIAN_POINT ( 'NONE',  ( 110.5000000000000000, 50.20000000000000284, 140.1119089999999971 ) ) ;
#2398 = EDGE_CURVE ( 'NONE', #960, #2051, #1293, .T. ) ;
#2399 = VECTOR ( 'NONE', #1728, 1000.000000000000000 ) ;
#2400 = EDGE_CURVE ( 'NONE', #1737, #1504, #731, .T. ) ;
#2401 = AXIS2_PLACEMENT_3D ( 'NONE', #1478, #1514, #2456 ) ;
#2402 = AXIS2_PLACEMENT_3D ( 'NONE', #1556, #209, #1910 ) ;
#2403 = DIRECTION ( 'NONE',  ( 1.000000000000000000, 0.000000000000000000, -0.000000000000000000 ) ) ;
#2404 = AXIS2_PLACEMENT_3D ( 'NONE', #1083, #1852, #2059 ) ;
#2405 = ORIENTED_EDGE ( 'NONE', *, *, #109, .F. ) ;
#2406 = FACE_OUTER_BOUND ( 'NONE', #2469, .T. ) ;
#2407 = CIRCLE ( 'NONE', #1317, 3.000000000000002665 ) ;
#2408 = DIRECTION ( 'NONE',  ( 1.000000000000000000, 0.000000000000000000, 0.000000000000000000 ) ) ;
#2409 = CARTESIAN_POINT ( 'NONE',  ( -63.00000000000000000, 50.39999999999999858, 140.1119089999999971 ) ) ;
#2410 = VERTEX_POINT ( 'NONE', #1472 ) ;
#2411 = VERTEX_POINT ( 'NONE', #1674 ) ;
#2412 = DIRECTION ( 'NONE',  ( 1.000000000000000000, 0.000000000000000000, 0.000000000000000000 ) ) ;
#2413 = CARTESIAN_POINT ( 'NONE',  ( -99.35000000000000853, -16.00000000000000000, 122.2119090000000057 ) ) ;
#2414 = EDGE_LOOP ( 'NONE', ( #320, #2445, #2052, #1965 ) ) ;
#2415 = FACE_OUTER_BOUND ( 'NONE', #192, .T. ) ;
#2416 = EDGE_CURVE ( 'NONE', #1008, #2229, #549, .T. ) ;
#2417 = FACE_OUTER_BOUND ( 'NONE', #421, .T. ) ;
#2418 = DIRECTION ( 'NONE',  ( -1.000000000000000000, 0.000000000000000000, 0.000000000000000000 ) ) ;
#2419 = ORIENTED_EDGE ( 'NONE', *, *, #1727, .F. ) ;
#2420 = ORIENTED_EDGE ( 'NONE', *, *, #1970, .T. ) ;
#2421 = LINE ( 'NONE', #687, #274 ) ;
#2422 = FACE_BOUND ( 'NONE', #943, .T. ) ;
#2423 = VERTEX_POINT ( 'NONE', #1303 ) ;
#2424 = EDGE_CURVE ( 'NONE', #459, #409, #692, .T. ) ;
#2425 = ADVANCED_FACE ( 'NONE', ( #2415 ), #1654, .F. ) ;
#2426 = DIRECTION ( 'NONE',  ( 0.000000000000000000, 0.000000000000000000, 1.000000000000000000 ) ) ;
#2427 = DIRECTION ( 'NONE',  ( -0.000000000000000000, 0.000000000000000000, -1.000000000000000000 ) ) ;
#2428 = CYLINDRICAL_SURFACE ( 'NONE', #476, 1.649999999999998579 ) ;
#2429 = EDGE_CURVE ( 'NONE', #454, #2173, #500, .T. ) ;
#2430 = CARTESIAN_POINT ( 'NONE',  ( 110.5000000000000000, -65.20000000000000284, 122.2119090000000057 ) ) ;
#2431 = VERTEX_POINT ( 'NONE', #719 ) ;
#2432 = ORIENTED_EDGE ( 'NONE', *, *, #1832, .T. ) ;
#2433 = PLANE ( 'NONE',  #1404 ) ;
#2434 = CC_DESIGN_APPROVAL ( #80, ( #2234 ) ) ;
#2435 = VECTOR ( 'NONE', #545, 1000.000000000000000 ) ;
#2436 = CARTESIAN_POINT ( 'NONE',  ( -102.6500000000000057, 16.00000000000000000, 122.2119090000000057 ) ) ;
#2437 = VERTEX_POINT ( 'NONE', #1283 ) ;
#2438 = AXIS2_PLACEMENT_3D ( 'NONE', #2090, #2061, #175 ) ;
#2439 = CARTESIAN_POINT ( 'NONE',  ( -82.10099999999999909, 50.20000000000000284, 122.2119090000000057 ) ) ;
#2440 = VECTOR ( 'NONE', #1082, 1000.000000000000000 ) ;
#2441 = FACE_OUTER_BOUND ( 'NONE', #1756, .T. ) ;
#2442 = CARTESIAN_POINT ( 'NONE',  ( -82.10099999999999909, 50.20000000000000284, 134.1119089999999971 ) ) ;
#2443 = VECTOR ( 'NONE', #1501, 1000.000000000000000 ) ;
#2444 = PLANE ( 'NONE',  #2163 ) ;
#2445 = ORIENTED_EDGE ( 'NONE', *, *, #1230, .F. ) ;
#2446 = ORIENTED_EDGE ( 'NONE', *, *, #461, .F. ) ;
#2447 = EDGE_CURVE ( 'NONE', #736, #2357, #135, .T. ) ;
#2448 = VECTOR ( 'NONE', #1438, 1000.000000000000000 ) ;
#2449 = DIRECTION ( 'NONE',  ( -0.000000000000000000, -0.000000000000000000, -1.000000000000000000 ) ) ;
#2450 = ADVANCED_FACE ( 'NONE', ( #1851, #125 ), #516, .T. ) ;
#2451 = CARTESIAN_POINT ( 'NONE',  ( 100.2999999999999972, -53.20000000000000284, 142.1119089999999971 ) ) ;
#2452 = ORIENTED_EDGE ( 'NONE', *, *, #371, .F. ) ;
#2453 =( LENGTH_UNIT ( ) NAMED_UNIT ( * ) SI_UNIT ( .MILLI., .METRE. ) );
#2454 = FACE_OUTER_BOUND ( 'NONE', #937, .T. ) ;
#2455 = CARTESIAN_POINT ( 'NONE',  ( -63.00000000000000000, -57.20000000000000995, 140.1119089999999971 ) ) ;
#2456 = DIRECTION ( 'NONE',  ( 0.000000000000000000, -0.000000000000000000, -1.000000000000000000 ) ) ;
#2457 = ORIENTED_EDGE ( 'NONE', *, *, #1588, .F. ) ;
#2458 = ORIENTED_EDGE ( 'NONE', *, *, #889, .T. ) ;
#2459 = CARTESIAN_POINT ( 'NONE',  ( -82.10099999999999909, 50.20000000000000284, 140.1119089999999971 ) ) ;
#2460 = EDGE_CURVE ( 'NONE', #1897, #263, #2240, .T. ) ;
#2461 = EDGE_CURVE ( 'NONE', #2006, #878, #2265, .T. ) ;
#2462 = DIRECTION ( 'NONE',  ( 0.000000000000000000, -0.000000000000000000, 1.000000000000000000 ) ) ;
#2463 = ORIENTED_EDGE ( 'NONE', *, *, #768, .T. ) ;
#2464 = CARTESIAN_POINT ( 'NONE',  ( -54.00000000000000000, 50.20000000000000284, 134.1119089999999971 ) ) ;
#2465 = LINE ( 'NONE', #352, #757 ) ;
#2466 = FACE_BOUND ( 'NONE', #1000, .T. ) ;
#2467 = CARTESIAN_POINT ( 'NONE',  ( -101.0000000000000000, 16.00000000000000000, 140.1119089999999971 ) ) ;
#2468 = ORIENTED_EDGE ( 'NONE', *, *, #1980, .F. ) ;
#2469 = EDGE_LOOP ( 'NONE', ( #205, #1731, #1430, #1118 ) ) ;
#2470 = DIRECTION ( 'NONE',  ( 0.000000000000000000, 0.000000000000000000, 1.000000000000000000 ) ) ;
#2471 = EDGE_CURVE ( 'NONE', #1593, #1346, #2058, .T. ) ;
#2472 = DIRECTION ( 'NONE',  ( -1.000000000000000000, 0.000000000000000000, 0.000000000000000000 ) ) ;
#2473 = PLANE ( 'NONE',  #234 ) ;
#2474 = EDGE_CURVE ( 'NONE', #960, #105, #1119, .T. ) ;
#2475 = VERTEX_POINT ( 'NONE', #527 ) ;
#2476 = PERSON_AND_ORGANIZATION_ROLE ( 'creator' ) ;
#2477 = CYLINDRICAL_SURFACE ( 'NONE', #313, 3.000000000000002665 ) ;
#2478 = AXIS2_PLACEMENT_3D ( 'NONE', #1651, #689, #1508 ) ;
#2479 = DIRECTION ( 'NONE',  ( 0.000000000000000000, 0.000000000000000000, -1.000000000000000000 ) ) ;
#2480 = VECTOR ( 'NONE', #1452, 1000.000000000000000 ) ;
#2481 = LINE ( 'NONE', #2144, #870 ) ;
#2482 = CIRCLE ( 'NONE', #311, 1.250000000000001110 ) ;
#2483 = ORIENTED_EDGE ( 'NONE', *, *, #552, .T. ) ;
#2484 = ORIENTED_EDGE ( 'NONE', *, *, #2185, .F. ) ;
#2485 = DIRECTION ( 'NONE',  ( 0.000000000000000000, 0.000000000000000000, -1.000000000000000000 ) ) ;
#2486 = AXIS2_PLACEMENT_3D ( 'NONE', #906, #98, #1448 ) ;
#2487 = VECTOR ( 'NONE', #188, 1000.000000000000000 ) ;
#2488 = CARTESIAN_POINT ( 'NONE',  ( -63.00000000000000000, 50.39999999999999858, 140.2118089999999881 ) ) ;
#2489 = CARTESIAN_POINT ( 'NONE',  ( 108.5000000000000000, -53.20000000000000284, 142.1119089999999971 ) ) ;
#2490 = ORIENTED_EDGE ( 'NONE', *, *, #1219, .F. ) ;
ENDSEC;
END-ISO-10303-21;
