ISO-10303-21;
HEADER;
FILE_DESCRIPTION (( 'STEP AP203' ),
    '1' );
FILE_NAME('P04_Body_bridge.step','2026-09-14T00:00:00',('Wamotech'),('Wamotech'),'SolidWorks 2025','SolidWorks 2025','');
FILE_SCHEMA (( 'CONFIG_CONTROL_DESIGN' ));
ENDSEC;

DATA;
#1 = PLANE ( 'NONE',  #712 ) ;
#2 = ORIENTED_EDGE ( 'NONE', *, *, #1980, .T. ) ;
#3 = ADVANCED_FACE ( 'NONE', ( #856 ), #725, .T. ) ;
#4 = PLANE ( 'NONE',  #1874 ) ;
#5 = CARTESIAN_POINT ( 'NONE',  ( 33.25000000000000000, -29.25000000000000000, -5.200000000000000178 ) ) ;
#6 = LINE ( 'NONE', #616, #323 ) ;
#7 = ORIENTED_EDGE ( 'NONE', *, *, #1754, .T. ) ;
#8 = LINE ( 'NONE', #1037, #1907 ) ;
#9 = DIRECTION ( 'NONE',  ( 0.000000000000000000, 0.000000000000000000, -1.000000000000000000 ) ) ;
#10 = ORIENTED_EDGE ( 'NONE', *, *, #23, .F. ) ;
#11 = CARTESIAN_POINT ( 'NONE',  ( 20.99999999999999645, 22.00000000000000000, -48.50000000000000000 ) ) ;
#12 = EDGE_LOOP ( 'NONE', ( #644, #416, #1855, #1138, #240, #1681, #1667, #1853 ) ) ;
#13 = ADVANCED_FACE ( 'NONE', ( #53 ), #390, .F. ) ;
#14 = EDGE_CURVE ( 'NONE', #1675, #1197, #682, .T. ) ;
#15 = DIRECTION ( 'NONE',  ( 0.000000000000000000, 0.000000000000000000, -1.000000000000000000 ) ) ;
#16 = LINE ( 'NONE', #549, #21 ) ;
#17 = ORIENTED_EDGE ( 'NONE', *, *, #1513, .F. ) ;
#18 = CARTESIAN_POINT ( 'NONE',  ( 29.00000000000000000, -32.00000000000000000, -54.00000000000000000 ) ) ;
#19 = LINE ( 'NONE', #1031, #881 ) ;
#20 = VERTEX_POINT ( 'NONE', #518 ) ;
#21 = VECTOR ( 'NONE', #1856, 1000.000000000000000 ) ;
#22 = AXIS2_PLACEMENT_3D ( 'NONE', #1446, #967, #2115 ) ;
#23 = EDGE_CURVE ( 'NONE', #1028, #398, #526, .T. ) ;
#24 = VECTOR ( 'NONE', #1627, 1000.000000000000114 ) ;
#25 = DIRECTION ( 'NONE',  ( 0.000000000000000000, -1.000000000000000000, 0.000000000000000000 ) ) ;
#26 = LINE ( 'NONE', #997, #2118 ) ;
#27 = ORIENTED_EDGE ( 'NONE', *, *, #1358, .T. ) ;
#28 = VECTOR ( 'NONE', #1576, 1000.000000000000000 ) ;
#29 = MANIFOLD_SOLID_BREP ( 'Cup_head_slide_recess_9p5x6p5', #1911 ) ;
#30 = ADVANCED_FACE ( 'NONE', ( #1542 ), #1225, .T. ) ;
#31 = LINE ( 'NONE', #18, #1496 ) ;
#32 = CALENDAR_DATE ( 2026, 14, 9 ) ;
#33 = DIRECTION ( 'NONE',  ( -0.000000000000000000, 1.000000000000000000, 0.000000000000000000 ) ) ;
#34 = ORIENTED_EDGE ( 'NONE', *, *, #1482, .T. ) ;
#35 = VERTEX_POINT ( 'NONE', #1757 ) ;
#36 = CARTESIAN_POINT ( 'NONE',  ( -0.000000000000000000, -27.64999999999999858, -10.00000000000000000 ) ) ;
#37 = EDGE_CURVE ( 'NONE', #1729, #1693, #2038, .T. ) ;
#38 = ORIENTED_EDGE ( 'NONE', *, *, #90, .F. ) ;
#39 = CARTESIAN_POINT ( 'NONE',  ( 20.99999999999999645, 5.000000000000000000, -21.00000000000000000 ) ) ;
#40 = EDGE_CURVE ( 'NONE', #1102, #385, #1416, .T. ) ;
#41 = CARTESIAN_POINT ( 'NONE',  ( 40.14999999999999858, -24.85000000000000142, -1.900000000000000577 ) ) ;
#42 = ORIENTED_EDGE ( 'NONE', *, *, #1983, .T. ) ;
#43 = LINE ( 'NONE', #264, #1433 ) ;
#44 = ORIENTED_EDGE ( 'NONE', *, *, #37, .T. ) ;
#45 = DIRECTION ( 'NONE',  ( -0.7071067811865475727, -0.7071067811865475727, 0.000000000000000000 ) ) ;
#46 = APPROVAL ( #1366, '未' ) ;
#47 = FACE_OUTER_BOUND ( 'NONE', #406, .T. ) ;
#48 = ADVANCED_FACE ( 'NONE', ( #423 ), #1565, .T. ) ;
#49 = CARTESIAN_POINT ( 'NONE',  ( 20.99999999999999645, -22.00000000000000000, -44.70000000000000284 ) ) ;
#50 = ORIENTED_EDGE ( 'NONE', *, *, #777, .F. ) ;
#51 = VECTOR ( 'NONE', #1924, 1000.000000000000000 ) ;
#52 = LINE ( 'NONE', #274, #1633 ) ;
#53 = FACE_OUTER_BOUND ( 'NONE', #1070, .T. ) ;
#54 = VECTOR ( 'NONE', #1188, 1000.000000000000000 ) ;
#55 = FACE_OUTER_BOUND ( 'NONE', #1505, .T. ) ;
#56 = VECTOR ( 'NONE', #1319, 1000.000000000000000 ) ;
#57 = CARTESIAN_POINT ( 'NONE',  ( 41.75000000000000000, -28.25000000000000000, -5.200000000000000178 ) ) ;
#58 = PERSON_AND_ORGANIZATION_ROLE ( 'design_supplier' ) ;
#59 = AXIS2_PLACEMENT_3D ( 'NONE', #446, #131, #1143 ) ;
#60 = VECTOR ( 'NONE', #900, 1000.000000000000000 ) ;
#61 = DIRECTION ( 'NONE',  ( 0.000000000000000000, 0.000000000000000000, 1.000000000000000000 ) ) ;
#62 = ORIENTED_EDGE ( 'NONE', *, *, #763, .F. ) ;
#63 = EDGE_CURVE ( 'NONE', #420, #2066, #1726, .T. ) ;
#64 = CARTESIAN_POINT ( 'NONE',  ( 39.64999999999999858, -27.64999999999999858, -5.200000000000000178 ) ) ;
#65 = EDGE_LOOP ( 'NONE', ( #1129, #911, #1376, #1927 ) ) ;
#66 = FACE_OUTER_BOUND ( 'NONE', #1032, .T. ) ;
#67 = LINE ( 'NONE', #1889, #2011 ) ;
#68 = ORIENTED_EDGE ( 'NONE', *, *, #1014, .F. ) ;
#69 = DIRECTION ( 'NONE',  ( -0.7071067811865474617, 0.7071067811865474617, 0.000000000000000000 ) ) ;
#70 = EDGE_LOOP ( 'NONE', ( #658, #157, #899, #378 ) ) ;
#71 = DIRECTION ( 'NONE',  ( -0.7071067811865474617, 0.7071067811865474617, -0.000000000000000000 ) ) ;
#72 = EDGE_LOOP ( 'NONE', ( #1332, #227, #82, #532 ) ) ;
#73 = PRODUCT_DEFINITION ( '未知', '', #1648, #361 ) ;
#74 = EDGE_CURVE ( 'NONE', #111, #516, #1405, .T. ) ;
#75 = CARTESIAN_POINT ( 'NONE',  ( 33.85000000000000142, -27.14999999999999858, -1.900000000000000577 ) ) ;
#76 = DIRECTION ( 'NONE',  ( -1.000000000000000000, 0.000000000000000000, 0.000000000000000000 ) ) ;
#77 = LINE ( 'NONE', #1397, #880 ) ;
#78 = ORIENTED_EDGE ( 'NONE', *, *, #193, .T. ) ;
#79 = DIRECTION ( 'NONE',  ( 0.000000000000000000, 0.000000000000000000, -1.000000000000000000 ) ) ;
#80 = VERTEX_POINT ( 'NONE', #2051 ) ;
#81 = PLANE ( 'NONE',  #1672 ) ;
#82 = ORIENTED_EDGE ( 'NONE', *, *, #280, .F. ) ;
#83 = DIRECTION ( 'NONE',  ( -0.000000000000000000, -0.000000000000000000, -1.000000000000000000 ) ) ;
#84 = CARTESIAN_POINT ( 'NONE',  ( 28.00000000000000000, 28.00000000000000000, -2.000000000000000000 ) ) ;
#85 = VECTOR ( 'NONE', #696, 1000.000000000000000 ) ;
#86 = EDGE_CURVE ( 'NONE', #771, #552, #1065, .T. ) ;
#87 = FACE_OUTER_BOUND ( 'NONE', #663, .T. ) ;
#88 = ORIENTED_EDGE ( 'NONE', *, *, #1398, .T. ) ;
#89 = LINE ( 'NONE', #751, #1352 ) ;
#90 = EDGE_CURVE ( 'NONE', #1734, #1711, #578, .T. ) ;
#91 = VECTOR ( 'NONE', #1264, 1000.000000000000000 ) ;
#92 = VERTEX_POINT ( 'NONE', #1922 ) ;
#93 = CARTESIAN_POINT ( 'NONE',  ( 32.25000000000000000, -23.75000000000000000, -2.000000000000000000 ) ) ;
#94 = VECTOR ( 'NONE', #1641, 1000.000000000000000 ) ;
#95 = ORIENTED_EDGE ( 'NONE', *, *, #867, .F. ) ;
#96 = AXIS2_PLACEMENT_3D ( 'NONE', #1786, #1463, #1451 ) ;
#97 = CARTESIAN_POINT ( 'NONE',  ( 33.25000000000000000, -29.25000000000000000, -5.200000000000000178 ) ) ;
#98 = LINE ( 'NONE', #568, #1359 ) ;
#99 = CARTESIAN_POINT ( 'NONE',  ( 7.649999999999998579, -7.649999999999998579, -10.00000000000000000 ) ) ;
#100 = ORIENTED_EDGE ( 'NONE', *, *, #228, .T. ) ;
#101 = DIRECTION ( 'NONE',  ( 0.7071067811865474617, 0.7071067811865474617, 0.000000000000000000 ) ) ;
#102 = ORIENTED_EDGE ( 'NONE', *, *, #1824, .F. ) ;
#103 = LINE ( 'NONE', #594, #1816 ) ;
#104 = EDGE_CURVE ( 'NONE', #2092, #609, #1428, .T. ) ;
#105 = VERTEX_POINT ( 'NONE', #1106 ) ;
#106 = CARTESIAN_POINT ( 'NONE',  ( 32.25000000000000000, 23.75000000000000000, -2.000000000000000000 ) ) ;
#107 = CARTESIAN_POINT ( 'NONE',  ( 45.00000000000000000, 32.00000000000000000, -2.000000000000000000 ) ) ;
#108 = DIRECTION ( 'NONE',  ( -1.000000000000000000, 0.000000000000000000, 0.000000000000000000 ) ) ;
#109 = DIRECTION ( 'NONE',  ( 1.000000000000000000, 0.000000000000000000, -0.000000000000000000 ) ) ;
#110 = CARTESIAN_POINT ( 'NONE',  ( 29.00000000000000000, 16.00000000000000000, -24.00000000000000000 ) ) ;
#111 = VERTEX_POINT ( 'NONE', #1256 ) ;
#112 = ORIENTED_EDGE ( 'NONE', *, *, #1723, .F. ) ;
#113 = PLANE ( 'NONE',  #263 ) ;
#114 = VERTEX_POINT ( 'NONE', #767 ) ;
#115 = EDGE_CURVE ( 'NONE', #1707, #893, #1715, .T. ) ;
#116 = CARTESIAN_POINT ( 'NONE',  ( 21.00000000000000000, 20.00000000000000000, -2.000000000000000000 ) ) ;
#117 = DIRECTION ( 'NONE',  ( 0.000000000000000000, 1.000000000000000000, -0.000000000000000000 ) ) ;
#118 = DIRECTION ( 'NONE',  ( 0.7071067811865474617, 0.7071067811865474617, 0.000000000000000000 ) ) ;
#119 = CARTESIAN_POINT ( 'NONE',  ( 21.00000000000000000, -16.00000000000000000, -24.00000000000000000 ) ) ;
#120 = AXIS2_PLACEMENT_3D ( 'NONE', #2063, #1708, #898 ) ;
#121 = VERTEX_POINT ( 'NONE', #894 ) ;
#122 = ORIENTED_EDGE ( 'NONE', *, *, #819, .T. ) ;
#123 = CARTESIAN_POINT ( 'NONE',  ( 40.14999999999999858, -27.14999999999999858, -1.900000000000000577 ) ) ;
#124 = ORIENTED_EDGE ( 'NONE', *, *, #2007, .F. ) ;
#125 = AXIS2_PLACEMENT_3D ( 'NONE', #1920, #444, #370 ) ;
#126 = DIRECTION ( 'NONE',  ( 0.000000000000000000, 1.000000000000000000, 0.000000000000000000 ) ) ;
#127 = EDGE_CURVE ( 'NONE', #544, #121, #1552, .T. ) ;
#128 = VECTOR ( 'NONE', #299, 1000.000000000000000 ) ;
#129 = CARTESIAN_POINT ( 'NONE',  ( 20.99999999999999645, 22.00000000000000000, -48.50000000000000000 ) ) ;
#130 = EDGE_CURVE ( 'NONE', #1951, #1250, #413, .T. ) ;
#131 = DIRECTION ( 'NONE',  ( -0.000000000000000000, 1.000000000000000000, 0.000000000000000000 ) ) ;
#132 = DIRECTION ( 'NONE',  ( 0.000000000000000000, 1.000000000000000000, 0.000000000000000000 ) ) ;
#133 = ORIENTED_EDGE ( 'NONE', *, *, #1782, .T. ) ;
#134 = ORIENTED_EDGE ( 'NONE', *, *, #612, .F. ) ;
#135 = DIRECTION ( 'NONE',  ( 0.000000000000000000, -0.000000000000000000, 1.000000000000000000 ) ) ;
#136 = DIRECTION ( 'NONE',  ( 1.000000000000000000, 0.000000000000000000, 0.000000000000000000 ) ) ;
#137 = ORIENTED_EDGE ( 'NONE', *, *, #929, .T. ) ;
#138 = DIRECTION ( 'NONE',  ( 0.000000000000000000, -1.000000000000000000, 0.000000000000000000 ) ) ;
#139 = FACE_OUTER_BOUND ( 'NONE', #1485, .T. ) ;
#140 = LINE ( 'NONE', #437, #1393 ) ;
#141 = EDGE_CURVE ( 'NONE', #80, #1839, #2070, .T. ) ;
#142 = LINE ( 'NONE', #984, #1564 ) ;
#143 = LINE ( 'NONE', #1452, #1865 ) ;
#144 = ORIENTED_EDGE ( 'NONE', *, *, #1387, .T. ) ;
#145 = VERTEX_POINT ( 'NONE', #1074 ) ;
#146 = DIRECTION ( 'NONE',  ( 1.000000000000000000, 0.000000000000000000, 0.000000000000000000 ) ) ;
#147 = EDGE_LOOP ( 'NONE', ( #233, #219, #885, #175 ) ) ;
#148 = CARTESIAN_POINT ( 'NONE',  ( 16.75150000000000006, 22.00000000000000000, -44.70000000000000284 ) ) ;
#149 = CARTESIAN_POINT ( 'NONE',  ( 33.85000000000000142, -24.85000000000000142, -5.200000000000000178 ) ) ;
#150 = FACE_BOUND ( 'NONE', #1550, .T. ) ;
#151 = CARTESIAN_POINT ( 'NONE',  ( 33.85000000000000142, 24.85000000000000142, -10.00000000000000000 ) ) ;
#152 = PLANE ( 'NONE',  #1424 ) ;
#153 = EDGE_CURVE ( 'NONE', #315, #1262, #1097, .T. ) ;
#154 = ORIENTED_EDGE ( 'NONE', *, *, #902, .T. ) ;
#155 = FACE_OUTER_BOUND ( 'NONE', #719, .T. ) ;
#156 = LINE ( 'NONE', #1113, #1466 ) ;
#157 = ORIENTED_EDGE ( 'NONE', *, *, #804, .F. ) ;
#158 = ADVANCED_FACE ( 'NONE', ( #251 ), #275, .T. ) ;
#159 = VECTOR ( 'NONE', #1901, 1000.000000000000000 ) ;
#160 = CARTESIAN_POINT ( 'NONE',  ( 20.99999999999999645, -14.00000000000000000, -48.50000000000000000 ) ) ;
#161 = VECTOR ( 'NONE', #1909, 1000.000000000000000 ) ;
#162 = EDGE_LOOP ( 'NONE', ( #95, #1016, #1616, #339, #871, #1272, #1104, #1041 ) ) ;
#163 = VECTOR ( 'NONE', #1942, 1000.000000000000000 ) ;
#164 = CARTESIAN_POINT ( 'NONE',  ( 34.35000000000000142, -27.64999999999999858, -5.200000000000000178 ) ) ;
#165 = AXIS2_PLACEMENT_3D ( 'NONE', #800, #811, #1944 ) ;
#166 = DIRECTION ( 'NONE',  ( 0.7071067811865474617, 0.7071067811865474617, 0.000000000000000000 ) ) ;
#167 = CARTESIAN_POINT ( 'NONE',  ( 29.00000000000000000, 32.00000000000000000, -10.00000000000000000 ) ) ;
#168 = VERTEX_POINT ( 'NONE', #936 ) ;
#169 = EDGE_CURVE ( 'NONE', #1745, #1455, #1585, .T. ) ;
#170 = PLANE ( 'NONE',  #1354 ) ;
#171 = DIRECTION ( 'NONE',  ( 1.000000000000000000, 0.000000000000000000, 0.000000000000000000 ) ) ;
#172 = ORIENTED_EDGE ( 'NONE', *, *, #1910, .F. ) ;
#173 = EDGE_CURVE ( 'NONE', #1839, #1455, #297, .T. ) ;
#174 = LINE ( 'NONE', #959, #536 ) ;
#175 = ORIENTED_EDGE ( 'NONE', *, *, #1132, .T. ) ;
#176 = DIRECTION ( 'NONE',  ( 0.7071067811865475727, -0.7071067811865475727, 0.000000000000000000 ) ) ;
#177 = DIRECTION ( 'NONE',  ( 0.7071067811865474617, -0.7071067811865474617, 0.000000000000000000 ) ) ;
#178 = VERTEX_POINT ( 'NONE', #1460 ) ;
#179 = LINE ( 'NONE', #865, #220 ) ;
#180 = ORIENTED_EDGE ( 'NONE', *, *, #40, .T. ) ;
#181 = CARTESIAN_POINT ( 'NONE',  ( 40.14999999999999858, 24.85000000000000142, -5.200000000000000178 ) ) ;
#182 = ORIENTED_EDGE ( 'NONE', *, *, #254, .F. ) ;
#183 = ADVANCED_FACE ( 'NONE', ( #139 ), #2121, .T. ) ;
#184 = FACE_BOUND ( 'NONE', #12, .T. ) ;
#185 = DIRECTION ( 'NONE',  ( 0.000000000000000000, -0.000000000000000000, 1.000000000000000000 ) ) ;
#186 = ORIENTED_EDGE ( 'NONE', *, *, #193, .F. ) ;
#187 = CARTESIAN_POINT ( 'NONE',  ( 40.14999999999999858, 27.14999999999999858, -5.200000000000000178 ) ) ;
#188 = APPROVAL_ROLE ( '' ) ;
#189 = DIRECTION ( 'NONE',  ( 0.000000000000000000, 0.000000000000000000, -1.000000000000000000 ) ) ;
#190 = VERTEX_POINT ( 'NONE', #791 ) ;
#191 = VECTOR ( 'NONE', #735, 1000.000000000000114 ) ;
#192 = VECTOR ( 'NONE', #807, 1000.000000000000000 ) ;
#193 = EDGE_CURVE ( 'NONE', #111, #617, #1288, .T. ) ;
#194 = VERTEX_POINT ( 'NONE', #149 ) ;
#195 = LINE ( 'NONE', #691, #1155 ) ;
#196 = ORIENTED_EDGE ( 'NONE', *, *, #1955, .F. ) ;
#197 = AXIS2_PLACEMENT_3D ( 'NONE', #1278, #844, #473 ) ;
#198 = DIRECTION ( 'NONE',  ( 0.000000000000000000, -1.000000000000000000, 0.000000000000000000 ) ) ;
#199 = LINE ( 'NONE', #860, #85 ) ;
#200 = ORIENTED_EDGE ( 'NONE', *, *, #141, .T. ) ;
#201 = ADVANCED_FACE ( 'NONE', ( #1449 ), #1133, .F. ) ;
#202 = ORIENTED_EDGE ( 'NONE', *, *, #1335, .F. ) ;
#203 = PLANE ( 'NONE',  #1691 ) ;
#204 = EDGE_CURVE ( 'NONE', #1964, #1861, #1597, .T. ) ;
#205 = CARTESIAN_POINT ( 'NONE',  ( 20.99999999999999645, 14.00000000000000000, -44.70000000000000284 ) ) ;
#206 = ORIENTED_EDGE ( 'NONE', *, *, #1310, .T. ) ;
#207 = COORDINATED_UNIVERSAL_TIME_OFFSET ( 8, 0, .AHEAD. ) ;
#208 = CARTESIAN_POINT ( 'NONE',  ( 0.000000000000000000, 0.000000000000000000, -10.00000000000000000 ) ) ;
#209 = EDGE_LOOP ( 'NONE', ( #1972, #134, #954, #666 ) ) ;
#210 = LINE ( 'NONE', #11, #1327 ) ;
#211 = ORIENTED_EDGE ( 'NONE', *, *, #1983, .F. ) ;
#212 = LINE ( 'NONE', #1008, #533 ) ;
#213 = CARTESIAN_POINT ( 'NONE',  ( 20.99999999999999645, 14.00000000000000000, -44.70000000000000284 ) ) ;
#214 = LINE ( 'NONE', #49, #1491 ) ;
#215 = ADVANCED_FACE ( 'NONE', ( #308 ), #972, .F. ) ;
#216 = EDGE_LOOP ( 'NONE', ( #262, #282, #1489, #1930 ) ) ;
#217 = VECTOR ( 'NONE', #1258, 1000.000000000000000 ) ;
#218 = CARTESIAN_POINT ( 'NONE',  ( 20.99999999999999645, -22.00000000000000000, -48.50000000000000000 ) ) ;
#219 = ORIENTED_EDGE ( 'NONE', *, *, #1541, .F. ) ;
#220 = VECTOR ( 'NONE', #839, 1000.000000000000000 ) ;
#221 = CARTESIAN_POINT ( 'NONE',  ( 33.85000000000000142, 27.14999999999999858, -1.900000000000000577 ) ) ;
#222 = AXIS2_PLACEMENT_3D ( 'NONE', #720, #375, #2017 ) ;
#223 = PLANE ( 'NONE',  #426 ) ;
#224 = EDGE_LOOP ( 'NONE', ( #787, #1423, #1689, #772 ) ) ;
#225 = COORDINATED_UNIVERSAL_TIME_OFFSET ( 8, 0, .AHEAD. ) ;
#226 = VECTOR ( 'NONE', #1912, 1000.000000000000000 ) ;
#227 = ORIENTED_EDGE ( 'NONE', *, *, #961, .F. ) ;
#228 = EDGE_CURVE ( 'NONE', #1455, #433, #1618, .T. ) ;
#229 = AXIS2_PLACEMENT_3D ( 'NONE', #664, #1316, #1669 ) ;
#230 = DIRECTION ( 'NONE',  ( -0.7071067811865474617, -0.7071067811865474617, 0.000000000000000000 ) ) ;
#231 = ORIENTED_EDGE ( 'NONE', *, *, #1595, .F. ) ;
#232 = ADVANCED_FACE ( 'NONE', ( #455 ), #1770, .F. ) ;
#233 = ORIENTED_EDGE ( 'NONE', *, *, #2020, .T. ) ;
#234 = LINE ( 'NONE', #886, #1732 ) ;
#235 = LINE ( 'NONE', #99, #1392 ) ;
#236 = ORIENTED_EDGE ( 'NONE', *, *, #1014, .T. ) ;
#237 = CARTESIAN_POINT ( 'NONE',  ( 21.00000000000000000, 32.00000000000000000, -54.00000000000000000 ) ) ;
#238 = ORIENTED_EDGE ( 'NONE', *, *, #1867, .T. ) ;
#239 = CARTESIAN_POINT ( 'NONE',  ( 20.99999999999999645, -22.00000000000000000, -44.70000000000000284 ) ) ;
#240 = ORIENTED_EDGE ( 'NONE', *, *, #545, .F. ) ;
#241 = ADVANCED_FACE ( 'NONE', ( #1323, #1121 ), #1313, .T. ) ;
#242 = DIRECTION ( 'NONE',  ( 0.7071067811865474617, 0.7071067811865474617, 0.000000000000000000 ) ) ;
#243 = ADVANCED_FACE ( 'NONE', ( #1981 ), #508, .T. ) ;
#244 = LINE ( 'NONE', #221, #1459 ) ;
#245 = CARTESIAN_POINT ( 'NONE',  ( 3.350000000000000533, 3.350000000000000533, -10.00000000000000000 ) ) ;
#246 = EDGE_LOOP ( 'NONE', ( #631, #901, #1817, #825 ) ) ;
#247 = CARTESIAN_POINT ( 'NONE',  ( 20.99999999999999645, 22.00000000000000000, -48.50000000000000000 ) ) ;
#248 = ORIENTED_EDGE ( 'NONE', *, *, #63, .T. ) ;
#249 = CARTESIAN_POINT ( 'NONE',  ( 16.75150000000000006, -14.00000000000000000, -44.70000000000000284 ) ) ;
#250 = ORIENTED_EDGE ( 'NONE', *, *, #2097, .T. ) ;
#251 = FACE_OUTER_BOUND ( 'NONE', #1989, .T. ) ;
#252 = CARTESIAN_POINT ( 'NONE',  ( 29.00000000000000000, 32.00000000000000000, -10.00000000000000000 ) ) ;
#253 = AXIS2_PLACEMENT_3D ( 'NONE', #1169, #1657, #185 ) ;
#254 = EDGE_CURVE ( 'NONE', #420, #1274, #1656, .T. ) ;
#255 = CARTESIAN_POINT ( 'NONE',  ( 41.75000000000000000, -28.25000000000000000, -1.899999999999999689 ) ) ;
#256 = ORIENTED_EDGE ( 'NONE', *, *, #1346, .F. ) ;
#257 = DIRECTION ( 'NONE',  ( 0.7071067811865474617, 0.7071067811865474617, 0.000000000000000000 ) ) ;
#258 = VECTOR ( 'NONE', #126, 1000.000000000000000 ) ;
#259 = ORIENTED_EDGE ( 'NONE', *, *, #254, .T. ) ;
#260 = CARTESIAN_POINT ( 'NONE',  ( 16.75150000000000006, 5.000000000000000000, -21.00000000000000000 ) ) ;
#261 = VECTOR ( 'NONE', #1301, 1000.000000000000000 ) ;
#262 = ORIENTED_EDGE ( 'NONE', *, *, #597, .F. ) ;
#263 = AXIS2_PLACEMENT_3D ( 'NONE', #239, #1379, #1860 ) ;
#264 = CARTESIAN_POINT ( 'NONE',  ( 33.85000000000000142, 0.000000000000000000, -10.00000000000000000 ) ) ;
#265 = DIRECTION ( 'NONE',  ( 0.000000000000000000, 0.000000000000000000, -1.000000000000000000 ) ) ;
#266 = CARTESIAN_POINT ( 'NONE',  ( 0.000000000000000000, 24.35000000000000142, -10.00000000000000000 ) ) ;
#267 = ADVANCED_FACE ( 'NONE', ( #1474 ), #1934, .F. ) ;
#268 = LINE ( 'NONE', #245, #465 ) ;
#269 = DIRECTION ( 'NONE',  ( 0.000000000000000000, 0.000000000000000000, 1.000000000000000000 ) ) ;
#270 = EDGE_CURVE ( 'NONE', #168, #1147, #636, .T. ) ;
#271 = ORIENTED_EDGE ( 'NONE', *, *, #14, .T. ) ;
#272 = LINE ( 'NONE', #923, #1394 ) ;
#273 = VERTEX_POINT ( 'NONE', #2124 ) ;
#274 = CARTESIAN_POINT ( 'NONE',  ( 45.00000000000000000, -20.00000000000000000, -10.00000000000000000 ) ) ;
#275 = PLANE ( 'NONE',  #434 ) ;
#276 = DIRECTION ( 'NONE',  ( 1.000000000000000000, 0.000000000000000000, 0.000000000000000000 ) ) ;
#277 = DIRECTION ( 'NONE',  ( 0.000000000000000000, -1.000000000000000000, 0.000000000000000000 ) ) ;
#278 = ORIENTED_EDGE ( 'NONE', *, *, #999, .F. ) ;
#279 = ORIENTED_EDGE ( 'NONE', *, *, #169, .F. ) ;
#280 = EDGE_CURVE ( 'NONE', #1533, #1936, #142, .T. ) ;
#281 = CARTESIAN_POINT ( 'NONE',  ( 39.64999999999999858, 24.35000000000000142, -5.200000000000000178 ) ) ;
#282 = ORIENTED_EDGE ( 'NONE', *, *, #705, .T. ) ;
#283 = CARTESIAN_POINT ( 'NONE',  ( 20.99999999999999645, -14.00000000000000000, -48.50000000000000000 ) ) ;
#284 = DIRECTION ( 'NONE',  ( 0.000000000000000000, 0.000000000000000000, 1.000000000000000000 ) ) ;
#285 = CARTESIAN_POINT ( 'NONE',  ( 33.85000000000000142, 24.85000000000000142, -1.900000000000000577 ) ) ;
#286 = CARTESIAN_POINT ( 'NONE',  ( 0.000000000000000000, -24.35000000000000142, -10.00000000000000000 ) ) ;
#287 = AXIS2_PLACEMENT_3D ( 'NONE', #905, #76, #579 ) ;
#288 = ORIENTED_EDGE ( 'NONE', *, *, #777, .T. ) ;
#289 = VERTEX_POINT ( 'NONE', #151 ) ;
#290 = CARTESIAN_POINT ( 'NONE',  ( 45.00000000000000000, 20.00000000000000000, -10.00000000000000000 ) ) ;
#291 = ORIENTED_EDGE ( 'NONE', *, *, #1453, .F. ) ;
#292 = VECTOR ( 'NONE', #1825, 1000.000000000000114 ) ;
#293 = ADVANCED_FACE ( 'NONE', ( #650 ), #1168, .T. ) ;
#294 = DIRECTION ( 'NONE',  ( 0.000000000000000000, 0.000000000000000000, -1.000000000000000000 ) ) ;
#295 = EDGE_CURVE ( 'NONE', #289, #1185, #1302, .T. ) ;
#296 = VECTOR ( 'NONE', #1990, 1000.000000000000000 ) ;
#297 = LINE ( 'NONE', #634, #1947 ) ;
#298 = CARTESIAN_POINT ( 'NONE',  ( 34.35000000000000142, 24.35000000000000142, -1.900000000000000577 ) ) ;
#299 = DIRECTION ( 'NONE',  ( 0.000000000000000000, 1.000000000000000000, -0.000000000000000000 ) ) ;
#300 = CARTESIAN_POINT ( 'NONE',  ( 0.000000000000000000, -29.25000000000000000, -2.000000000000000000 ) ) ;
#301 = ORIENTED_EDGE ( 'NONE', *, *, #90, .T. ) ;
#302 = ORIENTED_EDGE ( 'NONE', *, *, #1064, .F. ) ;
#303 = DIRECTION ( 'NONE',  ( -0.000000000000000000, 0.000000000000000000, 1.000000000000000000 ) ) ;
#304 = APPLICATION_PROTOCOL_DEFINITION ( 'international standard', 'config_control_design', 1994, #1724 ) ;
#305 = VERTEX_POINT ( 'NONE', #342 ) ;
#306 = DIRECTION ( 'NONE',  ( 0.000000000000000000, 0.000000000000000000, -1.000000000000000000 ) ) ;
#307 = EDGE_CURVE ( 'NONE', #1951, #433, #310, .T. ) ;
#308 = FACE_OUTER_BOUND ( 'NONE', #1445, .T. ) ;
#309 = CARTESIAN_POINT ( 'NONE',  ( 40.14999999999999858, 27.14999999999999858, -1.900000000000000577 ) ) ;
#310 = LINE ( 'NONE', #802, #1298 ) ;
#311 = DIRECTION ( 'NONE',  ( -1.000000000000000000, 0.000000000000000000, 0.000000000000000000 ) ) ;
#312 = ORIENTED_EDGE ( 'NONE', *, *, #1640, .F. ) ;
#313 = CARTESIAN_POINT ( 'NONE',  ( 0.000000000000000000, 0.000000000000000000, -2.000000000000000000 ) ) ;
#314 = LINE ( 'NONE', #2128, #94 ) ;
#315 = VERTEX_POINT ( 'NONE', #5 ) ;
#316 = PLANE ( 'NONE',  #1356 ) ;
#317 = LINE ( 'NONE', #331, #608 ) ;
#318 = ADVANCED_FACE ( 'NONE', ( #184, #975 ), #1959, .T. ) ;
#319 = FACE_OUTER_BOUND ( 'NONE', #1109, .T. ) ;
#320 = CARTESIAN_POINT ( 'NONE',  ( 41.75000000000000000, -28.25000000000000000, -1.899999999999999689 ) ) ;
#321 = EDGE_CURVE ( 'NONE', #105, #544, #1970, .T. ) ;
#322 = ORIENTED_EDGE ( 'NONE', *, *, #153, .T. ) ;
#323 = VECTOR ( 'NONE', #1269, 1000.000000000000000 ) ;
#324 = CARTESIAN_POINT ( 'NONE',  ( 20.99999999999999645, -14.00000000000000000, -48.50000000000000000 ) ) ;
#325 = DIRECTION ( 'NONE',  ( 0.000000000000000000, 0.000000000000000000, -1.000000000000000000 ) ) ;
#326 = ORIENTED_EDGE ( 'NONE', *, *, #999, .T. ) ;
#327 = DIRECTION ( 'NONE',  ( 0.000000000000000000, 0.000000000000000000, -1.000000000000000000 ) ) ;
#328 = VECTOR ( 'NONE', #1296, 1000.000000000000000 ) ;
#329 = ORIENTED_EDGE ( 'NONE', *, *, #1243, .F. ) ;
#330 = AXIS2_PLACEMENT_3D ( 'NONE', #1834, #33, #543 ) ;
#331 = CARTESIAN_POINT ( 'NONE',  ( 45.00000000000000000, 32.00000000000000000, -10.00000000000000000 ) ) ;
#332 = AXIS2_PLACEMENT_3D ( 'NONE', #1055, #25, #548 ) ;
#333 = CARTESIAN_POINT ( 'NONE',  ( 20.99999999999999645, 5.000000000000000000, -12.00000000000000000 ) ) ;
#334 = DIRECTION ( 'NONE',  ( 0.000000000000000000, -1.000000000000000000, 0.000000000000000000 ) ) ;
#335 = ORIENTED_EDGE ( 'NONE', *, *, #1980, .F. ) ;
#336 = CARTESIAN_POINT ( 'NONE',  ( 33.25000000000000000, -22.75000000000000000, -5.200000000000000178 ) ) ;
#337 = ADVANCED_FACE ( 'NONE', ( #1774 ), #2098, .F. ) ;
#338 = FACE_OUTER_BOUND ( 'NONE', #1063, .T. ) ;
#339 = ORIENTED_EDGE ( 'NONE', *, *, #1725, .F. ) ;
#340 = LINE ( 'NONE', #1190, #822 ) ;
#341 = ORIENTED_EDGE ( 'NONE', *, *, #669, .F. ) ;
#342 = CARTESIAN_POINT ( 'NONE',  ( 33.85000000000000142, -24.85000000000000142, -10.00000000000000000 ) ) ;
#343 = CARTESIAN_POINT ( 'NONE',  ( 41.75000000000000000, 23.75000000000000000, -5.200000000000000178 ) ) ;
#344 = ORIENTED_EDGE ( 'NONE', *, *, #612, .T. ) ;
#345 = CARTESIAN_POINT ( 'NONE',  ( 39.64999999999999858, -24.35000000000000142, -5.200000000000000178 ) ) ;
#346 = APPROVAL_ROLE ( '' ) ;
#347 = CARTESIAN_POINT ( 'NONE',  ( 41.75000000000000000, 28.25000000000000000, -2.000000000000000000 ) ) ;
#348 = ORIENTED_EDGE ( 'NONE', *, *, #1837, .F. ) ;
#349 = EDGE_CURVE ( 'NONE', #1228, #1951, #483, .T. ) ;
#350 = ORIENTED_EDGE ( 'NONE', *, *, #523, .F. ) ;
#351 = DIRECTION ( 'NONE',  ( 0.000000000000000000, -1.000000000000000000, 0.000000000000000000 ) ) ;
#352 = ORIENTED_EDGE ( 'NONE', *, *, #204, .T. ) ;
#353 = DIRECTION ( 'NONE',  ( 0.000000000000000000, 0.000000000000000000, -1.000000000000000000 ) ) ;
#354 = PERSON_AND_ORGANIZATION ( #1544, #1025 ) ;
#355 = DIRECTION ( 'NONE',  ( 0.000000000000000000, 1.000000000000000000, 0.000000000000000000 ) ) ;
#356 = ORIENTED_EDGE ( 'NONE', *, *, #1387, .F. ) ;
#357 = CC_DESIGN_PERSON_AND_ORGANIZATION_ASSIGNMENT ( #513, #383, ( #2107 ) ) ;
#358 = VECTOR ( 'NONE', #782, 1000.000000000000000 ) ;
#359 = ADVANCED_FACE ( 'NONE', ( #319 ), #661, .T. ) ;
#360 = VECTOR ( 'NONE', #1030, 1000.000000000000114 ) ;
#361 = DESIGN_CONTEXT ( 'detailed design', #699, 'design' ) ;
#362 = VECTOR ( 'NONE', #973, 1000.000000000000000 ) ;
#363 = ORIENTED_EDGE ( 'NONE', *, *, #1595, .T. ) ;
#364 = CARTESIAN_POINT ( 'NONE',  ( 40.75000000000000000, -22.75000000000000000, -5.200000000000000178 ) ) ;
#365 = VECTOR ( 'NONE', #471, 1000.000000000000000 ) ;
#366 = DIRECTION ( 'NONE',  ( -0.7071067811865474617, -0.7071067811865474617, 0.000000000000000000 ) ) ;
#367 = DATE_AND_TIME ( #374, #1822 ) ;
#368 = CARTESIAN_POINT ( 'NONE',  ( 40.75000000000000000, 29.25000000000000000, -2.000000000000000000 ) ) ;
#369 = VERTEX_POINT ( 'NONE', #1240 ) ;
#370 = DIRECTION ( 'NONE',  ( -0.7071067811865474617, -0.7071067811865474617, 0.000000000000000000 ) ) ;
#371 = ORIENTED_EDGE ( 'NONE', *, *, #307, .F. ) ;
#372 = LINE ( 'NONE', #36, #1521 ) ;
#373 = DIRECTION ( 'NONE',  ( -1.000000000000000000, -0.000000000000000000, -0.000000000000000000 ) ) ;
#374 = CALENDAR_DATE ( 2026, 14, 9 ) ;
#375 = DIRECTION ( 'NONE',  ( -0.000000000000000000, 1.000000000000000000, 0.000000000000000000 ) ) ;
#376 = ORIENTED_EDGE ( 'NONE', *, *, #493, .F. ) ;
#377 = DIRECTION ( 'NONE',  ( 0.000000000000000000, 1.000000000000000000, -0.000000000000000000 ) ) ;
#378 = ORIENTED_EDGE ( 'NONE', *, *, #1158, .F. ) ;
#379 = FACE_OUTER_BOUND ( 'NONE', #1239, .T. ) ;
#380 = EDGE_CURVE ( 'NONE', #593, #1479, #272, .T. ) ;
#381 = FACE_OUTER_BOUND ( 'NONE', #1868, .T. ) ;
#382 = ORIENTED_EDGE ( 'NONE', *, *, #588, .T. ) ;
#383 = PERSON_AND_ORGANIZATION_ROLE ( 'design_owner' ) ;
#384 = EDGE_CURVE ( 'NONE', #2076, #1937, #1249, .T. ) ;
#385 = VERTEX_POINT ( 'NONE', #932 ) ;
#386 = DIRECTION ( 'NONE',  ( -0.000000000000000000, 1.000000000000000000, 0.000000000000000000 ) ) ;
#387 = ORIENTED_EDGE ( 'NONE', *, *, #23, .T. ) ;
#388 = AXIS2_PLACEMENT_3D ( 'NONE', #208, #1507, #1175 ) ;
#389 = CARTESIAN_POINT ( 'NONE',  ( 39.64999999999999858, 24.35000000000000142, -1.900000000000000577 ) ) ;
#390 = PLANE ( 'NONE',  #332 ) ;
#391 = VECTOR ( 'NONE', #2032, 1000.000000000000000 ) ;
#392 = DIRECTION ( 'NONE',  ( 0.000000000000000000, 0.000000000000000000, -1.000000000000000000 ) ) ;
#393 = AXIS2_PLACEMENT_3D ( 'NONE', #2071, #2060, #927 ) ;
#394 = CARTESIAN_POINT ( 'NONE',  ( 32.25000000000000000, -28.25000000000000000, -5.200000000000000178 ) ) ;
#395 = VERTEX_POINT ( 'NONE', #419 ) ;
#396 = FACE_OUTER_BOUND ( 'NONE', #65, .T. ) ;
#397 = VECTOR ( 'NONE', #117, 1000.000000000000000 ) ;
#398 = VERTEX_POINT ( 'NONE', #1710 ) ;
#399 = ADVANCED_FACE ( 'NONE', ( #1081 ), #81, .T. ) ;
#400 = LINE ( 'NONE', #1582, #1330 ) ;
#401 = ORIENTED_EDGE ( 'NONE', *, *, #726, .T. ) ;
#402 = ADVANCED_FACE ( 'NONE', ( #1094 ), #431, .F. ) ;
#403 = CARTESIAN_POINT ( 'NONE',  ( 40.75000000000000000, 22.75000000000000000, -5.200000000000000178 ) ) ;
#404 = DIRECTION ( 'NONE',  ( -0.7071067811865474617, 0.7071067811865474617, -0.000000000000000000 ) ) ;
#405 = CARTESIAN_POINT ( 'NONE',  ( 16.75150000000000006, 22.00000000000000000, -48.50000000000000000 ) ) ;
#406 = EDGE_LOOP ( 'NONE', ( #1388, #78, #1367, #2129 ) ) ;
#407 = PLANE ( 'NONE',  #1389 ) ;
#408 = ORIENTED_EDGE ( 'NONE', *, *, #752, .T. ) ;
#409 = CARTESIAN_POINT ( 'NONE',  ( 35.00000000000000000, -35.00000000000000000, -2.000000000000000000 ) ) ;
#410 = ORIENTED_EDGE ( 'NONE', *, *, #1358, .F. ) ;
#411 = EDGE_CURVE ( 'NONE', #1399, #1591, #400, .T. ) ;
#412 = EDGE_CURVE ( 'NONE', #2066, #2054, #1905, .T. ) ;
#413 = LINE ( 'NONE', #107, #1261 ) ;
#414 = CARTESIAN_POINT ( 'NONE',  ( 32.25000000000000000, 28.25000000000000000, -1.899999999999999689 ) ) ;
#415 = LINE ( 'NONE', #1043, #1703 ) ;
#416 = ORIENTED_EDGE ( 'NONE', *, *, #684, .F. ) ;
#417 = LINE ( 'NONE', #1386, #565 ) ;
#418 = ORIENTED_EDGE ( 'NONE', *, *, #545, .T. ) ;
#419 = CARTESIAN_POINT ( 'NONE',  ( 40.14999999999999858, -27.14999999999999858, -5.200000000000000178 ) ) ;
#420 = VERTEX_POINT ( 'NONE', #1402 ) ;
#421 = ADVANCED_FACE ( 'NONE', ( #1062 ), #113, .F. ) ;
#422 = EDGE_CURVE ( 'NONE', #450, #1861, #2065, .T. ) ;
#423 = FACE_OUTER_BOUND ( 'NONE', #830, .T. ) ;
#424 = LINE ( 'NONE', #1553, #1765 ) ;
#425 = VECTOR ( 'NONE', #311, 1000.000000000000000 ) ;
#426 = AXIS2_PLACEMENT_3D ( 'NONE', #888, #2072, #109 ) ;
#427 = DIRECTION ( 'NONE',  ( -1.000000000000000000, 0.000000000000000000, 0.000000000000000000 ) ) ;
#428 = DIRECTION ( 'NONE',  ( -1.000000000000000000, -0.000000000000000000, -0.000000000000000000 ) ) ;
#429 = VECTOR ( 'NONE', #468, 1000.000000000000000 ) ;
#430 = VERTEX_POINT ( 'NONE', #1549 ) ;
#431 = PLANE ( 'NONE',  #921 ) ;
#432 = AXIS2_PLACEMENT_3D ( 'NONE', #1277, #780, #2096 ) ;
#433 = VERTEX_POINT ( 'NONE', #732 ) ;
#434 = AXIS2_PLACEMENT_3D ( 'NONE', #2059, #589, #2085 ) ;
#435 = LINE ( 'NONE', #1105, #781 ) ;
#436 = CARTESIAN_POINT ( 'NONE',  ( 45.00000000000000000, -20.00000000000000000, -10.00000000000000000 ) ) ;
#437 = CARTESIAN_POINT ( 'NONE',  ( 41.75000000000000000, 28.25000000000000000, -1.899999999999999689 ) ) ;
#438 = EDGE_CURVE ( 'NONE', #92, #1517, #586, .T. ) ;
#439 = LINE ( 'NONE', #1216, #1321 ) ;
#440 = ORIENTED_EDGE ( 'NONE', *, *, #1571, .F. ) ;
#441 = ORIENTED_EDGE ( 'NONE', *, *, #2040, .T. ) ;
#442 = DIRECTION ( 'NONE',  ( 0.7071067811865474617, 0.7071067811865474617, 0.000000000000000000 ) ) ;
#443 = ORIENTED_EDGE ( 'NONE', *, *, #626, .T. ) ;
#444 = DIRECTION ( 'NONE',  ( -0.7071067811865475727, 0.7071067811865475727, 0.000000000000000000 ) ) ;
#445 = DIRECTION ( 'NONE',  ( 0.7071067811865475727, 0.7071067811865475727, 0.000000000000000000 ) ) ;
#446 = CARTESIAN_POINT ( 'NONE',  ( 34.35000000000000142, 24.35000000000000142, -1.900000000000000577 ) ) ;
#447 = CC_DESIGN_PERSON_AND_ORGANIZATION_ASSIGNMENT ( #875, #866, ( #1648 ) ) ;
#448 = CARTESIAN_POINT ( 'NONE',  ( 32.25000000000000000, -23.75000000000000000, -5.200000000000000178 ) ) ;
#449 = ORIENTED_EDGE ( 'NONE', *, *, #1414, .T. ) ;
#450 = VERTEX_POINT ( 'NONE', #2048 ) ;
#451 = CARTESIAN_POINT ( 'NONE',  ( 20.99999999999999645, 14.00000000000000000, -48.50000000000000000 ) ) ;
#452 =( NAMED_UNIT ( * ) SI_UNIT ( $, .STERADIAN. ) SOLID_ANGLE_UNIT ( ) );
#453 = ORIENTED_EDGE ( 'NONE', *, *, #1243, .T. ) ;
#454 = CARTESIAN_POINT ( 'NONE',  ( 29.00000000000000000, 16.00000000000000000, -40.00000000000000000 ) ) ;
#455 = FACE_OUTER_BOUND ( 'NONE', #1420, .T. ) ;
#456 = CARTESIAN_POINT ( 'NONE',  ( 45.00000000000000000, 32.00000000000000000, -2.000000000000000000 ) ) ;
#457 = DIRECTION ( 'NONE',  ( -1.000000000000000000, -0.000000000000000000, -0.000000000000000000 ) ) ;
#458 = CARTESIAN_POINT ( 'NONE',  ( 21.00000000000000000, 32.00000000000000000, -10.00000000000000000 ) ) ;
#459 = VECTOR ( 'NONE', #257, 1000.000000000000114 ) ;
#460 = EDGE_LOOP ( 'NONE', ( #952, #1894, #784, #1966 ) ) ;
#461 = ORIENTED_EDGE ( 'NONE', *, *, #153, .F. ) ;
#462 = CARTESIAN_POINT ( 'NONE',  ( 16.75150000000000006, -5.000000000000000000, -21.00000000000000000 ) ) ;
#463 = PLANE ( 'NONE',  #1699 ) ;
#464 = ORIENTED_EDGE ( 'NONE', *, *, #843, .T. ) ;
#465 = VECTOR ( 'NONE', #570, 1000.000000000000114 ) ;
#466 = ADVANCED_FACE ( 'NONE', ( #1893 ), #1049, .F. ) ;
#467 = AXIS2_PLACEMENT_3D ( 'NONE', #482, #649, #1758 ) ;
#468 = DIRECTION ( 'NONE',  ( -1.000000000000000000, -0.000000000000000000, -0.000000000000000000 ) ) ;
#469 = VECTOR ( 'NONE', #948, 1000.000000000000000 ) ;
#470 = EDGE_CURVE ( 'NONE', #1999, #1147, #1422, .T. ) ;
#471 = DIRECTION ( 'NONE',  ( -1.000000000000000000, -0.000000000000000000, -0.000000000000000000 ) ) ;
#472 = PLANE ( 'NONE',  #953 ) ;
#473 = DIRECTION ( 'NONE',  ( 1.000000000000000000, 0.000000000000000000, 0.000000000000000000 ) ) ;
#474 = DIRECTION ( 'NONE',  ( 0.000000000000000000, 0.000000000000000000, -1.000000000000000000 ) ) ;
#475 = ORIENTED_EDGE ( 'NONE', *, *, #130, .T. ) ;
#476 = ORIENTED_EDGE ( 'NONE', *, *, #1255, .F. ) ;
#477 = CARTESIAN_POINT ( 'NONE',  ( 34.35000000000000142, -27.64999999999999858, -5.200000000000000178 ) ) ;
#478 = ORIENTED_EDGE ( 'NONE', *, *, #1073, .T. ) ;
#479 = CARTESIAN_POINT ( 'NONE',  ( 20.99999999999999645, -5.000000000000000000, -21.00000000000000000 ) ) ;
#480 = EDGE_CURVE ( 'NONE', #552, #2006, #1744, .T. ) ;
#481 = EDGE_CURVE ( 'NONE', #574, #1250, #1721, .T. ) ;
#482 = CARTESIAN_POINT ( 'NONE',  ( 20.99999999999999645, 5.000000000000000000, -21.00000000000000000 ) ) ;
#483 = LINE ( 'NONE', #1145, #1642 ) ;
#484 = DIRECTION ( 'NONE',  ( 1.000000000000000000, 0.000000000000000000, 0.000000000000000000 ) ) ;
#485 = EDGE_LOOP ( 'NONE', ( #100, #371, #475, #1612, #1926, #1919 ) ) ;
#486 = FACE_OUTER_BOUND ( 'NONE', #1536, .T. ) ;
#487 = CARTESIAN_POINT ( 'NONE',  ( 32.25000000000000000, 28.25000000000000000, -5.200000000000000178 ) ) ;
#488 = ORIENTED_EDGE ( 'NONE', *, *, #1873, .T. ) ;
#489 = CARTESIAN_POINT ( 'NONE',  ( 20.99999999999999645, -5.000000000000000000, -12.00000000000000000 ) ) ;
#490 = ORIENTED_EDGE ( 'NONE', *, *, #659, .T. ) ;
#491 = EDGE_CURVE ( 'NONE', #879, #1751, #892, .T. ) ;
#492 = CARTESIAN_POINT ( 'NONE',  ( 16.75150000000000006, -5.000000000000000000, -12.00000000000000000 ) ) ;
#493 = EDGE_CURVE ( 'NONE', #1051, #1707, #103, .T. ) ;
#494 = DIRECTION ( 'NONE',  ( 1.000000000000000000, 0.000000000000000000, 0.000000000000000000 ) ) ;
#495 = CARTESIAN_POINT ( 'NONE',  ( 40.75000000000000000, 29.25000000000000000, -5.200000000000000178 ) ) ;
#496 = VERTEX_POINT ( 'NONE', #93 ) ;
#497 = VECTOR ( 'NONE', #625, 1000.000000000000000 ) ;
#498 = LINE ( 'NONE', #1180, #1222 ) ;
#499 = DIRECTION ( 'NONE',  ( 0.000000000000000000, 0.000000000000000000, -1.000000000000000000 ) ) ;
#500 = EDGE_LOOP ( 'NONE', ( #449, #68, #1408, #352 ) ) ;
#501 = VECTOR ( 'NONE', #108, 1000.000000000000000 ) ;
#502 = DIRECTION ( 'NONE',  ( -0.000000000000000000, 0.000000000000000000, 1.000000000000000000 ) ) ;
#503 = VECTOR ( 'NONE', #883, 1000.000000000000000 ) ;
#504 = VERTEX_POINT ( 'NONE', #2057 ) ;
#505 = VECTOR ( 'NONE', #1608, 1000.000000000000000 ) ;
#506 = AXIS2_PLACEMENT_3D ( 'NONE', #1897, #757, #926 ) ;
#507 = VECTOR ( 'NONE', #1375, 1000.000000000000114 ) ;
#508 = PLANE ( 'NONE',  #1054 ) ;
#509 = PLANE ( 'NONE',  #253 ) ;
#510 = EDGE_CURVE ( 'NONE', #1469, #35, #1539, .T. ) ;
#511 = ORIENTED_EDGE ( 'NONE', *, *, #1270, .F. ) ;
#512 = CARTESIAN_POINT ( 'NONE',  ( 40.14999999999999858, -24.85000000000000142, -5.200000000000000178 ) ) ;
#513 = PERSON_AND_ORGANIZATION ( #1544, #1025 ) ;
#514 = EDGE_CURVE ( 'NONE', #273, #168, #1477, .T. ) ;
#515 = DIRECTION ( 'NONE',  ( -1.000000000000000000, -0.000000000000000000, -0.000000000000000000 ) ) ;
#516 = VERTEX_POINT ( 'NONE', #1603 ) ;
#517 = APPROVAL_PERSON_ORGANIZATION ( #1670, #46, #346 ) ;
#518 = CARTESIAN_POINT ( 'NONE',  ( 29.00000000000000000, -32.00000000000000000, -10.00000000000000000 ) ) ;
#519 = LINE ( 'NONE', #1484, #598 ) ;
#520 = EDGE_LOOP ( 'NONE', ( #1812, #754, #1230, #236 ) ) ;
#521 = CC_DESIGN_DATE_AND_TIME_ASSIGNMENT ( #1826, #2015, ( #2094 ) ) ;
#522 = DIRECTION ( 'NONE',  ( 0.000000000000000000, 0.000000000000000000, -1.000000000000000000 ) ) ;
#523 = EDGE_CURVE ( 'NONE', #114, #1999, #2091, .T. ) ;
#524 = LINE ( 'NONE', #1515, #2041 ) ;
#525 = ORIENTED_EDGE ( 'NONE', *, *, #1217, .T. ) ;
#526 = LINE ( 'NONE', #1244, #397 ) ;
#527 = DIRECTION ( 'NONE',  ( 0.000000000000000000, -0.000000000000000000, 1.000000000000000000 ) ) ;
#528 = VERTEX_POINT ( 'NONE', #629 ) ;
#529 = CARTESIAN_POINT ( 'NONE',  ( 33.85000000000000142, -24.85000000000000142, -1.900000000000000577 ) ) ;
#530 = PERSON_AND_ORGANIZATION ( #1544, #1025 ) ;
#531 = CARTESIAN_POINT ( 'NONE',  ( 21.00000000000000000, -16.00000000000000000, -40.00000000000000000 ) ) ;
#532 = ORIENTED_EDGE ( 'NONE', *, *, #1768, .T. ) ;
#533 = VECTOR ( 'NONE', #872, 1000.000000000000000 ) ;
#534 = ADVANCED_FACE ( 'NONE', ( #486 ), #988, .T. ) ;
#535 = ADVANCED_FACE ( 'NONE', ( #642 ), #1467, .T. ) ;
#536 = VECTOR ( 'NONE', #138, 1000.000000000000000 ) ;
#537 = DIRECTION ( 'NONE',  ( 0.7071067811865474617, 0.7071067811865474617, 0.000000000000000000 ) ) ;
#538 = VECTOR ( 'NONE', #171, 1000.000000000000000 ) ;
#539 = ORIENTED_EDGE ( 'NONE', *, *, #641, .F. ) ;
#540 = PLANE ( 'NONE',  #912 ) ;
#541 = AXIS2_PLACEMENT_3D ( 'NONE', #1341, #2022, #1211 ) ;
#542 = LINE ( 'NONE', #336, #360 ) ;
#543 = DIRECTION ( 'NONE',  ( 0.000000000000000000, -0.000000000000000000, 1.000000000000000000 ) ) ;
#544 = VERTEX_POINT ( 'NONE', #1639 ) ;
#545 = EDGE_CURVE ( 'NONE', #1325, #774, #1148, .T. ) ;
#546 = CARTESIAN_POINT ( 'NONE',  ( 29.00000000000000000, -16.00000000000000000, -40.00000000000000000 ) ) ;
#547 = ADVANCED_FACE ( 'NONE', ( #155 ), #1273, .T. ) ;
#548 = DIRECTION ( 'NONE',  ( 0.000000000000000000, -0.000000000000000000, -1.000000000000000000 ) ) ;
#549 = CARTESIAN_POINT ( 'NONE',  ( 40.75000000000000000, -29.25000000000000000, -1.899999999999999689 ) ) ;
#550 = PLANE ( 'NONE',  #1596 ) ;
#551 = APPROVAL_DATE_TIME ( #1011, #46 ) ;
#552 = VERTEX_POINT ( 'NONE', #1614 ) ;
#553 = LINE ( 'NONE', #878, #1527 ) ;
#554 = ORIENTED_EDGE ( 'NONE', *, *, #270, .F. ) ;
#555 = LINE ( 'NONE', #713, #1427 ) ;
#556 = ORIENTED_EDGE ( 'NONE', *, *, #929, .F. ) ;
#557 = CARTESIAN_POINT ( 'NONE',  ( 29.00000000000000000, -32.00000000000000000, -54.00000000000000000 ) ) ;
#558 = ADVANCED_FACE ( 'NONE', ( #1938 ), #170, .T. ) ;
#559 = LINE ( 'NONE', #255, #1120 ) ;
#560 = EDGE_LOOP ( 'NONE', ( #1163, #1984, #1039, #88 ) ) ;
#561 = DIRECTION ( 'NONE',  ( 0.000000000000000000, 0.000000000000000000, -1.000000000000000000 ) ) ;
#562 = ORIENTED_EDGE ( 'NONE', *, *, #1824, .T. ) ;
#563 = DIRECTION ( 'NONE',  ( -0.7071067811865474617, -0.7071067811865474617, 0.000000000000000000 ) ) ;
#564 = VERTEX_POINT ( 'NONE', #281 ) ;
#565 = VECTOR ( 'NONE', #101, 1000.000000000000114 ) ;
#566 = CARTESIAN_POINT ( 'NONE',  ( 21.00000000000000000, -32.00000000000000000, -10.00000000000000000 ) ) ;
#567 = VECTOR ( 'NONE', #353, 1000.000000000000000 ) ;
#568 = CARTESIAN_POINT ( 'NONE',  ( 20.99999999999999645, 22.00000000000000000, -44.70000000000000284 ) ) ;
#569 = VECTOR ( 'NONE', #1441, 1000.000000000000000 ) ;
#570 = DIRECTION ( 'NONE',  ( -0.7071067811865474617, 0.7071067811865474617, -0.000000000000000000 ) ) ;
#571 = ORIENTED_EDGE ( 'NONE', *, *, #1749, .F. ) ;
#572 = LINE ( 'NONE', #1579, #459 ) ;
#573 = VECTOR ( 'NONE', #1276, 1000.000000000000000 ) ;
#574 = VERTEX_POINT ( 'NONE', #290 ) ;
#575 = CARTESIAN_POINT ( 'NONE',  ( 29.00000000000000000, 32.00000000000000000, -54.00000000000000000 ) ) ;
#576 = EDGE_CURVE ( 'NONE', #1125, #2028, #1139, .T. ) ;
#577 = ORIENTED_EDGE ( 'NONE', *, *, #694, .F. ) ;
#578 = LINE ( 'NONE', #403, #1027 ) ;
#579 = DIRECTION ( 'NONE',  ( 0.000000000000000000, 0.000000000000000000, 1.000000000000000000 ) ) ;
#580 = LOCAL_TIME ( 18, 28, 58.00000000000000000, #1173 ) ;
#581 = CARTESIAN_POINT ( 'NONE',  ( 35.00000000000000000, 35.00000000000000000, -2.000000000000000000 ) ) ;
#582 = ORIENTED_EDGE ( 'NONE', *, *, #576, .F. ) ;
#583 = LINE ( 'NONE', #1377, #1593 ) ;
#584 = ORIENTED_EDGE ( 'NONE', *, *, #1414, .F. ) ;
#585 = EDGE_CURVE ( 'NONE', #1147, #2028, #796, .T. ) ;
#586 = LINE ( 'NONE', #1071, #1468 ) ;
#587 = ORIENTED_EDGE ( 'NONE', *, *, #1217, .F. ) ;
#588 = EDGE_CURVE ( 'NONE', #395, #1729, #2127, .T. ) ;
#589 = DIRECTION ( 'NONE',  ( 1.000000000000000000, 0.000000000000000000, 0.000000000000000000 ) ) ;
#590 = DIRECTION ( 'NONE',  ( 0.000000000000000000, 0.000000000000000000, -1.000000000000000000 ) ) ;
#591 = DIRECTION ( 'NONE',  ( -0.7071067811865475727, -0.7071067811865475727, 0.000000000000000000 ) ) ;
#592 = CARTESIAN_POINT ( 'NONE',  ( 29.00000000000000000, 32.00000000000000000, -10.00000000000000000 ) ) ;
#593 = VERTEX_POINT ( 'NONE', #324 ) ;
#594 = CARTESIAN_POINT ( 'NONE',  ( 2.000000000000000444, 2.000000000000000444, -2.000000000000000000 ) ) ;
#595 = ORIENTED_EDGE ( 'NONE', *, *, #321, .F. ) ;
#596 = LINE ( 'NONE', #116, #1084 ) ;
#597 = EDGE_CURVE ( 'NONE', #2062, #2076, #942, .T. ) ;
#598 = VECTOR ( 'NONE', #351, 1000.000000000000000 ) ;
#599 = DIRECTION ( 'NONE',  ( -0.7071067811865474617, 0.7071067811865474617, 0.000000000000000000 ) ) ;
#600 = LINE ( 'NONE', #1396, #1083 ) ;
#601 = VECTOR ( 'NONE', #1486, 1000.000000000000000 ) ;
#602 = CARTESIAN_POINT ( 'NONE',  ( 32.25000000000000000, -23.75000000000000000, -5.200000000000000178 ) ) ;
#603 = VECTOR ( 'NONE', #306, 1000.000000000000000 ) ;
#604 = ORIENTED_EDGE ( 'NONE', *, *, #1725, .T. ) ;
#605 = AXIS2_PLACEMENT_3D ( 'NONE', #654, #9, #832 ) ;
#606 = ORIENTED_EDGE ( 'NONE', *, *, #1886, .T. ) ;
#607 = DIRECTION ( 'NONE',  ( -0.000000000000000000, 1.000000000000000000, 0.000000000000000000 ) ) ;
#608 = VECTOR ( 'NONE', #1968, 1000.000000000000000 ) ;
#609 = VERTEX_POINT ( 'NONE', #1952 ) ;
#610 = VECTOR ( 'NONE', #1733, 1000.000000000000114 ) ;
#611 = LINE ( 'NONE', #1252, #1167 ) ;
#612 = EDGE_CURVE ( 'NONE', #969, #528, #1928, .T. ) ;
#613 = CARTESIAN_POINT ( 'NONE',  ( 29.00000000000000000, 32.00000000000000000, -54.00000000000000000 ) ) ;
#614 = DIRECTION ( 'NONE',  ( 0.7071067811865474617, -0.7071067811865474617, 0.000000000000000000 ) ) ;
#615 = ADVANCED_FACE ( 'NONE', ( #1112, #1763 ), #1126, .T. ) ;
#616 = CARTESIAN_POINT ( 'NONE',  ( 32.25000000000000000, 23.75000000000000000, -1.899999999999999689 ) ) ;
#617 = VERTEX_POINT ( 'NONE', #477 ) ;
#618 = ORIENTED_EDGE ( 'NONE', *, *, #493, .T. ) ;
#619 = DIRECTION ( 'NONE',  ( 0.7071067811865475727, -0.7071067811865475727, 0.000000000000000000 ) ) ;
#620 = ORIENTED_EDGE ( 'NONE', *, *, #1403, .F. ) ;
#621 = LINE ( 'NONE', #993, #56 ) ;
#622 = CARTESIAN_POINT ( 'NONE',  ( 21.00000000000000000, 32.00000000000000000, -54.00000000000000000 ) ) ;
#623 = FACE_OUTER_BOUND ( 'NONE', #1890, .T. ) ;
#624 = CARTESIAN_POINT ( 'NONE',  ( 45.00000000000000000, 20.00000000000000000, -2.000000000000000000 ) ) ;
#625 = DIRECTION ( 'NONE',  ( -1.000000000000000000, -0.000000000000000000, -0.000000000000000000 ) ) ;
#626 = EDGE_CURVE ( 'NONE', #145, #564, #978, .T. ) ;
#627 = ORIENTED_EDGE ( 'NONE', *, *, #1857, .T. ) ;
#628 = ORIENTED_EDGE ( 'NONE', *, *, #1795, .T. ) ;
#629 = CARTESIAN_POINT ( 'NONE',  ( 16.75150000000000006, 14.00000000000000000, -48.50000000000000000 ) ) ;
#630 = CARTESIAN_POINT ( 'NONE',  ( 16.75150000000000006, -14.00000000000000000, -48.50000000000000000 ) ) ;
#631 = ORIENTED_EDGE ( 'NONE', *, *, #491, .F. ) ;
#632 = EDGE_CURVE ( 'NONE', #1207, #969, #1677, .T. ) ;
#633 = CARTESIAN_POINT ( 'NONE',  ( 40.75000000000000000, 29.25000000000000000, -1.899999999999999689 ) ) ;
#634 = CARTESIAN_POINT ( 'NONE',  ( 21.00000000000000000, -32.00000000000000000, -54.00000000000000000 ) ) ;
#635 = CARTESIAN_POINT ( 'NONE',  ( 16.75150000000000006, 5.000000000000000000, -21.00000000000000000 ) ) ;
#636 = LINE ( 'NONE', #333, #786 ) ;
#637 = PLANE ( 'NONE',  #1048 ) ;
#638 = VECTOR ( 'NONE', #474, 1000.000000000000000 ) ;
#639 = ORIENTED_EDGE ( 'NONE', *, *, #1836, .F. ) ;
#640 = ORIENTED_EDGE ( 'NONE', *, *, #115, .F. ) ;
#641 = EDGE_CURVE ( 'NONE', #1047, #2062, #1020, .T. ) ;
#642 = FACE_OUTER_BOUND ( 'NONE', #939, .T. ) ;
#643 = CARTESIAN_POINT ( 'NONE',  ( 29.00000000000000000, 32.00000000000000000, -10.00000000000000000 ) ) ;
#644 = ORIENTED_EDGE ( 'NONE', *, *, #752, .F. ) ;
#645 = VECTOR ( 'NONE', #1090, 1000.000000000000114 ) ;
#646 = CARTESIAN_POINT ( 'NONE',  ( 32.25000000000000000, -23.75000000000000000, -1.899999999999999689 ) ) ;
#647 = AXIS2_PLACEMENT_3D ( 'NONE', #624, #963, #1135 ) ;
#648 = CARTESIAN_POINT ( 'NONE',  ( 33.85000000000000142, -27.14999999999999858, -5.200000000000000178 ) ) ;
#649 = DIRECTION ( 'NONE',  ( 0.000000000000000000, -1.000000000000000000, 0.000000000000000000 ) ) ;
#650 = FACE_OUTER_BOUND ( 'NONE', #1788, .T. ) ;
#651 = CARTESIAN_POINT ( 'NONE',  ( 40.75000000000000000, -22.75000000000000000, -2.000000000000000000 ) ) ;
#652 = ORIENTED_EDGE ( 'NONE', *, *, #736, .F. ) ;
#653 = CARTESIAN_POINT ( 'NONE',  ( 9.000000000000001776, -9.000000000000001776, -2.000000000000000000 ) ) ;
#654 = CARTESIAN_POINT ( 'NONE',  ( 20.99999999999999645, -14.00000000000000000, -44.70000000000000284 ) ) ;
#655 = ORIENTED_EDGE ( 'NONE', *, *, #1504, .F. ) ;
#656 = EDGE_CURVE ( 'NONE', #273, #1999, #1993, .T. ) ;
#657 = CARTESIAN_POINT ( 'NONE',  ( 16.75150000000000006, 0.000000000000000000, 0.000000000000000000 ) ) ;
#658 = ORIENTED_EDGE ( 'NONE', *, *, #2040, .F. ) ;
#659 = EDGE_CURVE ( 'NONE', #2043, #1839, #31, .T. ) ;
#660 = CARTESIAN_POINT ( 'NONE',  ( 16.75150000000000006, -5.000000000000000000, -12.00000000000000000 ) ) ;
#661 = PLANE ( 'NONE',  #1128 ) ;
#662 = CARTESIAN_POINT ( 'NONE',  ( 40.75000000000000000, 29.25000000000000000, -1.899999999999999689 ) ) ;
#663 = EDGE_LOOP ( 'NONE', ( #62, #418, #1514, #1137 ) ) ;
#664 = CARTESIAN_POINT ( 'NONE',  ( 32.25000000000000000, 23.75000000000000000, -1.899999999999999689 ) ) ;
#665 = CARTESIAN_POINT ( 'NONE',  ( 41.75000000000000000, 28.25000000000000000, -5.200000000000000178 ) ) ;
#666 = ORIENTED_EDGE ( 'NONE', *, *, #681, .T. ) ;
#667 = CARTESIAN_POINT ( 'NONE',  ( 16.75150000000000006, 5.000000000000000000, -12.00000000000000000 ) ) ;
#668 = ORIENTED_EDGE ( 'NONE', *, *, #1955, .T. ) ;
#669 = EDGE_CURVE ( 'NONE', #1047, #1937, #693, .T. ) ;
#670 = CARTESIAN_POINT ( 'NONE',  ( 29.00000000000000000, 0.000000000000000000, 0.000000000000000000 ) ) ;
#671 = FACE_OUTER_BOUND ( 'NONE', #756, .T. ) ;
#672 = ORIENTED_EDGE ( 'NONE', *, *, #991, .T. ) ;
#673 = VECTOR ( 'NONE', #428, 1000.000000000000000 ) ;
#674 = DIRECTION ( 'NONE',  ( 0.000000000000000000, 0.000000000000000000, 1.000000000000000000 ) ) ;
#675 = CALENDAR_DATE ( 2026, 14, 9 ) ;
#676 = DIRECTION ( 'NONE',  ( 1.000000000000000000, 0.000000000000000000, 0.000000000000000000 ) ) ;
#677 = VECTOR ( 'NONE', #1973, 1000.000000000000000 ) ;
#678 = ORIENTED_EDGE ( 'NONE', *, *, #961, .T. ) ;
#679 = VECTOR ( 'NONE', #1134, 1000.000000000000114 ) ;
#680 = VECTOR ( 'NONE', #818, 1000.000000000000000 ) ;
#681 = EDGE_CURVE ( 'NONE', #1207, #1309, #874, .T. ) ;
#682 = LINE ( 'NONE', #1333, #296 ) ;
#683 = PLANE ( 'NONE',  #1187 ) ;
#684 = EDGE_CURVE ( 'NONE', #369, #1318, #8, .T. ) ;
#685 = ORIENTED_EDGE ( 'NONE', *, *, #1997, .T. ) ;
#686 = LINE ( 'NONE', #529, #711 ) ;
#687 = DATE_AND_TIME ( #1046, #748 ) ;
#688 = DIRECTION ( 'NONE',  ( 0.000000000000000000, 1.000000000000000000, 0.000000000000000000 ) ) ;
#689 = EDGE_LOOP ( 'NONE', ( #1481, #1209, #1495, #1221 ) ) ;
#690 = ORIENTED_EDGE ( 'NONE', *, *, #1723, .T. ) ;
#691 = CARTESIAN_POINT ( 'NONE',  ( 40.14999999999999858, 27.14999999999999858, -1.900000000000000577 ) ) ;
#692 = EDGE_LOOP ( 'NONE', ( #248, #231, #841, #182 ) ) ;
#693 = LINE ( 'NONE', #1328, #567 ) ;
#694 = EDGE_CURVE ( 'NONE', #194, #305, #686, .T. ) ;
#695 = APPROVAL_ROLE ( '' ) ;
#696 = DIRECTION ( 'NONE',  ( 0.000000000000000000, -1.000000000000000000, 0.000000000000000000 ) ) ;
#697 = ADVANCED_FACE ( 'NONE', ( #1010 ), #1353, .F. ) ;
#698 = ORIENTED_EDGE ( 'NONE', *, *, #1144, .T. ) ;
#699 = APPLICATION_CONTEXT ( 'configuration controlled 3d designs of mechanical parts and assemblies' ) ;
#700 = DIRECTION ( 'NONE',  ( 0.000000000000000000, 0.000000000000000000, -1.000000000000000000 ) ) ;
#701 = EDGE_LOOP ( 'NONE', ( #1998, #1045, #714, #2010 ) ) ;
#702 = DIRECTION ( 'NONE',  ( 0.000000000000000000, 0.000000000000000000, -1.000000000000000000 ) ) ;
#703 = CARTESIAN_POINT ( 'NONE',  ( 33.85000000000000142, -27.14999999999999858, -1.900000000000000577 ) ) ;
#704 = CALENDAR_DATE ( 2026, 14, 9 ) ;
#705 = EDGE_CURVE ( 'NONE', #2062, #879, #1684, .T. ) ;
#706 = VECTOR ( 'NONE', #277, 1000.000000000000000 ) ;
#707 = DIRECTION ( 'NONE',  ( 0.000000000000000000, 0.000000000000000000, -1.000000000000000000 ) ) ;
#708 = VERTEX_POINT ( 'NONE', #1814 ) ;
#709 = VECTOR ( 'NONE', #803, 1000.000000000000000 ) ;
#710 = ADVANCED_FACE ( 'NONE', ( #1161 ), #1842, .T. ) ;
#711 = VECTOR ( 'NONE', #522, 1000.000000000000000 ) ;
#712 = AXIS2_PLACEMENT_3D ( 'NONE', #657, #1275, #1308 ) ;
#713 = CARTESIAN_POINT ( 'NONE',  ( 45.00000000000000000, -20.00000000000000000, -2.000000000000000000 ) ) ;
#714 = ORIENTED_EDGE ( 'NONE', *, *, #1004, .T. ) ;
#715 = CARTESIAN_POINT ( 'NONE',  ( 39.64999999999999858, 24.35000000000000142, -10.00000000000000000 ) ) ;
#716 = VECTOR ( 'NONE', #1698, 1000.000000000000000 ) ;
#717 = LINE ( 'NONE', #1706, #645 ) ;
#718 = COORDINATED_UNIVERSAL_TIME_OFFSET ( 8, 0, .AHEAD. ) ;
#719 = EDGE_LOOP ( 'NONE', ( #1508, #2113, #1293, #604 ) ) ;
#720 = CARTESIAN_POINT ( 'NONE',  ( 29.00000000000000000, -16.00000000000000000, -24.00000000000000000 ) ) ;
#721 = ORIENTED_EDGE ( 'NONE', *, *, #1847, .T. ) ;
#722 = EDGE_CURVE ( 'NONE', #1082, #2047, #498, .T. ) ;
#723 = CC_DESIGN_APPROVAL ( #814, ( #1648 ) ) ;
#724 = DIRECTION ( 'NONE',  ( 1.000000000000000000, 0.000000000000000000, 0.000000000000000000 ) ) ;
#725 = PLANE ( 'NONE',  #541 ) ;
#726 = EDGE_CURVE ( 'NONE', #1197, #1574, #542, .T. ) ;
#727 = PLANE ( 'NONE',  #1193 ) ;
#728 = CARTESIAN_POINT ( 'NONE',  ( 9.000000000000001776, 9.000000000000001776, -2.000000000000000000 ) ) ;
#729 = ORIENTED_EDGE ( 'NONE', *, *, #1793, .T. ) ;
#730 = CARTESIAN_POINT ( 'NONE',  ( 40.14999999999999858, 27.14999999999999858, -5.200000000000000178 ) ) ;
#731 = ORIENTED_EDGE ( 'NONE', *, *, #790, .T. ) ;
#732 = CARTESIAN_POINT ( 'NONE',  ( 21.00000000000000000, 32.00000000000000000, -2.000000000000000000 ) ) ;
#733 = ORIENTED_EDGE ( 'NONE', *, *, #481, .F. ) ;
#734 = CARTESIAN_POINT ( 'NONE',  ( 33.64999999999999147, 33.64999999999999147, -10.00000000000000000 ) ) ;
#735 = DIRECTION ( 'NONE',  ( 0.7071067811865474617, -0.7071067811865474617, 0.000000000000000000 ) ) ;
#736 = EDGE_CURVE ( 'NONE', #121, #1034, #1000, .T. ) ;
#737 = CARTESIAN_POINT ( 'NONE',  ( 20.99999999999999645, 22.00000000000000000, -48.50000000000000000 ) ) ;
#738 = ORIENTED_EDGE ( 'NONE', *, *, #1326, .T. ) ;
#739 = DIRECTION ( 'NONE',  ( 0.000000000000000000, 0.000000000000000000, -1.000000000000000000 ) ) ;
#740 = ORIENTED_EDGE ( 'NONE', *, *, #2087, .F. ) ;
#741 = CARTESIAN_POINT ( 'NONE',  ( 34.35000000000000142, -27.64999999999999858, -1.900000000000000577 ) ) ;
#742 = ORIENTED_EDGE ( 'NONE', *, *, #705, .F. ) ;
#743 = VECTOR ( 'NONE', #1419, 1000.000000000000114 ) ;
#744 = CARTESIAN_POINT ( 'NONE',  ( 41.75000000000000000, 0.000000000000000000, -2.000000000000000000 ) ) ;
#745 = AXIS2_PLACEMENT_3D ( 'NONE', #769, #1418, #1415 ) ;
#746 = LINE ( 'NONE', #557, #847 ) ;
#747 = EDGE_CURVE ( 'NONE', #1125, #1183, #859, .T. ) ;
#748 = LOCAL_TIME ( 18, 28, 58.00000000000000000, #207 ) ;
#749 = CARTESIAN_POINT ( 'NONE',  ( 29.00000000000000000, 16.00000000000000000, -24.00000000000000000 ) ) ;
#750 = ORIENTED_EDGE ( 'NONE', *, *, #481, .T. ) ;
#751 = CARTESIAN_POINT ( 'NONE',  ( 33.25000000000000000, -29.25000000000000000, -1.899999999999999689 ) ) ;
#752 = EDGE_CURVE ( 'NONE', #1318, #1265, #179, .T. ) ;
#753 = VECTOR ( 'NONE', #1932, 1000.000000000000114 ) ;
#754 = ORIENTED_EDGE ( 'NONE', *, *, #1132, .F. ) ;
#755 = DIRECTION ( 'NONE',  ( 0.000000000000000000, 0.000000000000000000, 1.000000000000000000 ) ) ;
#756 = EDGE_LOOP ( 'NONE', ( #668, #1501, #1791, #1204 ) ) ;
#757 = DIRECTION ( 'NONE',  ( -0.7071067811865475727, 0.7071067811865475727, 0.000000000000000000 ) ) ;
#758 = LINE ( 'NONE', #1042, #1946 ) ;
#759 = LINE ( 'NONE', #728, #507 ) ;
#760 = ORIENTED_EDGE ( 'NONE', *, *, #510, .T. ) ;
#761 = DIRECTION ( 'NONE',  ( 0.000000000000000000, -1.000000000000000000, 0.000000000000000000 ) ) ;
#762 = ORIENTED_EDGE ( 'NONE', *, *, #412, .F. ) ;
#763 = EDGE_CURVE ( 'NONE', #1325, #1034, #1659, .T. ) ;
#764 = CARTESIAN_POINT ( 'NONE',  ( 45.00000000000000000, 20.00000000000000000, -10.00000000000000000 ) ) ;
#765 = EDGE_LOOP ( 'NONE', ( #1457, #1548, #1687, #1465 ) ) ;
#766 = LINE ( 'NONE', #1210, #1023 ) ;
#767 = CARTESIAN_POINT ( 'NONE',  ( 16.75150000000000006, -5.000000000000000000, -21.00000000000000000 ) ) ;
#768 = DIRECTION ( 'NONE',  ( 0.000000000000000000, 0.000000000000000000, -1.000000000000000000 ) ) ;
#769 = CARTESIAN_POINT ( 'NONE',  ( 20.99999999999999645, 22.00000000000000000, -44.70000000000000284 ) ) ;
#770 = LINE ( 'NONE', #730, #1804 ) ;
#771 = VERTEX_POINT ( 'NONE', #1986 ) ;
#772 = ORIENTED_EDGE ( 'NONE', *, *, #480, .F. ) ;
#773 = CARTESIAN_POINT ( 'NONE',  ( 33.25000000000000000, 29.25000000000000000, -5.200000000000000178 ) ) ;
#774 = VERTEX_POINT ( 'NONE', #187 ) ;
#775 = ADVANCED_FACE ( 'NONE', ( #47 ), #1512, .T. ) ;
#776 = CARTESIAN_POINT ( 'NONE',  ( 21.00000000000000000, 20.00000000000000000, -2.000000000000000000 ) ) ;
#777 = EDGE_CURVE ( 'NONE', #496, #1574, #1337, .T. ) ;
#778 = VECTOR ( 'NONE', #404, 1000.000000000000114 ) ;
#779 = DIRECTION ( 'NONE',  ( -1.000000000000000000, 0.000000000000000000, 0.000000000000000000 ) ) ;
#780 = DIRECTION ( 'NONE',  ( 0.000000000000000000, -1.000000000000000000, -0.000000000000000000 ) ) ;
#781 = VECTOR ( 'NONE', #935, 1000.000000000000000 ) ;
#782 = DIRECTION ( 'NONE',  ( -1.000000000000000000, 0.000000000000000000, 0.000000000000000000 ) ) ;
#783 = ORIENTED_EDGE ( 'NONE', *, *, #684, .T. ) ;
#784 = ORIENTED_EDGE ( 'NONE', *, *, #747, .T. ) ;
#785 = DIRECTION ( 'NONE',  ( -1.000000000000000000, -0.000000000000000000, -0.000000000000000000 ) ) ;
#786 = VECTOR ( 'NONE', #457, 1000.000000000000000 ) ;
#787 = ORIENTED_EDGE ( 'NONE', *, *, #903, .T. ) ;
#788 = VECTOR ( 'NONE', #700, 1000.000000000000000 ) ;
#789 = PLANE ( 'NONE',  #1634 ) ;
#790 = EDGE_CURVE ( 'NONE', #1095, #369, #67, .T. ) ;
#791 = CARTESIAN_POINT ( 'NONE',  ( 32.25000000000000000, 23.75000000000000000, -5.200000000000000178 ) ) ;
#792 = FACE_OUTER_BOUND ( 'NONE', #216, .T. ) ;
#793 = LINE ( 'NONE', #1475, #497 ) ;
#794 = ORIENTED_EDGE ( 'NONE', *, *, #1335, .T. ) ;
#795 = VERTEX_POINT ( 'NONE', #737 ) ;
#796 = LINE ( 'NONE', #1799, #1943 ) ;
#797 = LINE ( 'NONE', #1297, #1223 ) ;
#798 = ORIENTED_EDGE ( 'NONE', *, *, #1411, .F. ) ;
#799 = FACE_OUTER_BOUND ( 'NONE', #1655, .T. ) ;
#800 = CARTESIAN_POINT ( 'NONE',  ( 33.85000000000000142, -24.85000000000000142, -1.900000000000000577 ) ) ;
#801 = CARTESIAN_POINT ( 'NONE',  ( 29.00000000000000000, 16.00000000000000000, -24.00000000000000000 ) ) ;
#802 = CARTESIAN_POINT ( 'NONE',  ( 45.00000000000000000, 32.00000000000000000, -2.000000000000000000 ) ) ;
#803 = DIRECTION ( 'NONE',  ( -1.000000000000000000, 0.000000000000000000, 0.000000000000000000 ) ) ;
#804 = EDGE_CURVE ( 'NONE', #806, #1977, #77, .T. ) ;
#805 = ORIENTED_EDGE ( 'NONE', *, *, #1873, .F. ) ;
#806 = VERTEX_POINT ( 'NONE', #749 ) ;
#807 = DIRECTION ( 'NONE',  ( 0.000000000000000000, 0.000000000000000000, -1.000000000000000000 ) ) ;
#808 = FACE_OUTER_BOUND ( 'NONE', #689, .T. ) ;
#809 = ORIENTED_EDGE ( 'NONE', *, *, #1685, .T. ) ;
#810 = CARTESIAN_POINT ( 'NONE',  ( 16.75150000000000006, 14.00000000000000000, -44.70000000000000284 ) ) ;
#811 = DIRECTION ( 'NONE',  ( 1.000000000000000000, 0.000000000000000000, 0.000000000000000000 ) ) ;
#812 = DIRECTION ( 'NONE',  ( 0.000000000000000000, 0.000000000000000000, -1.000000000000000000 ) ) ;
#813 = DIRECTION ( 'NONE',  ( -0.7071067811865474617, -0.7071067811865474617, 0.000000000000000000 ) ) ;
#814 = APPROVAL ( #890, '未' ) ;
#815 = CARTESIAN_POINT ( 'NONE',  ( 45.00000000000000000, -32.00000000000000000, -2.000000000000000000 ) ) ;
#816 = VECTOR ( 'NONE', #1364, 1000.000000000000000 ) ;
#817 = ORIENTED_EDGE ( 'NONE', *, *, #1015, .F. ) ;
#818 = DIRECTION ( 'NONE',  ( 0.000000000000000000, 1.000000000000000000, 0.000000000000000000 ) ) ;
#819 = EDGE_CURVE ( 'NONE', #1517, #771, #759, .T. ) ;
#820 = CARTESIAN_POINT ( 'NONE',  ( 21.00000000000000000, 20.00000000000000000, -10.00000000000000000 ) ) ;
#821 = ORIENTED_EDGE ( 'NONE', *, *, #1640, .T. ) ;
#822 = VECTOR ( 'NONE', #688, 1000.000000000000000 ) ;
#823 =( GEOMETRIC_REPRESENTATION_CONTEXT ( 3 ) GLOBAL_UNCERTAINTY_ASSIGNED_CONTEXT ( ( #882 ) ) GLOBAL_UNIT_ASSIGNED_CONTEXT ( ( #1487, #1929, #452 ) ) REPRESENTATION_CONTEXT ( 'NONE', 'WORKASPACE' ) );
#824 = CARTESIAN_POINT ( 'NONE',  ( 29.00000000000000000, -16.00000000000000000, -40.00000000000000000 ) ) ;
#825 = ORIENTED_EDGE ( 'NONE', *, *, #1442, .T. ) ;
#826 = VECTOR ( 'NONE', #1610, 1000.000000000000000 ) ;
#827 = PLANE ( 'NONE',  #467 ) ;
#828 = DIRECTION ( 'NONE',  ( 0.000000000000000000, 0.000000000000000000, -1.000000000000000000 ) ) ;
#829 = DIRECTION ( 'NONE',  ( 0.000000000000000000, 1.000000000000000000, 0.000000000000000000 ) ) ;
#830 = EDGE_LOOP ( 'NONE', ( #1493, #112, #640, #376 ) ) ;
#831 = DIRECTION ( 'NONE',  ( -0.7071067811865474617, -0.7071067811865474617, 0.000000000000000000 ) ) ;
#832 = DIRECTION ( 'NONE',  ( -1.000000000000000000, 0.000000000000000000, -0.000000000000000000 ) ) ;
#833 = ORIENTED_EDGE ( 'NONE', *, *, #1492, .F. ) ;
#834 = CARTESIAN_POINT ( 'NONE',  ( 21.00000000000000000, 14.00000000000000000, -44.70000000000000284 ) ) ;
#835 = ORIENTED_EDGE ( 'NONE', *, *, #1895, .T. ) ;
#836 = DIRECTION ( 'NONE',  ( 0.000000000000000000, 0.000000000000000000, -1.000000000000000000 ) ) ;
#837 = DIRECTION ( 'NONE',  ( 0.7071067811865474617, -0.7071067811865474617, 0.000000000000000000 ) ) ;
#838 = ORIENTED_EDGE ( 'NONE', *, *, #321, .T. ) ;
#839 = DIRECTION ( 'NONE',  ( 0.000000000000000000, -1.000000000000000000, 0.000000000000000000 ) ) ;
#840 = CARTESIAN_POINT ( 'NONE',  ( 33.85000000000000142, 24.85000000000000142, -5.200000000000000178 ) ) ;
#841 = ORIENTED_EDGE ( 'NONE', *, *, #1231, .F. ) ;
#842 = CC_DESIGN_DATE_AND_TIME_ASSIGNMENT ( #687, #1189, ( #73 ) ) ;
#843 = EDGE_CURVE ( 'NONE', #398, #420, #415, .T. ) ;
#844 = DIRECTION ( 'NONE',  ( -0.000000000000000000, 0.000000000000000000, 1.000000000000000000 ) ) ;
#845 = LINE ( 'NONE', #1991, #217 ) ;
#846 = ORIENTED_EDGE ( 'NONE', *, *, #656, .F. ) ;
#847 = VECTOR ( 'NONE', #1212, 1000.000000000000000 ) ;
#848 = DIRECTION ( 'NONE',  ( 0.7071067811865475727, 0.7071067811865475727, 0.000000000000000000 ) ) ;
#849 = PERSON_AND_ORGANIZATION ( #1544, #1025 ) ;
#850 = CARTESIAN_POINT ( 'NONE',  ( 21.00000000000000000, 20.00000000000000000, -10.00000000000000000 ) ) ;
#851 = AXIS2_PLACEMENT_3D ( 'NONE', #1568, #1555, #1407 ) ;
#852 = ORIENTED_EDGE ( 'NONE', *, *, #974, .F. ) ;
#853 = CC_DESIGN_APPROVAL ( #1525, ( #73 ) ) ;
#854 = AXIS2_PLACEMENT_3D ( 'NONE', #960, #828, #1483 ) ;
#855 = EDGE_CURVE ( 'NONE', #1006, #289, #717, .T. ) ;
#856 = FACE_OUTER_BOUND ( 'NONE', #1709, .T. ) ;
#857 = FACE_OUTER_BOUND ( 'NONE', #209, .T. ) ;
#858 = VERTEX_POINT ( 'NONE', #1692 ) ;
#859 = LINE ( 'NONE', #1506, #1254 ) ;
#860 = CARTESIAN_POINT ( 'NONE',  ( 21.00000000000000000, -20.00000000000000000, -2.000000000000000000 ) ) ;
#861 = ORIENTED_EDGE ( 'NONE', *, *, #1624, .T. ) ;
#862 = DIRECTION ( 'NONE',  ( 0.000000000000000000, -1.000000000000000000, 0.000000000000000000 ) ) ;
#863 = EDGE_LOOP ( 'NONE', ( #698, #1652, #994, #909 ) ) ;
#864 = CARTESIAN_POINT ( 'NONE',  ( 29.00000000000000000, -32.00000000000000000, -10.00000000000000000 ) ) ;
#865 = CARTESIAN_POINT ( 'NONE',  ( 33.85000000000000142, 27.14999999999999858, -5.200000000000000178 ) ) ;
#866 = PERSON_AND_ORGANIZATION_ROLE ( 'creator' ) ;
#867 = EDGE_CURVE ( 'NONE', #924, #516, #268, .T. ) ;
#868 = CARTESIAN_POINT ( 'NONE',  ( 40.75000000000000000, 29.25000000000000000, -5.200000000000000178 ) ) ;
#869 = ORIENTED_EDGE ( 'NONE', *, *, #1426, .T. ) ;
#870 = DIRECTION ( 'NONE',  ( -0.000000000000000000, -0.000000000000000000, -1.000000000000000000 ) ) ;
#871 = ORIENTED_EDGE ( 'NONE', *, *, #384, .F. ) ;
#872 = DIRECTION ( 'NONE',  ( 0.000000000000000000, 1.000000000000000000, 0.000000000000000000 ) ) ;
#873 = ADVANCED_FACE ( 'NONE', ( #1866, #1227 ), #1246, .T. ) ;
#874 = LINE ( 'NONE', #205, #950 ) ;
#875 = PERSON_AND_ORGANIZATION ( #1544, #1025 ) ;
#876 = VECTOR ( 'NONE', #1494, 1000.000000000000000 ) ;
#877 = EDGE_CURVE ( 'NONE', #1095, #544, #1879, .T. ) ;
#878 = CARTESIAN_POINT ( 'NONE',  ( 32.25000000000000000, 23.75000000000000000, -5.200000000000000178 ) ) ;
#879 = VERTEX_POINT ( 'NONE', #1545 ) ;
#880 = VECTOR ( 'NONE', #1384, 1000.000000000000000 ) ;
#881 = VECTOR ( 'NONE', #189, 1000.000000000000000 ) ;
#882 = UNCERTAINTY_MEASURE_WITH_UNIT (LENGTH_MEASURE( 1.000000000000000082E-05 ), #1487, 'distance_accuracy_value', 'NONE');
#883 = DIRECTION ( 'NONE',  ( -0.000000000000000000, -0.000000000000000000, -1.000000000000000000 ) ) ;
#884 = VECTOR ( 'NONE', #265, 1000.000000000000000 ) ;
#885 = ORIENTED_EDGE ( 'NONE', *, *, #380, .F. ) ;
#886 = CARTESIAN_POINT ( 'NONE',  ( 39.64999999999999858, 24.35000000000000142, -5.200000000000000178 ) ) ;
#887 = VECTOR ( 'NONE', #230, 1000.000000000000114 ) ;
#888 = CARTESIAN_POINT ( 'NONE',  ( 20.99999999999999645, 14.00000000000000000, -48.50000000000000000 ) ) ;
#889 = ORIENTED_EDGE ( 'NONE', *, *, #877, .F. ) ;
#890 = APPROVAL_STATUS ( 'not_yet_approved' ) ;
#891 = ORIENTED_EDGE ( 'NONE', *, *, #1026, .F. ) ;
#892 = LINE ( 'NONE', #910, #995 ) ;
#893 = VERTEX_POINT ( 'NONE', #394 ) ;
#894 = CARTESIAN_POINT ( 'NONE',  ( 40.14999999999999858, 27.14999999999999858, -10.00000000000000000 ) ) ;
#895 = LINE ( 'NONE', #1864, #191 ) ;
#896 = PLANE ( 'NONE',  #1290 ) ;
#897 = VERTEX_POINT ( 'NONE', #405 ) ;
#898 = DIRECTION ( 'NONE',  ( 0.000000000000000000, 0.000000000000000000, -1.000000000000000000 ) ) ;
#899 = ORIENTED_EDGE ( 'NONE', *, *, #1592, .F. ) ;
#900 = DIRECTION ( 'NONE',  ( 0.000000000000000000, -1.000000000000000000, 0.000000000000000000 ) ) ;
#901 = ORIENTED_EDGE ( 'NONE', *, *, #2067, .T. ) ;
#902 = EDGE_CURVE ( 'NONE', #1580, #1638, #1522, .T. ) ;
#903 = EDGE_CURVE ( 'NONE', #552, #1580, #559, .T. ) ;
#904 = CARTESIAN_POINT ( 'NONE',  ( 32.25000000000000000, -28.25000000000000000, -1.899999999999999689 ) ) ;
#905 = CARTESIAN_POINT ( 'NONE',  ( 41.75000000000000000, 23.75000000000000000, -1.899999999999999689 ) ) ;
#906 = LINE ( 'NONE', #581, #1160 ) ;
#907 = EDGE_LOOP ( 'NONE', ( #1176, #1882, #1604, #1391 ) ) ;
#908 = LINE ( 'NONE', #1059, #1902 ) ;
#909 = ORIENTED_EDGE ( 'NONE', *, *, #1338, .T. ) ;
#910 = CARTESIAN_POINT ( 'NONE',  ( 34.35000000000000142, -24.35000000000000142, -1.900000000000000577 ) ) ;
#911 = ORIENTED_EDGE ( 'NONE', *, *, #1050, .F. ) ;
#912 = AXIS2_PLACEMENT_3D ( 'NONE', #1186, #1503, #1982 ) ;
#913 = ADVANCED_FACE ( 'NONE', ( #87 ), #550, .T. ) ;
#914 = CARTESIAN_POINT ( 'NONE',  ( 33.64999999999999147, -33.64999999999999147, -10.00000000000000000 ) ) ;
#915 = VECTOR ( 'NONE', #1746, 1000.000000000000000 ) ;
#916 = DIRECTION ( 'NONE',  ( 0.000000000000000000, -1.000000000000000000, 0.000000000000000000 ) ) ;
#917 = EDGE_CURVE ( 'NONE', #1274, #1299, #906, .T. ) ;
#918 = CARTESIAN_POINT ( 'NONE',  ( 34.35000000000000142, -27.64999999999999858, -10.00000000000000000 ) ) ;
#919 = ORIENTED_EDGE ( 'NONE', *, *, #470, .F. ) ;
#920 = CARTESIAN_POINT ( 'NONE',  ( 29.34999999999999787, -29.34999999999999787, -10.00000000000000000 ) ) ;
#921 = AXIS2_PLACEMENT_3D ( 'NONE', #1883, #755, #1560 ) ;
#922 = ORIENTED_EDGE ( 'NONE', *, *, #1811, .F. ) ;
#923 = CARTESIAN_POINT ( 'NONE',  ( 20.99999999999999645, -14.00000000000000000, -48.50000000000000000 ) ) ;
#924 = VERTEX_POINT ( 'NONE', #918 ) ;
#925 = DIRECTION ( 'NONE',  ( 0.000000000000000000, 0.000000000000000000, -1.000000000000000000 ) ) ;
#926 = DIRECTION ( 'NONE',  ( -0.7071067811865474617, -0.7071067811865474617, 0.000000000000000000 ) ) ;
#927 = DIRECTION ( 'NONE',  ( 0.7071067811865474617, 0.7071067811865474617, 0.000000000000000000 ) ) ;
#928 = FACE_OUTER_BOUND ( 'NONE', #863, .T. ) ;
#929 = EDGE_CURVE ( 'NONE', #1034, #1679, #235, .T. ) ;
#930 = CARTESIAN_POINT ( 'NONE',  ( 33.25000000000000000, 22.75000000000000000, -2.000000000000000000 ) ) ;
#931 = ORIENTED_EDGE ( 'NONE', *, *, #1255, .T. ) ;
#932 = CARTESIAN_POINT ( 'NONE',  ( 29.00000000000000000, -20.00000000000000355, -10.00000000000000000 ) ) ;
#933 = EDGE_CURVE ( 'NONE', #35, #1734, #1900, .T. ) ;
#934 = ORIENTED_EDGE ( 'NONE', *, *, #855, .T. ) ;
#935 = DIRECTION ( 'NONE',  ( -1.000000000000000000, 0.000000000000000000, 0.000000000000000000 ) ) ;
#936 = CARTESIAN_POINT ( 'NONE',  ( 20.99999999999999645, 5.000000000000000000, -12.00000000000000000 ) ) ;
#937 = FACE_OUTER_BOUND ( 'NONE', #1722, .T. ) ;
#938 = LINE ( 'NONE', #920, #1287 ) ;
#939 = EDGE_LOOP ( 'NONE', ( #511, #124, #1780, #525 ) ) ;
#940 = EDGE_LOOP ( 'NONE', ( #1720, #1718, #1658, #584 ) ) ;
#941 = ADVANCED_FACE ( 'NONE', ( #2061 ), #896, .T. ) ;
#942 = LINE ( 'NONE', #1436, #192 ) ;
#943 = ORIENTED_EDGE ( 'NONE', *, *, #726, .F. ) ;
#944 = ADVANCED_FACE ( 'NONE', ( #381 ), #223, .F. ) ;
#945 = DIRECTION ( 'NONE',  ( 1.000000000000000000, 0.000000000000000000, 0.000000000000000000 ) ) ;
#946 = ADVANCED_FACE ( 'NONE', ( #928 ), #1578, .F. ) ;
#947 = VECTOR ( 'NONE', #837, 1000.000000000000114 ) ;
#948 = DIRECTION ( 'NONE',  ( -1.000000000000000000, -0.000000000000000000, -0.000000000000000000 ) ) ;
#949 = LINE ( 'NONE', #298, #1259 ) ;
#950 = VECTOR ( 'NONE', #1850, 1000.000000000000000 ) ;
#951 = DIRECTION ( 'NONE',  ( 1.000000000000000000, 0.000000000000000000, 0.000000000000000000 ) ) ;
#952 = ORIENTED_EDGE ( 'NONE', *, *, #514, .T. ) ;
#953 = AXIS2_PLACEMENT_3D ( 'NONE', #309, #2086, #614 ) ;
#954 = ORIENTED_EDGE ( 'NONE', *, *, #632, .F. ) ;
#955 = CARTESIAN_POINT ( 'NONE',  ( 33.25000000000000000, 29.25000000000000000, -1.899999999999999689 ) ) ;
#956 = CARTESIAN_POINT ( 'NONE',  ( 0.000000000000000000, 0.000000000000000000, 0.000000000000000000 ) ) ;
#957 = AXIS2_PLACEMENT_3D ( 'NONE', #1086, #445, #599 ) ;
#958 = EDGE_LOOP ( 'NONE', ( #2058, #1307, #805, #302 ) ) ;
#959 = CARTESIAN_POINT ( 'NONE',  ( 20.99999999999999645, 5.000000000000000000, -12.00000000000000000 ) ) ;
#960 = CARTESIAN_POINT ( 'NONE',  ( 20.99999999999999645, 5.000000000000000000, -12.00000000000000000 ) ) ;
#961 = EDGE_CURVE ( 'NONE', #1936, #1102, #555, .T. ) ;
#962 = DIRECTION ( 'NONE',  ( 0.000000000000000000, 0.000000000000000000, -1.000000000000000000 ) ) ;
#963 = DIRECTION ( 'NONE',  ( -1.000000000000000000, 0.000000000000000000, 0.000000000000000000 ) ) ;
#964 = FACE_OUTER_BOUND ( 'NONE', #1413, .T. ) ;
#965 = EDGE_LOOP ( 'NONE', ( #335, #721, #42, #934 ) ) ;
#966 = EDGE_LOOP ( 'NONE', ( #931, #738, #301, #453, #250, #363, #2064, #34 ) ) ;
#967 = DIRECTION ( 'NONE',  ( 0.000000000000000000, 0.000000000000000000, 1.000000000000000000 ) ) ;
#968 = MECHANICAL_CONTEXT ( 'NONE', #1724, 'mechanical' ) ;
#969 = VERTEX_POINT ( 'NONE', #1509 ) ;
#970 = FACE_OUTER_BOUND ( 'NONE', #965, .T. ) ;
#971 = EDGE_CURVE ( 'NONE', #617, #924, #766, .T. ) ;
#972 = PLANE ( 'NONE',  #1224 ) ;
#973 = DIRECTION ( 'NONE',  ( -1.000000000000000000, -0.000000000000000000, -0.000000000000000000 ) ) ;
#974 = EDGE_CURVE ( 'NONE', #369, #105, #1680, .T. ) ;
#975 = FACE_OUTER_BOUND ( 'NONE', #966, .T. ) ;
#976 = LINE ( 'NONE', #2088, #638 ) ;
#977 = ORIENTED_EDGE ( 'NONE', *, *, #2067, .F. ) ;
#978 = LINE ( 'NONE', #1305, #1524 ) ;
#979 = LINE ( 'NONE', #665, #1808 ) ;
#980 = ORIENTED_EDGE ( 'NONE', *, *, #1004, .F. ) ;
#981 = CARTESIAN_POINT ( 'NONE',  ( 20.99999999999999645, -5.000000000000000000, -21.00000000000000000 ) ) ;
#982 = PLANE ( 'NONE',  #432 ) ;
#983 = VECTOR ( 'NONE', #515, 1000.000000000000000 ) ;
#984 = CARTESIAN_POINT ( 'NONE',  ( 45.00000000000000000, -32.00000000000000000, -2.000000000000000000 ) ) ;
#985 = LINE ( 'NONE', #1108, #425 ) ;
#986 = VERTEX_POINT ( 'NONE', #546 ) ;
#987 = AXIS2_PLACEMENT_3D ( 'NONE', #2014, #674, #1345 ) ;
#988 = PLANE ( 'NONE',  #1876 ) ;
#989 = LINE ( 'NONE', #1284, #538 ) ;
#990 = ORIENTED_EDGE ( 'NONE', *, *, #1551, .T. ) ;
#991 = EDGE_CURVE ( 'NONE', #516, #305, #43, .T. ) ;
#992 = VECTOR ( 'NONE', #1448, 1000.000000000000000 ) ;
#993 = CARTESIAN_POINT ( 'NONE',  ( 20.99999999999999645, -14.00000000000000000, -44.70000000000000284 ) ) ;
#994 = ORIENTED_EDGE ( 'NONE', *, *, #1886, .F. ) ;
#995 = VECTOR ( 'NONE', #2036, 1000.000000000000000 ) ;
#996 = DIRECTION ( 'NONE',  ( 1.000000000000000000, 0.000000000000000000, 0.000000000000000000 ) ) ;
#997 = CARTESIAN_POINT ( 'NONE',  ( 40.75000000000000000, -22.75000000000000000, -1.899999999999999689 ) ) ;
#998 = ORIENTED_EDGE ( 'NONE', *, *, #1768, .F. ) ;
#999 = EDGE_CURVE ( 'NONE', #1228, #574, #1096, .T. ) ;
#1000 = LINE ( 'NONE', #1650, #1769 ) ;
#1001 = DIRECTION ( 'NONE',  ( 0.000000000000000000, 0.000000000000000000, -1.000000000000000000 ) ) ;
#1002 = VERTEX_POINT ( 'NONE', #1362 ) ;
#1003 = APPROVAL_PERSON_ORGANIZATION ( #849, #814, #188 ) ;
#1004 = EDGE_CURVE ( 'NONE', #1002, #1693, #1053, .T. ) ;
#1005 = CARTESIAN_POINT ( 'NONE',  ( 29.00000000000000000, 32.00000000000000000, -54.00000000000000000 ) ) ;
#1006 = VERTEX_POINT ( 'NONE', #1575 ) ;
#1007 = CARTESIAN_POINT ( 'NONE',  ( 34.35000000000000142, -24.35000000000000142, -1.900000000000000577 ) ) ;
#1008 = CARTESIAN_POINT ( 'NONE',  ( 20.99999999999999645, -5.000000000000000000, -21.00000000000000000 ) ) ;
#1009 = ORIENTED_EDGE ( 'NONE', *, *, #295, .F. ) ;
#1010 = FACE_OUTER_BOUND ( 'NONE', #1975, .T. ) ;
#1011 = DATE_AND_TIME ( #704, #1921 ) ;
#1012 = CARTESIAN_POINT ( 'NONE',  ( 40.75000000000000000, -29.25000000000000000, -5.200000000000000178 ) ) ;
#1013 = ORIENTED_EDGE ( 'NONE', *, *, #141, .F. ) ;
#1014 = EDGE_CURVE ( 'NONE', #708, #1082, #1862, .T. ) ;
#1015 = EDGE_CURVE ( 'NONE', #504, #1228, #596, .T. ) ;
#1016 = ORIENTED_EDGE ( 'NONE', *, *, #1697, .F. ) ;
#1017 = DIRECTION ( 'NONE',  ( 0.000000000000000000, 0.000000000000000000, -1.000000000000000000 ) ) ;
#1018 = EDGE_LOOP ( 'NONE', ( #1068, #1569, #833, #312 ) ) ;
#1019 = VECTOR ( 'NONE', #561, 1000.000000000000000 ) ;
#1020 = LINE ( 'NONE', #512, #292 ) ;
#1021 = APPROVAL_DATE_TIME ( #367, #814 ) ;
#1022 = LINE ( 'NONE', #850, #1087 ) ;
#1023 = VECTOR ( 'NONE', #1854, 1000.000000000000000 ) ;
#1024 = ORIENTED_EDGE ( 'NONE', *, *, #1925, .F. ) ;
#1025 = ORGANIZATION ( '未', '未', '' ) ;
#1026 = EDGE_CURVE ( 'NONE', #433, #504, #611, .T. ) ;
#1027 = VECTOR ( 'NONE', #242, 1000.000000000000114 ) ;
#1028 = VERTEX_POINT ( 'NONE', #106 ) ;
#1029 = LINE ( 'NONE', #1205, #816 ) ;
#1030 = DIRECTION ( 'NONE',  ( -0.7071067811865474617, -0.7071067811865474617, 0.000000000000000000 ) ) ;
#1031 = CARTESIAN_POINT ( 'NONE',  ( 41.75000000000000000, 23.75000000000000000, -1.899999999999999689 ) ) ;
#1032 = EDGE_LOOP ( 'NONE', ( #1540, #729, #1343, #137 ) ) ;
#1033 = CARTESIAN_POINT ( 'NONE',  ( 39.64999999999999858, 27.64999999999999858, -5.200000000000000178 ) ) ;
#1034 = VERTEX_POINT ( 'NONE', #2029 ) ;
#1035 = DIRECTION ( 'NONE',  ( -0.000000000000000000, 1.000000000000000000, 0.000000000000000000 ) ) ;
#1036 = EDGE_CURVE ( 'NONE', #564, #1679, #1203, .T. ) ;
#1037 = CARTESIAN_POINT ( 'NONE',  ( 34.35000000000000142, 27.64999999999999858, -5.200000000000000178 ) ) ;
#1038 = CARTESIAN_POINT ( 'NONE',  ( 33.25000000000000000, 22.75000000000000000, -5.200000000000000178 ) ) ;
#1039 = ORIENTED_EDGE ( 'NONE', *, *, #1270, .T. ) ;
#1040 = CARTESIAN_POINT ( 'NONE',  ( 33.25000000000000000, -29.25000000000000000, -2.000000000000000000 ) ) ;
#1041 = ORIENTED_EDGE ( 'NONE', *, *, #991, .F. ) ;
#1042 = CARTESIAN_POINT ( 'NONE',  ( 20.99999999999999645, -22.00000000000000000, -48.50000000000000000 ) ) ;
#1043 = CARTESIAN_POINT ( 'NONE',  ( 2.000000000000000444, -2.000000000000000444, -2.000000000000000000 ) ) ;
#1044 = EDGE_CURVE ( 'NONE', #385, #430, #52, .T. ) ;
#1045 = ORIENTED_EDGE ( 'NONE', *, *, #1994, .T. ) ;
#1046 = CALENDAR_DATE ( 2026, 14, 9 ) ;
#1047 = VERTEX_POINT ( 'NONE', #1532 ) ;
#1048 = AXIS2_PLACEMENT_3D ( 'NONE', #662, #2125, #1314 ) ;
#1049 = PLANE ( 'NONE',  #1092 ) ;
#1050 = EDGE_CURVE ( 'NONE', #897, #1369, #2009, .T. ) ;
#1051 = VERTEX_POINT ( 'NONE', #1040 ) ;
#1052 = AXIS2_PLACEMENT_3D ( 'NONE', #776, #1425, #1846 ) ;
#1053 = LINE ( 'NONE', #2021, #2084 ) ;
#1054 = AXIS2_PLACEMENT_3D ( 'NONE', #1007, #176, #166 ) ;
#1055 = CARTESIAN_POINT ( 'NONE',  ( 45.00000000000000000, -20.00000000000000000, -2.000000000000000000 ) ) ;
#1056 = CARTESIAN_POINT ( 'NONE',  ( 39.64999999999999858, 24.35000000000000142, -1.900000000000000577 ) ) ;
#1057 = DIRECTION ( 'NONE',  ( -0.7071067811865474617, -0.7071067811865474617, 0.000000000000000000 ) ) ;
#1058 = ORIENTED_EDGE ( 'NONE', *, *, #1181, .F. ) ;
#1059 = CARTESIAN_POINT ( 'NONE',  ( 16.75150000000000006, -22.00000000000000000, -44.70000000000000284 ) ) ;
#1060 = ORIENTED_EDGE ( 'NONE', *, *, #470, .T. ) ;
#1061 = CC_DESIGN_PERSON_AND_ORGANIZATION_ASSIGNMENT ( #1843, #1987, ( #2094 ) ) ;
#1062 = FACE_OUTER_BOUND ( 'NONE', #500, .T. ) ;
#1063 = EDGE_LOOP ( 'NONE', ( #1472, #1080, #1917, #1845 ) ) ;
#1064 = EDGE_CURVE ( 'NONE', #35, #1421, #435, .T. ) ;
#1065 = LINE ( 'NONE', #744, #1701 ) ;
#1066 = CARTESIAN_POINT ( 'NONE',  ( 28.00000000000000000, -28.00000000000000000, -2.000000000000000000 ) ) ;
#1067 = DIRECTION ( 'NONE',  ( 0.000000000000000000, 0.000000000000000000, 1.000000000000000000 ) ) ;
#1068 = ORIENTED_EDGE ( 'NONE', *, *, #1867, .F. ) ;
#1069 = DIRECTION ( 'NONE',  ( -0.000000000000000000, -0.000000000000000000, -1.000000000000000000 ) ) ;
#1070 = EDGE_LOOP ( 'NONE', ( #180, #1192, #620, #1777, #678 ) ) ;
#1071 = CARTESIAN_POINT ( 'NONE',  ( 0.000000000000000000, -22.75000000000000000, -2.000000000000000000 ) ) ;
#1072 = ORIENTED_EDGE ( 'NONE', *, *, #380, .T. ) ;
#1073 = EDGE_CURVE ( 'NONE', #1002, #395, #1688, .T. ) ;
#1074 = CARTESIAN_POINT ( 'NONE',  ( 34.35000000000000142, 24.35000000000000142, -5.200000000000000178 ) ) ;
#1075 = ADVANCED_FACE ( 'NONE', ( #1584 ), #1518, .F. ) ;
#1076 = LINE ( 'NONE', #266, #501 ) ;
#1077 = CARTESIAN_POINT ( 'NONE',  ( 39.64999999999999858, 27.64999999999999858, -1.900000000000000577 ) ) ;
#1078 = ORIENTED_EDGE ( 'NONE', *, *, #1403, .T. ) ;
#1079 = CARTESIAN_POINT ( 'NONE',  ( 33.25000000000000000, 22.75000000000000000, -5.200000000000000178 ) ) ;
#1080 = ORIENTED_EDGE ( 'NONE', *, *, #204, .F. ) ;
#1081 = FACE_OUTER_BOUND ( 'NONE', #701, .T. ) ;
#1082 = VERTEX_POINT ( 'NONE', #1371 ) ;
#1083 = VECTOR ( 'NONE', #1245, 1000.000000000000000 ) ;
#1084 = VECTOR ( 'NONE', #724, 1000.000000000000000 ) ;
#1085 = ADVANCED_FACE ( 'NONE', ( #1266 ), #2081, .T. ) ;
#1086 = CARTESIAN_POINT ( 'NONE',  ( 32.25000000000000000, -28.25000000000000000, -1.899999999999999689 ) ) ;
#1087 = VECTOR ( 'NONE', #1988, 1000.000000000000000 ) ;
#1088 = PLANE ( 'NONE',  #393 ) ;
#1089 = AXIS2_PLACEMENT_3D ( 'NONE', #956, #1140, #136 ) ;
#1090 = DIRECTION ( 'NONE',  ( -0.7071067811865474617, 0.7071067811865474617, -0.000000000000000000 ) ) ;
#1091 = LINE ( 'NONE', #1557, #1978 ) ;
#1092 = AXIS2_PLACEMENT_3D ( 'NONE', #575, #1220, #1232 ) ;
#1093 = ORIENTED_EDGE ( 'NONE', *, *, #63, .F. ) ;
#1094 = FACE_OUTER_BOUND ( 'NONE', #520, .T. ) ;
#1095 = VERTEX_POINT ( 'NONE', #1033 ) ;
#1096 = LINE ( 'NONE', #1736, #503 ) ;
#1097 = LINE ( 'NONE', #97, #1531 ) ;
#1098 = DIRECTION ( 'NONE',  ( 0.000000000000000000, 0.000000000000000000, -1.000000000000000000 ) ) ;
#1099 = LINE ( 'NONE', #2055, #1904 ) ;
#1100 = EDGE_CURVE ( 'NONE', #795, #1304, #210, .T. ) ;
#1101 = EDGE_LOOP ( 'NONE', ( #1583, #922, #441, #1202 ) ) ;
#1102 = VERTEX_POINT ( 'NONE', #1286 ) ;
#1103 = CARTESIAN_POINT ( 'NONE',  ( 40.14999999999999858, 24.85000000000000142, -5.200000000000000178 ) ) ;
#1104 = ORIENTED_EDGE ( 'NONE', *, *, #1442, .F. ) ;
#1105 = CARTESIAN_POINT ( 'NONE',  ( 0.000000000000000000, 22.75000000000000000, -2.000000000000000000 ) ) ;
#1106 = CARTESIAN_POINT ( 'NONE',  ( 34.35000000000000142, 27.64999999999999858, -10.00000000000000000 ) ) ;
#1107 = FACE_OUTER_BOUND ( 'NONE', #1434, .T. ) ;
#1108 = CARTESIAN_POINT ( 'NONE',  ( 45.00000000000000000, -20.00000000000000000, -2.000000000000000000 ) ) ;
#1109 = EDGE_LOOP ( 'NONE', ( #2117, #408, #2, #1263 ) ) ;
#1110 = ORIENTED_EDGE ( 'NONE', *, *, #1044, .F. ) ;
#1111 = EDGE_CURVE ( 'NONE', #1183, #114, #1142, .T. ) ;
#1112 = FACE_OUTER_BOUND ( 'NONE', #1340, .T. ) ;
#1113 = CARTESIAN_POINT ( 'NONE',  ( 20.99999999999999645, 14.00000000000000000, -48.50000000000000000 ) ) ;
#1114 = EDGE_LOOP ( 'NONE', ( #1141, #1348, #387, #464, #259, #1696, #562, #760 ) ) ;
#1115 = ADVANCED_FACE ( 'NONE', ( #1629 ), #789, .F. ) ;
#1116 = LINE ( 'NONE', #283, #1164 ) ;
#1117 = AXIS2_PLACEMENT_3D ( 'NONE', #1960, #484, #1432 ) ;
#1118 = DIRECTION ( 'NONE',  ( -1.000000000000000000, 0.000000000000000000, 0.000000000000000000 ) ) ;
#1119 = FACE_OUTER_BOUND ( 'NONE', #1320, .T. ) ;
#1120 = VECTOR ( 'NONE', #1717, 1000.000000000000000 ) ;
#1121 = FACE_BOUND ( 'NONE', #70, .T. ) ;
#1122 = DIRECTION ( 'NONE',  ( 0.000000000000000000, 0.000000000000000000, 1.000000000000000000 ) ) ;
#1123 = ORIENTED_EDGE ( 'NONE', *, *, #1571, .T. ) ;
#1124 = VECTOR ( 'NONE', #768, 1000.000000000000000 ) ;
#1125 = VERTEX_POINT ( 'NONE', #489 ) ;
#1126 = PLANE ( 'NONE',  #1870 ) ;
#1127 = PLANE ( 'NONE',  #1671 ) ;
#1128 = AXIS2_PLACEMENT_3D ( 'NONE', #1809, #996, #836 ) ;
#1129 = ORIENTED_EDGE ( 'NONE', *, *, #1144, .F. ) ;
#1130 = ADVANCED_FACE ( 'NONE', ( #1644, #1956 ), #2106, .T. ) ;
#1131 = DIRECTION ( 'NONE',  ( 0.000000000000000000, 0.000000000000000000, 1.000000000000000000 ) ) ;
#1132 = EDGE_CURVE ( 'NONE', #593, #2047, #1116, .T. ) ;
#1133 = PLANE ( 'NONE',  #1431 ) ;
#1134 = DIRECTION ( 'NONE',  ( 0.7071067811865474617, 0.7071067811865474617, 0.000000000000000000 ) ) ;
#1135 = DIRECTION ( 'NONE',  ( 0.000000000000000000, 0.000000000000000000, 1.000000000000000000 ) ) ;
#1136 = DIRECTION ( 'NONE',  ( 1.000000000000000000, 0.000000000000000000, 0.000000000000000000 ) ) ;
#1137 = ORIENTED_EDGE ( 'NONE', *, *, #736, .T. ) ;
#1138 = ORIENTED_EDGE ( 'NONE', *, *, #1372, .F. ) ;
#1139 = LINE ( 'NONE', #1790, #2120 ) ;
#1140 = DIRECTION ( 'NONE',  ( 0.000000000000000000, 0.000000000000000000, 1.000000000000000000 ) ) ;
#1141 = ORIENTED_EDGE ( 'NONE', *, *, #1064, .T. ) ;
#1142 = LINE ( 'NONE', #479, #429 ) ;
#1143 = DIRECTION ( 'NONE',  ( 0.000000000000000000, -0.000000000000000000, 1.000000000000000000 ) ) ;
#1144 = EDGE_CURVE ( 'NONE', #1369, #1309, #1792, .T. ) ;
#1145 = CARTESIAN_POINT ( 'NONE',  ( 45.00000000000000000, 20.00000000000000000, -2.000000000000000000 ) ) ;
#1146 = CARTESIAN_POINT ( 'NONE',  ( 21.00000000000000000, -32.00000000000000000, -10.00000000000000000 ) ) ;
#1147 = VERTEX_POINT ( 'NONE', #667 ) ;
#1148 = LINE ( 'NONE', #1103, #328 ) ;
#1149 = CARTESIAN_POINT ( 'NONE',  ( 29.00000000000000000, -32.00000000000000000, -54.00000000000000000 ) ) ;
#1150 = EDGE_LOOP ( 'NONE', ( #341, #1903, #1832, #2035 ) ) ;
#1151 = DIRECTION ( 'NONE',  ( -1.000000000000000000, -0.000000000000000000, -0.000000000000000000 ) ) ;
#1152 = ORIENTED_EDGE ( 'NONE', *, *, #1036, .T. ) ;
#1153 = LINE ( 'NONE', #1805, #1528 ) ;
#1154 = PRODUCT_RELATED_PRODUCT_CATEGORY ( 'detail', '', ( #2107 ) ) ;
#1155 = VECTOR ( 'NONE', #1017, 1000.000000000000000 ) ;
#1156 = DIRECTION ( 'NONE',  ( 0.000000000000000000, 1.000000000000000000, 0.000000000000000000 ) ) ;
#1157 = LINE ( 'NONE', #1810, #1940 ) ;
#1158 = EDGE_CURVE ( 'NONE', #986, #1884, #1594, .T. ) ;
#1159 = VERTEX_POINT ( 'NONE', #1617 ) ;
#1160 = VECTOR ( 'NONE', #1236, 1000.000000000000114 ) ;
#1161 = FACE_OUTER_BOUND ( 'NONE', #1835, .T. ) ;
#1162 = DIRECTION ( 'NONE',  ( -0.7071067811865474617, 0.7071067811865474617, 0.000000000000000000 ) ) ;
#1163 = ORIENTED_EDGE ( 'NONE', *, *, #411, .T. ) ;
#1164 = VECTOR ( 'NONE', #1151, 1000.000000000000000 ) ;
#1165 = CARTESIAN_POINT ( 'NONE',  ( 0.000000000000000000, 0.000000000000000000, -2.000000000000000000 ) ) ;
#1166 = EDGE_LOOP ( 'NONE', ( #889, #731, #1661, #838 ) ) ;
#1167 = VECTOR ( 'NONE', #862, 1000.000000000000000 ) ;
#1168 = PLANE ( 'NONE',  #2082 ) ;
#1169 = CARTESIAN_POINT ( 'NONE',  ( 20.99999999999999645, -5.000000000000000000, -12.00000000000000000 ) ) ;
#1170 = ORIENTED_EDGE ( 'NONE', *, *, #514, .F. ) ;
#1171 = DIRECTION ( 'NONE',  ( 0.000000000000000000, 1.000000000000000000, 0.000000000000000000 ) ) ;
#1172 = ADVANCED_FACE ( 'NONE', ( #799 ), #316, .T. ) ;
#1173 = COORDINATED_UNIVERSAL_TIME_OFFSET ( 8, 0, .AHEAD. ) ;
#1174 = ADVANCED_BREP_SHAPE_REPRESENTATION ( 'P04_Body_bridge', ( #29, #1089 ), #823 ) ;
#1175 = DIRECTION ( 'NONE',  ( 1.000000000000000000, 0.000000000000000000, 0.000000000000000000 ) ) ;
#1176 = ORIENTED_EDGE ( 'NONE', *, *, #1026, .T. ) ;
#1177 = ORIENTED_EDGE ( 'NONE', *, *, #659, .F. ) ;
#1178 = CARTESIAN_POINT ( 'NONE',  ( 39.64999999999999858, -27.64999999999999858, -10.00000000000000000 ) ) ;
#1179 = ORIENTED_EDGE ( 'NONE', *, *, #585, .F. ) ;
#1180 = CARTESIAN_POINT ( 'NONE',  ( 16.75150000000000006, -22.00000000000000000, -48.50000000000000000 ) ) ;
#1181 = EDGE_CURVE ( 'NONE', #168, #1125, #174, .T. ) ;
#1182 = DIRECTION ( 'NONE',  ( 0.000000000000000000, -1.000000000000000000, 0.000000000000000000 ) ) ;
#1183 = VERTEX_POINT ( 'NONE', #981 ) ;
#1184 = EDGE_CURVE ( 'NONE', #1309, #528, #1438, .T. ) ;
#1185 = VERTEX_POINT ( 'NONE', #1976 ) ;
#1186 = CARTESIAN_POINT ( 'NONE',  ( 20.99999999999999645, 14.00000000000000000, -44.70000000000000284 ) ) ;
#1187 = AXIS2_PLACEMENT_3D ( 'NONE', #1324, #1198, #702 ) ;
#1188 = DIRECTION ( 'NONE',  ( -1.000000000000000000, 0.000000000000000000, 0.000000000000000000 ) ) ;
#1189 = DATE_TIME_ROLE ( 'creation_date' ) ;
#1190 = CARTESIAN_POINT ( 'NONE',  ( 41.75000000000000000, 23.75000000000000000, -5.200000000000000178 ) ) ;
#1191 = VECTOR ( 'NONE', #2042, 1000.000000000000000 ) ;
#1192 = ORIENTED_EDGE ( 'NONE', *, *, #1044, .T. ) ;
#1193 = AXIS2_PLACEMENT_3D ( 'NONE', #1056, #1705, #1226 ) ;
#1194 = EDGE_CURVE ( 'NONE', #1479, #1964, #621, .T. ) ;
#1195 = VECTOR ( 'NONE', #1267, 1000.000000000000114 ) ;
#1196 = CARTESIAN_POINT ( 'NONE',  ( 16.75150000000000006, 22.00000000000000000, -48.50000000000000000 ) ) ;
#1197 = VERTEX_POINT ( 'NONE', #1471 ) ;
#1198 = DIRECTION ( 'NONE',  ( 0.000000000000000000, -1.000000000000000000, -0.000000000000000000 ) ) ;
#1199 = CARTESIAN_POINT ( 'NONE',  ( 40.14999999999999858, 24.85000000000000142, -1.900000000000000577 ) ) ;
#1200 = APPROVAL_DATE_TIME ( #1694, #1525 ) ;
#1201 = PLANE ( 'NONE',  #388 ) ;
#1202 = ORIENTED_EDGE ( 'NONE', *, *, #2007, .T. ) ;
#1203 = LINE ( 'NONE', #389, #788 ) ;
#1204 = ORIENTED_EDGE ( 'NONE', *, *, #576, .T. ) ;
#1205 = CARTESIAN_POINT ( 'NONE',  ( 33.25000000000000000, -22.75000000000000000, -1.899999999999999689 ) ) ;
#1206 = CARTESIAN_POINT ( 'NONE',  ( 41.75000000000000000, 28.25000000000000000, -1.899999999999999689 ) ) ;
#1207 = VERTEX_POINT ( 'NONE', #834 ) ;
#1208 = DIRECTION ( 'NONE',  ( 0.000000000000000000, -1.000000000000000000, 0.000000000000000000 ) ) ;
#1209 = ORIENTED_EDGE ( 'NONE', *, *, #14, .F. ) ;
#1210 = CARTESIAN_POINT ( 'NONE',  ( 34.35000000000000142, -27.64999999999999858, -1.900000000000000577 ) ) ;
#1211 = DIRECTION ( 'NONE',  ( 0.000000000000000000, -0.000000000000000000, -1.000000000000000000 ) ) ;
#1212 = DIRECTION ( 'NONE',  ( 0.000000000000000000, 1.000000000000000000, 0.000000000000000000 ) ) ;
#1213 = ADVANCED_FACE ( 'NONE', ( #2119 ), #1, .F. ) ;
#1214 = CARTESIAN_POINT ( 'NONE',  ( 40.14999999999999858, 24.85000000000000142, -1.900000000000000577 ) ) ;
#1215 = ORIENTED_EDGE ( 'NONE', *, *, #917, .F. ) ;
#1216 = CARTESIAN_POINT ( 'NONE',  ( 32.25000000000000000, 28.25000000000000000, -5.200000000000000178 ) ) ;
#1217 = EDGE_CURVE ( 'NONE', #1884, #1159, #1931, .T. ) ;
#1218 = ORIENTED_EDGE ( 'NONE', *, *, #1439, .T. ) ;
#1219 = VECTOR ( 'NONE', #1235, 1000.000000000000000 ) ;
#1220 = DIRECTION ( 'NONE',  ( 0.000000000000000000, -1.000000000000000000, 0.000000000000000000 ) ) ;
#1221 = ORIENTED_EDGE ( 'NONE', *, *, #438, .F. ) ;
#1222 = VECTOR ( 'NONE', #1171, 1000.000000000000000 ) ;
#1223 = VECTOR ( 'NONE', #325, 1000.000000000000000 ) ;
#1224 = AXIS2_PLACEMENT_3D ( 'NONE', #129, #1440, #2095 ) ;
#1225 = PLANE ( 'NONE',  #506 ) ;
#1226 = DIRECTION ( 'NONE',  ( -0.7071067811865474617, -0.7071067811865474617, 0.000000000000000000 ) ) ;
#1227 = FACE_OUTER_BOUND ( 'NONE', #1546, .T. ) ;
#1228 = VERTEX_POINT ( 'NONE', #1781 ) ;
#1229 = CARTESIAN_POINT ( 'NONE',  ( 45.00000000000000000, -32.00000000000000000, -10.00000000000000000 ) ) ;
#1230 = ORIENTED_EDGE ( 'NONE', *, *, #1895, .F. ) ;
#1231 = EDGE_CURVE ( 'NONE', #1274, #1336, #1767, .T. ) ;
#1232 = DIRECTION ( 'NONE',  ( 0.000000000000000000, -0.000000000000000000, -1.000000000000000000 ) ) ;
#1233 = EDGE_LOOP ( 'NONE', ( #1752, #618, #1380, #1819, #1588, #122, #1892, #2089 ) ) ;
#1234 = DIRECTION ( 'NONE',  ( 0.000000000000000000, -1.000000000000000000, 0.000000000000000000 ) ) ;
#1235 = DIRECTION ( 'NONE',  ( 0.000000000000000000, -1.000000000000000000, 0.000000000000000000 ) ) ;
#1236 = DIRECTION ( 'NONE',  ( 0.7071067811865474617, -0.7071067811865474617, 0.000000000000000000 ) ) ;
#1237 = ORIENTED_EDGE ( 'NONE', *, *, #510, .F. ) ;
#1238 = DIRECTION ( 'NONE',  ( 0.7071067811865474617, 0.7071067811865474617, 0.000000000000000000 ) ) ;
#1239 = EDGE_LOOP ( 'NONE', ( #1281, #329, #1476, #102 ) ) ;
#1240 = CARTESIAN_POINT ( 'NONE',  ( 34.35000000000000142, 27.64999999999999858, -5.200000000000000178 ) ) ;
#1241 = ORIENTED_EDGE ( 'NONE', *, *, #903, .F. ) ;
#1242 = ADVANCED_FACE ( 'NONE', ( #970 ), #1480, .T. ) ;
#1243 = EDGE_CURVE ( 'NONE', #1711, #858, #340, .T. ) ;
#1244 = CARTESIAN_POINT ( 'NONE',  ( 32.25000000000000000, 0.000000000000000000, -2.000000000000000000 ) ) ;
#1245 = DIRECTION ( 'NONE',  ( -1.000000000000000000, -0.000000000000000000, -0.000000000000000000 ) ) ;
#1246 = PLANE ( 'NONE',  #851 ) ;
#1247 = LINE ( 'NONE', #247, #673 ) ;
#1248 = ORIENTED_EDGE ( 'NONE', *, *, #902, .F. ) ;
#1249 = LINE ( 'NONE', #1573, #610 ) ;
#1250 = VERTEX_POINT ( 'NONE', #1852 ) ;
#1251 = VECTOR ( 'NONE', #1797, 1000.000000000000000 ) ;
#1252 = CARTESIAN_POINT ( 'NONE',  ( 21.00000000000000000, 32.00000000000000000, -2.000000000000000000 ) ) ;
#1253 = ADVANCED_FACE ( 'NONE', ( #1844 ), #2005, .T. ) ;
#1254 = VECTOR ( 'NONE', #1833, 1000.000000000000000 ) ;
#1255 = EDGE_CURVE ( 'NONE', #190, #1447, #553, .T. ) ;
#1256 = CARTESIAN_POINT ( 'NONE',  ( 33.85000000000000142, -27.14999999999999858, -5.200000000000000178 ) ) ;
#1257 = VECTOR ( 'NONE', #294, 1000.000000000000000 ) ;
#1258 = DIRECTION ( 'NONE',  ( -0.000000000000000000, -0.000000000000000000, -1.000000000000000000 ) ) ;
#1259 = VECTOR ( 'NONE', #962, 1000.000000000000000 ) ;
#1260 = CARTESIAN_POINT ( 'NONE',  ( 21.00000000000000000, -14.00000000000000000, -44.70000000000000284 ) ) ;
#1261 = VECTOR ( 'NONE', #83, 1000.000000000000000 ) ;
#1262 = VERTEX_POINT ( 'NONE', #1012 ) ;
#1263 = ORIENTED_EDGE ( 'NONE', *, *, #295, .T. ) ;
#1264 = DIRECTION ( 'NONE',  ( 0.000000000000000000, 0.000000000000000000, -1.000000000000000000 ) ) ;
#1265 = VERTEX_POINT ( 'NONE', #840 ) ;
#1266 = FACE_OUTER_BOUND ( 'NONE', #2105, .T. ) ;
#1267 = DIRECTION ( 'NONE',  ( -0.7071067811865474617, -0.7071067811865474617, 0.000000000000000000 ) ) ;
#1268 = CARTESIAN_POINT ( 'NONE',  ( 40.75000000000000000, -29.25000000000000000, -2.000000000000000000 ) ) ;
#1269 = DIRECTION ( 'NONE',  ( 0.000000000000000000, 0.000000000000000000, -1.000000000000000000 ) ) ;
#1270 = EDGE_CURVE ( 'NONE', #178, #1159, #2027, .T. ) ;
#1271 = ORIENTED_EDGE ( 'NONE', *, *, #1795, .F. ) ;
#1272 = ORIENTED_EDGE ( 'NONE', *, *, #1662, .F. ) ;
#1273 = PLANE ( 'NONE',  #2046 ) ;
#1274 = VERTEX_POINT ( 'NONE', #368 ) ;
#1275 = DIRECTION ( 'NONE',  ( 1.000000000000000000, 0.000000000000000000, 0.000000000000000000 ) ) ;
#1276 = DIRECTION ( 'NONE',  ( 0.000000000000000000, 0.000000000000000000, 1.000000000000000000 ) ) ;
#1277 = CARTESIAN_POINT ( 'NONE',  ( 39.64999999999999858, -24.35000000000000142, -1.900000000000000577 ) ) ;
#1278 = CARTESIAN_POINT ( 'NONE',  ( 0.000000000000000000, 0.000000000000000000, -5.200000000000000178 ) ) ;
#1279 = DIRECTION ( 'NONE',  ( -1.000000000000000000, 0.000000000000000000, 0.000000000000000000 ) ) ;
#1280 = ORIENTED_EDGE ( 'NONE', *, *, #523, .T. ) ;
#1281 = ORIENTED_EDGE ( 'NONE', *, *, #1925, .T. ) ;
#1282 = DIRECTION ( 'NONE',  ( -1.000000000000000000, -0.000000000000000000, -0.000000000000000000 ) ) ;
#1283 = EDGE_CURVE ( 'NONE', #1469, #1711, #19, .T. ) ;
#1284 = CARTESIAN_POINT ( 'NONE',  ( 21.00000000000000000, -32.00000000000000000, -2.000000000000000000 ) ) ;
#1285 = ORIENTED_EDGE ( 'NONE', *, *, #1194, .T. ) ;
#1286 = CARTESIAN_POINT ( 'NONE',  ( 45.00000000000000000, -20.00000000000000000, -10.00000000000000000 ) ) ;
#1287 = VECTOR ( 'NONE', #1238, 1000.000000000000114 ) ;
#1288 = LINE ( 'NONE', #648, #753 ) ;
#1289 = FACE_OUTER_BOUND ( 'NONE', #1761, .T. ) ;
#1290 = AXIS2_PLACEMENT_3D ( 'NONE', #1206, #591, #1858 ) ;
#1291 = CARTESIAN_POINT ( 'NONE',  ( 39.64999999999999858, -27.64999999999999858, -1.900000000000000577 ) ) ;
#1292 = LINE ( 'NONE', #458, #51 ) ;
#1293 = ORIENTED_EDGE ( 'NONE', *, *, #669, .T. ) ;
#1294 = AXIS2_PLACEMENT_3D ( 'NONE', #1933, #276, #812 ) ;
#1295 = ORIENTED_EDGE ( 'NONE', *, *, #1683, .F. ) ;
#1296 = DIRECTION ( 'NONE',  ( 0.000000000000000000, 1.000000000000000000, 0.000000000000000000 ) ) ;
#1297 = CARTESIAN_POINT ( 'NONE',  ( 21.00000000000000000, -16.00000000000000000, -24.00000000000000000 ) ) ;
#1298 = VECTOR ( 'NONE', #2110, 1000.000000000000000 ) ;
#1299 = VERTEX_POINT ( 'NONE', #347 ) ;
#1300 = DIRECTION ( 'NONE',  ( 0.7071067811865475727, 0.7071067811865475727, 0.000000000000000000 ) ) ;
#1301 = DIRECTION ( 'NONE',  ( 0.000000000000000000, 0.000000000000000000, -1.000000000000000000 ) ) ;
#1302 = LINE ( 'NONE', #1948, #128 ) ;
#1303 = LINE ( 'NONE', #167, #1838 ) ;
#1304 = VERTEX_POINT ( 'NONE', #1331 ) ;
#1305 = CARTESIAN_POINT ( 'NONE',  ( 34.35000000000000142, 24.35000000000000142, -5.200000000000000178 ) ) ;
#1306 = LINE ( 'NONE', #1478, #24 ) ;
#1307 = ORIENTED_EDGE ( 'NONE', *, *, #1326, .F. ) ;
#1308 = DIRECTION ( 'NONE',  ( 0.000000000000000000, 0.000000000000000000, -1.000000000000000000 ) ) ;
#1309 = VERTEX_POINT ( 'NONE', #1500 ) ;
#1310 = EDGE_CURVE ( 'NONE', #1745, #1823, #1355, .T. ) ;
#1311 = ADVANCED_FACE ( 'NONE', ( #1818 ), #1526, .T. ) ;
#1312 = DIRECTION ( 'NONE',  ( 0.000000000000000000, 0.000000000000000000, 1.000000000000000000 ) ) ;
#1313 = PLANE ( 'NONE',  #2050 ) ;
#1314 = DIRECTION ( 'NONE',  ( 0.000000000000000000, 0.000000000000000000, -1.000000000000000000 ) ) ;
#1315 = ORIENTED_EDGE ( 'NONE', *, *, #173, .F. ) ;
#1316 = DIRECTION ( 'NONE',  ( 0.7071067811865475727, 0.7071067811865475727, 0.000000000000000000 ) ) ;
#1317 = CARTESIAN_POINT ( 'NONE',  ( 40.75000000000000000, -22.75000000000000000, -1.899999999999999689 ) ) ;
#1318 = VERTEX_POINT ( 'NONE', #1654 ) ;
#1319 = DIRECTION ( 'NONE',  ( 0.000000000000000000, -1.000000000000000000, 0.000000000000000000 ) ) ;
#1320 = EDGE_LOOP ( 'NONE', ( #1060, #554, #1170, #1801 ) ) ;
#1321 = VECTOR ( 'NONE', #761, 1000.000000000000000 ) ;
#1322 = ADVANCED_FACE ( 'NONE', ( #1673 ), #1347, .T. ) ;
#1323 = FACE_OUTER_BOUND ( 'NONE', #1859, .T. ) ;
#1324 = CARTESIAN_POINT ( 'NONE',  ( 39.64999999999999858, 27.64999999999999858, -1.900000000000000577 ) ) ;
#1325 = VERTEX_POINT ( 'NONE', #181 ) ;
#1326 = EDGE_CURVE ( 'NONE', #1447, #1734, #1488, .T. ) ;
#1327 = VECTOR ( 'NONE', #1131, 1000.000000000000000 ) ;
#1328 = CARTESIAN_POINT ( 'NONE',  ( 40.14999999999999858, -24.85000000000000142, -1.900000000000000577 ) ) ;
#1329 = SECURITY_CLASSIFICATION_LEVEL ( 'unclassified' ) ;
#1330 = VECTOR ( 'NONE', #1208, 1000.000000000000000 ) ;
#1331 = CARTESIAN_POINT ( 'NONE',  ( 21.00000000000000000, 22.00000000000000000, -44.70000000000000284 ) ) ;
#1332 = ORIENTED_EDGE ( 'NONE', *, *, #1492, .T. ) ;
#1333 = CARTESIAN_POINT ( 'NONE',  ( 40.75000000000000000, -22.75000000000000000, -5.200000000000000178 ) ) ;
#1334 = CARTESIAN_POINT ( 'NONE',  ( 32.25000000000000000, -28.25000000000000000, -2.000000000000000000 ) ) ;
#1335 = EDGE_CURVE ( 'NONE', #609, #574, #1022, .T. ) ;
#1336 = VERTEX_POINT ( 'NONE', #868 ) ;
#1337 = LINE ( 'NONE', #2053, #1191 ) ;
#1338 = EDGE_CURVE ( 'NONE', #1304, #1369, #1339, .T. ) ;
#1339 = LINE ( 'NONE', #1996, #983 ) ;
#1340 = EDGE_LOOP ( 'NONE', ( #27, #1755, #1863, #1961 ) ) ;
#1341 = CARTESIAN_POINT ( 'NONE',  ( 29.00000000000000000, 16.00000000000000000, -40.00000000000000000 ) ) ;
#1342 = CARTESIAN_POINT ( 'NONE',  ( 41.75000000000000000, -23.75000000000000000, -1.899999999999999689 ) ) ;
#1343 = ORIENTED_EDGE ( 'NONE', *, *, #763, .T. ) ;
#1344 = ADVANCED_FACE ( 'NONE', ( #1660, #1686 ), #1201, .F. ) ;
#1345 = DIRECTION ( 'NONE',  ( 1.000000000000000000, 0.000000000000000000, -0.000000000000000000 ) ) ;
#1346 = EDGE_CURVE ( 'NONE', #194, #111, #524, .T. ) ;
#1347 = PLANE ( 'NONE',  #1462 ) ;
#1348 = ORIENTED_EDGE ( 'NONE', *, *, #1784, .T. ) ;
#1349 = DIRECTION ( 'NONE',  ( -1.000000000000000000, 0.000000000000000000, 0.000000000000000000 ) ) ;
#1350 = ORIENTED_EDGE ( 'NONE', *, *, #1050, .T. ) ;
#1351 = LINE ( 'NONE', #2000, #876 ) ;
#1352 = VECTOR ( 'NONE', #79, 1000.000000000000000 ) ;
#1353 = PLANE ( 'NONE',  #987 ) ;
#1354 = AXIS2_PLACEMENT_3D ( 'NONE', #1590, #607, #135 ) ;
#1355 = LINE ( 'NONE', #1005, #2080 ) ;
#1356 = AXIS2_PLACEMENT_3D ( 'NONE', #646, #1802, #327 ) ;
#1357 = EDGE_LOOP ( 'NONE', ( #1561, #279, #348, #490 ) ) ;
#1358 = EDGE_CURVE ( 'NONE', #1674, #80, #199, .T. ) ;
#1359 = VECTOR ( 'NONE', #1417, 1000.000000000000000 ) ;
#1360 = VECTOR ( 'NONE', #1412, 1000.000000000000000 ) ;
#1361 = EDGE_CURVE ( 'NONE', #1964, #708, #214, .T. ) ;
#1362 = CARTESIAN_POINT ( 'NONE',  ( 39.64999999999999858, -27.64999999999999858, -5.200000000000000178 ) ) ;
#1363 = ORIENTED_EDGE ( 'NONE', *, *, #127, .T. ) ;
#1364 = DIRECTION ( 'NONE',  ( 0.000000000000000000, 0.000000000000000000, -1.000000000000000000 ) ) ;
#1365 = DIRECTION ( 'NONE',  ( 0.7071067811865474617, 0.7071067811865474617, 0.000000000000000000 ) ) ;
#1366 = APPROVAL_STATUS ( 'not_yet_approved' ) ;
#1367 = ORIENTED_EDGE ( 'NONE', *, *, #971, .T. ) ;
#1368 = DIRECTION ( 'NONE',  ( 0.7071067811865474617, -0.7071067811865474617, 0.000000000000000000 ) ) ;
#1369 = VERTEX_POINT ( 'NONE', #1400 ) ;
#1370 = ADVANCED_FACE ( 'NONE', ( #2044 ), #407, .T. ) ;
#1371 = CARTESIAN_POINT ( 'NONE',  ( 16.75150000000000006, -22.00000000000000000, -48.50000000000000000 ) ) ;
#1372 = EDGE_CURVE ( 'NONE', #774, #1095, #770, .T. ) ;
#1373 = ORIENTED_EDGE ( 'NONE', *, *, #115, .T. ) ;
#1374 = LINE ( 'NONE', #252, #1430 ) ;
#1375 = DIRECTION ( 'NONE',  ( 0.7071067811865474617, -0.7071067811865474617, 0.000000000000000000 ) ) ;
#1376 = ORIENTED_EDGE ( 'NONE', *, *, #1620, .F. ) ;
#1377 = CARTESIAN_POINT ( 'NONE',  ( 21.00000000000000000, -20.00000000000000000, -2.000000000000000000 ) ) ;
#1378 = ORIENTED_EDGE ( 'NONE', *, *, #1338, .F. ) ;
#1379 = DIRECTION ( 'NONE',  ( -0.000000000000000000, 1.000000000000000000, 0.000000000000000000 ) ) ;
#1380 = ORIENTED_EDGE ( 'NONE', *, *, #1836, .T. ) ;
#1381 = CARTESIAN_POINT ( 'NONE',  ( 21.00000000000000000, 20.00000000000000000, -10.00000000000000000 ) ) ;
#1382 = CARTESIAN_POINT ( 'NONE',  ( 33.25000000000000000, 22.75000000000000000, -1.899999999999999689 ) ) ;
#1383 = EDGE_CURVE ( 'NONE', #1051, #315, #89, .T. ) ;
#1384 = DIRECTION ( 'NONE',  ( 0.000000000000000000, -1.000000000000000000, 0.000000000000000000 ) ) ;
#1385 = ORIENTED_EDGE ( 'NONE', *, *, #2097, .F. ) ;
#1386 = CARTESIAN_POINT ( 'NONE',  ( 3.350000000000000533, -3.350000000000000533, -10.00000000000000000 ) ) ;
#1387 = EDGE_CURVE ( 'NONE', #1638, #1675, #1891, .T. ) ;
#1388 = ORIENTED_EDGE ( 'NONE', *, *, #74, .F. ) ;
#1389 = AXIS2_PLACEMENT_3D ( 'NONE', #110, #739, #1742 ) ;
#1390 = DIRECTION ( 'NONE',  ( 1.000000000000000000, 0.000000000000000000, 0.000000000000000000 ) ) ;
#1391 = ORIENTED_EDGE ( 'NONE', *, *, #307, .T. ) ;
#1392 = VECTOR ( 'NONE', #1057, 1000.000000000000114 ) ;
#1393 = VECTOR ( 'NONE', #1098, 1000.000000000000000 ) ;
#1394 = VECTOR ( 'NONE', #1872, 1000.000000000000000 ) ;
#1395 = DIRECTION ( 'NONE',  ( 0.000000000000000000, 0.000000000000000000, -1.000000000000000000 ) ) ;
#1396 = CARTESIAN_POINT ( 'NONE',  ( 29.00000000000000000, -16.00000000000000000, -24.00000000000000000 ) ) ;
#1397 = CARTESIAN_POINT ( 'NONE',  ( 29.00000000000000000, 16.00000000000000000, -24.00000000000000000 ) ) ;
#1398 = EDGE_CURVE ( 'NONE', #1159, #1399, #1099, .T. ) ;
#1399 = VERTEX_POINT ( 'NONE', #1869 ) ;
#1400 = CARTESIAN_POINT ( 'NONE',  ( 16.75150000000000006, 22.00000000000000000, -44.70000000000000284 ) ) ;
#1401 = ORIENTED_EDGE ( 'NONE', *, *, #1994, .F. ) ;
#1402 = CARTESIAN_POINT ( 'NONE',  ( 33.25000000000000000, 29.25000000000000000, -2.000000000000000000 ) ) ;
#1403 = EDGE_CURVE ( 'NONE', #1674, #430, #583, .T. ) ;
#1404 = ORIENTED_EDGE ( 'NONE', *, *, #1346, .T. ) ;
#1405 = LINE ( 'NONE', #75, #1499 ) ;
#1406 = DIRECTION ( 'NONE',  ( 0.000000000000000000, 1.000000000000000000, 0.000000000000000000 ) ) ;
#1407 = DIRECTION ( 'NONE',  ( 1.000000000000000000, 0.000000000000000000, 0.000000000000000000 ) ) ;
#1408 = ORIENTED_EDGE ( 'NONE', *, *, #1361, .F. ) ;
#1409 = PLANE ( 'NONE',  #120 ) ;
#1410 = ORIENTED_EDGE ( 'NONE', *, *, #104, .T. ) ;
#1411 = EDGE_CURVE ( 'NONE', #1185, #105, #417, .T. ) ;
#1412 = DIRECTION ( 'NONE',  ( 0.000000000000000000, 1.000000000000000000, 0.000000000000000000 ) ) ;
#1413 = EDGE_LOOP ( 'NONE', ( #990, #1248, #1241, #2030 ) ) ;
#1414 = EDGE_CURVE ( 'NONE', #1861, #1082, #908, .T. ) ;
#1415 = DIRECTION ( 'NONE',  ( -1.000000000000000000, 0.000000000000000000, -0.000000000000000000 ) ) ;
#1416 = LINE ( 'NONE', #436, #1773 ) ;
#1417 = DIRECTION ( 'NONE',  ( 0.000000000000000000, -1.000000000000000000, 0.000000000000000000 ) ) ;
#1418 = DIRECTION ( 'NONE',  ( 0.000000000000000000, 0.000000000000000000, -1.000000000000000000 ) ) ;
#1419 = DIRECTION ( 'NONE',  ( -0.7071067811865474617, 0.7071067811865474617, 0.000000000000000000 ) ) ;
#1420 = EDGE_LOOP ( 'NONE', ( #1829, #582, #1058, #2026 ) ) ;
#1421 = VERTEX_POINT ( 'NONE', #930 ) ;
#1422 = LINE ( 'NONE', #260, #716 ) ;
#1423 = ORIENTED_EDGE ( 'NONE', *, *, #1426, .F. ) ;
#1424 = AXIS2_PLACEMENT_3D ( 'NONE', #1464, #1637, #1136 ) ;
#1425 = DIRECTION ( 'NONE',  ( 0.000000000000000000, 1.000000000000000000, 0.000000000000000000 ) ) ;
#1426 = EDGE_CURVE ( 'NONE', #1262, #1580, #572, .T. ) ;
#1427 = VECTOR ( 'NONE', #870, 1000.000000000000000 ) ;
#1428 = LINE ( 'NONE', #1381, #28 ) ;
#1429 = LINE ( 'NONE', #801, #362 ) ;
#1430 = VECTOR ( 'NONE', #916, 1000.000000000000000 ) ;
#1431 = AXIS2_PLACEMENT_3D ( 'NONE', #1783, #1118, #284 ) ;
#1432 = DIRECTION ( 'NONE',  ( 0.000000000000000000, 0.000000000000000000, -1.000000000000000000 ) ) ;
#1433 = VECTOR ( 'NONE', #377, 1000.000000000000000 ) ;
#1434 = EDGE_LOOP ( 'NONE', ( #211, #443, #1152, #627 ) ) ;
#1435 = ORIENTED_EDGE ( 'NONE', *, *, #1624, .F. ) ;
#1436 = CARTESIAN_POINT ( 'NONE',  ( 39.64999999999999858, -24.35000000000000142, -1.900000000000000577 ) ) ;
#1437 = ORIENTED_EDGE ( 'NONE', *, *, #1470, .T. ) ;
#1438 = LINE ( 'NONE', #810, #1257 ) ;
#1439 = EDGE_CURVE ( 'NONE', #609, #385, #2034, .T. ) ;
#1440 = DIRECTION ( 'NONE',  ( 0.000000000000000000, -1.000000000000000000, 0.000000000000000000 ) ) ;
#1441 = DIRECTION ( 'NONE',  ( 0.000000000000000000, 0.000000000000000000, -1.000000000000000000 ) ) ;
#1442 = EDGE_CURVE ( 'NONE', #305, #1751, #938, .T. ) ;
#1443 = FACE_OUTER_BOUND ( 'NONE', #692, .T. ) ;
#1444 = ORIENTED_EDGE ( 'NONE', *, *, #1653, .F. ) ;
#1445 = EDGE_LOOP ( 'NONE', ( #1350, #1378, #1906, #1625 ) ) ;
#1446 = CARTESIAN_POINT ( 'NONE',  ( 29.00000000000000000, -16.00000000000000000, -40.00000000000000000 ) ) ;
#1447 = VERTEX_POINT ( 'NONE', #1079 ) ;
#1448 = DIRECTION ( 'NONE',  ( -1.000000000000000000, -0.000000000000000000, -0.000000000000000000 ) ) ;
#1449 = FACE_OUTER_BOUND ( 'NONE', #72, .T. ) ;
#1450 = LINE ( 'NONE', #660, #569 ) ;
#1451 = DIRECTION ( 'NONE',  ( 1.000000000000000000, 0.000000000000000000, -0.000000000000000000 ) ) ;
#1452 = CARTESIAN_POINT ( 'NONE',  ( 16.75150000000000006, 14.00000000000000000, -48.50000000000000000 ) ) ;
#1453 = EDGE_CURVE ( 'NONE', #20, #2043, #1730, .T. ) ;
#1454 = ORIENTED_EDGE ( 'NONE', *, *, #1439, .F. ) ;
#1455 = VERTEX_POINT ( 'NONE', #237 ) ;
#1456 = CARTESIAN_POINT ( 'NONE',  ( 20.99999999999999645, 5.000000000000000000, -21.00000000000000000 ) ) ;
#1457 = ORIENTED_EDGE ( 'NONE', *, *, #411, .F. ) ;
#1458 = CARTESIAN_POINT ( 'NONE',  ( 33.85000000000000142, 24.85000000000000142, -1.900000000000000577 ) ) ;
#1459 = VECTOR ( 'NONE', #590, 1000.000000000000000 ) ;
#1460 = CARTESIAN_POINT ( 'NONE',  ( 21.00000000000000000, -16.00000000000000000, -40.00000000000000000 ) ) ;
#1461 = CARTESIAN_POINT ( 'NONE',  ( 45.00000000000000000, -20.00000000000000000, -2.000000000000000000 ) ) ;
#1462 = AXIS2_PLACEMENT_3D ( 'NONE', #41, #1828, #1678 ) ;
#1463 = DIRECTION ( 'NONE',  ( 0.000000000000000000, 0.000000000000000000, 1.000000000000000000 ) ) ;
#1464 = CARTESIAN_POINT ( 'NONE',  ( 0.000000000000000000, 0.000000000000000000, -10.00000000000000000 ) ) ;
#1465 = ORIENTED_EDGE ( 'NONE', *, *, #1811, .T. ) ;
#1466 = VECTOR ( 'NONE', #1615, 1000.000000000000000 ) ;
#1467 = PLANE ( 'NONE',  #22 ) ;
#1468 = VECTOR ( 'NONE', #1390, 1000.000000000000000 ) ;
#1469 = VERTEX_POINT ( 'NONE', #2073 ) ;
#1470 = EDGE_CURVE ( 'NONE', #1574, #893, #1881, .T. ) ;
#1471 = CARTESIAN_POINT ( 'NONE',  ( 33.25000000000000000, -22.75000000000000000, -5.200000000000000178 ) ) ;
#1472 = ORIENTED_EDGE ( 'NONE', *, *, #422, .T. ) ;
#1473 = CARTESIAN_POINT ( 'NONE',  ( 33.25000000000000000, -22.75000000000000000, -1.899999999999999689 ) ) ;
#1474 = FACE_OUTER_BOUND ( 'NONE', #1357, .T. ) ;
#1475 = CARTESIAN_POINT ( 'NONE',  ( 20.99999999999999645, -14.00000000000000000, -44.70000000000000284 ) ) ;
#1476 = ORIENTED_EDGE ( 'NONE', *, *, #1283, .F. ) ;
#1477 = LINE ( 'NONE', #1456, #1599 ) ;
#1478 = CARTESIAN_POINT ( 'NONE',  ( 34.35000000000000142, -24.35000000000000142, -5.200000000000000178 ) ) ;
#1479 = VERTEX_POINT ( 'NONE', #1260 ) ;
#1480 = PLANE ( 'NONE',  #1735 ) ;
#1481 = ORIENTED_EDGE ( 'NONE', *, *, #1683, .T. ) ;
#1482 = EDGE_CURVE ( 'NONE', #2054, #190, #439, .T. ) ;
#1483 = DIRECTION ( 'NONE',  ( -1.000000000000000000, 0.000000000000000000, -0.000000000000000000 ) ) ;
#1484 = CARTESIAN_POINT ( 'NONE',  ( 40.14999999999999858, 0.000000000000000000, -10.00000000000000000 ) ) ;
#1485 = EDGE_LOOP ( 'NONE', ( #577, #1404, #1581, #672 ) ) ;
#1486 = DIRECTION ( 'NONE',  ( 0.000000000000000000, 0.000000000000000000, -1.000000000000000000 ) ) ;
#1487 =( LENGTH_UNIT ( ) NAMED_UNIT ( * ) SI_UNIT ( .MILLI., .METRE. ) );
#1488 = LINE ( 'NONE', #1038, #2013 ) ;
#1489 = ORIENTED_EDGE ( 'NONE', *, *, #491, .T. ) ;
#1490 = ADVANCED_FACE ( 'NONE', ( #396 ), #1409, .F. ) ;
#1491 = VECTOR ( 'NONE', #707, 1000.000000000000000 ) ;
#1492 = EDGE_CURVE ( 'NONE', #2101, #1102, #1547, .T. ) ;
#1493 = ORIENTED_EDGE ( 'NONE', *, *, #1383, .T. ) ;
#1494 = DIRECTION ( 'NONE',  ( -0.000000000000000000, -0.000000000000000000, -1.000000000000000000 ) ) ;
#1495 = ORIENTED_EDGE ( 'NONE', *, *, #1762, .F. ) ;
#1496 = VECTOR ( 'NONE', #373, 1000.000000000000000 ) ;
#1497 = DIRECTION ( 'NONE',  ( -0.7071067811865474617, 0.7071067811865474617, 0.000000000000000000 ) ) ;
#1498 = APPROVAL_PERSON_ORGANIZATION ( #354, #1525, #695 ) ;
#1499 = VECTOR ( 'NONE', #1887, 1000.000000000000000 ) ;
#1500 = CARTESIAN_POINT ( 'NONE',  ( 16.75150000000000006, 14.00000000000000000, -44.70000000000000284 ) ) ;
#1501 = ORIENTED_EDGE ( 'NONE', *, *, #1111, .F. ) ;
#1502 = ORIENTED_EDGE ( 'NONE', *, *, #2083, .F. ) ;
#1503 = DIRECTION ( 'NONE',  ( -0.000000000000000000, 1.000000000000000000, 0.000000000000000000 ) ) ;
#1504 = EDGE_CURVE ( 'NONE', #795, #897, #1247, .T. ) ;
#1505 = EDGE_LOOP ( 'NONE', ( #200, #1177, #291, #821, #998, #740 ) ) ;
#1506 = CARTESIAN_POINT ( 'NONE',  ( 20.99999999999999645, -5.000000000000000000, -12.00000000000000000 ) ) ;
#1507 = DIRECTION ( 'NONE',  ( -0.000000000000000000, 0.000000000000000000, 1.000000000000000000 ) ) ;
#1508 = ORIENTED_EDGE ( 'NONE', *, *, #588, .F. ) ;
#1509 = CARTESIAN_POINT ( 'NONE',  ( 21.00000000000000000, 14.00000000000000000, -48.50000000000000000 ) ) ;
#1510 = ORIENTED_EDGE ( 'NONE', *, *, #877, .T. ) ;
#1511 = FACE_OUTER_BOUND ( 'NONE', #1830, .T. ) ;
#1512 = PLANE ( 'NONE',  #1806 ) ;
#1513 = EDGE_CURVE ( 'NONE', #395, #1047, #1091, .T. ) ;
#1514 = ORIENTED_EDGE ( 'NONE', *, *, #1714, .T. ) ;
#1515 = CARTESIAN_POINT ( 'NONE',  ( 33.85000000000000142, -24.85000000000000142, -5.200000000000000178 ) ) ;
#1516 = ADVANCED_FACE ( 'NONE', ( #1443 ), #637, .T. ) ;
#1517 = VERTEX_POINT ( 'NONE', #651 ) ;
#1518 = PLANE ( 'NONE',  #1052 ) ;
#1519 = EDGE_LOOP ( 'NONE', ( #2075, #1649, #556, #652, #2018, #595, #798, #1009 ) ) ;
#1520 = CARTESIAN_POINT ( 'NONE',  ( 34.35000000000000142, -24.35000000000000142, -10.00000000000000000 ) ) ;
#1521 = VECTOR ( 'NONE', #1676, 1000.000000000000000 ) ;
#1522 = LINE ( 'NONE', #57, #391 ) ;
#1523 = APPROVAL_STATUS ( 'not_yet_approved' ) ;
#1524 = VECTOR ( 'NONE', #1962, 1000.000000000000000 ) ;
#1525 = APPROVAL ( #1523, '未' ) ;
#1526 = PLANE ( 'NONE',  #222 ) ;
#1527 = VECTOR ( 'NONE', #1368, 1000.000000000000114 ) ;
#1528 = VECTOR ( 'NONE', #1312, 1000.000000000000000 ) ;
#1529 = EDGE_LOOP ( 'NONE', ( #1410, #794, #278, #817, #809 ) ) ;
#1530 = EDGE_CURVE ( 'NONE', #1936, #1674, #985, .T. ) ;
#1531 = VECTOR ( 'NONE', #1747, 1000.000000000000000 ) ;
#1532 = CARTESIAN_POINT ( 'NONE',  ( 40.14999999999999858, -24.85000000000000142, -5.200000000000000178 ) ) ;
#1533 = VERTEX_POINT ( 'NONE', #815 ) ;
#1534 = FACE_OUTER_BOUND ( 'NONE', #2102, .T. ) ;
#1535 = DIRECTION ( 'NONE',  ( 0.000000000000000000, 0.000000000000000000, -1.000000000000000000 ) ) ;
#1536 = EDGE_LOOP ( 'NONE', ( #628, #762, #1093, #1954 ) ) ;
#1537 = PERSON_AND_ORGANIZATION ( #1544, #1025 ) ;
#1538 = ORIENTED_EDGE ( 'NONE', *, *, #1784, .F. ) ;
#1539 = LINE ( 'NONE', #653, #1813 ) ;
#1540 = ORIENTED_EDGE ( 'NONE', *, *, #1036, .F. ) ;
#1541 = EDGE_CURVE ( 'NONE', #1479, #450, #793, .T. ) ;
#1542 = FACE_OUTER_BOUND ( 'NONE', #224, .T. ) ;
#1543 = LINE ( 'NONE', #414, #2008 ) ;
#1544 = PERSON ( '未', '未', '未', ('未'), ('未'), ('未') ) ;
#1545 = CARTESIAN_POINT ( 'NONE',  ( 34.35000000000000142, -24.35000000000000142, -5.200000000000000178 ) ) ;
#1546 = EDGE_LOOP ( 'NONE', ( #690, #322, #869, #154, #144, #271, #401, #1437 ) ) ;
#1547 = LINE ( 'NONE', #1229, #1559 ) ;
#1548 = ORIENTED_EDGE ( 'NONE', *, *, #1997, .F. ) ;
#1549 = CARTESIAN_POINT ( 'NONE',  ( 21.00000000000000000, -20.00000000000000000, -10.00000000000000000 ) ) ;
#1550 = EDGE_LOOP ( 'NONE', ( #606, #2049, #1950, #1556 ) ) ;
#1551 = EDGE_CURVE ( 'NONE', #771, #1638, #976, .T. ) ;
#1552 = LINE ( 'NONE', #734, #1985 ) ;
#1553 = CARTESIAN_POINT ( 'NONE',  ( 32.25000000000000000, 0.000000000000000000, -2.000000000000000000 ) ) ;
#1554 = ADVANCED_FACE ( 'NONE', ( #964 ), #1623, .T. ) ;
#1555 = DIRECTION ( 'NONE',  ( -0.000000000000000000, 0.000000000000000000, 1.000000000000000000 ) ) ;
#1556 = ORIENTED_EDGE ( 'NONE', *, *, #1100, .T. ) ;
#1557 = CARTESIAN_POINT ( 'NONE',  ( 40.14999999999999858, -27.14999999999999858, -5.200000000000000178 ) ) ;
#1558 = EDGE_LOOP ( 'NONE', ( #750, #1743, #1731, #326 ) ) ;
#1559 = VECTOR ( 'NONE', #1719, 1000.000000000000000 ) ;
#1560 = DIRECTION ( 'NONE',  ( 1.000000000000000000, 0.000000000000000000, -0.000000000000000000 ) ) ;
#1561 = ORIENTED_EDGE ( 'NONE', *, *, #173, .T. ) ;
#1562 = VECTOR ( 'NONE', #2002, 1000.000000000000000 ) ;
#1563 = VECTOR ( 'NONE', #1794, 1000.000000000000000 ) ;
#1564 = VECTOR ( 'NONE', #1156, 1000.000000000000000 ) ;
#1565 = PLANE ( 'NONE',  #957 ) ;
#1566 = CARTESIAN_POINT ( 'NONE',  ( 29.00000000000000000, 16.00000000000000000, -40.00000000000000000 ) ) ;
#1567 = CC_DESIGN_PERSON_AND_ORGANIZATION_ASSIGNMENT ( #1537, #58, ( #1648 ) ) ;
#1568 = CARTESIAN_POINT ( 'NONE',  ( 0.000000000000000000, 0.000000000000000000, -5.200000000000000178 ) ) ;
#1569 = ORIENTED_EDGE ( 'NONE', *, *, #40, .F. ) ;
#1570 = DIRECTION ( 'NONE',  ( 0.000000000000000000, 0.000000000000000000, -1.000000000000000000 ) ) ;
#1571 = EDGE_CURVE ( 'NONE', #2092, #430, #1292, .T. ) ;
#1572 = ORIENTED_EDGE ( 'NONE', *, *, #1231, .T. ) ;
#1573 = CARTESIAN_POINT ( 'NONE',  ( 7.649999999999998579, 7.649999999999998579, -10.00000000000000000 ) ) ;
#1574 = VERTEX_POINT ( 'NONE', #448 ) ;
#1575 = CARTESIAN_POINT ( 'NONE',  ( 34.35000000000000142, 24.35000000000000142, -10.00000000000000000 ) ) ;
#1576 = DIRECTION ( 'NONE',  ( 1.000000000000000000, 0.000000000000000000, 0.000000000000000000 ) ) ;
#1577 = LINE ( 'NONE', #1382, #1124 ) ;
#1578 = PLANE ( 'NONE',  #745 ) ;
#1579 = CARTESIAN_POINT ( 'NONE',  ( 40.75000000000000000, -29.25000000000000000, -5.200000000000000178 ) ) ;
#1580 = VERTEX_POINT ( 'NONE', #2099 ) ;
#1581 = ORIENTED_EDGE ( 'NONE', *, *, #74, .T. ) ;
#1582 = CARTESIAN_POINT ( 'NONE',  ( 21.00000000000000000, 16.00000000000000000, -24.00000000000000000 ) ) ;
#1583 = ORIENTED_EDGE ( 'NONE', *, *, #2069, .F. ) ;
#1584 = FACE_OUTER_BOUND ( 'NONE', #1529, .T. ) ;
#1585 = LINE ( 'NONE', #613, #469 ) ;
#1586 = LINE ( 'NONE', #164, #505 ) ;
#1587 = PLANE ( 'NONE',  #1117 ) ;
#1588 = ORIENTED_EDGE ( 'NONE', *, *, #438, .T. ) ;
#1589 = ORIENTED_EDGE ( 'NONE', *, *, #1411, .T. ) ;
#1590 = CARTESIAN_POINT ( 'NONE',  ( 33.25000000000000000, -29.25000000000000000, -1.899999999999999689 ) ) ;
#1591 = VERTEX_POINT ( 'NONE', #119 ) ;
#1592 = EDGE_CURVE ( 'NONE', #1884, #806, #1157, .T. ) ;
#1593 = VECTOR ( 'NONE', #1069, 1000.000000000000000 ) ;
#1594 = LINE ( 'NONE', #824, #258 ) ;
#1595 = EDGE_CURVE ( 'NONE', #1336, #2066, #1971, .T. ) ;
#1596 = AXIS2_PLACEMENT_3D ( 'NONE', #1214, #427, #1067 ) ;
#1597 = LINE ( 'NONE', #1607, #365 ) ;
#1598 = DIRECTION ( 'NONE',  ( 0.7071067811865475727, -0.7071067811865475727, 0.000000000000000000 ) ) ;
#1599 = VECTOR ( 'NONE', #1778, 1000.000000000000000 ) ;
#1600 = FACE_BOUND ( 'NONE', #162, .T. ) ;
#1601 = ORIENTED_EDGE ( 'NONE', *, *, #1606, .F. ) ;
#1602 = ORIENTED_EDGE ( 'NONE', *, *, #1361, .T. ) ;
#1603 = CARTESIAN_POINT ( 'NONE',  ( 33.85000000000000142, -27.14999999999999858, -10.00000000000000000 ) ) ;
#1604 = ORIENTED_EDGE ( 'NONE', *, *, #349, .T. ) ;
#1605 = DIRECTION ( 'NONE',  ( 0.000000000000000000, -1.000000000000000000, 0.000000000000000000 ) ) ;
#1606 = EDGE_CURVE ( 'NONE', #2006, #1051, #1775, .T. ) ;
#1607 = CARTESIAN_POINT ( 'NONE',  ( 20.99999999999999645, -22.00000000000000000, -44.70000000000000284 ) ) ;
#1608 = DIRECTION ( 'NONE',  ( 1.000000000000000000, 0.000000000000000000, 0.000000000000000000 ) ) ;
#1609 = ADVANCED_FACE ( 'NONE', ( #1611, #1600 ), #152, .F. ) ;
#1610 = DIRECTION ( 'NONE',  ( 1.000000000000000000, 0.000000000000000000, 0.000000000000000000 ) ) ;
#1611 = FACE_OUTER_BOUND ( 'NONE', #1018, .T. ) ;
#1612 = ORIENTED_EDGE ( 'NONE', *, *, #2019, .T. ) ;
#1613 = EDGE_LOOP ( 'NONE', ( #1285, #1602, #835, #1072 ) ) ;
#1614 = CARTESIAN_POINT ( 'NONE',  ( 41.75000000000000000, -28.25000000000000000, -2.000000000000000000 ) ) ;
#1615 = DIRECTION ( 'NONE',  ( 0.000000000000000000, 1.000000000000000000, 0.000000000000000000 ) ) ;
#1616 = ORIENTED_EDGE ( 'NONE', *, *, #37, .F. ) ;
#1617 = CARTESIAN_POINT ( 'NONE',  ( 21.00000000000000000, 16.00000000000000000, -40.00000000000000000 ) ) ;
#1618 = LINE ( 'NONE', #622, #573 ) ;
#1619 = LINE ( 'NONE', #1958, #1563 ) ;
#1620 = EDGE_CURVE ( 'NONE', #528, #897, #143, .T. ) ;
#1621 = PRODUCT_DEFINITION_SHAPE ( 'NONE', 'NONE',  #73 ) ;
#1622 = CARTESIAN_POINT ( 'NONE',  ( 0.000000000000000000, 29.25000000000000000, -2.000000000000000000 ) ) ;
#1623 = PLANE ( 'NONE',  #1631 ) ;
#1624 = EDGE_CURVE ( 'NONE', #1823, #609, #1303, .T. ) ;
#1625 = ORIENTED_EDGE ( 'NONE', *, *, #1504, .T. ) ;
#1626 = DIRECTION ( 'NONE',  ( 0.000000000000000000, 0.000000000000000000, 1.000000000000000000 ) ) ;
#1627 = DIRECTION ( 'NONE',  ( -0.7071067811865474617, -0.7071067811865474617, 0.000000000000000000 ) ) ;
#1628 = ORIENTED_EDGE ( 'NONE', *, *, #1482, .F. ) ;
#1629 = FACE_OUTER_BOUND ( 'NONE', #147, .T. ) ;
#1630 = ORIENTED_EDGE ( 'NONE', *, *, #1653, .T. ) ;
#1631 = AXIS2_PLACEMENT_3D ( 'NONE', #320, #1279, #1935 ) ;
#1632 = PLANE ( 'NONE',  #1294 ) ;
#1633 = VECTOR ( 'NONE', #1349, 1000.000000000000000 ) ;
#1634 = AXIS2_PLACEMENT_3D ( 'NONE', #160, #1605, #2093 ) ;
#1635 = CARTESIAN_POINT ( 'NONE',  ( -0.000000000000000000, 27.64999999999999858, -10.00000000000000000 ) ) ;
#1636 = ADVANCED_FACE ( 'NONE', ( #2112 ), #1587, .F. ) ;
#1637 = DIRECTION ( 'NONE',  ( -0.000000000000000000, 0.000000000000000000, 1.000000000000000000 ) ) ;
#1638 = VERTEX_POINT ( 'NONE', #1949 ) ;
#1639 = CARTESIAN_POINT ( 'NONE',  ( 39.64999999999999858, 27.64999999999999858, -10.00000000000000000 ) ) ;
#1640 = EDGE_CURVE ( 'NONE', #20, #2101, #1787, .T. ) ;
#1641 = DIRECTION ( 'NONE',  ( 0.000000000000000000, 0.000000000000000000, -1.000000000000000000 ) ) ;
#1642 = VECTOR ( 'NONE', #1796, 1000.000000000000000 ) ;
#1643 = EDGE_LOOP ( 'NONE', ( #2037, #1123, #1110, #1454 ) ) ;
#1644 = FACE_OUTER_BOUND ( 'NONE', #907, .T. ) ;
#1645 = ORIENTED_EDGE ( 'NONE', *, *, #1283, .T. ) ;
#1646 = DIRECTION ( 'NONE',  ( -0.7071067811865475727, 0.7071067811865475727, 0.000000000000000000 ) ) ;
#1647 = DIRECTION ( 'NONE',  ( 0.000000000000000000, 0.000000000000000000, -1.000000000000000000 ) ) ;
#1648 = PRODUCT_DEFINITION_FORMATION_WITH_SPECIFIED_SOURCE ( '任何', '', #2107, .NOT_KNOWN. ) ;
#1649 = ORIENTED_EDGE ( 'NONE', *, *, #1857, .F. ) ;
#1650 = CARTESIAN_POINT ( 'NONE',  ( 40.14999999999999858, 0.000000000000000000, -10.00000000000000000 ) ) ;
#1651 = CARTESIAN_POINT ( 'NONE',  ( 33.25000000000000000, 29.25000000000000000, -5.200000000000000178 ) ) ;
#1652 = ORIENTED_EDGE ( 'NONE', *, *, #681, .F. ) ;
#1653 = EDGE_CURVE ( 'NONE', #1028, #190, #6, .T. ) ;
#1654 = CARTESIAN_POINT ( 'NONE',  ( 33.85000000000000142, 27.14999999999999858, -5.200000000000000178 ) ) ;
#1655 = EDGE_LOOP ( 'NONE', ( #1373, #1916, #50, #639 ) ) ;
#1656 = LINE ( 'NONE', #1622, #826 ) ;
#1657 = DIRECTION ( 'NONE',  ( -0.000000000000000000, 1.000000000000000000, 0.000000000000000000 ) ) ;
#1658 = ORIENTED_EDGE ( 'NONE', *, *, #722, .F. ) ;
#1659 = LINE ( 'NONE', #1199, #601 ) ;
#1660 = FACE_OUTER_BOUND ( 'NONE', #1789, .T. ) ;
#1661 = ORIENTED_EDGE ( 'NONE', *, *, #974, .T. ) ;
#1662 = EDGE_CURVE ( 'NONE', #1751, #2076, #1759, .T. ) ;
#1663 = ADVANCED_FACE ( 'NONE', ( #1849 ), #683, .T. ) ;
#1664 = VECTOR ( 'NONE', #951, 1000.000000000000000 ) ;
#1665 = ORIENTED_EDGE ( 'NONE', *, *, #1714, .F. ) ;
#1666 = LINE ( 'NONE', #2023, #947 ) ;
#1667 = ORIENTED_EDGE ( 'NONE', *, *, #626, .F. ) ;
#1668 = VECTOR ( 'NONE', #1535, 1000.000000000000000 ) ;
#1669 = DIRECTION ( 'NONE',  ( -0.7071067811865474617, 0.7071067811865474617, 0.000000000000000000 ) ) ;
#1670 = PERSON_AND_ORGANIZATION ( #1544, #1025 ) ;
#1671 = AXIS2_PLACEMENT_3D ( 'NONE', #1317, #1974, #499 ) ;
#1672 = AXIS2_PLACEMENT_3D ( 'NONE', #741, #386, #2077 ) ;
#1673 = FACE_OUTER_BOUND ( 'NONE', #1150, .T. ) ;
#1674 = VERTEX_POINT ( 'NONE', #1840 ) ;
#1675 = VERTEX_POINT ( 'NONE', #364 ) ;
#1676 = DIRECTION ( 'NONE',  ( -1.000000000000000000, 0.000000000000000000, 0.000000000000000000 ) ) ;
#1677 = LINE ( 'NONE', #213, #1562 ) ;
#1678 = DIRECTION ( 'NONE',  ( 0.7071067811865474617, -0.7071067811865474617, 0.000000000000000000 ) ) ;
#1679 = VERTEX_POINT ( 'NONE', #715 ) ;
#1680 = LINE ( 'NONE', #1756, #915 ) ;
#1681 = ORIENTED_EDGE ( 'NONE', *, *, #1793, .F. ) ;
#1682 = CARTESIAN_POINT ( 'NONE',  ( 29.00000000000000000, 32.00000000000000000, -54.00000000000000000 ) ) ;
#1683 = EDGE_CURVE ( 'NONE', #92, #1197, #1029, .T. ) ;
#1684 = LINE ( 'NONE', #345, #54 ) ;
#1685 = EDGE_CURVE ( 'NONE', #504, #2092, #1351, .T. ) ;
#1686 = FACE_BOUND ( 'NONE', #1519, .T. ) ;
#1687 = ORIENTED_EDGE ( 'NONE', *, *, #804, .T. ) ;
#1688 = LINE ( 'NONE', #64, #1979 ) ;
#1689 = ORIENTED_EDGE ( 'NONE', *, *, #1754, .F. ) ;
#1690 = DIRECTION ( 'NONE',  ( 0.7071067811865474617, 0.7071067811865474617, 0.000000000000000000 ) ) ;
#1691 = AXIS2_PLACEMENT_3D ( 'NONE', #864, #1035, #527 ) ;
#1692 = CARTESIAN_POINT ( 'NONE',  ( 41.75000000000000000, 28.25000000000000000, -5.200000000000000178 ) ) ;
#1693 = VERTEX_POINT ( 'NONE', #1178 ) ;
#1694 = DATE_AND_TIME ( #32, #1772 ) ;
#1695 = VECTOR ( 'NONE', #2068, 1000.000000000000000 ) ;
#1696 = ORIENTED_EDGE ( 'NONE', *, *, #917, .T. ) ;
#1697 = EDGE_CURVE ( 'NONE', #1693, #924, #372, .T. ) ;
#1698 = DIRECTION ( 'NONE',  ( 0.000000000000000000, 0.000000000000000000, 1.000000000000000000 ) ) ;
#1699 = AXIS2_PLACEMENT_3D ( 'NONE', #643, #1001, #1953 ) ;
#1700 = ORIENTED_EDGE ( 'NONE', *, *, #1383, .F. ) ;
#1701 = VECTOR ( 'NONE', #1234, 1000.000000000000000 ) ;
#1702 = ADVANCED_FACE ( 'NONE', ( #55 ), #203, .F. ) ;
#1703 = VECTOR ( 'NONE', #1365, 1000.000000000000114 ) ;
#1704 = ORIENTED_EDGE ( 'NONE', *, *, #1453, .T. ) ;
#1705 = DIRECTION ( 'NONE',  ( -0.7071067811865475727, 0.7071067811865475727, 0.000000000000000000 ) ) ;
#1706 = CARTESIAN_POINT ( 'NONE',  ( 29.34999999999999787, 29.34999999999999787, -10.00000000000000000 ) ) ;
#1707 = VERTEX_POINT ( 'NONE', #1334 ) ;
#1708 = DIRECTION ( 'NONE',  ( 1.000000000000000000, 0.000000000000000000, 0.000000000000000000 ) ) ;
#1709 = EDGE_LOOP ( 'NONE', ( #1875, #587, #2126, #685 ) ) ;
#1710 = CARTESIAN_POINT ( 'NONE',  ( 32.25000000000000000, 28.25000000000000000, -2.000000000000000000 ) ) ;
#1711 = VERTEX_POINT ( 'NONE', #343 ) ;
#1712 = ADVANCED_FACE ( 'NONE', ( #1511 ), #1831, .T. ) ;
#1713 = CC_DESIGN_SECURITY_CLASSIFICATION ( #2094, ( #1648 ) ) ;
#1714 = EDGE_CURVE ( 'NONE', #774, #121, #195, .T. ) ;
#1715 = LINE ( 'NONE', #904, #226 ) ;
#1716 = LINE ( 'NONE', #84, #778 ) ;
#1717 = DIRECTION ( 'NONE',  ( 0.000000000000000000, 0.000000000000000000, -1.000000000000000000 ) ) ;
#1718 = ORIENTED_EDGE ( 'NONE', *, *, #2020, .F. ) ;
#1719 = DIRECTION ( 'NONE',  ( 0.000000000000000000, 1.000000000000000000, 0.000000000000000000 ) ) ;
#1720 = ORIENTED_EDGE ( 'NONE', *, *, #422, .F. ) ;
#1721 = LINE ( 'NONE', #764, #1360 ) ;
#1722 = EDGE_LOOP ( 'NONE', ( #1665, #2090, #1510, #1363 ) ) ;
#1723 = EDGE_CURVE ( 'NONE', #893, #315, #1666, .T. ) ;
#1724 = APPLICATION_CONTEXT ( 'configuration controlled 3d designs of mechanical parts and assemblies' ) ;
#1725 = EDGE_CURVE ( 'NONE', #1937, #1729, #519, .T. ) ;
#1726 = LINE ( 'NONE', #1877, #884 ) ;
#1727 = CARTESIAN_POINT ( 'NONE',  ( 16.75150000000000006, -22.00000000000000000, -44.70000000000000284 ) ) ;
#1728 = DIRECTION ( 'NONE',  ( 0.000000000000000000, 0.000000000000000000, -1.000000000000000000 ) ) ;
#1729 = VERTEX_POINT ( 'NONE', #1821 ) ;
#1730 = LINE ( 'NONE', #1915, #1019 ) ;
#1731 = ORIENTED_EDGE ( 'NONE', *, *, #349, .F. ) ;
#1732 = VECTOR ( 'NONE', #1690, 1000.000000000000114 ) ;
#1733 = DIRECTION ( 'NONE',  ( 0.7071067811865474617, -0.7071067811865474617, 0.000000000000000000 ) ) ;
#1734 = VERTEX_POINT ( 'NONE', #2012 ) ;
#1735 = AXIS2_PLACEMENT_3D ( 'NONE', #1458, #1300, #1965 ) ;
#1736 = CARTESIAN_POINT ( 'NONE',  ( 45.00000000000000000, 20.00000000000000000, -2.000000000000000000 ) ) ;
#1737 = VECTOR ( 'NONE', #1395, 1000.000000000000000 ) ;
#1738 = DIRECTION ( 'NONE',  ( 0.7071067811865474617, -0.7071067811865474617, 0.000000000000000000 ) ) ;
#1739 = CARTESIAN_POINT ( 'NONE',  ( 29.00000000000000000, 32.00000000000000000, -10.00000000000000000 ) ) ;
#1740 = ADVANCED_FACE ( 'NONE', ( #857 ), #540, .F. ) ;
#1741 = CARTESIAN_POINT ( 'NONE',  ( 40.75000000000000000, 22.75000000000000000, -1.899999999999999689 ) ) ;
#1742 = DIRECTION ( 'NONE',  ( -1.000000000000000000, 0.000000000000000000, -0.000000000000000000 ) ) ;
#1743 = ORIENTED_EDGE ( 'NONE', *, *, #130, .F. ) ;
#1744 = LINE ( 'NONE', #409, #887 ) ;
#1745 = VERTEX_POINT ( 'NONE', #1682 ) ;
#1746 = DIRECTION ( 'NONE',  ( 0.000000000000000000, 0.000000000000000000, -1.000000000000000000 ) ) ;
#1747 = DIRECTION ( 'NONE',  ( 1.000000000000000000, 0.000000000000000000, 0.000000000000000000 ) ) ;
#1748 = FACE_BOUND ( 'NONE', #460, .T. ) ;
#1749 = EDGE_CURVE ( 'NONE', #1183, #273, #212, .T. ) ;
#1750 = CARTESIAN_POINT ( 'NONE',  ( 41.75000000000000000, -23.75000000000000000, -5.200000000000000178 ) ) ;
#1751 = VERTEX_POINT ( 'NONE', #1520 ) ;
#1752 = ORIENTED_EDGE ( 'NONE', *, *, #1606, .T. ) ;
#1753 = DIRECTION ( 'NONE',  ( -1.000000000000000000, 0.000000000000000000, 0.000000000000000000 ) ) ;
#1754 = EDGE_CURVE ( 'NONE', #2006, #1262, #16, .T. ) ;
#1755 = ORIENTED_EDGE ( 'NONE', *, *, #2087, .T. ) ;
#1756 = CARTESIAN_POINT ( 'NONE',  ( 34.35000000000000142, 27.64999999999999858, -1.900000000000000577 ) ) ;
#1757 = CARTESIAN_POINT ( 'NONE',  ( 40.75000000000000000, 22.75000000000000000, -2.000000000000000000 ) ) ;
#1758 = DIRECTION ( 'NONE',  ( 0.000000000000000000, -0.000000000000000000, -1.000000000000000000 ) ) ;
#1759 = LINE ( 'NONE', #286, #1664 ) ;
#1760 = EDGE_LOOP ( 'NONE', ( #1572, #1385, #1024, #1215 ) ) ;
#1761 = EDGE_LOOP ( 'NONE', ( #288, #943, #1295, #172 ) ) ;
#1762 = EDGE_CURVE ( 'NONE', #1517, #1675, #26, .T. ) ;
#1763 = FACE_BOUND ( 'NONE', #1233, .T. ) ;
#1764 = ORIENTED_EDGE ( 'NONE', *, *, #1685, .F. ) ;
#1765 = VECTOR ( 'NONE', #1888, 1000.000000000000000 ) ;
#1766 = ADVANCED_FACE ( 'NONE', ( #671 ), #509, .F. ) ;
#1767 = LINE ( 'NONE', #633, #603 ) ;
#1768 = EDGE_CURVE ( 'NONE', #1533, #2101, #845, .T. ) ;
#1769 = VECTOR ( 'NONE', #198, 1000.000000000000000 ) ;
#1770 = PLANE ( 'NONE',  #854 ) ;
#1771 = CARTESIAN_POINT ( 'NONE',  ( 29.00000000000000000, -16.00000000000000000, -24.00000000000000000 ) ) ;
#1772 = LOCAL_TIME ( 18, 28, 58.00000000000000000, #718 ) ;
#1773 = VECTOR ( 'NONE', #779, 1000.000000000000000 ) ;
#1774 = FACE_OUTER_BOUND ( 'NONE', #1558, .T. ) ;
#1775 = LINE ( 'NONE', #300, #358 ) ;
#1776 = EDGE_LOOP ( 'NONE', ( #1179, #919, #350, #196 ) ) ;
#1777 = ORIENTED_EDGE ( 'NONE', *, *, #1530, .F. ) ;
#1778 = DIRECTION ( 'NONE',  ( 0.000000000000000000, 0.000000000000000000, 1.000000000000000000 ) ) ;
#1779 = CARTESIAN_POINT ( 'NONE',  ( 45.00000000000000000, -32.00000000000000000, -10.00000000000000000 ) ) ;
#1780 = ORIENTED_EDGE ( 'NONE', *, *, #1158, .T. ) ;
#1781 = CARTESIAN_POINT ( 'NONE',  ( 45.00000000000000000, 20.00000000000000000, -2.000000000000000000 ) ) ;
#1782 = EDGE_CURVE ( 'NONE', #1318, #1185, #244, .T. ) ;
#1783 = CARTESIAN_POINT ( 'NONE',  ( 45.00000000000000000, -32.00000000000000000, -2.000000000000000000 ) ) ;
#1784 = EDGE_CURVE ( 'NONE', #1421, #1028, #1716, .T. ) ;
#1785 = PLANE ( 'NONE',  #59 ) ;
#1786 = CARTESIAN_POINT ( 'NONE',  ( 29.00000000000000000, -32.00000000000000000, -54.00000000000000000 ) ) ;
#1787 = LINE ( 'NONE', #1146, #1251 ) ;
#1788 = EDGE_LOOP ( 'NONE', ( #980, #478, #382, #44 ) ) ;
#1789 = EDGE_LOOP ( 'NONE', ( #1435, #1880, #733, #202 ) ) ;
#1790 = CARTESIAN_POINT ( 'NONE',  ( 20.99999999999999645, -5.000000000000000000, -12.00000000000000000 ) ) ;
#1791 = ORIENTED_EDGE ( 'NONE', *, *, #747, .F. ) ;
#1792 = LINE ( 'NONE', #148, #163 ) ;
#1793 = EDGE_CURVE ( 'NONE', #564, #1325, #234, .T. ) ;
#1794 = DIRECTION ( 'NONE',  ( -1.000000000000000000, -0.000000000000000000, -0.000000000000000000 ) ) ;
#1795 = EDGE_CURVE ( 'NONE', #398, #2054, #1543, .T. ) ;
#1796 = DIRECTION ( 'NONE',  ( 0.000000000000000000, 1.000000000000000000, 0.000000000000000000 ) ) ;
#1797 = DIRECTION ( 'NONE',  ( 1.000000000000000000, 0.000000000000000000, 0.000000000000000000 ) ) ;
#1798 = ORIENTED_EDGE ( 'NONE', *, *, #819, .F. ) ;
#1799 = CARTESIAN_POINT ( 'NONE',  ( 16.75150000000000006, 5.000000000000000000, -12.00000000000000000 ) ) ;
#1800 = CARTESIAN_POINT ( 'NONE',  ( 39.64999999999999858, -24.35000000000000142, -5.200000000000000178 ) ) ;
#1801 = ORIENTED_EDGE ( 'NONE', *, *, #656, .T. ) ;
#1802 = DIRECTION ( 'NONE',  ( 1.000000000000000000, 0.000000000000000000, 0.000000000000000000 ) ) ;
#1803 = ORIENTED_EDGE ( 'NONE', *, *, #1620, .T. ) ;
#1804 = VECTOR ( 'NONE', #69, 1000.000000000000114 ) ;
#1805 = CARTESIAN_POINT ( 'NONE',  ( 16.75150000000000006, -14.00000000000000000, -48.50000000000000000 ) ) ;
#1806 = AXIS2_PLACEMENT_3D ( 'NONE', #703, #848, #1497 ) ;
#1807 = VECTOR ( 'NONE', #355, 1000.000000000000000 ) ;
#1808 = VECTOR ( 'NONE', #1162, 1000.000000000000114 ) ;
#1809 = CARTESIAN_POINT ( 'NONE',  ( 33.85000000000000142, 27.14999999999999858, -1.900000000000000577 ) ) ;
#1810 = CARTESIAN_POINT ( 'NONE',  ( 29.00000000000000000, 16.00000000000000000, -40.00000000000000000 ) ) ;
#1811 = EDGE_CURVE ( 'NONE', #1977, #1591, #600, .T. ) ;
#1812 = ORIENTED_EDGE ( 'NONE', *, *, #722, .T. ) ;
#1813 = VECTOR ( 'NONE', #831, 1000.000000000000114 ) ;
#1814 = CARTESIAN_POINT ( 'NONE',  ( 21.00000000000000000, -22.00000000000000000, -48.50000000000000000 ) ) ;
#1815 = FACE_OUTER_BOUND ( 'NONE', #1643, .T. ) ;
#1816 = VECTOR ( 'NONE', #71, 1000.000000000000114 ) ;
#1817 = ORIENTED_EDGE ( 'NONE', *, *, #694, .T. ) ;
#1818 = FACE_OUTER_BOUND ( 'NONE', #1101, .T. ) ;
#1819 = ORIENTED_EDGE ( 'NONE', *, *, #1910, .T. ) ;
#1820 = DIRECTION ( 'NONE',  ( 1.000000000000000000, 0.000000000000000000, 0.000000000000000000 ) ) ;
#1821 = CARTESIAN_POINT ( 'NONE',  ( 40.14999999999999858, -27.14999999999999858, -10.00000000000000000 ) ) ;
#1822 = LOCAL_TIME ( 18, 28, 58.00000000000000000, #225 ) ;
#1823 = VERTEX_POINT ( 'NONE', #1739 ) ;
#1824 = EDGE_CURVE ( 'NONE', #1299, #1469, #1899, .T. ) ;
#1825 = DIRECTION ( 'NONE',  ( -0.7071067811865474617, 0.7071067811865474617, 0.000000000000000000 ) ) ;
#1826 = DATE_AND_TIME ( #675, #580 ) ;
#1827 = ADVANCED_FACE ( 'NONE', ( #379 ), #2039, .T. ) ;
#1828 = DIRECTION ( 'NONE',  ( -0.7071067811865475727, -0.7071067811865475727, 0.000000000000000000 ) ) ;
#1829 = ORIENTED_EDGE ( 'NONE', *, *, #585, .T. ) ;
#1830 = EDGE_LOOP ( 'NONE', ( #2033, #356, #1939, #1798 ) ) ;
#1831 = PLANE ( 'NONE',  #2074 ) ;
#1832 = ORIENTED_EDGE ( 'NONE', *, *, #597, .T. ) ;
#1833 = DIRECTION ( 'NONE',  ( 0.000000000000000000, 0.000000000000000000, -1.000000000000000000 ) ) ;
#1834 = CARTESIAN_POINT ( 'NONE',  ( 33.25000000000000000, 22.75000000000000000, -1.899999999999999689 ) ) ;
#1835 = EDGE_LOOP ( 'NONE', ( #488, #476, #1444, #1538 ) ) ;
#1836 = EDGE_CURVE ( 'NONE', #1707, #496, #424, .T. ) ;
#1837 = EDGE_CURVE ( 'NONE', #2043, #1745, #746, .T. ) ;
#1838 = VECTOR ( 'NONE', #334, 1000.000000000000000 ) ;
#1839 = VERTEX_POINT ( 'NONE', #2052 ) ;
#1840 = CARTESIAN_POINT ( 'NONE',  ( 21.00000000000000000, -20.00000000000000000, -2.000000000000000000 ) ) ;
#1841 = VECTOR ( 'NONE', #1282, 1000.000000000000000 ) ;
#1842 = PLANE ( 'NONE',  #229 ) ;
#1843 = PERSON_AND_ORGANIZATION ( #1544, #1025 ) ;
#1844 = FACE_OUTER_BOUND ( 'NONE', #958, .T. ) ;
#1845 = ORIENTED_EDGE ( 'NONE', *, *, #1541, .T. ) ;
#1846 = DIRECTION ( 'NONE',  ( 0.000000000000000000, -0.000000000000000000, 1.000000000000000000 ) ) ;
#1847 = EDGE_CURVE ( 'NONE', #1265, #145, #895, .T. ) ;
#1848 = EDGE_LOOP ( 'NONE', ( #256, #977, #742, #539, #17, #2078, #1401, #186 ) ) ;
#1849 = FACE_OUTER_BOUND ( 'NONE', #1166, .T. ) ;
#1850 = DIRECTION ( 'NONE',  ( -1.000000000000000000, -0.000000000000000000, -0.000000000000000000 ) ) ;
#1851 = PERSON_AND_ORGANIZATION_ROLE ( 'creator' ) ;
#1852 = CARTESIAN_POINT ( 'NONE',  ( 45.00000000000000000, 32.00000000000000000, -10.00000000000000000 ) ) ;
#1853 = ORIENTED_EDGE ( 'NONE', *, *, #1847, .F. ) ;
#1854 = DIRECTION ( 'NONE',  ( 0.000000000000000000, 0.000000000000000000, -1.000000000000000000 ) ) ;
#1855 = ORIENTED_EDGE ( 'NONE', *, *, #790, .F. ) ;
#1856 = DIRECTION ( 'NONE',  ( 0.000000000000000000, 0.000000000000000000, -1.000000000000000000 ) ) ;
#1857 = EDGE_CURVE ( 'NONE', #1679, #1006, #1076, .T. ) ;
#1858 = DIRECTION ( 'NONE',  ( 0.7071067811865474617, -0.7071067811865474617, 0.000000000000000000 ) ) ;
#1859 = EDGE_LOOP ( 'NONE', ( #861, #1218, #238, #1704, #1871, #206 ) ) ;
#1860 = DIRECTION ( 'NONE',  ( 0.000000000000000000, -0.000000000000000000, 1.000000000000000000 ) ) ;
#1861 = VERTEX_POINT ( 'NONE', #1727 ) ;
#1862 = LINE ( 'NONE', #218, #1695 ) ;
#1863 = ORIENTED_EDGE ( 'NONE', *, *, #280, .T. ) ;
#1864 = CARTESIAN_POINT ( 'NONE',  ( 33.85000000000000142, 24.85000000000000142, -5.200000000000000178 ) ) ;
#1865 = VECTOR ( 'NONE', #829, 1000.000000000000000 ) ;
#1866 = FACE_BOUND ( 'NONE', #1848, .T. ) ;
#1867 = EDGE_CURVE ( 'NONE', #385, #20, #1374, .T. ) ;
#1868 = EDGE_LOOP ( 'NONE', ( #1803, #655, #1502, #344 ) ) ;
#1869 = CARTESIAN_POINT ( 'NONE',  ( 21.00000000000000000, 16.00000000000000000, -24.00000000000000000 ) ) ;
#1870 = AXIS2_PLACEMENT_3D ( 'NONE', #313, #303, #146 ) ;
#1871 = ORIENTED_EDGE ( 'NONE', *, *, #1837, .T. ) ;
#1872 = DIRECTION ( 'NONE',  ( 0.000000000000000000, 0.000000000000000000, 1.000000000000000000 ) ) ;
#1873 = EDGE_CURVE ( 'NONE', #1421, #1447, #1577, .T. ) ;
#1874 = AXIS2_PLACEMENT_3D ( 'NONE', #1473, #1598, #118 ) ;
#1875 = ORIENTED_EDGE ( 'NONE', *, *, #1398, .F. ) ;
#1876 = AXIS2_PLACEMENT_3D ( 'NONE', #955, #619, #442 ) ;
#1877 = CARTESIAN_POINT ( 'NONE',  ( 33.25000000000000000, 29.25000000000000000, -1.899999999999999689 ) ) ;
#1878 = LINE ( 'NONE', #1066, #679 ) ;
#1879 = LINE ( 'NONE', #1077, #2079 ) ;
#1880 = ORIENTED_EDGE ( 'NONE', *, *, #2019, .F. ) ;
#1881 = LINE ( 'NONE', #602, #159 ) ;
#1882 = ORIENTED_EDGE ( 'NONE', *, *, #1015, .T. ) ;
#1883 = CARTESIAN_POINT ( 'NONE',  ( 20.99999999999999645, -22.00000000000000000, -48.50000000000000000 ) ) ;
#1884 = VERTEX_POINT ( 'NONE', #1566 ) ;
#1885 = CC_DESIGN_APPROVAL ( #46, ( #2094 ) ) ;
#1886 = EDGE_CURVE ( 'NONE', #1304, #1207, #98, .T. ) ;
#1887 = DIRECTION ( 'NONE',  ( 0.000000000000000000, 0.000000000000000000, -1.000000000000000000 ) ) ;
#1888 = DIRECTION ( 'NONE',  ( 0.000000000000000000, 1.000000000000000000, -0.000000000000000000 ) ) ;
#1889 = CARTESIAN_POINT ( 'NONE',  ( 39.64999999999999858, 27.64999999999999858, -5.200000000000000178 ) ) ;
#1890 = EDGE_LOOP ( 'NONE', ( #440, #1764, #891, #2056, #1315, #1013, #410, #1078 ) ) ;
#1891 = LINE ( 'NONE', #1750, #743 ) ;
#1892 = ORIENTED_EDGE ( 'NONE', *, *, #86, .T. ) ;
#1893 = FACE_OUTER_BOUND ( 'NONE', #485, .T. ) ;
#1894 = ORIENTED_EDGE ( 'NONE', *, *, #1181, .T. ) ;
#1895 = EDGE_CURVE ( 'NONE', #708, #593, #758, .T. ) ;
#1896 = ADVANCED_FACE ( 'NONE', ( #1534 ), #1088, .T. ) ;
#1897 = CARTESIAN_POINT ( 'NONE',  ( 40.75000000000000000, -29.25000000000000000, -1.899999999999999689 ) ) ;
#1898 = ADVANCED_FACE ( 'NONE', ( #66 ), #727, .T. ) ;
#1899 = LINE ( 'NONE', #2031, #1219 ) ;
#1900 = LINE ( 'NONE', #1741, #1668 ) ;
#1901 = DIRECTION ( 'NONE',  ( 0.000000000000000000, -1.000000000000000000, 0.000000000000000000 ) ) ;
#1902 = VECTOR ( 'NONE', #1570, 1000.000000000000000 ) ;
#1903 = ORIENTED_EDGE ( 'NONE', *, *, #641, .T. ) ;
#1904 = VECTOR ( 'NONE', #269, 1000.000000000000000 ) ;
#1905 = LINE ( 'NONE', #773, #2016 ) ;
#1906 = ORIENTED_EDGE ( 'NONE', *, *, #1100, .F. ) ;
#1907 = VECTOR ( 'NONE', #366, 1000.000000000000114 ) ;
#1908 = AXIS2_PLACEMENT_3D ( 'NONE', #1165, #502, #945 ) ;
#1909 = DIRECTION ( 'NONE',  ( 0.000000000000000000, 0.000000000000000000, 1.000000000000000000 ) ) ;
#1910 = EDGE_CURVE ( 'NONE', #496, #92, #1878, .T. ) ;
#1911 = CLOSED_SHELL ( 'NONE', ( #615, #1130, #1242, #1957, #1898, #913, #2004, #1663, #1896, #359, #775, #399, #293, #547, #1322, #1941, #243, #183, #1609, #1344, #2116, #1967, #241, #1702, #267, #466, #1370, #1311, #535, #3, #2045, #421, #402, #1115, #1213, #946, #1740, #944, #215, #1490, #232, #1766, #697, #1969, #1636, #201, #13, #1075, #337, #48, #558, #30, #1554, #1712, #2100, #1914, #1172, #873, #710, #1253, #1085, #1827, #941, #1516, #534, #158, #318 ) ) ;
#1912 = DIRECTION ( 'NONE',  ( 0.000000000000000000, 0.000000000000000000, -1.000000000000000000 ) ) ;
#1913 = FACE_BOUND ( 'NONE', #1613, .T. ) ;
#1914 = ADVANCED_FACE ( 'NONE', ( #1289 ), #4, .T. ) ;
#1915 = CARTESIAN_POINT ( 'NONE',  ( 29.00000000000000000, -32.00000000000000000, -10.00000000000000000 ) ) ;
#1916 = ORIENTED_EDGE ( 'NONE', *, *, #1470, .F. ) ;
#1917 = ORIENTED_EDGE ( 'NONE', *, *, #1194, .F. ) ;
#1918 = CARTESIAN_POINT ( 'NONE',  ( 40.14999999999999858, -27.14999999999999858, -1.900000000000000577 ) ) ;
#1919 = ORIENTED_EDGE ( 'NONE', *, *, #169, .T. ) ;
#1920 = CARTESIAN_POINT ( 'NONE',  ( 40.75000000000000000, 22.75000000000000000, -1.899999999999999689 ) ) ;
#1921 = LOCAL_TIME ( 18, 28, 58.00000000000000000, #2025 ) ;
#1922 = CARTESIAN_POINT ( 'NONE',  ( 33.25000000000000000, -22.75000000000000000, -2.000000000000000000 ) ) ;
#1923 = CARTESIAN_POINT ( 'NONE',  ( 40.14999999999999858, -24.85000000000000142, -10.00000000000000000 ) ) ;
#1924 = DIRECTION ( 'NONE',  ( 0.000000000000000000, -1.000000000000000000, 0.000000000000000000 ) ) ;
#1925 = EDGE_CURVE ( 'NONE', #1299, #858, #140, .T. ) ;
#1926 = ORIENTED_EDGE ( 'NONE', *, *, #1310, .F. ) ;
#1927 = ORIENTED_EDGE ( 'NONE', *, *, #1184, .F. ) ;
#1928 = LINE ( 'NONE', #451, #1841 ) ;
#1929 =( NAMED_UNIT ( * ) PLANE_ANGLE_UNIT ( ) SI_UNIT ( $, .RADIAN. ) );
#1930 = ORIENTED_EDGE ( 'NONE', *, *, #1662, .T. ) ;
#1931 = LINE ( 'NONE', #454, #992 ) ;
#1932 = DIRECTION ( 'NONE',  ( 0.7071067811865474617, -0.7071067811865474617, 0.000000000000000000 ) ) ;
#1933 = CARTESIAN_POINT ( 'NONE',  ( 21.00000000000000000, 0.000000000000000000, 0.000000000000000000 ) ) ;
#1934 = PLANE ( 'NONE',  #96 ) ;
#1935 = DIRECTION ( 'NONE',  ( 0.000000000000000000, 0.000000000000000000, 1.000000000000000000 ) ) ;
#1936 = VERTEX_POINT ( 'NONE', #1461 ) ;
#1937 = VERTEX_POINT ( 'NONE', #1923 ) ;
#1938 = FACE_OUTER_BOUND ( 'NONE', #2001, .T. ) ;
#1939 = ORIENTED_EDGE ( 'NONE', *, *, #1551, .F. ) ;
#1940 = VECTOR ( 'NONE', #1122, 1000.000000000000000 ) ;
#1941 = ADVANCED_FACE ( 'NONE', ( #792 ), #982, .T. ) ;
#1942 = DIRECTION ( 'NONE',  ( 0.000000000000000000, -1.000000000000000000, 0.000000000000000000 ) ) ;
#1943 = VECTOR ( 'NONE', #2103, 1000.000000000000000 ) ;
#1944 = DIRECTION ( 'NONE',  ( 0.000000000000000000, 0.000000000000000000, -1.000000000000000000 ) ) ;
#1945 = FACE_BOUND ( 'NONE', #560, .T. ) ;
#1946 = VECTOR ( 'NONE', #1406, 1000.000000000000000 ) ;
#1947 = VECTOR ( 'NONE', #2108, 1000.000000000000000 ) ;
#1948 = CARTESIAN_POINT ( 'NONE',  ( 33.85000000000000142, 0.000000000000000000, -10.00000000000000000 ) ) ;
#1949 = CARTESIAN_POINT ( 'NONE',  ( 41.75000000000000000, -23.75000000000000000, -5.200000000000000178 ) ) ;
#1950 = ORIENTED_EDGE ( 'NONE', *, *, #2083, .T. ) ;
#1951 = VERTEX_POINT ( 'NONE', #456 ) ;
#1952 = CARTESIAN_POINT ( 'NONE',  ( 29.00000000000000000, 20.00000000000000000, -10.00000000000000000 ) ) ;
#1953 = DIRECTION ( 'NONE',  ( -1.000000000000000000, 0.000000000000000000, -0.000000000000000000 ) ) ;
#1954 = ORIENTED_EDGE ( 'NONE', *, *, #843, .F. ) ;
#1955 = EDGE_CURVE ( 'NONE', #2028, #114, #1450, .T. ) ;
#1956 = FACE_BOUND ( 'NONE', #1114, .T. ) ;
#1957 = ADVANCED_FACE ( 'NONE', ( #1107 ), #1785, .T. ) ;
#1958 = CARTESIAN_POINT ( 'NONE',  ( 29.00000000000000000, -16.00000000000000000, -40.00000000000000000 ) ) ;
#1959 = PLANE ( 'NONE',  #197 ) ;
#1960 = CARTESIAN_POINT ( 'NONE',  ( 16.75150000000000006, 0.000000000000000000, 0.000000000000000000 ) ) ;
#1961 = ORIENTED_EDGE ( 'NONE', *, *, #1530, .T. ) ;
#1962 = DIRECTION ( 'NONE',  ( 1.000000000000000000, 0.000000000000000000, 0.000000000000000000 ) ) ;
#1963 = CARTESIAN_POINT ( 'NONE',  ( 39.64999999999999858, -24.35000000000000142, -10.00000000000000000 ) ) ;
#1964 = VERTEX_POINT ( 'NONE', #2122 ) ;
#1965 = DIRECTION ( 'NONE',  ( -0.7071067811865474617, 0.7071067811865474617, 0.000000000000000000 ) ) ;
#1966 = ORIENTED_EDGE ( 'NONE', *, *, #1749, .T. ) ;
#1967 = ADVANCED_FACE ( 'NONE', ( #1748, #1913, #623, #1945, #150 ), #1632, .F. ) ;
#1968 = DIRECTION ( 'NONE',  ( -1.000000000000000000, 0.000000000000000000, 0.000000000000000000 ) ) ;
#1969 = ADVANCED_FACE ( 'NONE', ( #1119 ), #827, .F. ) ;
#1970 = LINE ( 'NONE', #1635, #2123 ) ;
#1971 = LINE ( 'NONE', #495, #709 ) ;
#1972 = ORIENTED_EDGE ( 'NONE', *, *, #1184, .T. ) ;
#1973 = DIRECTION ( 'NONE',  ( -1.000000000000000000, -0.000000000000000000, -0.000000000000000000 ) ) ;
#1974 = DIRECTION ( 'NONE',  ( 0.000000000000000000, -1.000000000000000000, -0.000000000000000000 ) ) ;
#1975 = EDGE_LOOP ( 'NONE', ( #1280, #846, #571, #2114 ) ) ;
#1976 = CARTESIAN_POINT ( 'NONE',  ( 33.85000000000000142, 27.14999999999999858, -10.00000000000000000 ) ) ;
#1977 = VERTEX_POINT ( 'NONE', #1771 ) ;
#1978 = VECTOR ( 'NONE', #132, 1000.000000000000000 ) ;
#1979 = VECTOR ( 'NONE', #537, 1000.000000000000114 ) ;
#1980 = EDGE_CURVE ( 'NONE', #1265, #289, #2109, .T. ) ;
#1981 = FACE_OUTER_BOUND ( 'NONE', #246, .T. ) ;
#1982 = DIRECTION ( 'NONE',  ( 0.000000000000000000, -0.000000000000000000, 1.000000000000000000 ) ) ;
#1983 = EDGE_CURVE ( 'NONE', #145, #1006, #949, .T. ) ;
#1984 = ORIENTED_EDGE ( 'NONE', *, *, #2069, .T. ) ;
#1985 = VECTOR ( 'NONE', #1738, 1000.000000000000114 ) ;
#1986 = CARTESIAN_POINT ( 'NONE',  ( 41.75000000000000000, -23.75000000000000000, -2.000000000000000000 ) ) ;
#1987 = PERSON_AND_ORGANIZATION_ROLE ( 'classification_officer' ) ;
#1988 = DIRECTION ( 'NONE',  ( 1.000000000000000000, 0.000000000000000000, 0.000000000000000000 ) ) ;
#1989 = EDGE_LOOP ( 'NONE', ( #1630, #1628, #1271, #10 ) ) ;
#1990 = DIRECTION ( 'NONE',  ( -1.000000000000000000, 0.000000000000000000, 0.000000000000000000 ) ) ;
#1991 = CARTESIAN_POINT ( 'NONE',  ( 45.00000000000000000, -32.00000000000000000, -2.000000000000000000 ) ) ;
#1992 = ORIENTED_EDGE ( 'NONE', *, *, #933, .F. ) ;
#1993 = LINE ( 'NONE', #39, #677 ) ;
#1994 = EDGE_CURVE ( 'NONE', #617, #1002, #1586, .T. ) ;
#1995 = APPLICATION_PROTOCOL_DEFINITION ( 'international standard', 'config_control_design', 1994, #699 ) ;
#1996 = CARTESIAN_POINT ( 'NONE',  ( 20.99999999999999645, 22.00000000000000000, -44.70000000000000284 ) ) ;
#1997 = EDGE_CURVE ( 'NONE', #806, #1399, #1429, .T. ) ;
#1998 = ORIENTED_EDGE ( 'NONE', *, *, #971, .F. ) ;
#1999 = VERTEX_POINT ( 'NONE', #635 ) ;
#2000 = CARTESIAN_POINT ( 'NONE',  ( 21.00000000000000000, 20.00000000000000000, -2.000000000000000000 ) ) ;
#2001 = EDGE_LOOP ( 'NONE', ( #7, #461, #1700, #1601 ) ) ;
#2002 = DIRECTION ( 'NONE',  ( 0.000000000000000000, 0.000000000000000000, -1.000000000000000000 ) ) ;
#2003 = SHAPE_DEFINITION_REPRESENTATION ( #1621, #1174 ) ;
#2004 = ADVANCED_FACE ( 'NONE', ( #937 ), #472, .T. ) ;
#2005 = PLANE ( 'NONE',  #330 ) ;
#2006 = VERTEX_POINT ( 'NONE', #1268 ) ;
#2007 = EDGE_CURVE ( 'NONE', #986, #178, #1619, .T. ) ;
#2008 = VECTOR ( 'NONE', #392, 1000.000000000000000 ) ;
#2009 = LINE ( 'NONE', #1196, #161 ) ;
#2010 = ORIENTED_EDGE ( 'NONE', *, *, #1697, .T. ) ;
#2011 = VECTOR ( 'NONE', #2024, 1000.000000000000000 ) ;
#2012 = CARTESIAN_POINT ( 'NONE',  ( 40.75000000000000000, 22.75000000000000000, -5.200000000000000178 ) ) ;
#2013 = VECTOR ( 'NONE', #676, 1000.000000000000000 ) ;
#2014 = CARTESIAN_POINT ( 'NONE',  ( 20.99999999999999645, -5.000000000000000000, -21.00000000000000000 ) ) ;
#2015 = DATE_TIME_ROLE ( 'classification_date' ) ;
#2016 = VECTOR ( 'NONE', #563, 1000.000000000000114 ) ;
#2017 = DIRECTION ( 'NONE',  ( 0.000000000000000000, -0.000000000000000000, 1.000000000000000000 ) ) ;
#2018 = ORIENTED_EDGE ( 'NONE', *, *, #127, .F. ) ;
#2019 = EDGE_CURVE ( 'NONE', #1250, #1823, #317, .T. ) ;
#2020 = EDGE_CURVE ( 'NONE', #2047, #450, #1153, .T. ) ;
#2021 = CARTESIAN_POINT ( 'NONE',  ( 39.64999999999999858, -27.64999999999999858, -1.900000000000000577 ) ) ;
#2022 = DIRECTION ( 'NONE',  ( 0.000000000000000000, -1.000000000000000000, 0.000000000000000000 ) ) ;
#2023 = CARTESIAN_POINT ( 'NONE',  ( 32.25000000000000000, -28.25000000000000000, -5.200000000000000178 ) ) ;
#2024 = DIRECTION ( 'NONE',  ( -1.000000000000000000, 0.000000000000000000, 0.000000000000000000 ) ) ;
#2025 = COORDINATED_UNIVERSAL_TIME_OFFSET ( 8, 0, .AHEAD. ) ;
#2026 = ORIENTED_EDGE ( 'NONE', *, *, #270, .T. ) ;
#2027 = LINE ( 'NONE', #531, #1807 ) ;
#2028 = VERTEX_POINT ( 'NONE', #492 ) ;
#2029 = CARTESIAN_POINT ( 'NONE',  ( 40.14999999999999858, 24.85000000000000142, -10.00000000000000000 ) ) ;
#2030 = ORIENTED_EDGE ( 'NONE', *, *, #86, .F. ) ;
#2031 = CARTESIAN_POINT ( 'NONE',  ( 41.75000000000000000, 0.000000000000000000, -2.000000000000000000 ) ) ;
#2032 = DIRECTION ( 'NONE',  ( 0.000000000000000000, 1.000000000000000000, 0.000000000000000000 ) ) ;
#2033 = ORIENTED_EDGE ( 'NONE', *, *, #1762, .T. ) ;
#2034 = LINE ( 'NONE', #592, #706 ) ;
#2035 = ORIENTED_EDGE ( 'NONE', *, *, #384, .T. ) ;
#2036 = DIRECTION ( 'NONE',  ( 0.000000000000000000, 0.000000000000000000, -1.000000000000000000 ) ) ;
#2037 = ORIENTED_EDGE ( 'NONE', *, *, #104, .F. ) ;
#2038 = LINE ( 'NONE', #914, #1195 ) ;
#2039 = PLANE ( 'NONE',  #287 ) ;
#2040 = EDGE_CURVE ( 'NONE', #1977, #986, #314, .T. ) ;
#2041 = VECTOR ( 'NONE', #1182, 1000.000000000000000 ) ;
#2042 = DIRECTION ( 'NONE',  ( 0.000000000000000000, 0.000000000000000000, -1.000000000000000000 ) ) ;
#2043 = VERTEX_POINT ( 'NONE', #1149 ) ;
#2044 = FACE_OUTER_BOUND ( 'NONE', #765, .T. ) ;
#2045 = ADVANCED_FACE ( 'NONE', ( #338 ), #2104, .F. ) ;
#2046 = AXIS2_PLACEMENT_3D ( 'NONE', #123, #1753, #1626 ) ;
#2047 = VERTEX_POINT ( 'NONE', #630 ) ;
#2048 = CARTESIAN_POINT ( 'NONE',  ( 16.75150000000000006, -14.00000000000000000, -44.70000000000000284 ) ) ;
#2049 = ORIENTED_EDGE ( 'NONE', *, *, #632, .T. ) ;
#2050 = AXIS2_PLACEMENT_3D ( 'NONE', #670, #1820, #15 ) ;
#2051 = CARTESIAN_POINT ( 'NONE',  ( 21.00000000000000000, -32.00000000000000000, -2.000000000000000000 ) ) ;
#2052 = CARTESIAN_POINT ( 'NONE',  ( 21.00000000000000000, -32.00000000000000000, -54.00000000000000000 ) ) ;
#2053 = CARTESIAN_POINT ( 'NONE',  ( 32.25000000000000000, -23.75000000000000000, -1.899999999999999689 ) ) ;
#2054 = VERTEX_POINT ( 'NONE', #487 ) ;
#2055 = CARTESIAN_POINT ( 'NONE',  ( 21.00000000000000000, 16.00000000000000000, -40.00000000000000000 ) ) ;
#2056 = ORIENTED_EDGE ( 'NONE', *, *, #228, .F. ) ;
#2057 = CARTESIAN_POINT ( 'NONE',  ( 21.00000000000000000, 20.00000000000000000, -2.000000000000000000 ) ) ;
#2058 = ORIENTED_EDGE ( 'NONE', *, *, #933, .T. ) ;
#2059 = CARTESIAN_POINT ( 'NONE',  ( 32.25000000000000000, 28.25000000000000000, -1.899999999999999689 ) ) ;
#2060 = DIRECTION ( 'NONE',  ( 0.7071067811865475727, -0.7071067811865475727, 0.000000000000000000 ) ) ;
#2061 = FACE_OUTER_BOUND ( 'NONE', #1760, .T. ) ;
#2062 = VERTEX_POINT ( 'NONE', #1800 ) ;
#2063 = CARTESIAN_POINT ( 'NONE',  ( 16.75150000000000006, 0.000000000000000000, 0.000000000000000000 ) ) ;
#2064 = ORIENTED_EDGE ( 'NONE', *, *, #412, .T. ) ;
#2065 = LINE ( 'NONE', #249, #60 ) ;
#2066 = VERTEX_POINT ( 'NONE', #1651 ) ;
#2067 = EDGE_CURVE ( 'NONE', #879, #194, #1306, .T. ) ;
#2068 = DIRECTION ( 'NONE',  ( -1.000000000000000000, -0.000000000000000000, -0.000000000000000000 ) ) ;
#2069 = EDGE_CURVE ( 'NONE', #1591, #178, #797, .T. ) ;
#2070 = LINE ( 'NONE', #566, #1737 ) ;
#2071 = CARTESIAN_POINT ( 'NONE',  ( 34.35000000000000142, 27.64999999999999858, -1.900000000000000577 ) ) ;
#2072 = DIRECTION ( 'NONE',  ( 0.000000000000000000, 0.000000000000000000, 1.000000000000000000 ) ) ;
#2073 = CARTESIAN_POINT ( 'NONE',  ( 41.75000000000000000, 23.75000000000000000, -2.000000000000000000 ) ) ;
#2074 = AXIS2_PLACEMENT_3D ( 'NONE', #1342, #45, #177 ) ;
#2075 = ORIENTED_EDGE ( 'NONE', *, *, #855, .F. ) ;
#2076 = VERTEX_POINT ( 'NONE', #1963 ) ;
#2077 = DIRECTION ( 'NONE',  ( 0.000000000000000000, -0.000000000000000000, 1.000000000000000000 ) ) ;
#2078 = ORIENTED_EDGE ( 'NONE', *, *, #1073, .F. ) ;
#2079 = VECTOR ( 'NONE', #1728, 1000.000000000000000 ) ;
#2080 = VECTOR ( 'NONE', #61, 1000.000000000000000 ) ;
#2081 = PLANE ( 'NONE',  #125 ) ;
#2082 = AXIS2_PLACEMENT_3D ( 'NONE', #1291, #1646, #813 ) ;
#2083 = EDGE_CURVE ( 'NONE', #969, #795, #156, .T. ) ;
#2084 = VECTOR ( 'NONE', #925, 1000.000000000000000 ) ;
#2085 = DIRECTION ( 'NONE',  ( 0.000000000000000000, 0.000000000000000000, -1.000000000000000000 ) ) ;
#2086 = DIRECTION ( 'NONE',  ( -0.7071067811865475727, -0.7071067811865475727, 0.000000000000000000 ) ) ;
#2087 = EDGE_CURVE ( 'NONE', #80, #1533, #989, .T. ) ;
#2088 = CARTESIAN_POINT ( 'NONE',  ( 41.75000000000000000, -23.75000000000000000, -1.899999999999999689 ) ) ;
#2089 = ORIENTED_EDGE ( 'NONE', *, *, #480, .T. ) ;
#2090 = ORIENTED_EDGE ( 'NONE', *, *, #1372, .T. ) ;
#2091 = LINE ( 'NONE', #462, #680 ) ;
#2092 = VERTEX_POINT ( 'NONE', #820 ) ;
#2093 = DIRECTION ( 'NONE',  ( 0.000000000000000000, -0.000000000000000000, -1.000000000000000000 ) ) ;
#2094 = SECURITY_CLASSIFICATION ( '', '', #1329 ) ;
#2095 = DIRECTION ( 'NONE',  ( 0.000000000000000000, -0.000000000000000000, -1.000000000000000000 ) ) ;
#2096 = DIRECTION ( 'NONE',  ( 0.000000000000000000, 0.000000000000000000, -1.000000000000000000 ) ) ;
#2097 = EDGE_CURVE ( 'NONE', #858, #1336, #979, .T. ) ;
#2098 = PLANE ( 'NONE',  #647 ) ;
#2099 = CARTESIAN_POINT ( 'NONE',  ( 41.75000000000000000, -28.25000000000000000, -5.200000000000000178 ) ) ;
#2100 = ADVANCED_FACE ( 'NONE', ( #808 ), #1127, .T. ) ;
#2101 = VERTEX_POINT ( 'NONE', #1779 ) ;
#2102 = EDGE_LOOP ( 'NONE', ( #852, #783, #133, #1589 ) ) ;
#2103 = DIRECTION ( 'NONE',  ( 0.000000000000000000, -1.000000000000000000, 0.000000000000000000 ) ) ;
#2104 = PLANE ( 'NONE',  #605 ) ;
#2105 = EDGE_LOOP ( 'NONE', ( #1645, #38, #1992, #1237 ) ) ;
#2106 = PLANE ( 'NONE',  #1908 ) ;
#2107 = PRODUCT ( 'P04_Body_bridge', 'P04_Body_bridge', '', ( #968 ) ) ;
#2108 = DIRECTION ( 'NONE',  ( 0.000000000000000000, 1.000000000000000000, 0.000000000000000000 ) ) ;
#2109 = LINE ( 'NONE', #285, #261 ) ;
#2110 = DIRECTION ( 'NONE',  ( -1.000000000000000000, 0.000000000000000000, 0.000000000000000000 ) ) ;
#2111 = CC_DESIGN_PERSON_AND_ORGANIZATION_ASSIGNMENT ( #530, #1851, ( #73 ) ) ;
#2112 = FACE_OUTER_BOUND ( 'NONE', #1776, .T. ) ;
#2113 = ORIENTED_EDGE ( 'NONE', *, *, #1513, .T. ) ;
#2114 = ORIENTED_EDGE ( 'NONE', *, *, #1111, .T. ) ;
#2115 = DIRECTION ( 'NONE',  ( 1.000000000000000000, 0.000000000000000000, -0.000000000000000000 ) ) ;
#2116 = ADVANCED_FACE ( 'NONE', ( #1815 ), #463, .F. ) ;
#2117 = ORIENTED_EDGE ( 'NONE', *, *, #1782, .F. ) ;
#2118 = VECTOR ( 'NONE', #1647, 1000.000000000000000 ) ;
#2119 = FACE_OUTER_BOUND ( 'NONE', #940, .T. ) ;
#2120 = VECTOR ( 'NONE', #785, 1000.000000000000000 ) ;
#2121 = PLANE ( 'NONE',  #165 ) ;
#2122 = CARTESIAN_POINT ( 'NONE',  ( 21.00000000000000000, -22.00000000000000000, -44.70000000000000284 ) ) ;
#2123 = VECTOR ( 'NONE', #494, 1000.000000000000000 ) ;
#2124 = CARTESIAN_POINT ( 'NONE',  ( 20.99999999999999645, 5.000000000000000000, -21.00000000000000000 ) ) ;
#2125 = DIRECTION ( 'NONE',  ( 0.000000000000000000, -1.000000000000000000, -0.000000000000000000 ) ) ;
#2126 = ORIENTED_EDGE ( 'NONE', *, *, #1592, .T. ) ;
#2127 = LINE ( 'NONE', #1918, #91 ) ;
#2128 = CARTESIAN_POINT ( 'NONE',  ( 29.00000000000000000, -16.00000000000000000, -24.00000000000000000 ) ) ;
#2129 = ORIENTED_EDGE ( 'NONE', *, *, #867, .T. ) ;
ENDSEC;
END-ISO-10303-21;
