ISO-10303-21;
HEADER;
/* Generated by software containing ST-Developer
 * from STEP Tools, Inc. (www.steptools.com) 
 */
/* OPTION: using custom schema-name function */

FILE_DESCRIPTION(
/* description */ (''),
/* implementation_level */ '2;1');

FILE_NAME(
/* name */ 'Body_Frame.stp',
/* time_stamp */ '2026-09-11T23:20:00+08:00',
/* author */ (''),
/* organization */ (''),
/* preprocessor_version */ 'ST-DEVELOPER v20',
/* originating_system */ 'SIEMENS PLM Software NX2406.1700',
/* authorisation */ '');

FILE_SCHEMA (('AP203_CONFIGURATION_CONTROLLED_3D_DESIGN_OF_MECHANICAL_PARTS_AND_ASSEMBLIES_MIM_LF { 1 0 10303 403 2 1 2}'));
ENDSEC;

DATA;
#10=PROPERTY_DEFINITION_REPRESENTATION(#14,#12);
#11=PROPERTY_DEFINITION_REPRESENTATION(#15,#13);
#12=REPRESENTATION('',(#16),#15980);
#13=REPRESENTATION('',(#17),#15980);
#14=PROPERTY_DEFINITION('pmi validation property','',#73);
#15=PROPERTY_DEFINITION('pmi validation property','',#73);
#16=VALUE_REPRESENTATION_ITEM('number of annotations',COUNT_MEASURE(0.));
#17=VALUE_REPRESENTATION_ITEM('number of views',COUNT_MEASURE(0.));
#18=SHAPE_REPRESENTATION_RELATIONSHIP('None',
'relationship between Body_asm_objects-None and Body_asm_objects-None',
#84,#19);
#19=ADVANCED_BREP_SHAPE_REPRESENTATION('Body_asm_objects-None',(#1509,#1510,
#1511,#1512,#1513,#1514,#1515),#15980);
#20=APPLIED_APPROVAL_ASSIGNMENT(#32,(#74));
#21=APPLIED_APPROVAL_ASSIGNMENT(#33,(#76));
#22=APPLIED_APPROVAL_ASSIGNMENT(#34,(#46));
#23=APPROVAL_PERSON_ORGANIZATION(#38,#32,#26);
#24=APPROVAL_PERSON_ORGANIZATION(#39,#33,#27);
#25=APPROVAL_PERSON_ORGANIZATION(#40,#34,#28);
#26=APPROVAL_ROLE('approver');
#27=APPROVAL_ROLE('approver');
#28=APPROVAL_ROLE('approver');
#29=APPROVAL_DATE_TIME(#54,#32);
#30=APPROVAL_DATE_TIME(#55,#33);
#31=APPROVAL_DATE_TIME(#56,#34);
#32=APPROVAL(#35,' ');
#33=APPROVAL(#36,' ');
#34=APPROVAL(#37,' ');
#35=APPROVAL_STATUS('not_yet_approved');
#36=APPROVAL_STATUS('not_yet_approved');
#37=APPROVAL_STATUS('not_yet_approved');
#38=PERSON_AND_ORGANIZATION(#44,#41);
#39=PERSON_AND_ORGANIZATION(#44,#42);
#40=PERSON_AND_ORGANIZATION(#44,#43);
#41=ORGANIZATION(' ',' ',' ');
#42=ORGANIZATION(' ',' ',' ');
#43=ORGANIZATION(' ',' ',' ');
#44=PERSON(' ',' ',' ',(' '),$,$);
#45=APPLIED_SECURITY_CLASSIFICATION_ASSIGNMENT(#46,(#76));
#46=SECURITY_CLASSIFICATION(' ',' ',#47);
#47=SECURITY_CLASSIFICATION_LEVEL('confidential');
#48=APPLIED_DATE_AND_TIME_ASSIGNMENT(#52,#50,(#74));
#49=APPLIED_DATE_AND_TIME_ASSIGNMENT(#53,#51,(#46));
#50=DATE_TIME_ROLE('creation_date');
#51=DATE_TIME_ROLE('classification_date');
#52=DATE_AND_TIME(#67,#57);
#53=DATE_AND_TIME(#68,#58);
#54=DATE_AND_TIME(#69,#59);
#55=DATE_AND_TIME(#70,#60);
#56=DATE_AND_TIME(#71,#61);
#57=LOCAL_TIME(0,0,0.,#62);
#58=LOCAL_TIME(0,0,0.,#63);
#59=LOCAL_TIME(0,0,0.,#64);
#60=LOCAL_TIME(0,0,0.,#65);
#61=LOCAL_TIME(0,0,0.,#66);
#62=COORDINATED_UNIVERSAL_TIME_OFFSET(0,0,.BEHIND.);
#63=COORDINATED_UNIVERSAL_TIME_OFFSET(0,0,.BEHIND.);
#64=COORDINATED_UNIVERSAL_TIME_OFFSET(0,0,.BEHIND.);
#65=COORDINATED_UNIVERSAL_TIME_OFFSET(0,0,.BEHIND.);
#66=COORDINATED_UNIVERSAL_TIME_OFFSET(0,0,.BEHIND.);
#67=CALENDAR_DATE(0,1,1);
#68=CALENDAR_DATE(0,1,1);
#69=CALENDAR_DATE(0,1,1);
#70=CALENDAR_DATE(0,1,1);
#71=CALENDAR_DATE(0,1,1);
#72=SHAPE_DEFINITION_REPRESENTATION(#73,#84);
#73=PRODUCT_DEFINITION_SHAPE('','',#74);
#74=PRODUCT_DEFINITION(' ','',#76,#75);
#75=PRODUCT_DEFINITION_CONTEXT('part definition',#83,'design');
#76=PRODUCT_DEFINITION_FORMATION_WITH_SPECIFIED_SOURCE(' ',' ',#78,
 .NOT_KNOWN.);
#77=PRODUCT_RELATED_PRODUCT_CATEGORY('detail','',(#78));
#78=PRODUCT('Body_asm_objects','Body_asm_objects',' ',(#81));
#79=PRODUCT_CATEGORY('part',' ');
#80=PRODUCT_CATEGORY(' ','');
#81=PRODUCT_CONTEXT(' ',#83,'mechanical');
#82=APPLICATION_PROTOCOL_DEFINITION('international standard',
'config_control_design',2010,#83);
#83=APPLICATION_CONTEXT(
'configuration controlled 3D designs of mechanical parts and assemblie
s');
#84=SHAPE_REPRESENTATION('Body_asm_objects-None',(#8942),#15980);
#85=(
BOUNDED_SURFACE()
B_SPLINE_SURFACE(3,2,((#15615,#15616,#15617),(#15618,#15619,#15620),(#15621,
#15622,#15623),(#15624,#15625,#15626),(#15627,#15628,#15629),(#15630,#15631,
#15632),(#15633,#15634,#15635),(#15636,#15637,#15638)),.UNSPECIFIED.,.F.,
 .F.,.F.)
B_SPLINE_SURFACE_WITH_KNOTS((4,2,2,4),(3,3),(0.,0.25,0.5,1.),(0.,1.),
 .UNSPECIFIED.)
GEOMETRIC_REPRESENTATION_ITEM()
RATIONAL_B_SPLINE_SURFACE(((1.,0.707106781186548,1.),(1.,0.711437838678775,
1.),(1.,0.744066067123106,1.),(1.,0.819317734964075,1.),(1.,0.860345324159907,
1.),(1.,0.962273746770348,1.),(1.,1.00034496467823,1.),(1.,1.,1.)))
REPRESENTATION_ITEM('')
SURFACE()
);
#86=(
BOUNDED_SURFACE()
B_SPLINE_SURFACE(3,2,((#15701,#15702,#15703),(#15704,#15705,#15706),(#15707,
#15708,#15709),(#15710,#15711,#15712),(#15713,#15714,#15715),(#15716,#15717,
#15718),(#15719,#15720,#15721),(#15722,#15723,#15724)),.UNSPECIFIED.,.F.,
 .F.,.F.)
B_SPLINE_SURFACE_WITH_KNOTS((4,2,2,4),(3,3),(0.,0.25,0.5,1.),(0.,1.),
 .UNSPECIFIED.)
GEOMETRIC_REPRESENTATION_ITEM()
RATIONAL_B_SPLINE_SURFACE(((1.,0.707106781186547,1.),(1.,0.711437838678776,
1.),(1.,0.744066067123105,1.),(1.,0.819317734964074,1.),(1.,0.860345324160007,
1.),(1.,0.962273746770148,1.),(1.,1.00034496467838,1.),(1.,1.,1.)))
REPRESENTATION_ITEM('')
SURFACE()
);
#87=(
BOUNDED_SURFACE()
B_SPLINE_SURFACE(3,2,((#15726,#15727,#15728),(#15729,#15730,#15731),(#15732,
#15733,#15734),(#15735,#15736,#15737)),.UNSPECIFIED.,.F.,.F.,.F.)
B_SPLINE_SURFACE_WITH_KNOTS((4,4),(3,3),(0.,1.),(0.,1.),.UNSPECIFIED.)
GEOMETRIC_REPRESENTATION_ITEM()
RATIONAL_B_SPLINE_SURFACE(((1.,0.707106781186545,1.),(1.,0.868388712851958,
1.),(1.,1.00286059351232,1.),(1.,1.,1.)))
REPRESENTATION_ITEM('')
SURFACE()
);
#88=(
BOUNDED_SURFACE()
B_SPLINE_SURFACE(3,2,((#15739,#15740,#15741),(#15742,#15743,#15744),(#15745,
#15746,#15747),(#15748,#15749,#15750)),.UNSPECIFIED.,.F.,.F.,.F.)
B_SPLINE_SURFACE_WITH_KNOTS((4,4),(3,3),(0.,1.),(0.,1.),.UNSPECIFIED.)
GEOMETRIC_REPRESENTATION_ITEM()
RATIONAL_B_SPLINE_SURFACE(((1.,0.707106781186552,1.),(1.,0.868388712851972,
1.),(1.,1.00286059351232,1.),(1.,1.,1.)))
REPRESENTATION_ITEM('')
SURFACE()
);
#89=(
BOUNDED_SURFACE()
B_SPLINE_SURFACE(3,2,((#15785,#15786,#15787),(#15788,#15789,#15790),(#15791,
#15792,#15793),(#15794,#15795,#15796)),.UNSPECIFIED.,.F.,.F.,.F.)
B_SPLINE_SURFACE_WITH_KNOTS((4,4),(3,3),(0.,1.),(0.,1.),.UNSPECIFIED.)
GEOMETRIC_REPRESENTATION_ITEM()
RATIONAL_B_SPLINE_SURFACE(((1.,1.,1.),(1.,1.00045408988616,1.),(1.,0.924593655827504,
1.),(1.,0.841625411530178,1.)))
REPRESENTATION_ITEM('')
SURFACE()
);
#90=(
BOUNDED_SURFACE()
B_SPLINE_SURFACE(3,2,((#15799,#15800,#15801),(#15802,#15803,#15804),(#15805,
#15806,#15807),(#15808,#15809,#15810)),.UNSPECIFIED.,.F.,.F.,.F.)
B_SPLINE_SURFACE_WITH_KNOTS((4,4),(3,3),(0.,1.),(0.,1.),.UNSPECIFIED.)
GEOMETRIC_REPRESENTATION_ITEM()
RATIONAL_B_SPLINE_SURFACE(((1.,1.,1.),(1.,1.00045408988612,1.),(1.,0.924593655827323,
1.),(1.,0.84162541153009,1.)))
REPRESENTATION_ITEM('')
SURFACE()
);
#91=(
BOUNDED_SURFACE()
B_SPLINE_SURFACE(3,2,((#15812,#15813,#15814),(#15815,#15816,#15817),(#15818,
#15819,#15820),(#15821,#15822,#15823)),.UNSPECIFIED.,.F.,.F.,.F.)
B_SPLINE_SURFACE_WITH_KNOTS((4,4),(3,3),(0.,1.),(0.,1.),.UNSPECIFIED.)
GEOMETRIC_REPRESENTATION_ITEM()
RATIONAL_B_SPLINE_SURFACE(((1.,0.707106781186548,1.),(1.,0.868388712852009,
1.),(1.,1.0028605935123,1.),(1.,1.,1.)))
REPRESENTATION_ITEM('')
SURFACE()
);
#92=(
BOUNDED_SURFACE()
B_SPLINE_SURFACE(3,3,((#15827,#15828,#15829,#15830),(#15831,#15832,#15833,
#15834),(#15835,#15836,#15837,#15838),(#15839,#15840,#15841,#15842)),
 .UNSPECIFIED.,.F.,.F.,.F.)
B_SPLINE_SURFACE_WITH_KNOTS((4,4),(4,4),(0.,1.),(0.,1.),.UNSPECIFIED.)
GEOMETRIC_REPRESENTATION_ITEM()
RATIONAL_B_SPLINE_SURFACE(((1.,0.804737854124365,0.804737854124365,1.),
(0.804737854124363,0.647603013860686,0.647603013860686,0.804737854124363),
(0.804737854124363,0.647603013860686,0.647603013860686,0.804737854124363),
(1.,0.804737854124365,0.804737854124365,1.)))
REPRESENTATION_ITEM('')
SURFACE()
);
#93=(
BOUNDED_SURFACE()
B_SPLINE_SURFACE(3,2,((#15850,#15851,#15852),(#15853,#15854,#15855),(#15856,
#15857,#15858),(#15859,#15860,#15861)),.UNSPECIFIED.,.F.,.F.,.F.)
B_SPLINE_SURFACE_WITH_KNOTS((4,4),(3,3),(0.,1.),(0.,1.),.UNSPECIFIED.)
GEOMETRIC_REPRESENTATION_ITEM()
RATIONAL_B_SPLINE_SURFACE(((1.,0.758287544405153,1.),(1.,0.758375672275349,
1.),(1.,0.740381255625908,1.),(1.,0.707106781186549,1.)))
REPRESENTATION_ITEM('')
SURFACE()
);
#94=(
BOUNDED_SURFACE()
B_SPLINE_SURFACE(3,2,((#15865,#15866,#15867),(#15868,#15869,#15870),(#15871,
#15872,#15873),(#15874,#15875,#15876)),.UNSPECIFIED.,.F.,.F.,.F.)
B_SPLINE_SURFACE_WITH_KNOTS((4,4),(3,3),(0.,1.),(0.,1.),.UNSPECIFIED.)
GEOMETRIC_REPRESENTATION_ITEM()
RATIONAL_B_SPLINE_SURFACE(((1.,0.758287544405161,1.),(1.,0.758375672275355,
1.),(1.,0.740381255625915,1.),(1.,0.707106781186549,1.)))
REPRESENTATION_ITEM('')
SURFACE()
);
#95=(
BOUNDED_SURFACE()
B_SPLINE_SURFACE(3,2,((#15888,#15889,#15890),(#15891,#15892,#15893),(#15894,
#15895,#15896),(#15897,#15898,#15899)),.UNSPECIFIED.,.F.,.F.,.F.)
B_SPLINE_SURFACE_WITH_KNOTS((4,4),(3,3),(0.,1.),(0.,1.),.UNSPECIFIED.)
GEOMETRIC_REPRESENTATION_ITEM()
RATIONAL_B_SPLINE_SURFACE(((1.,0.758287544405147,1.),(1.,0.758375672275343,
1.),(1.,0.740381255625904,1.),(1.,0.707106781186547,1.)))
REPRESENTATION_ITEM('')
SURFACE()
);
#96=(
BOUNDED_SURFACE()
B_SPLINE_SURFACE(3,2,((#15903,#15904,#15905),(#15906,#15907,#15908),(#15909,
#15910,#15911),(#15912,#15913,#15914)),.UNSPECIFIED.,.F.,.F.,.F.)
B_SPLINE_SURFACE_WITH_KNOTS((4,4),(3,3),(0.,1.),(0.,1.),.UNSPECIFIED.)
GEOMETRIC_REPRESENTATION_ITEM()
RATIONAL_B_SPLINE_SURFACE(((1.,0.758287544405151,1.),(1.,0.758375672275348,
1.),(1.,0.7403812556259,1.),(1.,0.70710678118655,1.)))
REPRESENTATION_ITEM('')
SURFACE()
);
#97=(
BOUNDED_SURFACE()
B_SPLINE_SURFACE(3,3,((#15922,#15923,#15924,#15925),(#15926,#15927,#15928,
#15929),(#15930,#15931,#15932,#15933),(#15934,#15935,#15936,#15937)),
 .UNSPECIFIED.,.F.,.F.,.F.)
B_SPLINE_SURFACE_WITH_KNOTS((4,4),(4,4),(0.,1.),(0.,1.),.UNSPECIFIED.)
GEOMETRIC_REPRESENTATION_ITEM()
RATIONAL_B_SPLINE_SURFACE(((1.,0.804737854124365,0.804737854124365,1.),
(0.804737854124365,0.647603013860688,0.647603013860688,0.804737854124365),
(0.804737854124365,0.647603013860688,0.647603013860688,0.804737854124365),
(1.,0.804737854124365,0.804737854124365,1.)))
REPRESENTATION_ITEM('')
SURFACE()
);
#98=(
BOUNDED_SURFACE()
B_SPLINE_SURFACE(3,2,((#15939,#15940,#15941),(#15942,#15943,#15944),(#15945,
#15946,#15947),(#15948,#15949,#15950)),.UNSPECIFIED.,.F.,.F.,.F.)
B_SPLINE_SURFACE_WITH_KNOTS((4,4),(3,3),(0.,1.),(0.,1.),.UNSPECIFIED.)
GEOMETRIC_REPRESENTATION_ITEM()
RATIONAL_B_SPLINE_SURFACE(((1.,0.707106781186548,1.),(1.,0.868388712851978,
1.),(1.,1.00286059351231,1.),(1.,1.,1.)))
REPRESENTATION_ITEM('')
SURFACE()
);
#99=(
BOUNDED_SURFACE()
B_SPLINE_SURFACE(3,2,((#15953,#15954,#15955),(#15956,#15957,#15958),(#15959,
#15960,#15961),(#15962,#15963,#15964)),.UNSPECIFIED.,.F.,.F.,.F.)
B_SPLINE_SURFACE_WITH_KNOTS((4,4),(3,3),(0.,1.),(0.,1.),.UNSPECIFIED.)
GEOMETRIC_REPRESENTATION_ITEM()
RATIONAL_B_SPLINE_SURFACE(((1.,1.,1.),(1.,1.00045408988589,1.),(1.,0.92459365582939,
1.),(1.,0.841625411530176,1.)))
REPRESENTATION_ITEM('')
SURFACE()
);
#100=(
BOUNDED_SURFACE()
B_SPLINE_SURFACE(3,2,((#15967,#15968,#15969),(#15970,#15971,#15972),(#15973,
#15974,#15975),(#15976,#15977,#15978)),.UNSPECIFIED.,.F.,.F.,.F.)
B_SPLINE_SURFACE_WITH_KNOTS((4,4),(3,3),(0.,1.),(0.,1.),.UNSPECIFIED.)
GEOMETRIC_REPRESENTATION_ITEM()
RATIONAL_B_SPLINE_SURFACE(((1.,1.,1.),(1.,1.00045408988631,1.),(1.,0.924593655826332,
1.),(1.,0.841625411530176,1.)))
REPRESENTATION_ITEM('')
SURFACE()
);
#101=TOROIDAL_SURFACE('',#9943,6.,1.);
#102=TOROIDAL_SURFACE('',#9949,6.,1.);
#103=TOROIDAL_SURFACE('',#9951,13.,1.);
#104=TOROIDAL_SURFACE('',#9957,13.,1.);
#105=TOROIDAL_SURFACE('',#9959,6.,1.);
#106=TOROIDAL_SURFACE('',#9964,6.,1.);
#107=TOROIDAL_SURFACE('',#9967,6.,1.);
#108=TOROIDAL_SURFACE('',#9973,15.,1.);
#109=TOROIDAL_SURFACE('',#9975,6.,1.);
#110=TOROIDAL_SURFACE('',#9981,6.,1.);
#111=TOROIDAL_SURFACE('',#9983,15.,1.);
#112=TOROIDAL_SURFACE('',#9988,6.,1.);
#113=TOROIDAL_SURFACE('',#9991,6.,1.);
#114=TOROIDAL_SURFACE('',#9995,3.5,1.);
#115=TOROIDAL_SURFACE('',#9999,3.5,1.);
#116=TOROIDAL_SURFACE('',#10003,6.,1.);
#117=TOROIDAL_SURFACE('',#10007,9.,1.);
#118=TOROIDAL_SURFACE('',#10011,11.,1.);
#119=TOROIDAL_SURFACE('',#10015,15.,1.);
#120=TOROIDAL_SURFACE('',#10019,4.,1.);
#121=TOROIDAL_SURFACE('',#10023,4.,1.);
#122=TOROIDAL_SURFACE('',#10027,15.,1.);
#123=TOROIDAL_SURFACE('',#10031,11.,1.);
#124=TOROIDAL_SURFACE('',#10035,9.,1.);
#125=TOROIDAL_SURFACE('',#10039,6.,1.);
#126=TOROIDAL_SURFACE('',#10043,3.5,1.);
#127=TOROIDAL_SURFACE('',#10047,3.5,1.);
#128=TOROIDAL_SURFACE('',#10051,6.,1.);
#129=TOROIDAL_SURFACE('',#10059,9.,1.);
#130=TOROIDAL_SURFACE('',#10061,9.,1.);
#131=TOROIDAL_SURFACE('',#10067,11.,1.);
#132=TOROIDAL_SURFACE('',#10069,11.,1.);
#133=TOROIDAL_SURFACE('',#10075,13.,1.);
#134=TOROIDAL_SURFACE('',#10077,13.,1.);
#135=TOROIDAL_SURFACE('',#10083,4.,1.);
#136=TOROIDAL_SURFACE('',#10085,4.,1.);
#137=TOROIDAL_SURFACE('',#10097,3.5,1.);
#138=TOROIDAL_SURFACE('',#10102,3.5,1.);
#139=TOROIDAL_SURFACE('',#10107,5.5,1.);
#140=TOROIDAL_SURFACE('',#10111,5.5,1.);
#141=TOROIDAL_SURFACE('',#10116,3.5,1.);
#142=TOROIDAL_SURFACE('',#10121,3.5,1.);
#143=COLOUR_RGB('medium gray',0.490196078431373,0.490196078431373,0.490196078431373);
#144=COLOUR_RGB('light gray',0.8,0.8,0.8);
#145=COLOUR_RGB('silver gray',0.6,0.6,0.6);
#146=COLOUR_RGB('smoke gray',0.694117647058824,0.694117647058824,0.694117647058824);
#147=B_SPLINE_CURVE_WITH_KNOTS('',3,(#13158,#13159,#13160,#13161,#13162,
#13163),.UNSPECIFIED.,.F.,.F.,(4,2,4),(0.,0.5,1.),.UNSPECIFIED.);
#148=B_SPLINE_CURVE_WITH_KNOTS('',3,(#13168,#13169,#13170,#13171,#13172,
#13173,#13174,#13175,#13176,#13177,#13178,#13179,#13180,#13181,#13182,#13183,
#13184,#13185,#13186,#13187,#13188,#13189,#13190,#13191,#13192,#13193,#13194,
#13195,#13196,#13197,#13198,#13199,#13200,#13201),.UNSPECIFIED.,.F.,.F.,
(4,3,3,3,3,3,3,3,3,3,3,4),(0.,0.0935139680757962,0.186483732062855,0.287241781186066,
0.403339039517542,0.486787730939136,0.570548649644613,0.651216806937411,
0.747994867856731,0.864028476902958,0.956730264727196,1.),.UNSPECIFIED.);
#149=B_SPLINE_CURVE_WITH_KNOTS('',3,(#13215,#13216,#13217,#13218,#13219,
#13220,#13221,#13222,#13223,#13224,#13225,#13226,#13227,#13228,#13229,#13230,
#13231,#13232,#13233,#13234,#13235,#13236,#13237,#13238,#13239),
 .UNSPECIFIED.,.F.,.F.,(4,3,3,3,3,3,3,3,4),(0.,0.125983117647904,0.251231509021139,
0.386491623726352,0.521231060449446,0.642071526822639,0.764847590379133,
0.900619931275157,1.),.UNSPECIFIED.);
#150=B_SPLINE_CURVE_WITH_KNOTS('',3,(#13244,#13245,#13246,#13247,#13248,
#13249,#13250,#13251,#13252,#13253,#13254,#13255,#13256,#13257,#13258,#13259,
#13260,#13261,#13262,#13263,#13264,#13265,#13266,#13267,#13268),
 .UNSPECIFIED.,.F.,.F.,(4,3,3,3,3,3,3,3,4),(0.,0.125983117647899,0.251231509021128,
0.386491623726336,0.521231060449427,0.642071526822615,0.764847590379101,
0.90061993127512,1.),.UNSPECIFIED.);
#151=B_SPLINE_CURVE_WITH_KNOTS('',3,(#13276,#13277,#13278,#13279,#13280,
#13281),.UNSPECIFIED.,.F.,.F.,(4,2,4),(0.,0.5,1.),.UNSPECIFIED.);
#152=B_SPLINE_CURVE_WITH_KNOTS('',3,(#14830,#14831,#14832,#14833,#14834,
#14835,#14836),.UNSPECIFIED.,.F.,.F.,(4,3,4),(0.,0.535780483307309,1.),
 .UNSPECIFIED.);
#153=B_SPLINE_CURVE_WITH_KNOTS('',3,(#14838,#14839,#14840,#14841,#14842,
#14843,#14844,#14845,#14846,#14847,#14848,#14849,#14850,#14851,#14852,#14853,
#14854,#14855,#14856),.UNSPECIFIED.,.F.,.F.,(4,3,3,3,3,3,4),(0.,0.0243436683070539,
0.199723783144404,0.368599727714476,0.548233895784075,0.762228069518518,
1.),.UNSPECIFIED.);
#154=B_SPLINE_CURVE_WITH_KNOTS('',3,(#14867,#14868,#14869,#14870,#14871,
#14872),.UNSPECIFIED.,.F.,.F.,(4,2,4),(0.,0.5,1.),.UNSPECIFIED.);
#155=B_SPLINE_CURVE_WITH_KNOTS('',3,(#14874,#14875,#14876,#14877),
 .UNSPECIFIED.,.F.,.F.,(4,4),(0.,1.),.UNSPECIFIED.);
#156=B_SPLINE_CURVE_WITH_KNOTS('',3,(#14919,#14920,#14921,#14922),
 .UNSPECIFIED.,.F.,.F.,(4,4),(0.,1.),.UNSPECIFIED.);
#157=B_SPLINE_CURVE_WITH_KNOTS('',3,(#14923,#14924,#14925,#14926,#14927,
#14928,#14929,#14930,#14931,#14932),.UNSPECIFIED.,.F.,.F.,(4,3,3,4),(0.,
0.00480710634092972,0.645749459865512,1.),.UNSPECIFIED.);
#158=B_SPLINE_CURVE_WITH_KNOTS('',3,(#14936,#14937,#14938,#14939,#14940,
#14941,#14942,#14943,#14944,#14945),.UNSPECIFIED.,.F.,.F.,(4,3,3,4),(0.,
0.354250540504284,0.995192893658944,1.),.UNSPECIFIED.);
#159=B_SPLINE_CURVE_WITH_KNOTS('',3,(#14946,#14947,#14948,#14949),
 .UNSPECIFIED.,.F.,.F.,(4,4),(0.,1.),.UNSPECIFIED.);
#160=B_SPLINE_CURVE_WITH_KNOTS('',3,(#14979,#14980,#14981,#14982),
 .UNSPECIFIED.,.F.,.F.,(4,4),(0.,1.),.UNSPECIFIED.);
#161=B_SPLINE_CURVE_WITH_KNOTS('',3,(#14984,#14985,#14986,#14987,#14988,
#14989,#14990,#14991,#14992,#14993),.UNSPECIFIED.,.F.,.F.,(4,3,3,4),(0.,
0.00480710634113357,0.645749459637177,1.),.UNSPECIFIED.);
#162=B_SPLINE_CURVE_WITH_KNOTS('',3,(#14997,#14998,#14999,#15000,#15001,
#15002,#15003,#15004,#15005,#15006),.UNSPECIFIED.,.F.,.F.,(4,3,3,4),(0.,
0.354250540396575,0.99519289365895,1.),.UNSPECIFIED.);
#163=B_SPLINE_CURVE_WITH_KNOTS('',3,(#15008,#15009,#15010,#15011),
 .UNSPECIFIED.,.F.,.F.,(4,4),(0.,1.),.UNSPECIFIED.);
#164=B_SPLINE_CURVE_WITH_KNOTS('',3,(#15054,#15055,#15056,#15057,#15058,
#15059,#15060),.UNSPECIFIED.,.F.,.F.,(4,3,4),(0.,0.505501210481065,1.),
 .UNSPECIFIED.);
#165=B_SPLINE_CURVE_WITH_KNOTS('',3,(#15088,#15089,#15090,#15091,#15092,
#15093,#15094),.UNSPECIFIED.,.F.,.F.,(4,3,4),(0.,0.494498789519361,1.),
 .UNSPECIFIED.);
#166=B_SPLINE_CURVE_WITH_KNOTS('',3,(#15126,#15127,#15128,#15129,#15130,
#15131,#15132),.UNSPECIFIED.,.F.,.F.,(4,3,4),(0.,0.505501210480809,1.),
 .UNSPECIFIED.);
#167=B_SPLINE_CURVE_WITH_KNOTS('',3,(#15142,#15143,#15144,#15145,#15146,
#15147,#15148),.UNSPECIFIED.,.F.,.F.,(4,3,4),(0.,0.494498789519047,1.),
 .UNSPECIFIED.);
#168=B_SPLINE_CURVE_WITH_KNOTS('',3,(#15153,#15154,#15155,#15156,#15157,
#15158,#15159,#15160),.UNSPECIFIED.,.F.,.F.,(4,2,2,4),(0.,0.499999999999999,
0.75,1.),.UNSPECIFIED.);
#169=B_SPLINE_CURVE_WITH_KNOTS('',3,(#15163,#15164,#15165,#15166,#15167,
#15168,#15169,#15170),.UNSPECIFIED.,.F.,.F.,(4,2,2,4),(0.,0.25,0.500000000000001,
1.),.UNSPECIFIED.);
#170=B_SPLINE_CURVE_WITH_KNOTS('',3,(#15329,#15330,#15331,#15332,#15333,
#15334,#15335),.UNSPECIFIED.,.F.,.F.,(4,3,4),(0.,0.5357804833073,1.),
 .UNSPECIFIED.);
#171=B_SPLINE_CURVE_WITH_KNOTS('',3,(#15337,#15338,#15339,#15340,#15341,
#15342,#15343,#15344,#15345,#15346,#15347,#15348,#15349,#15350,#15351,#15352,
#15353,#15354,#15355),.UNSPECIFIED.,.F.,.F.,(4,3,3,3,3,3,4),(0.,0.0243436683070491,
0.199723783144399,0.368599727714471,0.548233895784072,0.762228069518513,
1.),.UNSPECIFIED.);
#172=B_SPLINE_CURVE_WITH_KNOTS('',3,(#15366,#15367,#15368,#15369,#15370,
#15371),.UNSPECIFIED.,.F.,.F.,(4,2,4),(0.,0.5,1.),.UNSPECIFIED.);
#173=B_SPLINE_CURVE_WITH_KNOTS('',3,(#15373,#15374,#15375,#15376),
 .UNSPECIFIED.,.F.,.F.,(4,4),(0.,1.),.UNSPECIFIED.);
#174=B_SPLINE_CURVE_WITH_KNOTS('',3,(#15475,#15476,#15477,#15478,#15479,
#15480,#15481,#15482),.UNSPECIFIED.,.F.,.F.,(4,2,2,4),(0.,0.500000000000001,
0.75,1.),.UNSPECIFIED.);
#175=B_SPLINE_CURVE_WITH_KNOTS('',3,(#15489,#15490,#15491,#15492,#15493,
#15494,#15495,#15496),.UNSPECIFIED.,.F.,.F.,(4,2,2,4),(0.,0.25,0.5,1.),
 .UNSPECIFIED.);
#176=ELLIPSE('',#9017,7.07106781186548,5.);
#177=ELLIPSE('',#9037,7.07106781186545,5.);
#178=FACE_OUTER_BOUND('',#3159,.T.);
#179=FACE_OUTER_BOUND('',#3182,.T.);
#180=FACE_OUTER_BOUND('',#3183,.T.);
#181=FACE_OUTER_BOUND('',#3184,.T.);
#182=FACE_OUTER_BOUND('',#3185,.T.);
#183=FACE_OUTER_BOUND('',#3186,.T.);
#184=FACE_OUTER_BOUND('',#3187,.T.);
#185=FACE_OUTER_BOUND('',#3188,.T.);
#186=FACE_OUTER_BOUND('',#3189,.T.);
#187=FACE_OUTER_BOUND('',#3190,.T.);
#188=FACE_OUTER_BOUND('',#3191,.T.);
#189=FACE_OUTER_BOUND('',#3192,.T.);
#190=FACE_OUTER_BOUND('',#3193,.T.);
#191=FACE_OUTER_BOUND('',#3206,.T.);
#192=FACE_OUTER_BOUND('',#3219,.T.);
#193=FACE_OUTER_BOUND('',#3222,.T.);
#194=FACE_OUTER_BOUND('',#3225,.T.);
#195=FACE_OUTER_BOUND('',#3238,.T.);
#196=FACE_OUTER_BOUND('',#3239,.T.);
#197=FACE_OUTER_BOUND('',#3243,.T.);
#198=FACE_OUTER_BOUND('',#3244,.T.);
#199=FACE_OUTER_BOUND('',#3249,.T.);
#200=FACE_OUTER_BOUND('',#3250,.T.);
#201=FACE_OUTER_BOUND('',#3251,.T.);
#202=FACE_OUTER_BOUND('',#3252,.T.);
#203=FACE_OUTER_BOUND('',#3253,.T.);
#204=FACE_OUTER_BOUND('',#3254,.T.);
#205=FACE_OUTER_BOUND('',#3255,.T.);
#206=FACE_OUTER_BOUND('',#3256,.T.);
#207=FACE_OUTER_BOUND('',#3257,.T.);
#208=FACE_OUTER_BOUND('',#3258,.T.);
#209=FACE_OUTER_BOUND('',#3267,.T.);
#210=FACE_OUTER_BOUND('',#3268,.T.);
#211=FACE_OUTER_BOUND('',#3269,.T.);
#212=FACE_OUTER_BOUND('',#3338,.T.);
#213=FACE_OUTER_BOUND('',#3339,.T.);
#214=FACE_OUTER_BOUND('',#3340,.T.);
#215=FACE_OUTER_BOUND('',#3425,.T.);
#216=FACE_OUTER_BOUND('',#3426,.T.);
#217=FACE_OUTER_BOUND('',#3427,.T.);
#218=FACE_OUTER_BOUND('',#3428,.T.);
#219=FACE_OUTER_BOUND('',#3429,.T.);
#220=FACE_OUTER_BOUND('',#3430,.T.);
#221=FACE_OUTER_BOUND('',#3473,.T.);
#222=FACE_OUTER_BOUND('',#3474,.T.);
#223=FACE_OUTER_BOUND('',#3475,.T.);
#224=FACE_OUTER_BOUND('',#3482,.T.);
#225=FACE_OUTER_BOUND('',#3483,.T.);
#226=FACE_OUTER_BOUND('',#3484,.T.);
#227=FACE_OUTER_BOUND('',#3485,.T.);
#228=FACE_OUTER_BOUND('',#3513,.T.);
#229=FACE_OUTER_BOUND('',#3516,.T.);
#230=FACE_OUTER_BOUND('',#3517,.T.);
#231=FACE_OUTER_BOUND('',#3518,.T.);
#232=FACE_OUTER_BOUND('',#3519,.T.);
#233=FACE_OUTER_BOUND('',#3520,.T.);
#234=FACE_OUTER_BOUND('',#3521,.T.);
#235=FACE_OUTER_BOUND('',#3524,.T.);
#236=FACE_OUTER_BOUND('',#3525,.T.);
#237=FACE_OUTER_BOUND('',#3526,.T.);
#238=FACE_OUTER_BOUND('',#3529,.T.);
#239=FACE_OUTER_BOUND('',#3530,.T.);
#240=FACE_OUTER_BOUND('',#3531,.T.);
#241=FACE_OUTER_BOUND('',#3536,.T.);
#242=FACE_OUTER_BOUND('',#3537,.T.);
#243=FACE_OUTER_BOUND('',#3538,.T.);
#244=FACE_OUTER_BOUND('',#3541,.T.);
#245=FACE_OUTER_BOUND('',#3542,.T.);
#246=FACE_OUTER_BOUND('',#3543,.T.);
#247=FACE_OUTER_BOUND('',#3546,.T.);
#248=FACE_OUTER_BOUND('',#3547,.T.);
#249=FACE_OUTER_BOUND('',#3548,.T.);
#250=FACE_OUTER_BOUND('',#3549,.T.);
#251=FACE_OUTER_BOUND('',#3550,.T.);
#252=FACE_OUTER_BOUND('',#3551,.T.);
#253=FACE_OUTER_BOUND('',#3554,.T.);
#254=FACE_OUTER_BOUND('',#3555,.T.);
#255=FACE_OUTER_BOUND('',#3556,.T.);
#256=FACE_OUTER_BOUND('',#3557,.T.);
#257=FACE_OUTER_BOUND('',#3558,.T.);
#258=FACE_OUTER_BOUND('',#3559,.T.);
#259=FACE_OUTER_BOUND('',#3560,.T.);
#260=FACE_OUTER_BOUND('',#3561,.T.);
#261=FACE_OUTER_BOUND('',#3562,.T.);
#262=FACE_OUTER_BOUND('',#3563,.T.);
#263=FACE_OUTER_BOUND('',#3564,.T.);
#264=FACE_OUTER_BOUND('',#3565,.T.);
#265=FACE_OUTER_BOUND('',#3566,.T.);
#266=FACE_OUTER_BOUND('',#3567,.T.);
#267=FACE_OUTER_BOUND('',#3568,.T.);
#268=FACE_OUTER_BOUND('',#3569,.T.);
#269=FACE_OUTER_BOUND('',#3570,.T.);
#270=FACE_OUTER_BOUND('',#3571,.T.);
#271=FACE_OUTER_BOUND('',#3574,.T.);
#272=FACE_OUTER_BOUND('',#3577,.T.);
#273=FACE_OUTER_BOUND('',#3580,.T.);
#274=FACE_OUTER_BOUND('',#3581,.T.);
#275=FACE_OUTER_BOUND('',#3582,.T.);
#276=FACE_OUTER_BOUND('',#3583,.T.);
#277=FACE_OUTER_BOUND('',#3584,.T.);
#278=FACE_OUTER_BOUND('',#3585,.T.);
#279=FACE_OUTER_BOUND('',#3586,.T.);
#280=FACE_OUTER_BOUND('',#3587,.T.);
#281=FACE_OUTER_BOUND('',#3588,.T.);
#282=FACE_OUTER_BOUND('',#3589,.T.);
#283=FACE_OUTER_BOUND('',#3590,.T.);
#284=FACE_OUTER_BOUND('',#3591,.T.);
#285=FACE_OUTER_BOUND('',#3592,.T.);
#286=FACE_OUTER_BOUND('',#3601,.T.);
#287=FACE_OUTER_BOUND('',#3604,.T.);
#288=FACE_OUTER_BOUND('',#3607,.T.);
#289=FACE_OUTER_BOUND('',#3610,.T.);
#290=FACE_OUTER_BOUND('',#3613,.T.);
#291=FACE_OUTER_BOUND('',#3626,.T.);
#292=FACE_OUTER_BOUND('',#3629,.T.);
#293=FACE_OUTER_BOUND('',#3632,.T.);
#294=FACE_OUTER_BOUND('',#3635,.T.);
#295=FACE_OUTER_BOUND('',#3638,.T.);
#296=FACE_OUTER_BOUND('',#3649,.T.);
#297=FACE_OUTER_BOUND('',#3650,.T.);
#298=FACE_OUTER_BOUND('',#3651,.T.);
#299=FACE_OUTER_BOUND('',#3652,.T.);
#300=FACE_OUTER_BOUND('',#3653,.T.);
#301=FACE_OUTER_BOUND('',#3654,.T.);
#302=FACE_OUTER_BOUND('',#3655,.T.);
#303=FACE_OUTER_BOUND('',#3656,.T.);
#304=FACE_OUTER_BOUND('',#3657,.T.);
#305=FACE_OUTER_BOUND('',#3658,.T.);
#306=FACE_OUTER_BOUND('',#3659,.T.);
#307=FACE_OUTER_BOUND('',#3660,.T.);
#308=FACE_OUTER_BOUND('',#3661,.T.);
#309=FACE_OUTER_BOUND('',#3662,.T.);
#310=FACE_OUTER_BOUND('',#3663,.T.);
#311=FACE_OUTER_BOUND('',#3664,.T.);
#312=FACE_OUTER_BOUND('',#3665,.T.);
#313=FACE_OUTER_BOUND('',#3666,.T.);
#314=FACE_OUTER_BOUND('',#3667,.T.);
#315=FACE_OUTER_BOUND('',#3668,.T.);
#316=FACE_OUTER_BOUND('',#3669,.T.);
#317=FACE_OUTER_BOUND('',#3675,.T.);
#318=FACE_OUTER_BOUND('',#3676,.T.);
#319=FACE_OUTER_BOUND('',#3677,.T.);
#320=FACE_OUTER_BOUND('',#3727,.T.);
#321=FACE_OUTER_BOUND('',#3728,.T.);
#322=FACE_OUTER_BOUND('',#3729,.T.);
#323=FACE_OUTER_BOUND('',#3730,.T.);
#324=FACE_OUTER_BOUND('',#3731,.T.);
#325=FACE_OUTER_BOUND('',#3732,.T.);
#326=FACE_OUTER_BOUND('',#3733,.T.);
#327=FACE_OUTER_BOUND('',#3734,.T.);
#328=FACE_OUTER_BOUND('',#3735,.T.);
#329=FACE_OUTER_BOUND('',#3736,.T.);
#330=FACE_OUTER_BOUND('',#3737,.T.);
#331=FACE_OUTER_BOUND('',#3738,.T.);
#332=FACE_OUTER_BOUND('',#3739,.T.);
#333=FACE_OUTER_BOUND('',#3740,.T.);
#334=FACE_OUTER_BOUND('',#3757,.T.);
#335=FACE_OUTER_BOUND('',#3758,.T.);
#336=FACE_OUTER_BOUND('',#3767,.T.);
#337=FACE_OUTER_BOUND('',#3768,.T.);
#338=FACE_OUTER_BOUND('',#3769,.T.);
#339=FACE_OUTER_BOUND('',#3770,.T.);
#340=FACE_OUTER_BOUND('',#3771,.T.);
#341=FACE_OUTER_BOUND('',#3772,.T.);
#342=FACE_OUTER_BOUND('',#3773,.T.);
#343=FACE_OUTER_BOUND('',#3774,.T.);
#344=FACE_OUTER_BOUND('',#3777,.T.);
#345=FACE_OUTER_BOUND('',#3778,.T.);
#346=FACE_OUTER_BOUND('',#3781,.T.);
#347=FACE_OUTER_BOUND('',#3782,.T.);
#348=FACE_OUTER_BOUND('',#3783,.T.);
#349=FACE_OUTER_BOUND('',#3784,.T.);
#350=FACE_OUTER_BOUND('',#3785,.T.);
#351=FACE_OUTER_BOUND('',#3786,.T.);
#352=FACE_OUTER_BOUND('',#3815,.T.);
#353=FACE_OUTER_BOUND('',#3816,.T.);
#354=FACE_OUTER_BOUND('',#3817,.T.);
#355=FACE_OUTER_BOUND('',#3818,.T.);
#356=FACE_OUTER_BOUND('',#3819,.T.);
#357=FACE_OUTER_BOUND('',#3820,.T.);
#358=FACE_OUTER_BOUND('',#3821,.T.);
#359=FACE_OUTER_BOUND('',#3822,.T.);
#360=FACE_OUTER_BOUND('',#3823,.T.);
#361=FACE_OUTER_BOUND('',#3824,.T.);
#362=FACE_OUTER_BOUND('',#3825,.T.);
#363=FACE_OUTER_BOUND('',#3826,.T.);
#364=FACE_OUTER_BOUND('',#3827,.T.);
#365=FACE_OUTER_BOUND('',#3828,.T.);
#366=FACE_OUTER_BOUND('',#3829,.T.);
#367=FACE_OUTER_BOUND('',#3830,.T.);
#368=FACE_OUTER_BOUND('',#3837,.T.);
#369=FACE_OUTER_BOUND('',#3838,.T.);
#370=FACE_OUTER_BOUND('',#3839,.T.);
#371=FACE_OUTER_BOUND('',#3840,.T.);
#372=FACE_OUTER_BOUND('',#3841,.T.);
#373=FACE_OUTER_BOUND('',#3842,.T.);
#374=FACE_OUTER_BOUND('',#3845,.T.);
#375=FACE_OUTER_BOUND('',#3848,.T.);
#376=FACE_OUTER_BOUND('',#3851,.T.);
#377=FACE_OUTER_BOUND('',#3854,.T.);
#378=FACE_OUTER_BOUND('',#3863,.T.);
#379=FACE_OUTER_BOUND('',#3864,.T.);
#380=FACE_OUTER_BOUND('',#3865,.T.);
#381=FACE_OUTER_BOUND('',#3866,.T.);
#382=FACE_OUTER_BOUND('',#3867,.T.);
#383=FACE_OUTER_BOUND('',#3868,.T.);
#384=FACE_OUTER_BOUND('',#3869,.T.);
#385=FACE_OUTER_BOUND('',#3870,.T.);
#386=FACE_OUTER_BOUND('',#3871,.T.);
#387=FACE_OUTER_BOUND('',#3872,.T.);
#388=FACE_OUTER_BOUND('',#3879,.T.);
#389=FACE_OUTER_BOUND('',#3880,.T.);
#390=FACE_OUTER_BOUND('',#3881,.T.);
#391=FACE_OUTER_BOUND('',#3882,.T.);
#392=FACE_OUTER_BOUND('',#3883,.T.);
#393=FACE_OUTER_BOUND('',#3884,.T.);
#394=FACE_OUTER_BOUND('',#3885,.T.);
#395=FACE_OUTER_BOUND('',#3886,.T.);
#396=FACE_OUTER_BOUND('',#3887,.T.);
#397=FACE_OUTER_BOUND('',#3888,.T.);
#398=FACE_OUTER_BOUND('',#3889,.T.);
#399=FACE_OUTER_BOUND('',#3890,.T.);
#400=FACE_OUTER_BOUND('',#3891,.T.);
#401=FACE_OUTER_BOUND('',#3892,.T.);
#402=FACE_OUTER_BOUND('',#3893,.T.);
#403=FACE_OUTER_BOUND('',#3894,.T.);
#404=FACE_OUTER_BOUND('',#3895,.T.);
#405=FACE_OUTER_BOUND('',#3896,.T.);
#406=FACE_OUTER_BOUND('',#3897,.T.);
#407=FACE_OUTER_BOUND('',#3898,.T.);
#408=FACE_OUTER_BOUND('',#3899,.T.);
#409=FACE_OUTER_BOUND('',#3900,.T.);
#410=FACE_OUTER_BOUND('',#3901,.T.);
#411=FACE_OUTER_BOUND('',#3902,.T.);
#412=FACE_OUTER_BOUND('',#3903,.T.);
#413=FACE_OUTER_BOUND('',#3904,.T.);
#414=FACE_OUTER_BOUND('',#3905,.T.);
#415=FACE_OUTER_BOUND('',#3906,.T.);
#416=FACE_OUTER_BOUND('',#3907,.T.);
#417=FACE_OUTER_BOUND('',#3908,.T.);
#418=FACE_OUTER_BOUND('',#3909,.T.);
#419=FACE_OUTER_BOUND('',#3910,.T.);
#420=FACE_OUTER_BOUND('',#3911,.T.);
#421=FACE_OUTER_BOUND('',#3912,.T.);
#422=FACE_OUTER_BOUND('',#3913,.T.);
#423=FACE_OUTER_BOUND('',#3914,.T.);
#424=FACE_OUTER_BOUND('',#3915,.T.);
#425=FACE_OUTER_BOUND('',#3916,.T.);
#426=FACE_OUTER_BOUND('',#3917,.T.);
#427=FACE_OUTER_BOUND('',#3918,.T.);
#428=FACE_OUTER_BOUND('',#3919,.T.);
#429=FACE_OUTER_BOUND('',#3920,.T.);
#430=FACE_OUTER_BOUND('',#3921,.T.);
#431=FACE_OUTER_BOUND('',#3922,.T.);
#432=FACE_OUTER_BOUND('',#3923,.T.);
#433=FACE_OUTER_BOUND('',#3924,.T.);
#434=FACE_OUTER_BOUND('',#3925,.T.);
#435=FACE_OUTER_BOUND('',#3926,.T.);
#436=FACE_OUTER_BOUND('',#3927,.T.);
#437=FACE_OUTER_BOUND('',#3928,.T.);
#438=FACE_OUTER_BOUND('',#3929,.T.);
#439=FACE_OUTER_BOUND('',#3930,.T.);
#440=FACE_OUTER_BOUND('',#3931,.T.);
#441=FACE_OUTER_BOUND('',#3932,.T.);
#442=FACE_OUTER_BOUND('',#3933,.T.);
#443=FACE_OUTER_BOUND('',#3934,.T.);
#444=FACE_OUTER_BOUND('',#3935,.T.);
#445=FACE_OUTER_BOUND('',#3936,.T.);
#446=FACE_OUTER_BOUND('',#3937,.T.);
#447=FACE_OUTER_BOUND('',#3938,.T.);
#448=FACE_OUTER_BOUND('',#3939,.T.);
#449=FACE_OUTER_BOUND('',#3940,.T.);
#450=FACE_OUTER_BOUND('',#3941,.T.);
#451=FACE_OUTER_BOUND('',#3942,.T.);
#452=FACE_OUTER_BOUND('',#3943,.T.);
#453=FACE_OUTER_BOUND('',#3944,.T.);
#454=FACE_OUTER_BOUND('',#3945,.T.);
#455=FACE_OUTER_BOUND('',#3946,.T.);
#456=FACE_OUTER_BOUND('',#3947,.T.);
#457=FACE_OUTER_BOUND('',#3948,.T.);
#458=FACE_OUTER_BOUND('',#3949,.T.);
#459=FACE_OUTER_BOUND('',#3950,.T.);
#460=FACE_OUTER_BOUND('',#3951,.T.);
#461=FACE_OUTER_BOUND('',#3952,.T.);
#462=FACE_OUTER_BOUND('',#3953,.T.);
#463=FACE_OUTER_BOUND('',#3954,.T.);
#464=FACE_OUTER_BOUND('',#3955,.T.);
#465=FACE_OUTER_BOUND('',#3956,.T.);
#466=FACE_OUTER_BOUND('',#3957,.T.);
#467=FACE_OUTER_BOUND('',#3958,.T.);
#468=FACE_OUTER_BOUND('',#3959,.T.);
#469=FACE_OUTER_BOUND('',#3960,.T.);
#470=FACE_OUTER_BOUND('',#3961,.T.);
#471=FACE_OUTER_BOUND('',#3962,.T.);
#472=FACE_OUTER_BOUND('',#3963,.T.);
#473=FACE_OUTER_BOUND('',#3964,.T.);
#474=FACE_OUTER_BOUND('',#3965,.T.);
#475=FACE_OUTER_BOUND('',#3966,.T.);
#476=FACE_OUTER_BOUND('',#3967,.T.);
#477=FACE_OUTER_BOUND('',#3968,.T.);
#478=FACE_OUTER_BOUND('',#3969,.T.);
#479=FACE_OUTER_BOUND('',#3970,.T.);
#480=FACE_OUTER_BOUND('',#3971,.T.);
#481=FACE_OUTER_BOUND('',#3972,.T.);
#482=FACE_OUTER_BOUND('',#3973,.T.);
#483=FACE_OUTER_BOUND('',#3974,.T.);
#484=FACE_OUTER_BOUND('',#3975,.T.);
#485=FACE_OUTER_BOUND('',#3976,.T.);
#486=FACE_OUTER_BOUND('',#3977,.T.);
#487=FACE_OUTER_BOUND('',#3978,.T.);
#488=FACE_OUTER_BOUND('',#3979,.T.);
#489=FACE_OUTER_BOUND('',#3980,.T.);
#490=FACE_OUTER_BOUND('',#3981,.T.);
#491=FACE_OUTER_BOUND('',#3982,.T.);
#492=FACE_OUTER_BOUND('',#3983,.T.);
#493=FACE_OUTER_BOUND('',#3984,.T.);
#494=FACE_OUTER_BOUND('',#3985,.T.);
#495=FACE_OUTER_BOUND('',#3986,.T.);
#496=FACE_OUTER_BOUND('',#3987,.T.);
#497=FACE_OUTER_BOUND('',#3988,.T.);
#498=FACE_OUTER_BOUND('',#3989,.T.);
#499=FACE_OUTER_BOUND('',#3990,.T.);
#500=FACE_OUTER_BOUND('',#3991,.T.);
#501=FACE_OUTER_BOUND('',#3992,.T.);
#502=FACE_OUTER_BOUND('',#3993,.T.);
#503=FACE_OUTER_BOUND('',#3994,.T.);
#504=LINE('',#13033,#981);
#505=LINE('',#13038,#982);
#506=LINE('',#13042,#983);
#507=LINE('',#13044,#984);
#508=LINE('',#13046,#985);
#509=LINE('',#13048,#986);
#510=LINE('',#13056,#987);
#511=LINE('',#13061,#988);
#512=LINE('',#13063,#989);
#513=LINE('',#13067,#990);
#514=LINE('',#13071,#991);
#515=LINE('',#13079,#992);
#516=LINE('',#13082,#993);
#517=LINE('',#13084,#994);
#518=LINE('',#13087,#995);
#519=LINE('',#13091,#996);
#520=LINE('',#13095,#997);
#521=LINE('',#13098,#998);
#522=LINE('',#13099,#999);
#523=LINE('',#13103,#1000);
#524=LINE('',#13132,#1001);
#525=LINE('',#13134,#1002);
#526=LINE('',#13137,#1003);
#527=LINE('',#13139,#1004);
#528=LINE('',#13143,#1005);
#529=LINE('',#13144,#1006);
#530=LINE('',#13146,#1007);
#531=LINE('',#13150,#1008);
#532=LINE('',#13153,#1009);
#533=LINE('',#13155,#1010);
#534=LINE('',#13156,#1011);
#535=LINE('',#13242,#1012);
#536=LINE('',#13270,#1013);
#537=LINE('',#13274,#1014);
#538=LINE('',#13285,#1015);
#539=LINE('',#13341,#1016);
#540=LINE('',#13343,#1017);
#541=LINE('',#13347,#1018);
#542=LINE('',#13351,#1019);
#543=LINE('',#13355,#1020);
#544=LINE('',#13357,#1021);
#545=LINE('',#13360,#1022);
#546=LINE('',#13361,#1023);
#547=LINE('',#13363,#1024);
#548=LINE('',#13368,#1025);
#549=LINE('',#13372,#1026);
#550=LINE('',#13375,#1027);
#551=LINE('',#13377,#1028);
#552=LINE('',#13379,#1029);
#553=LINE('',#13381,#1030);
#554=LINE('',#13383,#1031);
#555=LINE('',#13390,#1032);
#556=LINE('',#13392,#1033);
#557=LINE('',#13395,#1034);
#558=LINE('',#13397,#1035);
#559=LINE('',#13398,#1036);
#560=LINE('',#13400,#1037);
#561=LINE('',#13402,#1038);
#562=LINE('',#13404,#1039);
#563=LINE('',#13405,#1040);
#564=LINE('',#13410,#1041);
#565=LINE('',#13415,#1042);
#566=LINE('',#13416,#1043);
#567=LINE('',#13434,#1044);
#568=LINE('',#13438,#1045);
#569=LINE('',#13443,#1046);
#570=LINE('',#13447,#1047);
#571=LINE('',#13452,#1048);
#572=LINE('',#13456,#1049);
#573=LINE('',#13470,#1050);
#574=LINE('',#13477,#1051);
#575=LINE('',#13480,#1052);
#576=LINE('',#13483,#1053);
#577=LINE('',#13559,#1054);
#578=LINE('',#13562,#1055);
#579=LINE('',#13565,#1056);
#580=LINE('',#13568,#1057);
#581=LINE('',#13614,#1058);
#582=LINE('',#13615,#1059);
#583=LINE('',#13707,#1060);
#584=LINE('',#13708,#1061);
#585=LINE('',#13710,#1062);
#586=LINE('',#13711,#1063);
#587=LINE('',#13741,#1064);
#588=LINE('',#13744,#1065);
#589=LINE('',#13748,#1066);
#590=LINE('',#13750,#1067);
#591=LINE('',#13752,#1068);
#592=LINE('',#13756,#1069);
#593=LINE('',#13758,#1070);
#594=LINE('',#13760,#1071);
#595=LINE('',#13787,#1072);
#596=LINE('',#13795,#1073);
#597=LINE('',#13799,#1074);
#598=LINE('',#13800,#1075);
#599=LINE('',#13802,#1076);
#600=LINE('',#13804,#1077);
#601=LINE('',#13806,#1078);
#602=LINE('',#13808,#1079);
#603=LINE('',#13810,#1080);
#604=LINE('',#13812,#1081);
#605=LINE('',#13814,#1082);
#606=LINE('',#13816,#1083);
#607=LINE('',#13818,#1084);
#608=LINE('',#13830,#1085);
#609=LINE('',#13837,#1086);
#610=LINE('',#13839,#1087);
#611=LINE('',#13841,#1088);
#612=LINE('',#13843,#1089);
#613=LINE('',#13845,#1090);
#614=LINE('',#13847,#1091);
#615=LINE('',#13849,#1092);
#616=LINE('',#13851,#1093);
#617=LINE('',#13853,#1094);
#618=LINE('',#13855,#1095);
#619=LINE('',#13856,#1096);
#620=LINE('',#13860,#1097);
#621=LINE('',#13871,#1098);
#622=LINE('',#13872,#1099);
#623=LINE('',#13874,#1100);
#624=LINE('',#13878,#1101);
#625=LINE('',#13880,#1102);
#626=LINE('',#13884,#1103);
#627=LINE('',#13896,#1104);
#628=LINE('',#13898,#1105);
#629=LINE('',#13901,#1106);
#630=LINE('',#13903,#1107);
#631=LINE('',#13905,#1108);
#632=LINE('',#13909,#1109);
#633=LINE('',#13912,#1110);
#634=LINE('',#13913,#1111);
#635=LINE('',#13915,#1112);
#636=LINE('',#13918,#1113);
#637=LINE('',#13920,#1114);
#638=LINE('',#13922,#1115);
#639=LINE('',#13924,#1116);
#640=LINE('',#13927,#1117);
#641=LINE('',#13928,#1118);
#642=LINE('',#13930,#1119);
#643=LINE('',#13933,#1120);
#644=LINE('',#13935,#1121);
#645=LINE('',#13937,#1122);
#646=LINE('',#13945,#1123);
#647=LINE('',#13947,#1124);
#648=LINE('',#13949,#1125);
#649=LINE('',#13951,#1126);
#650=LINE('',#13953,#1127);
#651=LINE('',#13954,#1128);
#652=LINE('',#13956,#1129);
#653=LINE('',#13958,#1130);
#654=LINE('',#13959,#1131);
#655=LINE('',#13961,#1132);
#656=LINE('',#13963,#1133);
#657=LINE('',#13965,#1134);
#658=LINE('',#13966,#1135);
#659=LINE('',#13968,#1136);
#660=LINE('',#13982,#1137);
#661=LINE('',#13990,#1138);
#662=LINE('',#13995,#1139);
#663=LINE('',#13999,#1140);
#664=LINE('',#14000,#1141);
#665=LINE('',#14004,#1142);
#666=LINE('',#14013,#1143);
#667=LINE('',#14017,#1144);
#668=LINE('',#14025,#1145);
#669=LINE('',#14029,#1146);
#670=LINE('',#14037,#1147);
#671=LINE('',#14041,#1148);
#672=LINE('',#14049,#1149);
#673=LINE('',#14053,#1150);
#674=LINE('',#14061,#1151);
#675=LINE('',#14065,#1152);
#676=LINE('',#14073,#1153);
#677=LINE('',#14077,#1154);
#678=LINE('',#14085,#1155);
#679=LINE('',#14089,#1156);
#680=LINE('',#14097,#1157);
#681=LINE('',#14101,#1158);
#682=LINE('',#14108,#1159);
#683=LINE('',#14109,#1160);
#684=LINE('',#14113,#1161);
#685=LINE('',#14114,#1162);
#686=LINE('',#14118,#1163);
#687=LINE('',#14119,#1164);
#688=LINE('',#14123,#1165);
#689=LINE('',#14124,#1166);
#690=LINE('',#14129,#1167);
#691=LINE('',#14130,#1168);
#692=LINE('',#14134,#1169);
#693=LINE('',#14135,#1170);
#694=LINE('',#14139,#1171);
#695=LINE('',#14140,#1172);
#696=LINE('',#14144,#1173);
#697=LINE('',#14145,#1174);
#698=LINE('',#14159,#1175);
#699=LINE('',#14161,#1176);
#700=LINE('',#14166,#1177);
#701=LINE('',#14171,#1178);
#702=LINE('',#14172,#1179);
#703=LINE('',#14174,#1180);
#704=LINE('',#14176,#1181);
#705=LINE('',#14178,#1182);
#706=LINE('',#14181,#1183);
#707=LINE('',#14182,#1184);
#708=LINE('',#14184,#1185);
#709=LINE('',#14188,#1186);
#710=LINE('',#14190,#1187);
#711=LINE('',#14195,#1188);
#712=LINE('',#14197,#1189);
#713=LINE('',#14199,#1190);
#714=LINE('',#14201,#1191);
#715=LINE('',#14204,#1192);
#716=LINE('',#14205,#1193);
#717=LINE('',#14212,#1194);
#718=LINE('',#14215,#1195);
#719=LINE('',#14216,#1196);
#720=LINE('',#14218,#1197);
#721=LINE('',#14222,#1198);
#722=LINE('',#14224,#1199);
#723=LINE('',#14229,#1200);
#724=LINE('',#14234,#1201);
#725=LINE('',#14239,#1202);
#726=LINE('',#14240,#1203);
#727=LINE('',#14242,#1204);
#728=LINE('',#14244,#1205);
#729=LINE('',#14246,#1206);
#730=LINE('',#14252,#1207);
#731=LINE('',#14256,#1208);
#732=LINE('',#14257,#1209);
#733=LINE('',#14259,#1210);
#734=LINE('',#14260,#1211);
#735=LINE('',#14263,#1212);
#736=LINE('',#14269,#1213);
#737=LINE('',#14273,#1214);
#738=LINE('',#14274,#1215);
#739=LINE('',#14276,#1216);
#740=LINE('',#14277,#1217);
#741=LINE('',#14280,#1218);
#742=LINE('',#14282,#1219);
#743=LINE('',#14284,#1220);
#744=LINE('',#14286,#1221);
#745=LINE('',#14289,#1222);
#746=LINE('',#14290,#1223);
#747=LINE('',#14313,#1224);
#748=LINE('',#14315,#1225);
#749=LINE('',#14317,#1226);
#750=LINE('',#14319,#1227);
#751=LINE('',#14340,#1228);
#752=LINE('',#14342,#1229);
#753=LINE('',#14346,#1230);
#754=LINE('',#14349,#1231);
#755=LINE('',#14353,#1232);
#756=LINE('',#14356,#1233);
#757=LINE('',#14361,#1234);
#758=LINE('',#14363,#1235);
#759=LINE('',#14446,#1236);
#760=LINE('',#14447,#1237);
#761=LINE('',#14449,#1238);
#762=LINE('',#14450,#1239);
#763=LINE('',#14452,#1240);
#764=LINE('',#14453,#1241);
#765=LINE('',#14455,#1242);
#766=LINE('',#14457,#1243);
#767=LINE('',#14459,#1244);
#768=LINE('',#14460,#1245);
#769=LINE('',#14470,#1246);
#770=LINE('',#14473,#1247);
#771=LINE('',#14475,#1248);
#772=LINE('',#14477,#1249);
#773=LINE('',#14490,#1250);
#774=LINE('',#14495,#1251);
#775=LINE('',#14501,#1252);
#776=LINE('',#14507,#1253);
#777=LINE('',#14510,#1254);
#778=LINE('',#14513,#1255);
#779=LINE('',#14519,#1256);
#780=LINE('',#14525,#1257);
#781=LINE('',#14529,#1258);
#782=LINE('',#14531,#1259);
#783=LINE('',#14534,#1260);
#784=LINE('',#14535,#1261);
#785=LINE('',#14537,#1262);
#786=LINE('',#14540,#1263);
#787=LINE('',#14541,#1264);
#788=LINE('',#14543,#1265);
#789=LINE('',#14545,#1266);
#790=LINE('',#14547,#1267);
#791=LINE('',#14559,#1268);
#792=LINE('',#14565,#1269);
#793=LINE('',#14574,#1270);
#794=LINE('',#14580,#1271);
#795=LINE('',#14646,#1272);
#796=LINE('',#14648,#1273);
#797=LINE('',#14649,#1274);
#798=LINE('',#14651,#1275);
#799=LINE('',#14652,#1276);
#800=LINE('',#14654,#1277);
#801=LINE('',#14656,#1278);
#802=LINE('',#14657,#1279);
#803=LINE('',#14659,#1280);
#804=LINE('',#14660,#1281);
#805=LINE('',#14662,#1282);
#806=LINE('',#14664,#1283);
#807=LINE('',#14688,#1284);
#808=LINE('',#14693,#1285);
#809=LINE('',#14697,#1286);
#810=LINE('',#14702,#1287);
#811=LINE('',#14706,#1288);
#812=LINE('',#14709,#1289);
#813=LINE('',#14713,#1290);
#814=LINE('',#14717,#1291);
#815=LINE('',#14718,#1292);
#816=LINE('',#14722,#1293);
#817=LINE('',#14726,#1294);
#818=LINE('',#14728,#1295);
#819=LINE('',#14730,#1296);
#820=LINE('',#14732,#1297);
#821=LINE('',#14734,#1298);
#822=LINE('',#14736,#1299);
#823=LINE('',#14738,#1300);
#824=LINE('',#14742,#1301);
#825=LINE('',#14746,#1302);
#826=LINE('',#14750,#1303);
#827=LINE('',#14756,#1304);
#828=LINE('',#14760,#1305);
#829=LINE('',#14764,#1306);
#830=LINE('',#14768,#1307);
#831=LINE('',#14772,#1308);
#832=LINE('',#14776,#1309);
#833=LINE('',#14778,#1310);
#834=LINE('',#14780,#1311);
#835=LINE('',#14784,#1312);
#836=LINE('',#14788,#1313);
#837=LINE('',#14792,#1314);
#838=LINE('',#14796,#1315);
#839=LINE('',#14798,#1316);
#840=LINE('',#14800,#1317);
#841=LINE('',#14804,#1318);
#842=LINE('',#14808,#1319);
#843=LINE('',#14812,#1320);
#844=LINE('',#14816,#1321);
#845=LINE('',#14858,#1322);
#846=LINE('',#14862,#1323);
#847=LINE('',#14864,#1324);
#848=LINE('',#14880,#1325);
#849=LINE('',#14887,#1326);
#850=LINE('',#14889,#1327);
#851=LINE('',#14891,#1328);
#852=LINE('',#14895,#1329);
#853=LINE('',#14899,#1330);
#854=LINE('',#14900,#1331);
#855=LINE('',#14904,#1332);
#856=LINE('',#14909,#1333);
#857=LINE('',#14911,#1334);
#858=LINE('',#14913,#1335);
#859=LINE('',#14917,#1336);
#860=LINE('',#14934,#1337);
#861=LINE('',#14951,#1338);
#862=LINE('',#14953,#1339);
#863=LINE('',#14955,#1340);
#864=LINE('',#14957,#1341);
#865=LINE('',#14962,#1342);
#866=LINE('',#14966,#1343);
#867=LINE('',#14969,#1344);
#868=LINE('',#14973,#1345);
#869=LINE('',#14975,#1346);
#870=LINE('',#14977,#1347);
#871=LINE('',#14995,#1348);
#872=LINE('',#15013,#1349);
#873=LINE('',#15017,#1350);
#874=LINE('',#15022,#1351);
#875=LINE('',#15024,#1352);
#876=LINE('',#15026,#1353);
#877=LINE('',#15030,#1354);
#878=LINE('',#15034,#1355);
#879=LINE('',#15038,#1356);
#880=LINE('',#15042,#1357);
#881=LINE('',#15046,#1358);
#882=LINE('',#15048,#1359);
#883=LINE('',#15053,#1360);
#884=LINE('',#15062,#1361);
#885=LINE('',#15069,#1362);
#886=LINE('',#15071,#1363);
#887=LINE('',#15073,#1364);
#888=LINE('',#15077,#1365);
#889=LINE('',#15079,#1366);
#890=LINE('',#15084,#1367);
#891=LINE('',#15086,#1368);
#892=LINE('',#15096,#1369);
#893=LINE('',#15098,#1370);
#894=LINE('',#15106,#1371);
#895=LINE('',#15109,#1372);
#896=LINE('',#15113,#1373);
#897=LINE('',#15117,#1374);
#898=LINE('',#15121,#1375);
#899=LINE('',#15125,#1376);
#900=LINE('',#15134,#1377);
#901=LINE('',#15136,#1378);
#902=LINE('',#15138,#1379);
#903=LINE('',#15140,#1380);
#904=LINE('',#15224,#1381);
#905=LINE('',#15226,#1382);
#906=LINE('',#15228,#1383);
#907=LINE('',#15232,#1384);
#908=LINE('',#15234,#1385);
#909=LINE('',#15236,#1386);
#910=LINE('',#15238,#1387);
#911=LINE('',#15241,#1388);
#912=LINE('',#15243,#1389);
#913=LINE('',#15245,#1390);
#914=LINE('',#15247,#1391);
#915=LINE('',#15250,#1392);
#916=LINE('',#15252,#1393);
#917=LINE('',#15254,#1394);
#918=LINE('',#15256,#1395);
#919=LINE('',#15259,#1396);
#920=LINE('',#15263,#1397);
#921=LINE('',#15265,#1398);
#922=LINE('',#15267,#1399);
#923=LINE('',#15271,#1400);
#924=LINE('',#15288,#1401);
#925=LINE('',#15289,#1402);
#926=LINE('',#15293,#1403);
#927=LINE('',#15297,#1404);
#928=LINE('',#15299,#1405);
#929=LINE('',#15301,#1406);
#930=LINE('',#15305,#1407);
#931=LINE('',#15307,#1408);
#932=LINE('',#15310,#1409);
#933=LINE('',#15312,#1410);
#934=LINE('',#15314,#1411);
#935=LINE('',#15357,#1412);
#936=LINE('',#15361,#1413);
#937=LINE('',#15363,#1414);
#938=LINE('',#15378,#1415);
#939=LINE('',#15386,#1416);
#940=LINE('',#15387,#1417);
#941=LINE('',#15393,#1418);
#942=LINE('',#15394,#1419);
#943=LINE('',#15396,#1420);
#944=LINE('',#15400,#1421);
#945=LINE('',#15402,#1422);
#946=LINE('',#15404,#1423);
#947=LINE('',#15434,#1424);
#948=LINE('',#15438,#1425);
#949=LINE('',#15440,#1426);
#950=LINE('',#15444,#1427);
#951=LINE('',#15446,#1428);
#952=LINE('',#15448,#1429);
#953=LINE('',#15452,#1430);
#954=LINE('',#15454,#1431);
#955=LINE('',#15456,#1432);
#956=LINE('',#15460,#1433);
#957=LINE('',#15462,#1434);
#958=LINE('',#15464,#1435);
#959=LINE('',#15468,#1436);
#960=LINE('',#15472,#1437);
#961=LINE('',#15499,#1438);
#962=LINE('',#15502,#1439);
#963=LINE('',#15504,#1440);
#964=LINE('',#15506,#1441);
#965=LINE('',#15508,#1442);
#966=LINE('',#15511,#1443);
#967=LINE('',#15515,#1444);
#968=LINE('',#15517,#1445);
#969=LINE('',#15519,#1446);
#970=LINE('',#15523,#1447);
#971=LINE('',#15525,#1448);
#972=LINE('',#15528,#1449);
#973=LINE('',#15532,#1450);
#974=LINE('',#15534,#1451);
#975=LINE('',#15536,#1452);
#976=LINE('',#15540,#1453);
#977=LINE('',#15542,#1454);
#978=LINE('',#15545,#1455);
#979=LINE('',#15547,#1456);
#980=LINE('',#15549,#1457);
#981=VECTOR('',#10194,1.);
#982=VECTOR('',#10197,1.);
#983=VECTOR('',#10200,1.);
#984=VECTOR('',#10201,1.);
#985=VECTOR('',#10202,1.);
#986=VECTOR('',#10203,1.);
#987=VECTOR('',#10212,1.);
#988=VECTOR('',#10215,1.);
#989=VECTOR('',#10216,1.);
#990=VECTOR('',#10219,1.);
#991=VECTOR('',#10222,1.);
#992=VECTOR('',#10231,1.);
#993=VECTOR('',#10232,1.);
#994=VECTOR('',#10233,1.);
#995=VECTOR('',#10236,1.);
#996=VECTOR('',#10239,1.);
#997=VECTOR('',#10244,1.);
#998=VECTOR('',#10245,1.);
#999=VECTOR('',#10246,1.);
#1000=VECTOR('',#10251,1.);
#1001=VECTOR('',#10290,1.);
#1002=VECTOR('',#10291,1.);
#1003=VECTOR('',#10296,1.);
#1004=VECTOR('',#10297,1.);
#1005=VECTOR('',#10302,1.);
#1006=VECTOR('',#10303,1.);
#1007=VECTOR('',#10306,1.);
#1008=VECTOR('',#10313,1.);
#1009=VECTOR('',#10316,1.);
#1010=VECTOR('',#10319,1.);
#1011=VECTOR('',#10320,1.);
#1012=VECTOR('',#10351,1.);
#1013=VECTOR('',#10352,1.);
#1014=VECTOR('',#10355,1.);
#1015=VECTOR('',#10358,1.);
#1016=VECTOR('',#10431,1.);
#1017=VECTOR('',#10432,1.);
#1018=VECTOR('',#10435,1.);
#1019=VECTOR('',#10438,1.);
#1020=VECTOR('',#10441,1.);
#1021=VECTOR('',#10444,1.);
#1022=VECTOR('',#10445,1.);
#1023=VECTOR('',#10446,1.);
#1024=VECTOR('',#10449,1.);
#1025=VECTOR('',#10452,1.);
#1026=VECTOR('',#10455,1.);
#1027=VECTOR('',#10458,1.);
#1028=VECTOR('',#10459,1.);
#1029=VECTOR('',#10462,1.);
#1030=VECTOR('',#10463,1.);
#1031=VECTOR('',#10464,1.);
#1032=VECTOR('',#10475,1.);
#1033=VECTOR('',#10476,1.);
#1034=VECTOR('',#10481,1.);
#1035=VECTOR('',#10482,1.);
#1036=VECTOR('',#10483,1.);
#1037=VECTOR('',#10486,1.);
#1038=VECTOR('',#10489,1.);
#1039=VECTOR('',#10490,1.);
#1040=VECTOR('',#10491,1.);
#1041=VECTOR('',#10498,1.);
#1042=VECTOR('',#10505,1.);
#1043=VECTOR('',#10506,1.);
#1044=VECTOR('',#10533,1.);
#1045=VECTOR('',#10536,1.);
#1046=VECTOR('',#10541,1.);
#1047=VECTOR('',#10544,1.);
#1048=VECTOR('',#10549,1.);
#1049=VECTOR('',#10552,1.);
#1050=VECTOR('',#10567,1.);
#1051=VECTOR('',#10572,1.);
#1052=VECTOR('',#10575,1.);
#1053=VECTOR('',#10578,1.);
#1054=VECTOR('',#10655,1.);
#1055=VECTOR('',#10658,1.);
#1056=VECTOR('',#10661,1.);
#1057=VECTOR('',#10664,1.);
#1058=VECTOR('',#10719,1.);
#1059=VECTOR('',#10720,1.);
#1060=VECTOR('',#10857,1.);
#1061=VECTOR('',#10858,1.);
#1062=VECTOR('',#10861,1.);
#1063=VECTOR('',#10862,1.);
#1064=VECTOR('',#10909,1.);
#1065=VECTOR('',#10910,1.);
#1066=VECTOR('',#10913,1.);
#1067=VECTOR('',#10914,1.);
#1068=VECTOR('',#10915,1.);
#1069=VECTOR('',#10918,1.);
#1070=VECTOR('',#10919,1.);
#1071=VECTOR('',#10920,1.);
#1072=VECTOR('',#10947,1.);
#1073=VECTOR('',#10954,1.);
#1074=VECTOR('',#10957,1.);
#1075=VECTOR('',#10958,1.);
#1076=VECTOR('',#10959,1.);
#1077=VECTOR('',#10960,1.);
#1078=VECTOR('',#10961,1.);
#1079=VECTOR('',#10962,1.);
#1080=VECTOR('',#10963,1.);
#1081=VECTOR('',#10964,1.);
#1082=VECTOR('',#10965,1.);
#1083=VECTOR('',#10966,1.);
#1084=VECTOR('',#10967,1.);
#1085=VECTOR('',#10980,1.);
#1086=VECTOR('',#10985,1.);
#1087=VECTOR('',#10986,1.);
#1088=VECTOR('',#10987,1.);
#1089=VECTOR('',#10988,1.);
#1090=VECTOR('',#10989,1.);
#1091=VECTOR('',#10990,1.);
#1092=VECTOR('',#10991,1.);
#1093=VECTOR('',#10992,1.);
#1094=VECTOR('',#10993,1.);
#1095=VECTOR('',#10994,1.);
#1096=VECTOR('',#10995,1.);
#1097=VECTOR('',#10998,1.);
#1098=VECTOR('',#11009,1.);
#1099=VECTOR('',#11010,1.);
#1100=VECTOR('',#11013,1.);
#1101=VECTOR('',#11016,1.);
#1102=VECTOR('',#11019,1.);
#1103=VECTOR('',#11022,1.);
#1104=VECTOR('',#11035,1.);
#1105=VECTOR('',#11036,1.);
#1106=VECTOR('',#11039,1.);
#1107=VECTOR('',#11040,1.);
#1108=VECTOR('',#11041,1.);
#1109=VECTOR('',#11046,1.);
#1110=VECTOR('',#11047,1.);
#1111=VECTOR('',#11048,1.);
#1112=VECTOR('',#11051,1.);
#1113=VECTOR('',#11052,1.);
#1114=VECTOR('',#11053,1.);
#1115=VECTOR('',#11054,1.);
#1116=VECTOR('',#11057,1.);
#1117=VECTOR('',#11058,1.);
#1118=VECTOR('',#11059,1.);
#1119=VECTOR('',#11062,1.);
#1120=VECTOR('',#11063,1.);
#1121=VECTOR('',#11064,1.);
#1122=VECTOR('',#11065,1.);
#1123=VECTOR('',#11074,1.);
#1124=VECTOR('',#11075,1.);
#1125=VECTOR('',#11076,1.);
#1126=VECTOR('',#11077,1.);
#1127=VECTOR('',#11078,1.);
#1128=VECTOR('',#11079,1.);
#1129=VECTOR('',#11080,1.);
#1130=VECTOR('',#11081,1.);
#1131=VECTOR('',#11082,1.);
#1132=VECTOR('',#11083,1.);
#1133=VECTOR('',#11084,1.);
#1134=VECTOR('',#11085,1.);
#1135=VECTOR('',#11086,1.);
#1136=VECTOR('',#11087,1.);
#1137=VECTOR('',#11106,1.);
#1138=VECTOR('',#11113,1.);
#1139=VECTOR('',#11118,1.);
#1140=VECTOR('',#11121,1.);
#1141=VECTOR('',#11122,1.);
#1142=VECTOR('',#11125,1.);
#1143=VECTOR('',#11134,1.);
#1144=VECTOR('',#11137,1.);
#1145=VECTOR('',#11144,1.);
#1146=VECTOR('',#11147,1.);
#1147=VECTOR('',#11154,1.);
#1148=VECTOR('',#11157,1.);
#1149=VECTOR('',#11164,1.);
#1150=VECTOR('',#11167,1.);
#1151=VECTOR('',#11174,1.);
#1152=VECTOR('',#11177,1.);
#1153=VECTOR('',#11184,1.);
#1154=VECTOR('',#11187,1.);
#1155=VECTOR('',#11194,1.);
#1156=VECTOR('',#11197,1.);
#1157=VECTOR('',#11204,1.);
#1158=VECTOR('',#11207,1.);
#1159=VECTOR('',#11214,1.);
#1160=VECTOR('',#11215,1.);
#1161=VECTOR('',#11218,1.);
#1162=VECTOR('',#11219,1.);
#1163=VECTOR('',#11222,1.);
#1164=VECTOR('',#11223,1.);
#1165=VECTOR('',#11226,1.);
#1166=VECTOR('',#11227,1.);
#1167=VECTOR('',#11232,1.);
#1168=VECTOR('',#11233,1.);
#1169=VECTOR('',#11236,1.);
#1170=VECTOR('',#11237,1.);
#1171=VECTOR('',#11240,1.);
#1172=VECTOR('',#11241,1.);
#1173=VECTOR('',#11244,1.);
#1174=VECTOR('',#11245,1.);
#1175=VECTOR('',#11264,1.);
#1176=VECTOR('',#11267,1.);
#1177=VECTOR('',#11270,1.);
#1178=VECTOR('',#11277,1.);
#1179=VECTOR('',#11278,1.);
#1180=VECTOR('',#11281,1.);
#1181=VECTOR('',#11284,1.);
#1182=VECTOR('',#11287,1.);
#1183=VECTOR('',#11288,1.);
#1184=VECTOR('',#11289,1.);
#1185=VECTOR('',#11292,1.);
#1186=VECTOR('',#11297,1.);
#1187=VECTOR('',#11298,1.);
#1188=VECTOR('',#11307,1.);
#1189=VECTOR('',#11308,1.);
#1190=VECTOR('',#11309,1.);
#1191=VECTOR('',#11312,1.);
#1192=VECTOR('',#11313,1.);
#1193=VECTOR('',#11314,1.);
#1194=VECTOR('',#11327,1.);
#1195=VECTOR('',#11328,1.);
#1196=VECTOR('',#11329,1.);
#1197=VECTOR('',#11332,1.);
#1198=VECTOR('',#11337,1.);
#1199=VECTOR('',#11338,1.);
#1200=VECTOR('',#11347,1.);
#1201=VECTOR('',#11350,1.);
#1202=VECTOR('',#11357,1.);
#1203=VECTOR('',#11358,1.);
#1204=VECTOR('',#11361,1.);
#1205=VECTOR('',#11364,1.);
#1206=VECTOR('',#11367,1.);
#1207=VECTOR('',#11372,1.);
#1208=VECTOR('',#11377,1.);
#1209=VECTOR('',#11378,1.);
#1210=VECTOR('',#11381,1.);
#1211=VECTOR('',#11382,1.);
#1212=VECTOR('',#11387,1.);
#1213=VECTOR('',#11392,1.);
#1214=VECTOR('',#11397,1.);
#1215=VECTOR('',#11398,1.);
#1216=VECTOR('',#11401,1.);
#1217=VECTOR('',#11402,1.);
#1218=VECTOR('',#11407,1.);
#1219=VECTOR('',#11408,1.);
#1220=VECTOR('',#11409,1.);
#1221=VECTOR('',#11412,1.);
#1222=VECTOR('',#11413,1.);
#1223=VECTOR('',#11414,1.);
#1224=VECTOR('',#11459,1.);
#1225=VECTOR('',#11460,1.);
#1226=VECTOR('',#11463,1.);
#1227=VECTOR('',#11464,1.);
#1228=VECTOR('',#11493,1.);
#1229=VECTOR('',#11496,1.);
#1230=VECTOR('',#11503,1.);
#1231=VECTOR('',#11508,1.);
#1232=VECTOR('',#11515,1.);
#1233=VECTOR('',#11520,1.);
#1234=VECTOR('',#11529,1.);
#1235=VECTOR('',#11532,1.);
#1236=VECTOR('',#11657,1.);
#1237=VECTOR('',#11658,1.);
#1238=VECTOR('',#11661,1.);
#1239=VECTOR('',#11662,1.);
#1240=VECTOR('',#11665,1.);
#1241=VECTOR('',#11666,1.);
#1242=VECTOR('',#11669,1.);
#1243=VECTOR('',#11672,1.);
#1244=VECTOR('',#11675,1.);
#1245=VECTOR('',#11676,1.);
#1246=VECTOR('',#11695,1.);
#1247=VECTOR('',#11696,1.);
#1248=VECTOR('',#11697,1.);
#1249=VECTOR('',#11698,1.);
#1250=VECTOR('',#11711,1.);
#1251=VECTOR('',#11716,1.);
#1252=VECTOR('',#11721,1.);
#1253=VECTOR('',#11726,1.);
#1254=VECTOR('',#11729,1.);
#1255=VECTOR('',#11732,1.);
#1256=VECTOR('',#11737,1.);
#1257=VECTOR('',#11742,1.);
#1258=VECTOR('',#11745,1.);
#1259=VECTOR('',#11748,1.);
#1260=VECTOR('',#11749,1.);
#1261=VECTOR('',#11750,1.);
#1262=VECTOR('',#11753,1.);
#1263=VECTOR('',#11754,1.);
#1264=VECTOR('',#11755,1.);
#1265=VECTOR('',#11758,1.);
#1266=VECTOR('',#11759,1.);
#1267=VECTOR('',#11760,1.);
#1268=VECTOR('',#11773,1.);
#1269=VECTOR('',#11778,1.);
#1270=VECTOR('',#11787,1.);
#1271=VECTOR('',#11792,1.);
#1272=VECTOR('',#11881,1.);
#1273=VECTOR('',#11884,1.);
#1274=VECTOR('',#11885,1.);
#1275=VECTOR('',#11888,1.);
#1276=VECTOR('',#11889,1.);
#1277=VECTOR('',#11892,1.);
#1278=VECTOR('',#11895,1.);
#1279=VECTOR('',#11896,1.);
#1280=VECTOR('',#11899,1.);
#1281=VECTOR('',#11900,1.);
#1282=VECTOR('',#11903,1.);
#1283=VECTOR('',#11906,1.);
#1284=VECTOR('',#11945,1.);
#1285=VECTOR('',#11948,1.);
#1286=VECTOR('',#11953,1.);
#1287=VECTOR('',#11956,1.);
#1288=VECTOR('',#11961,1.);
#1289=VECTOR('',#11962,1.);
#1290=VECTOR('',#11965,1.);
#1291=VECTOR('',#11968,1.);
#1292=VECTOR('',#11969,1.);
#1293=VECTOR('',#11972,1.);
#1294=VECTOR('',#11975,1.);
#1295=VECTOR('',#11976,1.);
#1296=VECTOR('',#11977,1.);
#1297=VECTOR('',#11978,1.);
#1298=VECTOR('',#11979,1.);
#1299=VECTOR('',#11980,1.);
#1300=VECTOR('',#11981,1.);
#1301=VECTOR('',#11984,1.);
#1302=VECTOR('',#11987,1.);
#1303=VECTOR('',#11990,1.);
#1304=VECTOR('',#11995,1.);
#1305=VECTOR('',#11998,1.);
#1306=VECTOR('',#12001,1.);
#1307=VECTOR('',#12006,1.);
#1308=VECTOR('',#12009,1.);
#1309=VECTOR('',#12012,1.);
#1310=VECTOR('',#12013,1.);
#1311=VECTOR('',#12014,1.);
#1312=VECTOR('',#12017,1.);
#1313=VECTOR('',#12020,1.);
#1314=VECTOR('',#12023,1.);
#1315=VECTOR('',#12026,1.);
#1316=VECTOR('',#12027,1.);
#1317=VECTOR('',#12028,1.);
#1318=VECTOR('',#12031,1.);
#1319=VECTOR('',#12034,1.);
#1320=VECTOR('',#12037,1.);
#1321=VECTOR('',#12040,1.);
#1322=VECTOR('',#12055,1.);
#1323=VECTOR('',#12058,1.);
#1324=VECTOR('',#12061,1.);
#1325=VECTOR('',#12064,1.);
#1326=VECTOR('',#12071,1.);
#1327=VECTOR('',#12072,1.);
#1328=VECTOR('',#12073,1.);
#1329=VECTOR('',#12076,1.);
#1330=VECTOR('',#12079,1.);
#1331=VECTOR('',#12080,1.);
#1332=VECTOR('',#12083,1.);
#1333=VECTOR('',#12088,1.);
#1334=VECTOR('',#12089,1.);
#1335=VECTOR('',#12090,1.);
#1336=VECTOR('',#12093,1.);
#1337=VECTOR('',#12094,1.);
#1338=VECTOR('',#12095,1.);
#1339=VECTOR('',#12096,1.);
#1340=VECTOR('',#12097,1.);
#1341=VECTOR('',#12100,1.);
#1342=VECTOR('',#12103,1.);
#1343=VECTOR('',#12108,1.);
#1344=VECTOR('',#12109,1.);
#1345=VECTOR('',#12112,1.);
#1346=VECTOR('',#12113,1.);
#1347=VECTOR('',#12114,1.);
#1348=VECTOR('',#12115,1.);
#1349=VECTOR('',#12116,1.);
#1350=VECTOR('',#12119,1.);
#1351=VECTOR('',#12124,1.);
#1352=VECTOR('',#12125,1.);
#1353=VECTOR('',#12126,1.);
#1354=VECTOR('',#12129,1.);
#1355=VECTOR('',#12132,1.);
#1356=VECTOR('',#12135,1.);
#1357=VECTOR('',#12138,1.);
#1358=VECTOR('',#12141,1.);
#1359=VECTOR('',#12144,1.);
#1360=VECTOR('',#12147,1.);
#1361=VECTOR('',#12148,1.);
#1362=VECTOR('',#12155,1.);
#1363=VECTOR('',#12156,1.);
#1364=VECTOR('',#12157,1.);
#1365=VECTOR('',#12160,1.);
#1366=VECTOR('',#12163,1.);
#1367=VECTOR('',#12166,1.);
#1368=VECTOR('',#12167,1.);
#1369=VECTOR('',#12168,1.);
#1370=VECTOR('',#12171,1.);
#1371=VECTOR('',#12180,1.);
#1372=VECTOR('',#12181,1.);
#1373=VECTOR('',#12184,1.);
#1374=VECTOR('',#12187,1.);
#1375=VECTOR('',#12192,1.);
#1376=VECTOR('',#12197,1.);
#1377=VECTOR('',#12198,1.);
#1378=VECTOR('',#12201,1.);
#1379=VECTOR('',#12202,1.);
#1380=VECTOR('',#12203,1.);
#1381=VECTOR('',#12286,1.);
#1382=VECTOR('',#12287,1.);
#1383=VECTOR('',#12288,1.);
#1384=VECTOR('',#12291,1.);
#1385=VECTOR('',#12292,1.);
#1386=VECTOR('',#12293,1.);
#1387=VECTOR('',#12296,1.);
#1388=VECTOR('',#12297,1.);
#1389=VECTOR('',#12298,1.);
#1390=VECTOR('',#12299,1.);
#1391=VECTOR('',#12302,1.);
#1392=VECTOR('',#12303,1.);
#1393=VECTOR('',#12304,1.);
#1394=VECTOR('',#12305,1.);
#1395=VECTOR('',#12308,1.);
#1396=VECTOR('',#12309,1.);
#1397=VECTOR('',#12312,1.);
#1398=VECTOR('',#12313,1.);
#1399=VECTOR('',#12314,1.);
#1400=VECTOR('',#12317,1.);
#1401=VECTOR('',#12346,1.);
#1402=VECTOR('',#12347,1.);
#1403=VECTOR('',#12350,1.);
#1404=VECTOR('',#12353,1.);
#1405=VECTOR('',#12354,1.);
#1406=VECTOR('',#12355,1.);
#1407=VECTOR('',#12358,1.);
#1408=VECTOR('',#12361,1.);
#1409=VECTOR('',#12362,1.);
#1410=VECTOR('',#12363,1.);
#1411=VECTOR('',#12364,1.);
#1412=VECTOR('',#12393,1.);
#1413=VECTOR('',#12396,1.);
#1414=VECTOR('',#12399,1.);
#1415=VECTOR('',#12402,1.);
#1416=VECTOR('',#12411,1.);
#1417=VECTOR('',#12412,1.);
#1418=VECTOR('',#12419,1.);
#1419=VECTOR('',#12420,1.);
#1420=VECTOR('',#12423,1.);
#1421=VECTOR('',#12430,1.);
#1422=VECTOR('',#12433,1.);
#1423=VECTOR('',#12436,1.);
#1424=VECTOR('',#12479,1.);
#1425=VECTOR('',#12482,1.);
#1426=VECTOR('',#12485,1.);
#1427=VECTOR('',#12490,1.);
#1428=VECTOR('',#12491,1.);
#1429=VECTOR('',#12494,1.);
#1430=VECTOR('',#12499,1.);
#1431=VECTOR('',#12500,1.);
#1432=VECTOR('',#12503,1.);
#1433=VECTOR('',#12508,1.);
#1434=VECTOR('',#12509,1.);
#1435=VECTOR('',#12512,1.);
#1436=VECTOR('',#12517,1.);
#1437=VECTOR('',#12522,1.);
#1438=VECTOR('',#12539,1.);
#1439=VECTOR('',#12540,1.);
#1440=VECTOR('',#12541,1.);
#1441=VECTOR('',#12542,1.);
#1442=VECTOR('',#12545,1.);
#1443=VECTOR('',#12546,1.);
#1444=VECTOR('',#12549,1.);
#1445=VECTOR('',#12550,1.);
#1446=VECTOR('',#12551,1.);
#1447=VECTOR('',#12554,1.);
#1448=VECTOR('',#12557,1.);
#1449=VECTOR('',#12558,1.);
#1450=VECTOR('',#12561,1.);
#1451=VECTOR('',#12562,1.);
#1452=VECTOR('',#12563,1.);
#1453=VECTOR('',#12566,1.);
#1454=VECTOR('',#12569,1.);
#1455=VECTOR('',#12570,1.);
#1456=VECTOR('',#12571,1.);
#1457=VECTOR('',#12572,1.);
#1458=PRESENTATION_LAYER_ASSIGNMENT('1','Layer 1',(#1509,#1510,#1511,#1512,
#1513,#1514,#1515));
#1459=STYLED_ITEM('',(#1466),#1509);
#1460=STYLED_ITEM('',(#1467),#1510);
#1461=STYLED_ITEM('',(#1468),#1511);
#1462=STYLED_ITEM('',(#1469),#1512);
#1463=STYLED_ITEM('',(#1470),#1513);
#1464=STYLED_ITEM('',(#1471),#1514);
#1465=STYLED_ITEM('',(#1472),#1515);
#1466=PRESENTATION_STYLE_ASSIGNMENT((#1473));
#1467=PRESENTATION_STYLE_ASSIGNMENT((#1474));
#1468=PRESENTATION_STYLE_ASSIGNMENT((#1475));
#1469=PRESENTATION_STYLE_ASSIGNMENT((#1476));
#1470=PRESENTATION_STYLE_ASSIGNMENT((#1477));
#1471=PRESENTATION_STYLE_ASSIGNMENT((#1478));
#1472=PRESENTATION_STYLE_ASSIGNMENT((#1479));
#1473=SURFACE_STYLE_USAGE(.BOTH.,#1480);
#1474=SURFACE_STYLE_USAGE(.BOTH.,#1481);
#1475=SURFACE_STYLE_USAGE(.BOTH.,#1482);
#1476=SURFACE_STYLE_USAGE(.BOTH.,#1483);
#1477=SURFACE_STYLE_USAGE(.BOTH.,#1484);
#1478=SURFACE_STYLE_USAGE(.BOTH.,#1485);
#1479=SURFACE_STYLE_USAGE(.BOTH.,#1486);
#1480=SURFACE_SIDE_STYLE('',(#1487));
#1481=SURFACE_SIDE_STYLE('',(#1488));
#1482=SURFACE_SIDE_STYLE('',(#1489));
#1483=SURFACE_SIDE_STYLE('',(#1490));
#1484=SURFACE_SIDE_STYLE('',(#1491));
#1485=SURFACE_SIDE_STYLE('',(#1492));
#1486=SURFACE_SIDE_STYLE('',(#1493));
#1487=SURFACE_STYLE_FILL_AREA(#1494);
#1488=SURFACE_STYLE_FILL_AREA(#1495);
#1489=SURFACE_STYLE_FILL_AREA(#1496);
#1490=SURFACE_STYLE_FILL_AREA(#1497);
#1491=SURFACE_STYLE_FILL_AREA(#1498);
#1492=SURFACE_STYLE_FILL_AREA(#1499);
#1493=SURFACE_STYLE_FILL_AREA(#1500);
#1494=FILL_AREA_STYLE('',(#1501));
#1495=FILL_AREA_STYLE('',(#1502));
#1496=FILL_AREA_STYLE('',(#1503));
#1497=FILL_AREA_STYLE('',(#1504));
#1498=FILL_AREA_STYLE('',(#1505));
#1499=FILL_AREA_STYLE('',(#1506));
#1500=FILL_AREA_STYLE('',(#1507));
#1501=FILL_AREA_STYLE_COLOUR('',#1508);
#1502=FILL_AREA_STYLE_COLOUR('',#143);
#1503=FILL_AREA_STYLE_COLOUR('',#144);
#1504=FILL_AREA_STYLE_COLOUR('',#145);
#1505=FILL_AREA_STYLE_COLOUR('',#145);
#1506=FILL_AREA_STYLE_COLOUR('',#146);
#1507=FILL_AREA_STYLE_COLOUR('',#144);
#1508=DRAUGHTING_PRE_DEFINED_COLOUR('black');
#1509=MANIFOLD_SOLID_BREP('',#1516);
#1510=MANIFOLD_SOLID_BREP('',#1517);
#1511=MANIFOLD_SOLID_BREP('',#1518);
#1512=MANIFOLD_SOLID_BREP('',#1519);
#1513=MANIFOLD_SOLID_BREP('',#1520);
#1514=MANIFOLD_SOLID_BREP('',#1521);
#1515=MANIFOLD_SOLID_BREP('',#1522);
#1516=CLOSED_SHELL('',(#1762,#1763,#1764,#1765,#1766,#1767,#1768,#1769,
#1770,#1771));
#1517=CLOSED_SHELL('',(#1772,#1773,#1774,#1775,#1776,#1777,#1778,#1779,
#1780,#1781,#1782,#1783,#1784,#1785,#1786,#1787,#1788,#1789,#1790,#1791,
#1792,#1793,#1794,#1795,#1796,#1797,#1798,#1799,#1800,#1801,#1802,#1803,
#1804,#1805,#1806));
#1518=CLOSED_SHELL('',(#1807,#1808,#1809,#1810,#1811,#1812,#1813,#1814,
#1815,#1816,#1817,#1818,#1819,#1820,#1821,#1822,#1823,#1824,#1825,#1826,
#1827,#1828,#1829,#1830,#1831,#1832,#1833,#1834,#1835,#1836,#1837,#1838,
#1839,#1840,#1841,#1842,#1843,#1844));
#1519=CLOSED_SHELL('',(#1845,#1846,#1847,#1848,#1849,#1850,#1851,#1852,
#1853,#1854,#1855,#1856,#1857,#1858,#1859,#1860,#1861,#1862,#1863,#1864,
#1865,#1866,#1867,#1868,#1869,#1870,#1871,#1872,#1873,#1874,#1875,#1876,
#1877,#1878,#1879,#1880,#1881,#1882,#1883,#1884,#1885,#1886,#1887,#1888,
#1889,#1890,#1891,#1892,#1893,#1894,#1895,#1896,#1897,#1898,#1899,#1900,
#1901,#1902,#1903,#1904,#1905,#1906,#1907,#1908,#1909,#1910,#1911,#1912,
#1913,#1914,#1915,#1916,#1917,#1918,#1919,#1920));
#1520=CLOSED_SHELL('',(#1921,#1922,#1923,#1924,#1925,#1926,#1927,#1928,
#1929,#1930,#1931,#1932,#1933,#1934,#1935,#1936,#1937,#1938,#1939,#1940,
#1941,#1942,#1943,#1944,#1945,#1946,#1947,#1948,#1949,#1950,#1951,#1952,
#1953,#1954,#1955,#1956,#1957,#1958,#1959,#1960,#1961,#1962,#1963,#1964,
#1965,#1966,#1967,#1968,#1969,#1970,#1971,#1972,#1973,#1974,#1975,#1976,
#1977,#1978,#1979,#1980,#1981,#1982,#1983,#1984,#1985,#1986,#1987,#1988,
#1989,#1990,#1991,#1992,#1993,#1994,#1995,#1996,#1997,#1998,#1999,#2000,
#2001,#2002,#2003,#2004,#2005,#2006,#2007,#2008,#2009,#2010,#2011,#2012,
#2013,#2014,#2015,#2016,#2017,#2018,#2019,#2020,#2021,#2022,#2023,#2024,
#2025,#2026,#2027,#2028,#2029,#2030,#2031,#2032,#2033,#2034,#2035,#2036,
#2037,#2038,#2039,#2040,#2041,#2042,#2043,#2044,#2045,#2046,#2047,#2048,
#2049,#2050,#2051,#2052,#2053,#2054,#2055,#2056,#2057,#2058,#2059,#2060,
#2061,#2062,#2063,#2064,#2065));
#1521=CLOSED_SHELL('',(#2066,#2067,#2068,#2069,#2070,#2071,#2072,#2073,
#2074,#2075,#2076,#2077,#2078,#2079,#2080,#2081,#2082,#2083,#2084,#2085,
#2086,#2087,#2088,#2089,#2090,#2091,#2092,#2093,#2094,#2095,#2096,#2097,
#2098,#2099,#2100,#2101,#2102,#2103,#2104,#2105,#2106,#2107,#2108,#2109,
#2110,#2111,#2112,#2113));
#1522=CLOSED_SHELL('',(#2114,#2115,#2116,#2117,#2118,#2119,#2120,#2121,
#2122,#2123,#2124,#2125,#2126,#2127,#2128,#2129,#2130,#2131,#2132,#2133,
#2134,#2135,#2136,#2137,#2138,#2139,#2140,#2141,#2142,#2143,#2144,#2145,
#2146,#2147,#2148,#2149,#2150,#2151,#2152,#2153,#2154,#2155,#2156,#2157,
#2158,#2159,#2160,#2161,#2162,#2163,#2164,#2165,#2166,#2167,#2168,#2169,
#2170,#2171,#2172,#2173,#2174,#2175,#2176,#2177,#2178,#2179,#2180,#2181,
#2182,#2183,#2184,#2185,#2186,#2187,#2188,#2189,#2190,#2191,#2192,#2193,
#2194,#2195,#2196,#2197,#2198,#2199,#2200,#2201,#2202,#2203,#2204,#2205,
#2206,#2207,#2208,#2209,#2210,#2211,#2212,#2213,#2214,#2215,#2216,#2217,
#2218,#2219,#2220,#2221,#2222,#2223,#2224,#2225,#2226,#2227,#2228,#2229,
#2230,#2231,#2232,#2233,#2234,#2235,#2236,#2237,#2238,#2239,#2240,#2241,
#2242,#2243,#2244,#2245,#2246,#2247,#2248,#2249,#2250,#2251,#2252,#2253,
#2254,#2255,#2256,#2257,#2258,#2259,#2260,#2261,#2262,#2263,#2264,#2265,
#2266,#2267,#2268,#2269,#2270,#2271,#2272,#2273,#2274,#2275,#2276,#2277,
#2278,#2279,#2280,#2281,#2282,#2283,#2284,#2285,#2286,#2287,#2288,#2289,
#2290,#2291,#2292,#2293,#2294,#2295,#2296,#2297,#2298,#2299,#2300,#2301,
#2302,#2303,#2304,#2305,#2306,#2307,#2308,#2309,#2310,#2311,#2312));
#1523=CONICAL_SURFACE('',#8961,1.65,45.);
#1524=CONICAL_SURFACE('',#8962,1.65,45.);
#1525=CONICAL_SURFACE('',#8963,1.65,45.);
#1526=CONICAL_SURFACE('',#8964,11.0000000000028,45.);
#1527=CONICAL_SURFACE('',#9006,1.65,45.);
#1528=CONICAL_SURFACE('',#9007,1.65,45.);
#1529=CONICAL_SURFACE('',#9008,1.65,45.);
#1530=CONICAL_SURFACE('',#9066,1.25,45.);
#1531=CONICAL_SURFACE('',#9067,1.25,45.);
#1532=CONICAL_SURFACE('',#9068,1.25,45.);
#1533=CONICAL_SURFACE('',#9069,9.,45.);
#1534=CONICAL_SURFACE('',#9090,11.,45.);
#1535=CONICAL_SURFACE('',#9201,1.65,45.);
#1536=CONICAL_SURFACE('',#9202,1.65,45.);
#1537=CONICAL_SURFACE('',#9203,1.65,45.);
#1538=CONICAL_SURFACE('',#9204,1.65,45.);
#1539=CONICAL_SURFACE('',#9205,3.65,45.);
#1540=CONICAL_SURFACE('',#9206,3.65,45.);
#1541=CONICAL_SURFACE('',#9207,3.65,45.);
#1542=CONICAL_SURFACE('',#9208,3.65,45.);
#1543=CONICAL_SURFACE('',#9237,0.8,45.);
#1544=CONICAL_SURFACE('',#9238,2.5,45.);
#1545=CONICAL_SURFACE('',#9239,3.,45.);
#1546=CONICAL_SURFACE('',#9240,0.8,45.);
#1547=CONICAL_SURFACE('',#9241,3.,45.);
#1548=CONICAL_SURFACE('',#9242,0.8,45.);
#1549=CONICAL_SURFACE('',#9243,0.8,45.);
#1550=CONICAL_SURFACE('',#9244,2.5,45.);
#1551=CONICAL_SURFACE('',#9251,1.65,45.);
#1552=CONICAL_SURFACE('',#9252,1.65,45.);
#1553=CONICAL_SURFACE('',#9253,1.65,45.);
#1554=CONICAL_SURFACE('',#9262,1.25,45.0000000000001);
#1555=CONICAL_SURFACE('',#9263,1.75,45.0000000000001);
#1556=CONICAL_SURFACE('',#9264,1.25,45.0000000000001);
#1557=CONICAL_SURFACE('',#9265,1.75,44.9999999999999);
#1558=CONICAL_SURFACE('',#9278,1.25,45.);
#1559=CONICAL_SURFACE('',#9279,1.25,45.);
#1560=CONICAL_SURFACE('',#9280,1.25,45.);
#1561=CONICAL_SURFACE('',#9287,1.75,45.);
#1562=CONICAL_SURFACE('',#9288,1.75,45.);
#1563=CONICAL_SURFACE('',#9289,1.75,45.);
#1564=CONICAL_SURFACE('',#9519,1.75,45.);
#1565=CONICAL_SURFACE('',#9520,1.25,45.);
#1566=CONICAL_SURFACE('',#9521,1.25,45.);
#1567=CONICAL_SURFACE('',#9542,1.75,45.);
#1568=CONICAL_SURFACE('',#9543,1.25,45.0000000000001);
#1569=CONICAL_SURFACE('',#9544,1.25,45.);
#1570=CONICAL_SURFACE('',#9545,1.25,45.);
#1571=CONICAL_SURFACE('',#9546,1.75,45.0000000000001);
#1572=CONICAL_SURFACE('',#9567,1.25,45.0000000000001);
#1573=CONICAL_SURFACE('',#9568,1.75,45.);
#1574=CONICAL_SURFACE('',#9569,1.75,45.);
#1575=CONICAL_SURFACE('',#9570,1.75,45.);
#1576=CONICAL_SURFACE('',#9571,1.25,45.0000000000001);
#1577=CONICAL_SURFACE('',#9664,1.25,44.9999999999995);
#1578=CONICAL_SURFACE('',#9665,3.5,45.);
#1579=CONICAL_SURFACE('',#9666,3.,44.9999999999998);
#1580=CONICAL_SURFACE('',#9667,1.25,44.9999999999993);
#1581=CONICAL_SURFACE('',#9668,1.25,44.9999999999995);
#1582=CONICAL_SURFACE('',#9669,3.5,44.9999999999998);
#1583=CONICAL_SURFACE('',#9670,3.,45.);
#1584=CONICAL_SURFACE('',#9671,1.25,44.9999999999993);
#1585=CONICAL_SURFACE('',#9694,1.65,45.);
#1586=CONICAL_SURFACE('',#9695,1.65,45.);
#1587=CONICAL_SURFACE('',#9696,1.65,45.);
#1588=CONICAL_SURFACE('',#9697,1.65,45.);
#1589=CONICAL_SURFACE('',#9794,1.65,45.0000000000002);
#1590=CONICAL_SURFACE('',#9798,1.65,44.9999999999999);
#1591=CONICAL_SURFACE('',#9814,1.65,45.);
#1592=CONICAL_SURFACE('',#9815,1.65,45.);
#1593=CONICAL_SURFACE('',#9816,1.65,45.);
#1594=CONICAL_SURFACE('',#9817,1.65,45.);
#1595=CONICAL_SURFACE('',#9818,1.65,45.);
#1596=CONICAL_SURFACE('',#9891,1.25,45.0000000000001);
#1597=CONICAL_SURFACE('',#9892,1.25,45.0000000000001);
#1598=CONICAL_SURFACE('',#9893,1.25,45.0000000000001);
#1599=CONICAL_SURFACE('',#9894,1.25,45.0000000000001);
#1600=PLANE('',#8950);
#1601=PLANE('',#8954);
#1602=PLANE('',#8977);
#1603=PLANE('',#8983);
#1604=PLANE('',#8990);
#1605=PLANE('',#8991);
#1606=PLANE('',#8999);
#1607=PLANE('',#9011);
#1608=PLANE('',#9012);
#1609=PLANE('',#9015);
#1610=PLANE('',#9016);
#1611=PLANE('',#9018);
#1612=PLANE('',#9021);
#1613=PLANE('',#9022);
#1614=PLANE('',#9030);
#1615=PLANE('',#9033);
#1616=PLANE('',#9036);
#1617=PLANE('',#9053);
#1618=PLANE('',#9057);
#1619=PLANE('',#9061);
#1620=PLANE('',#9065);
#1621=PLANE('',#9074);
#1622=PLANE('',#9078);
#1623=PLANE('',#9079);
#1624=PLANE('',#9083);
#1625=PLANE('',#9084);
#1626=PLANE('',#9089);
#1627=PLANE('',#9091);
#1628=PLANE('',#9092);
#1629=PLANE('',#9093);
#1630=PLANE('',#9098);
#1631=PLANE('',#9099);
#1632=PLANE('',#9107);
#1633=PLANE('',#9110);
#1634=PLANE('',#9150);
#1635=PLANE('',#9181);
#1636=PLANE('',#9199);
#1637=PLANE('',#9200);
#1638=PLANE('',#9213);
#1639=PLANE('',#9218);
#1640=PLANE('',#9223);
#1641=PLANE('',#9228);
#1642=PLANE('',#9266);
#1643=PLANE('',#9267);
#1644=PLANE('',#9297);
#1645=PLANE('',#9309);
#1646=PLANE('',#9321);
#1647=PLANE('',#9335);
#1648=PLANE('',#9336);
#1649=PLANE('',#9337);
#1650=PLANE('',#9338);
#1651=PLANE('',#9339);
#1652=PLANE('',#9343);
#1653=PLANE('',#9393);
#1654=PLANE('',#9416);
#1655=PLANE('',#9417);
#1656=PLANE('',#9419);
#1657=PLANE('',#9420);
#1658=PLANE('',#9423);
#1659=PLANE('',#9426);
#1660=PLANE('',#9427);
#1661=PLANE('',#9428);
#1662=PLANE('',#9433);
#1663=PLANE('',#9434);
#1664=PLANE('',#9437);
#1665=PLANE('',#9440);
#1666=PLANE('',#9444);
#1667=PLANE('',#9445);
#1668=PLANE('',#9447);
#1669=PLANE('',#9451);
#1670=PLANE('',#9452);
#1671=PLANE('',#9453);
#1672=PLANE('',#9458);
#1673=PLANE('',#9459);
#1674=PLANE('',#9460);
#1675=PLANE('',#9462);
#1676=PLANE('',#9463);
#1677=PLANE('',#9468);
#1678=PLANE('',#9485);
#1679=PLANE('',#9486);
#1680=PLANE('',#9490);
#1681=PLANE('',#9494);
#1682=PLANE('',#9498);
#1683=PLANE('',#9500);
#1684=PLANE('',#9501);
#1685=PLANE('',#9503);
#1686=PLANE('',#9505);
#1687=PLANE('',#9506);
#1688=PLANE('',#9508);
#1689=PLANE('',#9510);
#1690=PLANE('',#9511);
#1691=PLANE('',#9513);
#1692=PLANE('',#9515);
#1693=PLANE('',#9516);
#1694=PLANE('',#9518);
#1695=PLANE('',#9525);
#1696=PLANE('',#9529);
#1697=PLANE('',#9533);
#1698=PLANE('',#9537);
#1699=PLANE('',#9541);
#1700=PLANE('',#9550);
#1701=PLANE('',#9554);
#1702=PLANE('',#9558);
#1703=PLANE('',#9562);
#1704=PLANE('',#9566);
#1705=PLANE('',#9578);
#1706=PLANE('',#9579);
#1707=PLANE('',#9580);
#1708=PLANE('',#9581);
#1709=PLANE('',#9582);
#1710=PLANE('',#9583);
#1711=PLANE('',#9592);
#1712=PLANE('',#9611);
#1713=PLANE('',#9612);
#1714=PLANE('',#9613);
#1715=PLANE('',#9614);
#1716=PLANE('',#9635);
#1717=PLANE('',#9640);
#1718=PLANE('',#9645);
#1719=PLANE('',#9650);
#1720=PLANE('',#9655);
#1721=PLANE('',#9673);
#1722=PLANE('',#9674);
#1723=PLANE('',#9677);
#1724=PLANE('',#9679);
#1725=PLANE('',#9716);
#1726=PLANE('',#9732);
#1727=PLANE('',#9743);
#1728=PLANE('',#9746);
#1729=PLANE('',#9752);
#1730=PLANE('',#9759);
#1731=PLANE('',#9761);
#1732=PLANE('',#9765);
#1733=PLANE('',#9767);
#1734=PLANE('',#9774);
#1735=PLANE('',#9778);
#1736=PLANE('',#9779);
#1737=PLANE('',#9821);
#1738=PLANE('',#9822);
#1739=PLANE('',#9823);
#1740=PLANE('',#9826);
#1741=PLANE('',#9843);
#1742=PLANE('',#9844);
#1743=PLANE('',#9865);
#1744=PLANE('',#9868);
#1745=PLANE('',#9869);
#1746=PLANE('',#9870);
#1747=PLANE('',#9871);
#1748=PLANE('',#9872);
#1749=PLANE('',#9878);
#1750=PLANE('',#9882);
#1751=PLANE('',#9886);
#1752=PLANE('',#9890);
#1753=PLANE('',#9899);
#1754=PLANE('',#9902);
#1755=PLANE('',#9905);
#1756=PLANE('',#9910);
#1757=PLANE('',#9911);
#1758=PLANE('',#9918);
#1759=PLANE('',#9921);
#1760=PLANE('',#9924);
#1761=PLANE('',#9925);
#1762=ADVANCED_FACE('',(#2567,#2568),#2313,.T.);
#1763=ADVANCED_FACE('',(#2569,#2570,#2571,#2572),#1600,.T.);
#1764=ADVANCED_FACE('',(#2573,#2574,#2575,#2576),#1601,.F.);
#1765=ADVANCED_FACE('',(#2577,#2578),#2314,.F.);
#1766=ADVANCED_FACE('',(#2579,#2580),#2315,.F.);
#1767=ADVANCED_FACE('',(#2581,#2582),#2316,.F.);
#1768=ADVANCED_FACE('',(#2583,#2584),#1523,.F.);
#1769=ADVANCED_FACE('',(#2585,#2586),#1524,.F.);
#1770=ADVANCED_FACE('',(#2587,#2588),#1525,.F.);
#1771=ADVANCED_FACE('',(#2589,#2590),#1526,.T.);
#1772=ADVANCED_FACE('',(#2591,#2592),#2317,.F.);
#1773=ADVANCED_FACE('',(#2593,#2594),#2318,.F.);
#1774=ADVANCED_FACE('',(#2595,#2596),#2319,.F.);
#1775=ADVANCED_FACE('',(#2597,#2598,#2599,#2600),#1602,.T.);
#1776=ADVANCED_FACE('',(#2601,#2602,#2603),#1603,.F.);
#1777=ADVANCED_FACE('',(#2604,#2605,#2606,#2607),#1604,.F.);
#1778=ADVANCED_FACE('',(#178),#1605,.T.);
#1779=ADVANCED_FACE('',(#2608,#2609),#2320,.T.);
#1780=ADVANCED_FACE('',(#2610,#2611,#2612,#2613),#1606,.T.);
#1781=ADVANCED_FACE('',(#2614,#2615),#2321,.F.);
#1782=ADVANCED_FACE('',(#2616,#2617),#2322,.F.);
#1783=ADVANCED_FACE('',(#2618,#2619),#2323,.F.);
#1784=ADVANCED_FACE('',(#2620,#2621),#1527,.F.);
#1785=ADVANCED_FACE('',(#2622,#2623),#1528,.F.);
#1786=ADVANCED_FACE('',(#2624,#2625),#1529,.F.);
#1787=ADVANCED_FACE('',(#2626,#2627),#2324,.F.);
#1788=ADVANCED_FACE('',(#2628,#2629),#1607,.T.);
#1789=ADVANCED_FACE('',(#179),#1608,.T.);
#1790=ADVANCED_FACE('',(#180),#1609,.T.);
#1791=ADVANCED_FACE('',(#181),#1610,.T.);
#1792=ADVANCED_FACE('',(#182),#1611,.T.);
#1793=ADVANCED_FACE('',(#183),#2325,.T.);
#1794=ADVANCED_FACE('',(#184),#1612,.F.);
#1795=ADVANCED_FACE('',(#185),#1613,.T.);
#1796=ADVANCED_FACE('',(#186),#2326,.F.);
#1797=ADVANCED_FACE('',(#187),#2327,.T.);
#1798=ADVANCED_FACE('',(#188),#2328,.T.);
#1799=ADVANCED_FACE('',(#189),#2329,.F.);
#1800=ADVANCED_FACE('',(#190),#2330,.F.);
#1801=ADVANCED_FACE('',(#2630,#2631),#2331,.F.);
#1802=ADVANCED_FACE('',(#2632,#2633),#1614,.T.);
#1803=ADVANCED_FACE('',(#2634,#2635),#2332,.F.);
#1804=ADVANCED_FACE('',(#2636,#2637),#1615,.T.);
#1805=ADVANCED_FACE('',(#2638,#2639),#2333,.F.);
#1806=ADVANCED_FACE('',(#2640,#2641),#1616,.T.);
#1807=ADVANCED_FACE('',(#191),#2334,.F.);
#1808=ADVANCED_FACE('',(#2642,#2643),#2335,.F.);
#1809=ADVANCED_FACE('',(#2644,#2645),#2336,.F.);
#1810=ADVANCED_FACE('',(#2646,#2647),#2337,.T.);
#1811=ADVANCED_FACE('',(#2648,#2649,#2650,#2651),#1617,.T.);
#1812=ADVANCED_FACE('',(#2652,#2653),#2338,.F.);
#1813=ADVANCED_FACE('',(#192),#1618,.T.);
#1814=ADVANCED_FACE('',(#2654,#2655),#2339,.F.);
#1815=ADVANCED_FACE('',(#193),#1619,.T.);
#1816=ADVANCED_FACE('',(#2656,#2657),#2340,.F.);
#1817=ADVANCED_FACE('',(#194),#1620,.T.);
#1818=ADVANCED_FACE('',(#2658,#2659),#1530,.F.);
#1819=ADVANCED_FACE('',(#2660,#2661),#1531,.F.);
#1820=ADVANCED_FACE('',(#2662,#2663),#1532,.F.);
#1821=ADVANCED_FACE('',(#2664,#2665),#1533,.T.);
#1822=ADVANCED_FACE('',(#2666,#2667),#2341,.T.);
#1823=ADVANCED_FACE('',(#2668,#2669),#1621,.T.);
#1824=ADVANCED_FACE('',(#195),#1622,.T.);
#1825=ADVANCED_FACE('',(#196),#1623,.T.);
#1826=ADVANCED_FACE('',(#2670,#2671,#2672),#1624,.T.);
#1827=ADVANCED_FACE('',(#197),#1625,.T.);
#1828=ADVANCED_FACE('',(#198),#2342,.T.);
#1829=ADVANCED_FACE('',(#2673,#2674),#1626,.F.);
#1830=ADVANCED_FACE('',(#2675,#2676),#1534,.T.);
#1831=ADVANCED_FACE('',(#199),#1627,.T.);
#1832=ADVANCED_FACE('',(#200),#1628,.T.);
#1833=ADVANCED_FACE('',(#201),#1629,.F.);
#1834=ADVANCED_FACE('',(#202),#1630,.F.);
#1835=ADVANCED_FACE('',(#203),#1631,.T.);
#1836=ADVANCED_FACE('',(#204),#2343,.T.);
#1837=ADVANCED_FACE('',(#205),#2344,.F.);
#1838=ADVANCED_FACE('',(#206),#2345,.T.);
#1839=ADVANCED_FACE('',(#207),#2346,.T.);
#1840=ADVANCED_FACE('',(#208),#2347,.F.);
#1841=ADVANCED_FACE('',(#2677,#2678),#2348,.F.);
#1842=ADVANCED_FACE('',(#2679,#2680),#1632,.T.);
#1843=ADVANCED_FACE('',(#2681,#2682),#2349,.F.);
#1844=ADVANCED_FACE('',(#2683,#2684),#1633,.T.);
#1845=ADVANCED_FACE('',(#209),#2350,.T.);
#1846=ADVANCED_FACE('',(#210),#2351,.T.);
#1847=ADVANCED_FACE('',(#211),#2352,.T.);
#1848=ADVANCED_FACE('',(#2685,#2686,#2687,#2688,#2689,#2690,#2691,#2692,
#2693,#2694,#2695,#2696,#2697,#2698,#2699,#2700,#2701,#2702,#2703,#2704,
#2705,#2706,#2707,#2708,#2709,#2710),#1634,.T.);
#1849=ADVANCED_FACE('',(#2711,#2712,#2713,#2714,#2715,#2716,#2717,#2718,
#2719,#2720,#2721,#2722,#2723,#2724,#2725,#2726,#2727,#2728,#2729,#2730,
#2731,#2732,#2733,#2734,#2735,#2736),#1635,.F.);
#1850=ADVANCED_FACE('',(#2737,#2738),#2353,.F.);
#1851=ADVANCED_FACE('',(#2739,#2740),#2354,.F.);
#1852=ADVANCED_FACE('',(#2741,#2742),#2355,.F.);
#1853=ADVANCED_FACE('',(#2743,#2744),#2356,.F.);
#1854=ADVANCED_FACE('',(#2745,#2746),#2357,.F.);
#1855=ADVANCED_FACE('',(#2747,#2748),#2358,.F.);
#1856=ADVANCED_FACE('',(#2749,#2750),#2359,.F.);
#1857=ADVANCED_FACE('',(#2751,#2752),#2360,.F.);
#1858=ADVANCED_FACE('',(#212),#2361,.T.);
#1859=ADVANCED_FACE('',(#213),#1636,.T.);
#1860=ADVANCED_FACE('',(#214),#1637,.T.);
#1861=ADVANCED_FACE('',(#2753,#2754),#1535,.F.);
#1862=ADVANCED_FACE('',(#2755,#2756),#1536,.F.);
#1863=ADVANCED_FACE('',(#2757,#2758),#1537,.F.);
#1864=ADVANCED_FACE('',(#2759,#2760),#1538,.F.);
#1865=ADVANCED_FACE('',(#2761,#2762),#1539,.F.);
#1866=ADVANCED_FACE('',(#2763,#2764),#1540,.F.);
#1867=ADVANCED_FACE('',(#2765,#2766),#1541,.F.);
#1868=ADVANCED_FACE('',(#2767,#2768),#1542,.F.);
#1869=ADVANCED_FACE('',(#2769,#2770),#2362,.T.);
#1870=ADVANCED_FACE('',(#2771,#2772),#1638,.T.);
#1871=ADVANCED_FACE('',(#2773,#2774),#2363,.T.);
#1872=ADVANCED_FACE('',(#2775,#2776),#1639,.T.);
#1873=ADVANCED_FACE('',(#2777,#2778),#2364,.T.);
#1874=ADVANCED_FACE('',(#2779,#2780),#1640,.F.);
#1875=ADVANCED_FACE('',(#2781,#2782),#2365,.T.);
#1876=ADVANCED_FACE('',(#2783,#2784),#1641,.F.);
#1877=ADVANCED_FACE('',(#2785,#2786),#2366,.F.);
#1878=ADVANCED_FACE('',(#2787,#2788),#2367,.F.);
#1879=ADVANCED_FACE('',(#2789,#2790),#2368,.F.);
#1880=ADVANCED_FACE('',(#2791,#2792),#2369,.F.);
#1881=ADVANCED_FACE('',(#2793,#2794),#1543,.F.);
#1882=ADVANCED_FACE('',(#2795,#2796),#1544,.T.);
#1883=ADVANCED_FACE('',(#2797,#2798),#1545,.T.);
#1884=ADVANCED_FACE('',(#2799,#2800),#1546,.F.);
#1885=ADVANCED_FACE('',(#2801,#2802),#1547,.T.);
#1886=ADVANCED_FACE('',(#2803,#2804),#1548,.F.);
#1887=ADVANCED_FACE('',(#2805,#2806),#1549,.F.);
#1888=ADVANCED_FACE('',(#2807,#2808),#1550,.T.);
#1889=ADVANCED_FACE('',(#2809,#2810),#2370,.F.);
#1890=ADVANCED_FACE('',(#2811,#2812),#2371,.F.);
#1891=ADVANCED_FACE('',(#2813,#2814),#2372,.F.);
#1892=ADVANCED_FACE('',(#2815,#2816),#1551,.F.);
#1893=ADVANCED_FACE('',(#2817,#2818),#1552,.F.);
#1894=ADVANCED_FACE('',(#2819,#2820),#1553,.F.);
#1895=ADVANCED_FACE('',(#2821,#2822),#2373,.F.);
#1896=ADVANCED_FACE('',(#2823,#2824),#2374,.F.);
#1897=ADVANCED_FACE('',(#2825,#2826),#2375,.F.);
#1898=ADVANCED_FACE('',(#2827,#2828),#2376,.F.);
#1899=ADVANCED_FACE('',(#2829,#2830),#1554,.F.);
#1900=ADVANCED_FACE('',(#2831,#2832),#1555,.F.);
#1901=ADVANCED_FACE('',(#2833,#2834),#1556,.F.);
#1902=ADVANCED_FACE('',(#2835,#2836),#1557,.F.);
#1903=ADVANCED_FACE('',(#215),#1642,.F.);
#1904=ADVANCED_FACE('',(#216),#1643,.F.);
#1905=ADVANCED_FACE('',(#217),#2377,.T.);
#1906=ADVANCED_FACE('',(#218),#2378,.T.);
#1907=ADVANCED_FACE('',(#219),#2379,.T.);
#1908=ADVANCED_FACE('',(#220),#2380,.T.);
#1909=ADVANCED_FACE('',(#2837,#2838),#2381,.F.);
#1910=ADVANCED_FACE('',(#2839,#2840),#2382,.F.);
#1911=ADVANCED_FACE('',(#2841,#2842),#2383,.F.);
#1912=ADVANCED_FACE('',(#2843,#2844),#1558,.F.);
#1913=ADVANCED_FACE('',(#2845,#2846),#1559,.F.);
#1914=ADVANCED_FACE('',(#2847,#2848),#1560,.F.);
#1915=ADVANCED_FACE('',(#2849,#2850),#2384,.F.);
#1916=ADVANCED_FACE('',(#2851,#2852),#2385,.F.);
#1917=ADVANCED_FACE('',(#2853,#2854),#2386,.F.);
#1918=ADVANCED_FACE('',(#2855,#2856),#1561,.F.);
#1919=ADVANCED_FACE('',(#2857,#2858),#1562,.F.);
#1920=ADVANCED_FACE('',(#2859,#2860),#1563,.F.);
#1921=ADVANCED_FACE('',(#2861,#2862,#2863,#2864,#2865,#2866),#1644,.T.);
#1922=ADVANCED_FACE('',(#2867,#2868,#2869,#2870,#2871,#2872),#1645,.F.);
#1923=ADVANCED_FACE('',(#2873,#2874,#2875,#2876,#2877,#2878),#1646,.F.);
#1924=ADVANCED_FACE('',(#221),#2387,.T.);
#1925=ADVANCED_FACE('',(#222),#2388,.T.);
#1926=ADVANCED_FACE('',(#223),#2389,.T.);
#1927=ADVANCED_FACE('',(#2879,#2880,#2881,#2882,#2883,#2884),#1647,.T.);
#1928=ADVANCED_FACE('',(#224),#1648,.F.);
#1929=ADVANCED_FACE('',(#225),#1649,.F.);
#1930=ADVANCED_FACE('',(#226),#1650,.F.);
#1931=ADVANCED_FACE('',(#227),#1651,.F.);
#1932=ADVANCED_FACE('',(#2885,#2886,#2887,#2888),#1652,.T.);
#1933=ADVANCED_FACE('',(#2889,#2890),#2390,.F.);
#1934=ADVANCED_FACE('',(#2891,#2892),#2391,.F.);
#1935=ADVANCED_FACE('',(#2893,#2894),#2392,.F.);
#1936=ADVANCED_FACE('',(#2895,#2896),#2393,.F.);
#1937=ADVANCED_FACE('',(#2897,#2898,#2899),#1653,.T.);
#1938=ADVANCED_FACE('',(#2900,#2901),#2394,.F.);
#1939=ADVANCED_FACE('',(#2902,#2903),#2395,.F.);
#1940=ADVANCED_FACE('',(#2904,#2905),#2396,.F.);
#1941=ADVANCED_FACE('',(#2906,#2907),#2397,.F.);
#1942=ADVANCED_FACE('',(#2908,#2909),#2398,.F.);
#1943=ADVANCED_FACE('',(#2910,#2911),#2399,.F.);
#1944=ADVANCED_FACE('',(#228),#2400,.T.);
#1945=ADVANCED_FACE('',(#2912,#2913),#1654,.T.);
#1946=ADVANCED_FACE('',(#229),#1655,.F.);
#1947=ADVANCED_FACE('',(#230),#2401,.F.);
#1948=ADVANCED_FACE('',(#231),#1656,.F.);
#1949=ADVANCED_FACE('',(#232),#1657,.F.);
#1950=ADVANCED_FACE('',(#233),#2402,.F.);
#1951=ADVANCED_FACE('',(#234),#1658,.F.);
#1952=ADVANCED_FACE('',(#2914,#2915),#1659,.T.);
#1953=ADVANCED_FACE('',(#235),#1660,.F.);
#1954=ADVANCED_FACE('',(#236),#1661,.F.);
#1955=ADVANCED_FACE('',(#237),#2403,.F.);
#1956=ADVANCED_FACE('',(#2916,#2917),#1662,.F.);
#1957=ADVANCED_FACE('',(#238),#1663,.F.);
#1958=ADVANCED_FACE('',(#239),#2404,.F.);
#1959=ADVANCED_FACE('',(#240),#1664,.F.);
#1960=ADVANCED_FACE('',(#2918,#2919),#1665,.T.);
#1961=ADVANCED_FACE('',(#2920,#2921),#1666,.T.);
#1962=ADVANCED_FACE('',(#241),#1667,.F.);
#1963=ADVANCED_FACE('',(#242),#2405,.F.);
#1964=ADVANCED_FACE('',(#243),#1668,.F.);
#1965=ADVANCED_FACE('',(#2922,#2923),#1669,.F.);
#1966=ADVANCED_FACE('',(#244),#1670,.F.);
#1967=ADVANCED_FACE('',(#245),#1671,.F.);
#1968=ADVANCED_FACE('',(#246),#2406,.F.);
#1969=ADVANCED_FACE('',(#2924,#2925),#1672,.F.);
#1970=ADVANCED_FACE('',(#247),#1673,.F.);
#1971=ADVANCED_FACE('',(#248),#1674,.F.);
#1972=ADVANCED_FACE('',(#249),#2407,.F.);
#1973=ADVANCED_FACE('',(#250),#1675,.F.);
#1974=ADVANCED_FACE('',(#251),#1676,.F.);
#1975=ADVANCED_FACE('',(#252),#2408,.F.);
#1976=ADVANCED_FACE('',(#2926,#2927),#1677,.F.);
#1977=ADVANCED_FACE('',(#253),#2409,.T.);
#1978=ADVANCED_FACE('',(#254),#2410,.T.);
#1979=ADVANCED_FACE('',(#255),#2411,.T.);
#1980=ADVANCED_FACE('',(#256),#2412,.T.);
#1981=ADVANCED_FACE('',(#257),#2413,.T.);
#1982=ADVANCED_FACE('',(#258),#2414,.T.);
#1983=ADVANCED_FACE('',(#259),#2415,.T.);
#1984=ADVANCED_FACE('',(#260),#2416,.T.);
#1985=ADVANCED_FACE('',(#261),#2417,.T.);
#1986=ADVANCED_FACE('',(#262),#2418,.T.);
#1987=ADVANCED_FACE('',(#263),#2419,.T.);
#1988=ADVANCED_FACE('',(#264),#2420,.T.);
#1989=ADVANCED_FACE('',(#265),#2421,.T.);
#1990=ADVANCED_FACE('',(#266),#2422,.T.);
#1991=ADVANCED_FACE('',(#267),#2423,.T.);
#1992=ADVANCED_FACE('',(#268),#2424,.T.);
#1993=ADVANCED_FACE('',(#269),#1678,.F.);
#1994=ADVANCED_FACE('',(#270),#1679,.F.);
#1995=ADVANCED_FACE('',(#2928,#2929),#2425,.F.);
#1996=ADVANCED_FACE('',(#271),#1680,.T.);
#1997=ADVANCED_FACE('',(#2930,#2931),#2426,.F.);
#1998=ADVANCED_FACE('',(#272),#1681,.T.);
#1999=ADVANCED_FACE('',(#2932,#2933),#2427,.F.);
#2000=ADVANCED_FACE('',(#273),#1682,.F.);
#2001=ADVANCED_FACE('',(#274),#1683,.F.);
#2002=ADVANCED_FACE('',(#275),#1684,.F.);
#2003=ADVANCED_FACE('',(#276),#1685,.F.);
#2004=ADVANCED_FACE('',(#277),#1686,.F.);
#2005=ADVANCED_FACE('',(#278),#1687,.F.);
#2006=ADVANCED_FACE('',(#279),#1688,.F.);
#2007=ADVANCED_FACE('',(#280),#1689,.F.);
#2008=ADVANCED_FACE('',(#281),#1690,.F.);
#2009=ADVANCED_FACE('',(#282),#1691,.F.);
#2010=ADVANCED_FACE('',(#283),#1692,.F.);
#2011=ADVANCED_FACE('',(#284),#1693,.F.);
#2012=ADVANCED_FACE('',(#285),#1694,.F.);
#2013=ADVANCED_FACE('',(#2934,#2935),#1564,.F.);
#2014=ADVANCED_FACE('',(#2936,#2937),#1565,.F.);
#2015=ADVANCED_FACE('',(#2938,#2939),#1566,.F.);
#2016=ADVANCED_FACE('',(#2940,#2941),#2428,.F.);
#2017=ADVANCED_FACE('',(#286),#1695,.T.);
#2018=ADVANCED_FACE('',(#2942,#2943),#2429,.F.);
#2019=ADVANCED_FACE('',(#287),#1696,.F.);
#2020=ADVANCED_FACE('',(#2944,#2945),#2430,.F.);
#2021=ADVANCED_FACE('',(#288),#1697,.F.);
#2022=ADVANCED_FACE('',(#2946,#2947),#2431,.F.);
#2023=ADVANCED_FACE('',(#289),#1698,.T.);
#2024=ADVANCED_FACE('',(#2948,#2949),#2432,.F.);
#2025=ADVANCED_FACE('',(#290),#1699,.T.);
#2026=ADVANCED_FACE('',(#2950,#2951),#1567,.F.);
#2027=ADVANCED_FACE('',(#2952,#2953),#1568,.F.);
#2028=ADVANCED_FACE('',(#2954,#2955),#1569,.F.);
#2029=ADVANCED_FACE('',(#2956,#2957),#1570,.F.);
#2030=ADVANCED_FACE('',(#2958,#2959),#1571,.F.);
#2031=ADVANCED_FACE('',(#2960,#2961),#2433,.F.);
#2032=ADVANCED_FACE('',(#291),#1700,.F.);
#2033=ADVANCED_FACE('',(#2962,#2963),#2434,.F.);
#2034=ADVANCED_FACE('',(#292),#1701,.T.);
#2035=ADVANCED_FACE('',(#2964,#2965),#2435,.F.);
#2036=ADVANCED_FACE('',(#293),#1702,.T.);
#2037=ADVANCED_FACE('',(#2966,#2967),#2436,.F.);
#2038=ADVANCED_FACE('',(#294),#1703,.F.);
#2039=ADVANCED_FACE('',(#2968,#2969),#2437,.F.);
#2040=ADVANCED_FACE('',(#295),#1704,.F.);
#2041=ADVANCED_FACE('',(#2970,#2971),#1572,.F.);
#2042=ADVANCED_FACE('',(#2972,#2973),#1573,.F.);
#2043=ADVANCED_FACE('',(#2974,#2975),#1574,.F.);
#2044=ADVANCED_FACE('',(#2976,#2977),#1575,.F.);
#2045=ADVANCED_FACE('',(#2978,#2979),#1576,.F.);
#2046=ADVANCED_FACE('',(#296),#2438,.F.);
#2047=ADVANCED_FACE('',(#297),#2439,.F.);
#2048=ADVANCED_FACE('',(#298),#2440,.F.);
#2049=ADVANCED_FACE('',(#299),#2441,.F.);
#2050=ADVANCED_FACE('',(#300),#2442,.F.);
#2051=ADVANCED_FACE('',(#301),#2443,.F.);
#2052=ADVANCED_FACE('',(#302),#1705,.F.);
#2053=ADVANCED_FACE('',(#303),#1706,.F.);
#2054=ADVANCED_FACE('',(#304),#1707,.F.);
#2055=ADVANCED_FACE('',(#305),#1708,.F.);
#2056=ADVANCED_FACE('',(#306),#1709,.F.);
#2057=ADVANCED_FACE('',(#307),#1710,.F.);
#2058=ADVANCED_FACE('',(#308),#2444,.T.);
#2059=ADVANCED_FACE('',(#309),#2445,.T.);
#2060=ADVANCED_FACE('',(#310),#2446,.F.);
#2061=ADVANCED_FACE('',(#311),#2447,.F.);
#2062=ADVANCED_FACE('',(#312),#2448,.T.);
#2063=ADVANCED_FACE('',(#313),#2449,.T.);
#2064=ADVANCED_FACE('',(#314),#2450,.T.);
#2065=ADVANCED_FACE('',(#315),#2451,.T.);
#2066=ADVANCED_FACE('',(#316),#1711,.F.);
#2067=ADVANCED_FACE('',(#2980,#2981,#2982,#2983,#2984),#1712,.T.);
#2068=ADVANCED_FACE('',(#317),#1713,.F.);
#2069=ADVANCED_FACE('',(#318),#1714,.F.);
#2070=ADVANCED_FACE('',(#319),#1715,.F.);
#2071=ADVANCED_FACE('',(#2985,#2986,#2987,#2988,#2989,#2990,#2991,#2992,
#2993),#1716,.F.);
#2072=ADVANCED_FACE('',(#2994,#2995),#2452,.T.);
#2073=ADVANCED_FACE('',(#2996,#2997),#1717,.F.);
#2074=ADVANCED_FACE('',(#2998,#2999),#2453,.T.);
#2075=ADVANCED_FACE('',(#3000,#3001),#1718,.F.);
#2076=ADVANCED_FACE('',(#3002,#3003),#2454,.T.);
#2077=ADVANCED_FACE('',(#3004,#3005),#1719,.T.);
#2078=ADVANCED_FACE('',(#3006,#3007),#2455,.T.);
#2079=ADVANCED_FACE('',(#3008,#3009),#1720,.T.);
#2080=ADVANCED_FACE('',(#3010,#3011),#2456,.F.);
#2081=ADVANCED_FACE('',(#3012,#3013),#2457,.F.);
#2082=ADVANCED_FACE('',(#3014,#3015),#2458,.F.);
#2083=ADVANCED_FACE('',(#3016,#3017),#2459,.F.);
#2084=ADVANCED_FACE('',(#3018,#3019),#1577,.F.);
#2085=ADVANCED_FACE('',(#3020,#3021),#1578,.T.);
#2086=ADVANCED_FACE('',(#3022,#3023),#1579,.T.);
#2087=ADVANCED_FACE('',(#3024,#3025),#1580,.F.);
#2088=ADVANCED_FACE('',(#3026,#3027),#1581,.F.);
#2089=ADVANCED_FACE('',(#3028,#3029),#1582,.T.);
#2090=ADVANCED_FACE('',(#3030,#3031),#1583,.T.);
#2091=ADVANCED_FACE('',(#3032,#3033),#1584,.F.);
#2092=ADVANCED_FACE('',(#320),#2460,.T.);
#2093=ADVANCED_FACE('',(#321),#1721,.T.);
#2094=ADVANCED_FACE('',(#322),#1722,.T.);
#2095=ADVANCED_FACE('',(#323),#2461,.T.);
#2096=ADVANCED_FACE('',(#324),#2462,.T.);
#2097=ADVANCED_FACE('',(#325),#1723,.T.);
#2098=ADVANCED_FACE('',(#326),#2463,.T.);
#2099=ADVANCED_FACE('',(#327),#1724,.T.);
#2100=ADVANCED_FACE('',(#328),#2464,.F.);
#2101=ADVANCED_FACE('',(#329),#2465,.F.);
#2102=ADVANCED_FACE('',(#330),#2466,.F.);
#2103=ADVANCED_FACE('',(#331),#2467,.F.);
#2104=ADVANCED_FACE('',(#332),#2468,.F.);
#2105=ADVANCED_FACE('',(#333),#2469,.F.);
#2106=ADVANCED_FACE('',(#3034,#3035),#2470,.F.);
#2107=ADVANCED_FACE('',(#3036,#3037),#2471,.F.);
#2108=ADVANCED_FACE('',(#3038,#3039),#2472,.F.);
#2109=ADVANCED_FACE('',(#3040,#3041),#2473,.F.);
#2110=ADVANCED_FACE('',(#3042,#3043),#1585,.F.);
#2111=ADVANCED_FACE('',(#3044,#3045),#1586,.F.);
#2112=ADVANCED_FACE('',(#3046,#3047),#1587,.F.);
#2113=ADVANCED_FACE('',(#3048,#3049),#1588,.F.);
#2114=ADVANCED_FACE('',(#334),#2474,.F.);
#2115=ADVANCED_FACE('',(#335),#2475,.T.);
#2116=ADVANCED_FACE('',(#3050,#3051),#1725,.F.);
#2117=ADVANCED_FACE('',(#3052,#3053,#3054,#3055,#3056,#3057),#1726,.T.);
#2118=ADVANCED_FACE('',(#336),#2476,.T.);
#2119=ADVANCED_FACE('',(#337),#2477,.T.);
#2120=ADVANCED_FACE('',(#338),#1727,.T.);
#2121=ADVANCED_FACE('',(#339),#1728,.T.);
#2122=ADVANCED_FACE('',(#340),#2478,.T.);
#2123=ADVANCED_FACE('',(#341),#1729,.T.);
#2124=ADVANCED_FACE('',(#342),#1730,.T.);
#2125=ADVANCED_FACE('',(#343),#1731,.T.);
#2126=ADVANCED_FACE('',(#3058,#3059),#1732,.F.);
#2127=ADVANCED_FACE('',(#344),#1733,.T.);
#2128=ADVANCED_FACE('',(#345),#2479,.T.);
#2129=ADVANCED_FACE('',(#3060,#3061),#1734,.F.);
#2130=ADVANCED_FACE('',(#346),#2480,.T.);
#2131=ADVANCED_FACE('',(#347),#1735,.T.);
#2132=ADVANCED_FACE('',(#348),#1736,.T.);
#2133=ADVANCED_FACE('',(#349),#2481,.T.);
#2134=ADVANCED_FACE('',(#350),#2482,.F.);
#2135=ADVANCED_FACE('',(#351),#2483,.F.);
#2136=ADVANCED_FACE('',(#3062,#3063),#2484,.F.);
#2137=ADVANCED_FACE('',(#3064,#3065),#2485,.F.);
#2138=ADVANCED_FACE('',(#3066,#3067),#1589,.F.);
#2139=ADVANCED_FACE('',(#3068,#3069),#1590,.F.);
#2140=ADVANCED_FACE('',(#3070,#3071),#2486,.F.);
#2141=ADVANCED_FACE('',(#3072,#3073),#2487,.F.);
#2142=ADVANCED_FACE('',(#3074,#3075),#2488,.F.);
#2143=ADVANCED_FACE('',(#3076,#3077),#2489,.F.);
#2144=ADVANCED_FACE('',(#3078,#3079),#2490,.F.);
#2145=ADVANCED_FACE('',(#3080,#3081),#1591,.F.);
#2146=ADVANCED_FACE('',(#3082,#3083),#1592,.F.);
#2147=ADVANCED_FACE('',(#3084,#3085),#1593,.F.);
#2148=ADVANCED_FACE('',(#3086,#3087),#1594,.F.);
#2149=ADVANCED_FACE('',(#3088,#3089),#1595,.F.);
#2150=ADVANCED_FACE('',(#352),#1737,.F.);
#2151=ADVANCED_FACE('',(#353),#1738,.F.);
#2152=ADVANCED_FACE('',(#354),#1739,.F.);
#2153=ADVANCED_FACE('',(#355),#1740,.F.);
#2154=ADVANCED_FACE('',(#356),#2491,.F.);
#2155=ADVANCED_FACE('',(#357),#2492,.F.);
#2156=ADVANCED_FACE('',(#358),#2493,.T.);
#2157=ADVANCED_FACE('',(#359),#2494,.T.);
#2158=ADVANCED_FACE('',(#360),#1741,.F.);
#2159=ADVANCED_FACE('',(#361),#1742,.T.);
#2160=ADVANCED_FACE('',(#362),#2495,.F.);
#2161=ADVANCED_FACE('',(#363),#2496,.T.);
#2162=ADVANCED_FACE('',(#364),#2497,.T.);
#2163=ADVANCED_FACE('',(#365),#2498,.T.);
#2164=ADVANCED_FACE('',(#366),#2499,.T.);
#2165=ADVANCED_FACE('',(#367),#2500,.T.);
#2166=ADVANCED_FACE('',(#3090,#3091,#3092),#1743,.T.);
#2167=ADVANCED_FACE('',(#3093,#3094,#3095),#1744,.F.);
#2168=ADVANCED_FACE('',(#368),#1745,.T.);
#2169=ADVANCED_FACE('',(#369),#1746,.T.);
#2170=ADVANCED_FACE('',(#370),#1747,.T.);
#2171=ADVANCED_FACE('',(#371),#1748,.T.);
#2172=ADVANCED_FACE('',(#372),#2501,.F.);
#2173=ADVANCED_FACE('',(#373),#2502,.F.);
#2174=ADVANCED_FACE('',(#3096,#3097),#2503,.F.);
#2175=ADVANCED_FACE('',(#374),#1749,.T.);
#2176=ADVANCED_FACE('',(#3098,#3099),#2504,.F.);
#2177=ADVANCED_FACE('',(#375),#1750,.T.);
#2178=ADVANCED_FACE('',(#3100,#3101),#2505,.F.);
#2179=ADVANCED_FACE('',(#376),#1751,.T.);
#2180=ADVANCED_FACE('',(#3102,#3103),#2506,.F.);
#2181=ADVANCED_FACE('',(#377),#1752,.T.);
#2182=ADVANCED_FACE('',(#3104,#3105),#1596,.F.);
#2183=ADVANCED_FACE('',(#3106,#3107),#1597,.F.);
#2184=ADVANCED_FACE('',(#3108,#3109),#1598,.F.);
#2185=ADVANCED_FACE('',(#3110,#3111),#1599,.F.);
#2186=ADVANCED_FACE('',(#378),#2507,.T.);
#2187=ADVANCED_FACE('',(#379),#2508,.F.);
#2188=ADVANCED_FACE('',(#380),#1753,.F.);
#2189=ADVANCED_FACE('',(#381),#2509,.T.);
#2190=ADVANCED_FACE('',(#382),#1754,.F.);
#2191=ADVANCED_FACE('',(#383),#2510,.T.);
#2192=ADVANCED_FACE('',(#384),#1755,.F.);
#2193=ADVANCED_FACE('',(#385),#2511,.F.);
#2194=ADVANCED_FACE('',(#386),#2512,.T.);
#2195=ADVANCED_FACE('',(#387),#1756,.F.);
#2196=ADVANCED_FACE('',(#3112,#3113,#3114,#3115,#3116,#3117),#1757,.T.);
#2197=ADVANCED_FACE('',(#388),#2513,.F.);
#2198=ADVANCED_FACE('',(#389),#2514,.F.);
#2199=ADVANCED_FACE('',(#390),#1758,.F.);
#2200=ADVANCED_FACE('',(#391),#1759,.F.);
#2201=ADVANCED_FACE('',(#392),#1760,.F.);
#2202=ADVANCED_FACE('',(#393),#1761,.T.);
#2203=ADVANCED_FACE('',(#394),#2515,.F.);
#2204=ADVANCED_FACE('',(#395),#2516,.F.);
#2205=ADVANCED_FACE('',(#396),#2517,.F.);
#2206=ADVANCED_FACE('',(#397),#2518,.F.);
#2207=ADVANCED_FACE('',(#398),#2519,.T.);
#2208=ADVANCED_FACE('',(#399),#101,.T.);
#2209=ADVANCED_FACE('',(#400),#2520,.T.);
#2210=ADVANCED_FACE('',(#401),#2521,.T.);
#2211=ADVANCED_FACE('',(#402),#102,.T.);
#2212=ADVANCED_FACE('',(#403),#103,.T.);
#2213=ADVANCED_FACE('',(#404),#2522,.T.);
#2214=ADVANCED_FACE('',(#405),#2523,.T.);
#2215=ADVANCED_FACE('',(#406),#104,.T.);
#2216=ADVANCED_FACE('',(#407),#105,.T.);
#2217=ADVANCED_FACE('',(#408),#2524,.T.);
#2218=ADVANCED_FACE('',(#409),#2525,.T.);
#2219=ADVANCED_FACE('',(#410),#106,.T.);
#2220=ADVANCED_FACE('',(#411),#107,.T.);
#2221=ADVANCED_FACE('',(#412),#2526,.T.);
#2222=ADVANCED_FACE('',(#413),#2527,.T.);
#2223=ADVANCED_FACE('',(#414),#108,.T.);
#2224=ADVANCED_FACE('',(#415),#109,.T.);
#2225=ADVANCED_FACE('',(#416),#2528,.T.);
#2226=ADVANCED_FACE('',(#417),#2529,.T.);
#2227=ADVANCED_FACE('',(#418),#110,.T.);
#2228=ADVANCED_FACE('',(#419),#111,.T.);
#2229=ADVANCED_FACE('',(#420),#2530,.T.);
#2230=ADVANCED_FACE('',(#421),#2531,.T.);
#2231=ADVANCED_FACE('',(#422),#112,.T.);
#2232=ADVANCED_FACE('',(#423),#85,.T.);
#2233=ADVANCED_FACE('',(#424),#113,.T.);
#2234=ADVANCED_FACE('',(#425),#2532,.T.);
#2235=ADVANCED_FACE('',(#426),#114,.T.);
#2236=ADVANCED_FACE('',(#427),#2533,.T.);
#2237=ADVANCED_FACE('',(#428),#115,.T.);
#2238=ADVANCED_FACE('',(#429),#2534,.T.);
#2239=ADVANCED_FACE('',(#430),#116,.T.);
#2240=ADVANCED_FACE('',(#431),#2535,.T.);
#2241=ADVANCED_FACE('',(#432),#117,.T.);
#2242=ADVANCED_FACE('',(#433),#2536,.T.);
#2243=ADVANCED_FACE('',(#434),#118,.T.);
#2244=ADVANCED_FACE('',(#435),#2537,.T.);
#2245=ADVANCED_FACE('',(#436),#119,.T.);
#2246=ADVANCED_FACE('',(#437),#2538,.T.);
#2247=ADVANCED_FACE('',(#438),#120,.T.);
#2248=ADVANCED_FACE('',(#439),#2539,.T.);
#2249=ADVANCED_FACE('',(#440),#121,.T.);
#2250=ADVANCED_FACE('',(#441),#2540,.T.);
#2251=ADVANCED_FACE('',(#442),#122,.T.);
#2252=ADVANCED_FACE('',(#443),#2541,.T.);
#2253=ADVANCED_FACE('',(#444),#123,.T.);
#2254=ADVANCED_FACE('',(#445),#2542,.T.);
#2255=ADVANCED_FACE('',(#446),#124,.T.);
#2256=ADVANCED_FACE('',(#447),#2543,.T.);
#2257=ADVANCED_FACE('',(#448),#125,.T.);
#2258=ADVANCED_FACE('',(#449),#2544,.T.);
#2259=ADVANCED_FACE('',(#450),#126,.T.);
#2260=ADVANCED_FACE('',(#451),#2545,.T.);
#2261=ADVANCED_FACE('',(#452),#127,.T.);
#2262=ADVANCED_FACE('',(#453),#2546,.T.);
#2263=ADVANCED_FACE('',(#454),#128,.T.);
#2264=ADVANCED_FACE('',(#455),#86,.T.);
#2265=ADVANCED_FACE('',(#456),#87,.T.);
#2266=ADVANCED_FACE('',(#457),#88,.T.);
#2267=ADVANCED_FACE('',(#458),#2547,.T.);
#2268=ADVANCED_FACE('',(#459),#2548,.T.);
#2269=ADVANCED_FACE('',(#460),#129,.T.);
#2270=ADVANCED_FACE('',(#461),#130,.T.);
#2271=ADVANCED_FACE('',(#462),#2549,.T.);
#2272=ADVANCED_FACE('',(#463),#2550,.T.);
#2273=ADVANCED_FACE('',(#464),#131,.T.);
#2274=ADVANCED_FACE('',(#465),#132,.T.);
#2275=ADVANCED_FACE('',(#466),#2551,.T.);
#2276=ADVANCED_FACE('',(#467),#2552,.T.);
#2277=ADVANCED_FACE('',(#468),#133,.T.);
#2278=ADVANCED_FACE('',(#469),#134,.T.);
#2279=ADVANCED_FACE('',(#470),#2553,.T.);
#2280=ADVANCED_FACE('',(#471),#2554,.T.);
#2281=ADVANCED_FACE('',(#472),#135,.T.);
#2282=ADVANCED_FACE('',(#473),#136,.T.);
#2283=ADVANCED_FACE('',(#474),#2555,.T.);
#2284=ADVANCED_FACE('',(#475),#89,.T.);
#2285=ADVANCED_FACE('',(#476),#2556,.T.);
#2286=ADVANCED_FACE('',(#477),#90,.T.);
#2287=ADVANCED_FACE('',(#478),#91,.T.);
#2288=ADVANCED_FACE('',(#479),#2557,.T.);
#2289=ADVANCED_FACE('',(#480),#92,.T.);
#2290=ADVANCED_FACE('',(#481),#2558,.T.);
#2291=ADVANCED_FACE('',(#482),#137,.T.);
#2292=ADVANCED_FACE('',(#483),#2559,.T.);
#2293=ADVANCED_FACE('',(#484),#93,.T.);
#2294=ADVANCED_FACE('',(#485),#138,.T.);
#2295=ADVANCED_FACE('',(#486),#94,.T.);
#2296=ADVANCED_FACE('',(#487),#2560,.T.);
#2297=ADVANCED_FACE('',(#488),#139,.T.);
#2298=ADVANCED_FACE('',(#489),#2561,.T.);
#2299=ADVANCED_FACE('',(#490),#140,.T.);
#2300=ADVANCED_FACE('',(#491),#2562,.T.);
#2301=ADVANCED_FACE('',(#492),#95,.T.);
#2302=ADVANCED_FACE('',(#493),#141,.T.);
#2303=ADVANCED_FACE('',(#494),#96,.T.);
#2304=ADVANCED_FACE('',(#495),#2563,.T.);
#2305=ADVANCED_FACE('',(#496),#142,.T.);
#2306=ADVANCED_FACE('',(#497),#2564,.T.);
#2307=ADVANCED_FACE('',(#498),#97,.T.);
#2308=ADVANCED_FACE('',(#499),#98,.T.);
#2309=ADVANCED_FACE('',(#500),#2565,.T.);
#2310=ADVANCED_FACE('',(#501),#99,.T.);
#2311=ADVANCED_FACE('',(#502),#2566,.T.);
#2312=ADVANCED_FACE('',(#503),#100,.T.);
#2313=CYLINDRICAL_SURFACE('',#8945,11.5000000000028);
#2314=CYLINDRICAL_SURFACE('',#8956,1.65);
#2315=CYLINDRICAL_SURFACE('',#8958,1.65);
#2316=CYLINDRICAL_SURFACE('',#8960,1.65);
#2317=CYLINDRICAL_SURFACE('',#8967,1.65);
#2318=CYLINDRICAL_SURFACE('',#8970,1.65);
#2319=CYLINDRICAL_SURFACE('',#8973,1.65);
#2320=CYLINDRICAL_SURFACE('',#8994,15.4999999999947);
#2321=CYLINDRICAL_SURFACE('',#9001,1.65);
#2322=CYLINDRICAL_SURFACE('',#9003,1.65);
#2323=CYLINDRICAL_SURFACE('',#9005,1.65);
#2324=CYLINDRICAL_SURFACE('',#9010,13.6);
#2325=CYLINDRICAL_SURFACE('',#9019,6.);
#2326=CYLINDRICAL_SURFACE('',#9023,3.5);
#2327=CYLINDRICAL_SURFACE('',#9024,3.5);
#2328=CYLINDRICAL_SURFACE('',#9025,3.5);
#2329=CYLINDRICAL_SURFACE('',#9026,10.);
#2330=CYLINDRICAL_SURFACE('',#9027,5.);
#2331=CYLINDRICAL_SURFACE('',#9029,3.25);
#2332=CYLINDRICAL_SURFACE('',#9032,3.25);
#2333=CYLINDRICAL_SURFACE('',#9035,3.25);
#2334=CYLINDRICAL_SURFACE('',#9039,5.);
#2335=CYLINDRICAL_SURFACE('',#9042,1.65);
#2336=CYLINDRICAL_SURFACE('',#9045,1.65);
#2337=CYLINDRICAL_SURFACE('',#9048,10.);
#2338=CYLINDRICAL_SURFACE('',#9056,1.25);
#2339=CYLINDRICAL_SURFACE('',#9060,1.25);
#2340=CYLINDRICAL_SURFACE('',#9064,1.25);
#2341=CYLINDRICAL_SURFACE('',#9072,11.5);
#2342=CYLINDRICAL_SURFACE('',#9086,15.5);
#2343=CYLINDRICAL_SURFACE('',#9100,6.);
#2344=CYLINDRICAL_SURFACE('',#9101,10.);
#2345=CYLINDRICAL_SURFACE('',#9102,3.5);
#2346=CYLINDRICAL_SURFACE('',#9103,3.5);
#2347=CYLINDRICAL_SURFACE('',#9104,3.5);
#2348=CYLINDRICAL_SURFACE('',#9106,3.25);
#2349=CYLINDRICAL_SURFACE('',#9109,3.25);
#2350=CYLINDRICAL_SURFACE('',#9113,25.5);
#2351=CYLINDRICAL_SURFACE('',#9116,25.5);
#2352=CYLINDRICAL_SURFACE('',#9119,25.5);
#2353=CYLINDRICAL_SURFACE('',#9183,1.65);
#2354=CYLINDRICAL_SURFACE('',#9185,1.65);
#2355=CYLINDRICAL_SURFACE('',#9187,1.65);
#2356=CYLINDRICAL_SURFACE('',#9189,1.65);
#2357=CYLINDRICAL_SURFACE('',#9191,1.65);
#2358=CYLINDRICAL_SURFACE('',#9193,1.65);
#2359=CYLINDRICAL_SURFACE('',#9195,1.65);
#2360=CYLINDRICAL_SURFACE('',#9197,1.65);
#2361=CYLINDRICAL_SURFACE('',#9198,25.5);
#2362=CYLINDRICAL_SURFACE('',#9210,3.);
#2363=CYLINDRICAL_SURFACE('',#9215,3.);
#2364=CYLINDRICAL_SURFACE('',#9220,3.);
#2365=CYLINDRICAL_SURFACE('',#9225,3.);
#2366=CYLINDRICAL_SURFACE('',#9230,0.8);
#2367=CYLINDRICAL_SURFACE('',#9232,0.8);
#2368=CYLINDRICAL_SURFACE('',#9234,0.8);
#2369=CYLINDRICAL_SURFACE('',#9236,0.8);
#2370=CYLINDRICAL_SURFACE('',#9246,1.65);
#2371=CYLINDRICAL_SURFACE('',#9248,1.65);
#2372=CYLINDRICAL_SURFACE('',#9250,1.65);
#2373=CYLINDRICAL_SURFACE('',#9255,1.25);
#2374=CYLINDRICAL_SURFACE('',#9257,1.25);
#2375=CYLINDRICAL_SURFACE('',#9259,1.25);
#2376=CYLINDRICAL_SURFACE('',#9261,1.25);
#2377=CYLINDRICAL_SURFACE('',#9268,5.);
#2378=CYLINDRICAL_SURFACE('',#9269,5.);
#2379=CYLINDRICAL_SURFACE('',#9270,5.);
#2380=CYLINDRICAL_SURFACE('',#9271,5.);
#2381=CYLINDRICAL_SURFACE('',#9273,1.25);
#2382=CYLINDRICAL_SURFACE('',#9275,1.25);
#2383=CYLINDRICAL_SURFACE('',#9277,1.25);
#2384=CYLINDRICAL_SURFACE('',#9282,1.25);
#2385=CYLINDRICAL_SURFACE('',#9284,1.25);
#2386=CYLINDRICAL_SURFACE('',#9286,1.25);
#2387=CYLINDRICAL_SURFACE('',#9323,25.5);
#2388=CYLINDRICAL_SURFACE('',#9325,25.5);
#2389=CYLINDRICAL_SURFACE('',#9327,25.5);
#2390=CYLINDRICAL_SURFACE('',#9345,1.65);
#2391=CYLINDRICAL_SURFACE('',#9347,1.65);
#2392=CYLINDRICAL_SURFACE('',#9349,1.65);
#2393=CYLINDRICAL_SURFACE('',#9351,1.65);
#2394=CYLINDRICAL_SURFACE('',#9398,16.5);
#2395=CYLINDRICAL_SURFACE('',#9403,16.5);
#2396=CYLINDRICAL_SURFACE('',#9405,1.65);
#2397=CYLINDRICAL_SURFACE('',#9407,1.65);
#2398=CYLINDRICAL_SURFACE('',#9409,1.65);
#2399=CYLINDRICAL_SURFACE('',#9411,1.65);
#2400=CYLINDRICAL_SURFACE('',#9412,25.5);
#2401=CYLINDRICAL_SURFACE('',#9418,3.1);
#2402=CYLINDRICAL_SURFACE('',#9422,3.1);
#2403=CYLINDRICAL_SURFACE('',#9430,3.1);
#2404=CYLINDRICAL_SURFACE('',#9436,3.1);
#2405=CYLINDRICAL_SURFACE('',#9446,3.1);
#2406=CYLINDRICAL_SURFACE('',#9454,3.1);
#2407=CYLINDRICAL_SURFACE('',#9461,3.1);
#2408=CYLINDRICAL_SURFACE('',#9465,3.1);
#2409=CYLINDRICAL_SURFACE('',#9469,1.5);
#2410=CYLINDRICAL_SURFACE('',#9470,1.5);
#2411=CYLINDRICAL_SURFACE('',#9471,1.5);
#2412=CYLINDRICAL_SURFACE('',#9472,1.5);
#2413=CYLINDRICAL_SURFACE('',#9473,1.5);
#2414=CYLINDRICAL_SURFACE('',#9474,1.5);
#2415=CYLINDRICAL_SURFACE('',#9475,1.5);
#2416=CYLINDRICAL_SURFACE('',#9476,1.5);
#2417=CYLINDRICAL_SURFACE('',#9477,1.5);
#2418=CYLINDRICAL_SURFACE('',#9478,1.5);
#2419=CYLINDRICAL_SURFACE('',#9479,1.5);
#2420=CYLINDRICAL_SURFACE('',#9480,1.5);
#2421=CYLINDRICAL_SURFACE('',#9481,1.5);
#2422=CYLINDRICAL_SURFACE('',#9482,1.5);
#2423=CYLINDRICAL_SURFACE('',#9483,1.5);
#2424=CYLINDRICAL_SURFACE('',#9484,1.5);
#2425=CYLINDRICAL_SURFACE('',#9489,1.25);
#2426=CYLINDRICAL_SURFACE('',#9493,1.25);
#2427=CYLINDRICAL_SURFACE('',#9497,1.25);
#2428=CYLINDRICAL_SURFACE('',#9524,1.25);
#2429=CYLINDRICAL_SURFACE('',#9528,1.25);
#2430=CYLINDRICAL_SURFACE('',#9532,1.25);
#2431=CYLINDRICAL_SURFACE('',#9536,1.25);
#2432=CYLINDRICAL_SURFACE('',#9540,1.25);
#2433=CYLINDRICAL_SURFACE('',#9549,1.25);
#2434=CYLINDRICAL_SURFACE('',#9553,1.25);
#2435=CYLINDRICAL_SURFACE('',#9557,1.25);
#2436=CYLINDRICAL_SURFACE('',#9561,1.25);
#2437=CYLINDRICAL_SURFACE('',#9565,1.25);
#2438=CYLINDRICAL_SURFACE('',#9572,2.);
#2439=CYLINDRICAL_SURFACE('',#9573,2.);
#2440=CYLINDRICAL_SURFACE('',#9574,2.);
#2441=CYLINDRICAL_SURFACE('',#9575,2.);
#2442=CYLINDRICAL_SURFACE('',#9576,2.);
#2443=CYLINDRICAL_SURFACE('',#9577,2.);
#2444=CYLINDRICAL_SURFACE('',#9584,2.5);
#2445=CYLINDRICAL_SURFACE('',#9585,2.5);
#2446=CYLINDRICAL_SURFACE('',#9586,2.5);
#2447=CYLINDRICAL_SURFACE('',#9587,2.5);
#2448=CYLINDRICAL_SURFACE('',#9588,2.5);
#2449=CYLINDRICAL_SURFACE('',#9589,2.5);
#2450=CYLINDRICAL_SURFACE('',#9590,5.);
#2451=CYLINDRICAL_SURFACE('',#9591,5.);
#2452=CYLINDRICAL_SURFACE('',#9637,3.5);
#2453=CYLINDRICAL_SURFACE('',#9642,3.5);
#2454=CYLINDRICAL_SURFACE('',#9647,3.5);
#2455=CYLINDRICAL_SURFACE('',#9652,3.5);
#2456=CYLINDRICAL_SURFACE('',#9657,1.25);
#2457=CYLINDRICAL_SURFACE('',#9659,1.25);
#2458=CYLINDRICAL_SURFACE('',#9661,1.25);
#2459=CYLINDRICAL_SURFACE('',#9663,1.25);
#2460=CYLINDRICAL_SURFACE('',#9672,4.5);
#2461=CYLINDRICAL_SURFACE('',#9675,4.5);
#2462=CYLINDRICAL_SURFACE('',#9676,4.5);
#2463=CYLINDRICAL_SURFACE('',#9678,4.49999999999996);
#2464=CYLINDRICAL_SURFACE('',#9680,3.5);
#2465=CYLINDRICAL_SURFACE('',#9681,3.5);
#2466=CYLINDRICAL_SURFACE('',#9682,3.5);
#2467=CYLINDRICAL_SURFACE('',#9683,3.5);
#2468=CYLINDRICAL_SURFACE('',#9684,3.5);
#2469=CYLINDRICAL_SURFACE('',#9685,3.5);
#2470=CYLINDRICAL_SURFACE('',#9687,1.65);
#2471=CYLINDRICAL_SURFACE('',#9689,1.65);
#2472=CYLINDRICAL_SURFACE('',#9691,1.65);
#2473=CYLINDRICAL_SURFACE('',#9693,1.65);
#2474=CYLINDRICAL_SURFACE('',#9700,12.);
#2475=CYLINDRICAL_SURFACE('',#9703,16.);
#2476=CYLINDRICAL_SURFACE('',#9735,3.5);
#2477=CYLINDRICAL_SURFACE('',#9738,3.5);
#2478=CYLINDRICAL_SURFACE('',#9749,4.5);
#2479=CYLINDRICAL_SURFACE('',#9770,4.5);
#2480=CYLINDRICAL_SURFACE('',#9777,4.5);
#2481=CYLINDRICAL_SURFACE('',#9782,4.5);
#2482=CYLINDRICAL_SURFACE('',#9784,4.5);
#2483=CYLINDRICAL_SURFACE('',#9786,4.5);
#2484=CYLINDRICAL_SURFACE('',#9788,1.65);
#2485=CYLINDRICAL_SURFACE('',#9790,1.65);
#2486=CYLINDRICAL_SURFACE('',#9801,1.65);
#2487=CYLINDRICAL_SURFACE('',#9804,1.65);
#2488=CYLINDRICAL_SURFACE('',#9807,1.65);
#2489=CYLINDRICAL_SURFACE('',#9810,1.65);
#2490=CYLINDRICAL_SURFACE('',#9813,1.65);
#2491=CYLINDRICAL_SURFACE('',#9829,10.);
#2492=CYLINDRICAL_SURFACE('',#9832,10.);
#2493=CYLINDRICAL_SURFACE('',#9835,10.);
#2494=CYLINDRICAL_SURFACE('',#9838,10.);
#2495=CYLINDRICAL_SURFACE('',#9847,12.);
#2496=CYLINDRICAL_SURFACE('',#9850,16.);
#2497=CYLINDRICAL_SURFACE('',#9853,5.);
#2498=CYLINDRICAL_SURFACE('',#9856,5.);
#2499=CYLINDRICAL_SURFACE('',#9859,3.5);
#2500=CYLINDRICAL_SURFACE('',#9862,3.5);
#2501=CYLINDRICAL_SURFACE('',#9873,5.);
#2502=CYLINDRICAL_SURFACE('',#9874,5.);
#2503=CYLINDRICAL_SURFACE('',#9877,1.25);
#2504=CYLINDRICAL_SURFACE('',#9881,1.25);
#2505=CYLINDRICAL_SURFACE('',#9885,1.25);
#2506=CYLINDRICAL_SURFACE('',#9889,1.25);
#2507=CYLINDRICAL_SURFACE('',#9896,4.5);
#2508=CYLINDRICAL_SURFACE('',#9898,2.5);
#2509=CYLINDRICAL_SURFACE('',#9901,4.5);
#2510=CYLINDRICAL_SURFACE('',#9904,4.5);
#2511=CYLINDRICAL_SURFACE('',#9907,2.5);
#2512=CYLINDRICAL_SURFACE('',#9909,4.5);
#2513=CYLINDRICAL_SURFACE('',#9914,5.);
#2514=CYLINDRICAL_SURFACE('',#9917,5.);
#2515=CYLINDRICAL_SURFACE('',#9928,5.);
#2516=CYLINDRICAL_SURFACE('',#9931,5.);
#2517=CYLINDRICAL_SURFACE('',#9934,5.);
#2518=CYLINDRICAL_SURFACE('',#9937,5.);
#2519=CYLINDRICAL_SURFACE('',#9940,2.);
#2520=CYLINDRICAL_SURFACE('',#9945,1.);
#2521=CYLINDRICAL_SURFACE('',#9947,1.);
#2522=CYLINDRICAL_SURFACE('',#9953,1.);
#2523=CYLINDRICAL_SURFACE('',#9955,1.);
#2524=CYLINDRICAL_SURFACE('',#9961,1.);
#2525=CYLINDRICAL_SURFACE('',#9963,1.);
#2526=CYLINDRICAL_SURFACE('',#9969,1.);
#2527=CYLINDRICAL_SURFACE('',#9971,1.);
#2528=CYLINDRICAL_SURFACE('',#9977,1.);
#2529=CYLINDRICAL_SURFACE('',#9979,1.);
#2530=CYLINDRICAL_SURFACE('',#9985,1.);
#2531=CYLINDRICAL_SURFACE('',#9987,1.);
#2532=CYLINDRICAL_SURFACE('',#9993,1.);
#2533=CYLINDRICAL_SURFACE('',#9997,1.);
#2534=CYLINDRICAL_SURFACE('',#10001,1.);
#2535=CYLINDRICAL_SURFACE('',#10005,1.);
#2536=CYLINDRICAL_SURFACE('',#10009,1.);
#2537=CYLINDRICAL_SURFACE('',#10013,1.);
#2538=CYLINDRICAL_SURFACE('',#10017,1.);
#2539=CYLINDRICAL_SURFACE('',#10021,1.);
#2540=CYLINDRICAL_SURFACE('',#10025,1.);
#2541=CYLINDRICAL_SURFACE('',#10029,1.);
#2542=CYLINDRICAL_SURFACE('',#10033,1.);
#2543=CYLINDRICAL_SURFACE('',#10037,1.);
#2544=CYLINDRICAL_SURFACE('',#10041,1.);
#2545=CYLINDRICAL_SURFACE('',#10045,1.);
#2546=CYLINDRICAL_SURFACE('',#10049,1.);
#2547=CYLINDRICAL_SURFACE('',#10055,1.);
#2548=CYLINDRICAL_SURFACE('',#10057,1.);
#2549=CYLINDRICAL_SURFACE('',#10063,1.);
#2550=CYLINDRICAL_SURFACE('',#10065,1.);
#2551=CYLINDRICAL_SURFACE('',#10071,1.);
#2552=CYLINDRICAL_SURFACE('',#10073,1.);
#2553=CYLINDRICAL_SURFACE('',#10079,1.);
#2554=CYLINDRICAL_SURFACE('',#10081,1.);
#2555=CYLINDRICAL_SURFACE('',#10086,1.);
#2556=CYLINDRICAL_SURFACE('',#10089,1.);
#2557=CYLINDRICAL_SURFACE('',#10092,1.);
#2558=CYLINDRICAL_SURFACE('',#10095,1.);
#2559=CYLINDRICAL_SURFACE('',#10099,1.);
#2560=CYLINDRICAL_SURFACE('',#10105,1.);
#2561=CYLINDRICAL_SURFACE('',#10109,1.);
#2562=CYLINDRICAL_SURFACE('',#10113,1.);
#2563=CYLINDRICAL_SURFACE('',#10119,1.);
#2564=CYLINDRICAL_SURFACE('',#10123,1.);
#2565=CYLINDRICAL_SURFACE('',#10126,1.);
#2566=CYLINDRICAL_SURFACE('',#10129,1.);
#2567=FACE_BOUND('',#3118,.T.);
#2568=FACE_BOUND('',#3119,.T.);
#2569=FACE_BOUND('',#3120,.T.);
#2570=FACE_BOUND('',#3121,.T.);
#2571=FACE_BOUND('',#3122,.T.);
#2572=FACE_BOUND('',#3123,.T.);
#2573=FACE_BOUND('',#3124,.T.);
#2574=FACE_BOUND('',#3125,.T.);
#2575=FACE_BOUND('',#3126,.T.);
#2576=FACE_BOUND('',#3127,.T.);
#2577=FACE_BOUND('',#3128,.T.);
#2578=FACE_BOUND('',#3129,.T.);
#2579=FACE_BOUND('',#3130,.T.);
#2580=FACE_BOUND('',#3131,.T.);
#2581=FACE_BOUND('',#3132,.T.);
#2582=FACE_BOUND('',#3133,.T.);
#2583=FACE_BOUND('',#3134,.T.);
#2584=FACE_BOUND('',#3135,.T.);
#2585=FACE_BOUND('',#3136,.T.);
#2586=FACE_BOUND('',#3137,.T.);
#2587=FACE_BOUND('',#3138,.T.);
#2588=FACE_BOUND('',#3139,.T.);
#2589=FACE_BOUND('',#3140,.T.);
#2590=FACE_BOUND('',#3141,.T.);
#2591=FACE_BOUND('',#3142,.T.);
#2592=FACE_BOUND('',#3143,.T.);
#2593=FACE_BOUND('',#3144,.T.);
#2594=FACE_BOUND('',#3145,.T.);
#2595=FACE_BOUND('',#3146,.T.);
#2596=FACE_BOUND('',#3147,.T.);
#2597=FACE_BOUND('',#3148,.T.);
#2598=FACE_BOUND('',#3149,.T.);
#2599=FACE_BOUND('',#3150,.T.);
#2600=FACE_BOUND('',#3151,.T.);
#2601=FACE_BOUND('',#3152,.T.);
#2602=FACE_BOUND('',#3153,.T.);
#2603=FACE_BOUND('',#3154,.T.);
#2604=FACE_BOUND('',#3155,.T.);
#2605=FACE_BOUND('',#3156,.T.);
#2606=FACE_BOUND('',#3157,.T.);
#2607=FACE_BOUND('',#3158,.T.);
#2608=FACE_BOUND('',#3160,.T.);
#2609=FACE_BOUND('',#3161,.T.);
#2610=FACE_BOUND('',#3162,.T.);
#2611=FACE_BOUND('',#3163,.T.);
#2612=FACE_BOUND('',#3164,.T.);
#2613=FACE_BOUND('',#3165,.T.);
#2614=FACE_BOUND('',#3166,.T.);
#2615=FACE_BOUND('',#3167,.T.);
#2616=FACE_BOUND('',#3168,.T.);
#2617=FACE_BOUND('',#3169,.T.);
#2618=FACE_BOUND('',#3170,.T.);
#2619=FACE_BOUND('',#3171,.T.);
#2620=FACE_BOUND('',#3172,.T.);
#2621=FACE_BOUND('',#3173,.T.);
#2622=FACE_BOUND('',#3174,.T.);
#2623=FACE_BOUND('',#3175,.T.);
#2624=FACE_BOUND('',#3176,.T.);
#2625=FACE_BOUND('',#3177,.T.);
#2626=FACE_BOUND('',#3178,.T.);
#2627=FACE_BOUND('',#3179,.T.);
#2628=FACE_BOUND('',#3180,.T.);
#2629=FACE_BOUND('',#3181,.T.);
#2630=FACE_BOUND('',#3194,.T.);
#2631=FACE_BOUND('',#3195,.T.);
#2632=FACE_BOUND('',#3196,.T.);
#2633=FACE_BOUND('',#3197,.T.);
#2634=FACE_BOUND('',#3198,.T.);
#2635=FACE_BOUND('',#3199,.T.);
#2636=FACE_BOUND('',#3200,.T.);
#2637=FACE_BOUND('',#3201,.T.);
#2638=FACE_BOUND('',#3202,.T.);
#2639=FACE_BOUND('',#3203,.T.);
#2640=FACE_BOUND('',#3204,.T.);
#2641=FACE_BOUND('',#3205,.T.);
#2642=FACE_BOUND('',#3207,.T.);
#2643=FACE_BOUND('',#3208,.T.);
#2644=FACE_BOUND('',#3209,.T.);
#2645=FACE_BOUND('',#3210,.T.);
#2646=FACE_BOUND('',#3211,.T.);
#2647=FACE_BOUND('',#3212,.T.);
#2648=FACE_BOUND('',#3213,.T.);
#2649=FACE_BOUND('',#3214,.T.);
#2650=FACE_BOUND('',#3215,.T.);
#2651=FACE_BOUND('',#3216,.T.);
#2652=FACE_BOUND('',#3217,.T.);
#2653=FACE_BOUND('',#3218,.T.);
#2654=FACE_BOUND('',#3220,.T.);
#2655=FACE_BOUND('',#3221,.T.);
#2656=FACE_BOUND('',#3223,.T.);
#2657=FACE_BOUND('',#3224,.T.);
#2658=FACE_BOUND('',#3226,.T.);
#2659=FACE_BOUND('',#3227,.T.);
#2660=FACE_BOUND('',#3228,.T.);
#2661=FACE_BOUND('',#3229,.T.);
#2662=FACE_BOUND('',#3230,.T.);
#2663=FACE_BOUND('',#3231,.T.);
#2664=FACE_BOUND('',#3232,.T.);
#2665=FACE_BOUND('',#3233,.T.);
#2666=FACE_BOUND('',#3234,.T.);
#2667=FACE_BOUND('',#3235,.T.);
#2668=FACE_BOUND('',#3236,.T.);
#2669=FACE_BOUND('',#3237,.T.);
#2670=FACE_BOUND('',#3240,.T.);
#2671=FACE_BOUND('',#3241,.T.);
#2672=FACE_BOUND('',#3242,.T.);
#2673=FACE_BOUND('',#3245,.T.);
#2674=FACE_BOUND('',#3246,.T.);
#2675=FACE_BOUND('',#3247,.T.);
#2676=FACE_BOUND('',#3248,.T.);
#2677=FACE_BOUND('',#3259,.T.);
#2678=FACE_BOUND('',#3260,.T.);
#2679=FACE_BOUND('',#3261,.T.);
#2680=FACE_BOUND('',#3262,.T.);
#2681=FACE_BOUND('',#3263,.T.);
#2682=FACE_BOUND('',#3264,.T.);
#2683=FACE_BOUND('',#3265,.T.);
#2684=FACE_BOUND('',#3266,.T.);
#2685=FACE_BOUND('',#3270,.T.);
#2686=FACE_BOUND('',#3271,.T.);
#2687=FACE_BOUND('',#3272,.T.);
#2688=FACE_BOUND('',#3273,.T.);
#2689=FACE_BOUND('',#3274,.T.);
#2690=FACE_BOUND('',#3275,.T.);
#2691=FACE_BOUND('',#3276,.T.);
#2692=FACE_BOUND('',#3277,.T.);
#2693=FACE_BOUND('',#3278,.T.);
#2694=FACE_BOUND('',#3279,.T.);
#2695=FACE_BOUND('',#3280,.T.);
#2696=FACE_BOUND('',#3281,.T.);
#2697=FACE_BOUND('',#3282,.T.);
#2698=FACE_BOUND('',#3283,.T.);
#2699=FACE_BOUND('',#3284,.T.);
#2700=FACE_BOUND('',#3285,.T.);
#2701=FACE_BOUND('',#3286,.T.);
#2702=FACE_BOUND('',#3287,.T.);
#2703=FACE_BOUND('',#3288,.T.);
#2704=FACE_BOUND('',#3289,.T.);
#2705=FACE_BOUND('',#3290,.T.);
#2706=FACE_BOUND('',#3291,.T.);
#2707=FACE_BOUND('',#3292,.T.);
#2708=FACE_BOUND('',#3293,.T.);
#2709=FACE_BOUND('',#3294,.T.);
#2710=FACE_BOUND('',#3295,.T.);
#2711=FACE_BOUND('',#3296,.T.);
#2712=FACE_BOUND('',#3297,.T.);
#2713=FACE_BOUND('',#3298,.T.);
#2714=FACE_BOUND('',#3299,.T.);
#2715=FACE_BOUND('',#3300,.T.);
#2716=FACE_BOUND('',#3301,.T.);
#2717=FACE_BOUND('',#3302,.T.);
#2718=FACE_BOUND('',#3303,.T.);
#2719=FACE_BOUND('',#3304,.T.);
#2720=FACE_BOUND('',#3305,.T.);
#2721=FACE_BOUND('',#3306,.T.);
#2722=FACE_BOUND('',#3307,.T.);
#2723=FACE_BOUND('',#3308,.T.);
#2724=FACE_BOUND('',#3309,.T.);
#2725=FACE_BOUND('',#3310,.T.);
#2726=FACE_BOUND('',#3311,.T.);
#2727=FACE_BOUND('',#3312,.T.);
#2728=FACE_BOUND('',#3313,.T.);
#2729=FACE_BOUND('',#3314,.T.);
#2730=FACE_BOUND('',#3315,.T.);
#2731=FACE_BOUND('',#3316,.T.);
#2732=FACE_BOUND('',#3317,.T.);
#2733=FACE_BOUND('',#3318,.T.);
#2734=FACE_BOUND('',#3319,.T.);
#2735=FACE_BOUND('',#3320,.T.);
#2736=FACE_BOUND('',#3321,.T.);
#2737=FACE_BOUND('',#3322,.T.);
#2738=FACE_BOUND('',#3323,.T.);
#2739=FACE_BOUND('',#3324,.T.);
#2740=FACE_BOUND('',#3325,.T.);
#2741=FACE_BOUND('',#3326,.T.);
#2742=FACE_BOUND('',#3327,.T.);
#2743=FACE_BOUND('',#3328,.T.);
#2744=FACE_BOUND('',#3329,.T.);
#2745=FACE_BOUND('',#3330,.T.);
#2746=FACE_BOUND('',#3331,.T.);
#2747=FACE_BOUND('',#3332,.T.);
#2748=FACE_BOUND('',#3333,.T.);
#2749=FACE_BOUND('',#3334,.T.);
#2750=FACE_BOUND('',#3335,.T.);
#2751=FACE_BOUND('',#3336,.T.);
#2752=FACE_BOUND('',#3337,.T.);
#2753=FACE_BOUND('',#3341,.T.);
#2754=FACE_BOUND('',#3342,.T.);
#2755=FACE_BOUND('',#3343,.T.);
#2756=FACE_BOUND('',#3344,.T.);
#2757=FACE_BOUND('',#3345,.T.);
#2758=FACE_BOUND('',#3346,.T.);
#2759=FACE_BOUND('',#3347,.T.);
#2760=FACE_BOUND('',#3348,.T.);
#2761=FACE_BOUND('',#3349,.T.);
#2762=FACE_BOUND('',#3350,.T.);
#2763=FACE_BOUND('',#3351,.T.);
#2764=FACE_BOUND('',#3352,.T.);
#2765=FACE_BOUND('',#3353,.T.);
#2766=FACE_BOUND('',#3354,.T.);
#2767=FACE_BOUND('',#3355,.T.);
#2768=FACE_BOUND('',#3356,.T.);
#2769=FACE_BOUND('',#3357,.T.);
#2770=FACE_BOUND('',#3358,.T.);
#2771=FACE_BOUND('',#3359,.T.);
#2772=FACE_BOUND('',#3360,.T.);
#2773=FACE_BOUND('',#3361,.T.);
#2774=FACE_BOUND('',#3362,.T.);
#2775=FACE_BOUND('',#3363,.T.);
#2776=FACE_BOUND('',#3364,.T.);
#2777=FACE_BOUND('',#3365,.T.);
#2778=FACE_BOUND('',#3366,.T.);
#2779=FACE_BOUND('',#3367,.T.);
#2780=FACE_BOUND('',#3368,.T.);
#2781=FACE_BOUND('',#3369,.T.);
#2782=FACE_BOUND('',#3370,.T.);
#2783=FACE_BOUND('',#3371,.T.);
#2784=FACE_BOUND('',#3372,.T.);
#2785=FACE_BOUND('',#3373,.T.);
#2786=FACE_BOUND('',#3374,.T.);
#2787=FACE_BOUND('',#3375,.T.);
#2788=FACE_BOUND('',#3376,.T.);
#2789=FACE_BOUND('',#3377,.T.);
#2790=FACE_BOUND('',#3378,.T.);
#2791=FACE_BOUND('',#3379,.T.);
#2792=FACE_BOUND('',#3380,.T.);
#2793=FACE_BOUND('',#3381,.T.);
#2794=FACE_BOUND('',#3382,.T.);
#2795=FACE_BOUND('',#3383,.T.);
#2796=FACE_BOUND('',#3384,.T.);
#2797=FACE_BOUND('',#3385,.T.);
#2798=FACE_BOUND('',#3386,.T.);
#2799=FACE_BOUND('',#3387,.T.);
#2800=FACE_BOUND('',#3388,.T.);
#2801=FACE_BOUND('',#3389,.T.);
#2802=FACE_BOUND('',#3390,.T.);
#2803=FACE_BOUND('',#3391,.T.);
#2804=FACE_BOUND('',#3392,.T.);
#2805=FACE_BOUND('',#3393,.T.);
#2806=FACE_BOUND('',#3394,.T.);
#2807=FACE_BOUND('',#3395,.T.);
#2808=FACE_BOUND('',#3396,.T.);
#2809=FACE_BOUND('',#3397,.T.);
#2810=FACE_BOUND('',#3398,.T.);
#2811=FACE_BOUND('',#3399,.T.);
#2812=FACE_BOUND('',#3400,.T.);
#2813=FACE_BOUND('',#3401,.T.);
#2814=FACE_BOUND('',#3402,.T.);
#2815=FACE_BOUND('',#3403,.T.);
#2816=FACE_BOUND('',#3404,.T.);
#2817=FACE_BOUND('',#3405,.T.);
#2818=FACE_BOUND('',#3406,.T.);
#2819=FACE_BOUND('',#3407,.T.);
#2820=FACE_BOUND('',#3408,.T.);
#2821=FACE_BOUND('',#3409,.T.);
#2822=FACE_BOUND('',#3410,.T.);
#2823=FACE_BOUND('',#3411,.T.);
#2824=FACE_BOUND('',#3412,.T.);
#2825=FACE_BOUND('',#3413,.T.);
#2826=FACE_BOUND('',#3414,.T.);
#2827=FACE_BOUND('',#3415,.T.);
#2828=FACE_BOUND('',#3416,.T.);
#2829=FACE_BOUND('',#3417,.T.);
#2830=FACE_BOUND('',#3418,.T.);
#2831=FACE_BOUND('',#3419,.T.);
#2832=FACE_BOUND('',#3420,.T.);
#2833=FACE_BOUND('',#3421,.T.);
#2834=FACE_BOUND('',#3422,.T.);
#2835=FACE_BOUND('',#3423,.T.);
#2836=FACE_BOUND('',#3424,.T.);
#2837=FACE_BOUND('',#3431,.T.);
#2838=FACE_BOUND('',#3432,.T.);
#2839=FACE_BOUND('',#3433,.T.);
#2840=FACE_BOUND('',#3434,.T.);
#2841=FACE_BOUND('',#3435,.T.);
#2842=FACE_BOUND('',#3436,.T.);
#2843=FACE_BOUND('',#3437,.T.);
#2844=FACE_BOUND('',#3438,.T.);
#2845=FACE_BOUND('',#3439,.T.);
#2846=FACE_BOUND('',#3440,.T.);
#2847=FACE_BOUND('',#3441,.T.);
#2848=FACE_BOUND('',#3442,.T.);
#2849=FACE_BOUND('',#3443,.T.);
#2850=FACE_BOUND('',#3444,.T.);
#2851=FACE_BOUND('',#3445,.T.);
#2852=FACE_BOUND('',#3446,.T.);
#2853=FACE_BOUND('',#3447,.T.);
#2854=FACE_BOUND('',#3448,.T.);
#2855=FACE_BOUND('',#3449,.T.);
#2856=FACE_BOUND('',#3450,.T.);
#2857=FACE_BOUND('',#3451,.T.);
#2858=FACE_BOUND('',#3452,.T.);
#2859=FACE_BOUND('',#3453,.T.);
#2860=FACE_BOUND('',#3454,.T.);
#2861=FACE_BOUND('',#3455,.T.);
#2862=FACE_BOUND('',#3456,.T.);
#2863=FACE_BOUND('',#3457,.T.);
#2864=FACE_BOUND('',#3458,.T.);
#2865=FACE_BOUND('',#3459,.T.);
#2866=FACE_BOUND('',#3460,.T.);
#2867=FACE_BOUND('',#3461,.T.);
#2868=FACE_BOUND('',#3462,.T.);
#2869=FACE_BOUND('',#3463,.T.);
#2870=FACE_BOUND('',#3464,.T.);
#2871=FACE_BOUND('',#3465,.T.);
#2872=FACE_BOUND('',#3466,.T.);
#2873=FACE_BOUND('',#3467,.T.);
#2874=FACE_BOUND('',#3468,.T.);
#2875=FACE_BOUND('',#3469,.T.);
#2876=FACE_BOUND('',#3470,.T.);
#2877=FACE_BOUND('',#3471,.T.);
#2878=FACE_BOUND('',#3472,.T.);
#2879=FACE_BOUND('',#3476,.T.);
#2880=FACE_BOUND('',#3477,.T.);
#2881=FACE_BOUND('',#3478,.T.);
#2882=FACE_BOUND('',#3479,.T.);
#2883=FACE_BOUND('',#3480,.T.);
#2884=FACE_BOUND('',#3481,.T.);
#2885=FACE_BOUND('',#3486,.T.);
#2886=FACE_BOUND('',#3487,.T.);
#2887=FACE_BOUND('',#3488,.T.);
#2888=FACE_BOUND('',#3489,.T.);
#2889=FACE_BOUND('',#3490,.T.);
#2890=FACE_BOUND('',#3491,.T.);
#2891=FACE_BOUND('',#3492,.T.);
#2892=FACE_BOUND('',#3493,.T.);
#2893=FACE_BOUND('',#3494,.T.);
#2894=FACE_BOUND('',#3495,.T.);
#2895=FACE_BOUND('',#3496,.T.);
#2896=FACE_BOUND('',#3497,.T.);
#2897=FACE_BOUND('',#3498,.T.);
#2898=FACE_BOUND('',#3499,.T.);
#2899=FACE_BOUND('',#3500,.T.);
#2900=FACE_BOUND('',#3501,.T.);
#2901=FACE_BOUND('',#3502,.T.);
#2902=FACE_BOUND('',#3503,.T.);
#2903=FACE_BOUND('',#3504,.T.);
#2904=FACE_BOUND('',#3505,.T.);
#2905=FACE_BOUND('',#3506,.T.);
#2906=FACE_BOUND('',#3507,.T.);
#2907=FACE_BOUND('',#3508,.T.);
#2908=FACE_BOUND('',#3509,.T.);
#2909=FACE_BOUND('',#3510,.T.);
#2910=FACE_BOUND('',#3511,.T.);
#2911=FACE_BOUND('',#3512,.T.);
#2912=FACE_BOUND('',#3514,.T.);
#2913=FACE_BOUND('',#3515,.T.);
#2914=FACE_BOUND('',#3522,.T.);
#2915=FACE_BOUND('',#3523,.T.);
#2916=FACE_BOUND('',#3527,.T.);
#2917=FACE_BOUND('',#3528,.T.);
#2918=FACE_BOUND('',#3532,.T.);
#2919=FACE_BOUND('',#3533,.T.);
#2920=FACE_BOUND('',#3534,.T.);
#2921=FACE_BOUND('',#3535,.T.);
#2922=FACE_BOUND('',#3539,.T.);
#2923=FACE_BOUND('',#3540,.T.);
#2924=FACE_BOUND('',#3544,.T.);
#2925=FACE_BOUND('',#3545,.T.);
#2926=FACE_BOUND('',#3552,.T.);
#2927=FACE_BOUND('',#3553,.T.);
#2928=FACE_BOUND('',#3572,.T.);
#2929=FACE_BOUND('',#3573,.T.);
#2930=FACE_BOUND('',#3575,.T.);
#2931=FACE_BOUND('',#3576,.T.);
#2932=FACE_BOUND('',#3578,.T.);
#2933=FACE_BOUND('',#3579,.T.);
#2934=FACE_BOUND('',#3593,.T.);
#2935=FACE_BOUND('',#3594,.T.);
#2936=FACE_BOUND('',#3595,.T.);
#2937=FACE_BOUND('',#3596,.T.);
#2938=FACE_BOUND('',#3597,.T.);
#2939=FACE_BOUND('',#3598,.T.);
#2940=FACE_BOUND('',#3599,.T.);
#2941=FACE_BOUND('',#3600,.T.);
#2942=FACE_BOUND('',#3602,.T.);
#2943=FACE_BOUND('',#3603,.T.);
#2944=FACE_BOUND('',#3605,.T.);
#2945=FACE_BOUND('',#3606,.T.);
#2946=FACE_BOUND('',#3608,.T.);
#2947=FACE_BOUND('',#3609,.T.);
#2948=FACE_BOUND('',#3611,.T.);
#2949=FACE_BOUND('',#3612,.T.);
#2950=FACE_BOUND('',#3614,.T.);
#2951=FACE_BOUND('',#3615,.T.);
#2952=FACE_BOUND('',#3616,.T.);
#2953=FACE_BOUND('',#3617,.T.);
#2954=FACE_BOUND('',#3618,.T.);
#2955=FACE_BOUND('',#3619,.T.);
#2956=FACE_BOUND('',#3620,.T.);
#2957=FACE_BOUND('',#3621,.T.);
#2958=FACE_BOUND('',#3622,.T.);
#2959=FACE_BOUND('',#3623,.T.);
#2960=FACE_BOUND('',#3624,.T.);
#2961=FACE_BOUND('',#3625,.T.);
#2962=FACE_BOUND('',#3627,.T.);
#2963=FACE_BOUND('',#3628,.T.);
#2964=FACE_BOUND('',#3630,.T.);
#2965=FACE_BOUND('',#3631,.T.);
#2966=FACE_BOUND('',#3633,.T.);
#2967=FACE_BOUND('',#3634,.T.);
#2968=FACE_BOUND('',#3636,.T.);
#2969=FACE_BOUND('',#3637,.T.);
#2970=FACE_BOUND('',#3639,.T.);
#2971=FACE_BOUND('',#3640,.T.);
#2972=FACE_BOUND('',#3641,.T.);
#2973=FACE_BOUND('',#3642,.T.);
#2974=FACE_BOUND('',#3643,.T.);
#2975=FACE_BOUND('',#3644,.T.);
#2976=FACE_BOUND('',#3645,.T.);
#2977=FACE_BOUND('',#3646,.T.);
#2978=FACE_BOUND('',#3647,.T.);
#2979=FACE_BOUND('',#3648,.T.);
#2980=FACE_BOUND('',#3670,.T.);
#2981=FACE_BOUND('',#3671,.T.);
#2982=FACE_BOUND('',#3672,.T.);
#2983=FACE_BOUND('',#3673,.T.);
#2984=FACE_BOUND('',#3674,.T.);
#2985=FACE_BOUND('',#3678,.T.);
#2986=FACE_BOUND('',#3679,.T.);
#2987=FACE_BOUND('',#3680,.T.);
#2988=FACE_BOUND('',#3681,.T.);
#2989=FACE_BOUND('',#3682,.T.);
#2990=FACE_BOUND('',#3683,.T.);
#2991=FACE_BOUND('',#3684,.T.);
#2992=FACE_BOUND('',#3685,.T.);
#2993=FACE_BOUND('',#3686,.T.);
#2994=FACE_BOUND('',#3687,.T.);
#2995=FACE_BOUND('',#3688,.T.);
#2996=FACE_BOUND('',#3689,.T.);
#2997=FACE_BOUND('',#3690,.T.);
#2998=FACE_BOUND('',#3691,.T.);
#2999=FACE_BOUND('',#3692,.T.);
#3000=FACE_BOUND('',#3693,.T.);
#3001=FACE_BOUND('',#3694,.T.);
#3002=FACE_BOUND('',#3695,.T.);
#3003=FACE_BOUND('',#3696,.T.);
#3004=FACE_BOUND('',#3697,.T.);
#3005=FACE_BOUND('',#3698,.T.);
#3006=FACE_BOUND('',#3699,.T.);
#3007=FACE_BOUND('',#3700,.T.);
#3008=FACE_BOUND('',#3701,.T.);
#3009=FACE_BOUND('',#3702,.T.);
#3010=FACE_BOUND('',#3703,.T.);
#3011=FACE_BOUND('',#3704,.T.);
#3012=FACE_BOUND('',#3705,.T.);
#3013=FACE_BOUND('',#3706,.T.);
#3014=FACE_BOUND('',#3707,.T.);
#3015=FACE_BOUND('',#3708,.T.);
#3016=FACE_BOUND('',#3709,.T.);
#3017=FACE_BOUND('',#3710,.T.);
#3018=FACE_BOUND('',#3711,.T.);
#3019=FACE_BOUND('',#3712,.T.);
#3020=FACE_BOUND('',#3713,.T.);
#3021=FACE_BOUND('',#3714,.T.);
#3022=FACE_BOUND('',#3715,.T.);
#3023=FACE_BOUND('',#3716,.T.);
#3024=FACE_BOUND('',#3717,.T.);
#3025=FACE_BOUND('',#3718,.T.);
#3026=FACE_BOUND('',#3719,.T.);
#3027=FACE_BOUND('',#3720,.T.);
#3028=FACE_BOUND('',#3721,.T.);
#3029=FACE_BOUND('',#3722,.T.);
#3030=FACE_BOUND('',#3723,.T.);
#3031=FACE_BOUND('',#3724,.T.);
#3032=FACE_BOUND('',#3725,.T.);
#3033=FACE_BOUND('',#3726,.T.);
#3034=FACE_BOUND('',#3741,.T.);
#3035=FACE_BOUND('',#3742,.T.);
#3036=FACE_BOUND('',#3743,.T.);
#3037=FACE_BOUND('',#3744,.T.);
#3038=FACE_BOUND('',#3745,.T.);
#3039=FACE_BOUND('',#3746,.T.);
#3040=FACE_BOUND('',#3747,.T.);
#3041=FACE_BOUND('',#3748,.T.);
#3042=FACE_BOUND('',#3749,.T.);
#3043=FACE_BOUND('',#3750,.T.);
#3044=FACE_BOUND('',#3751,.T.);
#3045=FACE_BOUND('',#3752,.T.);
#3046=FACE_BOUND('',#3753,.T.);
#3047=FACE_BOUND('',#3754,.T.);
#3048=FACE_BOUND('',#3755,.T.);
#3049=FACE_BOUND('',#3756,.T.);
#3050=FACE_BOUND('',#3759,.T.);
#3051=FACE_BOUND('',#3760,.T.);
#3052=FACE_BOUND('',#3761,.T.);
#3053=FACE_BOUND('',#3762,.T.);
#3054=FACE_BOUND('',#3763,.T.);
#3055=FACE_BOUND('',#3764,.T.);
#3056=FACE_BOUND('',#3765,.T.);
#3057=FACE_BOUND('',#3766,.T.);
#3058=FACE_BOUND('',#3775,.T.);
#3059=FACE_BOUND('',#3776,.T.);
#3060=FACE_BOUND('',#3779,.T.);
#3061=FACE_BOUND('',#3780,.T.);
#3062=FACE_BOUND('',#3787,.T.);
#3063=FACE_BOUND('',#3788,.T.);
#3064=FACE_BOUND('',#3789,.T.);
#3065=FACE_BOUND('',#3790,.T.);
#3066=FACE_BOUND('',#3791,.T.);
#3067=FACE_BOUND('',#3792,.T.);
#3068=FACE_BOUND('',#3793,.T.);
#3069=FACE_BOUND('',#3794,.T.);
#3070=FACE_BOUND('',#3795,.T.);
#3071=FACE_BOUND('',#3796,.T.);
#3072=FACE_BOUND('',#3797,.T.);
#3073=FACE_BOUND('',#3798,.T.);
#3074=FACE_BOUND('',#3799,.T.);
#3075=FACE_BOUND('',#3800,.T.);
#3076=FACE_BOUND('',#3801,.T.);
#3077=FACE_BOUND('',#3802,.T.);
#3078=FACE_BOUND('',#3803,.T.);
#3079=FACE_BOUND('',#3804,.T.);
#3080=FACE_BOUND('',#3805,.T.);
#3081=FACE_BOUND('',#3806,.T.);
#3082=FACE_BOUND('',#3807,.T.);
#3083=FACE_BOUND('',#3808,.T.);
#3084=FACE_BOUND('',#3809,.T.);
#3085=FACE_BOUND('',#3810,.T.);
#3086=FACE_BOUND('',#3811,.T.);
#3087=FACE_BOUND('',#3812,.T.);
#3088=FACE_BOUND('',#3813,.T.);
#3089=FACE_BOUND('',#3814,.T.);
#3090=FACE_BOUND('',#3831,.T.);
#3091=FACE_BOUND('',#3832,.T.);
#3092=FACE_BOUND('',#3833,.T.);
#3093=FACE_BOUND('',#3834,.T.);
#3094=FACE_BOUND('',#3835,.T.);
#3095=FACE_BOUND('',#3836,.T.);
#3096=FACE_BOUND('',#3843,.T.);
#3097=FACE_BOUND('',#3844,.T.);
#3098=FACE_BOUND('',#3846,.T.);
#3099=FACE_BOUND('',#3847,.T.);
#3100=FACE_BOUND('',#3849,.T.);
#3101=FACE_BOUND('',#3850,.T.);
#3102=FACE_BOUND('',#3852,.T.);
#3103=FACE_BOUND('',#3853,.T.);
#3104=FACE_BOUND('',#3855,.T.);
#3105=FACE_BOUND('',#3856,.T.);
#3106=FACE_BOUND('',#3857,.T.);
#3107=FACE_BOUND('',#3858,.T.);
#3108=FACE_BOUND('',#3859,.T.);
#3109=FACE_BOUND('',#3860,.T.);
#3110=FACE_BOUND('',#3861,.T.);
#3111=FACE_BOUND('',#3862,.T.);
#3112=FACE_BOUND('',#3873,.T.);
#3113=FACE_BOUND('',#3874,.T.);
#3114=FACE_BOUND('',#3875,.T.);
#3115=FACE_BOUND('',#3876,.T.);
#3116=FACE_BOUND('',#3877,.T.);
#3117=FACE_BOUND('',#3878,.T.);
#3118=EDGE_LOOP('',(#3995));
#3119=EDGE_LOOP('',(#3996));
#3120=EDGE_LOOP('',(#3997));
#3121=EDGE_LOOP('',(#3998));
#3122=EDGE_LOOP('',(#3999));
#3123=EDGE_LOOP('',(#4000));
#3124=EDGE_LOOP('',(#4001));
#3125=EDGE_LOOP('',(#4002));
#3126=EDGE_LOOP('',(#4003));
#3127=EDGE_LOOP('',(#4004));
#3128=EDGE_LOOP('',(#4005));
#3129=EDGE_LOOP('',(#4006));
#3130=EDGE_LOOP('',(#4007));
#3131=EDGE_LOOP('',(#4008));
#3132=EDGE_LOOP('',(#4009));
#3133=EDGE_LOOP('',(#4010));
#3134=EDGE_LOOP('',(#4011));
#3135=EDGE_LOOP('',(#4012));
#3136=EDGE_LOOP('',(#4013));
#3137=EDGE_LOOP('',(#4014));
#3138=EDGE_LOOP('',(#4015));
#3139=EDGE_LOOP('',(#4016));
#3140=EDGE_LOOP('',(#4017));
#3141=EDGE_LOOP('',(#4018));
#3142=EDGE_LOOP('',(#4019));
#3143=EDGE_LOOP('',(#4020));
#3144=EDGE_LOOP('',(#4021));
#3145=EDGE_LOOP('',(#4022));
#3146=EDGE_LOOP('',(#4023));
#3147=EDGE_LOOP('',(#4024));
#3148=EDGE_LOOP('',(#4025));
#3149=EDGE_LOOP('',(#4026,#4027,#4028,#4029,#4030,#4031,#4032,#4033,#4034));
#3150=EDGE_LOOP('',(#4035));
#3151=EDGE_LOOP('',(#4036));
#3152=EDGE_LOOP('',(#4037));
#3153=EDGE_LOOP('',(#4038));
#3154=EDGE_LOOP('',(#4039,#4040,#4041,#4042,#4043,#4044,#4045,#4046));
#3155=EDGE_LOOP('',(#4047));
#3156=EDGE_LOOP('',(#4048));
#3157=EDGE_LOOP('',(#4049));
#3158=EDGE_LOOP('',(#4050,#4051,#4052,#4053,#4054,#4055,#4056,#4057,#4058));
#3159=EDGE_LOOP('',(#4059,#4060,#4061,#4062));
#3160=EDGE_LOOP('',(#4063));
#3161=EDGE_LOOP('',(#4064,#4065,#4066,#4067));
#3162=EDGE_LOOP('',(#4068));
#3163=EDGE_LOOP('',(#4069));
#3164=EDGE_LOOP('',(#4070));
#3165=EDGE_LOOP('',(#4071));
#3166=EDGE_LOOP('',(#4072));
#3167=EDGE_LOOP('',(#4073));
#3168=EDGE_LOOP('',(#4074));
#3169=EDGE_LOOP('',(#4075));
#3170=EDGE_LOOP('',(#4076));
#3171=EDGE_LOOP('',(#4077));
#3172=EDGE_LOOP('',(#4078));
#3173=EDGE_LOOP('',(#4079));
#3174=EDGE_LOOP('',(#4080));
#3175=EDGE_LOOP('',(#4081));
#3176=EDGE_LOOP('',(#4082));
#3177=EDGE_LOOP('',(#4083));
#3178=EDGE_LOOP('',(#4084));
#3179=EDGE_LOOP('',(#4085));
#3180=EDGE_LOOP('',(#4086));
#3181=EDGE_LOOP('',(#4087));
#3182=EDGE_LOOP('',(#4088,#4089,#4090,#4091));
#3183=EDGE_LOOP('',(#4092,#4093,#4094,#4095,#4096,#4097,#4098,#4099));
#3184=EDGE_LOOP('',(#4100,#4101,#4102,#4103,#4104));
#3185=EDGE_LOOP('',(#4105,#4106,#4107,#4108,#4109));
#3186=EDGE_LOOP('',(#4110,#4111,#4112,#4113));
#3187=EDGE_LOOP('',(#4114,#4115,#4116,#4117,#4118));
#3188=EDGE_LOOP('',(#4119,#4120,#4121,#4122));
#3189=EDGE_LOOP('',(#4123,#4124,#4125,#4126));
#3190=EDGE_LOOP('',(#4127,#4128,#4129,#4130));
#3191=EDGE_LOOP('',(#4131,#4132,#4133,#4134));
#3192=EDGE_LOOP('',(#4135,#4136,#4137,#4138));
#3193=EDGE_LOOP('',(#4139,#4140,#4141,#4142,#4143,#4144,#4145));
#3194=EDGE_LOOP('',(#4146));
#3195=EDGE_LOOP('',(#4147));
#3196=EDGE_LOOP('',(#4148));
#3197=EDGE_LOOP('',(#4149));
#3198=EDGE_LOOP('',(#4150));
#3199=EDGE_LOOP('',(#4151));
#3200=EDGE_LOOP('',(#4152));
#3201=EDGE_LOOP('',(#4153));
#3202=EDGE_LOOP('',(#4154));
#3203=EDGE_LOOP('',(#4155,#4156));
#3204=EDGE_LOOP('',(#4157));
#3205=EDGE_LOOP('',(#4158));
#3206=EDGE_LOOP('',(#4159,#4160,#4161,#4162,#4163,#4164,#4165,#4166,#4167));
#3207=EDGE_LOOP('',(#4168));
#3208=EDGE_LOOP('',(#4169));
#3209=EDGE_LOOP('',(#4170));
#3210=EDGE_LOOP('',(#4171));
#3211=EDGE_LOOP('',(#4172));
#3212=EDGE_LOOP('',(#4173));
#3213=EDGE_LOOP('',(#4174));
#3214=EDGE_LOOP('',(#4175));
#3215=EDGE_LOOP('',(#4176));
#3216=EDGE_LOOP('',(#4177));
#3217=EDGE_LOOP('',(#4178));
#3218=EDGE_LOOP('',(#4179));
#3219=EDGE_LOOP('',(#4180));
#3220=EDGE_LOOP('',(#4181));
#3221=EDGE_LOOP('',(#4182));
#3222=EDGE_LOOP('',(#4183));
#3223=EDGE_LOOP('',(#4184));
#3224=EDGE_LOOP('',(#4185));
#3225=EDGE_LOOP('',(#4186));
#3226=EDGE_LOOP('',(#4187));
#3227=EDGE_LOOP('',(#4188));
#3228=EDGE_LOOP('',(#4189));
#3229=EDGE_LOOP('',(#4190));
#3230=EDGE_LOOP('',(#4191));
#3231=EDGE_LOOP('',(#4192));
#3232=EDGE_LOOP('',(#4193));
#3233=EDGE_LOOP('',(#4194));
#3234=EDGE_LOOP('',(#4195));
#3235=EDGE_LOOP('',(#4196));
#3236=EDGE_LOOP('',(#4197));
#3237=EDGE_LOOP('',(#4198));
#3238=EDGE_LOOP('',(#4199,#4200,#4201,#4202,#4203,#4204,#4205,#4206,#4207));
#3239=EDGE_LOOP('',(#4208,#4209,#4210,#4211));
#3240=EDGE_LOOP('',(#4212));
#3241=EDGE_LOOP('',(#4213));
#3242=EDGE_LOOP('',(#4214,#4215,#4216,#4217,#4218,#4219,#4220,#4221,#4222));
#3243=EDGE_LOOP('',(#4223,#4224,#4225,#4226));
#3244=EDGE_LOOP('',(#4227,#4228,#4229,#4230));
#3245=EDGE_LOOP('',(#4231));
#3246=EDGE_LOOP('',(#4232,#4233,#4234,#4235,#4236,#4237,#4238,#4239));
#3247=EDGE_LOOP('',(#4240));
#3248=EDGE_LOOP('',(#4241));
#3249=EDGE_LOOP('',(#4242,#4243,#4244,#4245,#4246));
#3250=EDGE_LOOP('',(#4247,#4248,#4249,#4250,#4251));
#3251=EDGE_LOOP('',(#4252,#4253,#4254,#4255,#4256));
#3252=EDGE_LOOP('',(#4257,#4258,#4259,#4260,#4261,#4262,#4263,#4264,#4265,
#4266));
#3253=EDGE_LOOP('',(#4267,#4268,#4269,#4270));
#3254=EDGE_LOOP('',(#4271,#4272,#4273,#4274));
#3255=EDGE_LOOP('',(#4275,#4276,#4277,#4278));
#3256=EDGE_LOOP('',(#4279,#4280,#4281,#4282));
#3257=EDGE_LOOP('',(#4283,#4284,#4285,#4286));
#3258=EDGE_LOOP('',(#4287,#4288,#4289,#4290));
#3259=EDGE_LOOP('',(#4291));
#3260=EDGE_LOOP('',(#4292,#4293));
#3261=EDGE_LOOP('',(#4294));
#3262=EDGE_LOOP('',(#4295));
#3263=EDGE_LOOP('',(#4296));
#3264=EDGE_LOOP('',(#4297,#4298));
#3265=EDGE_LOOP('',(#4299));
#3266=EDGE_LOOP('',(#4300));
#3267=EDGE_LOOP('',(#4301,#4302,#4303,#4304));
#3268=EDGE_LOOP('',(#4305,#4306,#4307,#4308));
#3269=EDGE_LOOP('',(#4309,#4310,#4311,#4312));
#3270=EDGE_LOOP('',(#4313));
#3271=EDGE_LOOP('',(#4314));
#3272=EDGE_LOOP('',(#4315));
#3273=EDGE_LOOP('',(#4316));
#3274=EDGE_LOOP('',(#4317));
#3275=EDGE_LOOP('',(#4318));
#3276=EDGE_LOOP('',(#4319,#4320,#4321,#4322,#4323,#4324,#4325,#4326,#4327,
#4328,#4329,#4330));
#3277=EDGE_LOOP('',(#4331));
#3278=EDGE_LOOP('',(#4332));
#3279=EDGE_LOOP('',(#4333));
#3280=EDGE_LOOP('',(#4334));
#3281=EDGE_LOOP('',(#4335));
#3282=EDGE_LOOP('',(#4336));
#3283=EDGE_LOOP('',(#4337));
#3284=EDGE_LOOP('',(#4338));
#3285=EDGE_LOOP('',(#4339));
#3286=EDGE_LOOP('',(#4340));
#3287=EDGE_LOOP('',(#4341));
#3288=EDGE_LOOP('',(#4342));
#3289=EDGE_LOOP('',(#4343));
#3290=EDGE_LOOP('',(#4344));
#3291=EDGE_LOOP('',(#4345));
#3292=EDGE_LOOP('',(#4346));
#3293=EDGE_LOOP('',(#4347));
#3294=EDGE_LOOP('',(#4348));
#3295=EDGE_LOOP('',(#4349));
#3296=EDGE_LOOP('',(#4350));
#3297=EDGE_LOOP('',(#4351));
#3298=EDGE_LOOP('',(#4352));
#3299=EDGE_LOOP('',(#4353));
#3300=EDGE_LOOP('',(#4354));
#3301=EDGE_LOOP('',(#4355));
#3302=EDGE_LOOP('',(#4356));
#3303=EDGE_LOOP('',(#4357));
#3304=EDGE_LOOP('',(#4358));
#3305=EDGE_LOOP('',(#4359));
#3306=EDGE_LOOP('',(#4360));
#3307=EDGE_LOOP('',(#4361));
#3308=EDGE_LOOP('',(#4362));
#3309=EDGE_LOOP('',(#4363));
#3310=EDGE_LOOP('',(#4364));
#3311=EDGE_LOOP('',(#4365,#4366,#4367,#4368,#4369,#4370,#4371,#4372,#4373,
#4374,#4375,#4376));
#3312=EDGE_LOOP('',(#4377));
#3313=EDGE_LOOP('',(#4378));
#3314=EDGE_LOOP('',(#4379));
#3315=EDGE_LOOP('',(#4380));
#3316=EDGE_LOOP('',(#4381));
#3317=EDGE_LOOP('',(#4382));
#3318=EDGE_LOOP('',(#4383));
#3319=EDGE_LOOP('',(#4384));
#3320=EDGE_LOOP('',(#4385));
#3321=EDGE_LOOP('',(#4386));
#3322=EDGE_LOOP('',(#4387));
#3323=EDGE_LOOP('',(#4388));
#3324=EDGE_LOOP('',(#4389));
#3325=EDGE_LOOP('',(#4390));
#3326=EDGE_LOOP('',(#4391));
#3327=EDGE_LOOP('',(#4392));
#3328=EDGE_LOOP('',(#4393));
#3329=EDGE_LOOP('',(#4394));
#3330=EDGE_LOOP('',(#4395));
#3331=EDGE_LOOP('',(#4396));
#3332=EDGE_LOOP('',(#4397));
#3333=EDGE_LOOP('',(#4398));
#3334=EDGE_LOOP('',(#4399));
#3335=EDGE_LOOP('',(#4400));
#3336=EDGE_LOOP('',(#4401));
#3337=EDGE_LOOP('',(#4402));
#3338=EDGE_LOOP('',(#4403,#4404,#4405,#4406));
#3339=EDGE_LOOP('',(#4407,#4408,#4409,#4410));
#3340=EDGE_LOOP('',(#4411,#4412,#4413,#4414));
#3341=EDGE_LOOP('',(#4415));
#3342=EDGE_LOOP('',(#4416));
#3343=EDGE_LOOP('',(#4417));
#3344=EDGE_LOOP('',(#4418));
#3345=EDGE_LOOP('',(#4419));
#3346=EDGE_LOOP('',(#4420));
#3347=EDGE_LOOP('',(#4421));
#3348=EDGE_LOOP('',(#4422));
#3349=EDGE_LOOP('',(#4423));
#3350=EDGE_LOOP('',(#4424));
#3351=EDGE_LOOP('',(#4425));
#3352=EDGE_LOOP('',(#4426));
#3353=EDGE_LOOP('',(#4427));
#3354=EDGE_LOOP('',(#4428));
#3355=EDGE_LOOP('',(#4429));
#3356=EDGE_LOOP('',(#4430));
#3357=EDGE_LOOP('',(#4431));
#3358=EDGE_LOOP('',(#4432));
#3359=EDGE_LOOP('',(#4433));
#3360=EDGE_LOOP('',(#4434));
#3361=EDGE_LOOP('',(#4435));
#3362=EDGE_LOOP('',(#4436));
#3363=EDGE_LOOP('',(#4437));
#3364=EDGE_LOOP('',(#4438));
#3365=EDGE_LOOP('',(#4439));
#3366=EDGE_LOOP('',(#4440));
#3367=EDGE_LOOP('',(#4441));
#3368=EDGE_LOOP('',(#4442));
#3369=EDGE_LOOP('',(#4443));
#3370=EDGE_LOOP('',(#4444));
#3371=EDGE_LOOP('',(#4445));
#3372=EDGE_LOOP('',(#4446));
#3373=EDGE_LOOP('',(#4447));
#3374=EDGE_LOOP('',(#4448));
#3375=EDGE_LOOP('',(#4449));
#3376=EDGE_LOOP('',(#4450));
#3377=EDGE_LOOP('',(#4451));
#3378=EDGE_LOOP('',(#4452));
#3379=EDGE_LOOP('',(#4453));
#3380=EDGE_LOOP('',(#4454));
#3381=EDGE_LOOP('',(#4455));
#3382=EDGE_LOOP('',(#4456));
#3383=EDGE_LOOP('',(#4457));
#3384=EDGE_LOOP('',(#4458));
#3385=EDGE_LOOP('',(#4459));
#3386=EDGE_LOOP('',(#4460));
#3387=EDGE_LOOP('',(#4461));
#3388=EDGE_LOOP('',(#4462));
#3389=EDGE_LOOP('',(#4463));
#3390=EDGE_LOOP('',(#4464));
#3391=EDGE_LOOP('',(#4465));
#3392=EDGE_LOOP('',(#4466));
#3393=EDGE_LOOP('',(#4467));
#3394=EDGE_LOOP('',(#4468));
#3395=EDGE_LOOP('',(#4469));
#3396=EDGE_LOOP('',(#4470));
#3397=EDGE_LOOP('',(#4471));
#3398=EDGE_LOOP('',(#4472));
#3399=EDGE_LOOP('',(#4473));
#3400=EDGE_LOOP('',(#4474));
#3401=EDGE_LOOP('',(#4475));
#3402=EDGE_LOOP('',(#4476));
#3403=EDGE_LOOP('',(#4477));
#3404=EDGE_LOOP('',(#4478));
#3405=EDGE_LOOP('',(#4479));
#3406=EDGE_LOOP('',(#4480));
#3407=EDGE_LOOP('',(#4481));
#3408=EDGE_LOOP('',(#4482));
#3409=EDGE_LOOP('',(#4483));
#3410=EDGE_LOOP('',(#4484));
#3411=EDGE_LOOP('',(#4485));
#3412=EDGE_LOOP('',(#4486));
#3413=EDGE_LOOP('',(#4487));
#3414=EDGE_LOOP('',(#4488));
#3415=EDGE_LOOP('',(#4489));
#3416=EDGE_LOOP('',(#4490));
#3417=EDGE_LOOP('',(#4491));
#3418=EDGE_LOOP('',(#4492));
#3419=EDGE_LOOP('',(#4493));
#3420=EDGE_LOOP('',(#4494));
#3421=EDGE_LOOP('',(#4495));
#3422=EDGE_LOOP('',(#4496));
#3423=EDGE_LOOP('',(#4497));
#3424=EDGE_LOOP('',(#4498));
#3425=EDGE_LOOP('',(#4499,#4500,#4501,#4502));
#3426=EDGE_LOOP('',(#4503,#4504,#4505,#4506));
#3427=EDGE_LOOP('',(#4507,#4508,#4509,#4510));
#3428=EDGE_LOOP('',(#4511,#4512,#4513,#4514));
#3429=EDGE_LOOP('',(#4515,#4516,#4517,#4518));
#3430=EDGE_LOOP('',(#4519,#4520,#4521,#4522));
#3431=EDGE_LOOP('',(#4523));
#3432=EDGE_LOOP('',(#4524));
#3433=EDGE_LOOP('',(#4525));
#3434=EDGE_LOOP('',(#4526));
#3435=EDGE_LOOP('',(#4527));
#3436=EDGE_LOOP('',(#4528));
#3437=EDGE_LOOP('',(#4529));
#3438=EDGE_LOOP('',(#4530));
#3439=EDGE_LOOP('',(#4531));
#3440=EDGE_LOOP('',(#4532));
#3441=EDGE_LOOP('',(#4533));
#3442=EDGE_LOOP('',(#4534));
#3443=EDGE_LOOP('',(#4535));
#3444=EDGE_LOOP('',(#4536));
#3445=EDGE_LOOP('',(#4537));
#3446=EDGE_LOOP('',(#4538));
#3447=EDGE_LOOP('',(#4539));
#3448=EDGE_LOOP('',(#4540));
#3449=EDGE_LOOP('',(#4541));
#3450=EDGE_LOOP('',(#4542));
#3451=EDGE_LOOP('',(#4543));
#3452=EDGE_LOOP('',(#4544));
#3453=EDGE_LOOP('',(#4545));
#3454=EDGE_LOOP('',(#4546));
#3455=EDGE_LOOP('',(#4547,#4548,#4549,#4550,#4551,#4552,#4553,#4554,#4555,
#4556));
#3456=EDGE_LOOP('',(#4557));
#3457=EDGE_LOOP('',(#4558));
#3458=EDGE_LOOP('',(#4559));
#3459=EDGE_LOOP('',(#4560));
#3460=EDGE_LOOP('',(#4561));
#3461=EDGE_LOOP('',(#4562));
#3462=EDGE_LOOP('',(#4563));
#3463=EDGE_LOOP('',(#4564));
#3464=EDGE_LOOP('',(#4565));
#3465=EDGE_LOOP('',(#4566));
#3466=EDGE_LOOP('',(#4567,#4568,#4569,#4570,#4571,#4572,#4573,#4574,#4575,
#4576,#4577,#4578,#4579,#4580,#4581,#4582,#4583,#4584,#4585,#4586));
#3467=EDGE_LOOP('',(#4587));
#3468=EDGE_LOOP('',(#4588));
#3469=EDGE_LOOP('',(#4589));
#3470=EDGE_LOOP('',(#4590));
#3471=EDGE_LOOP('',(#4591));
#3472=EDGE_LOOP('',(#4592,#4593,#4594,#4595,#4596,#4597,#4598,#4599,#4600,
#4601,#4602,#4603,#4604,#4605,#4606,#4607,#4608,#4609,#4610,#4611));
#3473=EDGE_LOOP('',(#4612,#4613,#4614,#4615));
#3474=EDGE_LOOP('',(#4616,#4617,#4618,#4619));
#3475=EDGE_LOOP('',(#4620,#4621,#4622,#4623));
#3476=EDGE_LOOP('',(#4624));
#3477=EDGE_LOOP('',(#4625));
#3478=EDGE_LOOP('',(#4626));
#3479=EDGE_LOOP('',(#4627));
#3480=EDGE_LOOP('',(#4628));
#3481=EDGE_LOOP('',(#4629,#4630,#4631,#4632,#4633,#4634,#4635,#4636,#4637,
#4638));
#3482=EDGE_LOOP('',(#4639,#4640,#4641,#4642));
#3483=EDGE_LOOP('',(#4643,#4644,#4645,#4646));
#3484=EDGE_LOOP('',(#4647,#4648,#4649,#4650));
#3485=EDGE_LOOP('',(#4651,#4652,#4653,#4654));
#3486=EDGE_LOOP('',(#4655));
#3487=EDGE_LOOP('',(#4656));
#3488=EDGE_LOOP('',(#4657));
#3489=EDGE_LOOP('',(#4658,#4659,#4660,#4661,#4662,#4663,#4664,#4665,#4666,
#4667,#4668,#4669,#4670,#4671,#4672,#4673,#4674,#4675,#4676,#4677));
#3490=EDGE_LOOP('',(#4678));
#3491=EDGE_LOOP('',(#4679));
#3492=EDGE_LOOP('',(#4680));
#3493=EDGE_LOOP('',(#4681));
#3494=EDGE_LOOP('',(#4682));
#3495=EDGE_LOOP('',(#4683));
#3496=EDGE_LOOP('',(#4684));
#3497=EDGE_LOOP('',(#4685));
#3498=EDGE_LOOP('',(#4686,#4687,#4688,#4689,#4690,#4691,#4692,#4693,#4694,
#4695,#4696,#4697,#4698,#4699,#4700,#4701,#4702,#4703,#4704,#4705));
#3499=EDGE_LOOP('',(#4706,#4707,#4708,#4709,#4710,#4711,#4712,#4713,#4714,
#4715,#4716,#4717,#4718,#4719,#4720,#4721,#4722,#4723,#4724,#4725,#4726,
#4727,#4728,#4729));
#3500=EDGE_LOOP('',(#4730,#4731,#4732,#4733,#4734,#4735,#4736,#4737,#4738,
#4739,#4740,#4741,#4742,#4743,#4744,#4745,#4746,#4747,#4748,#4749,#4750,
#4751,#4752,#4753));
#3501=EDGE_LOOP('',(#4754,#4755,#4756,#4757,#4758,#4759,#4760,#4761,#4762,
#4763,#4764,#4765,#4766,#4767,#4768,#4769));
#3502=EDGE_LOOP('',(#4770));
#3503=EDGE_LOOP('',(#4771,#4772,#4773,#4774,#4775,#4776,#4777,#4778,#4779,
#4780,#4781,#4782,#4783,#4784,#4785,#4786));
#3504=EDGE_LOOP('',(#4787));
#3505=EDGE_LOOP('',(#4788));
#3506=EDGE_LOOP('',(#4789));
#3507=EDGE_LOOP('',(#4790));
#3508=EDGE_LOOP('',(#4791));
#3509=EDGE_LOOP('',(#4792));
#3510=EDGE_LOOP('',(#4793));
#3511=EDGE_LOOP('',(#4794));
#3512=EDGE_LOOP('',(#4795));
#3513=EDGE_LOOP('',(#4796,#4797,#4798,#4799));
#3514=EDGE_LOOP('',(#4800,#4801,#4802,#4803,#4804,#4805));
#3515=EDGE_LOOP('',(#4806));
#3516=EDGE_LOOP('',(#4807,#4808,#4809,#4810));
#3517=EDGE_LOOP('',(#4811,#4812,#4813,#4814));
#3518=EDGE_LOOP('',(#4815,#4816,#4817,#4818));
#3519=EDGE_LOOP('',(#4819,#4820,#4821,#4822));
#3520=EDGE_LOOP('',(#4823,#4824,#4825,#4826));
#3521=EDGE_LOOP('',(#4827,#4828,#4829,#4830));
#3522=EDGE_LOOP('',(#4831));
#3523=EDGE_LOOP('',(#4832,#4833,#4834,#4835,#4836,#4837));
#3524=EDGE_LOOP('',(#4838,#4839,#4840,#4841));
#3525=EDGE_LOOP('',(#4842,#4843,#4844,#4845));
#3526=EDGE_LOOP('',(#4846,#4847,#4848,#4849));
#3527=EDGE_LOOP('',(#4850));
#3528=EDGE_LOOP('',(#4851,#4852,#4853,#4854,#4855,#4856));
#3529=EDGE_LOOP('',(#4857,#4858,#4859,#4860));
#3530=EDGE_LOOP('',(#4861,#4862,#4863,#4864));
#3531=EDGE_LOOP('',(#4865,#4866,#4867,#4868));
#3532=EDGE_LOOP('',(#4869));
#3533=EDGE_LOOP('',(#4870,#4871,#4872,#4873,#4874,#4875));
#3534=EDGE_LOOP('',(#4876,#4877,#4878,#4879,#4880,#4881));
#3535=EDGE_LOOP('',(#4882));
#3536=EDGE_LOOP('',(#4883,#4884,#4885,#4886));
#3537=EDGE_LOOP('',(#4887,#4888,#4889,#4890));
#3538=EDGE_LOOP('',(#4891,#4892,#4893,#4894));
#3539=EDGE_LOOP('',(#4895,#4896,#4897,#4898,#4899,#4900));
#3540=EDGE_LOOP('',(#4901));
#3541=EDGE_LOOP('',(#4902,#4903,#4904,#4905));
#3542=EDGE_LOOP('',(#4906,#4907,#4908,#4909));
#3543=EDGE_LOOP('',(#4910,#4911,#4912,#4913));
#3544=EDGE_LOOP('',(#4914,#4915,#4916,#4917,#4918,#4919));
#3545=EDGE_LOOP('',(#4920));
#3546=EDGE_LOOP('',(#4921,#4922,#4923,#4924));
#3547=EDGE_LOOP('',(#4925,#4926,#4927,#4928));
#3548=EDGE_LOOP('',(#4929,#4930,#4931,#4932));
#3549=EDGE_LOOP('',(#4933,#4934,#4935,#4936));
#3550=EDGE_LOOP('',(#4937,#4938,#4939,#4940));
#3551=EDGE_LOOP('',(#4941,#4942,#4943,#4944));
#3552=EDGE_LOOP('',(#4945));
#3553=EDGE_LOOP('',(#4946,#4947,#4948,#4949,#4950,#4951));
#3554=EDGE_LOOP('',(#4952,#4953,#4954,#4955));
#3555=EDGE_LOOP('',(#4956,#4957,#4958,#4959));
#3556=EDGE_LOOP('',(#4960,#4961,#4962,#4963));
#3557=EDGE_LOOP('',(#4964,#4965,#4966,#4967));
#3558=EDGE_LOOP('',(#4968,#4969,#4970,#4971));
#3559=EDGE_LOOP('',(#4972,#4973,#4974,#4975));
#3560=EDGE_LOOP('',(#4976,#4977,#4978,#4979));
#3561=EDGE_LOOP('',(#4980,#4981,#4982,#4983));
#3562=EDGE_LOOP('',(#4984,#4985,#4986,#4987));
#3563=EDGE_LOOP('',(#4988,#4989,#4990,#4991));
#3564=EDGE_LOOP('',(#4992,#4993,#4994,#4995));
#3565=EDGE_LOOP('',(#4996,#4997,#4998,#4999));
#3566=EDGE_LOOP('',(#5000,#5001,#5002,#5003));
#3567=EDGE_LOOP('',(#5004,#5005,#5006,#5007));
#3568=EDGE_LOOP('',(#5008,#5009,#5010,#5011));
#3569=EDGE_LOOP('',(#5012,#5013,#5014,#5015));
#3570=EDGE_LOOP('',(#5016,#5017,#5018,#5019));
#3571=EDGE_LOOP('',(#5020,#5021,#5022,#5023));
#3572=EDGE_LOOP('',(#5024));
#3573=EDGE_LOOP('',(#5025));
#3574=EDGE_LOOP('',(#5026));
#3575=EDGE_LOOP('',(#5027));
#3576=EDGE_LOOP('',(#5028));
#3577=EDGE_LOOP('',(#5029));
#3578=EDGE_LOOP('',(#5030));
#3579=EDGE_LOOP('',(#5031));
#3580=EDGE_LOOP('',(#5032));
#3581=EDGE_LOOP('',(#5033,#5034,#5035,#5036,#5037));
#3582=EDGE_LOOP('',(#5038,#5039,#5040,#5041));
#3583=EDGE_LOOP('',(#5042,#5043,#5044,#5045,#5046));
#3584=EDGE_LOOP('',(#5047,#5048,#5049,#5050,#5051));
#3585=EDGE_LOOP('',(#5052,#5053,#5054,#5055));
#3586=EDGE_LOOP('',(#5056,#5057,#5058,#5059,#5060));
#3587=EDGE_LOOP('',(#5061,#5062,#5063,#5064,#5065));
#3588=EDGE_LOOP('',(#5066,#5067,#5068,#5069));
#3589=EDGE_LOOP('',(#5070,#5071,#5072,#5073,#5074));
#3590=EDGE_LOOP('',(#5075,#5076,#5077,#5078,#5079));
#3591=EDGE_LOOP('',(#5080,#5081,#5082,#5083));
#3592=EDGE_LOOP('',(#5084,#5085,#5086,#5087,#5088));
#3593=EDGE_LOOP('',(#5089));
#3594=EDGE_LOOP('',(#5090));
#3595=EDGE_LOOP('',(#5091));
#3596=EDGE_LOOP('',(#5092));
#3597=EDGE_LOOP('',(#5093));
#3598=EDGE_LOOP('',(#5094));
#3599=EDGE_LOOP('',(#5095));
#3600=EDGE_LOOP('',(#5096));
#3601=EDGE_LOOP('',(#5097));
#3602=EDGE_LOOP('',(#5098));
#3603=EDGE_LOOP('',(#5099));
#3604=EDGE_LOOP('',(#5100));
#3605=EDGE_LOOP('',(#5101));
#3606=EDGE_LOOP('',(#5102));
#3607=EDGE_LOOP('',(#5103));
#3608=EDGE_LOOP('',(#5104));
#3609=EDGE_LOOP('',(#5105));
#3610=EDGE_LOOP('',(#5106));
#3611=EDGE_LOOP('',(#5107));
#3612=EDGE_LOOP('',(#5108));
#3613=EDGE_LOOP('',(#5109));
#3614=EDGE_LOOP('',(#5110));
#3615=EDGE_LOOP('',(#5111));
#3616=EDGE_LOOP('',(#5112));
#3617=EDGE_LOOP('',(#5113));
#3618=EDGE_LOOP('',(#5114));
#3619=EDGE_LOOP('',(#5115));
#3620=EDGE_LOOP('',(#5116));
#3621=EDGE_LOOP('',(#5117));
#3622=EDGE_LOOP('',(#5118));
#3623=EDGE_LOOP('',(#5119));
#3624=EDGE_LOOP('',(#5120));
#3625=EDGE_LOOP('',(#5121));
#3626=EDGE_LOOP('',(#5122));
#3627=EDGE_LOOP('',(#5123));
#3628=EDGE_LOOP('',(#5124));
#3629=EDGE_LOOP('',(#5125));
#3630=EDGE_LOOP('',(#5126));
#3631=EDGE_LOOP('',(#5127));
#3632=EDGE_LOOP('',(#5128));
#3633=EDGE_LOOP('',(#5129));
#3634=EDGE_LOOP('',(#5130));
#3635=EDGE_LOOP('',(#5131));
#3636=EDGE_LOOP('',(#5132));
#3637=EDGE_LOOP('',(#5133));
#3638=EDGE_LOOP('',(#5134));
#3639=EDGE_LOOP('',(#5135));
#3640=EDGE_LOOP('',(#5136));
#3641=EDGE_LOOP('',(#5137));
#3642=EDGE_LOOP('',(#5138));
#3643=EDGE_LOOP('',(#5139));
#3644=EDGE_LOOP('',(#5140));
#3645=EDGE_LOOP('',(#5141));
#3646=EDGE_LOOP('',(#5142));
#3647=EDGE_LOOP('',(#5143));
#3648=EDGE_LOOP('',(#5144));
#3649=EDGE_LOOP('',(#5145,#5146,#5147,#5148));
#3650=EDGE_LOOP('',(#5149,#5150,#5151,#5152));
#3651=EDGE_LOOP('',(#5153,#5154,#5155,#5156));
#3652=EDGE_LOOP('',(#5157,#5158,#5159,#5160));
#3653=EDGE_LOOP('',(#5161,#5162,#5163,#5164));
#3654=EDGE_LOOP('',(#5165,#5166,#5167,#5168));
#3655=EDGE_LOOP('',(#5169,#5170,#5171,#5172));
#3656=EDGE_LOOP('',(#5173,#5174,#5175,#5176));
#3657=EDGE_LOOP('',(#5177,#5178,#5179,#5180));
#3658=EDGE_LOOP('',(#5181,#5182,#5183,#5184));
#3659=EDGE_LOOP('',(#5185,#5186,#5187,#5188));
#3660=EDGE_LOOP('',(#5189,#5190,#5191,#5192));
#3661=EDGE_LOOP('',(#5193,#5194,#5195,#5196));
#3662=EDGE_LOOP('',(#5197,#5198,#5199,#5200));
#3663=EDGE_LOOP('',(#5201,#5202,#5203,#5204));
#3664=EDGE_LOOP('',(#5205,#5206,#5207,#5208));
#3665=EDGE_LOOP('',(#5209,#5210,#5211,#5212));
#3666=EDGE_LOOP('',(#5213,#5214,#5215,#5216));
#3667=EDGE_LOOP('',(#5217,#5218,#5219,#5220));
#3668=EDGE_LOOP('',(#5221,#5222,#5223,#5224));
#3669=EDGE_LOOP('',(#5225,#5226,#5227,#5228));
#3670=EDGE_LOOP('',(#5229));
#3671=EDGE_LOOP('',(#5230));
#3672=EDGE_LOOP('',(#5231));
#3673=EDGE_LOOP('',(#5232));
#3674=EDGE_LOOP('',(#5233,#5234,#5235,#5236,#5237,#5238,#5239,#5240,#5241,
#5242,#5243,#5244,#5245,#5246,#5247,#5248,#5249,#5250,#5251,#5252,#5253,
#5254,#5255,#5256));
#3675=EDGE_LOOP('',(#5257,#5258,#5259,#5260));
#3676=EDGE_LOOP('',(#5261,#5262,#5263,#5264,#5265,#5266));
#3677=EDGE_LOOP('',(#5267,#5268,#5269,#5270));
#3678=EDGE_LOOP('',(#5271));
#3679=EDGE_LOOP('',(#5272));
#3680=EDGE_LOOP('',(#5273));
#3681=EDGE_LOOP('',(#5274));
#3682=EDGE_LOOP('',(#5275,#5276,#5277,#5278,#5279,#5280,#5281,#5282,#5283,
#5284,#5285,#5286,#5287,#5288,#5289,#5290,#5291,#5292,#5293,#5294));
#3683=EDGE_LOOP('',(#5295));
#3684=EDGE_LOOP('',(#5296));
#3685=EDGE_LOOP('',(#5297));
#3686=EDGE_LOOP('',(#5298));
#3687=EDGE_LOOP('',(#5299));
#3688=EDGE_LOOP('',(#5300,#5301,#5302,#5303));
#3689=EDGE_LOOP('',(#5304));
#3690=EDGE_LOOP('',(#5305));
#3691=EDGE_LOOP('',(#5306));
#3692=EDGE_LOOP('',(#5307));
#3693=EDGE_LOOP('',(#5308));
#3694=EDGE_LOOP('',(#5309));
#3695=EDGE_LOOP('',(#5310));
#3696=EDGE_LOOP('',(#5311));
#3697=EDGE_LOOP('',(#5312));
#3698=EDGE_LOOP('',(#5313));
#3699=EDGE_LOOP('',(#5314));
#3700=EDGE_LOOP('',(#5315,#5316,#5317,#5318));
#3701=EDGE_LOOP('',(#5319));
#3702=EDGE_LOOP('',(#5320));
#3703=EDGE_LOOP('',(#5321));
#3704=EDGE_LOOP('',(#5322));
#3705=EDGE_LOOP('',(#5323));
#3706=EDGE_LOOP('',(#5324));
#3707=EDGE_LOOP('',(#5325));
#3708=EDGE_LOOP('',(#5326));
#3709=EDGE_LOOP('',(#5327));
#3710=EDGE_LOOP('',(#5328));
#3711=EDGE_LOOP('',(#5329));
#3712=EDGE_LOOP('',(#5330));
#3713=EDGE_LOOP('',(#5331));
#3714=EDGE_LOOP('',(#5332));
#3715=EDGE_LOOP('',(#5333));
#3716=EDGE_LOOP('',(#5334));
#3717=EDGE_LOOP('',(#5335));
#3718=EDGE_LOOP('',(#5336));
#3719=EDGE_LOOP('',(#5337));
#3720=EDGE_LOOP('',(#5338));
#3721=EDGE_LOOP('',(#5339));
#3722=EDGE_LOOP('',(#5340));
#3723=EDGE_LOOP('',(#5341));
#3724=EDGE_LOOP('',(#5342));
#3725=EDGE_LOOP('',(#5343));
#3726=EDGE_LOOP('',(#5344));
#3727=EDGE_LOOP('',(#5345,#5346,#5347,#5348));
#3728=EDGE_LOOP('',(#5349,#5350,#5351,#5352));
#3729=EDGE_LOOP('',(#5353,#5354,#5355,#5356));
#3730=EDGE_LOOP('',(#5357,#5358,#5359,#5360));
#3731=EDGE_LOOP('',(#5361,#5362,#5363,#5364));
#3732=EDGE_LOOP('',(#5365,#5366,#5367,#5368));
#3733=EDGE_LOOP('',(#5369,#5370,#5371,#5372));
#3734=EDGE_LOOP('',(#5373,#5374,#5375,#5376));
#3735=EDGE_LOOP('',(#5377,#5378,#5379,#5380));
#3736=EDGE_LOOP('',(#5381,#5382,#5383,#5384));
#3737=EDGE_LOOP('',(#5385,#5386,#5387,#5388));
#3738=EDGE_LOOP('',(#5389,#5390,#5391,#5392));
#3739=EDGE_LOOP('',(#5393,#5394,#5395,#5396));
#3740=EDGE_LOOP('',(#5397,#5398,#5399,#5400));
#3741=EDGE_LOOP('',(#5401));
#3742=EDGE_LOOP('',(#5402));
#3743=EDGE_LOOP('',(#5403));
#3744=EDGE_LOOP('',(#5404));
#3745=EDGE_LOOP('',(#5405));
#3746=EDGE_LOOP('',(#5406));
#3747=EDGE_LOOP('',(#5407));
#3748=EDGE_LOOP('',(#5408));
#3749=EDGE_LOOP('',(#5409));
#3750=EDGE_LOOP('',(#5410));
#3751=EDGE_LOOP('',(#5411));
#3752=EDGE_LOOP('',(#5412));
#3753=EDGE_LOOP('',(#5413));
#3754=EDGE_LOOP('',(#5414));
#3755=EDGE_LOOP('',(#5415));
#3756=EDGE_LOOP('',(#5416));
#3757=EDGE_LOOP('',(#5417,#5418,#5419,#5420));
#3758=EDGE_LOOP('',(#5421,#5422,#5423,#5424));
#3759=EDGE_LOOP('',(#5425,#5426,#5427,#5428,#5429,#5430,#5431,#5432,#5433,
#5434,#5435,#5436,#5437,#5438,#5439,#5440,#5441,#5442,#5443,#5444,#5445,
#5446));
#3760=EDGE_LOOP('',(#5447,#5448,#5449,#5450,#5451,#5452,#5453,#5454,#5455,
#5456));
#3761=EDGE_LOOP('',(#5457,#5458,#5459,#5460,#5461,#5462,#5463,#5464,#5465,
#5466,#5467,#5468,#5469,#5470,#5471,#5472,#5473,#5474,#5475,#5476,#5477,
#5478,#5479,#5480,#5481,#5482));
#3762=EDGE_LOOP('',(#5483));
#3763=EDGE_LOOP('',(#5484));
#3764=EDGE_LOOP('',(#5485));
#3765=EDGE_LOOP('',(#5486));
#3766=EDGE_LOOP('',(#5487));
#3767=EDGE_LOOP('',(#5488,#5489,#5490,#5491,#5492,#5493,#5494));
#3768=EDGE_LOOP('',(#5495,#5496,#5497,#5498,#5499,#5500,#5501));
#3769=EDGE_LOOP('',(#5502,#5503,#5504,#5505,#5506,#5507,#5508,#5509,#5510,
#5511,#5512,#5513));
#3770=EDGE_LOOP('',(#5514,#5515,#5516,#5517,#5518,#5519,#5520,#5521,#5522,
#5523,#5524,#5525,#5526,#5527));
#3771=EDGE_LOOP('',(#5528,#5529,#5530,#5531));
#3772=EDGE_LOOP('',(#5532,#5533,#5534,#5535,#5536,#5537,#5538,#5539,#5540,
#5541,#5542,#5543,#5544,#5545));
#3773=EDGE_LOOP('',(#5546,#5547,#5548,#5549,#5550,#5551,#5552,#5553,#5554,
#5555,#5556,#5557,#5558,#5559));
#3774=EDGE_LOOP('',(#5560,#5561,#5562,#5563,#5564,#5565));
#3775=EDGE_LOOP('',(#5566));
#3776=EDGE_LOOP('',(#5567,#5568,#5569,#5570,#5571,#5572));
#3777=EDGE_LOOP('',(#5573,#5574,#5575,#5576,#5577,#5578));
#3778=EDGE_LOOP('',(#5579,#5580,#5581,#5582));
#3779=EDGE_LOOP('',(#5583));
#3780=EDGE_LOOP('',(#5584,#5585,#5586,#5587,#5588,#5589));
#3781=EDGE_LOOP('',(#5590,#5591,#5592,#5593));
#3782=EDGE_LOOP('',(#5594,#5595,#5596,#5597,#5598));
#3783=EDGE_LOOP('',(#5599,#5600,#5601,#5602,#5603));
#3784=EDGE_LOOP('',(#5604,#5605,#5606,#5607));
#3785=EDGE_LOOP('',(#5608,#5609,#5610,#5611));
#3786=EDGE_LOOP('',(#5612,#5613,#5614,#5615));
#3787=EDGE_LOOP('',(#5616));
#3788=EDGE_LOOP('',(#5617));
#3789=EDGE_LOOP('',(#5618));
#3790=EDGE_LOOP('',(#5619));
#3791=EDGE_LOOP('',(#5620,#5621,#5622,#5623));
#3792=EDGE_LOOP('',(#5624));
#3793=EDGE_LOOP('',(#5625,#5626,#5627,#5628));
#3794=EDGE_LOOP('',(#5629));
#3795=EDGE_LOOP('',(#5630));
#3796=EDGE_LOOP('',(#5631));
#3797=EDGE_LOOP('',(#5632));
#3798=EDGE_LOOP('',(#5633));
#3799=EDGE_LOOP('',(#5634));
#3800=EDGE_LOOP('',(#5635));
#3801=EDGE_LOOP('',(#5636));
#3802=EDGE_LOOP('',(#5637));
#3803=EDGE_LOOP('',(#5638));
#3804=EDGE_LOOP('',(#5639));
#3805=EDGE_LOOP('',(#5640));
#3806=EDGE_LOOP('',(#5641));
#3807=EDGE_LOOP('',(#5642));
#3808=EDGE_LOOP('',(#5643));
#3809=EDGE_LOOP('',(#5644));
#3810=EDGE_LOOP('',(#5645));
#3811=EDGE_LOOP('',(#5646));
#3812=EDGE_LOOP('',(#5647));
#3813=EDGE_LOOP('',(#5648));
#3814=EDGE_LOOP('',(#5649));
#3815=EDGE_LOOP('',(#5650,#5651,#5652,#5653,#5654,#5655,#5656,#5657));
#3816=EDGE_LOOP('',(#5658,#5659,#5660,#5661));
#3817=EDGE_LOOP('',(#5662,#5663,#5664,#5665));
#3818=EDGE_LOOP('',(#5666,#5667,#5668,#5669,#5670,#5671,#5672,#5673));
#3819=EDGE_LOOP('',(#5674,#5675,#5676,#5677));
#3820=EDGE_LOOP('',(#5678,#5679,#5680,#5681));
#3821=EDGE_LOOP('',(#5682,#5683,#5684,#5685));
#3822=EDGE_LOOP('',(#5686,#5687,#5688,#5689));
#3823=EDGE_LOOP('',(#5690,#5691,#5692,#5693,#5694,#5695,#5696,#5697,#5698,
#5699,#5700,#5701));
#3824=EDGE_LOOP('',(#5702,#5703,#5704,#5705));
#3825=EDGE_LOOP('',(#5706,#5707,#5708,#5709));
#3826=EDGE_LOOP('',(#5710,#5711,#5712,#5713));
#3827=EDGE_LOOP('',(#5714,#5715,#5716,#5717));
#3828=EDGE_LOOP('',(#5718,#5719,#5720,#5721));
#3829=EDGE_LOOP('',(#5722,#5723,#5724,#5725,#5726,#5727,#5728));
#3830=EDGE_LOOP('',(#5729,#5730,#5731,#5732,#5733,#5734,#5735));
#3831=EDGE_LOOP('',(#5736));
#3832=EDGE_LOOP('',(#5737));
#3833=EDGE_LOOP('',(#5738,#5739,#5740,#5741));
#3834=EDGE_LOOP('',(#5742));
#3835=EDGE_LOOP('',(#5743));
#3836=EDGE_LOOP('',(#5744,#5745,#5746,#5747));
#3837=EDGE_LOOP('',(#5748,#5749,#5750,#5751));
#3838=EDGE_LOOP('',(#5752,#5753,#5754,#5755));
#3839=EDGE_LOOP('',(#5756,#5757,#5758,#5759));
#3840=EDGE_LOOP('',(#5760,#5761,#5762,#5763));
#3841=EDGE_LOOP('',(#5764,#5765,#5766,#5767));
#3842=EDGE_LOOP('',(#5768,#5769,#5770,#5771));
#3843=EDGE_LOOP('',(#5772));
#3844=EDGE_LOOP('',(#5773));
#3845=EDGE_LOOP('',(#5774));
#3846=EDGE_LOOP('',(#5775));
#3847=EDGE_LOOP('',(#5776));
#3848=EDGE_LOOP('',(#5777));
#3849=EDGE_LOOP('',(#5778));
#3850=EDGE_LOOP('',(#5779));
#3851=EDGE_LOOP('',(#5780));
#3852=EDGE_LOOP('',(#5781));
#3853=EDGE_LOOP('',(#5782));
#3854=EDGE_LOOP('',(#5783));
#3855=EDGE_LOOP('',(#5784));
#3856=EDGE_LOOP('',(#5785));
#3857=EDGE_LOOP('',(#5786));
#3858=EDGE_LOOP('',(#5787));
#3859=EDGE_LOOP('',(#5788));
#3860=EDGE_LOOP('',(#5789));
#3861=EDGE_LOOP('',(#5790));
#3862=EDGE_LOOP('',(#5791));
#3863=EDGE_LOOP('',(#5792,#5793,#5794,#5795));
#3864=EDGE_LOOP('',(#5796,#5797,#5798,#5799));
#3865=EDGE_LOOP('',(#5800,#5801,#5802,#5803));
#3866=EDGE_LOOP('',(#5804,#5805,#5806,#5807));
#3867=EDGE_LOOP('',(#5808,#5809,#5810,#5811));
#3868=EDGE_LOOP('',(#5812,#5813,#5814,#5815));
#3869=EDGE_LOOP('',(#5816,#5817,#5818,#5819));
#3870=EDGE_LOOP('',(#5820,#5821,#5822,#5823));
#3871=EDGE_LOOP('',(#5824,#5825,#5826,#5827));
#3872=EDGE_LOOP('',(#5828,#5829,#5830,#5831));
#3873=EDGE_LOOP('',(#5832,#5833,#5834,#5835,#5836,#5837,#5838,#5839,#5840,
#5841));
#3874=EDGE_LOOP('',(#5842));
#3875=EDGE_LOOP('',(#5843));
#3876=EDGE_LOOP('',(#5844));
#3877=EDGE_LOOP('',(#5845));
#3878=EDGE_LOOP('',(#5846));
#3879=EDGE_LOOP('',(#5847,#5848,#5849,#5850,#5851));
#3880=EDGE_LOOP('',(#5852,#5853,#5854,#5855,#5856));
#3881=EDGE_LOOP('',(#5857,#5858,#5859,#5860));
#3882=EDGE_LOOP('',(#5861,#5862,#5863,#5864,#5865,#5866,#5867,#5868));
#3883=EDGE_LOOP('',(#5869,#5870,#5871,#5872,#5873,#5874,#5875,#5876));
#3884=EDGE_LOOP('',(#5877,#5878,#5879,#5880));
#3885=EDGE_LOOP('',(#5881,#5882,#5883,#5884));
#3886=EDGE_LOOP('',(#5885,#5886,#5887,#5888));
#3887=EDGE_LOOP('',(#5889,#5890,#5891,#5892));
#3888=EDGE_LOOP('',(#5893,#5894,#5895,#5896));
#3889=EDGE_LOOP('',(#5897,#5898,#5899,#5900));
#3890=EDGE_LOOP('',(#5901,#5902,#5903,#5904));
#3891=EDGE_LOOP('',(#5905,#5906,#5907,#5908));
#3892=EDGE_LOOP('',(#5909,#5910,#5911,#5912));
#3893=EDGE_LOOP('',(#5913,#5914,#5915,#5916));
#3894=EDGE_LOOP('',(#5917,#5918,#5919,#5920));
#3895=EDGE_LOOP('',(#5921,#5922,#5923,#5924));
#3896=EDGE_LOOP('',(#5925,#5926,#5927,#5928));
#3897=EDGE_LOOP('',(#5929,#5930,#5931,#5932));
#3898=EDGE_LOOP('',(#5933,#5934,#5935,#5936));
#3899=EDGE_LOOP('',(#5937,#5938,#5939,#5940));
#3900=EDGE_LOOP('',(#5941,#5942,#5943,#5944));
#3901=EDGE_LOOP('',(#5945,#5946,#5947,#5948));
#3902=EDGE_LOOP('',(#5949,#5950,#5951,#5952));
#3903=EDGE_LOOP('',(#5953,#5954,#5955,#5956));
#3904=EDGE_LOOP('',(#5957,#5958,#5959,#5960));
#3905=EDGE_LOOP('',(#5961,#5962,#5963,#5964));
#3906=EDGE_LOOP('',(#5965,#5966,#5967,#5968));
#3907=EDGE_LOOP('',(#5969,#5970,#5971,#5972));
#3908=EDGE_LOOP('',(#5973,#5974,#5975,#5976));
#3909=EDGE_LOOP('',(#5977,#5978,#5979,#5980));
#3910=EDGE_LOOP('',(#5981,#5982,#5983,#5984));
#3911=EDGE_LOOP('',(#5985,#5986,#5987,#5988));
#3912=EDGE_LOOP('',(#5989,#5990,#5991,#5992));
#3913=EDGE_LOOP('',(#5993,#5994,#5995,#5996));
#3914=EDGE_LOOP('',(#5997,#5998,#5999));
#3915=EDGE_LOOP('',(#6000,#6001,#6002,#6003));
#3916=EDGE_LOOP('',(#6004,#6005,#6006,#6007));
#3917=EDGE_LOOP('',(#6008,#6009,#6010,#6011));
#3918=EDGE_LOOP('',(#6012,#6013,#6014,#6015));
#3919=EDGE_LOOP('',(#6016,#6017,#6018,#6019));
#3920=EDGE_LOOP('',(#6020,#6021,#6022,#6023));
#3921=EDGE_LOOP('',(#6024,#6025,#6026,#6027));
#3922=EDGE_LOOP('',(#6028,#6029,#6030,#6031));
#3923=EDGE_LOOP('',(#6032,#6033,#6034,#6035));
#3924=EDGE_LOOP('',(#6036,#6037,#6038,#6039));
#3925=EDGE_LOOP('',(#6040,#6041,#6042,#6043));
#3926=EDGE_LOOP('',(#6044,#6045,#6046,#6047));
#3927=EDGE_LOOP('',(#6048,#6049,#6050,#6051));
#3928=EDGE_LOOP('',(#6052,#6053,#6054,#6055));
#3929=EDGE_LOOP('',(#6056,#6057,#6058,#6059));
#3930=EDGE_LOOP('',(#6060,#6061,#6062,#6063));
#3931=EDGE_LOOP('',(#6064,#6065,#6066,#6067));
#3932=EDGE_LOOP('',(#6068,#6069,#6070,#6071));
#3933=EDGE_LOOP('',(#6072,#6073,#6074,#6075));
#3934=EDGE_LOOP('',(#6076,#6077,#6078,#6079));
#3935=EDGE_LOOP('',(#6080,#6081,#6082,#6083));
#3936=EDGE_LOOP('',(#6084,#6085,#6086,#6087));
#3937=EDGE_LOOP('',(#6088,#6089,#6090,#6091));
#3938=EDGE_LOOP('',(#6092,#6093,#6094,#6095));
#3939=EDGE_LOOP('',(#6096,#6097,#6098,#6099));
#3940=EDGE_LOOP('',(#6100,#6101,#6102,#6103));
#3941=EDGE_LOOP('',(#6104,#6105,#6106,#6107));
#3942=EDGE_LOOP('',(#6108,#6109,#6110,#6111));
#3943=EDGE_LOOP('',(#6112,#6113,#6114,#6115));
#3944=EDGE_LOOP('',(#6116,#6117,#6118,#6119));
#3945=EDGE_LOOP('',(#6120,#6121,#6122,#6123));
#3946=EDGE_LOOP('',(#6124,#6125,#6126));
#3947=EDGE_LOOP('',(#6127,#6128,#6129));
#3948=EDGE_LOOP('',(#6130,#6131,#6132));
#3949=EDGE_LOOP('',(#6133,#6134,#6135,#6136));
#3950=EDGE_LOOP('',(#6137,#6138,#6139,#6140));
#3951=EDGE_LOOP('',(#6141,#6142,#6143,#6144));
#3952=EDGE_LOOP('',(#6145,#6146,#6147,#6148));
#3953=EDGE_LOOP('',(#6149,#6150,#6151,#6152));
#3954=EDGE_LOOP('',(#6153,#6154,#6155,#6156));
#3955=EDGE_LOOP('',(#6157,#6158,#6159,#6160));
#3956=EDGE_LOOP('',(#6161,#6162,#6163,#6164));
#3957=EDGE_LOOP('',(#6165,#6166,#6167,#6168));
#3958=EDGE_LOOP('',(#6169,#6170,#6171,#6172));
#3959=EDGE_LOOP('',(#6173,#6174,#6175,#6176));
#3960=EDGE_LOOP('',(#6177,#6178,#6179,#6180));
#3961=EDGE_LOOP('',(#6181,#6182,#6183,#6184));
#3962=EDGE_LOOP('',(#6185,#6186,#6187,#6188));
#3963=EDGE_LOOP('',(#6189,#6190,#6191,#6192));
#3964=EDGE_LOOP('',(#6193,#6194,#6195,#6196));
#3965=EDGE_LOOP('',(#6197,#6198,#6199,#6200));
#3966=EDGE_LOOP('',(#6201,#6202,#6203));
#3967=EDGE_LOOP('',(#6204,#6205,#6206,#6207));
#3968=EDGE_LOOP('',(#6208,#6209,#6210));
#3969=EDGE_LOOP('',(#6211,#6212,#6213));
#3970=EDGE_LOOP('',(#6214,#6215,#6216,#6217));
#3971=EDGE_LOOP('',(#6218,#6219,#6220,#6221));
#3972=EDGE_LOOP('',(#6222,#6223,#6224,#6225));
#3973=EDGE_LOOP('',(#6226,#6227,#6228,#6229));
#3974=EDGE_LOOP('',(#6230,#6231,#6232,#6233));
#3975=EDGE_LOOP('',(#6234,#6235,#6236,#6237));
#3976=EDGE_LOOP('',(#6238,#6239,#6240,#6241));
#3977=EDGE_LOOP('',(#6242,#6243,#6244,#6245));
#3978=EDGE_LOOP('',(#6246,#6247,#6248,#6249));
#3979=EDGE_LOOP('',(#6250,#6251,#6252,#6253));
#3980=EDGE_LOOP('',(#6254,#6255,#6256,#6257));
#3981=EDGE_LOOP('',(#6258,#6259,#6260,#6261));
#3982=EDGE_LOOP('',(#6262,#6263,#6264,#6265));
#3983=EDGE_LOOP('',(#6266,#6267,#6268,#6269));
#3984=EDGE_LOOP('',(#6270,#6271,#6272,#6273));
#3985=EDGE_LOOP('',(#6274,#6275,#6276,#6277));
#3986=EDGE_LOOP('',(#6278,#6279,#6280,#6281));
#3987=EDGE_LOOP('',(#6282,#6283,#6284,#6285));
#3988=EDGE_LOOP('',(#6286,#6287,#6288,#6289));
#3989=EDGE_LOOP('',(#6290,#6291,#6292,#6293));
#3990=EDGE_LOOP('',(#6294,#6295,#6296));
#3991=EDGE_LOOP('',(#6297,#6298,#6299,#6300));
#3992=EDGE_LOOP('',(#6301,#6302,#6303));
#3993=EDGE_LOOP('',(#6304,#6305,#6306,#6307));
#3994=EDGE_LOOP('',(#6308,#6309,#6310));
#3995=ORIENTED_EDGE('',*,*,#7134,.T.);
#3996=ORIENTED_EDGE('',*,*,#7135,.T.);
#3997=ORIENTED_EDGE('',*,*,#7136,.T.);
#3998=ORIENTED_EDGE('',*,*,#7137,.T.);
#3999=ORIENTED_EDGE('',*,*,#7138,.T.);
#4000=ORIENTED_EDGE('',*,*,#7139,.T.);
#4001=ORIENTED_EDGE('',*,*,#7140,.T.);
#4002=ORIENTED_EDGE('',*,*,#7141,.T.);
#4003=ORIENTED_EDGE('',*,*,#7142,.T.);
#4004=ORIENTED_EDGE('',*,*,#7135,.F.);
#4005=ORIENTED_EDGE('',*,*,#7143,.T.);
#4006=ORIENTED_EDGE('',*,*,#7142,.F.);
#4007=ORIENTED_EDGE('',*,*,#7144,.T.);
#4008=ORIENTED_EDGE('',*,*,#7141,.F.);
#4009=ORIENTED_EDGE('',*,*,#7145,.T.);
#4010=ORIENTED_EDGE('',*,*,#7140,.F.);
#4011=ORIENTED_EDGE('',*,*,#7137,.F.);
#4012=ORIENTED_EDGE('',*,*,#7144,.F.);
#4013=ORIENTED_EDGE('',*,*,#7138,.F.);
#4014=ORIENTED_EDGE('',*,*,#7145,.F.);
#4015=ORIENTED_EDGE('',*,*,#7139,.F.);
#4016=ORIENTED_EDGE('',*,*,#7143,.F.);
#4017=ORIENTED_EDGE('',*,*,#7134,.F.);
#4018=ORIENTED_EDGE('',*,*,#7136,.F.);
#4019=ORIENTED_EDGE('',*,*,#7146,.F.);
#4020=ORIENTED_EDGE('',*,*,#7147,.F.);
#4021=ORIENTED_EDGE('',*,*,#7148,.F.);
#4022=ORIENTED_EDGE('',*,*,#7149,.F.);
#4023=ORIENTED_EDGE('',*,*,#7150,.T.);
#4024=ORIENTED_EDGE('',*,*,#7151,.T.);
#4025=ORIENTED_EDGE('',*,*,#7146,.T.);
#4026=ORIENTED_EDGE('',*,*,#7152,.F.);
#4027=ORIENTED_EDGE('',*,*,#7153,.T.);
#4028=ORIENTED_EDGE('',*,*,#7154,.F.);
#4029=ORIENTED_EDGE('',*,*,#7155,.T.);
#4030=ORIENTED_EDGE('',*,*,#7156,.F.);
#4031=ORIENTED_EDGE('',*,*,#7157,.T.);
#4032=ORIENTED_EDGE('',*,*,#7158,.T.);
#4033=ORIENTED_EDGE('',*,*,#7159,.F.);
#4034=ORIENTED_EDGE('',*,*,#7160,.T.);
#4035=ORIENTED_EDGE('',*,*,#7148,.T.);
#4036=ORIENTED_EDGE('',*,*,#7150,.F.);
#4037=ORIENTED_EDGE('',*,*,#7161,.T.);
#4038=ORIENTED_EDGE('',*,*,#7162,.T.);
#4039=ORIENTED_EDGE('',*,*,#7163,.T.);
#4040=ORIENTED_EDGE('',*,*,#7164,.T.);
#4041=ORIENTED_EDGE('',*,*,#7165,.T.);
#4042=ORIENTED_EDGE('',*,*,#7166,.F.);
#4043=ORIENTED_EDGE('',*,*,#7167,.T.);
#4044=ORIENTED_EDGE('',*,*,#7168,.F.);
#4045=ORIENTED_EDGE('',*,*,#7169,.T.);
#4046=ORIENTED_EDGE('',*,*,#7170,.T.);
#4047=ORIENTED_EDGE('',*,*,#7171,.T.);
#4048=ORIENTED_EDGE('',*,*,#7172,.T.);
#4049=ORIENTED_EDGE('',*,*,#7173,.T.);
#4050=ORIENTED_EDGE('',*,*,#7174,.T.);
#4051=ORIENTED_EDGE('',*,*,#7175,.T.);
#4052=ORIENTED_EDGE('',*,*,#7176,.T.);
#4053=ORIENTED_EDGE('',*,*,#7159,.T.);
#4054=ORIENTED_EDGE('',*,*,#7177,.T.);
#4055=ORIENTED_EDGE('',*,*,#7178,.T.);
#4056=ORIENTED_EDGE('',*,*,#7179,.F.);
#4057=ORIENTED_EDGE('',*,*,#7180,.T.);
#4058=ORIENTED_EDGE('',*,*,#7181,.T.);
#4059=ORIENTED_EDGE('',*,*,#7182,.T.);
#4060=ORIENTED_EDGE('',*,*,#7183,.T.);
#4061=ORIENTED_EDGE('',*,*,#7180,.F.);
#4062=ORIENTED_EDGE('',*,*,#7184,.F.);
#4063=ORIENTED_EDGE('',*,*,#7185,.F.);
#4064=ORIENTED_EDGE('',*,*,#7186,.F.);
#4065=ORIENTED_EDGE('',*,*,#7187,.T.);
#4066=ORIENTED_EDGE('',*,*,#7184,.T.);
#4067=ORIENTED_EDGE('',*,*,#7179,.T.);
#4068=ORIENTED_EDGE('',*,*,#7188,.F.);
#4069=ORIENTED_EDGE('',*,*,#7189,.F.);
#4070=ORIENTED_EDGE('',*,*,#7190,.F.);
#4071=ORIENTED_EDGE('',*,*,#7191,.T.);
#4072=ORIENTED_EDGE('',*,*,#7192,.T.);
#4073=ORIENTED_EDGE('',*,*,#7188,.T.);
#4074=ORIENTED_EDGE('',*,*,#7193,.T.);
#4075=ORIENTED_EDGE('',*,*,#7189,.T.);
#4076=ORIENTED_EDGE('',*,*,#7194,.T.);
#4077=ORIENTED_EDGE('',*,*,#7190,.T.);
#4078=ORIENTED_EDGE('',*,*,#7173,.F.);
#4079=ORIENTED_EDGE('',*,*,#7193,.F.);
#4080=ORIENTED_EDGE('',*,*,#7172,.F.);
#4081=ORIENTED_EDGE('',*,*,#7192,.F.);
#4082=ORIENTED_EDGE('',*,*,#7171,.F.);
#4083=ORIENTED_EDGE('',*,*,#7194,.F.);
#4084=ORIENTED_EDGE('',*,*,#7195,.T.);
#4085=ORIENTED_EDGE('',*,*,#7191,.F.);
#4086=ORIENTED_EDGE('',*,*,#7185,.T.);
#4087=ORIENTED_EDGE('',*,*,#7195,.F.);
#4088=ORIENTED_EDGE('',*,*,#7178,.F.);
#4089=ORIENTED_EDGE('',*,*,#7196,.T.);
#4090=ORIENTED_EDGE('',*,*,#7197,.T.);
#4091=ORIENTED_EDGE('',*,*,#7186,.T.);
#4092=ORIENTED_EDGE('',*,*,#7197,.F.);
#4093=ORIENTED_EDGE('',*,*,#7198,.T.);
#4094=ORIENTED_EDGE('',*,*,#7157,.F.);
#4095=ORIENTED_EDGE('',*,*,#7199,.F.);
#4096=ORIENTED_EDGE('',*,*,#7200,.T.);
#4097=ORIENTED_EDGE('',*,*,#7201,.T.);
#4098=ORIENTED_EDGE('',*,*,#7182,.F.);
#4099=ORIENTED_EDGE('',*,*,#7187,.F.);
#4100=ORIENTED_EDGE('',*,*,#7156,.T.);
#4101=ORIENTED_EDGE('',*,*,#7202,.T.);
#4102=ORIENTED_EDGE('',*,*,#7166,.T.);
#4103=ORIENTED_EDGE('',*,*,#7203,.F.);
#4104=ORIENTED_EDGE('',*,*,#7199,.T.);
#4105=ORIENTED_EDGE('',*,*,#7174,.F.);
#4106=ORIENTED_EDGE('',*,*,#7204,.T.);
#4107=ORIENTED_EDGE('',*,*,#7200,.F.);
#4108=ORIENTED_EDGE('',*,*,#7203,.T.);
#4109=ORIENTED_EDGE('',*,*,#7205,.T.);
#4110=ORIENTED_EDGE('',*,*,#7198,.F.);
#4111=ORIENTED_EDGE('',*,*,#7196,.F.);
#4112=ORIENTED_EDGE('',*,*,#7177,.F.);
#4113=ORIENTED_EDGE('',*,*,#7158,.F.);
#4114=ORIENTED_EDGE('',*,*,#7152,.T.);
#4115=ORIENTED_EDGE('',*,*,#7206,.T.);
#4116=ORIENTED_EDGE('',*,*,#7207,.T.);
#4117=ORIENTED_EDGE('',*,*,#7170,.F.);
#4118=ORIENTED_EDGE('',*,*,#7208,.T.);
#4119=ORIENTED_EDGE('',*,*,#7154,.T.);
#4120=ORIENTED_EDGE('',*,*,#7209,.T.);
#4121=ORIENTED_EDGE('',*,*,#7168,.T.);
#4122=ORIENTED_EDGE('',*,*,#7210,.T.);
#4123=ORIENTED_EDGE('',*,*,#7160,.F.);
#4124=ORIENTED_EDGE('',*,*,#7176,.F.);
#4125=ORIENTED_EDGE('',*,*,#7211,.T.);
#4126=ORIENTED_EDGE('',*,*,#7206,.F.);
#4127=ORIENTED_EDGE('',*,*,#7153,.F.);
#4128=ORIENTED_EDGE('',*,*,#7208,.F.);
#4129=ORIENTED_EDGE('',*,*,#7169,.F.);
#4130=ORIENTED_EDGE('',*,*,#7209,.F.);
#4131=ORIENTED_EDGE('',*,*,#7167,.F.);
#4132=ORIENTED_EDGE('',*,*,#7202,.F.);
#4133=ORIENTED_EDGE('',*,*,#7155,.F.);
#4134=ORIENTED_EDGE('',*,*,#7210,.F.);
#4135=ORIENTED_EDGE('',*,*,#7201,.F.);
#4136=ORIENTED_EDGE('',*,*,#7204,.F.);
#4137=ORIENTED_EDGE('',*,*,#7181,.F.);
#4138=ORIENTED_EDGE('',*,*,#7183,.F.);
#4139=ORIENTED_EDGE('',*,*,#7165,.F.);
#4140=ORIENTED_EDGE('',*,*,#7212,.T.);
#4141=ORIENTED_EDGE('',*,*,#7163,.F.);
#4142=ORIENTED_EDGE('',*,*,#7207,.F.);
#4143=ORIENTED_EDGE('',*,*,#7211,.F.);
#4144=ORIENTED_EDGE('',*,*,#7175,.F.);
#4145=ORIENTED_EDGE('',*,*,#7205,.F.);
#4146=ORIENTED_EDGE('',*,*,#7213,.T.);
#4147=ORIENTED_EDGE('',*,*,#7162,.F.);
#4148=ORIENTED_EDGE('',*,*,#7151,.F.);
#4149=ORIENTED_EDGE('',*,*,#7213,.F.);
#4150=ORIENTED_EDGE('',*,*,#7214,.T.);
#4151=ORIENTED_EDGE('',*,*,#7161,.F.);
#4152=ORIENTED_EDGE('',*,*,#7214,.F.);
#4153=ORIENTED_EDGE('',*,*,#7149,.T.);
#4154=ORIENTED_EDGE('',*,*,#7215,.T.);
#4155=ORIENTED_EDGE('',*,*,#7212,.F.);
#4156=ORIENTED_EDGE('',*,*,#7164,.F.);
#4157=ORIENTED_EDGE('',*,*,#7215,.F.);
#4158=ORIENTED_EDGE('',*,*,#7147,.T.);
#4159=ORIENTED_EDGE('',*,*,#7216,.F.);
#4160=ORIENTED_EDGE('',*,*,#7217,.F.);
#4161=ORIENTED_EDGE('',*,*,#7218,.F.);
#4162=ORIENTED_EDGE('',*,*,#7219,.F.);
#4163=ORIENTED_EDGE('',*,*,#7220,.F.);
#4164=ORIENTED_EDGE('',*,*,#7221,.F.);
#4165=ORIENTED_EDGE('',*,*,#7222,.F.);
#4166=ORIENTED_EDGE('',*,*,#7223,.F.);
#4167=ORIENTED_EDGE('',*,*,#7224,.F.);
#4168=ORIENTED_EDGE('',*,*,#7225,.T.);
#4169=ORIENTED_EDGE('',*,*,#7226,.F.);
#4170=ORIENTED_EDGE('',*,*,#7227,.T.);
#4171=ORIENTED_EDGE('',*,*,#7228,.F.);
#4172=ORIENTED_EDGE('',*,*,#7229,.T.);
#4173=ORIENTED_EDGE('',*,*,#7230,.T.);
#4174=ORIENTED_EDGE('',*,*,#7231,.T.);
#4175=ORIENTED_EDGE('',*,*,#7232,.T.);
#4176=ORIENTED_EDGE('',*,*,#7233,.T.);
#4177=ORIENTED_EDGE('',*,*,#7234,.T.);
#4178=ORIENTED_EDGE('',*,*,#7235,.T.);
#4179=ORIENTED_EDGE('',*,*,#7236,.T.);
#4180=ORIENTED_EDGE('',*,*,#7236,.F.);
#4181=ORIENTED_EDGE('',*,*,#7237,.T.);
#4182=ORIENTED_EDGE('',*,*,#7238,.T.);
#4183=ORIENTED_EDGE('',*,*,#7238,.F.);
#4184=ORIENTED_EDGE('',*,*,#7239,.T.);
#4185=ORIENTED_EDGE('',*,*,#7240,.T.);
#4186=ORIENTED_EDGE('',*,*,#7240,.F.);
#4187=ORIENTED_EDGE('',*,*,#7232,.F.);
#4188=ORIENTED_EDGE('',*,*,#7235,.F.);
#4189=ORIENTED_EDGE('',*,*,#7233,.F.);
#4190=ORIENTED_EDGE('',*,*,#7239,.F.);
#4191=ORIENTED_EDGE('',*,*,#7234,.F.);
#4192=ORIENTED_EDGE('',*,*,#7237,.F.);
#4193=ORIENTED_EDGE('',*,*,#7230,.F.);
#4194=ORIENTED_EDGE('',*,*,#7231,.F.);
#4195=ORIENTED_EDGE('',*,*,#7241,.T.);
#4196=ORIENTED_EDGE('',*,*,#7242,.T.);
#4197=ORIENTED_EDGE('',*,*,#7243,.T.);
#4198=ORIENTED_EDGE('',*,*,#7229,.F.);
#4199=ORIENTED_EDGE('',*,*,#7244,.T.);
#4200=ORIENTED_EDGE('',*,*,#7221,.T.);
#4201=ORIENTED_EDGE('',*,*,#7245,.T.);
#4202=ORIENTED_EDGE('',*,*,#7246,.T.);
#4203=ORIENTED_EDGE('',*,*,#7247,.T.);
#4204=ORIENTED_EDGE('',*,*,#7248,.T.);
#4205=ORIENTED_EDGE('',*,*,#7249,.T.);
#4206=ORIENTED_EDGE('',*,*,#7250,.T.);
#4207=ORIENTED_EDGE('',*,*,#7251,.T.);
#4208=ORIENTED_EDGE('',*,*,#7252,.F.);
#4209=ORIENTED_EDGE('',*,*,#7253,.T.);
#4210=ORIENTED_EDGE('',*,*,#7249,.F.);
#4211=ORIENTED_EDGE('',*,*,#7254,.F.);
#4212=ORIENTED_EDGE('',*,*,#7227,.F.);
#4213=ORIENTED_EDGE('',*,*,#7225,.F.);
#4214=ORIENTED_EDGE('',*,*,#7255,.T.);
#4215=ORIENTED_EDGE('',*,*,#7256,.T.);
#4216=ORIENTED_EDGE('',*,*,#7257,.F.);
#4217=ORIENTED_EDGE('',*,*,#7258,.T.);
#4218=ORIENTED_EDGE('',*,*,#7259,.T.);
#4219=ORIENTED_EDGE('',*,*,#7260,.T.);
#4220=ORIENTED_EDGE('',*,*,#7251,.F.);
#4221=ORIENTED_EDGE('',*,*,#7261,.T.);
#4222=ORIENTED_EDGE('',*,*,#7262,.F.);
#4223=ORIENTED_EDGE('',*,*,#7247,.F.);
#4224=ORIENTED_EDGE('',*,*,#7263,.T.);
#4225=ORIENTED_EDGE('',*,*,#7264,.F.);
#4226=ORIENTED_EDGE('',*,*,#7265,.T.);
#4227=ORIENTED_EDGE('',*,*,#7266,.T.);
#4228=ORIENTED_EDGE('',*,*,#7254,.T.);
#4229=ORIENTED_EDGE('',*,*,#7248,.F.);
#4230=ORIENTED_EDGE('',*,*,#7265,.F.);
#4231=ORIENTED_EDGE('',*,*,#7242,.F.);
#4232=ORIENTED_EDGE('',*,*,#7262,.T.);
#4233=ORIENTED_EDGE('',*,*,#7267,.T.);
#4234=ORIENTED_EDGE('',*,*,#7252,.T.);
#4235=ORIENTED_EDGE('',*,*,#7266,.F.);
#4236=ORIENTED_EDGE('',*,*,#7264,.T.);
#4237=ORIENTED_EDGE('',*,*,#7268,.T.);
#4238=ORIENTED_EDGE('',*,*,#7269,.T.);
#4239=ORIENTED_EDGE('',*,*,#7270,.T.);
#4240=ORIENTED_EDGE('',*,*,#7241,.F.);
#4241=ORIENTED_EDGE('',*,*,#7243,.F.);
#4242=ORIENTED_EDGE('',*,*,#7271,.F.);
#4243=ORIENTED_EDGE('',*,*,#7272,.T.);
#4244=ORIENTED_EDGE('',*,*,#7255,.F.);
#4245=ORIENTED_EDGE('',*,*,#7270,.F.);
#4246=ORIENTED_EDGE('',*,*,#7273,.T.);
#4247=ORIENTED_EDGE('',*,*,#7269,.F.);
#4248=ORIENTED_EDGE('',*,*,#7274,.T.);
#4249=ORIENTED_EDGE('',*,*,#7245,.F.);
#4250=ORIENTED_EDGE('',*,*,#7220,.T.);
#4251=ORIENTED_EDGE('',*,*,#7273,.F.);
#4252=ORIENTED_EDGE('',*,*,#7259,.F.);
#4253=ORIENTED_EDGE('',*,*,#7275,.T.);
#4254=ORIENTED_EDGE('',*,*,#7276,.T.);
#4255=ORIENTED_EDGE('',*,*,#7223,.T.);
#4256=ORIENTED_EDGE('',*,*,#7277,.T.);
#4257=ORIENTED_EDGE('',*,*,#7278,.F.);
#4258=ORIENTED_EDGE('',*,*,#7224,.T.);
#4259=ORIENTED_EDGE('',*,*,#7276,.F.);
#4260=ORIENTED_EDGE('',*,*,#7279,.T.);
#4261=ORIENTED_EDGE('',*,*,#7280,.F.);
#4262=ORIENTED_EDGE('',*,*,#7281,.T.);
#4263=ORIENTED_EDGE('',*,*,#7271,.T.);
#4264=ORIENTED_EDGE('',*,*,#7219,.T.);
#4265=ORIENTED_EDGE('',*,*,#7282,.F.);
#4266=ORIENTED_EDGE('',*,*,#7217,.T.);
#4267=ORIENTED_EDGE('',*,*,#7257,.T.);
#4268=ORIENTED_EDGE('',*,*,#7283,.T.);
#4269=ORIENTED_EDGE('',*,*,#7280,.T.);
#4270=ORIENTED_EDGE('',*,*,#7284,.T.);
#4271=ORIENTED_EDGE('',*,*,#7267,.F.);
#4272=ORIENTED_EDGE('',*,*,#7261,.F.);
#4273=ORIENTED_EDGE('',*,*,#7250,.F.);
#4274=ORIENTED_EDGE('',*,*,#7253,.F.);
#4275=ORIENTED_EDGE('',*,*,#7246,.F.);
#4276=ORIENTED_EDGE('',*,*,#7274,.F.);
#4277=ORIENTED_EDGE('',*,*,#7268,.F.);
#4278=ORIENTED_EDGE('',*,*,#7263,.F.);
#4279=ORIENTED_EDGE('',*,*,#7256,.F.);
#4280=ORIENTED_EDGE('',*,*,#7272,.F.);
#4281=ORIENTED_EDGE('',*,*,#7281,.F.);
#4282=ORIENTED_EDGE('',*,*,#7283,.F.);
#4283=ORIENTED_EDGE('',*,*,#7279,.F.);
#4284=ORIENTED_EDGE('',*,*,#7275,.F.);
#4285=ORIENTED_EDGE('',*,*,#7258,.F.);
#4286=ORIENTED_EDGE('',*,*,#7284,.F.);
#4287=ORIENTED_EDGE('',*,*,#7277,.F.);
#4288=ORIENTED_EDGE('',*,*,#7222,.T.);
#4289=ORIENTED_EDGE('',*,*,#7244,.F.);
#4290=ORIENTED_EDGE('',*,*,#7260,.F.);
#4291=ORIENTED_EDGE('',*,*,#7285,.T.);
#4292=ORIENTED_EDGE('',*,*,#7278,.T.);
#4293=ORIENTED_EDGE('',*,*,#7216,.T.);
#4294=ORIENTED_EDGE('',*,*,#7285,.F.);
#4295=ORIENTED_EDGE('',*,*,#7228,.T.);
#4296=ORIENTED_EDGE('',*,*,#7286,.T.);
#4297=ORIENTED_EDGE('',*,*,#7282,.T.);
#4298=ORIENTED_EDGE('',*,*,#7218,.T.);
#4299=ORIENTED_EDGE('',*,*,#7286,.F.);
#4300=ORIENTED_EDGE('',*,*,#7226,.T.);
#4301=ORIENTED_EDGE('',*,*,#7287,.T.);
#4302=ORIENTED_EDGE('',*,*,#7288,.T.);
#4303=ORIENTED_EDGE('',*,*,#7289,.F.);
#4304=ORIENTED_EDGE('',*,*,#7290,.F.);
#4305=ORIENTED_EDGE('',*,*,#7291,.T.);
#4306=ORIENTED_EDGE('',*,*,#7292,.T.);
#4307=ORIENTED_EDGE('',*,*,#7293,.F.);
#4308=ORIENTED_EDGE('',*,*,#7294,.F.);
#4309=ORIENTED_EDGE('',*,*,#7295,.F.);
#4310=ORIENTED_EDGE('',*,*,#7296,.T.);
#4311=ORIENTED_EDGE('',*,*,#7297,.T.);
#4312=ORIENTED_EDGE('',*,*,#7298,.T.);
#4313=ORIENTED_EDGE('',*,*,#7299,.F.);
#4314=ORIENTED_EDGE('',*,*,#7300,.F.);
#4315=ORIENTED_EDGE('',*,*,#7301,.F.);
#4316=ORIENTED_EDGE('',*,*,#7302,.T.);
#4317=ORIENTED_EDGE('',*,*,#7303,.T.);
#4318=ORIENTED_EDGE('',*,*,#7304,.T.);
#4319=ORIENTED_EDGE('',*,*,#7305,.F.);
#4320=ORIENTED_EDGE('',*,*,#7306,.T.);
#4321=ORIENTED_EDGE('',*,*,#7307,.T.);
#4322=ORIENTED_EDGE('',*,*,#7308,.T.);
#4323=ORIENTED_EDGE('',*,*,#7293,.T.);
#4324=ORIENTED_EDGE('',*,*,#7309,.T.);
#4325=ORIENTED_EDGE('',*,*,#7310,.F.);
#4326=ORIENTED_EDGE('',*,*,#7311,.T.);
#4327=ORIENTED_EDGE('',*,*,#7295,.T.);
#4328=ORIENTED_EDGE('',*,*,#7312,.T.);
#4329=ORIENTED_EDGE('',*,*,#7289,.T.);
#4330=ORIENTED_EDGE('',*,*,#7313,.T.);
#4331=ORIENTED_EDGE('',*,*,#7314,.T.);
#4332=ORIENTED_EDGE('',*,*,#7315,.T.);
#4333=ORIENTED_EDGE('',*,*,#7316,.T.);
#4334=ORIENTED_EDGE('',*,*,#7317,.T.);
#4335=ORIENTED_EDGE('',*,*,#7318,.T.);
#4336=ORIENTED_EDGE('',*,*,#7319,.T.);
#4337=ORIENTED_EDGE('',*,*,#7320,.T.);
#4338=ORIENTED_EDGE('',*,*,#7321,.T.);
#4339=ORIENTED_EDGE('',*,*,#7322,.F.);
#4340=ORIENTED_EDGE('',*,*,#7323,.F.);
#4341=ORIENTED_EDGE('',*,*,#7324,.T.);
#4342=ORIENTED_EDGE('',*,*,#7325,.T.);
#4343=ORIENTED_EDGE('',*,*,#7326,.T.);
#4344=ORIENTED_EDGE('',*,*,#7327,.T.);
#4345=ORIENTED_EDGE('',*,*,#7328,.T.);
#4346=ORIENTED_EDGE('',*,*,#7329,.T.);
#4347=ORIENTED_EDGE('',*,*,#7330,.T.);
#4348=ORIENTED_EDGE('',*,*,#7331,.T.);
#4349=ORIENTED_EDGE('',*,*,#7332,.T.);
#4350=ORIENTED_EDGE('',*,*,#7333,.T.);
#4351=ORIENTED_EDGE('',*,*,#7334,.T.);
#4352=ORIENTED_EDGE('',*,*,#7335,.T.);
#4353=ORIENTED_EDGE('',*,*,#7336,.F.);
#4354=ORIENTED_EDGE('',*,*,#7337,.F.);
#4355=ORIENTED_EDGE('',*,*,#7338,.F.);
#4356=ORIENTED_EDGE('',*,*,#7339,.T.);
#4357=ORIENTED_EDGE('',*,*,#7340,.T.);
#4358=ORIENTED_EDGE('',*,*,#7341,.T.);
#4359=ORIENTED_EDGE('',*,*,#7342,.T.);
#4360=ORIENTED_EDGE('',*,*,#7343,.T.);
#4361=ORIENTED_EDGE('',*,*,#7344,.F.);
#4362=ORIENTED_EDGE('',*,*,#7345,.F.);
#4363=ORIENTED_EDGE('',*,*,#7346,.F.);
#4364=ORIENTED_EDGE('',*,*,#7347,.F.);
#4365=ORIENTED_EDGE('',*,*,#7348,.F.);
#4366=ORIENTED_EDGE('',*,*,#7349,.T.);
#4367=ORIENTED_EDGE('',*,*,#7350,.T.);
#4368=ORIENTED_EDGE('',*,*,#7351,.T.);
#4369=ORIENTED_EDGE('',*,*,#7287,.F.);
#4370=ORIENTED_EDGE('',*,*,#7352,.F.);
#4371=ORIENTED_EDGE('',*,*,#7297,.F.);
#4372=ORIENTED_EDGE('',*,*,#7353,.T.);
#4373=ORIENTED_EDGE('',*,*,#7354,.T.);
#4374=ORIENTED_EDGE('',*,*,#7355,.T.);
#4375=ORIENTED_EDGE('',*,*,#7291,.F.);
#4376=ORIENTED_EDGE('',*,*,#7356,.F.);
#4377=ORIENTED_EDGE('',*,*,#7357,.F.);
#4378=ORIENTED_EDGE('',*,*,#7358,.F.);
#4379=ORIENTED_EDGE('',*,*,#7359,.T.);
#4380=ORIENTED_EDGE('',*,*,#7360,.F.);
#4381=ORIENTED_EDGE('',*,*,#7361,.T.);
#4382=ORIENTED_EDGE('',*,*,#7362,.T.);
#4383=ORIENTED_EDGE('',*,*,#7363,.T.);
#4384=ORIENTED_EDGE('',*,*,#7364,.F.);
#4385=ORIENTED_EDGE('',*,*,#7365,.F.);
#4386=ORIENTED_EDGE('',*,*,#7366,.F.);
#4387=ORIENTED_EDGE('',*,*,#7367,.T.);
#4388=ORIENTED_EDGE('',*,*,#7359,.F.);
#4389=ORIENTED_EDGE('',*,*,#7368,.T.);
#4390=ORIENTED_EDGE('',*,*,#7358,.T.);
#4391=ORIENTED_EDGE('',*,*,#7369,.T.);
#4392=ORIENTED_EDGE('',*,*,#7360,.T.);
#4393=ORIENTED_EDGE('',*,*,#7370,.T.);
#4394=ORIENTED_EDGE('',*,*,#7357,.T.);
#4395=ORIENTED_EDGE('',*,*,#7371,.T.);
#4396=ORIENTED_EDGE('',*,*,#7361,.F.);
#4397=ORIENTED_EDGE('',*,*,#7372,.T.);
#4398=ORIENTED_EDGE('',*,*,#7362,.F.);
#4399=ORIENTED_EDGE('',*,*,#7373,.T.);
#4400=ORIENTED_EDGE('',*,*,#7363,.F.);
#4401=ORIENTED_EDGE('',*,*,#7374,.T.);
#4402=ORIENTED_EDGE('',*,*,#7364,.T.);
#4403=ORIENTED_EDGE('',*,*,#7307,.F.);
#4404=ORIENTED_EDGE('',*,*,#7375,.T.);
#4405=ORIENTED_EDGE('',*,*,#7348,.T.);
#4406=ORIENTED_EDGE('',*,*,#7376,.T.);
#4407=ORIENTED_EDGE('',*,*,#7376,.F.);
#4408=ORIENTED_EDGE('',*,*,#7356,.T.);
#4409=ORIENTED_EDGE('',*,*,#7294,.T.);
#4410=ORIENTED_EDGE('',*,*,#7308,.F.);
#4411=ORIENTED_EDGE('',*,*,#7298,.F.);
#4412=ORIENTED_EDGE('',*,*,#7352,.T.);
#4413=ORIENTED_EDGE('',*,*,#7290,.T.);
#4414=ORIENTED_EDGE('',*,*,#7312,.F.);
#4415=ORIENTED_EDGE('',*,*,#7324,.F.);
#4416=ORIENTED_EDGE('',*,*,#7367,.F.);
#4417=ORIENTED_EDGE('',*,*,#7325,.F.);
#4418=ORIENTED_EDGE('',*,*,#7371,.F.);
#4419=ORIENTED_EDGE('',*,*,#7326,.F.);
#4420=ORIENTED_EDGE('',*,*,#7373,.F.);
#4421=ORIENTED_EDGE('',*,*,#7327,.F.);
#4422=ORIENTED_EDGE('',*,*,#7372,.F.);
#4423=ORIENTED_EDGE('',*,*,#7368,.F.);
#4424=ORIENTED_EDGE('',*,*,#7328,.F.);
#4425=ORIENTED_EDGE('',*,*,#7374,.F.);
#4426=ORIENTED_EDGE('',*,*,#7329,.F.);
#4427=ORIENTED_EDGE('',*,*,#7370,.F.);
#4428=ORIENTED_EDGE('',*,*,#7330,.F.);
#4429=ORIENTED_EDGE('',*,*,#7369,.F.);
#4430=ORIENTED_EDGE('',*,*,#7331,.F.);
#4431=ORIENTED_EDGE('',*,*,#7377,.T.);
#4432=ORIENTED_EDGE('',*,*,#7323,.T.);
#4433=ORIENTED_EDGE('',*,*,#7378,.T.);
#4434=ORIENTED_EDGE('',*,*,#7379,.T.);
#4435=ORIENTED_EDGE('',*,*,#7380,.T.);
#4436=ORIENTED_EDGE('',*,*,#7322,.T.);
#4437=ORIENTED_EDGE('',*,*,#7381,.T.);
#4438=ORIENTED_EDGE('',*,*,#7382,.T.);
#4439=ORIENTED_EDGE('',*,*,#7383,.T.);
#4440=ORIENTED_EDGE('',*,*,#7321,.F.);
#4441=ORIENTED_EDGE('',*,*,#7384,.T.);
#4442=ORIENTED_EDGE('',*,*,#7385,.T.);
#4443=ORIENTED_EDGE('',*,*,#7386,.T.);
#4444=ORIENTED_EDGE('',*,*,#7332,.F.);
#4445=ORIENTED_EDGE('',*,*,#7387,.T.);
#4446=ORIENTED_EDGE('',*,*,#7388,.T.);
#4447=ORIENTED_EDGE('',*,*,#7389,.T.);
#4448=ORIENTED_EDGE('',*,*,#7345,.T.);
#4449=ORIENTED_EDGE('',*,*,#7390,.T.);
#4450=ORIENTED_EDGE('',*,*,#7346,.T.);
#4451=ORIENTED_EDGE('',*,*,#7391,.T.);
#4452=ORIENTED_EDGE('',*,*,#7344,.T.);
#4453=ORIENTED_EDGE('',*,*,#7392,.T.);
#4454=ORIENTED_EDGE('',*,*,#7347,.T.);
#4455=ORIENTED_EDGE('',*,*,#7378,.F.);
#4456=ORIENTED_EDGE('',*,*,#7392,.F.);
#4457=ORIENTED_EDGE('',*,*,#7377,.F.);
#4458=ORIENTED_EDGE('',*,*,#7379,.F.);
#4459=ORIENTED_EDGE('',*,*,#7387,.F.);
#4460=ORIENTED_EDGE('',*,*,#7386,.F.);
#4461=ORIENTED_EDGE('',*,*,#7388,.F.);
#4462=ORIENTED_EDGE('',*,*,#7389,.F.);
#4463=ORIENTED_EDGE('',*,*,#7384,.F.);
#4464=ORIENTED_EDGE('',*,*,#7383,.F.);
#4465=ORIENTED_EDGE('',*,*,#7385,.F.);
#4466=ORIENTED_EDGE('',*,*,#7390,.F.);
#4467=ORIENTED_EDGE('',*,*,#7381,.F.);
#4468=ORIENTED_EDGE('',*,*,#7391,.F.);
#4469=ORIENTED_EDGE('',*,*,#7380,.F.);
#4470=ORIENTED_EDGE('',*,*,#7382,.F.);
#4471=ORIENTED_EDGE('',*,*,#7393,.T.);
#4472=ORIENTED_EDGE('',*,*,#7343,.F.);
#4473=ORIENTED_EDGE('',*,*,#7394,.T.);
#4474=ORIENTED_EDGE('',*,*,#7342,.F.);
#4475=ORIENTED_EDGE('',*,*,#7395,.T.);
#4476=ORIENTED_EDGE('',*,*,#7341,.F.);
#4477=ORIENTED_EDGE('',*,*,#7318,.F.);
#4478=ORIENTED_EDGE('',*,*,#7393,.F.);
#4479=ORIENTED_EDGE('',*,*,#7319,.F.);
#4480=ORIENTED_EDGE('',*,*,#7394,.F.);
#4481=ORIENTED_EDGE('',*,*,#7320,.F.);
#4482=ORIENTED_EDGE('',*,*,#7395,.F.);
#4483=ORIENTED_EDGE('',*,*,#7396,.T.);
#4484=ORIENTED_EDGE('',*,*,#7340,.F.);
#4485=ORIENTED_EDGE('',*,*,#7397,.T.);
#4486=ORIENTED_EDGE('',*,*,#7365,.T.);
#4487=ORIENTED_EDGE('',*,*,#7398,.T.);
#4488=ORIENTED_EDGE('',*,*,#7339,.F.);
#4489=ORIENTED_EDGE('',*,*,#7399,.T.);
#4490=ORIENTED_EDGE('',*,*,#7366,.T.);
#4491=ORIENTED_EDGE('',*,*,#7314,.F.);
#4492=ORIENTED_EDGE('',*,*,#7398,.F.);
#4493=ORIENTED_EDGE('',*,*,#7397,.F.);
#4494=ORIENTED_EDGE('',*,*,#7315,.F.);
#4495=ORIENTED_EDGE('',*,*,#7316,.F.);
#4496=ORIENTED_EDGE('',*,*,#7396,.F.);
#4497=ORIENTED_EDGE('',*,*,#7399,.F.);
#4498=ORIENTED_EDGE('',*,*,#7317,.F.);
#4499=ORIENTED_EDGE('',*,*,#7350,.F.);
#4500=ORIENTED_EDGE('',*,*,#7400,.T.);
#4501=ORIENTED_EDGE('',*,*,#7305,.T.);
#4502=ORIENTED_EDGE('',*,*,#7401,.T.);
#4503=ORIENTED_EDGE('',*,*,#7354,.F.);
#4504=ORIENTED_EDGE('',*,*,#7402,.T.);
#4505=ORIENTED_EDGE('',*,*,#7310,.T.);
#4506=ORIENTED_EDGE('',*,*,#7403,.T.);
#4507=ORIENTED_EDGE('',*,*,#7349,.F.);
#4508=ORIENTED_EDGE('',*,*,#7375,.F.);
#4509=ORIENTED_EDGE('',*,*,#7306,.F.);
#4510=ORIENTED_EDGE('',*,*,#7400,.F.);
#4511=ORIENTED_EDGE('',*,*,#7313,.F.);
#4512=ORIENTED_EDGE('',*,*,#7288,.F.);
#4513=ORIENTED_EDGE('',*,*,#7351,.F.);
#4514=ORIENTED_EDGE('',*,*,#7401,.F.);
#4515=ORIENTED_EDGE('',*,*,#7311,.F.);
#4516=ORIENTED_EDGE('',*,*,#7402,.F.);
#4517=ORIENTED_EDGE('',*,*,#7353,.F.);
#4518=ORIENTED_EDGE('',*,*,#7296,.F.);
#4519=ORIENTED_EDGE('',*,*,#7355,.F.);
#4520=ORIENTED_EDGE('',*,*,#7403,.F.);
#4521=ORIENTED_EDGE('',*,*,#7309,.F.);
#4522=ORIENTED_EDGE('',*,*,#7292,.F.);
#4523=ORIENTED_EDGE('',*,*,#7404,.T.);
#4524=ORIENTED_EDGE('',*,*,#7338,.T.);
#4525=ORIENTED_EDGE('',*,*,#7405,.T.);
#4526=ORIENTED_EDGE('',*,*,#7337,.T.);
#4527=ORIENTED_EDGE('',*,*,#7406,.T.);
#4528=ORIENTED_EDGE('',*,*,#7336,.T.);
#4529=ORIENTED_EDGE('',*,*,#7302,.F.);
#4530=ORIENTED_EDGE('',*,*,#7405,.F.);
#4531=ORIENTED_EDGE('',*,*,#7303,.F.);
#4532=ORIENTED_EDGE('',*,*,#7406,.F.);
#4533=ORIENTED_EDGE('',*,*,#7304,.F.);
#4534=ORIENTED_EDGE('',*,*,#7404,.F.);
#4535=ORIENTED_EDGE('',*,*,#7407,.F.);
#4536=ORIENTED_EDGE('',*,*,#7335,.F.);
#4537=ORIENTED_EDGE('',*,*,#7408,.F.);
#4538=ORIENTED_EDGE('',*,*,#7334,.F.);
#4539=ORIENTED_EDGE('',*,*,#7409,.F.);
#4540=ORIENTED_EDGE('',*,*,#7333,.F.);
#4541=ORIENTED_EDGE('',*,*,#7407,.T.);
#4542=ORIENTED_EDGE('',*,*,#7299,.T.);
#4543=ORIENTED_EDGE('',*,*,#7408,.T.);
#4544=ORIENTED_EDGE('',*,*,#7300,.T.);
#4545=ORIENTED_EDGE('',*,*,#7409,.T.);
#4546=ORIENTED_EDGE('',*,*,#7301,.T.);
#4547=ORIENTED_EDGE('',*,*,#7410,.F.);
#4548=ORIENTED_EDGE('',*,*,#7411,.T.);
#4549=ORIENTED_EDGE('',*,*,#7412,.T.);
#4550=ORIENTED_EDGE('',*,*,#7413,.F.);
#4551=ORIENTED_EDGE('',*,*,#7414,.F.);
#4552=ORIENTED_EDGE('',*,*,#7415,.T.);
#4553=ORIENTED_EDGE('',*,*,#7416,.T.);
#4554=ORIENTED_EDGE('',*,*,#7417,.T.);
#4555=ORIENTED_EDGE('',*,*,#7418,.T.);
#4556=ORIENTED_EDGE('',*,*,#7419,.F.);
#4557=ORIENTED_EDGE('',*,*,#7420,.F.);
#4558=ORIENTED_EDGE('',*,*,#7421,.F.);
#4559=ORIENTED_EDGE('',*,*,#7422,.F.);
#4560=ORIENTED_EDGE('',*,*,#7423,.F.);
#4561=ORIENTED_EDGE('',*,*,#7424,.F.);
#4562=ORIENTED_EDGE('',*,*,#7425,.F.);
#4563=ORIENTED_EDGE('',*,*,#7426,.F.);
#4564=ORIENTED_EDGE('',*,*,#7427,.F.);
#4565=ORIENTED_EDGE('',*,*,#7428,.F.);
#4566=ORIENTED_EDGE('',*,*,#7429,.F.);
#4567=ORIENTED_EDGE('',*,*,#7430,.F.);
#4568=ORIENTED_EDGE('',*,*,#7431,.T.);
#4569=ORIENTED_EDGE('',*,*,#7432,.T.);
#4570=ORIENTED_EDGE('',*,*,#7433,.T.);
#4571=ORIENTED_EDGE('',*,*,#7434,.F.);
#4572=ORIENTED_EDGE('',*,*,#7435,.T.);
#4573=ORIENTED_EDGE('',*,*,#7436,.F.);
#4574=ORIENTED_EDGE('',*,*,#7437,.T.);
#4575=ORIENTED_EDGE('',*,*,#7438,.F.);
#4576=ORIENTED_EDGE('',*,*,#7417,.F.);
#4577=ORIENTED_EDGE('',*,*,#7439,.T.);
#4578=ORIENTED_EDGE('',*,*,#7440,.T.);
#4579=ORIENTED_EDGE('',*,*,#7441,.T.);
#4580=ORIENTED_EDGE('',*,*,#7442,.T.);
#4581=ORIENTED_EDGE('',*,*,#7443,.T.);
#4582=ORIENTED_EDGE('',*,*,#7444,.T.);
#4583=ORIENTED_EDGE('',*,*,#7445,.T.);
#4584=ORIENTED_EDGE('',*,*,#7446,.T.);
#4585=ORIENTED_EDGE('',*,*,#7447,.T.);
#4586=ORIENTED_EDGE('',*,*,#7448,.F.);
#4587=ORIENTED_EDGE('',*,*,#7449,.T.);
#4588=ORIENTED_EDGE('',*,*,#7450,.F.);
#4589=ORIENTED_EDGE('',*,*,#7451,.T.);
#4590=ORIENTED_EDGE('',*,*,#7452,.T.);
#4591=ORIENTED_EDGE('',*,*,#7453,.T.);
#4592=ORIENTED_EDGE('',*,*,#7454,.T.);
#4593=ORIENTED_EDGE('',*,*,#7455,.T.);
#4594=ORIENTED_EDGE('',*,*,#7456,.F.);
#4595=ORIENTED_EDGE('',*,*,#7457,.F.);
#4596=ORIENTED_EDGE('',*,*,#7458,.T.);
#4597=ORIENTED_EDGE('',*,*,#7459,.T.);
#4598=ORIENTED_EDGE('',*,*,#7460,.T.);
#4599=ORIENTED_EDGE('',*,*,#7461,.T.);
#4600=ORIENTED_EDGE('',*,*,#7462,.T.);
#4601=ORIENTED_EDGE('',*,*,#7463,.T.);
#4602=ORIENTED_EDGE('',*,*,#7464,.T.);
#4603=ORIENTED_EDGE('',*,*,#7465,.T.);
#4604=ORIENTED_EDGE('',*,*,#7466,.T.);
#4605=ORIENTED_EDGE('',*,*,#7411,.F.);
#4606=ORIENTED_EDGE('',*,*,#7467,.F.);
#4607=ORIENTED_EDGE('',*,*,#7468,.T.);
#4608=ORIENTED_EDGE('',*,*,#7469,.F.);
#4609=ORIENTED_EDGE('',*,*,#7470,.T.);
#4610=ORIENTED_EDGE('',*,*,#7471,.F.);
#4611=ORIENTED_EDGE('',*,*,#7472,.T.);
#4612=ORIENTED_EDGE('',*,*,#7473,.F.);
#4613=ORIENTED_EDGE('',*,*,#7474,.T.);
#4614=ORIENTED_EDGE('',*,*,#7471,.T.);
#4615=ORIENTED_EDGE('',*,*,#7475,.T.);
#4616=ORIENTED_EDGE('',*,*,#7434,.T.);
#4617=ORIENTED_EDGE('',*,*,#7476,.T.);
#4618=ORIENTED_EDGE('',*,*,#7477,.F.);
#4619=ORIENTED_EDGE('',*,*,#7478,.T.);
#4620=ORIENTED_EDGE('',*,*,#7456,.T.);
#4621=ORIENTED_EDGE('',*,*,#7479,.T.);
#4622=ORIENTED_EDGE('',*,*,#7480,.F.);
#4623=ORIENTED_EDGE('',*,*,#7481,.F.);
#4624=ORIENTED_EDGE('',*,*,#7482,.T.);
#4625=ORIENTED_EDGE('',*,*,#7483,.T.);
#4626=ORIENTED_EDGE('',*,*,#7484,.T.);
#4627=ORIENTED_EDGE('',*,*,#7485,.T.);
#4628=ORIENTED_EDGE('',*,*,#7486,.T.);
#4629=ORIENTED_EDGE('',*,*,#7487,.F.);
#4630=ORIENTED_EDGE('',*,*,#7488,.F.);
#4631=ORIENTED_EDGE('',*,*,#7448,.T.);
#4632=ORIENTED_EDGE('',*,*,#7489,.T.);
#4633=ORIENTED_EDGE('',*,*,#7490,.F.);
#4634=ORIENTED_EDGE('',*,*,#7491,.F.);
#4635=ORIENTED_EDGE('',*,*,#7492,.T.);
#4636=ORIENTED_EDGE('',*,*,#7493,.T.);
#4637=ORIENTED_EDGE('',*,*,#7457,.T.);
#4638=ORIENTED_EDGE('',*,*,#7481,.T.);
#4639=ORIENTED_EDGE('',*,*,#7494,.F.);
#4640=ORIENTED_EDGE('',*,*,#7495,.T.);
#4641=ORIENTED_EDGE('',*,*,#7415,.F.);
#4642=ORIENTED_EDGE('',*,*,#7496,.F.);
#4643=ORIENTED_EDGE('',*,*,#7497,.F.);
#4644=ORIENTED_EDGE('',*,*,#7498,.T.);
#4645=ORIENTED_EDGE('',*,*,#7499,.T.);
#4646=ORIENTED_EDGE('',*,*,#7500,.F.);
#4647=ORIENTED_EDGE('',*,*,#7501,.F.);
#4648=ORIENTED_EDGE('',*,*,#7502,.T.);
#4649=ORIENTED_EDGE('',*,*,#7492,.F.);
#4650=ORIENTED_EDGE('',*,*,#7503,.F.);
#4651=ORIENTED_EDGE('',*,*,#7504,.F.);
#4652=ORIENTED_EDGE('',*,*,#7505,.T.);
#4653=ORIENTED_EDGE('',*,*,#7506,.T.);
#4654=ORIENTED_EDGE('',*,*,#7507,.F.);
#4655=ORIENTED_EDGE('',*,*,#7508,.T.);
#4656=ORIENTED_EDGE('',*,*,#7509,.T.);
#4657=ORIENTED_EDGE('',*,*,#7510,.T.);
#4658=ORIENTED_EDGE('',*,*,#7511,.F.);
#4659=ORIENTED_EDGE('',*,*,#7496,.T.);
#4660=ORIENTED_EDGE('',*,*,#7414,.T.);
#4661=ORIENTED_EDGE('',*,*,#7512,.T.);
#4662=ORIENTED_EDGE('',*,*,#7513,.F.);
#4663=ORIENTED_EDGE('',*,*,#7514,.F.);
#4664=ORIENTED_EDGE('',*,*,#7515,.F.);
#4665=ORIENTED_EDGE('',*,*,#7507,.T.);
#4666=ORIENTED_EDGE('',*,*,#7516,.F.);
#4667=ORIENTED_EDGE('',*,*,#7517,.F.);
#4668=ORIENTED_EDGE('',*,*,#7518,.F.);
#4669=ORIENTED_EDGE('',*,*,#7503,.T.);
#4670=ORIENTED_EDGE('',*,*,#7491,.T.);
#4671=ORIENTED_EDGE('',*,*,#7519,.T.);
#4672=ORIENTED_EDGE('',*,*,#7520,.F.);
#4673=ORIENTED_EDGE('',*,*,#7521,.F.);
#4674=ORIENTED_EDGE('',*,*,#7522,.F.);
#4675=ORIENTED_EDGE('',*,*,#7500,.T.);
#4676=ORIENTED_EDGE('',*,*,#7523,.F.);
#4677=ORIENTED_EDGE('',*,*,#7524,.F.);
#4678=ORIENTED_EDGE('',*,*,#7425,.T.);
#4679=ORIENTED_EDGE('',*,*,#7525,.T.);
#4680=ORIENTED_EDGE('',*,*,#7451,.F.);
#4681=ORIENTED_EDGE('',*,*,#7526,.F.);
#4682=ORIENTED_EDGE('',*,*,#7453,.F.);
#4683=ORIENTED_EDGE('',*,*,#7527,.F.);
#4684=ORIENTED_EDGE('',*,*,#7429,.T.);
#4685=ORIENTED_EDGE('',*,*,#7528,.T.);
#4686=ORIENTED_EDGE('',*,*,#7529,.F.);
#4687=ORIENTED_EDGE('',*,*,#7530,.T.);
#4688=ORIENTED_EDGE('',*,*,#7531,.T.);
#4689=ORIENTED_EDGE('',*,*,#7487,.T.);
#4690=ORIENTED_EDGE('',*,*,#7480,.T.);
#4691=ORIENTED_EDGE('',*,*,#7532,.T.);
#4692=ORIENTED_EDGE('',*,*,#7533,.F.);
#4693=ORIENTED_EDGE('',*,*,#7534,.T.);
#4694=ORIENTED_EDGE('',*,*,#7473,.T.);
#4695=ORIENTED_EDGE('',*,*,#7535,.T.);
#4696=ORIENTED_EDGE('',*,*,#7536,.F.);
#4697=ORIENTED_EDGE('',*,*,#7537,.T.);
#4698=ORIENTED_EDGE('',*,*,#7538,.F.);
#4699=ORIENTED_EDGE('',*,*,#7419,.T.);
#4700=ORIENTED_EDGE('',*,*,#7539,.F.);
#4701=ORIENTED_EDGE('',*,*,#7540,.T.);
#4702=ORIENTED_EDGE('',*,*,#7541,.F.);
#4703=ORIENTED_EDGE('',*,*,#7542,.T.);
#4704=ORIENTED_EDGE('',*,*,#7477,.T.);
#4705=ORIENTED_EDGE('',*,*,#7543,.T.);
#4706=ORIENTED_EDGE('',*,*,#7544,.T.);
#4707=ORIENTED_EDGE('',*,*,#7545,.T.);
#4708=ORIENTED_EDGE('',*,*,#7546,.T.);
#4709=ORIENTED_EDGE('',*,*,#7547,.T.);
#4710=ORIENTED_EDGE('',*,*,#7548,.T.);
#4711=ORIENTED_EDGE('',*,*,#7549,.T.);
#4712=ORIENTED_EDGE('',*,*,#7550,.T.);
#4713=ORIENTED_EDGE('',*,*,#7551,.T.);
#4714=ORIENTED_EDGE('',*,*,#7552,.T.);
#4715=ORIENTED_EDGE('',*,*,#7553,.T.);
#4716=ORIENTED_EDGE('',*,*,#7554,.T.);
#4717=ORIENTED_EDGE('',*,*,#7555,.T.);
#4718=ORIENTED_EDGE('',*,*,#7556,.T.);
#4719=ORIENTED_EDGE('',*,*,#7557,.T.);
#4720=ORIENTED_EDGE('',*,*,#7558,.T.);
#4721=ORIENTED_EDGE('',*,*,#7559,.T.);
#4722=ORIENTED_EDGE('',*,*,#7560,.T.);
#4723=ORIENTED_EDGE('',*,*,#7561,.T.);
#4724=ORIENTED_EDGE('',*,*,#7562,.T.);
#4725=ORIENTED_EDGE('',*,*,#7563,.T.);
#4726=ORIENTED_EDGE('',*,*,#7564,.T.);
#4727=ORIENTED_EDGE('',*,*,#7565,.T.);
#4728=ORIENTED_EDGE('',*,*,#7566,.T.);
#4729=ORIENTED_EDGE('',*,*,#7567,.T.);
#4730=ORIENTED_EDGE('',*,*,#7568,.T.);
#4731=ORIENTED_EDGE('',*,*,#7569,.T.);
#4732=ORIENTED_EDGE('',*,*,#7570,.T.);
#4733=ORIENTED_EDGE('',*,*,#7571,.T.);
#4734=ORIENTED_EDGE('',*,*,#7572,.T.);
#4735=ORIENTED_EDGE('',*,*,#7573,.T.);
#4736=ORIENTED_EDGE('',*,*,#7574,.T.);
#4737=ORIENTED_EDGE('',*,*,#7575,.T.);
#4738=ORIENTED_EDGE('',*,*,#7576,.T.);
#4739=ORIENTED_EDGE('',*,*,#7577,.T.);
#4740=ORIENTED_EDGE('',*,*,#7578,.T.);
#4741=ORIENTED_EDGE('',*,*,#7579,.T.);
#4742=ORIENTED_EDGE('',*,*,#7580,.T.);
#4743=ORIENTED_EDGE('',*,*,#7581,.T.);
#4744=ORIENTED_EDGE('',*,*,#7582,.T.);
#4745=ORIENTED_EDGE('',*,*,#7583,.T.);
#4746=ORIENTED_EDGE('',*,*,#7584,.T.);
#4747=ORIENTED_EDGE('',*,*,#7585,.T.);
#4748=ORIENTED_EDGE('',*,*,#7586,.T.);
#4749=ORIENTED_EDGE('',*,*,#7587,.T.);
#4750=ORIENTED_EDGE('',*,*,#7588,.T.);
#4751=ORIENTED_EDGE('',*,*,#7589,.T.);
#4752=ORIENTED_EDGE('',*,*,#7590,.T.);
#4753=ORIENTED_EDGE('',*,*,#7591,.T.);
#4754=ORIENTED_EDGE('',*,*,#7592,.T.);
#4755=ORIENTED_EDGE('',*,*,#7593,.T.);
#4756=ORIENTED_EDGE('',*,*,#7544,.F.);
#4757=ORIENTED_EDGE('',*,*,#7594,.T.);
#4758=ORIENTED_EDGE('',*,*,#7595,.T.);
#4759=ORIENTED_EDGE('',*,*,#7596,.T.);
#4760=ORIENTED_EDGE('',*,*,#7562,.F.);
#4761=ORIENTED_EDGE('',*,*,#7597,.T.);
#4762=ORIENTED_EDGE('',*,*,#7598,.T.);
#4763=ORIENTED_EDGE('',*,*,#7599,.T.);
#4764=ORIENTED_EDGE('',*,*,#7556,.F.);
#4765=ORIENTED_EDGE('',*,*,#7600,.T.);
#4766=ORIENTED_EDGE('',*,*,#7601,.T.);
#4767=ORIENTED_EDGE('',*,*,#7602,.T.);
#4768=ORIENTED_EDGE('',*,*,#7550,.F.);
#4769=ORIENTED_EDGE('',*,*,#7603,.T.);
#4770=ORIENTED_EDGE('',*,*,#7450,.T.);
#4771=ORIENTED_EDGE('',*,*,#7604,.T.);
#4772=ORIENTED_EDGE('',*,*,#7605,.T.);
#4773=ORIENTED_EDGE('',*,*,#7568,.F.);
#4774=ORIENTED_EDGE('',*,*,#7606,.T.);
#4775=ORIENTED_EDGE('',*,*,#7607,.T.);
#4776=ORIENTED_EDGE('',*,*,#7608,.T.);
#4777=ORIENTED_EDGE('',*,*,#7586,.F.);
#4778=ORIENTED_EDGE('',*,*,#7609,.T.);
#4779=ORIENTED_EDGE('',*,*,#7610,.T.);
#4780=ORIENTED_EDGE('',*,*,#7611,.T.);
#4781=ORIENTED_EDGE('',*,*,#7580,.F.);
#4782=ORIENTED_EDGE('',*,*,#7612,.T.);
#4783=ORIENTED_EDGE('',*,*,#7613,.T.);
#4784=ORIENTED_EDGE('',*,*,#7614,.T.);
#4785=ORIENTED_EDGE('',*,*,#7574,.F.);
#4786=ORIENTED_EDGE('',*,*,#7615,.T.);
#4787=ORIENTED_EDGE('',*,*,#7427,.T.);
#4788=ORIENTED_EDGE('',*,*,#7616,.T.);
#4789=ORIENTED_EDGE('',*,*,#7449,.F.);
#4790=ORIENTED_EDGE('',*,*,#7617,.F.);
#4791=ORIENTED_EDGE('',*,*,#7426,.T.);
#4792=ORIENTED_EDGE('',*,*,#7618,.F.);
#4793=ORIENTED_EDGE('',*,*,#7428,.T.);
#4794=ORIENTED_EDGE('',*,*,#7619,.T.);
#4795=ORIENTED_EDGE('',*,*,#7452,.F.);
#4796=ORIENTED_EDGE('',*,*,#7531,.F.);
#4797=ORIENTED_EDGE('',*,*,#7620,.T.);
#4798=ORIENTED_EDGE('',*,*,#7430,.T.);
#4799=ORIENTED_EDGE('',*,*,#7488,.T.);
#4800=ORIENTED_EDGE('',*,*,#7621,.F.);
#4801=ORIENTED_EDGE('',*,*,#7622,.F.);
#4802=ORIENTED_EDGE('',*,*,#7623,.F.);
#4803=ORIENTED_EDGE('',*,*,#7624,.T.);
#4804=ORIENTED_EDGE('',*,*,#7613,.F.);
#4805=ORIENTED_EDGE('',*,*,#7625,.T.);
#4806=ORIENTED_EDGE('',*,*,#7528,.F.);
#4807=ORIENTED_EDGE('',*,*,#7621,.T.);
#4808=ORIENTED_EDGE('',*,*,#7626,.T.);
#4809=ORIENTED_EDGE('',*,*,#7578,.F.);
#4810=ORIENTED_EDGE('',*,*,#7627,.T.);
#4811=ORIENTED_EDGE('',*,*,#7577,.F.);
#4812=ORIENTED_EDGE('',*,*,#7628,.T.);
#4813=ORIENTED_EDGE('',*,*,#7622,.T.);
#4814=ORIENTED_EDGE('',*,*,#7627,.F.);
#4815=ORIENTED_EDGE('',*,*,#7576,.F.);
#4816=ORIENTED_EDGE('',*,*,#7629,.T.);
#4817=ORIENTED_EDGE('',*,*,#7623,.T.);
#4818=ORIENTED_EDGE('',*,*,#7628,.F.);
#4819=ORIENTED_EDGE('',*,*,#7630,.T.);
#4820=ORIENTED_EDGE('',*,*,#7631,.T.);
#4821=ORIENTED_EDGE('',*,*,#7560,.F.);
#4822=ORIENTED_EDGE('',*,*,#7632,.T.);
#4823=ORIENTED_EDGE('',*,*,#7559,.F.);
#4824=ORIENTED_EDGE('',*,*,#7633,.T.);
#4825=ORIENTED_EDGE('',*,*,#7634,.T.);
#4826=ORIENTED_EDGE('',*,*,#7632,.F.);
#4827=ORIENTED_EDGE('',*,*,#7558,.F.);
#4828=ORIENTED_EDGE('',*,*,#7635,.T.);
#4829=ORIENTED_EDGE('',*,*,#7636,.T.);
#4830=ORIENTED_EDGE('',*,*,#7633,.F.);
#4831=ORIENTED_EDGE('',*,*,#7527,.T.);
#4832=ORIENTED_EDGE('',*,*,#7630,.F.);
#4833=ORIENTED_EDGE('',*,*,#7634,.F.);
#4834=ORIENTED_EDGE('',*,*,#7636,.F.);
#4835=ORIENTED_EDGE('',*,*,#7637,.T.);
#4836=ORIENTED_EDGE('',*,*,#7598,.F.);
#4837=ORIENTED_EDGE('',*,*,#7638,.T.);
#4838=ORIENTED_EDGE('',*,*,#7564,.F.);
#4839=ORIENTED_EDGE('',*,*,#7639,.T.);
#4840=ORIENTED_EDGE('',*,*,#7640,.T.);
#4841=ORIENTED_EDGE('',*,*,#7641,.F.);
#4842=ORIENTED_EDGE('',*,*,#7642,.T.);
#4843=ORIENTED_EDGE('',*,*,#7643,.T.);
#4844=ORIENTED_EDGE('',*,*,#7566,.F.);
#4845=ORIENTED_EDGE('',*,*,#7644,.T.);
#4846=ORIENTED_EDGE('',*,*,#7565,.F.);
#4847=ORIENTED_EDGE('',*,*,#7641,.T.);
#4848=ORIENTED_EDGE('',*,*,#7645,.T.);
#4849=ORIENTED_EDGE('',*,*,#7644,.F.);
#4850=ORIENTED_EDGE('',*,*,#7619,.F.);
#4851=ORIENTED_EDGE('',*,*,#7640,.F.);
#4852=ORIENTED_EDGE('',*,*,#7646,.T.);
#4853=ORIENTED_EDGE('',*,*,#7595,.F.);
#4854=ORIENTED_EDGE('',*,*,#7647,.T.);
#4855=ORIENTED_EDGE('',*,*,#7642,.F.);
#4856=ORIENTED_EDGE('',*,*,#7645,.F.);
#4857=ORIENTED_EDGE('',*,*,#7648,.T.);
#4858=ORIENTED_EDGE('',*,*,#7649,.T.);
#4859=ORIENTED_EDGE('',*,*,#7554,.F.);
#4860=ORIENTED_EDGE('',*,*,#7650,.T.);
#4861=ORIENTED_EDGE('',*,*,#7553,.F.);
#4862=ORIENTED_EDGE('',*,*,#7651,.T.);
#4863=ORIENTED_EDGE('',*,*,#7652,.T.);
#4864=ORIENTED_EDGE('',*,*,#7650,.F.);
#4865=ORIENTED_EDGE('',*,*,#7552,.F.);
#4866=ORIENTED_EDGE('',*,*,#7653,.T.);
#4867=ORIENTED_EDGE('',*,*,#7654,.T.);
#4868=ORIENTED_EDGE('',*,*,#7651,.F.);
#4869=ORIENTED_EDGE('',*,*,#7526,.T.);
#4870=ORIENTED_EDGE('',*,*,#7648,.F.);
#4871=ORIENTED_EDGE('',*,*,#7652,.F.);
#4872=ORIENTED_EDGE('',*,*,#7654,.F.);
#4873=ORIENTED_EDGE('',*,*,#7655,.T.);
#4874=ORIENTED_EDGE('',*,*,#7601,.F.);
#4875=ORIENTED_EDGE('',*,*,#7656,.T.);
#4876=ORIENTED_EDGE('',*,*,#7657,.F.);
#4877=ORIENTED_EDGE('',*,*,#7658,.F.);
#4878=ORIENTED_EDGE('',*,*,#7659,.F.);
#4879=ORIENTED_EDGE('',*,*,#7660,.T.);
#4880=ORIENTED_EDGE('',*,*,#7610,.F.);
#4881=ORIENTED_EDGE('',*,*,#7661,.T.);
#4882=ORIENTED_EDGE('',*,*,#7525,.F.);
#4883=ORIENTED_EDGE('',*,*,#7657,.T.);
#4884=ORIENTED_EDGE('',*,*,#7662,.T.);
#4885=ORIENTED_EDGE('',*,*,#7584,.F.);
#4886=ORIENTED_EDGE('',*,*,#7663,.T.);
#4887=ORIENTED_EDGE('',*,*,#7583,.F.);
#4888=ORIENTED_EDGE('',*,*,#7664,.T.);
#4889=ORIENTED_EDGE('',*,*,#7658,.T.);
#4890=ORIENTED_EDGE('',*,*,#7663,.F.);
#4891=ORIENTED_EDGE('',*,*,#7582,.F.);
#4892=ORIENTED_EDGE('',*,*,#7665,.T.);
#4893=ORIENTED_EDGE('',*,*,#7659,.T.);
#4894=ORIENTED_EDGE('',*,*,#7664,.F.);
#4895=ORIENTED_EDGE('',*,*,#7666,.F.);
#4896=ORIENTED_EDGE('',*,*,#7667,.T.);
#4897=ORIENTED_EDGE('',*,*,#7607,.F.);
#4898=ORIENTED_EDGE('',*,*,#7668,.T.);
#4899=ORIENTED_EDGE('',*,*,#7669,.F.);
#4900=ORIENTED_EDGE('',*,*,#7670,.F.);
#4901=ORIENTED_EDGE('',*,*,#7618,.T.);
#4902=ORIENTED_EDGE('',*,*,#7588,.F.);
#4903=ORIENTED_EDGE('',*,*,#7671,.T.);
#4904=ORIENTED_EDGE('',*,*,#7666,.T.);
#4905=ORIENTED_EDGE('',*,*,#7672,.F.);
#4906=ORIENTED_EDGE('',*,*,#7669,.T.);
#4907=ORIENTED_EDGE('',*,*,#7673,.T.);
#4908=ORIENTED_EDGE('',*,*,#7590,.F.);
#4909=ORIENTED_EDGE('',*,*,#7674,.T.);
#4910=ORIENTED_EDGE('',*,*,#7589,.F.);
#4911=ORIENTED_EDGE('',*,*,#7672,.T.);
#4912=ORIENTED_EDGE('',*,*,#7670,.T.);
#4913=ORIENTED_EDGE('',*,*,#7674,.F.);
#4914=ORIENTED_EDGE('',*,*,#7675,.F.);
#4915=ORIENTED_EDGE('',*,*,#7676,.T.);
#4916=ORIENTED_EDGE('',*,*,#7604,.F.);
#4917=ORIENTED_EDGE('',*,*,#7677,.T.);
#4918=ORIENTED_EDGE('',*,*,#7678,.F.);
#4919=ORIENTED_EDGE('',*,*,#7679,.F.);
#4920=ORIENTED_EDGE('',*,*,#7617,.T.);
#4921=ORIENTED_EDGE('',*,*,#7570,.F.);
#4922=ORIENTED_EDGE('',*,*,#7680,.T.);
#4923=ORIENTED_EDGE('',*,*,#7675,.T.);
#4924=ORIENTED_EDGE('',*,*,#7681,.F.);
#4925=ORIENTED_EDGE('',*,*,#7678,.T.);
#4926=ORIENTED_EDGE('',*,*,#7682,.T.);
#4927=ORIENTED_EDGE('',*,*,#7572,.F.);
#4928=ORIENTED_EDGE('',*,*,#7683,.T.);
#4929=ORIENTED_EDGE('',*,*,#7571,.F.);
#4930=ORIENTED_EDGE('',*,*,#7681,.T.);
#4931=ORIENTED_EDGE('',*,*,#7679,.T.);
#4932=ORIENTED_EDGE('',*,*,#7683,.F.);
#4933=ORIENTED_EDGE('',*,*,#7546,.F.);
#4934=ORIENTED_EDGE('',*,*,#7684,.T.);
#4935=ORIENTED_EDGE('',*,*,#7685,.T.);
#4936=ORIENTED_EDGE('',*,*,#7686,.F.);
#4937=ORIENTED_EDGE('',*,*,#7687,.T.);
#4938=ORIENTED_EDGE('',*,*,#7688,.T.);
#4939=ORIENTED_EDGE('',*,*,#7548,.F.);
#4940=ORIENTED_EDGE('',*,*,#7689,.T.);
#4941=ORIENTED_EDGE('',*,*,#7547,.F.);
#4942=ORIENTED_EDGE('',*,*,#7686,.T.);
#4943=ORIENTED_EDGE('',*,*,#7690,.T.);
#4944=ORIENTED_EDGE('',*,*,#7689,.F.);
#4945=ORIENTED_EDGE('',*,*,#7616,.F.);
#4946=ORIENTED_EDGE('',*,*,#7685,.F.);
#4947=ORIENTED_EDGE('',*,*,#7691,.T.);
#4948=ORIENTED_EDGE('',*,*,#7592,.F.);
#4949=ORIENTED_EDGE('',*,*,#7692,.T.);
#4950=ORIENTED_EDGE('',*,*,#7687,.F.);
#4951=ORIENTED_EDGE('',*,*,#7690,.F.);
#4952=ORIENTED_EDGE('',*,*,#7545,.F.);
#4953=ORIENTED_EDGE('',*,*,#7593,.F.);
#4954=ORIENTED_EDGE('',*,*,#7691,.F.);
#4955=ORIENTED_EDGE('',*,*,#7684,.F.);
#4956=ORIENTED_EDGE('',*,*,#7549,.F.);
#4957=ORIENTED_EDGE('',*,*,#7688,.F.);
#4958=ORIENTED_EDGE('',*,*,#7692,.F.);
#4959=ORIENTED_EDGE('',*,*,#7603,.F.);
#4960=ORIENTED_EDGE('',*,*,#7551,.F.);
#4961=ORIENTED_EDGE('',*,*,#7602,.F.);
#4962=ORIENTED_EDGE('',*,*,#7655,.F.);
#4963=ORIENTED_EDGE('',*,*,#7653,.F.);
#4964=ORIENTED_EDGE('',*,*,#7555,.F.);
#4965=ORIENTED_EDGE('',*,*,#7649,.F.);
#4966=ORIENTED_EDGE('',*,*,#7656,.F.);
#4967=ORIENTED_EDGE('',*,*,#7600,.F.);
#4968=ORIENTED_EDGE('',*,*,#7557,.F.);
#4969=ORIENTED_EDGE('',*,*,#7599,.F.);
#4970=ORIENTED_EDGE('',*,*,#7637,.F.);
#4971=ORIENTED_EDGE('',*,*,#7635,.F.);
#4972=ORIENTED_EDGE('',*,*,#7561,.F.);
#4973=ORIENTED_EDGE('',*,*,#7631,.F.);
#4974=ORIENTED_EDGE('',*,*,#7638,.F.);
#4975=ORIENTED_EDGE('',*,*,#7597,.F.);
#4976=ORIENTED_EDGE('',*,*,#7567,.F.);
#4977=ORIENTED_EDGE('',*,*,#7643,.F.);
#4978=ORIENTED_EDGE('',*,*,#7647,.F.);
#4979=ORIENTED_EDGE('',*,*,#7594,.F.);
#4980=ORIENTED_EDGE('',*,*,#7563,.F.);
#4981=ORIENTED_EDGE('',*,*,#7596,.F.);
#4982=ORIENTED_EDGE('',*,*,#7646,.F.);
#4983=ORIENTED_EDGE('',*,*,#7639,.F.);
#4984=ORIENTED_EDGE('',*,*,#7569,.F.);
#4985=ORIENTED_EDGE('',*,*,#7605,.F.);
#4986=ORIENTED_EDGE('',*,*,#7676,.F.);
#4987=ORIENTED_EDGE('',*,*,#7680,.F.);
#4988=ORIENTED_EDGE('',*,*,#7573,.F.);
#4989=ORIENTED_EDGE('',*,*,#7682,.F.);
#4990=ORIENTED_EDGE('',*,*,#7677,.F.);
#4991=ORIENTED_EDGE('',*,*,#7615,.F.);
#4992=ORIENTED_EDGE('',*,*,#7575,.F.);
#4993=ORIENTED_EDGE('',*,*,#7614,.F.);
#4994=ORIENTED_EDGE('',*,*,#7624,.F.);
#4995=ORIENTED_EDGE('',*,*,#7629,.F.);
#4996=ORIENTED_EDGE('',*,*,#7579,.F.);
#4997=ORIENTED_EDGE('',*,*,#7626,.F.);
#4998=ORIENTED_EDGE('',*,*,#7625,.F.);
#4999=ORIENTED_EDGE('',*,*,#7612,.F.);
#5000=ORIENTED_EDGE('',*,*,#7581,.F.);
#5001=ORIENTED_EDGE('',*,*,#7611,.F.);
#5002=ORIENTED_EDGE('',*,*,#7660,.F.);
#5003=ORIENTED_EDGE('',*,*,#7665,.F.);
#5004=ORIENTED_EDGE('',*,*,#7585,.F.);
#5005=ORIENTED_EDGE('',*,*,#7662,.F.);
#5006=ORIENTED_EDGE('',*,*,#7661,.F.);
#5007=ORIENTED_EDGE('',*,*,#7609,.F.);
#5008=ORIENTED_EDGE('',*,*,#7587,.F.);
#5009=ORIENTED_EDGE('',*,*,#7608,.F.);
#5010=ORIENTED_EDGE('',*,*,#7667,.F.);
#5011=ORIENTED_EDGE('',*,*,#7671,.F.);
#5012=ORIENTED_EDGE('',*,*,#7591,.F.);
#5013=ORIENTED_EDGE('',*,*,#7673,.F.);
#5014=ORIENTED_EDGE('',*,*,#7668,.F.);
#5015=ORIENTED_EDGE('',*,*,#7606,.F.);
#5016=ORIENTED_EDGE('',*,*,#7490,.T.);
#5017=ORIENTED_EDGE('',*,*,#7693,.T.);
#5018=ORIENTED_EDGE('',*,*,#7694,.T.);
#5019=ORIENTED_EDGE('',*,*,#7519,.F.);
#5020=ORIENTED_EDGE('',*,*,#7413,.T.);
#5021=ORIENTED_EDGE('',*,*,#7695,.T.);
#5022=ORIENTED_EDGE('',*,*,#7696,.T.);
#5023=ORIENTED_EDGE('',*,*,#7512,.F.);
#5024=ORIENTED_EDGE('',*,*,#7697,.T.);
#5025=ORIENTED_EDGE('',*,*,#7698,.T.);
#5026=ORIENTED_EDGE('',*,*,#7698,.F.);
#5027=ORIENTED_EDGE('',*,*,#7699,.T.);
#5028=ORIENTED_EDGE('',*,*,#7700,.T.);
#5029=ORIENTED_EDGE('',*,*,#7700,.F.);
#5030=ORIENTED_EDGE('',*,*,#7701,.T.);
#5031=ORIENTED_EDGE('',*,*,#7702,.F.);
#5032=ORIENTED_EDGE('',*,*,#7702,.T.);
#5033=ORIENTED_EDGE('',*,*,#7444,.F.);
#5034=ORIENTED_EDGE('',*,*,#7703,.T.);
#5035=ORIENTED_EDGE('',*,*,#7497,.T.);
#5036=ORIENTED_EDGE('',*,*,#7522,.T.);
#5037=ORIENTED_EDGE('',*,*,#7704,.T.);
#5038=ORIENTED_EDGE('',*,*,#7704,.F.);
#5039=ORIENTED_EDGE('',*,*,#7521,.T.);
#5040=ORIENTED_EDGE('',*,*,#7705,.T.);
#5041=ORIENTED_EDGE('',*,*,#7445,.F.);
#5042=ORIENTED_EDGE('',*,*,#7705,.F.);
#5043=ORIENTED_EDGE('',*,*,#7520,.T.);
#5044=ORIENTED_EDGE('',*,*,#7694,.F.);
#5045=ORIENTED_EDGE('',*,*,#7706,.T.);
#5046=ORIENTED_EDGE('',*,*,#7446,.F.);
#5047=ORIENTED_EDGE('',*,*,#7707,.F.);
#5048=ORIENTED_EDGE('',*,*,#7513,.T.);
#5049=ORIENTED_EDGE('',*,*,#7696,.F.);
#5050=ORIENTED_EDGE('',*,*,#7708,.T.);
#5051=ORIENTED_EDGE('',*,*,#7465,.F.);
#5052=ORIENTED_EDGE('',*,*,#7709,.F.);
#5053=ORIENTED_EDGE('',*,*,#7514,.T.);
#5054=ORIENTED_EDGE('',*,*,#7707,.T.);
#5055=ORIENTED_EDGE('',*,*,#7464,.F.);
#5056=ORIENTED_EDGE('',*,*,#7463,.F.);
#5057=ORIENTED_EDGE('',*,*,#7710,.T.);
#5058=ORIENTED_EDGE('',*,*,#7504,.T.);
#5059=ORIENTED_EDGE('',*,*,#7515,.T.);
#5060=ORIENTED_EDGE('',*,*,#7709,.T.);
#5061=ORIENTED_EDGE('',*,*,#7711,.F.);
#5062=ORIENTED_EDGE('',*,*,#7516,.T.);
#5063=ORIENTED_EDGE('',*,*,#7506,.F.);
#5064=ORIENTED_EDGE('',*,*,#7712,.T.);
#5065=ORIENTED_EDGE('',*,*,#7461,.F.);
#5066=ORIENTED_EDGE('',*,*,#7713,.F.);
#5067=ORIENTED_EDGE('',*,*,#7517,.T.);
#5068=ORIENTED_EDGE('',*,*,#7711,.T.);
#5069=ORIENTED_EDGE('',*,*,#7460,.F.);
#5070=ORIENTED_EDGE('',*,*,#7459,.F.);
#5071=ORIENTED_EDGE('',*,*,#7714,.T.);
#5072=ORIENTED_EDGE('',*,*,#7501,.T.);
#5073=ORIENTED_EDGE('',*,*,#7518,.T.);
#5074=ORIENTED_EDGE('',*,*,#7713,.T.);
#5075=ORIENTED_EDGE('',*,*,#7440,.F.);
#5076=ORIENTED_EDGE('',*,*,#7715,.T.);
#5077=ORIENTED_EDGE('',*,*,#7494,.T.);
#5078=ORIENTED_EDGE('',*,*,#7511,.T.);
#5079=ORIENTED_EDGE('',*,*,#7716,.T.);
#5080=ORIENTED_EDGE('',*,*,#7716,.F.);
#5081=ORIENTED_EDGE('',*,*,#7524,.T.);
#5082=ORIENTED_EDGE('',*,*,#7717,.T.);
#5083=ORIENTED_EDGE('',*,*,#7441,.F.);
#5084=ORIENTED_EDGE('',*,*,#7717,.F.);
#5085=ORIENTED_EDGE('',*,*,#7523,.T.);
#5086=ORIENTED_EDGE('',*,*,#7499,.F.);
#5087=ORIENTED_EDGE('',*,*,#7718,.T.);
#5088=ORIENTED_EDGE('',*,*,#7442,.F.);
#5089=ORIENTED_EDGE('',*,*,#7701,.F.);
#5090=ORIENTED_EDGE('',*,*,#7508,.F.);
#5091=ORIENTED_EDGE('',*,*,#7509,.F.);
#5092=ORIENTED_EDGE('',*,*,#7697,.F.);
#5093=ORIENTED_EDGE('',*,*,#7510,.F.);
#5094=ORIENTED_EDGE('',*,*,#7699,.F.);
#5095=ORIENTED_EDGE('',*,*,#7719,.T.);
#5096=ORIENTED_EDGE('',*,*,#7720,.T.);
#5097=ORIENTED_EDGE('',*,*,#7720,.F.);
#5098=ORIENTED_EDGE('',*,*,#7721,.T.);
#5099=ORIENTED_EDGE('',*,*,#7722,.F.);
#5100=ORIENTED_EDGE('',*,*,#7722,.T.);
#5101=ORIENTED_EDGE('',*,*,#7723,.T.);
#5102=ORIENTED_EDGE('',*,*,#7724,.F.);
#5103=ORIENTED_EDGE('',*,*,#7724,.T.);
#5104=ORIENTED_EDGE('',*,*,#7725,.T.);
#5105=ORIENTED_EDGE('',*,*,#7726,.T.);
#5106=ORIENTED_EDGE('',*,*,#7726,.F.);
#5107=ORIENTED_EDGE('',*,*,#7727,.T.);
#5108=ORIENTED_EDGE('',*,*,#7728,.T.);
#5109=ORIENTED_EDGE('',*,*,#7728,.F.);
#5110=ORIENTED_EDGE('',*,*,#7721,.F.);
#5111=ORIENTED_EDGE('',*,*,#7482,.F.);
#5112=ORIENTED_EDGE('',*,*,#7483,.F.);
#5113=ORIENTED_EDGE('',*,*,#7727,.F.);
#5114=ORIENTED_EDGE('',*,*,#7484,.F.);
#5115=ORIENTED_EDGE('',*,*,#7725,.F.);
#5116=ORIENTED_EDGE('',*,*,#7485,.F.);
#5117=ORIENTED_EDGE('',*,*,#7719,.F.);
#5118=ORIENTED_EDGE('',*,*,#7723,.F.);
#5119=ORIENTED_EDGE('',*,*,#7486,.F.);
#5120=ORIENTED_EDGE('',*,*,#7729,.F.);
#5121=ORIENTED_EDGE('',*,*,#7730,.F.);
#5122=ORIENTED_EDGE('',*,*,#7730,.T.);
#5123=ORIENTED_EDGE('',*,*,#7731,.F.);
#5124=ORIENTED_EDGE('',*,*,#7732,.T.);
#5125=ORIENTED_EDGE('',*,*,#7732,.F.);
#5126=ORIENTED_EDGE('',*,*,#7733,.F.);
#5127=ORIENTED_EDGE('',*,*,#7734,.T.);
#5128=ORIENTED_EDGE('',*,*,#7734,.F.);
#5129=ORIENTED_EDGE('',*,*,#7735,.F.);
#5130=ORIENTED_EDGE('',*,*,#7736,.F.);
#5131=ORIENTED_EDGE('',*,*,#7736,.T.);
#5132=ORIENTED_EDGE('',*,*,#7737,.F.);
#5133=ORIENTED_EDGE('',*,*,#7738,.F.);
#5134=ORIENTED_EDGE('',*,*,#7738,.T.);
#5135=ORIENTED_EDGE('',*,*,#7420,.T.);
#5136=ORIENTED_EDGE('',*,*,#7731,.T.);
#5137=ORIENTED_EDGE('',*,*,#7737,.T.);
#5138=ORIENTED_EDGE('',*,*,#7421,.T.);
#5139=ORIENTED_EDGE('',*,*,#7735,.T.);
#5140=ORIENTED_EDGE('',*,*,#7422,.T.);
#5141=ORIENTED_EDGE('',*,*,#7729,.T.);
#5142=ORIENTED_EDGE('',*,*,#7423,.T.);
#5143=ORIENTED_EDGE('',*,*,#7424,.T.);
#5144=ORIENTED_EDGE('',*,*,#7733,.T.);
#5145=ORIENTED_EDGE('',*,*,#7703,.F.);
#5146=ORIENTED_EDGE('',*,*,#7443,.F.);
#5147=ORIENTED_EDGE('',*,*,#7718,.F.);
#5148=ORIENTED_EDGE('',*,*,#7498,.F.);
#5149=ORIENTED_EDGE('',*,*,#7710,.F.);
#5150=ORIENTED_EDGE('',*,*,#7462,.F.);
#5151=ORIENTED_EDGE('',*,*,#7712,.F.);
#5152=ORIENTED_EDGE('',*,*,#7505,.F.);
#5153=ORIENTED_EDGE('',*,*,#7715,.F.);
#5154=ORIENTED_EDGE('',*,*,#7439,.F.);
#5155=ORIENTED_EDGE('',*,*,#7416,.F.);
#5156=ORIENTED_EDGE('',*,*,#7495,.F.);
#5157=ORIENTED_EDGE('',*,*,#7489,.F.);
#5158=ORIENTED_EDGE('',*,*,#7447,.F.);
#5159=ORIENTED_EDGE('',*,*,#7706,.F.);
#5160=ORIENTED_EDGE('',*,*,#7693,.F.);
#5161=ORIENTED_EDGE('',*,*,#7714,.F.);
#5162=ORIENTED_EDGE('',*,*,#7458,.F.);
#5163=ORIENTED_EDGE('',*,*,#7493,.F.);
#5164=ORIENTED_EDGE('',*,*,#7502,.F.);
#5165=ORIENTED_EDGE('',*,*,#7412,.F.);
#5166=ORIENTED_EDGE('',*,*,#7466,.F.);
#5167=ORIENTED_EDGE('',*,*,#7708,.F.);
#5168=ORIENTED_EDGE('',*,*,#7695,.F.);
#5169=ORIENTED_EDGE('',*,*,#7533,.T.);
#5170=ORIENTED_EDGE('',*,*,#7739,.T.);
#5171=ORIENTED_EDGE('',*,*,#7454,.F.);
#5172=ORIENTED_EDGE('',*,*,#7740,.T.);
#5173=ORIENTED_EDGE('',*,*,#7432,.F.);
#5174=ORIENTED_EDGE('',*,*,#7741,.T.);
#5175=ORIENTED_EDGE('',*,*,#7529,.T.);
#5176=ORIENTED_EDGE('',*,*,#7742,.T.);
#5177=ORIENTED_EDGE('',*,*,#7541,.T.);
#5178=ORIENTED_EDGE('',*,*,#7743,.T.);
#5179=ORIENTED_EDGE('',*,*,#7436,.T.);
#5180=ORIENTED_EDGE('',*,*,#7744,.T.);
#5181=ORIENTED_EDGE('',*,*,#7438,.T.);
#5182=ORIENTED_EDGE('',*,*,#7745,.T.);
#5183=ORIENTED_EDGE('',*,*,#7539,.T.);
#5184=ORIENTED_EDGE('',*,*,#7418,.F.);
#5185=ORIENTED_EDGE('',*,*,#7538,.T.);
#5186=ORIENTED_EDGE('',*,*,#7746,.T.);
#5187=ORIENTED_EDGE('',*,*,#7467,.T.);
#5188=ORIENTED_EDGE('',*,*,#7410,.T.);
#5189=ORIENTED_EDGE('',*,*,#7536,.T.);
#5190=ORIENTED_EDGE('',*,*,#7747,.T.);
#5191=ORIENTED_EDGE('',*,*,#7469,.T.);
#5192=ORIENTED_EDGE('',*,*,#7748,.T.);
#5193=ORIENTED_EDGE('',*,*,#7534,.F.);
#5194=ORIENTED_EDGE('',*,*,#7740,.F.);
#5195=ORIENTED_EDGE('',*,*,#7472,.F.);
#5196=ORIENTED_EDGE('',*,*,#7474,.F.);
#5197=ORIENTED_EDGE('',*,*,#7470,.F.);
#5198=ORIENTED_EDGE('',*,*,#7747,.F.);
#5199=ORIENTED_EDGE('',*,*,#7535,.F.);
#5200=ORIENTED_EDGE('',*,*,#7475,.F.);
#5201=ORIENTED_EDGE('',*,*,#7537,.F.);
#5202=ORIENTED_EDGE('',*,*,#7748,.F.);
#5203=ORIENTED_EDGE('',*,*,#7468,.F.);
#5204=ORIENTED_EDGE('',*,*,#7746,.F.);
#5205=ORIENTED_EDGE('',*,*,#7540,.F.);
#5206=ORIENTED_EDGE('',*,*,#7745,.F.);
#5207=ORIENTED_EDGE('',*,*,#7437,.F.);
#5208=ORIENTED_EDGE('',*,*,#7743,.F.);
#5209=ORIENTED_EDGE('',*,*,#7543,.F.);
#5210=ORIENTED_EDGE('',*,*,#7476,.F.);
#5211=ORIENTED_EDGE('',*,*,#7433,.F.);
#5212=ORIENTED_EDGE('',*,*,#7742,.F.);
#5213=ORIENTED_EDGE('',*,*,#7435,.F.);
#5214=ORIENTED_EDGE('',*,*,#7478,.F.);
#5215=ORIENTED_EDGE('',*,*,#7542,.F.);
#5216=ORIENTED_EDGE('',*,*,#7744,.F.);
#5217=ORIENTED_EDGE('',*,*,#7431,.F.);
#5218=ORIENTED_EDGE('',*,*,#7620,.F.);
#5219=ORIENTED_EDGE('',*,*,#7530,.F.);
#5220=ORIENTED_EDGE('',*,*,#7741,.F.);
#5221=ORIENTED_EDGE('',*,*,#7455,.F.);
#5222=ORIENTED_EDGE('',*,*,#7739,.F.);
#5223=ORIENTED_EDGE('',*,*,#7532,.F.);
#5224=ORIENTED_EDGE('',*,*,#7479,.F.);
#5225=ORIENTED_EDGE('',*,*,#7749,.T.);
#5226=ORIENTED_EDGE('',*,*,#7750,.T.);
#5227=ORIENTED_EDGE('',*,*,#7751,.F.);
#5228=ORIENTED_EDGE('',*,*,#7752,.T.);
#5229=ORIENTED_EDGE('',*,*,#7753,.T.);
#5230=ORIENTED_EDGE('',*,*,#7754,.T.);
#5231=ORIENTED_EDGE('',*,*,#7755,.T.);
#5232=ORIENTED_EDGE('',*,*,#7756,.T.);
#5233=ORIENTED_EDGE('',*,*,#7757,.F.);
#5234=ORIENTED_EDGE('',*,*,#7758,.T.);
#5235=ORIENTED_EDGE('',*,*,#7759,.T.);
#5236=ORIENTED_EDGE('',*,*,#7751,.T.);
#5237=ORIENTED_EDGE('',*,*,#7760,.T.);
#5238=ORIENTED_EDGE('',*,*,#7761,.F.);
#5239=ORIENTED_EDGE('',*,*,#7762,.F.);
#5240=ORIENTED_EDGE('',*,*,#7763,.T.);
#5241=ORIENTED_EDGE('',*,*,#7764,.F.);
#5242=ORIENTED_EDGE('',*,*,#7765,.T.);
#5243=ORIENTED_EDGE('',*,*,#7766,.F.);
#5244=ORIENTED_EDGE('',*,*,#7767,.T.);
#5245=ORIENTED_EDGE('',*,*,#7768,.F.);
#5246=ORIENTED_EDGE('',*,*,#7769,.T.);
#5247=ORIENTED_EDGE('',*,*,#7770,.T.);
#5248=ORIENTED_EDGE('',*,*,#7771,.T.);
#5249=ORIENTED_EDGE('',*,*,#7772,.F.);
#5250=ORIENTED_EDGE('',*,*,#7773,.T.);
#5251=ORIENTED_EDGE('',*,*,#7774,.F.);
#5252=ORIENTED_EDGE('',*,*,#7775,.T.);
#5253=ORIENTED_EDGE('',*,*,#7776,.F.);
#5254=ORIENTED_EDGE('',*,*,#7777,.F.);
#5255=ORIENTED_EDGE('',*,*,#7778,.T.);
#5256=ORIENTED_EDGE('',*,*,#7779,.T.);
#5257=ORIENTED_EDGE('',*,*,#7780,.T.);
#5258=ORIENTED_EDGE('',*,*,#7781,.T.);
#5259=ORIENTED_EDGE('',*,*,#7758,.F.);
#5260=ORIENTED_EDGE('',*,*,#7782,.T.);
#5261=ORIENTED_EDGE('',*,*,#7783,.T.);
#5262=ORIENTED_EDGE('',*,*,#7784,.F.);
#5263=ORIENTED_EDGE('',*,*,#7771,.F.);
#5264=ORIENTED_EDGE('',*,*,#7769,.F.);
#5265=ORIENTED_EDGE('',*,*,#7767,.F.);
#5266=ORIENTED_EDGE('',*,*,#7785,.T.);
#5267=ORIENTED_EDGE('',*,*,#7779,.F.);
#5268=ORIENTED_EDGE('',*,*,#7786,.T.);
#5269=ORIENTED_EDGE('',*,*,#7787,.T.);
#5270=ORIENTED_EDGE('',*,*,#7788,.T.);
#5271=ORIENTED_EDGE('',*,*,#7789,.T.);
#5272=ORIENTED_EDGE('',*,*,#7790,.T.);
#5273=ORIENTED_EDGE('',*,*,#7791,.T.);
#5274=ORIENTED_EDGE('',*,*,#7792,.T.);
#5275=ORIENTED_EDGE('',*,*,#7787,.F.);
#5276=ORIENTED_EDGE('',*,*,#7793,.T.);
#5277=ORIENTED_EDGE('',*,*,#7794,.T.);
#5278=ORIENTED_EDGE('',*,*,#7795,.T.);
#5279=ORIENTED_EDGE('',*,*,#7796,.T.);
#5280=ORIENTED_EDGE('',*,*,#7797,.T.);
#5281=ORIENTED_EDGE('',*,*,#7798,.T.);
#5282=ORIENTED_EDGE('',*,*,#7799,.T.);
#5283=ORIENTED_EDGE('',*,*,#7783,.F.);
#5284=ORIENTED_EDGE('',*,*,#7800,.T.);
#5285=ORIENTED_EDGE('',*,*,#7801,.T.);
#5286=ORIENTED_EDGE('',*,*,#7802,.T.);
#5287=ORIENTED_EDGE('',*,*,#7803,.T.);
#5288=ORIENTED_EDGE('',*,*,#7804,.T.);
#5289=ORIENTED_EDGE('',*,*,#7805,.T.);
#5290=ORIENTED_EDGE('',*,*,#7806,.T.);
#5291=ORIENTED_EDGE('',*,*,#7749,.F.);
#5292=ORIENTED_EDGE('',*,*,#7807,.T.);
#5293=ORIENTED_EDGE('',*,*,#7780,.F.);
#5294=ORIENTED_EDGE('',*,*,#7808,.T.);
#5295=ORIENTED_EDGE('',*,*,#7809,.F.);
#5296=ORIENTED_EDGE('',*,*,#7810,.F.);
#5297=ORIENTED_EDGE('',*,*,#7811,.F.);
#5298=ORIENTED_EDGE('',*,*,#7812,.F.);
#5299=ORIENTED_EDGE('',*,*,#7813,.T.);
#5300=ORIENTED_EDGE('',*,*,#7759,.F.);
#5301=ORIENTED_EDGE('',*,*,#7781,.F.);
#5302=ORIENTED_EDGE('',*,*,#7807,.F.);
#5303=ORIENTED_EDGE('',*,*,#7752,.F.);
#5304=ORIENTED_EDGE('',*,*,#7814,.T.);
#5305=ORIENTED_EDGE('',*,*,#7815,.T.);
#5306=ORIENTED_EDGE('',*,*,#7770,.F.);
#5307=ORIENTED_EDGE('',*,*,#7816,.T.);
#5308=ORIENTED_EDGE('',*,*,#7817,.T.);
#5309=ORIENTED_EDGE('',*,*,#7818,.T.);
#5310=ORIENTED_EDGE('',*,*,#7819,.T.);
#5311=ORIENTED_EDGE('',*,*,#7768,.T.);
#5312=ORIENTED_EDGE('',*,*,#7820,.T.);
#5313=ORIENTED_EDGE('',*,*,#7821,.T.);
#5314=ORIENTED_EDGE('',*,*,#7822,.T.);
#5315=ORIENTED_EDGE('',*,*,#7757,.T.);
#5316=ORIENTED_EDGE('',*,*,#7788,.F.);
#5317=ORIENTED_EDGE('',*,*,#7808,.F.);
#5318=ORIENTED_EDGE('',*,*,#7782,.F.);
#5319=ORIENTED_EDGE('',*,*,#7823,.T.);
#5320=ORIENTED_EDGE('',*,*,#7824,.T.);
#5321=ORIENTED_EDGE('',*,*,#7825,.T.);
#5322=ORIENTED_EDGE('',*,*,#7810,.T.);
#5323=ORIENTED_EDGE('',*,*,#7826,.T.);
#5324=ORIENTED_EDGE('',*,*,#7809,.T.);
#5325=ORIENTED_EDGE('',*,*,#7827,.T.);
#5326=ORIENTED_EDGE('',*,*,#7812,.T.);
#5327=ORIENTED_EDGE('',*,*,#7828,.T.);
#5328=ORIENTED_EDGE('',*,*,#7811,.T.);
#5329=ORIENTED_EDGE('',*,*,#7817,.F.);
#5330=ORIENTED_EDGE('',*,*,#7827,.F.);
#5331=ORIENTED_EDGE('',*,*,#7818,.F.);
#5332=ORIENTED_EDGE('',*,*,#7816,.F.);
#5333=ORIENTED_EDGE('',*,*,#7819,.F.);
#5334=ORIENTED_EDGE('',*,*,#7820,.F.);
#5335=ORIENTED_EDGE('',*,*,#7821,.F.);
#5336=ORIENTED_EDGE('',*,*,#7826,.F.);
#5337=ORIENTED_EDGE('',*,*,#7814,.F.);
#5338=ORIENTED_EDGE('',*,*,#7828,.F.);
#5339=ORIENTED_EDGE('',*,*,#7815,.F.);
#5340=ORIENTED_EDGE('',*,*,#7813,.F.);
#5341=ORIENTED_EDGE('',*,*,#7822,.F.);
#5342=ORIENTED_EDGE('',*,*,#7823,.F.);
#5343=ORIENTED_EDGE('',*,*,#7824,.F.);
#5344=ORIENTED_EDGE('',*,*,#7825,.F.);
#5345=ORIENTED_EDGE('',*,*,#7766,.T.);
#5346=ORIENTED_EDGE('',*,*,#7829,.T.);
#5347=ORIENTED_EDGE('',*,*,#7800,.F.);
#5348=ORIENTED_EDGE('',*,*,#7785,.F.);
#5349=ORIENTED_EDGE('',*,*,#7761,.T.);
#5350=ORIENTED_EDGE('',*,*,#7830,.T.);
#5351=ORIENTED_EDGE('',*,*,#7805,.F.);
#5352=ORIENTED_EDGE('',*,*,#7831,.F.);
#5353=ORIENTED_EDGE('',*,*,#7802,.F.);
#5354=ORIENTED_EDGE('',*,*,#7832,.T.);
#5355=ORIENTED_EDGE('',*,*,#7764,.T.);
#5356=ORIENTED_EDGE('',*,*,#7833,.T.);
#5357=ORIENTED_EDGE('',*,*,#7804,.F.);
#5358=ORIENTED_EDGE('',*,*,#7834,.T.);
#5359=ORIENTED_EDGE('',*,*,#7762,.T.);
#5360=ORIENTED_EDGE('',*,*,#7831,.T.);
#5361=ORIENTED_EDGE('',*,*,#7776,.T.);
#5362=ORIENTED_EDGE('',*,*,#7835,.T.);
#5363=ORIENTED_EDGE('',*,*,#7795,.F.);
#5364=ORIENTED_EDGE('',*,*,#7836,.F.);
#5365=ORIENTED_EDGE('',*,*,#7797,.F.);
#5366=ORIENTED_EDGE('',*,*,#7837,.T.);
#5367=ORIENTED_EDGE('',*,*,#7774,.T.);
#5368=ORIENTED_EDGE('',*,*,#7838,.T.);
#5369=ORIENTED_EDGE('',*,*,#7799,.F.);
#5370=ORIENTED_EDGE('',*,*,#7839,.T.);
#5371=ORIENTED_EDGE('',*,*,#7772,.T.);
#5372=ORIENTED_EDGE('',*,*,#7784,.T.);
#5373=ORIENTED_EDGE('',*,*,#7794,.F.);
#5374=ORIENTED_EDGE('',*,*,#7840,.T.);
#5375=ORIENTED_EDGE('',*,*,#7777,.T.);
#5376=ORIENTED_EDGE('',*,*,#7836,.T.);
#5377=ORIENTED_EDGE('',*,*,#7775,.F.);
#5378=ORIENTED_EDGE('',*,*,#7837,.F.);
#5379=ORIENTED_EDGE('',*,*,#7796,.F.);
#5380=ORIENTED_EDGE('',*,*,#7835,.F.);
#5381=ORIENTED_EDGE('',*,*,#7773,.F.);
#5382=ORIENTED_EDGE('',*,*,#7839,.F.);
#5383=ORIENTED_EDGE('',*,*,#7798,.F.);
#5384=ORIENTED_EDGE('',*,*,#7838,.F.);
#5385=ORIENTED_EDGE('',*,*,#7765,.F.);
#5386=ORIENTED_EDGE('',*,*,#7832,.F.);
#5387=ORIENTED_EDGE('',*,*,#7801,.F.);
#5388=ORIENTED_EDGE('',*,*,#7829,.F.);
#5389=ORIENTED_EDGE('',*,*,#7763,.F.);
#5390=ORIENTED_EDGE('',*,*,#7834,.F.);
#5391=ORIENTED_EDGE('',*,*,#7803,.F.);
#5392=ORIENTED_EDGE('',*,*,#7833,.F.);
#5393=ORIENTED_EDGE('',*,*,#7760,.F.);
#5394=ORIENTED_EDGE('',*,*,#7750,.F.);
#5395=ORIENTED_EDGE('',*,*,#7806,.F.);
#5396=ORIENTED_EDGE('',*,*,#7830,.F.);
#5397=ORIENTED_EDGE('',*,*,#7778,.F.);
#5398=ORIENTED_EDGE('',*,*,#7840,.F.);
#5399=ORIENTED_EDGE('',*,*,#7793,.F.);
#5400=ORIENTED_EDGE('',*,*,#7786,.F.);
#5401=ORIENTED_EDGE('',*,*,#7841,.T.);
#5402=ORIENTED_EDGE('',*,*,#7792,.F.);
#5403=ORIENTED_EDGE('',*,*,#7842,.T.);
#5404=ORIENTED_EDGE('',*,*,#7791,.F.);
#5405=ORIENTED_EDGE('',*,*,#7843,.T.);
#5406=ORIENTED_EDGE('',*,*,#7790,.F.);
#5407=ORIENTED_EDGE('',*,*,#7844,.T.);
#5408=ORIENTED_EDGE('',*,*,#7789,.F.);
#5409=ORIENTED_EDGE('',*,*,#7753,.F.);
#5410=ORIENTED_EDGE('',*,*,#7844,.F.);
#5411=ORIENTED_EDGE('',*,*,#7754,.F.);
#5412=ORIENTED_EDGE('',*,*,#7842,.F.);
#5413=ORIENTED_EDGE('',*,*,#7755,.F.);
#5414=ORIENTED_EDGE('',*,*,#7843,.F.);
#5415=ORIENTED_EDGE('',*,*,#7756,.F.);
#5416=ORIENTED_EDGE('',*,*,#7841,.F.);
#5417=ORIENTED_EDGE('',*,*,#7845,.F.);
#5418=ORIENTED_EDGE('',*,*,#7846,.T.);
#5419=ORIENTED_EDGE('',*,*,#7847,.F.);
#5420=ORIENTED_EDGE('',*,*,#7848,.T.);
#5421=ORIENTED_EDGE('',*,*,#7849,.F.);
#5422=ORIENTED_EDGE('',*,*,#7850,.T.);
#5423=ORIENTED_EDGE('',*,*,#7851,.F.);
#5424=ORIENTED_EDGE('',*,*,#7852,.T.);
#5425=ORIENTED_EDGE('',*,*,#7853,.T.);
#5426=ORIENTED_EDGE('',*,*,#7854,.T.);
#5427=ORIENTED_EDGE('',*,*,#7855,.T.);
#5428=ORIENTED_EDGE('',*,*,#7856,.T.);
#5429=ORIENTED_EDGE('',*,*,#7857,.T.);
#5430=ORIENTED_EDGE('',*,*,#7858,.T.);
#5431=ORIENTED_EDGE('',*,*,#7849,.T.);
#5432=ORIENTED_EDGE('',*,*,#7859,.T.);
#5433=ORIENTED_EDGE('',*,*,#7860,.T.);
#5434=ORIENTED_EDGE('',*,*,#7861,.T.);
#5435=ORIENTED_EDGE('',*,*,#7862,.T.);
#5436=ORIENTED_EDGE('',*,*,#7863,.T.);
#5437=ORIENTED_EDGE('',*,*,#7864,.T.);
#5438=ORIENTED_EDGE('',*,*,#7865,.T.);
#5439=ORIENTED_EDGE('',*,*,#7866,.T.);
#5440=ORIENTED_EDGE('',*,*,#7867,.T.);
#5441=ORIENTED_EDGE('',*,*,#7868,.T.);
#5442=ORIENTED_EDGE('',*,*,#7869,.T.);
#5443=ORIENTED_EDGE('',*,*,#7870,.T.);
#5444=ORIENTED_EDGE('',*,*,#7871,.T.);
#5445=ORIENTED_EDGE('',*,*,#7872,.T.);
#5446=ORIENTED_EDGE('',*,*,#7873,.T.);
#5447=ORIENTED_EDGE('',*,*,#7874,.F.);
#5448=ORIENTED_EDGE('',*,*,#7875,.F.);
#5449=ORIENTED_EDGE('',*,*,#7876,.F.);
#5450=ORIENTED_EDGE('',*,*,#7877,.F.);
#5451=ORIENTED_EDGE('',*,*,#7878,.F.);
#5452=ORIENTED_EDGE('',*,*,#7879,.F.);
#5453=ORIENTED_EDGE('',*,*,#7880,.F.);
#5454=ORIENTED_EDGE('',*,*,#7881,.F.);
#5455=ORIENTED_EDGE('',*,*,#7882,.F.);
#5456=ORIENTED_EDGE('',*,*,#7883,.F.);
#5457=ORIENTED_EDGE('',*,*,#7847,.T.);
#5458=ORIENTED_EDGE('',*,*,#7884,.T.);
#5459=ORIENTED_EDGE('',*,*,#7885,.T.);
#5460=ORIENTED_EDGE('',*,*,#7886,.T.);
#5461=ORIENTED_EDGE('',*,*,#7887,.T.);
#5462=ORIENTED_EDGE('',*,*,#7888,.T.);
#5463=ORIENTED_EDGE('',*,*,#7889,.T.);
#5464=ORIENTED_EDGE('',*,*,#7890,.T.);
#5465=ORIENTED_EDGE('',*,*,#7891,.T.);
#5466=ORIENTED_EDGE('',*,*,#7892,.T.);
#5467=ORIENTED_EDGE('',*,*,#7893,.T.);
#5468=ORIENTED_EDGE('',*,*,#7894,.T.);
#5469=ORIENTED_EDGE('',*,*,#7895,.T.);
#5470=ORIENTED_EDGE('',*,*,#7896,.T.);
#5471=ORIENTED_EDGE('',*,*,#7897,.T.);
#5472=ORIENTED_EDGE('',*,*,#7898,.T.);
#5473=ORIENTED_EDGE('',*,*,#7899,.T.);
#5474=ORIENTED_EDGE('',*,*,#7900,.T.);
#5475=ORIENTED_EDGE('',*,*,#7901,.F.);
#5476=ORIENTED_EDGE('',*,*,#7902,.T.);
#5477=ORIENTED_EDGE('',*,*,#7903,.F.);
#5478=ORIENTED_EDGE('',*,*,#7904,.T.);
#5479=ORIENTED_EDGE('',*,*,#7905,.T.);
#5480=ORIENTED_EDGE('',*,*,#7906,.T.);
#5481=ORIENTED_EDGE('',*,*,#7907,.T.);
#5482=ORIENTED_EDGE('',*,*,#7908,.T.);
#5483=ORIENTED_EDGE('',*,*,#7909,.T.);
#5484=ORIENTED_EDGE('',*,*,#7910,.T.);
#5485=ORIENTED_EDGE('',*,*,#7911,.T.);
#5486=ORIENTED_EDGE('',*,*,#7912,.T.);
#5487=ORIENTED_EDGE('',*,*,#7913,.T.);
#5488=ORIENTED_EDGE('',*,*,#7914,.F.);
#5489=ORIENTED_EDGE('',*,*,#7915,.T.);
#5490=ORIENTED_EDGE('',*,*,#7916,.T.);
#5491=ORIENTED_EDGE('',*,*,#7917,.T.);
#5492=ORIENTED_EDGE('',*,*,#7918,.T.);
#5493=ORIENTED_EDGE('',*,*,#7919,.F.);
#5494=ORIENTED_EDGE('',*,*,#7895,.F.);
#5495=ORIENTED_EDGE('',*,*,#7920,.F.);
#5496=ORIENTED_EDGE('',*,*,#7921,.T.);
#5497=ORIENTED_EDGE('',*,*,#7922,.T.);
#5498=ORIENTED_EDGE('',*,*,#7923,.F.);
#5499=ORIENTED_EDGE('',*,*,#7897,.F.);
#5500=ORIENTED_EDGE('',*,*,#7924,.T.);
#5501=ORIENTED_EDGE('',*,*,#7925,.T.);
#5502=ORIENTED_EDGE('',*,*,#7926,.T.);
#5503=ORIENTED_EDGE('',*,*,#7927,.T.);
#5504=ORIENTED_EDGE('',*,*,#7928,.T.);
#5505=ORIENTED_EDGE('',*,*,#7929,.T.);
#5506=ORIENTED_EDGE('',*,*,#7930,.T.);
#5507=ORIENTED_EDGE('',*,*,#7931,.T.);
#5508=ORIENTED_EDGE('',*,*,#7932,.T.);
#5509=ORIENTED_EDGE('',*,*,#7933,.T.);
#5510=ORIENTED_EDGE('',*,*,#7851,.T.);
#5511=ORIENTED_EDGE('',*,*,#7934,.T.);
#5512=ORIENTED_EDGE('',*,*,#7935,.T.);
#5513=ORIENTED_EDGE('',*,*,#7936,.T.);
#5514=ORIENTED_EDGE('',*,*,#7937,.T.);
#5515=ORIENTED_EDGE('',*,*,#7938,.T.);
#5516=ORIENTED_EDGE('',*,*,#7939,.T.);
#5517=ORIENTED_EDGE('',*,*,#7940,.T.);
#5518=ORIENTED_EDGE('',*,*,#7941,.T.);
#5519=ORIENTED_EDGE('',*,*,#7942,.T.);
#5520=ORIENTED_EDGE('',*,*,#7943,.T.);
#5521=ORIENTED_EDGE('',*,*,#7944,.T.);
#5522=ORIENTED_EDGE('',*,*,#7945,.T.);
#5523=ORIENTED_EDGE('',*,*,#7946,.T.);
#5524=ORIENTED_EDGE('',*,*,#7947,.T.);
#5525=ORIENTED_EDGE('',*,*,#7948,.T.);
#5526=ORIENTED_EDGE('',*,*,#7949,.T.);
#5527=ORIENTED_EDGE('',*,*,#7950,.T.);
#5528=ORIENTED_EDGE('',*,*,#7951,.F.);
#5529=ORIENTED_EDGE('',*,*,#7952,.T.);
#5530=ORIENTED_EDGE('',*,*,#7953,.T.);
#5531=ORIENTED_EDGE('',*,*,#7954,.T.);
#5532=ORIENTED_EDGE('',*,*,#7955,.F.);
#5533=ORIENTED_EDGE('',*,*,#7956,.T.);
#5534=ORIENTED_EDGE('',*,*,#7957,.T.);
#5535=ORIENTED_EDGE('',*,*,#7958,.T.);
#5536=ORIENTED_EDGE('',*,*,#7959,.T.);
#5537=ORIENTED_EDGE('',*,*,#7960,.T.);
#5538=ORIENTED_EDGE('',*,*,#7961,.T.);
#5539=ORIENTED_EDGE('',*,*,#7962,.T.);
#5540=ORIENTED_EDGE('',*,*,#7963,.T.);
#5541=ORIENTED_EDGE('',*,*,#7964,.T.);
#5542=ORIENTED_EDGE('',*,*,#7965,.T.);
#5543=ORIENTED_EDGE('',*,*,#7966,.T.);
#5544=ORIENTED_EDGE('',*,*,#7967,.T.);
#5545=ORIENTED_EDGE('',*,*,#7968,.T.);
#5546=ORIENTED_EDGE('',*,*,#7969,.T.);
#5547=ORIENTED_EDGE('',*,*,#7970,.T.);
#5548=ORIENTED_EDGE('',*,*,#7971,.T.);
#5549=ORIENTED_EDGE('',*,*,#7972,.T.);
#5550=ORIENTED_EDGE('',*,*,#7973,.T.);
#5551=ORIENTED_EDGE('',*,*,#7974,.T.);
#5552=ORIENTED_EDGE('',*,*,#7975,.T.);
#5553=ORIENTED_EDGE('',*,*,#7976,.T.);
#5554=ORIENTED_EDGE('',*,*,#7977,.T.);
#5555=ORIENTED_EDGE('',*,*,#7978,.T.);
#5556=ORIENTED_EDGE('',*,*,#7979,.T.);
#5557=ORIENTED_EDGE('',*,*,#7980,.T.);
#5558=ORIENTED_EDGE('',*,*,#7981,.T.);
#5559=ORIENTED_EDGE('',*,*,#7982,.T.);
#5560=ORIENTED_EDGE('',*,*,#7983,.T.);
#5561=ORIENTED_EDGE('',*,*,#7984,.T.);
#5562=ORIENTED_EDGE('',*,*,#7985,.T.);
#5563=ORIENTED_EDGE('',*,*,#7951,.T.);
#5564=ORIENTED_EDGE('',*,*,#7986,.T.);
#5565=ORIENTED_EDGE('',*,*,#7987,.T.);
#5566=ORIENTED_EDGE('',*,*,#7988,.T.);
#5567=ORIENTED_EDGE('',*,*,#7989,.T.);
#5568=ORIENTED_EDGE('',*,*,#7990,.T.);
#5569=ORIENTED_EDGE('',*,*,#7991,.T.);
#5570=ORIENTED_EDGE('',*,*,#7992,.T.);
#5571=ORIENTED_EDGE('',*,*,#7993,.T.);
#5572=ORIENTED_EDGE('',*,*,#7994,.T.);
#5573=ORIENTED_EDGE('',*,*,#7995,.T.);
#5574=ORIENTED_EDGE('',*,*,#7996,.T.);
#5575=ORIENTED_EDGE('',*,*,#7997,.T.);
#5576=ORIENTED_EDGE('',*,*,#7998,.T.);
#5577=ORIENTED_EDGE('',*,*,#7999,.T.);
#5578=ORIENTED_EDGE('',*,*,#8000,.F.);
#5579=ORIENTED_EDGE('',*,*,#8001,.F.);
#5580=ORIENTED_EDGE('',*,*,#8002,.T.);
#5581=ORIENTED_EDGE('',*,*,#8000,.T.);
#5582=ORIENTED_EDGE('',*,*,#8003,.T.);
#5583=ORIENTED_EDGE('',*,*,#8004,.T.);
#5584=ORIENTED_EDGE('',*,*,#8005,.T.);
#5585=ORIENTED_EDGE('',*,*,#8006,.T.);
#5586=ORIENTED_EDGE('',*,*,#8007,.T.);
#5587=ORIENTED_EDGE('',*,*,#8008,.T.);
#5588=ORIENTED_EDGE('',*,*,#8009,.T.);
#5589=ORIENTED_EDGE('',*,*,#8010,.T.);
#5590=ORIENTED_EDGE('',*,*,#7939,.F.);
#5591=ORIENTED_EDGE('',*,*,#8011,.T.);
#5592=ORIENTED_EDGE('',*,*,#8012,.T.);
#5593=ORIENTED_EDGE('',*,*,#8013,.T.);
#5594=ORIENTED_EDGE('',*,*,#8012,.F.);
#5595=ORIENTED_EDGE('',*,*,#8014,.T.);
#5596=ORIENTED_EDGE('',*,*,#8001,.T.);
#5597=ORIENTED_EDGE('',*,*,#8015,.T.);
#5598=ORIENTED_EDGE('',*,*,#8016,.T.);
#5599=ORIENTED_EDGE('',*,*,#7953,.F.);
#5600=ORIENTED_EDGE('',*,*,#8017,.T.);
#5601=ORIENTED_EDGE('',*,*,#8018,.T.);
#5602=ORIENTED_EDGE('',*,*,#8019,.T.);
#5603=ORIENTED_EDGE('',*,*,#8020,.T.);
#5604=ORIENTED_EDGE('',*,*,#8018,.F.);
#5605=ORIENTED_EDGE('',*,*,#8021,.T.);
#5606=ORIENTED_EDGE('',*,*,#7955,.T.);
#5607=ORIENTED_EDGE('',*,*,#8022,.T.);
#5608=ORIENTED_EDGE('',*,*,#7865,.F.);
#5609=ORIENTED_EDGE('',*,*,#8023,.T.);
#5610=ORIENTED_EDGE('',*,*,#7983,.F.);
#5611=ORIENTED_EDGE('',*,*,#8024,.T.);
#5612=ORIENTED_EDGE('',*,*,#7997,.F.);
#5613=ORIENTED_EDGE('',*,*,#8025,.T.);
#5614=ORIENTED_EDGE('',*,*,#7867,.F.);
#5615=ORIENTED_EDGE('',*,*,#8026,.T.);
#5616=ORIENTED_EDGE('',*,*,#8027,.T.);
#5617=ORIENTED_EDGE('',*,*,#8004,.F.);
#5618=ORIENTED_EDGE('',*,*,#8028,.T.);
#5619=ORIENTED_EDGE('',*,*,#7988,.F.);
#5620=ORIENTED_EDGE('',*,*,#8029,.F.);
#5621=ORIENTED_EDGE('',*,*,#8030,.F.);
#5622=ORIENTED_EDGE('',*,*,#7975,.F.);
#5623=ORIENTED_EDGE('',*,*,#8031,.F.);
#5624=ORIENTED_EDGE('',*,*,#8027,.F.);
#5625=ORIENTED_EDGE('',*,*,#8032,.F.);
#5626=ORIENTED_EDGE('',*,*,#7981,.F.);
#5627=ORIENTED_EDGE('',*,*,#8033,.F.);
#5628=ORIENTED_EDGE('',*,*,#8034,.F.);
#5629=ORIENTED_EDGE('',*,*,#8028,.F.);
#5630=ORIENTED_EDGE('',*,*,#8035,.T.);
#5631=ORIENTED_EDGE('',*,*,#8036,.F.);
#5632=ORIENTED_EDGE('',*,*,#8037,.T.);
#5633=ORIENTED_EDGE('',*,*,#8038,.F.);
#5634=ORIENTED_EDGE('',*,*,#8039,.T.);
#5635=ORIENTED_EDGE('',*,*,#8040,.F.);
#5636=ORIENTED_EDGE('',*,*,#8041,.T.);
#5637=ORIENTED_EDGE('',*,*,#8042,.F.);
#5638=ORIENTED_EDGE('',*,*,#8043,.T.);
#5639=ORIENTED_EDGE('',*,*,#8044,.F.);
#5640=ORIENTED_EDGE('',*,*,#7909,.F.);
#5641=ORIENTED_EDGE('',*,*,#8043,.F.);
#5642=ORIENTED_EDGE('',*,*,#7910,.F.);
#5643=ORIENTED_EDGE('',*,*,#8037,.F.);
#5644=ORIENTED_EDGE('',*,*,#7911,.F.);
#5645=ORIENTED_EDGE('',*,*,#8041,.F.);
#5646=ORIENTED_EDGE('',*,*,#7912,.F.);
#5647=ORIENTED_EDGE('',*,*,#8035,.F.);
#5648=ORIENTED_EDGE('',*,*,#7913,.F.);
#5649=ORIENTED_EDGE('',*,*,#8039,.F.);
#5650=ORIENTED_EDGE('',*,*,#8045,.T.);
#5651=ORIENTED_EDGE('',*,*,#8046,.T.);
#5652=ORIENTED_EDGE('',*,*,#8047,.T.);
#5653=ORIENTED_EDGE('',*,*,#8048,.T.);
#5654=ORIENTED_EDGE('',*,*,#8049,.T.);
#5655=ORIENTED_EDGE('',*,*,#8050,.T.);
#5656=ORIENTED_EDGE('',*,*,#8051,.T.);
#5657=ORIENTED_EDGE('',*,*,#8052,.T.);
#5658=ORIENTED_EDGE('',*,*,#8053,.T.);
#5659=ORIENTED_EDGE('',*,*,#8054,.T.);
#5660=ORIENTED_EDGE('',*,*,#8055,.T.);
#5661=ORIENTED_EDGE('',*,*,#8056,.T.);
#5662=ORIENTED_EDGE('',*,*,#8057,.T.);
#5663=ORIENTED_EDGE('',*,*,#8058,.T.);
#5664=ORIENTED_EDGE('',*,*,#8059,.T.);
#5665=ORIENTED_EDGE('',*,*,#8060,.T.);
#5666=ORIENTED_EDGE('',*,*,#8061,.T.);
#5667=ORIENTED_EDGE('',*,*,#8062,.T.);
#5668=ORIENTED_EDGE('',*,*,#8063,.T.);
#5669=ORIENTED_EDGE('',*,*,#8064,.T.);
#5670=ORIENTED_EDGE('',*,*,#8065,.T.);
#5671=ORIENTED_EDGE('',*,*,#8066,.T.);
#5672=ORIENTED_EDGE('',*,*,#8067,.T.);
#5673=ORIENTED_EDGE('',*,*,#8068,.T.);
#5674=ORIENTED_EDGE('',*,*,#8059,.F.);
#5675=ORIENTED_EDGE('',*,*,#8069,.T.);
#5676=ORIENTED_EDGE('',*,*,#8061,.F.);
#5677=ORIENTED_EDGE('',*,*,#8070,.T.);
#5678=ORIENTED_EDGE('',*,*,#8047,.F.);
#5679=ORIENTED_EDGE('',*,*,#8071,.T.);
#5680=ORIENTED_EDGE('',*,*,#8053,.F.);
#5681=ORIENTED_EDGE('',*,*,#8072,.T.);
#5682=ORIENTED_EDGE('',*,*,#8055,.F.);
#5683=ORIENTED_EDGE('',*,*,#8073,.T.);
#5684=ORIENTED_EDGE('',*,*,#7949,.F.);
#5685=ORIENTED_EDGE('',*,*,#8074,.T.);
#5686=ORIENTED_EDGE('',*,*,#7959,.F.);
#5687=ORIENTED_EDGE('',*,*,#8075,.T.);
#5688=ORIENTED_EDGE('',*,*,#8057,.F.);
#5689=ORIENTED_EDGE('',*,*,#8076,.T.);
#5690=ORIENTED_EDGE('',*,*,#8077,.T.);
#5691=ORIENTED_EDGE('',*,*,#8078,.T.);
#5692=ORIENTED_EDGE('',*,*,#7845,.T.);
#5693=ORIENTED_EDGE('',*,*,#8079,.T.);
#5694=ORIENTED_EDGE('',*,*,#8080,.T.);
#5695=ORIENTED_EDGE('',*,*,#8081,.T.);
#5696=ORIENTED_EDGE('',*,*,#8082,.T.);
#5697=ORIENTED_EDGE('',*,*,#8083,.T.);
#5698=ORIENTED_EDGE('',*,*,#8084,.T.);
#5699=ORIENTED_EDGE('',*,*,#8085,.T.);
#5700=ORIENTED_EDGE('',*,*,#8086,.T.);
#5701=ORIENTED_EDGE('',*,*,#8087,.T.);
#5702=ORIENTED_EDGE('',*,*,#8088,.T.);
#5703=ORIENTED_EDGE('',*,*,#8089,.T.);
#5704=ORIENTED_EDGE('',*,*,#8090,.T.);
#5705=ORIENTED_EDGE('',*,*,#8091,.T.);
#5706=ORIENTED_EDGE('',*,*,#7889,.F.);
#5707=ORIENTED_EDGE('',*,*,#8092,.T.);
#5708=ORIENTED_EDGE('',*,*,#8084,.F.);
#5709=ORIENTED_EDGE('',*,*,#8093,.T.);
#5710=ORIENTED_EDGE('',*,*,#7928,.F.);
#5711=ORIENTED_EDGE('',*,*,#8094,.T.);
#5712=ORIENTED_EDGE('',*,*,#7853,.F.);
#5713=ORIENTED_EDGE('',*,*,#8095,.T.);
#5714=ORIENTED_EDGE('',*,*,#8090,.F.);
#5715=ORIENTED_EDGE('',*,*,#8096,.T.);
#5716=ORIENTED_EDGE('',*,*,#8051,.F.);
#5717=ORIENTED_EDGE('',*,*,#8097,.T.);
#5718=ORIENTED_EDGE('',*,*,#8065,.F.);
#5719=ORIENTED_EDGE('',*,*,#8098,.T.);
#5720=ORIENTED_EDGE('',*,*,#8088,.F.);
#5721=ORIENTED_EDGE('',*,*,#8099,.T.);
#5722=ORIENTED_EDGE('',*,*,#7901,.T.);
#5723=ORIENTED_EDGE('',*,*,#8100,.T.);
#5724=ORIENTED_EDGE('',*,*,#8101,.T.);
#5725=ORIENTED_EDGE('',*,*,#8102,.T.);
#5726=ORIENTED_EDGE('',*,*,#8103,.T.);
#5727=ORIENTED_EDGE('',*,*,#8104,.F.);
#5728=ORIENTED_EDGE('',*,*,#8105,.F.);
#5729=ORIENTED_EDGE('',*,*,#8106,.F.);
#5730=ORIENTED_EDGE('',*,*,#8107,.T.);
#5731=ORIENTED_EDGE('',*,*,#8108,.T.);
#5732=ORIENTED_EDGE('',*,*,#8109,.T.);
#5733=ORIENTED_EDGE('',*,*,#7903,.T.);
#5734=ORIENTED_EDGE('',*,*,#8110,.T.);
#5735=ORIENTED_EDGE('',*,*,#8111,.F.);
#5736=ORIENTED_EDGE('',*,*,#8112,.T.);
#5737=ORIENTED_EDGE('',*,*,#8113,.T.);
#5738=ORIENTED_EDGE('',*,*,#8111,.T.);
#5739=ORIENTED_EDGE('',*,*,#8114,.T.);
#5740=ORIENTED_EDGE('',*,*,#8104,.T.);
#5741=ORIENTED_EDGE('',*,*,#8115,.T.);
#5742=ORIENTED_EDGE('',*,*,#8116,.T.);
#5743=ORIENTED_EDGE('',*,*,#8117,.T.);
#5744=ORIENTED_EDGE('',*,*,#7925,.F.);
#5745=ORIENTED_EDGE('',*,*,#8118,.T.);
#5746=ORIENTED_EDGE('',*,*,#7918,.F.);
#5747=ORIENTED_EDGE('',*,*,#8119,.T.);
#5748=ORIENTED_EDGE('',*,*,#7917,.F.);
#5749=ORIENTED_EDGE('',*,*,#8120,.T.);
#5750=ORIENTED_EDGE('',*,*,#7920,.T.);
#5751=ORIENTED_EDGE('',*,*,#8119,.F.);
#5752=ORIENTED_EDGE('',*,*,#7896,.F.);
#5753=ORIENTED_EDGE('',*,*,#7919,.T.);
#5754=ORIENTED_EDGE('',*,*,#8118,.F.);
#5755=ORIENTED_EDGE('',*,*,#7924,.F.);
#5756=ORIENTED_EDGE('',*,*,#7902,.F.);
#5757=ORIENTED_EDGE('',*,*,#8105,.T.);
#5758=ORIENTED_EDGE('',*,*,#8114,.F.);
#5759=ORIENTED_EDGE('',*,*,#8110,.F.);
#5760=ORIENTED_EDGE('',*,*,#8103,.F.);
#5761=ORIENTED_EDGE('',*,*,#8121,.T.);
#5762=ORIENTED_EDGE('',*,*,#8106,.T.);
#5763=ORIENTED_EDGE('',*,*,#8115,.F.);
#5764=ORIENTED_EDGE('',*,*,#7916,.F.);
#5765=ORIENTED_EDGE('',*,*,#8122,.T.);
#5766=ORIENTED_EDGE('',*,*,#7921,.F.);
#5767=ORIENTED_EDGE('',*,*,#8120,.F.);
#5768=ORIENTED_EDGE('',*,*,#8102,.F.);
#5769=ORIENTED_EDGE('',*,*,#8123,.T.);
#5770=ORIENTED_EDGE('',*,*,#8107,.F.);
#5771=ORIENTED_EDGE('',*,*,#8121,.F.);
#5772=ORIENTED_EDGE('',*,*,#8124,.T.);
#5773=ORIENTED_EDGE('',*,*,#8125,.T.);
#5774=ORIENTED_EDGE('',*,*,#8125,.F.);
#5775=ORIENTED_EDGE('',*,*,#8126,.T.);
#5776=ORIENTED_EDGE('',*,*,#8127,.T.);
#5777=ORIENTED_EDGE('',*,*,#8127,.F.);
#5778=ORIENTED_EDGE('',*,*,#8128,.T.);
#5779=ORIENTED_EDGE('',*,*,#8129,.T.);
#5780=ORIENTED_EDGE('',*,*,#8129,.F.);
#5781=ORIENTED_EDGE('',*,*,#8130,.T.);
#5782=ORIENTED_EDGE('',*,*,#8131,.T.);
#5783=ORIENTED_EDGE('',*,*,#8131,.F.);
#5784=ORIENTED_EDGE('',*,*,#8116,.F.);
#5785=ORIENTED_EDGE('',*,*,#8124,.F.);
#5786=ORIENTED_EDGE('',*,*,#8117,.F.);
#5787=ORIENTED_EDGE('',*,*,#8126,.F.);
#5788=ORIENTED_EDGE('',*,*,#8112,.F.);
#5789=ORIENTED_EDGE('',*,*,#8128,.F.);
#5790=ORIENTED_EDGE('',*,*,#8113,.F.);
#5791=ORIENTED_EDGE('',*,*,#8130,.F.);
#5792=ORIENTED_EDGE('',*,*,#7874,.T.);
#5793=ORIENTED_EDGE('',*,*,#8132,.F.);
#5794=ORIENTED_EDGE('',*,*,#8133,.F.);
#5795=ORIENTED_EDGE('',*,*,#8134,.T.);
#5796=ORIENTED_EDGE('',*,*,#7883,.T.);
#5797=ORIENTED_EDGE('',*,*,#8135,.F.);
#5798=ORIENTED_EDGE('',*,*,#8136,.F.);
#5799=ORIENTED_EDGE('',*,*,#8132,.T.);
#5800=ORIENTED_EDGE('',*,*,#7882,.T.);
#5801=ORIENTED_EDGE('',*,*,#8137,.F.);
#5802=ORIENTED_EDGE('',*,*,#8138,.F.);
#5803=ORIENTED_EDGE('',*,*,#8135,.T.);
#5804=ORIENTED_EDGE('',*,*,#7881,.T.);
#5805=ORIENTED_EDGE('',*,*,#8139,.F.);
#5806=ORIENTED_EDGE('',*,*,#8140,.F.);
#5807=ORIENTED_EDGE('',*,*,#8137,.T.);
#5808=ORIENTED_EDGE('',*,*,#7880,.T.);
#5809=ORIENTED_EDGE('',*,*,#8141,.F.);
#5810=ORIENTED_EDGE('',*,*,#8142,.F.);
#5811=ORIENTED_EDGE('',*,*,#8139,.T.);
#5812=ORIENTED_EDGE('',*,*,#7879,.T.);
#5813=ORIENTED_EDGE('',*,*,#8143,.F.);
#5814=ORIENTED_EDGE('',*,*,#8144,.F.);
#5815=ORIENTED_EDGE('',*,*,#8141,.T.);
#5816=ORIENTED_EDGE('',*,*,#7878,.T.);
#5817=ORIENTED_EDGE('',*,*,#8145,.F.);
#5818=ORIENTED_EDGE('',*,*,#8146,.F.);
#5819=ORIENTED_EDGE('',*,*,#8143,.T.);
#5820=ORIENTED_EDGE('',*,*,#7877,.T.);
#5821=ORIENTED_EDGE('',*,*,#8147,.F.);
#5822=ORIENTED_EDGE('',*,*,#8148,.F.);
#5823=ORIENTED_EDGE('',*,*,#8145,.T.);
#5824=ORIENTED_EDGE('',*,*,#7876,.T.);
#5825=ORIENTED_EDGE('',*,*,#8149,.F.);
#5826=ORIENTED_EDGE('',*,*,#8150,.F.);
#5827=ORIENTED_EDGE('',*,*,#8147,.T.);
#5828=ORIENTED_EDGE('',*,*,#7875,.T.);
#5829=ORIENTED_EDGE('',*,*,#8134,.F.);
#5830=ORIENTED_EDGE('',*,*,#8151,.F.);
#5831=ORIENTED_EDGE('',*,*,#8149,.T.);
#5832=ORIENTED_EDGE('',*,*,#8133,.T.);
#5833=ORIENTED_EDGE('',*,*,#8136,.T.);
#5834=ORIENTED_EDGE('',*,*,#8138,.T.);
#5835=ORIENTED_EDGE('',*,*,#8140,.T.);
#5836=ORIENTED_EDGE('',*,*,#8142,.T.);
#5837=ORIENTED_EDGE('',*,*,#8144,.T.);
#5838=ORIENTED_EDGE('',*,*,#8146,.T.);
#5839=ORIENTED_EDGE('',*,*,#8148,.T.);
#5840=ORIENTED_EDGE('',*,*,#8150,.T.);
#5841=ORIENTED_EDGE('',*,*,#8151,.T.);
#5842=ORIENTED_EDGE('',*,*,#8044,.T.);
#5843=ORIENTED_EDGE('',*,*,#8036,.T.);
#5844=ORIENTED_EDGE('',*,*,#8038,.T.);
#5845=ORIENTED_EDGE('',*,*,#8040,.T.);
#5846=ORIENTED_EDGE('',*,*,#8042,.T.);
#5847=ORIENTED_EDGE('',*,*,#7868,.F.);
#5848=ORIENTED_EDGE('',*,*,#8152,.T.);
#5849=ORIENTED_EDGE('',*,*,#8153,.T.);
#5850=ORIENTED_EDGE('',*,*,#8005,.F.);
#5851=ORIENTED_EDGE('',*,*,#8154,.T.);
#5852=ORIENTED_EDGE('',*,*,#8155,.T.);
#5853=ORIENTED_EDGE('',*,*,#8156,.T.);
#5854=ORIENTED_EDGE('',*,*,#7864,.F.);
#5855=ORIENTED_EDGE('',*,*,#8157,.T.);
#5856=ORIENTED_EDGE('',*,*,#7991,.F.);
#5857=ORIENTED_EDGE('',*,*,#8158,.T.);
#5858=ORIENTED_EDGE('',*,*,#8159,.T.);
#5859=ORIENTED_EDGE('',*,*,#8160,.T.);
#5860=ORIENTED_EDGE('',*,*,#8161,.T.);
#5861=ORIENTED_EDGE('',*,*,#8162,.T.);
#5862=ORIENTED_EDGE('',*,*,#8163,.T.);
#5863=ORIENTED_EDGE('',*,*,#8164,.T.);
#5864=ORIENTED_EDGE('',*,*,#8165,.T.);
#5865=ORIENTED_EDGE('',*,*,#8166,.T.);
#5866=ORIENTED_EDGE('',*,*,#8167,.T.);
#5867=ORIENTED_EDGE('',*,*,#8168,.T.);
#5868=ORIENTED_EDGE('',*,*,#8169,.T.);
#5869=ORIENTED_EDGE('',*,*,#8170,.T.);
#5870=ORIENTED_EDGE('',*,*,#8171,.T.);
#5871=ORIENTED_EDGE('',*,*,#8172,.T.);
#5872=ORIENTED_EDGE('',*,*,#8173,.T.);
#5873=ORIENTED_EDGE('',*,*,#8174,.T.);
#5874=ORIENTED_EDGE('',*,*,#8175,.T.);
#5875=ORIENTED_EDGE('',*,*,#8176,.T.);
#5876=ORIENTED_EDGE('',*,*,#8177,.T.);
#5877=ORIENTED_EDGE('',*,*,#8178,.T.);
#5878=ORIENTED_EDGE('',*,*,#8179,.T.);
#5879=ORIENTED_EDGE('',*,*,#8180,.T.);
#5880=ORIENTED_EDGE('',*,*,#8181,.T.);
#5881=ORIENTED_EDGE('',*,*,#8174,.F.);
#5882=ORIENTED_EDGE('',*,*,#8182,.T.);
#5883=ORIENTED_EDGE('',*,*,#8178,.F.);
#5884=ORIENTED_EDGE('',*,*,#8183,.T.);
#5885=ORIENTED_EDGE('',*,*,#8180,.F.);
#5886=ORIENTED_EDGE('',*,*,#8184,.T.);
#5887=ORIENTED_EDGE('',*,*,#8162,.F.);
#5888=ORIENTED_EDGE('',*,*,#8185,.T.);
#5889=ORIENTED_EDGE('',*,*,#8160,.F.);
#5890=ORIENTED_EDGE('',*,*,#8186,.T.);
#5891=ORIENTED_EDGE('',*,*,#8170,.F.);
#5892=ORIENTED_EDGE('',*,*,#8187,.T.);
#5893=ORIENTED_EDGE('',*,*,#8166,.F.);
#5894=ORIENTED_EDGE('',*,*,#8188,.T.);
#5895=ORIENTED_EDGE('',*,*,#8158,.F.);
#5896=ORIENTED_EDGE('',*,*,#8189,.T.);
#5897=ORIENTED_EDGE('',*,*,#7971,.F.);
#5898=ORIENTED_EDGE('',*,*,#8190,.T.);
#5899=ORIENTED_EDGE('',*,*,#7899,.F.);
#5900=ORIENTED_EDGE('',*,*,#8191,.T.);
#5901=ORIENTED_EDGE('',*,*,#8192,.F.);
#5902=ORIENTED_EDGE('',*,*,#8186,.F.);
#5903=ORIENTED_EDGE('',*,*,#8193,.F.);
#5904=ORIENTED_EDGE('',*,*,#8086,.F.);
#5905=ORIENTED_EDGE('',*,*,#8193,.T.);
#5906=ORIENTED_EDGE('',*,*,#8159,.F.);
#5907=ORIENTED_EDGE('',*,*,#8194,.F.);
#5908=ORIENTED_EDGE('',*,*,#8087,.F.);
#5909=ORIENTED_EDGE('',*,*,#8192,.T.);
#5910=ORIENTED_EDGE('',*,*,#8085,.F.);
#5911=ORIENTED_EDGE('',*,*,#8195,.F.);
#5912=ORIENTED_EDGE('',*,*,#8171,.F.);
#5913=ORIENTED_EDGE('',*,*,#8194,.T.);
#5914=ORIENTED_EDGE('',*,*,#8188,.F.);
#5915=ORIENTED_EDGE('',*,*,#8196,.F.);
#5916=ORIENTED_EDGE('',*,*,#8077,.F.);
#5917=ORIENTED_EDGE('',*,*,#8195,.T.);
#5918=ORIENTED_EDGE('',*,*,#8092,.F.);
#5919=ORIENTED_EDGE('',*,*,#8197,.F.);
#5920=ORIENTED_EDGE('',*,*,#8172,.F.);
#5921=ORIENTED_EDGE('',*,*,#8196,.T.);
#5922=ORIENTED_EDGE('',*,*,#8165,.F.);
#5923=ORIENTED_EDGE('',*,*,#8198,.F.);
#5924=ORIENTED_EDGE('',*,*,#8078,.F.);
#5925=ORIENTED_EDGE('',*,*,#8197,.T.);
#5926=ORIENTED_EDGE('',*,*,#7888,.F.);
#5927=ORIENTED_EDGE('',*,*,#8199,.F.);
#5928=ORIENTED_EDGE('',*,*,#8173,.F.);
#5929=ORIENTED_EDGE('',*,*,#8198,.T.);
#5930=ORIENTED_EDGE('',*,*,#8164,.F.);
#5931=ORIENTED_EDGE('',*,*,#8200,.F.);
#5932=ORIENTED_EDGE('',*,*,#7846,.F.);
#5933=ORIENTED_EDGE('',*,*,#8199,.T.);
#5934=ORIENTED_EDGE('',*,*,#7887,.F.);
#5935=ORIENTED_EDGE('',*,*,#8201,.F.);
#5936=ORIENTED_EDGE('',*,*,#8182,.F.);
#5937=ORIENTED_EDGE('',*,*,#8200,.T.);
#5938=ORIENTED_EDGE('',*,*,#8163,.F.);
#5939=ORIENTED_EDGE('',*,*,#8202,.F.);
#5940=ORIENTED_EDGE('',*,*,#7884,.F.);
#5941=ORIENTED_EDGE('',*,*,#8201,.T.);
#5942=ORIENTED_EDGE('',*,*,#7886,.F.);
#5943=ORIENTED_EDGE('',*,*,#8203,.F.);
#5944=ORIENTED_EDGE('',*,*,#8179,.F.);
#5945=ORIENTED_EDGE('',*,*,#8202,.T.);
#5946=ORIENTED_EDGE('',*,*,#8184,.F.);
#5947=ORIENTED_EDGE('',*,*,#8203,.T.);
#5948=ORIENTED_EDGE('',*,*,#7885,.F.);
#5949=ORIENTED_EDGE('',*,*,#8204,.F.);
#5950=ORIENTED_EDGE('',*,*,#8187,.F.);
#5951=ORIENTED_EDGE('',*,*,#8205,.F.);
#5952=ORIENTED_EDGE('',*,*,#7926,.F.);
#5953=ORIENTED_EDGE('',*,*,#8205,.T.);
#5954=ORIENTED_EDGE('',*,*,#8177,.F.);
#5955=ORIENTED_EDGE('',*,*,#8206,.F.);
#5956=ORIENTED_EDGE('',*,*,#7927,.F.);
#5957=ORIENTED_EDGE('',*,*,#8204,.T.);
#5958=ORIENTED_EDGE('',*,*,#7936,.F.);
#5959=ORIENTED_EDGE('',*,*,#8207,.F.);
#5960=ORIENTED_EDGE('',*,*,#8161,.F.);
#5961=ORIENTED_EDGE('',*,*,#8206,.T.);
#5962=ORIENTED_EDGE('',*,*,#8176,.F.);
#5963=ORIENTED_EDGE('',*,*,#8208,.F.);
#5964=ORIENTED_EDGE('',*,*,#8094,.F.);
#5965=ORIENTED_EDGE('',*,*,#8207,.T.);
#5966=ORIENTED_EDGE('',*,*,#7935,.F.);
#5967=ORIENTED_EDGE('',*,*,#8209,.F.);
#5968=ORIENTED_EDGE('',*,*,#8189,.F.);
#5969=ORIENTED_EDGE('',*,*,#8208,.T.);
#5970=ORIENTED_EDGE('',*,*,#8175,.F.);
#5971=ORIENTED_EDGE('',*,*,#8210,.F.);
#5972=ORIENTED_EDGE('',*,*,#7854,.F.);
#5973=ORIENTED_EDGE('',*,*,#8209,.T.);
#5974=ORIENTED_EDGE('',*,*,#7934,.F.);
#5975=ORIENTED_EDGE('',*,*,#8211,.F.);
#5976=ORIENTED_EDGE('',*,*,#8167,.F.);
#5977=ORIENTED_EDGE('',*,*,#8210,.T.);
#5978=ORIENTED_EDGE('',*,*,#8183,.F.);
#5979=ORIENTED_EDGE('',*,*,#8212,.F.);
#5980=ORIENTED_EDGE('',*,*,#7855,.F.);
#5981=ORIENTED_EDGE('',*,*,#8211,.T.);
#5982=ORIENTED_EDGE('',*,*,#7850,.F.);
#5983=ORIENTED_EDGE('',*,*,#8213,.F.);
#5984=ORIENTED_EDGE('',*,*,#8168,.F.);
#5985=ORIENTED_EDGE('',*,*,#8212,.T.);
#5986=ORIENTED_EDGE('',*,*,#8181,.F.);
#5987=ORIENTED_EDGE('',*,*,#8214,.F.);
#5988=ORIENTED_EDGE('',*,*,#7856,.F.);
#5989=ORIENTED_EDGE('',*,*,#8213,.T.);
#5990=ORIENTED_EDGE('',*,*,#7858,.F.);
#5991=ORIENTED_EDGE('',*,*,#8215,.F.);
#5992=ORIENTED_EDGE('',*,*,#8169,.F.);
#5993=ORIENTED_EDGE('',*,*,#8214,.T.);
#5994=ORIENTED_EDGE('',*,*,#8185,.F.);
#5995=ORIENTED_EDGE('',*,*,#8215,.T.);
#5996=ORIENTED_EDGE('',*,*,#7857,.F.);
#5997=ORIENTED_EDGE('',*,*,#8152,.F.);
#5998=ORIENTED_EDGE('',*,*,#8025,.F.);
#5999=ORIENTED_EDGE('',*,*,#8216,.F.);
#6000=ORIENTED_EDGE('',*,*,#8216,.T.);
#6001=ORIENTED_EDGE('',*,*,#7996,.F.);
#6002=ORIENTED_EDGE('',*,*,#8217,.F.);
#6003=ORIENTED_EDGE('',*,*,#8153,.F.);
#6004=ORIENTED_EDGE('',*,*,#8217,.T.);
#6005=ORIENTED_EDGE('',*,*,#7995,.F.);
#6006=ORIENTED_EDGE('',*,*,#8218,.F.);
#6007=ORIENTED_EDGE('',*,*,#8006,.F.);
#6008=ORIENTED_EDGE('',*,*,#8218,.T.);
#6009=ORIENTED_EDGE('',*,*,#8002,.F.);
#6010=ORIENTED_EDGE('',*,*,#8219,.F.);
#6011=ORIENTED_EDGE('',*,*,#8007,.F.);
#6012=ORIENTED_EDGE('',*,*,#8219,.T.);
#6013=ORIENTED_EDGE('',*,*,#8014,.F.);
#6014=ORIENTED_EDGE('',*,*,#8220,.F.);
#6015=ORIENTED_EDGE('',*,*,#8008,.F.);
#6016=ORIENTED_EDGE('',*,*,#8220,.T.);
#6017=ORIENTED_EDGE('',*,*,#8011,.F.);
#6018=ORIENTED_EDGE('',*,*,#8221,.F.);
#6019=ORIENTED_EDGE('',*,*,#8009,.F.);
#6020=ORIENTED_EDGE('',*,*,#8221,.T.);
#6021=ORIENTED_EDGE('',*,*,#7938,.F.);
#6022=ORIENTED_EDGE('',*,*,#8222,.F.);
#6023=ORIENTED_EDGE('',*,*,#8010,.F.);
#6024=ORIENTED_EDGE('',*,*,#8222,.T.);
#6025=ORIENTED_EDGE('',*,*,#7937,.F.);
#6026=ORIENTED_EDGE('',*,*,#8223,.F.);
#6027=ORIENTED_EDGE('',*,*,#8154,.F.);
#6028=ORIENTED_EDGE('',*,*,#8223,.T.);
#6029=ORIENTED_EDGE('',*,*,#7950,.F.);
#6030=ORIENTED_EDGE('',*,*,#8224,.F.);
#6031=ORIENTED_EDGE('',*,*,#7869,.F.);
#6032=ORIENTED_EDGE('',*,*,#8224,.T.);
#6033=ORIENTED_EDGE('',*,*,#8073,.F.);
#6034=ORIENTED_EDGE('',*,*,#8225,.F.);
#6035=ORIENTED_EDGE('',*,*,#7870,.F.);
#6036=ORIENTED_EDGE('',*,*,#8225,.T.);
#6037=ORIENTED_EDGE('',*,*,#8054,.F.);
#6038=ORIENTED_EDGE('',*,*,#8226,.F.);
#6039=ORIENTED_EDGE('',*,*,#7871,.F.);
#6040=ORIENTED_EDGE('',*,*,#8226,.T.);
#6041=ORIENTED_EDGE('',*,*,#8071,.F.);
#6042=ORIENTED_EDGE('',*,*,#8227,.F.);
#6043=ORIENTED_EDGE('',*,*,#7872,.F.);
#6044=ORIENTED_EDGE('',*,*,#8227,.T.);
#6045=ORIENTED_EDGE('',*,*,#8046,.F.);
#6046=ORIENTED_EDGE('',*,*,#8228,.F.);
#6047=ORIENTED_EDGE('',*,*,#7873,.F.);
#6048=ORIENTED_EDGE('',*,*,#8228,.T.);
#6049=ORIENTED_EDGE('',*,*,#8045,.F.);
#6050=ORIENTED_EDGE('',*,*,#8229,.F.);
#6051=ORIENTED_EDGE('',*,*,#8095,.F.);
#6052=ORIENTED_EDGE('',*,*,#8229,.T.);
#6053=ORIENTED_EDGE('',*,*,#8052,.F.);
#6054=ORIENTED_EDGE('',*,*,#8230,.F.);
#6055=ORIENTED_EDGE('',*,*,#7929,.F.);
#6056=ORIENTED_EDGE('',*,*,#8230,.T.);
#6057=ORIENTED_EDGE('',*,*,#8096,.F.);
#6058=ORIENTED_EDGE('',*,*,#8231,.F.);
#6059=ORIENTED_EDGE('',*,*,#7930,.F.);
#6060=ORIENTED_EDGE('',*,*,#8231,.T.);
#6061=ORIENTED_EDGE('',*,*,#8089,.F.);
#6062=ORIENTED_EDGE('',*,*,#8232,.F.);
#6063=ORIENTED_EDGE('',*,*,#7931,.F.);
#6064=ORIENTED_EDGE('',*,*,#8232,.T.);
#6065=ORIENTED_EDGE('',*,*,#8098,.F.);
#6066=ORIENTED_EDGE('',*,*,#8233,.F.);
#6067=ORIENTED_EDGE('',*,*,#7932,.F.);
#6068=ORIENTED_EDGE('',*,*,#8233,.T.);
#6069=ORIENTED_EDGE('',*,*,#8064,.F.);
#6070=ORIENTED_EDGE('',*,*,#8234,.F.);
#6071=ORIENTED_EDGE('',*,*,#7933,.F.);
#6072=ORIENTED_EDGE('',*,*,#8234,.T.);
#6073=ORIENTED_EDGE('',*,*,#8063,.F.);
#6074=ORIENTED_EDGE('',*,*,#8235,.F.);
#6075=ORIENTED_EDGE('',*,*,#7852,.F.);
#6076=ORIENTED_EDGE('',*,*,#8235,.T.);
#6077=ORIENTED_EDGE('',*,*,#8062,.F.);
#6078=ORIENTED_EDGE('',*,*,#8236,.F.);
#6079=ORIENTED_EDGE('',*,*,#7859,.F.);
#6080=ORIENTED_EDGE('',*,*,#8236,.T.);
#6081=ORIENTED_EDGE('',*,*,#8069,.F.);
#6082=ORIENTED_EDGE('',*,*,#8237,.F.);
#6083=ORIENTED_EDGE('',*,*,#7860,.F.);
#6084=ORIENTED_EDGE('',*,*,#8237,.T.);
#6085=ORIENTED_EDGE('',*,*,#8058,.F.);
#6086=ORIENTED_EDGE('',*,*,#8238,.F.);
#6087=ORIENTED_EDGE('',*,*,#7861,.F.);
#6088=ORIENTED_EDGE('',*,*,#8238,.T.);
#6089=ORIENTED_EDGE('',*,*,#8075,.F.);
#6090=ORIENTED_EDGE('',*,*,#8239,.F.);
#6091=ORIENTED_EDGE('',*,*,#7862,.F.);
#6092=ORIENTED_EDGE('',*,*,#8239,.T.);
#6093=ORIENTED_EDGE('',*,*,#7958,.F.);
#6094=ORIENTED_EDGE('',*,*,#8240,.F.);
#6095=ORIENTED_EDGE('',*,*,#7863,.F.);
#6096=ORIENTED_EDGE('',*,*,#8240,.T.);
#6097=ORIENTED_EDGE('',*,*,#7957,.F.);
#6098=ORIENTED_EDGE('',*,*,#8241,.F.);
#6099=ORIENTED_EDGE('',*,*,#8157,.F.);
#6100=ORIENTED_EDGE('',*,*,#8241,.T.);
#6101=ORIENTED_EDGE('',*,*,#7956,.F.);
#6102=ORIENTED_EDGE('',*,*,#8242,.F.);
#6103=ORIENTED_EDGE('',*,*,#7992,.F.);
#6104=ORIENTED_EDGE('',*,*,#8242,.T.);
#6105=ORIENTED_EDGE('',*,*,#8021,.F.);
#6106=ORIENTED_EDGE('',*,*,#8243,.F.);
#6107=ORIENTED_EDGE('',*,*,#7993,.F.);
#6108=ORIENTED_EDGE('',*,*,#8243,.T.);
#6109=ORIENTED_EDGE('',*,*,#8017,.F.);
#6110=ORIENTED_EDGE('',*,*,#8244,.F.);
#6111=ORIENTED_EDGE('',*,*,#7994,.F.);
#6112=ORIENTED_EDGE('',*,*,#8244,.T.);
#6113=ORIENTED_EDGE('',*,*,#7952,.F.);
#6114=ORIENTED_EDGE('',*,*,#8245,.F.);
#6115=ORIENTED_EDGE('',*,*,#7989,.F.);
#6116=ORIENTED_EDGE('',*,*,#8245,.T.);
#6117=ORIENTED_EDGE('',*,*,#7985,.F.);
#6118=ORIENTED_EDGE('',*,*,#8246,.F.);
#6119=ORIENTED_EDGE('',*,*,#7990,.F.);
#6120=ORIENTED_EDGE('',*,*,#8246,.T.);
#6121=ORIENTED_EDGE('',*,*,#7984,.F.);
#6122=ORIENTED_EDGE('',*,*,#8247,.F.);
#6123=ORIENTED_EDGE('',*,*,#8155,.F.);
#6124=ORIENTED_EDGE('',*,*,#8023,.F.);
#6125=ORIENTED_EDGE('',*,*,#8156,.F.);
#6126=ORIENTED_EDGE('',*,*,#8247,.T.);
#6127=ORIENTED_EDGE('',*,*,#7947,.F.);
#6128=ORIENTED_EDGE('',*,*,#7914,.T.);
#6129=ORIENTED_EDGE('',*,*,#8248,.F.);
#6130=ORIENTED_EDGE('',*,*,#8109,.F.);
#6131=ORIENTED_EDGE('',*,*,#7961,.F.);
#6132=ORIENTED_EDGE('',*,*,#8249,.F.);
#6133=ORIENTED_EDGE('',*,*,#8248,.T.);
#6134=ORIENTED_EDGE('',*,*,#7894,.F.);
#6135=ORIENTED_EDGE('',*,*,#8250,.F.);
#6136=ORIENTED_EDGE('',*,*,#7948,.F.);
#6137=ORIENTED_EDGE('',*,*,#8249,.T.);
#6138=ORIENTED_EDGE('',*,*,#7960,.F.);
#6139=ORIENTED_EDGE('',*,*,#8251,.F.);
#6140=ORIENTED_EDGE('',*,*,#7904,.F.);
#6141=ORIENTED_EDGE('',*,*,#8250,.T.);
#6142=ORIENTED_EDGE('',*,*,#7893,.F.);
#6143=ORIENTED_EDGE('',*,*,#8252,.F.);
#6144=ORIENTED_EDGE('',*,*,#8074,.F.);
#6145=ORIENTED_EDGE('',*,*,#8251,.T.);
#6146=ORIENTED_EDGE('',*,*,#8076,.F.);
#6147=ORIENTED_EDGE('',*,*,#8253,.F.);
#6148=ORIENTED_EDGE('',*,*,#7905,.F.);
#6149=ORIENTED_EDGE('',*,*,#8252,.T.);
#6150=ORIENTED_EDGE('',*,*,#7892,.F.);
#6151=ORIENTED_EDGE('',*,*,#8254,.F.);
#6152=ORIENTED_EDGE('',*,*,#8056,.F.);
#6153=ORIENTED_EDGE('',*,*,#8253,.T.);
#6154=ORIENTED_EDGE('',*,*,#8060,.F.);
#6155=ORIENTED_EDGE('',*,*,#8255,.F.);
#6156=ORIENTED_EDGE('',*,*,#7906,.F.);
#6157=ORIENTED_EDGE('',*,*,#8254,.T.);
#6158=ORIENTED_EDGE('',*,*,#7891,.F.);
#6159=ORIENTED_EDGE('',*,*,#8256,.F.);
#6160=ORIENTED_EDGE('',*,*,#8072,.F.);
#6161=ORIENTED_EDGE('',*,*,#8255,.T.);
#6162=ORIENTED_EDGE('',*,*,#8070,.F.);
#6163=ORIENTED_EDGE('',*,*,#8257,.F.);
#6164=ORIENTED_EDGE('',*,*,#7907,.F.);
#6165=ORIENTED_EDGE('',*,*,#8256,.T.);
#6166=ORIENTED_EDGE('',*,*,#7890,.F.);
#6167=ORIENTED_EDGE('',*,*,#8258,.F.);
#6168=ORIENTED_EDGE('',*,*,#8048,.F.);
#6169=ORIENTED_EDGE('',*,*,#8257,.T.);
#6170=ORIENTED_EDGE('',*,*,#8068,.F.);
#6171=ORIENTED_EDGE('',*,*,#8259,.F.);
#6172=ORIENTED_EDGE('',*,*,#7908,.F.);
#6173=ORIENTED_EDGE('',*,*,#8258,.T.);
#6174=ORIENTED_EDGE('',*,*,#8093,.F.);
#6175=ORIENTED_EDGE('',*,*,#8260,.F.);
#6176=ORIENTED_EDGE('',*,*,#8049,.F.);
#6177=ORIENTED_EDGE('',*,*,#8259,.T.);
#6178=ORIENTED_EDGE('',*,*,#8067,.F.);
#6179=ORIENTED_EDGE('',*,*,#8261,.F.);
#6180=ORIENTED_EDGE('',*,*,#7848,.F.);
#6181=ORIENTED_EDGE('',*,*,#8260,.T.);
#6182=ORIENTED_EDGE('',*,*,#8083,.F.);
#6183=ORIENTED_EDGE('',*,*,#8262,.F.);
#6184=ORIENTED_EDGE('',*,*,#8050,.F.);
#6185=ORIENTED_EDGE('',*,*,#8261,.T.);
#6186=ORIENTED_EDGE('',*,*,#8066,.F.);
#6187=ORIENTED_EDGE('',*,*,#8263,.F.);
#6188=ORIENTED_EDGE('',*,*,#8079,.F.);
#6189=ORIENTED_EDGE('',*,*,#8262,.T.);
#6190=ORIENTED_EDGE('',*,*,#8082,.F.);
#6191=ORIENTED_EDGE('',*,*,#8264,.F.);
#6192=ORIENTED_EDGE('',*,*,#8097,.F.);
#6193=ORIENTED_EDGE('',*,*,#8263,.T.);
#6194=ORIENTED_EDGE('',*,*,#8099,.F.);
#6195=ORIENTED_EDGE('',*,*,#8265,.F.);
#6196=ORIENTED_EDGE('',*,*,#8080,.F.);
#6197=ORIENTED_EDGE('',*,*,#8264,.T.);
#6198=ORIENTED_EDGE('',*,*,#8081,.F.);
#6199=ORIENTED_EDGE('',*,*,#8265,.T.);
#6200=ORIENTED_EDGE('',*,*,#8091,.F.);
#6201=ORIENTED_EDGE('',*,*,#7962,.F.);
#6202=ORIENTED_EDGE('',*,*,#8108,.F.);
#6203=ORIENTED_EDGE('',*,*,#8266,.F.);
#6204=ORIENTED_EDGE('',*,*,#8266,.T.);
#6205=ORIENTED_EDGE('',*,*,#8123,.F.);
#6206=ORIENTED_EDGE('',*,*,#8267,.F.);
#6207=ORIENTED_EDGE('',*,*,#7963,.F.);
#6208=ORIENTED_EDGE('',*,*,#8101,.F.);
#6209=ORIENTED_EDGE('',*,*,#7964,.F.);
#6210=ORIENTED_EDGE('',*,*,#8267,.T.);
#6211=ORIENTED_EDGE('',*,*,#7923,.T.);
#6212=ORIENTED_EDGE('',*,*,#7943,.F.);
#6213=ORIENTED_EDGE('',*,*,#8268,.F.);
#6214=ORIENTED_EDGE('',*,*,#8268,.T.);
#6215=ORIENTED_EDGE('',*,*,#7942,.F.);
#6216=ORIENTED_EDGE('',*,*,#8269,.F.);
#6217=ORIENTED_EDGE('',*,*,#7898,.F.);
#6218=ORIENTED_EDGE('',*,*,#8269,.T.);
#6219=ORIENTED_EDGE('',*,*,#7941,.F.);
#6220=ORIENTED_EDGE('',*,*,#8270,.F.);
#6221=ORIENTED_EDGE('',*,*,#8191,.F.);
#6222=ORIENTED_EDGE('',*,*,#8270,.T.);
#6223=ORIENTED_EDGE('',*,*,#7940,.F.);
#6224=ORIENTED_EDGE('',*,*,#8271,.F.);
#6225=ORIENTED_EDGE('',*,*,#7972,.F.);
#6226=ORIENTED_EDGE('',*,*,#8271,.T.);
#6227=ORIENTED_EDGE('',*,*,#8013,.F.);
#6228=ORIENTED_EDGE('',*,*,#8272,.F.);
#6229=ORIENTED_EDGE('',*,*,#7973,.F.);
#6230=ORIENTED_EDGE('',*,*,#8272,.T.);
#6231=ORIENTED_EDGE('',*,*,#8016,.F.);
#6232=ORIENTED_EDGE('',*,*,#8273,.F.);
#6233=ORIENTED_EDGE('',*,*,#7974,.F.);
#6234=ORIENTED_EDGE('',*,*,#8273,.T.);
#6235=ORIENTED_EDGE('',*,*,#8015,.F.);
#6236=ORIENTED_EDGE('',*,*,#8274,.F.);
#6237=ORIENTED_EDGE('',*,*,#8031,.T.);
#6238=ORIENTED_EDGE('',*,*,#8274,.T.);
#6239=ORIENTED_EDGE('',*,*,#8003,.F.);
#6240=ORIENTED_EDGE('',*,*,#8275,.F.);
#6241=ORIENTED_EDGE('',*,*,#8029,.T.);
#6242=ORIENTED_EDGE('',*,*,#8275,.T.);
#6243=ORIENTED_EDGE('',*,*,#7999,.F.);
#6244=ORIENTED_EDGE('',*,*,#8276,.F.);
#6245=ORIENTED_EDGE('',*,*,#8030,.T.);
#6246=ORIENTED_EDGE('',*,*,#8276,.T.);
#6247=ORIENTED_EDGE('',*,*,#7998,.F.);
#6248=ORIENTED_EDGE('',*,*,#8277,.F.);
#6249=ORIENTED_EDGE('',*,*,#7976,.F.);
#6250=ORIENTED_EDGE('',*,*,#8277,.T.);
#6251=ORIENTED_EDGE('',*,*,#8026,.F.);
#6252=ORIENTED_EDGE('',*,*,#8278,.F.);
#6253=ORIENTED_EDGE('',*,*,#7977,.F.);
#6254=ORIENTED_EDGE('',*,*,#8278,.T.);
#6255=ORIENTED_EDGE('',*,*,#7866,.F.);
#6256=ORIENTED_EDGE('',*,*,#8279,.F.);
#6257=ORIENTED_EDGE('',*,*,#7978,.F.);
#6258=ORIENTED_EDGE('',*,*,#8279,.T.);
#6259=ORIENTED_EDGE('',*,*,#8024,.F.);
#6260=ORIENTED_EDGE('',*,*,#8280,.F.);
#6261=ORIENTED_EDGE('',*,*,#7979,.F.);
#6262=ORIENTED_EDGE('',*,*,#8280,.T.);
#6263=ORIENTED_EDGE('',*,*,#7987,.F.);
#6264=ORIENTED_EDGE('',*,*,#8281,.F.);
#6265=ORIENTED_EDGE('',*,*,#7980,.F.);
#6266=ORIENTED_EDGE('',*,*,#8281,.T.);
#6267=ORIENTED_EDGE('',*,*,#7986,.F.);
#6268=ORIENTED_EDGE('',*,*,#8282,.F.);
#6269=ORIENTED_EDGE('',*,*,#8033,.T.);
#6270=ORIENTED_EDGE('',*,*,#8282,.T.);
#6271=ORIENTED_EDGE('',*,*,#7954,.F.);
#6272=ORIENTED_EDGE('',*,*,#8283,.F.);
#6273=ORIENTED_EDGE('',*,*,#8034,.T.);
#6274=ORIENTED_EDGE('',*,*,#8283,.T.);
#6275=ORIENTED_EDGE('',*,*,#8020,.F.);
#6276=ORIENTED_EDGE('',*,*,#8284,.F.);
#6277=ORIENTED_EDGE('',*,*,#8032,.T.);
#6278=ORIENTED_EDGE('',*,*,#8284,.T.);
#6279=ORIENTED_EDGE('',*,*,#8019,.F.);
#6280=ORIENTED_EDGE('',*,*,#8285,.F.);
#6281=ORIENTED_EDGE('',*,*,#7982,.F.);
#6282=ORIENTED_EDGE('',*,*,#8285,.T.);
#6283=ORIENTED_EDGE('',*,*,#8022,.F.);
#6284=ORIENTED_EDGE('',*,*,#8286,.F.);
#6285=ORIENTED_EDGE('',*,*,#7969,.F.);
#6286=ORIENTED_EDGE('',*,*,#8286,.T.);
#6287=ORIENTED_EDGE('',*,*,#7968,.F.);
#6288=ORIENTED_EDGE('',*,*,#8287,.F.);
#6289=ORIENTED_EDGE('',*,*,#7970,.F.);
#6290=ORIENTED_EDGE('',*,*,#8287,.T.);
#6291=ORIENTED_EDGE('',*,*,#7967,.F.);
#6292=ORIENTED_EDGE('',*,*,#8288,.F.);
#6293=ORIENTED_EDGE('',*,*,#8190,.F.);
#6294=ORIENTED_EDGE('',*,*,#7965,.F.);
#6295=ORIENTED_EDGE('',*,*,#8100,.F.);
#6296=ORIENTED_EDGE('',*,*,#8289,.F.);
#6297=ORIENTED_EDGE('',*,*,#8288,.T.);
#6298=ORIENTED_EDGE('',*,*,#7966,.F.);
#6299=ORIENTED_EDGE('',*,*,#8289,.T.);
#6300=ORIENTED_EDGE('',*,*,#7900,.F.);
#6301=ORIENTED_EDGE('',*,*,#7944,.F.);
#6302=ORIENTED_EDGE('',*,*,#7922,.F.);
#6303=ORIENTED_EDGE('',*,*,#8290,.F.);
#6304=ORIENTED_EDGE('',*,*,#8290,.T.);
#6305=ORIENTED_EDGE('',*,*,#8122,.F.);
#6306=ORIENTED_EDGE('',*,*,#8291,.F.);
#6307=ORIENTED_EDGE('',*,*,#7945,.F.);
#6308=ORIENTED_EDGE('',*,*,#7915,.F.);
#6309=ORIENTED_EDGE('',*,*,#7946,.F.);
#6310=ORIENTED_EDGE('',*,*,#8291,.T.);
#6311=VERTEX_POINT('',#12985);
#6312=VERTEX_POINT('',#12987);
#6313=VERTEX_POINT('',#12990);
#6314=VERTEX_POINT('',#12992);
#6315=VERTEX_POINT('',#12994);
#6316=VERTEX_POINT('',#12996);
#6317=VERTEX_POINT('',#12999);
#6318=VERTEX_POINT('',#13001);
#6319=VERTEX_POINT('',#13003);
#6320=VERTEX_POINT('',#13006);
#6321=VERTEX_POINT('',#13009);
#6322=VERTEX_POINT('',#13012);
#6323=VERTEX_POINT('',#13019);
#6324=VERTEX_POINT('',#13021);
#6325=VERTEX_POINT('',#13024);
#6326=VERTEX_POINT('',#13026);
#6327=VERTEX_POINT('',#13029);
#6328=VERTEX_POINT('',#13031);
#6329=VERTEX_POINT('',#13034);
#6330=VERTEX_POINT('',#13035);
#6331=VERTEX_POINT('',#13037);
#6332=VERTEX_POINT('',#13039);
#6333=VERTEX_POINT('',#13041);
#6334=VERTEX_POINT('',#13043);
#6335=VERTEX_POINT('',#13045);
#6336=VERTEX_POINT('',#13047);
#6337=VERTEX_POINT('',#13049);
#6338=VERTEX_POINT('',#13053);
#6339=VERTEX_POINT('',#13055);
#6340=VERTEX_POINT('',#13057);
#6341=VERTEX_POINT('',#13058);
#6342=VERTEX_POINT('',#13060);
#6343=VERTEX_POINT('',#13062);
#6344=VERTEX_POINT('',#13064);
#6345=VERTEX_POINT('',#13066);
#6346=VERTEX_POINT('',#13068);
#6347=VERTEX_POINT('',#13070);
#6348=VERTEX_POINT('',#13074);
#6349=VERTEX_POINT('',#13076);
#6350=VERTEX_POINT('',#13078);
#6351=VERTEX_POINT('',#13080);
#6352=VERTEX_POINT('',#13081);
#6353=VERTEX_POINT('',#13083);
#6354=VERTEX_POINT('',#13086);
#6355=VERTEX_POINT('',#13088);
#6356=VERTEX_POINT('',#13090);
#6357=VERTEX_POINT('',#13092);
#6358=VERTEX_POINT('',#13096);
#6359=VERTEX_POINT('',#13097);
#6360=VERTEX_POINT('',#13102);
#6361=VERTEX_POINT('',#13104);
#6362=VERTEX_POINT('',#13108);
#6363=VERTEX_POINT('',#13110);
#6364=VERTEX_POINT('',#13112);
#6365=VERTEX_POINT('',#13114);
#6366=VERTEX_POINT('',#13117);
#6367=VERTEX_POINT('',#13120);
#6368=VERTEX_POINT('',#13123);
#6369=VERTEX_POINT('',#13129);
#6370=VERTEX_POINT('',#13133);
#6371=VERTEX_POINT('',#13138);
#6372=VERTEX_POINT('',#13140);
#6373=VERTEX_POINT('',#13151);
#6374=VERTEX_POINT('',#13204);
#6375=VERTEX_POINT('',#13208);
#6376=VERTEX_POINT('',#13212);
#6377=VERTEX_POINT('',#13240);
#6378=VERTEX_POINT('',#13241);
#6379=VERTEX_POINT('',#13243);
#6380=VERTEX_POINT('',#13269);
#6381=VERTEX_POINT('',#13271);
#6382=VERTEX_POINT('',#13273);
#6383=VERTEX_POINT('',#13275);
#6384=VERTEX_POINT('',#13282);
#6385=VERTEX_POINT('',#13284);
#6386=VERTEX_POINT('',#13288);
#6387=VERTEX_POINT('',#13290);
#6388=VERTEX_POINT('',#13293);
#6389=VERTEX_POINT('',#13295);
#6390=VERTEX_POINT('',#13298);
#6391=VERTEX_POINT('',#13300);
#6392=VERTEX_POINT('',#13303);
#6393=VERTEX_POINT('',#13305);
#6394=VERTEX_POINT('',#13307);
#6395=VERTEX_POINT('',#13309);
#6396=VERTEX_POINT('',#13312);
#6397=VERTEX_POINT('',#13314);
#6398=VERTEX_POINT('',#13318);
#6399=VERTEX_POINT('',#13320);
#6400=VERTEX_POINT('',#13324);
#6401=VERTEX_POINT('',#13326);
#6402=VERTEX_POINT('',#13334);
#6403=VERTEX_POINT('',#13336);
#6404=VERTEX_POINT('',#13339);
#6405=VERTEX_POINT('',#13342);
#6406=VERTEX_POINT('',#13344);
#6407=VERTEX_POINT('',#13346);
#6408=VERTEX_POINT('',#13348);
#6409=VERTEX_POINT('',#13350);
#6410=VERTEX_POINT('',#13352);
#6411=VERTEX_POINT('',#13354);
#6412=VERTEX_POINT('',#13358);
#6413=VERTEX_POINT('',#13359);
#6414=VERTEX_POINT('',#13364);
#6415=VERTEX_POINT('',#13365);
#6416=VERTEX_POINT('',#13367);
#6417=VERTEX_POINT('',#13369);
#6418=VERTEX_POINT('',#13371);
#6419=VERTEX_POINT('',#13373);
#6420=VERTEX_POINT('',#13376);
#6421=VERTEX_POINT('',#13380);
#6422=VERTEX_POINT('',#13382);
#6423=VERTEX_POINT('',#13389);
#6424=VERTEX_POINT('',#13391);
#6425=VERTEX_POINT('',#13396);
#6426=VERTEX_POINT('',#13403);
#6427=VERTEX_POINT('',#13409);
#6428=VERTEX_POINT('',#13411);
#6429=VERTEX_POINT('',#13424);
#6430=VERTEX_POINT('',#13428);
#6431=VERTEX_POINT('',#13432);
#6432=VERTEX_POINT('',#13433);
#6433=VERTEX_POINT('',#13435);
#6434=VERTEX_POINT('',#13437);
#6435=VERTEX_POINT('',#13441);
#6436=VERTEX_POINT('',#13442);
#6437=VERTEX_POINT('',#13444);
#6438=VERTEX_POINT('',#13446);
#6439=VERTEX_POINT('',#13450);
#6440=VERTEX_POINT('',#13451);
#6441=VERTEX_POINT('',#13453);
#6442=VERTEX_POINT('',#13455);
#6443=VERTEX_POINT('',#13459);
#6444=VERTEX_POINT('',#13461);
#6445=VERTEX_POINT('',#13463);
#6446=VERTEX_POINT('',#13465);
#6447=VERTEX_POINT('',#13467);
#6448=VERTEX_POINT('',#13469);
#6449=VERTEX_POINT('',#13471);
#6450=VERTEX_POINT('',#13472);
#6451=VERTEX_POINT('',#13474);
#6452=VERTEX_POINT('',#13476);
#6453=VERTEX_POINT('',#13479);
#6454=VERTEX_POINT('',#13481);
#6455=VERTEX_POINT('',#13486);
#6456=VERTEX_POINT('',#13488);
#6457=VERTEX_POINT('',#13490);
#6458=VERTEX_POINT('',#13492);
#6459=VERTEX_POINT('',#13494);
#6460=VERTEX_POINT('',#13496);
#6461=VERTEX_POINT('',#13498);
#6462=VERTEX_POINT('',#13500);
#6463=VERTEX_POINT('',#13502);
#6464=VERTEX_POINT('',#13504);
#6465=VERTEX_POINT('',#13506);
#6466=VERTEX_POINT('',#13508);
#6467=VERTEX_POINT('',#13510);
#6468=VERTEX_POINT('',#13512);
#6469=VERTEX_POINT('',#13514);
#6470=VERTEX_POINT('',#13516);
#6471=VERTEX_POINT('',#13518);
#6472=VERTEX_POINT('',#13520);
#6473=VERTEX_POINT('',#13522);
#6474=VERTEX_POINT('',#13525);
#6475=VERTEX_POINT('',#13527);
#6476=VERTEX_POINT('',#13529);
#6477=VERTEX_POINT('',#13531);
#6478=VERTEX_POINT('',#13533);
#6479=VERTEX_POINT('',#13535);
#6480=VERTEX_POINT('',#13537);
#6481=VERTEX_POINT('',#13539);
#6482=VERTEX_POINT('',#13541);
#6483=VERTEX_POINT('',#13543);
#6484=VERTEX_POINT('',#13545);
#6485=VERTEX_POINT('',#13547);
#6486=VERTEX_POINT('',#13549);
#6487=VERTEX_POINT('',#13551);
#6488=VERTEX_POINT('',#13553);
#6489=VERTEX_POINT('',#13555);
#6490=VERTEX_POINT('',#13556);
#6491=VERTEX_POINT('',#13558);
#6492=VERTEX_POINT('',#13560);
#6493=VERTEX_POINT('',#13564);
#6494=VERTEX_POINT('',#13566);
#6495=VERTEX_POINT('',#13570);
#6496=VERTEX_POINT('',#13572);
#6497=VERTEX_POINT('',#13574);
#6498=VERTEX_POINT('',#13576);
#6499=VERTEX_POINT('',#13578);
#6500=VERTEX_POINT('',#13580);
#6501=VERTEX_POINT('',#13582);
#6502=VERTEX_POINT('',#13584);
#6503=VERTEX_POINT('',#13586);
#6504=VERTEX_POINT('',#13588);
#6505=VERTEX_POINT('',#13591);
#6506=VERTEX_POINT('',#13594);
#6507=VERTEX_POINT('',#13597);
#6508=VERTEX_POINT('',#13600);
#6509=VERTEX_POINT('',#13603);
#6510=VERTEX_POINT('',#13606);
#6511=VERTEX_POINT('',#13609);
#6512=VERTEX_POINT('',#13612);
#6513=VERTEX_POINT('',#13628);
#6514=VERTEX_POINT('',#13631);
#6515=VERTEX_POINT('',#13633);
#6516=VERTEX_POINT('',#13636);
#6517=VERTEX_POINT('',#13639);
#6518=VERTEX_POINT('',#13641);
#6519=VERTEX_POINT('',#13644);
#6520=VERTEX_POINT('',#13647);
#6521=VERTEX_POINT('',#13649);
#6522=VERTEX_POINT('',#13652);
#6523=VERTEX_POINT('',#13655);
#6524=VERTEX_POINT('',#13657);
#6525=VERTEX_POINT('',#13660);
#6526=VERTEX_POINT('',#13663);
#6527=VERTEX_POINT('',#13666);
#6528=VERTEX_POINT('',#13669);
#6529=VERTEX_POINT('',#13680);
#6530=VERTEX_POINT('',#13683);
#6531=VERTEX_POINT('',#13686);
#6532=VERTEX_POINT('',#13692);
#6533=VERTEX_POINT('',#13695);
#6534=VERTEX_POINT('',#13698);
#6535=VERTEX_POINT('',#13701);
#6536=VERTEX_POINT('',#13718);
#6537=VERTEX_POINT('',#13721);
#6538=VERTEX_POINT('',#13724);
#6539=VERTEX_POINT('',#13730);
#6540=VERTEX_POINT('',#13733);
#6541=VERTEX_POINT('',#13736);
#6542=VERTEX_POINT('',#13742);
#6543=VERTEX_POINT('',#13743);
#6544=VERTEX_POINT('',#13745);
#6545=VERTEX_POINT('',#13747);
#6546=VERTEX_POINT('',#13749);
#6547=VERTEX_POINT('',#13751);
#6548=VERTEX_POINT('',#13753);
#6549=VERTEX_POINT('',#13755);
#6550=VERTEX_POINT('',#13757);
#6551=VERTEX_POINT('',#13759);
#6552=VERTEX_POINT('',#13762);
#6553=VERTEX_POINT('',#13764);
#6554=VERTEX_POINT('',#13766);
#6555=VERTEX_POINT('',#13768);
#6556=VERTEX_POINT('',#13770);
#6557=VERTEX_POINT('',#13773);
#6558=VERTEX_POINT('',#13775);
#6559=VERTEX_POINT('',#13777);
#6560=VERTEX_POINT('',#13779);
#6561=VERTEX_POINT('',#13781);
#6562=VERTEX_POINT('',#13783);
#6563=VERTEX_POINT('',#13784);
#6564=VERTEX_POINT('',#13786);
#6565=VERTEX_POINT('',#13788);
#6566=VERTEX_POINT('',#13790);
#6567=VERTEX_POINT('',#13792);
#6568=VERTEX_POINT('',#13794);
#6569=VERTEX_POINT('',#13796);
#6570=VERTEX_POINT('',#13798);
#6571=VERTEX_POINT('',#13801);
#6572=VERTEX_POINT('',#13803);
#6573=VERTEX_POINT('',#13805);
#6574=VERTEX_POINT('',#13807);
#6575=VERTEX_POINT('',#13809);
#6576=VERTEX_POINT('',#13811);
#6577=VERTEX_POINT('',#13813);
#6578=VERTEX_POINT('',#13815);
#6579=VERTEX_POINT('',#13817);
#6580=VERTEX_POINT('',#13821);
#6581=VERTEX_POINT('',#13823);
#6582=VERTEX_POINT('',#13825);
#6583=VERTEX_POINT('',#13827);
#6584=VERTEX_POINT('',#13829);
#6585=VERTEX_POINT('',#13831);
#6586=VERTEX_POINT('',#13832);
#6587=VERTEX_POINT('',#13834);
#6588=VERTEX_POINT('',#13836);
#6589=VERTEX_POINT('',#13838);
#6590=VERTEX_POINT('',#13840);
#6591=VERTEX_POINT('',#13842);
#6592=VERTEX_POINT('',#13844);
#6593=VERTEX_POINT('',#13846);
#6594=VERTEX_POINT('',#13848);
#6595=VERTEX_POINT('',#13850);
#6596=VERTEX_POINT('',#13852);
#6597=VERTEX_POINT('',#13854);
#6598=VERTEX_POINT('',#13857);
#6599=VERTEX_POINT('',#13859);
#6600=VERTEX_POINT('',#13861);
#6601=VERTEX_POINT('',#13863);
#6602=VERTEX_POINT('',#13865);
#6603=VERTEX_POINT('',#13869);
#6604=VERTEX_POINT('',#13870);
#6605=VERTEX_POINT('',#13875);
#6606=VERTEX_POINT('',#13877);
#6607=VERTEX_POINT('',#13881);
#6608=VERTEX_POINT('',#13883);
#6609=VERTEX_POINT('',#13887);
#6610=VERTEX_POINT('',#13889);
#6611=VERTEX_POINT('',#13891);
#6612=VERTEX_POINT('',#13893);
#6613=VERTEX_POINT('',#13895);
#6614=VERTEX_POINT('',#13897);
#6615=VERTEX_POINT('',#13900);
#6616=VERTEX_POINT('',#13902);
#6617=VERTEX_POINT('',#13904);
#6618=VERTEX_POINT('',#13906);
#6619=VERTEX_POINT('',#13910);
#6620=VERTEX_POINT('',#13911);
#6621=VERTEX_POINT('',#13916);
#6622=VERTEX_POINT('',#13917);
#6623=VERTEX_POINT('',#13919);
#6624=VERTEX_POINT('',#13921);
#6625=VERTEX_POINT('',#13925);
#6626=VERTEX_POINT('',#13926);
#6627=VERTEX_POINT('',#13931);
#6628=VERTEX_POINT('',#13932);
#6629=VERTEX_POINT('',#13934);
#6630=VERTEX_POINT('',#13936);
#6631=VERTEX_POINT('',#13940);
#6632=VERTEX_POINT('',#13942);
#6633=VERTEX_POINT('',#13944);
#6634=VERTEX_POINT('',#13946);
#6635=VERTEX_POINT('',#13948);
#6636=VERTEX_POINT('',#13950);
#6637=VERTEX_POINT('',#13952);
#6638=VERTEX_POINT('',#13955);
#6639=VERTEX_POINT('',#13957);
#6640=VERTEX_POINT('',#13960);
#6641=VERTEX_POINT('',#13962);
#6642=VERTEX_POINT('',#13964);
#6643=VERTEX_POINT('',#13967);
#6644=VERTEX_POINT('',#13971);
#6645=VERTEX_POINT('',#13974);
#6646=VERTEX_POINT('',#13977);
#6647=VERTEX_POINT('',#13980);
#6648=VERTEX_POINT('',#13983);
#6649=VERTEX_POINT('',#13984);
#6650=VERTEX_POINT('',#13986);
#6651=VERTEX_POINT('',#13989);
#6652=VERTEX_POINT('',#13991);
#6653=VERTEX_POINT('',#13994);
#6654=VERTEX_POINT('',#13996);
#6655=VERTEX_POINT('',#13998);
#6656=VERTEX_POINT('',#14001);
#6657=VERTEX_POINT('',#14003);
#6658=VERTEX_POINT('',#14005);
#6659=VERTEX_POINT('',#14009);
#6660=VERTEX_POINT('',#14010);
#6661=VERTEX_POINT('',#14012);
#6662=VERTEX_POINT('',#14014);
#6663=VERTEX_POINT('',#14016);
#6664=VERTEX_POINT('',#14018);
#6665=VERTEX_POINT('',#14020);
#6666=VERTEX_POINT('',#14022);
#6667=VERTEX_POINT('',#14024);
#6668=VERTEX_POINT('',#14026);
#6669=VERTEX_POINT('',#14028);
#6670=VERTEX_POINT('',#14030);
#6671=VERTEX_POINT('',#14032);
#6672=VERTEX_POINT('',#14034);
#6673=VERTEX_POINT('',#14036);
#6674=VERTEX_POINT('',#14038);
#6675=VERTEX_POINT('',#14040);
#6676=VERTEX_POINT('',#14042);
#6677=VERTEX_POINT('',#14044);
#6678=VERTEX_POINT('',#14046);
#6679=VERTEX_POINT('',#14048);
#6680=VERTEX_POINT('',#14050);
#6681=VERTEX_POINT('',#14052);
#6682=VERTEX_POINT('',#14054);
#6683=VERTEX_POINT('',#14057);
#6684=VERTEX_POINT('',#14058);
#6685=VERTEX_POINT('',#14060);
#6686=VERTEX_POINT('',#14062);
#6687=VERTEX_POINT('',#14064);
#6688=VERTEX_POINT('',#14066);
#6689=VERTEX_POINT('',#14068);
#6690=VERTEX_POINT('',#14070);
#6691=VERTEX_POINT('',#14072);
#6692=VERTEX_POINT('',#14074);
#6693=VERTEX_POINT('',#14076);
#6694=VERTEX_POINT('',#14078);
#6695=VERTEX_POINT('',#14080);
#6696=VERTEX_POINT('',#14082);
#6697=VERTEX_POINT('',#14084);
#6698=VERTEX_POINT('',#14086);
#6699=VERTEX_POINT('',#14088);
#6700=VERTEX_POINT('',#14090);
#6701=VERTEX_POINT('',#14092);
#6702=VERTEX_POINT('',#14094);
#6703=VERTEX_POINT('',#14096);
#6704=VERTEX_POINT('',#14098);
#6705=VERTEX_POINT('',#14100);
#6706=VERTEX_POINT('',#14102);
#6707=VERTEX_POINT('',#14106);
#6708=VERTEX_POINT('',#14107);
#6709=VERTEX_POINT('',#14110);
#6710=VERTEX_POINT('',#14112);
#6711=VERTEX_POINT('',#14115);
#6712=VERTEX_POINT('',#14117);
#6713=VERTEX_POINT('',#14120);
#6714=VERTEX_POINT('',#14122);
#6715=VERTEX_POINT('',#14127);
#6716=VERTEX_POINT('',#14128);
#6717=VERTEX_POINT('',#14131);
#6718=VERTEX_POINT('',#14133);
#6719=VERTEX_POINT('',#14136);
#6720=VERTEX_POINT('',#14138);
#6721=VERTEX_POINT('',#14141);
#6722=VERTEX_POINT('',#14143);
#6723=VERTEX_POINT('',#14148);
#6724=VERTEX_POINT('',#14151);
#6725=VERTEX_POINT('',#14154);
#6726=VERTEX_POINT('',#14157);
#6727=VERTEX_POINT('',#14162);
#6728=VERTEX_POINT('',#14163);
#6729=VERTEX_POINT('',#14165);
#6730=VERTEX_POINT('',#14167);
#6731=VERTEX_POINT('',#14179);
#6732=VERTEX_POINT('',#14180);
#6733=VERTEX_POINT('',#14185);
#6734=VERTEX_POINT('',#14189);
#6735=VERTEX_POINT('',#14196);
#6736=VERTEX_POINT('',#14198);
#6737=VERTEX_POINT('',#14202);
#6738=VERTEX_POINT('',#14203);
#6739=VERTEX_POINT('',#14213);
#6740=VERTEX_POINT('',#14214);
#6741=VERTEX_POINT('',#14219);
#6742=VERTEX_POINT('',#14223);
#6743=VERTEX_POINT('',#14230);
#6744=VERTEX_POINT('',#14231);
#6745=VERTEX_POINT('',#14233);
#6746=VERTEX_POINT('',#14235);
#6747=VERTEX_POINT('',#14247);
#6748=VERTEX_POINT('',#14248);
#6749=VERTEX_POINT('',#14251);
#6750=VERTEX_POINT('',#14253);
#6751=VERTEX_POINT('',#14264);
#6752=VERTEX_POINT('',#14265);
#6753=VERTEX_POINT('',#14268);
#6754=VERTEX_POINT('',#14270);
#6755=VERTEX_POINT('',#14281);
#6756=VERTEX_POINT('',#14283);
#6757=VERTEX_POINT('',#14287);
#6758=VERTEX_POINT('',#14288);
#6759=VERTEX_POINT('',#14314);
#6760=VERTEX_POINT('',#14318);
#6761=VERTEX_POINT('',#14322);
#6762=VERTEX_POINT('',#14324);
#6763=VERTEX_POINT('',#14328);
#6764=VERTEX_POINT('',#14330);
#6765=VERTEX_POINT('',#14334);
#6766=VERTEX_POINT('',#14336);
#6767=VERTEX_POINT('',#14371);
#6768=VERTEX_POINT('',#14373);
#6769=VERTEX_POINT('',#14377);
#6770=VERTEX_POINT('',#14379);
#6771=VERTEX_POINT('',#14383);
#6772=VERTEX_POINT('',#14385);
#6773=VERTEX_POINT('',#14389);
#6774=VERTEX_POINT('',#14391);
#6775=VERTEX_POINT('',#14395);
#6776=VERTEX_POINT('',#14397);
#6777=VERTEX_POINT('',#14406);
#6778=VERTEX_POINT('',#14408);
#6779=VERTEX_POINT('',#14412);
#6780=VERTEX_POINT('',#14414);
#6781=VERTEX_POINT('',#14418);
#6782=VERTEX_POINT('',#14420);
#6783=VERTEX_POINT('',#14424);
#6784=VERTEX_POINT('',#14426);
#6785=VERTEX_POINT('',#14430);
#6786=VERTEX_POINT('',#14432);
#6787=VERTEX_POINT('',#14471);
#6788=VERTEX_POINT('',#14472);
#6789=VERTEX_POINT('',#14474);
#6790=VERTEX_POINT('',#14476);
#6791=VERTEX_POINT('',#14480);
#6792=VERTEX_POINT('',#14482);
#6793=VERTEX_POINT('',#14484);
#6794=VERTEX_POINT('',#14486);
#6795=VERTEX_POINT('',#14488);
#6796=VERTEX_POINT('',#14489);
#6797=VERTEX_POINT('',#14491);
#6798=VERTEX_POINT('',#14494);
#6799=VERTEX_POINT('',#14496);
#6800=VERTEX_POINT('',#14498);
#6801=VERTEX_POINT('',#14500);
#6802=VERTEX_POINT('',#14502);
#6803=VERTEX_POINT('',#14504);
#6804=VERTEX_POINT('',#14506);
#6805=VERTEX_POINT('',#14508);
#6806=VERTEX_POINT('',#14511);
#6807=VERTEX_POINT('',#14514);
#6808=VERTEX_POINT('',#14516);
#6809=VERTEX_POINT('',#14518);
#6810=VERTEX_POINT('',#14520);
#6811=VERTEX_POINT('',#14522);
#6812=VERTEX_POINT('',#14524);
#6813=VERTEX_POINT('',#14526);
#6814=VERTEX_POINT('',#14528);
#6815=VERTEX_POINT('',#14532);
#6816=VERTEX_POINT('',#14533);
#6817=VERTEX_POINT('',#14538);
#6818=VERTEX_POINT('',#14539);
#6819=VERTEX_POINT('',#14544);
#6820=VERTEX_POINT('',#14546);
#6821=VERTEX_POINT('',#14550);
#6822=VERTEX_POINT('',#14552);
#6823=VERTEX_POINT('',#14554);
#6824=VERTEX_POINT('',#14556);
#6825=VERTEX_POINT('',#14558);
#6826=VERTEX_POINT('',#14560);
#6827=VERTEX_POINT('',#14562);
#6828=VERTEX_POINT('',#14564);
#6829=VERTEX_POINT('',#14566);
#6830=VERTEX_POINT('',#14568);
#6831=VERTEX_POINT('',#14571);
#6832=VERTEX_POINT('',#14573);
#6833=VERTEX_POINT('',#14575);
#6834=VERTEX_POINT('',#14577);
#6835=VERTEX_POINT('',#14579);
#6836=VERTEX_POINT('',#14581);
#6837=VERTEX_POINT('',#14586);
#6838=VERTEX_POINT('',#14588);
#6839=VERTEX_POINT('',#14590);
#6840=VERTEX_POINT('',#14592);
#6841=VERTEX_POINT('',#14595);
#6842=VERTEX_POINT('',#14598);
#6843=VERTEX_POINT('',#14600);
#6844=VERTEX_POINT('',#14603);
#6845=VERTEX_POINT('',#14606);
#6846=VERTEX_POINT('',#14608);
#6847=VERTEX_POINT('',#14611);
#6848=VERTEX_POINT('',#14614);
#6849=VERTEX_POINT('',#14616);
#6850=VERTEX_POINT('',#14619);
#6851=VERTEX_POINT('',#14622);
#6852=VERTEX_POINT('',#14624);
#6853=VERTEX_POINT('',#14627);
#6854=VERTEX_POINT('',#14630);
#6855=VERTEX_POINT('',#14633);
#6856=VERTEX_POINT('',#14636);
#6857=VERTEX_POINT('',#14673);
#6858=VERTEX_POINT('',#14676);
#6859=VERTEX_POINT('',#14679);
#6860=VERTEX_POINT('',#14682);
#6861=VERTEX_POINT('',#14689);
#6862=VERTEX_POINT('',#14690);
#6863=VERTEX_POINT('',#14692);
#6864=VERTEX_POINT('',#14694);
#6865=VERTEX_POINT('',#14698);
#6866=VERTEX_POINT('',#14699);
#6867=VERTEX_POINT('',#14701);
#6868=VERTEX_POINT('',#14703);
#6869=VERTEX_POINT('',#14707);
#6870=VERTEX_POINT('',#14708);
#6871=VERTEX_POINT('',#14710);
#6872=VERTEX_POINT('',#14712);
#6873=VERTEX_POINT('',#14714);
#6874=VERTEX_POINT('',#14716);
#6875=VERTEX_POINT('',#14719);
#6876=VERTEX_POINT('',#14721);
#6877=VERTEX_POINT('',#14723);
#6878=VERTEX_POINT('',#14725);
#6879=VERTEX_POINT('',#14727);
#6880=VERTEX_POINT('',#14729);
#6881=VERTEX_POINT('',#14731);
#6882=VERTEX_POINT('',#14733);
#6883=VERTEX_POINT('',#14735);
#6884=VERTEX_POINT('',#14737);
#6885=VERTEX_POINT('',#14739);
#6886=VERTEX_POINT('',#14741);
#6887=VERTEX_POINT('',#14743);
#6888=VERTEX_POINT('',#14745);
#6889=VERTEX_POINT('',#14748);
#6890=VERTEX_POINT('',#14749);
#6891=VERTEX_POINT('',#14751);
#6892=VERTEX_POINT('',#14753);
#6893=VERTEX_POINT('',#14755);
#6894=VERTEX_POINT('',#14757);
#6895=VERTEX_POINT('',#14759);
#6896=VERTEX_POINT('',#14761);
#6897=VERTEX_POINT('',#14763);
#6898=VERTEX_POINT('',#14765);
#6899=VERTEX_POINT('',#14769);
#6900=VERTEX_POINT('',#14771);
#6901=VERTEX_POINT('',#14773);
#6902=VERTEX_POINT('',#14775);
#6903=VERTEX_POINT('',#14777);
#6904=VERTEX_POINT('',#14779);
#6905=VERTEX_POINT('',#14781);
#6906=VERTEX_POINT('',#14783);
#6907=VERTEX_POINT('',#14785);
#6908=VERTEX_POINT('',#14787);
#6909=VERTEX_POINT('',#14789);
#6910=VERTEX_POINT('',#14791);
#6911=VERTEX_POINT('',#14793);
#6912=VERTEX_POINT('',#14795);
#6913=VERTEX_POINT('',#14797);
#6914=VERTEX_POINT('',#14799);
#6915=VERTEX_POINT('',#14801);
#6916=VERTEX_POINT('',#14803);
#6917=VERTEX_POINT('',#14805);
#6918=VERTEX_POINT('',#14807);
#6919=VERTEX_POINT('',#14809);
#6920=VERTEX_POINT('',#14811);
#6921=VERTEX_POINT('',#14813);
#6922=VERTEX_POINT('',#14815);
#6923=VERTEX_POINT('',#14818);
#6924=VERTEX_POINT('',#14820);
#6925=VERTEX_POINT('',#14822);
#6926=VERTEX_POINT('',#14824);
#6927=VERTEX_POINT('',#14826);
#6928=VERTEX_POINT('',#14829);
#6929=VERTEX_POINT('',#14837);
#6930=VERTEX_POINT('',#14857);
#6931=VERTEX_POINT('',#14859);
#6932=VERTEX_POINT('',#14861);
#6933=VERTEX_POINT('',#14865);
#6934=VERTEX_POINT('',#14866);
#6935=VERTEX_POINT('',#14873);
#6936=VERTEX_POINT('',#14878);
#6937=VERTEX_POINT('',#14881);
#6938=VERTEX_POINT('',#14885);
#6939=VERTEX_POINT('',#14886);
#6940=VERTEX_POINT('',#14888);
#6941=VERTEX_POINT('',#14890);
#6942=VERTEX_POINT('',#14892);
#6943=VERTEX_POINT('',#14894);
#6944=VERTEX_POINT('',#14896);
#6945=VERTEX_POINT('',#14898);
#6946=VERTEX_POINT('',#14901);
#6947=VERTEX_POINT('',#14903);
#6948=VERTEX_POINT('',#14907);
#6949=VERTEX_POINT('',#14908);
#6950=VERTEX_POINT('',#14910);
#6951=VERTEX_POINT('',#14912);
#6952=VERTEX_POINT('',#14914);
#6953=VERTEX_POINT('',#14916);
#6954=VERTEX_POINT('',#14918);
#6955=VERTEX_POINT('',#14933);
#6956=VERTEX_POINT('',#14935);
#6957=VERTEX_POINT('',#14950);
#6958=VERTEX_POINT('',#14952);
#6959=VERTEX_POINT('',#14954);
#6960=VERTEX_POINT('',#14958);
#6961=VERTEX_POINT('',#14959);
#6962=VERTEX_POINT('',#14961);
#6963=VERTEX_POINT('',#14963);
#6964=VERTEX_POINT('',#14967);
#6965=VERTEX_POINT('',#14968);
#6966=VERTEX_POINT('',#14970);
#6967=VERTEX_POINT('',#14972);
#6968=VERTEX_POINT('',#14974);
#6969=VERTEX_POINT('',#14976);
#6970=VERTEX_POINT('',#14978);
#6971=VERTEX_POINT('',#14983);
#6972=VERTEX_POINT('',#14994);
#6973=VERTEX_POINT('',#14996);
#6974=VERTEX_POINT('',#15007);
#6975=VERTEX_POINT('',#15012);
#6976=VERTEX_POINT('',#15014);
#6977=VERTEX_POINT('',#15016);
#6978=VERTEX_POINT('',#15020);
#6979=VERTEX_POINT('',#15021);
#6980=VERTEX_POINT('',#15023);
#6981=VERTEX_POINT('',#15025);
#6982=VERTEX_POINT('',#15027);
#6983=VERTEX_POINT('',#15029);
#6984=VERTEX_POINT('',#15031);
#6985=VERTEX_POINT('',#15033);
#6986=VERTEX_POINT('',#15035);
#6987=VERTEX_POINT('',#15037);
#6988=VERTEX_POINT('',#15039);
#6989=VERTEX_POINT('',#15041);
#6990=VERTEX_POINT('',#15043);
#6991=VERTEX_POINT('',#15045);
#6992=VERTEX_POINT('',#15049);
#6993=VERTEX_POINT('',#15050);
#6994=VERTEX_POINT('',#15052);
#6995=VERTEX_POINT('',#15061);
#6996=VERTEX_POINT('',#15065);
#6997=VERTEX_POINT('',#15067);
#6998=VERTEX_POINT('',#15068);
#6999=VERTEX_POINT('',#15070);
#7000=VERTEX_POINT('',#15072);
#7001=VERTEX_POINT('',#15074);
#7002=VERTEX_POINT('',#15076);
#7003=VERTEX_POINT('',#15080);
#7004=VERTEX_POINT('',#15081);
#7005=VERTEX_POINT('',#15083);
#7006=VERTEX_POINT('',#15085);
#7007=VERTEX_POINT('',#15087);
#7008=VERTEX_POINT('',#15095);
#7009=VERTEX_POINT('',#15099);
#7010=VERTEX_POINT('',#15100);
#7011=VERTEX_POINT('',#15105);
#7012=VERTEX_POINT('',#15107);
#7013=VERTEX_POINT('',#15108);
#7014=VERTEX_POINT('',#15110);
#7015=VERTEX_POINT('',#15112);
#7016=VERTEX_POINT('',#15114);
#7017=VERTEX_POINT('',#15116);
#7018=VERTEX_POINT('',#15120);
#7019=VERTEX_POINT('',#15122);
#7020=VERTEX_POINT('',#15133);
#7021=VERTEX_POINT('',#15137);
#7022=VERTEX_POINT('',#15139);
#7023=VERTEX_POINT('',#15141);
#7024=VERTEX_POINT('',#15174);
#7025=VERTEX_POINT('',#15177);
#7026=VERTEX_POINT('',#15180);
#7027=VERTEX_POINT('',#15181);
#7028=VERTEX_POINT('',#15186);
#7029=VERTEX_POINT('',#15188);
#7030=VERTEX_POINT('',#15192);
#7031=VERTEX_POINT('',#15194);
#7032=VERTEX_POINT('',#15197);
#7033=VERTEX_POINT('',#15199);
#7034=VERTEX_POINT('',#15202);
#7035=VERTEX_POINT('',#15204);
#7036=VERTEX_POINT('',#15207);
#7037=VERTEX_POINT('',#15209);
#7038=VERTEX_POINT('',#15212);
#7039=VERTEX_POINT('',#15214);
#7040=VERTEX_POINT('',#15222);
#7041=VERTEX_POINT('',#15223);
#7042=VERTEX_POINT('',#15225);
#7043=VERTEX_POINT('',#15227);
#7044=VERTEX_POINT('',#15229);
#7045=VERTEX_POINT('',#15231);
#7046=VERTEX_POINT('',#15233);
#7047=VERTEX_POINT('',#15235);
#7048=VERTEX_POINT('',#15239);
#7049=VERTEX_POINT('',#15240);
#7050=VERTEX_POINT('',#15242);
#7051=VERTEX_POINT('',#15244);
#7052=VERTEX_POINT('',#15248);
#7053=VERTEX_POINT('',#15249);
#7054=VERTEX_POINT('',#15251);
#7055=VERTEX_POINT('',#15253);
#7056=VERTEX_POINT('',#15257);
#7057=VERTEX_POINT('',#15258);
#7058=VERTEX_POINT('',#15260);
#7059=VERTEX_POINT('',#15262);
#7060=VERTEX_POINT('',#15264);
#7061=VERTEX_POINT('',#15266);
#7062=VERTEX_POINT('',#15268);
#7063=VERTEX_POINT('',#15270);
#7064=VERTEX_POINT('',#15286);
#7065=VERTEX_POINT('',#15287);
#7066=VERTEX_POINT('',#15290);
#7067=VERTEX_POINT('',#15292);
#7068=VERTEX_POINT('',#15294);
#7069=VERTEX_POINT('',#15296);
#7070=VERTEX_POINT('',#15298);
#7071=VERTEX_POINT('',#15300);
#7072=VERTEX_POINT('',#15302);
#7073=VERTEX_POINT('',#15304);
#7074=VERTEX_POINT('',#15308);
#7075=VERTEX_POINT('',#15309);
#7076=VERTEX_POINT('',#15311);
#7077=VERTEX_POINT('',#15313);
#7078=VERTEX_POINT('',#15336);
#7079=VERTEX_POINT('',#15356);
#7080=VERTEX_POINT('',#15358);
#7081=VERTEX_POINT('',#15360);
#7082=VERTEX_POINT('',#15364);
#7083=VERTEX_POINT('',#15365);
#7084=VERTEX_POINT('',#15372);
#7085=VERTEX_POINT('',#15379);
#7086=VERTEX_POINT('',#15383);
#7087=VERTEX_POINT('',#15385);
#7088=VERTEX_POINT('',#15390);
#7089=VERTEX_POINT('',#15392);
#7090=VERTEX_POINT('',#15407);
#7091=VERTEX_POINT('',#15409);
#7092=VERTEX_POINT('',#15413);
#7093=VERTEX_POINT('',#15415);
#7094=VERTEX_POINT('',#15419);
#7095=VERTEX_POINT('',#15421);
#7096=VERTEX_POINT('',#15425);
#7097=VERTEX_POINT('',#15427);
#7098=VERTEX_POINT('',#15435);
#7099=VERTEX_POINT('',#15437);
#7100=VERTEX_POINT('',#15441);
#7101=VERTEX_POINT('',#15445);
#7102=VERTEX_POINT('',#15449);
#7103=VERTEX_POINT('',#15453);
#7104=VERTEX_POINT('',#15457);
#7105=VERTEX_POINT('',#15461);
#7106=VERTEX_POINT('',#15465);
#7107=VERTEX_POINT('',#15469);
#7108=VERTEX_POINT('',#15483);
#7109=VERTEX_POINT('',#15488);
#7110=VERTEX_POINT('',#15500);
#7111=VERTEX_POINT('',#15501);
#7112=VERTEX_POINT('',#15503);
#7113=VERTEX_POINT('',#15505);
#7114=VERTEX_POINT('',#15509);
#7115=VERTEX_POINT('',#15510);
#7116=VERTEX_POINT('',#15512);
#7117=VERTEX_POINT('',#15514);
#7118=VERTEX_POINT('',#15516);
#7119=VERTEX_POINT('',#15518);
#7120=VERTEX_POINT('',#15520);
#7121=VERTEX_POINT('',#15522);
#7122=VERTEX_POINT('',#15526);
#7123=VERTEX_POINT('',#15527);
#7124=VERTEX_POINT('',#15529);
#7125=VERTEX_POINT('',#15531);
#7126=VERTEX_POINT('',#15533);
#7127=VERTEX_POINT('',#15535);
#7128=VERTEX_POINT('',#15537);
#7129=VERTEX_POINT('',#15539);
#7130=VERTEX_POINT('',#15543);
#7131=VERTEX_POINT('',#15544);
#7132=VERTEX_POINT('',#15546);
#7133=VERTEX_POINT('',#15548);
#7134=EDGE_CURVE('',#6311,#6311,#8292,.T.);
#7135=EDGE_CURVE('',#6312,#6312,#8293,.T.);
#7136=EDGE_CURVE('',#6313,#6313,#8294,.T.);
#7137=EDGE_CURVE('',#6314,#6314,#8295,.T.);
#7138=EDGE_CURVE('',#6315,#6315,#8296,.T.);
#7139=EDGE_CURVE('',#6316,#6316,#8297,.T.);
#7140=EDGE_CURVE('',#6317,#6317,#8298,.T.);
#7141=EDGE_CURVE('',#6318,#6318,#8299,.T.);
#7142=EDGE_CURVE('',#6319,#6319,#8300,.T.);
#7143=EDGE_CURVE('',#6320,#6320,#8301,.T.);
#7144=EDGE_CURVE('',#6321,#6321,#8302,.T.);
#7145=EDGE_CURVE('',#6322,#6322,#8303,.T.);
#7146=EDGE_CURVE('',#6323,#6323,#8304,.T.);
#7147=EDGE_CURVE('',#6324,#6324,#8305,.T.);
#7148=EDGE_CURVE('',#6325,#6325,#8306,.T.);
#7149=EDGE_CURVE('',#6326,#6326,#8307,.T.);
#7150=EDGE_CURVE('',#6327,#6327,#8308,.T.);
#7151=EDGE_CURVE('',#6328,#6328,#8309,.T.);
#7152=EDGE_CURVE('',#6329,#6330,#504,.T.);
#7153=EDGE_CURVE('',#6329,#6331,#8310,.T.);
#7154=EDGE_CURVE('',#6332,#6331,#505,.T.);
#7155=EDGE_CURVE('',#6332,#6333,#8311,.T.);
#7156=EDGE_CURVE('',#6334,#6333,#506,.T.);
#7157=EDGE_CURVE('',#6334,#6335,#507,.T.);
#7158=EDGE_CURVE('',#6335,#6336,#508,.T.);
#7159=EDGE_CURVE('',#6337,#6336,#509,.T.);
#7160=EDGE_CURVE('',#6337,#6330,#8312,.T.);
#7161=EDGE_CURVE('',#6338,#6338,#8313,.T.);
#7162=EDGE_CURVE('',#6339,#6339,#8314,.T.);
#7163=EDGE_CURVE('',#6340,#6341,#510,.T.);
#7164=EDGE_CURVE('',#6341,#6342,#8315,.T.);
#7165=EDGE_CURVE('',#6342,#6343,#511,.T.);
#7166=EDGE_CURVE('',#6344,#6343,#512,.T.);
#7167=EDGE_CURVE('',#6344,#6345,#8316,.T.);
#7168=EDGE_CURVE('',#6346,#6345,#513,.T.);
#7169=EDGE_CURVE('',#6346,#6347,#8317,.T.);
#7170=EDGE_CURVE('',#6347,#6340,#514,.T.);
#7171=EDGE_CURVE('',#6348,#6348,#8318,.T.);
#7172=EDGE_CURVE('',#6349,#6349,#8319,.T.);
#7173=EDGE_CURVE('',#6350,#6350,#8320,.T.);
#7174=EDGE_CURVE('',#6351,#6352,#515,.T.);
#7175=EDGE_CURVE('',#6352,#6353,#516,.T.);
#7176=EDGE_CURVE('',#6353,#6337,#517,.T.);
#7177=EDGE_CURVE('',#6336,#6354,#8321,.T.);
#7178=EDGE_CURVE('',#6354,#6355,#518,.T.);
#7179=EDGE_CURVE('',#6356,#6355,#8322,.T.);
#7180=EDGE_CURVE('',#6356,#6357,#519,.T.);
#7181=EDGE_CURVE('',#6357,#6351,#8323,.T.);
#7182=EDGE_CURVE('',#6358,#6359,#520,.T.);
#7183=EDGE_CURVE('',#6359,#6357,#521,.T.);
#7184=EDGE_CURVE('',#6358,#6356,#522,.T.);
#7185=EDGE_CURVE('',#6360,#6360,#8324,.T.);
#7186=EDGE_CURVE('',#6361,#6355,#523,.T.);
#7187=EDGE_CURVE('',#6361,#6358,#8325,.T.);
#7188=EDGE_CURVE('',#6362,#6362,#8326,.T.);
#7189=EDGE_CURVE('',#6363,#6363,#8327,.T.);
#7190=EDGE_CURVE('',#6364,#6364,#8328,.T.);
#7191=EDGE_CURVE('',#6365,#6365,#8329,.T.);
#7192=EDGE_CURVE('',#6366,#6366,#8330,.T.);
#7193=EDGE_CURVE('',#6367,#6367,#8331,.T.);
#7194=EDGE_CURVE('',#6368,#6368,#8332,.T.);
#7195=EDGE_CURVE('',#6369,#6369,#8333,.T.);
#7196=EDGE_CURVE('',#6354,#6370,#524,.T.);
#7197=EDGE_CURVE('',#6370,#6361,#525,.T.);
#7198=EDGE_CURVE('',#6370,#6335,#8334,.T.);
#7199=EDGE_CURVE('',#6371,#6334,#526,.T.);
#7200=EDGE_CURVE('',#6371,#6372,#527,.T.);
#7201=EDGE_CURVE('',#6372,#6359,#8335,.T.);
#7202=EDGE_CURVE('',#6333,#6344,#528,.T.);
#7203=EDGE_CURVE('',#6371,#6343,#529,.T.);
#7204=EDGE_CURVE('',#6351,#6372,#530,.T.);
#7205=EDGE_CURVE('',#6343,#6352,#176,.T.);
#7206=EDGE_CURVE('',#6330,#6373,#531,.T.);
#7207=EDGE_CURVE('',#6373,#6340,#8336,.T.);
#7208=EDGE_CURVE('',#6347,#6329,#532,.T.);
#7209=EDGE_CURVE('',#6331,#6346,#533,.T.);
#7210=EDGE_CURVE('',#6345,#6332,#534,.T.);
#7211=EDGE_CURVE('',#6353,#6373,#147,.T.);
#7212=EDGE_CURVE('',#6342,#6341,#148,.T.);
#7213=EDGE_CURVE('',#6374,#6374,#8337,.T.);
#7214=EDGE_CURVE('',#6375,#6375,#8338,.T.);
#7215=EDGE_CURVE('',#6376,#6376,#8339,.T.);
#7216=EDGE_CURVE('',#6377,#6378,#149,.T.);
#7217=EDGE_CURVE('',#6379,#6377,#535,.T.);
#7218=EDGE_CURVE('',#6380,#6379,#150,.T.);
#7219=EDGE_CURVE('',#6381,#6380,#536,.T.);
#7220=EDGE_CURVE('',#6382,#6381,#177,.T.);
#7221=EDGE_CURVE('',#6383,#6382,#537,.T.);
#7222=EDGE_CURVE('',#6384,#6383,#151,.T.);
#7223=EDGE_CURVE('',#6385,#6384,#8340,.T.);
#7224=EDGE_CURVE('',#6378,#6385,#538,.T.);
#7225=EDGE_CURVE('',#6386,#6386,#8341,.T.);
#7226=EDGE_CURVE('',#6387,#6387,#8342,.T.);
#7227=EDGE_CURVE('',#6388,#6388,#8343,.T.);
#7228=EDGE_CURVE('',#6389,#6389,#8344,.T.);
#7229=EDGE_CURVE('',#6390,#6390,#8345,.T.);
#7230=EDGE_CURVE('',#6391,#6391,#8346,.T.);
#7231=EDGE_CURVE('',#6392,#6392,#8347,.T.);
#7232=EDGE_CURVE('',#6393,#6393,#8348,.T.);
#7233=EDGE_CURVE('',#6394,#6394,#8349,.T.);
#7234=EDGE_CURVE('',#6395,#6395,#8350,.T.);
#7235=EDGE_CURVE('',#6396,#6396,#8351,.T.);
#7236=EDGE_CURVE('',#6397,#6397,#8352,.T.);
#7237=EDGE_CURVE('',#6398,#6398,#8353,.T.);
#7238=EDGE_CURVE('',#6399,#6399,#8354,.T.);
#7239=EDGE_CURVE('',#6400,#6400,#8355,.T.);
#7240=EDGE_CURVE('',#6401,#6401,#8356,.T.);
#7241=EDGE_CURVE('',#6402,#6402,#8357,.T.);
#7242=EDGE_CURVE('',#6403,#6403,#8358,.T.);
#7243=EDGE_CURVE('',#6404,#6404,#8359,.T.);
#7244=EDGE_CURVE('',#6405,#6383,#539,.T.);
#7245=EDGE_CURVE('',#6382,#6406,#540,.T.);
#7246=EDGE_CURVE('',#6406,#6407,#8360,.T.);
#7247=EDGE_CURVE('',#6407,#6408,#541,.T.);
#7248=EDGE_CURVE('',#6408,#6409,#8361,.T.);
#7249=EDGE_CURVE('',#6409,#6410,#542,.T.);
#7250=EDGE_CURVE('',#6410,#6411,#8362,.T.);
#7251=EDGE_CURVE('',#6411,#6405,#543,.T.);
#7252=EDGE_CURVE('',#6412,#6413,#544,.T.);
#7253=EDGE_CURVE('',#6412,#6410,#545,.T.);
#7254=EDGE_CURVE('',#6413,#6409,#546,.T.);
#7255=EDGE_CURVE('',#6414,#6415,#547,.T.);
#7256=EDGE_CURVE('',#6415,#6416,#8363,.T.);
#7257=EDGE_CURVE('',#6417,#6416,#548,.T.);
#7258=EDGE_CURVE('',#6417,#6418,#8364,.T.);
#7259=EDGE_CURVE('',#6418,#6419,#549,.T.);
#7260=EDGE_CURVE('',#6419,#6405,#8365,.T.);
#7261=EDGE_CURVE('',#6411,#6420,#550,.T.);
#7262=EDGE_CURVE('',#6414,#6420,#551,.T.);
#7263=EDGE_CURVE('',#6407,#6421,#552,.T.);
#7264=EDGE_CURVE('',#6422,#6421,#553,.T.);
#7265=EDGE_CURVE('',#6422,#6408,#554,.T.);
#7266=EDGE_CURVE('',#6422,#6413,#8366,.T.);
#7267=EDGE_CURVE('',#6420,#6412,#8367,.T.);
#7268=EDGE_CURVE('',#6421,#6423,#8368,.T.);
#7269=EDGE_CURVE('',#6423,#6424,#555,.T.);
#7270=EDGE_CURVE('',#6424,#6414,#556,.T.);
#7271=EDGE_CURVE('',#6425,#6381,#557,.T.);
#7272=EDGE_CURVE('',#6425,#6415,#558,.T.);
#7273=EDGE_CURVE('',#6424,#6381,#559,.T.);
#7274=EDGE_CURVE('',#6423,#6406,#560,.T.);
#7275=EDGE_CURVE('',#6418,#6426,#561,.T.);
#7276=EDGE_CURVE('',#6426,#6385,#562,.T.);
#7277=EDGE_CURVE('',#6384,#6419,#563,.T.);
#7278=EDGE_CURVE('',#6378,#6377,#8369,.T.);
#7279=EDGE_CURVE('',#6426,#6427,#8370,.T.);
#7280=EDGE_CURVE('',#6428,#6427,#564,.T.);
#7281=EDGE_CURVE('',#6428,#6425,#8371,.T.);
#7282=EDGE_CURVE('',#6379,#6380,#8372,.T.);
#7283=EDGE_CURVE('',#6416,#6428,#565,.T.);
#7284=EDGE_CURVE('',#6427,#6417,#566,.T.);
#7285=EDGE_CURVE('',#6429,#6429,#8373,.T.);
#7286=EDGE_CURVE('',#6430,#6430,#8374,.T.);
#7287=EDGE_CURVE('',#6431,#6432,#8375,.T.);
#7288=EDGE_CURVE('',#6432,#6433,#567,.T.);
#7289=EDGE_CURVE('',#6434,#6433,#8376,.T.);
#7290=EDGE_CURVE('',#6431,#6434,#568,.T.);
#7291=EDGE_CURVE('',#6435,#6436,#8377,.T.);
#7292=EDGE_CURVE('',#6436,#6437,#569,.T.);
#7293=EDGE_CURVE('',#6438,#6437,#8378,.T.);
#7294=EDGE_CURVE('',#6435,#6438,#570,.T.);
#7295=EDGE_CURVE('',#6439,#6440,#8379,.T.);
#7296=EDGE_CURVE('',#6439,#6441,#571,.T.);
#7297=EDGE_CURVE('',#6441,#6442,#8380,.T.);
#7298=EDGE_CURVE('',#6442,#6440,#572,.T.);
#7299=EDGE_CURVE('',#6443,#6443,#8381,.T.);
#7300=EDGE_CURVE('',#6444,#6444,#8382,.T.);
#7301=EDGE_CURVE('',#6445,#6445,#8383,.T.);
#7302=EDGE_CURVE('',#6446,#6446,#8384,.T.);
#7303=EDGE_CURVE('',#6447,#6447,#8385,.T.);
#7304=EDGE_CURVE('',#6448,#6448,#8386,.T.);
#7305=EDGE_CURVE('',#6449,#6450,#573,.T.);
#7306=EDGE_CURVE('',#6449,#6451,#8387,.T.);
#7307=EDGE_CURVE('',#6451,#6452,#8388,.T.);
#7308=EDGE_CURVE('',#6452,#6438,#574,.T.);
#7309=EDGE_CURVE('',#6437,#6453,#8389,.T.);
#7310=EDGE_CURVE('',#6454,#6453,#575,.T.);
#7311=EDGE_CURVE('',#6454,#6439,#8390,.T.);
#7312=EDGE_CURVE('',#6440,#6434,#576,.T.);
#7313=EDGE_CURVE('',#6433,#6450,#8391,.T.);
#7314=EDGE_CURVE('',#6455,#6455,#8392,.T.);
#7315=EDGE_CURVE('',#6456,#6456,#8393,.T.);
#7316=EDGE_CURVE('',#6457,#6457,#8394,.T.);
#7317=EDGE_CURVE('',#6458,#6458,#8395,.T.);
#7318=EDGE_CURVE('',#6459,#6459,#8396,.T.);
#7319=EDGE_CURVE('',#6460,#6460,#8397,.T.);
#7320=EDGE_CURVE('',#6461,#6461,#8398,.T.);
#7321=EDGE_CURVE('',#6462,#6462,#8399,.T.);
#7322=EDGE_CURVE('',#6463,#6463,#8400,.T.);
#7323=EDGE_CURVE('',#6464,#6464,#8401,.T.);
#7324=EDGE_CURVE('',#6465,#6465,#8402,.T.);
#7325=EDGE_CURVE('',#6466,#6466,#8403,.T.);
#7326=EDGE_CURVE('',#6467,#6467,#8404,.T.);
#7327=EDGE_CURVE('',#6468,#6468,#8405,.T.);
#7328=EDGE_CURVE('',#6469,#6469,#8406,.T.);
#7329=EDGE_CURVE('',#6470,#6470,#8407,.T.);
#7330=EDGE_CURVE('',#6471,#6471,#8408,.T.);
#7331=EDGE_CURVE('',#6472,#6472,#8409,.T.);
#7332=EDGE_CURVE('',#6473,#6473,#8410,.T.);
#7333=EDGE_CURVE('',#6474,#6474,#8411,.T.);
#7334=EDGE_CURVE('',#6475,#6475,#8412,.T.);
#7335=EDGE_CURVE('',#6476,#6476,#8413,.T.);
#7336=EDGE_CURVE('',#6477,#6477,#8414,.T.);
#7337=EDGE_CURVE('',#6478,#6478,#8415,.T.);
#7338=EDGE_CURVE('',#6479,#6479,#8416,.T.);
#7339=EDGE_CURVE('',#6480,#6480,#8417,.T.);
#7340=EDGE_CURVE('',#6481,#6481,#8418,.T.);
#7341=EDGE_CURVE('',#6482,#6482,#8419,.T.);
#7342=EDGE_CURVE('',#6483,#6483,#8420,.T.);
#7343=EDGE_CURVE('',#6484,#6484,#8421,.T.);
#7344=EDGE_CURVE('',#6485,#6485,#8422,.T.);
#7345=EDGE_CURVE('',#6486,#6486,#8423,.T.);
#7346=EDGE_CURVE('',#6487,#6487,#8424,.T.);
#7347=EDGE_CURVE('',#6488,#6488,#8425,.T.);
#7348=EDGE_CURVE('',#6489,#6490,#8426,.T.);
#7349=EDGE_CURVE('',#6489,#6491,#8427,.T.);
#7350=EDGE_CURVE('',#6491,#6492,#577,.T.);
#7351=EDGE_CURVE('',#6492,#6432,#8428,.T.);
#7352=EDGE_CURVE('',#6442,#6431,#578,.T.);
#7353=EDGE_CURVE('',#6441,#6493,#8429,.T.);
#7354=EDGE_CURVE('',#6493,#6494,#579,.T.);
#7355=EDGE_CURVE('',#6494,#6436,#8430,.T.);
#7356=EDGE_CURVE('',#6490,#6435,#580,.T.);
#7357=EDGE_CURVE('',#6495,#6495,#8431,.T.);
#7358=EDGE_CURVE('',#6496,#6496,#8432,.T.);
#7359=EDGE_CURVE('',#6497,#6497,#8433,.T.);
#7360=EDGE_CURVE('',#6498,#6498,#8434,.T.);
#7361=EDGE_CURVE('',#6499,#6499,#8435,.T.);
#7362=EDGE_CURVE('',#6500,#6500,#8436,.T.);
#7363=EDGE_CURVE('',#6501,#6501,#8437,.T.);
#7364=EDGE_CURVE('',#6502,#6502,#8438,.T.);
#7365=EDGE_CURVE('',#6503,#6503,#8439,.T.);
#7366=EDGE_CURVE('',#6504,#6504,#8440,.T.);
#7367=EDGE_CURVE('',#6505,#6505,#8441,.T.);
#7368=EDGE_CURVE('',#6506,#6506,#8442,.T.);
#7369=EDGE_CURVE('',#6507,#6507,#8443,.T.);
#7370=EDGE_CURVE('',#6508,#6508,#8444,.T.);
#7371=EDGE_CURVE('',#6509,#6509,#8445,.T.);
#7372=EDGE_CURVE('',#6510,#6510,#8446,.T.);
#7373=EDGE_CURVE('',#6511,#6511,#8447,.T.);
#7374=EDGE_CURVE('',#6512,#6512,#8448,.T.);
#7375=EDGE_CURVE('',#6451,#6489,#581,.T.);
#7376=EDGE_CURVE('',#6490,#6452,#582,.T.);
#7377=EDGE_CURVE('',#6513,#6513,#8449,.T.);
#7378=EDGE_CURVE('',#6514,#6514,#8450,.T.);
#7379=EDGE_CURVE('',#6515,#6515,#8451,.T.);
#7380=EDGE_CURVE('',#6516,#6516,#8452,.T.);
#7381=EDGE_CURVE('',#6517,#6517,#8453,.T.);
#7382=EDGE_CURVE('',#6518,#6518,#8454,.T.);
#7383=EDGE_CURVE('',#6519,#6519,#8455,.T.);
#7384=EDGE_CURVE('',#6520,#6520,#8456,.T.);
#7385=EDGE_CURVE('',#6521,#6521,#8457,.T.);
#7386=EDGE_CURVE('',#6522,#6522,#8458,.T.);
#7387=EDGE_CURVE('',#6523,#6523,#8459,.T.);
#7388=EDGE_CURVE('',#6524,#6524,#8460,.T.);
#7389=EDGE_CURVE('',#6525,#6525,#8461,.T.);
#7390=EDGE_CURVE('',#6526,#6526,#8462,.T.);
#7391=EDGE_CURVE('',#6527,#6527,#8463,.T.);
#7392=EDGE_CURVE('',#6528,#6528,#8464,.T.);
#7393=EDGE_CURVE('',#6529,#6529,#8465,.T.);
#7394=EDGE_CURVE('',#6530,#6530,#8466,.T.);
#7395=EDGE_CURVE('',#6531,#6531,#8467,.T.);
#7396=EDGE_CURVE('',#6532,#6532,#8468,.T.);
#7397=EDGE_CURVE('',#6533,#6533,#8469,.T.);
#7398=EDGE_CURVE('',#6534,#6534,#8470,.T.);
#7399=EDGE_CURVE('',#6535,#6535,#8471,.T.);
#7400=EDGE_CURVE('',#6491,#6449,#583,.T.);
#7401=EDGE_CURVE('',#6450,#6492,#584,.T.);
#7402=EDGE_CURVE('',#6493,#6454,#585,.T.);
#7403=EDGE_CURVE('',#6453,#6494,#586,.T.);
#7404=EDGE_CURVE('',#6536,#6536,#8472,.T.);
#7405=EDGE_CURVE('',#6537,#6537,#8473,.T.);
#7406=EDGE_CURVE('',#6538,#6538,#8474,.T.);
#7407=EDGE_CURVE('',#6539,#6539,#8475,.T.);
#7408=EDGE_CURVE('',#6540,#6540,#8476,.T.);
#7409=EDGE_CURVE('',#6541,#6541,#8477,.T.);
#7410=EDGE_CURVE('',#6542,#6543,#587,.T.);
#7411=EDGE_CURVE('',#6542,#6544,#588,.T.);
#7412=EDGE_CURVE('',#6544,#6545,#8478,.T.);
#7413=EDGE_CURVE('',#6546,#6545,#589,.T.);
#7414=EDGE_CURVE('',#6547,#6546,#590,.T.);
#7415=EDGE_CURVE('',#6547,#6548,#591,.T.);
#7416=EDGE_CURVE('',#6548,#6549,#8479,.T.);
#7417=EDGE_CURVE('',#6549,#6550,#592,.T.);
#7418=EDGE_CURVE('',#6550,#6551,#593,.T.);
#7419=EDGE_CURVE('',#6543,#6551,#594,.T.);
#7420=EDGE_CURVE('',#6552,#6552,#8480,.T.);
#7421=EDGE_CURVE('',#6553,#6553,#8481,.T.);
#7422=EDGE_CURVE('',#6554,#6554,#8482,.T.);
#7423=EDGE_CURVE('',#6555,#6555,#8483,.T.);
#7424=EDGE_CURVE('',#6556,#6556,#8484,.T.);
#7425=EDGE_CURVE('',#6557,#6557,#8485,.T.);
#7426=EDGE_CURVE('',#6558,#6558,#8486,.T.);
#7427=EDGE_CURVE('',#6559,#6559,#8487,.T.);
#7428=EDGE_CURVE('',#6560,#6560,#8488,.T.);
#7429=EDGE_CURVE('',#6561,#6561,#8489,.T.);
#7430=EDGE_CURVE('',#6562,#6563,#8490,.T.);
#7431=EDGE_CURVE('',#6562,#6564,#8491,.T.);
#7432=EDGE_CURVE('',#6564,#6565,#595,.T.);
#7433=EDGE_CURVE('',#6565,#6566,#8492,.T.);
#7434=EDGE_CURVE('',#6567,#6566,#8493,.T.);
#7435=EDGE_CURVE('',#6567,#6568,#8494,.T.);
#7436=EDGE_CURVE('',#6569,#6568,#596,.T.);
#7437=EDGE_CURVE('',#6569,#6570,#8495,.T.);
#7438=EDGE_CURVE('',#6550,#6570,#597,.T.);
#7439=EDGE_CURVE('',#6549,#6571,#598,.T.);
#7440=EDGE_CURVE('',#6571,#6572,#599,.T.);
#7441=EDGE_CURVE('',#6572,#6573,#600,.T.);
#7442=EDGE_CURVE('',#6573,#6574,#601,.T.);
#7443=EDGE_CURVE('',#6574,#6575,#602,.T.);
#7444=EDGE_CURVE('',#6575,#6576,#603,.T.);
#7445=EDGE_CURVE('',#6576,#6577,#604,.T.);
#7446=EDGE_CURVE('',#6577,#6578,#605,.T.);
#7447=EDGE_CURVE('',#6578,#6579,#606,.T.);
#7448=EDGE_CURVE('',#6563,#6579,#607,.T.);
#7449=EDGE_CURVE('',#6580,#6580,#8496,.T.);
#7450=EDGE_CURVE('',#6581,#6581,#8497,.T.);
#7451=EDGE_CURVE('',#6582,#6582,#8498,.T.);
#7452=EDGE_CURVE('',#6583,#6583,#8499,.T.);
#7453=EDGE_CURVE('',#6584,#6584,#8500,.T.);
#7454=EDGE_CURVE('',#6585,#6586,#608,.T.);
#7455=EDGE_CURVE('',#6586,#6587,#8501,.T.);
#7456=EDGE_CURVE('',#6588,#6587,#8502,.T.);
#7457=EDGE_CURVE('',#6589,#6588,#609,.T.);
#7458=EDGE_CURVE('',#6589,#6590,#610,.T.);
#7459=EDGE_CURVE('',#6590,#6591,#611,.T.);
#7460=EDGE_CURVE('',#6591,#6592,#612,.T.);
#7461=EDGE_CURVE('',#6592,#6593,#613,.T.);
#7462=EDGE_CURVE('',#6593,#6594,#614,.T.);
#7463=EDGE_CURVE('',#6594,#6595,#615,.T.);
#7464=EDGE_CURVE('',#6595,#6596,#616,.T.);
#7465=EDGE_CURVE('',#6596,#6597,#617,.T.);
#7466=EDGE_CURVE('',#6597,#6544,#618,.T.);
#7467=EDGE_CURVE('',#6598,#6542,#619,.T.);
#7468=EDGE_CURVE('',#6598,#6599,#8503,.T.);
#7469=EDGE_CURVE('',#6600,#6599,#620,.T.);
#7470=EDGE_CURVE('',#6600,#6601,#8504,.T.);
#7471=EDGE_CURVE('',#6602,#6601,#8505,.T.);
#7472=EDGE_CURVE('',#6602,#6585,#8506,.T.);
#7473=EDGE_CURVE('',#6603,#6604,#8507,.T.);
#7474=EDGE_CURVE('',#6603,#6602,#621,.T.);
#7475=EDGE_CURVE('',#6601,#6604,#622,.T.);
#7476=EDGE_CURVE('',#6566,#6605,#623,.T.);
#7477=EDGE_CURVE('',#6606,#6605,#8508,.T.);
#7478=EDGE_CURVE('',#6606,#6567,#624,.T.);
#7479=EDGE_CURVE('',#6587,#6607,#625,.T.);
#7480=EDGE_CURVE('',#6608,#6607,#8509,.T.);
#7481=EDGE_CURVE('',#6588,#6608,#626,.T.);
#7482=EDGE_CURVE('',#6609,#6609,#8510,.T.);
#7483=EDGE_CURVE('',#6610,#6610,#8511,.T.);
#7484=EDGE_CURVE('',#6611,#6611,#8512,.T.);
#7485=EDGE_CURVE('',#6612,#6612,#8513,.T.);
#7486=EDGE_CURVE('',#6613,#6613,#8514,.T.);
#7487=EDGE_CURVE('',#6614,#6608,#627,.T.);
#7488=EDGE_CURVE('',#6563,#6614,#628,.T.);
#7489=EDGE_CURVE('',#6579,#6615,#8515,.T.);
#7490=EDGE_CURVE('',#6616,#6615,#629,.T.);
#7491=EDGE_CURVE('',#6617,#6616,#630,.T.);
#7492=EDGE_CURVE('',#6617,#6618,#631,.T.);
#7493=EDGE_CURVE('',#6618,#6589,#8516,.T.);
#7494=EDGE_CURVE('',#6619,#6620,#632,.T.);
#7495=EDGE_CURVE('',#6619,#6548,#633,.T.);
#7496=EDGE_CURVE('',#6620,#6547,#634,.T.);
#7497=EDGE_CURVE('',#6621,#6622,#635,.T.);
#7498=EDGE_CURVE('',#6621,#6623,#636,.T.);
#7499=EDGE_CURVE('',#6623,#6624,#637,.T.);
#7500=EDGE_CURVE('',#6622,#6624,#638,.T.);
#7501=EDGE_CURVE('',#6625,#6626,#639,.T.);
#7502=EDGE_CURVE('',#6625,#6618,#640,.T.);
#7503=EDGE_CURVE('',#6626,#6617,#641,.T.);
#7504=EDGE_CURVE('',#6627,#6628,#642,.T.);
#7505=EDGE_CURVE('',#6627,#6629,#643,.T.);
#7506=EDGE_CURVE('',#6629,#6630,#644,.T.);
#7507=EDGE_CURVE('',#6628,#6630,#645,.T.);
#7508=EDGE_CURVE('',#6631,#6631,#8517,.T.);
#7509=EDGE_CURVE('',#6632,#6632,#8518,.T.);
#7510=EDGE_CURVE('',#6633,#6633,#8519,.T.);
#7511=EDGE_CURVE('',#6620,#6634,#646,.T.);
#7512=EDGE_CURVE('',#6546,#6635,#647,.T.);
#7513=EDGE_CURVE('',#6636,#6635,#648,.T.);
#7514=EDGE_CURVE('',#6637,#6636,#649,.T.);
#7515=EDGE_CURVE('',#6628,#6637,#650,.T.);
#7516=EDGE_CURVE('',#6638,#6630,#651,.T.);
#7517=EDGE_CURVE('',#6639,#6638,#652,.T.);
#7518=EDGE_CURVE('',#6626,#6639,#653,.T.);
#7519=EDGE_CURVE('',#6616,#6640,#654,.T.);
#7520=EDGE_CURVE('',#6641,#6640,#655,.T.);
#7521=EDGE_CURVE('',#6642,#6641,#656,.T.);
#7522=EDGE_CURVE('',#6622,#6642,#657,.T.);
#7523=EDGE_CURVE('',#6643,#6624,#658,.T.);
#7524=EDGE_CURVE('',#6634,#6643,#659,.T.);
#7525=EDGE_CURVE('',#6644,#6644,#8520,.T.);
#7526=EDGE_CURVE('',#6645,#6645,#8521,.T.);
#7527=EDGE_CURVE('',#6646,#6646,#8522,.T.);
#7528=EDGE_CURVE('',#6647,#6647,#8523,.T.);
#7529=EDGE_CURVE('',#6648,#6649,#660,.T.);
#7530=EDGE_CURVE('',#6648,#6650,#8524,.T.);
#7531=EDGE_CURVE('',#6650,#6614,#8525,.T.);
#7532=EDGE_CURVE('',#6607,#6651,#8526,.T.);
#7533=EDGE_CURVE('',#6652,#6651,#661,.T.);
#7534=EDGE_CURVE('',#6652,#6603,#8527,.T.);
#7535=EDGE_CURVE('',#6604,#6653,#8528,.T.);
#7536=EDGE_CURVE('',#6654,#6653,#662,.T.);
#7537=EDGE_CURVE('',#6654,#6655,#8529,.T.);
#7538=EDGE_CURVE('',#6543,#6655,#663,.T.);
#7539=EDGE_CURVE('',#6656,#6551,#664,.T.);
#7540=EDGE_CURVE('',#6656,#6657,#8530,.T.);
#7541=EDGE_CURVE('',#6658,#6657,#665,.T.);
#7542=EDGE_CURVE('',#6658,#6606,#8531,.T.);
#7543=EDGE_CURVE('',#6605,#6649,#8532,.T.);
#7544=EDGE_CURVE('',#6659,#6660,#8533,.T.);
#7545=EDGE_CURVE('',#6660,#6661,#8534,.T.);
#7546=EDGE_CURVE('',#6661,#6662,#666,.T.);
#7547=EDGE_CURVE('',#6662,#6663,#8535,.T.);
#7548=EDGE_CURVE('',#6663,#6664,#667,.T.);
#7549=EDGE_CURVE('',#6664,#6665,#8536,.T.);
#7550=EDGE_CURVE('',#6665,#6666,#8537,.T.);
#7551=EDGE_CURVE('',#6666,#6667,#8538,.T.);
#7552=EDGE_CURVE('',#6667,#6668,#668,.T.);
#7553=EDGE_CURVE('',#6668,#6669,#8539,.T.);
#7554=EDGE_CURVE('',#6669,#6670,#669,.T.);
#7555=EDGE_CURVE('',#6670,#6671,#8540,.T.);
#7556=EDGE_CURVE('',#6671,#6672,#8541,.T.);
#7557=EDGE_CURVE('',#6672,#6673,#8542,.T.);
#7558=EDGE_CURVE('',#6673,#6674,#670,.T.);
#7559=EDGE_CURVE('',#6674,#6675,#8543,.T.);
#7560=EDGE_CURVE('',#6675,#6676,#671,.T.);
#7561=EDGE_CURVE('',#6676,#6677,#8544,.T.);
#7562=EDGE_CURVE('',#6677,#6678,#8545,.T.);
#7563=EDGE_CURVE('',#6678,#6679,#8546,.T.);
#7564=EDGE_CURVE('',#6679,#6680,#672,.T.);
#7565=EDGE_CURVE('',#6680,#6681,#8547,.T.);
#7566=EDGE_CURVE('',#6681,#6682,#673,.T.);
#7567=EDGE_CURVE('',#6682,#6659,#8548,.T.);
#7568=EDGE_CURVE('',#6683,#6684,#8549,.T.);
#7569=EDGE_CURVE('',#6684,#6685,#8550,.T.);
#7570=EDGE_CURVE('',#6685,#6686,#674,.T.);
#7571=EDGE_CURVE('',#6686,#6687,#8551,.T.);
#7572=EDGE_CURVE('',#6687,#6688,#675,.T.);
#7573=EDGE_CURVE('',#6688,#6689,#8552,.T.);
#7574=EDGE_CURVE('',#6689,#6690,#8553,.T.);
#7575=EDGE_CURVE('',#6690,#6691,#8554,.T.);
#7576=EDGE_CURVE('',#6691,#6692,#676,.T.);
#7577=EDGE_CURVE('',#6692,#6693,#8555,.T.);
#7578=EDGE_CURVE('',#6693,#6694,#677,.T.);
#7579=EDGE_CURVE('',#6694,#6695,#8556,.T.);
#7580=EDGE_CURVE('',#6695,#6696,#8557,.T.);
#7581=EDGE_CURVE('',#6696,#6697,#8558,.T.);
#7582=EDGE_CURVE('',#6697,#6698,#678,.T.);
#7583=EDGE_CURVE('',#6698,#6699,#8559,.T.);
#7584=EDGE_CURVE('',#6699,#6700,#679,.T.);
#7585=EDGE_CURVE('',#6700,#6701,#8560,.T.);
#7586=EDGE_CURVE('',#6701,#6702,#8561,.T.);
#7587=EDGE_CURVE('',#6702,#6703,#8562,.T.);
#7588=EDGE_CURVE('',#6703,#6704,#680,.T.);
#7589=EDGE_CURVE('',#6704,#6705,#8563,.T.);
#7590=EDGE_CURVE('',#6705,#6706,#681,.T.);
#7591=EDGE_CURVE('',#6706,#6683,#8564,.T.);
#7592=EDGE_CURVE('',#6707,#6708,#8565,.T.);
#7593=EDGE_CURVE('',#6708,#6660,#682,.T.);
#7594=EDGE_CURVE('',#6659,#6709,#683,.T.);
#7595=EDGE_CURVE('',#6709,#6710,#8566,.T.);
#7596=EDGE_CURVE('',#6710,#6678,#684,.T.);
#7597=EDGE_CURVE('',#6677,#6711,#685,.T.);
#7598=EDGE_CURVE('',#6711,#6712,#8567,.T.);
#7599=EDGE_CURVE('',#6712,#6672,#686,.T.);
#7600=EDGE_CURVE('',#6671,#6713,#687,.T.);
#7601=EDGE_CURVE('',#6713,#6714,#8568,.T.);
#7602=EDGE_CURVE('',#6714,#6666,#688,.T.);
#7603=EDGE_CURVE('',#6665,#6707,#689,.T.);
#7604=EDGE_CURVE('',#6715,#6716,#8569,.T.);
#7605=EDGE_CURVE('',#6716,#6684,#690,.T.);
#7606=EDGE_CURVE('',#6683,#6717,#691,.T.);
#7607=EDGE_CURVE('',#6717,#6718,#8570,.T.);
#7608=EDGE_CURVE('',#6718,#6702,#692,.T.);
#7609=EDGE_CURVE('',#6701,#6719,#693,.T.);
#7610=EDGE_CURVE('',#6719,#6720,#8571,.T.);
#7611=EDGE_CURVE('',#6720,#6696,#694,.T.);
#7612=EDGE_CURVE('',#6695,#6721,#695,.T.);
#7613=EDGE_CURVE('',#6721,#6722,#8572,.T.);
#7614=EDGE_CURVE('',#6722,#6690,#696,.T.);
#7615=EDGE_CURVE('',#6689,#6715,#697,.T.);
#7616=EDGE_CURVE('',#6723,#6723,#8573,.T.);
#7617=EDGE_CURVE('',#6724,#6724,#8574,.T.);
#7618=EDGE_CURVE('',#6725,#6725,#8575,.T.);
#7619=EDGE_CURVE('',#6726,#6726,#8576,.T.);
#7620=EDGE_CURVE('',#6650,#6562,#698,.T.);
#7621=EDGE_CURVE('',#6727,#6728,#699,.T.);
#7622=EDGE_CURVE('',#6729,#6727,#8577,.T.);
#7623=EDGE_CURVE('',#6730,#6729,#700,.T.);
#7624=EDGE_CURVE('',#6730,#6722,#8578,.T.);
#7625=EDGE_CURVE('',#6721,#6728,#8579,.T.);
#7626=EDGE_CURVE('',#6728,#6694,#701,.T.);
#7627=EDGE_CURVE('',#6693,#6727,#702,.T.);
#7628=EDGE_CURVE('',#6692,#6729,#703,.T.);
#7629=EDGE_CURVE('',#6691,#6730,#704,.T.);
#7630=EDGE_CURVE('',#6731,#6732,#705,.T.);
#7631=EDGE_CURVE('',#6732,#6676,#706,.T.);
#7632=EDGE_CURVE('',#6675,#6731,#707,.T.);
#7633=EDGE_CURVE('',#6674,#6733,#708,.T.);
#7634=EDGE_CURVE('',#6733,#6731,#8580,.T.);
#7635=EDGE_CURVE('',#6673,#6734,#709,.T.);
#7636=EDGE_CURVE('',#6734,#6733,#710,.T.);
#7637=EDGE_CURVE('',#6734,#6712,#8581,.T.);
#7638=EDGE_CURVE('',#6711,#6732,#8582,.T.);
#7639=EDGE_CURVE('',#6679,#6735,#711,.T.);
#7640=EDGE_CURVE('',#6735,#6736,#712,.T.);
#7641=EDGE_CURVE('',#6680,#6736,#713,.T.);
#7642=EDGE_CURVE('',#6737,#6738,#714,.T.);
#7643=EDGE_CURVE('',#6738,#6682,#715,.T.);
#7644=EDGE_CURVE('',#6681,#6737,#716,.T.);
#7645=EDGE_CURVE('',#6736,#6737,#8583,.T.);
#7646=EDGE_CURVE('',#6735,#6710,#8584,.T.);
#7647=EDGE_CURVE('',#6709,#6738,#8585,.T.);
#7648=EDGE_CURVE('',#6739,#6740,#717,.T.);
#7649=EDGE_CURVE('',#6740,#6670,#718,.T.);
#7650=EDGE_CURVE('',#6669,#6739,#719,.T.);
#7651=EDGE_CURVE('',#6668,#6741,#720,.T.);
#7652=EDGE_CURVE('',#6741,#6739,#8586,.T.);
#7653=EDGE_CURVE('',#6667,#6742,#721,.T.);
#7654=EDGE_CURVE('',#6742,#6741,#722,.T.);
#7655=EDGE_CURVE('',#6742,#6714,#8587,.T.);
#7656=EDGE_CURVE('',#6713,#6740,#8588,.T.);
#7657=EDGE_CURVE('',#6743,#6744,#723,.T.);
#7658=EDGE_CURVE('',#6745,#6743,#8589,.T.);
#7659=EDGE_CURVE('',#6746,#6745,#724,.T.);
#7660=EDGE_CURVE('',#6746,#6720,#8590,.T.);
#7661=EDGE_CURVE('',#6719,#6744,#8591,.T.);
#7662=EDGE_CURVE('',#6744,#6700,#725,.T.);
#7663=EDGE_CURVE('',#6699,#6743,#726,.T.);
#7664=EDGE_CURVE('',#6698,#6745,#727,.T.);
#7665=EDGE_CURVE('',#6697,#6746,#728,.T.);
#7666=EDGE_CURVE('',#6747,#6748,#729,.T.);
#7667=EDGE_CURVE('',#6747,#6718,#8592,.T.);
#7668=EDGE_CURVE('',#6717,#6749,#8593,.T.);
#7669=EDGE_CURVE('',#6750,#6749,#730,.T.);
#7670=EDGE_CURVE('',#6748,#6750,#8594,.T.);
#7671=EDGE_CURVE('',#6703,#6747,#731,.T.);
#7672=EDGE_CURVE('',#6704,#6748,#732,.T.);
#7673=EDGE_CURVE('',#6749,#6706,#733,.T.);
#7674=EDGE_CURVE('',#6705,#6750,#734,.T.);
#7675=EDGE_CURVE('',#6751,#6752,#735,.T.);
#7676=EDGE_CURVE('',#6751,#6716,#8595,.T.);
#7677=EDGE_CURVE('',#6715,#6753,#8596,.T.);
#7678=EDGE_CURVE('',#6754,#6753,#736,.T.);
#7679=EDGE_CURVE('',#6752,#6754,#8597,.T.);
#7680=EDGE_CURVE('',#6685,#6751,#737,.T.);
#7681=EDGE_CURVE('',#6686,#6752,#738,.T.);
#7682=EDGE_CURVE('',#6753,#6688,#739,.T.);
#7683=EDGE_CURVE('',#6687,#6754,#740,.T.);
#7684=EDGE_CURVE('',#6661,#6755,#741,.T.);
#7685=EDGE_CURVE('',#6755,#6756,#742,.T.);
#7686=EDGE_CURVE('',#6662,#6756,#743,.T.);
#7687=EDGE_CURVE('',#6757,#6758,#744,.T.);
#7688=EDGE_CURVE('',#6758,#6664,#745,.T.);
#7689=EDGE_CURVE('',#6663,#6757,#746,.T.);
#7690=EDGE_CURVE('',#6756,#6757,#8598,.T.);
#7691=EDGE_CURVE('',#6755,#6708,#8599,.T.);
#7692=EDGE_CURVE('',#6707,#6758,#8600,.T.);
#7693=EDGE_CURVE('',#6615,#6759,#747,.T.);
#7694=EDGE_CURVE('',#6759,#6640,#748,.T.);
#7695=EDGE_CURVE('',#6545,#6760,#749,.T.);
#7696=EDGE_CURVE('',#6760,#6635,#750,.T.);
#7697=EDGE_CURVE('',#6761,#6761,#8601,.T.);
#7698=EDGE_CURVE('',#6762,#6762,#8602,.T.);
#7699=EDGE_CURVE('',#6763,#6763,#8603,.T.);
#7700=EDGE_CURVE('',#6764,#6764,#8604,.T.);
#7701=EDGE_CURVE('',#6765,#6765,#8605,.T.);
#7702=EDGE_CURVE('',#6766,#6766,#8606,.T.);
#7703=EDGE_CURVE('',#6575,#6621,#8607,.T.);
#7704=EDGE_CURVE('',#6642,#6576,#751,.T.);
#7705=EDGE_CURVE('',#6641,#6577,#752,.T.);
#7706=EDGE_CURVE('',#6759,#6578,#8608,.T.);
#7707=EDGE_CURVE('',#6636,#6596,#753,.T.);
#7708=EDGE_CURVE('',#6760,#6597,#8609,.T.);
#7709=EDGE_CURVE('',#6637,#6595,#754,.T.);
#7710=EDGE_CURVE('',#6594,#6627,#8610,.T.);
#7711=EDGE_CURVE('',#6638,#6592,#755,.T.);
#7712=EDGE_CURVE('',#6629,#6593,#8611,.T.);
#7713=EDGE_CURVE('',#6639,#6591,#756,.T.);
#7714=EDGE_CURVE('',#6590,#6625,#8612,.T.);
#7715=EDGE_CURVE('',#6571,#6619,#8613,.T.);
#7716=EDGE_CURVE('',#6634,#6572,#757,.T.);
#7717=EDGE_CURVE('',#6643,#6573,#758,.T.);
#7718=EDGE_CURVE('',#6623,#6574,#8614,.T.);
#7719=EDGE_CURVE('',#6767,#6767,#8615,.T.);
#7720=EDGE_CURVE('',#6768,#6768,#8616,.T.);
#7721=EDGE_CURVE('',#6769,#6769,#8617,.T.);
#7722=EDGE_CURVE('',#6770,#6770,#8618,.T.);
#7723=EDGE_CURVE('',#6771,#6771,#8619,.T.);
#7724=EDGE_CURVE('',#6772,#6772,#8620,.T.);
#7725=EDGE_CURVE('',#6773,#6773,#8621,.T.);
#7726=EDGE_CURVE('',#6774,#6774,#8622,.T.);
#7727=EDGE_CURVE('',#6775,#6775,#8623,.T.);
#7728=EDGE_CURVE('',#6776,#6776,#8624,.T.);
#7729=EDGE_CURVE('',#6777,#6777,#8625,.T.);
#7730=EDGE_CURVE('',#6778,#6778,#8626,.T.);
#7731=EDGE_CURVE('',#6779,#6779,#8627,.T.);
#7732=EDGE_CURVE('',#6780,#6780,#8628,.T.);
#7733=EDGE_CURVE('',#6781,#6781,#8629,.T.);
#7734=EDGE_CURVE('',#6782,#6782,#8630,.T.);
#7735=EDGE_CURVE('',#6783,#6783,#8631,.T.);
#7736=EDGE_CURVE('',#6784,#6784,#8632,.T.);
#7737=EDGE_CURVE('',#6785,#6785,#8633,.T.);
#7738=EDGE_CURVE('',#6786,#6786,#8634,.T.);
#7739=EDGE_CURVE('',#6651,#6586,#759,.T.);
#7740=EDGE_CURVE('',#6585,#6652,#760,.T.);
#7741=EDGE_CURVE('',#6564,#6648,#761,.T.);
#7742=EDGE_CURVE('',#6649,#6565,#762,.T.);
#7743=EDGE_CURVE('',#6657,#6569,#763,.T.);
#7744=EDGE_CURVE('',#6568,#6658,#764,.T.);
#7745=EDGE_CURVE('',#6570,#6656,#765,.T.);
#7746=EDGE_CURVE('',#6655,#6598,#766,.T.);
#7747=EDGE_CURVE('',#6653,#6600,#767,.T.);
#7748=EDGE_CURVE('',#6599,#6654,#768,.T.);
#7749=EDGE_CURVE('',#6787,#6788,#769,.T.);
#7750=EDGE_CURVE('',#6788,#6789,#770,.T.);
#7751=EDGE_CURVE('',#6790,#6789,#771,.T.);
#7752=EDGE_CURVE('',#6790,#6787,#772,.T.);
#7753=EDGE_CURVE('',#6791,#6791,#8635,.T.);
#7754=EDGE_CURVE('',#6792,#6792,#8636,.T.);
#7755=EDGE_CURVE('',#6793,#6793,#8637,.T.);
#7756=EDGE_CURVE('',#6794,#6794,#8638,.T.);
#7757=EDGE_CURVE('',#6795,#6796,#8639,.T.);
#7758=EDGE_CURVE('',#6795,#6797,#773,.T.);
#7759=EDGE_CURVE('',#6797,#6790,#8640,.T.);
#7760=EDGE_CURVE('',#6789,#6798,#8641,.T.);
#7761=EDGE_CURVE('',#6799,#6798,#774,.T.);
#7762=EDGE_CURVE('',#6800,#6799,#8642,.T.);
#7763=EDGE_CURVE('',#6800,#6801,#8643,.T.);
#7764=EDGE_CURVE('',#6802,#6801,#775,.T.);
#7765=EDGE_CURVE('',#6802,#6803,#8644,.T.);
#7766=EDGE_CURVE('',#6804,#6803,#8645,.T.);
#7767=EDGE_CURVE('',#6804,#6805,#776,.T.);
#7768=EDGE_CURVE('',#6805,#6805,#8646,.T.);
#7769=EDGE_CURVE('',#6805,#6806,#777,.T.);
#7770=EDGE_CURVE('',#6806,#6806,#8647,.T.);
#7771=EDGE_CURVE('',#6806,#6807,#778,.T.);
#7772=EDGE_CURVE('',#6808,#6807,#8648,.T.);
#7773=EDGE_CURVE('',#6808,#6809,#8649,.T.);
#7774=EDGE_CURVE('',#6810,#6809,#779,.T.);
#7775=EDGE_CURVE('',#6810,#6811,#8650,.T.);
#7776=EDGE_CURVE('',#6812,#6811,#8651,.T.);
#7777=EDGE_CURVE('',#6813,#6812,#780,.T.);
#7778=EDGE_CURVE('',#6813,#6814,#8652,.T.);
#7779=EDGE_CURVE('',#6814,#6796,#781,.T.);
#7780=EDGE_CURVE('',#6815,#6816,#782,.T.);
#7781=EDGE_CURVE('',#6816,#6797,#783,.T.);
#7782=EDGE_CURVE('',#6795,#6815,#784,.T.);
#7783=EDGE_CURVE('',#6817,#6818,#785,.T.);
#7784=EDGE_CURVE('',#6807,#6818,#786,.T.);
#7785=EDGE_CURVE('',#6804,#6817,#787,.T.);
#7786=EDGE_CURVE('',#6814,#6819,#788,.T.);
#7787=EDGE_CURVE('',#6819,#6820,#789,.T.);
#7788=EDGE_CURVE('',#6820,#6796,#790,.T.);
#7789=EDGE_CURVE('',#6821,#6821,#8653,.T.);
#7790=EDGE_CURVE('',#6822,#6822,#8654,.T.);
#7791=EDGE_CURVE('',#6823,#6823,#8655,.T.);
#7792=EDGE_CURVE('',#6824,#6824,#8656,.T.);
#7793=EDGE_CURVE('',#6819,#6825,#8657,.T.);
#7794=EDGE_CURVE('',#6825,#6826,#791,.T.);
#7795=EDGE_CURVE('',#6826,#6827,#8658,.T.);
#7796=EDGE_CURVE('',#6827,#6828,#8659,.T.);
#7797=EDGE_CURVE('',#6828,#6829,#792,.T.);
#7798=EDGE_CURVE('',#6829,#6830,#8660,.T.);
#7799=EDGE_CURVE('',#6830,#6818,#8661,.T.);
#7800=EDGE_CURVE('',#6817,#6831,#8662,.T.);
#7801=EDGE_CURVE('',#6831,#6832,#8663,.T.);
#7802=EDGE_CURVE('',#6832,#6833,#793,.T.);
#7803=EDGE_CURVE('',#6833,#6834,#8664,.T.);
#7804=EDGE_CURVE('',#6834,#6835,#8665,.T.);
#7805=EDGE_CURVE('',#6835,#6836,#794,.T.);
#7806=EDGE_CURVE('',#6836,#6788,#8666,.T.);
#7807=EDGE_CURVE('',#6787,#6816,#8667,.T.);
#7808=EDGE_CURVE('',#6815,#6820,#8668,.T.);
#7809=EDGE_CURVE('',#6837,#6837,#8669,.T.);
#7810=EDGE_CURVE('',#6838,#6838,#8670,.T.);
#7811=EDGE_CURVE('',#6839,#6839,#8671,.T.);
#7812=EDGE_CURVE('',#6840,#6840,#8672,.T.);
#7813=EDGE_CURVE('',#6841,#6841,#8673,.T.);
#7814=EDGE_CURVE('',#6842,#6842,#8674,.T.);
#7815=EDGE_CURVE('',#6843,#6843,#8675,.T.);
#7816=EDGE_CURVE('',#6844,#6844,#8676,.T.);
#7817=EDGE_CURVE('',#6845,#6845,#8677,.T.);
#7818=EDGE_CURVE('',#6846,#6846,#8678,.T.);
#7819=EDGE_CURVE('',#6847,#6847,#8679,.T.);
#7820=EDGE_CURVE('',#6848,#6848,#8680,.T.);
#7821=EDGE_CURVE('',#6849,#6849,#8681,.T.);
#7822=EDGE_CURVE('',#6850,#6850,#8682,.T.);
#7823=EDGE_CURVE('',#6851,#6851,#8683,.T.);
#7824=EDGE_CURVE('',#6852,#6852,#8684,.T.);
#7825=EDGE_CURVE('',#6853,#6853,#8685,.T.);
#7826=EDGE_CURVE('',#6854,#6854,#8686,.T.);
#7827=EDGE_CURVE('',#6855,#6855,#8687,.T.);
#7828=EDGE_CURVE('',#6856,#6856,#8688,.T.);
#7829=EDGE_CURVE('',#6803,#6831,#795,.T.);
#7830=EDGE_CURVE('',#6798,#6836,#796,.T.);
#7831=EDGE_CURVE('',#6799,#6835,#797,.T.);
#7832=EDGE_CURVE('',#6832,#6802,#798,.T.);
#7833=EDGE_CURVE('',#6801,#6833,#799,.T.);
#7834=EDGE_CURVE('',#6834,#6800,#800,.T.);
#7835=EDGE_CURVE('',#6811,#6827,#801,.T.);
#7836=EDGE_CURVE('',#6812,#6826,#802,.T.);
#7837=EDGE_CURVE('',#6828,#6810,#803,.T.);
#7838=EDGE_CURVE('',#6809,#6829,#804,.T.);
#7839=EDGE_CURVE('',#6830,#6808,#805,.T.);
#7840=EDGE_CURVE('',#6825,#6813,#806,.T.);
#7841=EDGE_CURVE('',#6857,#6857,#8689,.T.);
#7842=EDGE_CURVE('',#6858,#6858,#8690,.T.);
#7843=EDGE_CURVE('',#6859,#6859,#8691,.T.);
#7844=EDGE_CURVE('',#6860,#6860,#8692,.T.);
#7845=EDGE_CURVE('',#6861,#6862,#807,.T.);
#7846=EDGE_CURVE('',#6861,#6863,#8693,.T.);
#7847=EDGE_CURVE('',#6864,#6863,#808,.T.);
#7848=EDGE_CURVE('',#6864,#6862,#8694,.T.);
#7849=EDGE_CURVE('',#6865,#6866,#809,.T.);
#7850=EDGE_CURVE('',#6865,#6867,#8695,.T.);
#7851=EDGE_CURVE('',#6868,#6867,#810,.T.);
#7852=EDGE_CURVE('',#6868,#6866,#8696,.T.);
#7853=EDGE_CURVE('',#6869,#6870,#811,.T.);
#7854=EDGE_CURVE('',#6870,#6871,#812,.T.);
#7855=EDGE_CURVE('',#6871,#6872,#8697,.T.);
#7856=EDGE_CURVE('',#6872,#6873,#813,.T.);
#7857=EDGE_CURVE('',#6873,#6874,#8698,.T.);
#7858=EDGE_CURVE('',#6874,#6865,#814,.T.);
#7859=EDGE_CURVE('',#6866,#6875,#815,.T.);
#7860=EDGE_CURVE('',#6875,#6876,#8699,.T.);
#7861=EDGE_CURVE('',#6876,#6877,#816,.T.);
#7862=EDGE_CURVE('',#6877,#6878,#8700,.T.);
#7863=EDGE_CURVE('',#6878,#6879,#817,.T.);
#7864=EDGE_CURVE('',#6879,#6880,#818,.T.);
#7865=EDGE_CURVE('',#6880,#6881,#819,.T.);
#7866=EDGE_CURVE('',#6881,#6882,#820,.T.);
#7867=EDGE_CURVE('',#6882,#6883,#821,.T.);
#7868=EDGE_CURVE('',#6883,#6884,#822,.T.);
#7869=EDGE_CURVE('',#6884,#6885,#823,.T.);
#7870=EDGE_CURVE('',#6885,#6886,#8701,.T.);
#7871=EDGE_CURVE('',#6886,#6887,#824,.T.);
#7872=EDGE_CURVE('',#6887,#6888,#8702,.T.);
#7873=EDGE_CURVE('',#6888,#6869,#825,.T.);
#7874=EDGE_CURVE('',#6889,#6890,#8703,.T.);
#7875=EDGE_CURVE('',#6891,#6889,#826,.T.);
#7876=EDGE_CURVE('',#6892,#6891,#8704,.T.);
#7877=EDGE_CURVE('',#6893,#6892,#8705,.T.);
#7878=EDGE_CURVE('',#6894,#6893,#827,.T.);
#7879=EDGE_CURVE('',#6895,#6894,#8706,.T.);
#7880=EDGE_CURVE('',#6896,#6895,#828,.T.);
#7881=EDGE_CURVE('',#6897,#6896,#8707,.T.);
#7882=EDGE_CURVE('',#6898,#6897,#829,.T.);
#7883=EDGE_CURVE('',#6890,#6898,#8708,.T.);
#7884=EDGE_CURVE('',#6863,#6899,#830,.T.);
#7885=EDGE_CURVE('',#6899,#6900,#8709,.T.);
#7886=EDGE_CURVE('',#6900,#6901,#831,.T.);
#7887=EDGE_CURVE('',#6901,#6902,#8710,.T.);
#7888=EDGE_CURVE('',#6902,#6903,#832,.T.);
#7889=EDGE_CURVE('',#6903,#6904,#833,.T.);
#7890=EDGE_CURVE('',#6904,#6905,#834,.T.);
#7891=EDGE_CURVE('',#6905,#6906,#8711,.T.);
#7892=EDGE_CURVE('',#6906,#6907,#835,.T.);
#7893=EDGE_CURVE('',#6907,#6908,#8712,.T.);
#7894=EDGE_CURVE('',#6908,#6909,#836,.T.);
#7895=EDGE_CURVE('',#6909,#6910,#8713,.T.);
#7896=EDGE_CURVE('',#6910,#6911,#837,.T.);
#7897=EDGE_CURVE('',#6911,#6912,#8714,.T.);
#7898=EDGE_CURVE('',#6912,#6913,#838,.T.);
#7899=EDGE_CURVE('',#6913,#6914,#839,.T.);
#7900=EDGE_CURVE('',#6914,#6915,#840,.T.);
#7901=EDGE_CURVE('',#6916,#6915,#8715,.T.);
#7902=EDGE_CURVE('',#6916,#6917,#841,.T.);
#7903=EDGE_CURVE('',#6918,#6917,#8716,.T.);
#7904=EDGE_CURVE('',#6918,#6919,#842,.T.);
#7905=EDGE_CURVE('',#6919,#6920,#8717,.T.);
#7906=EDGE_CURVE('',#6920,#6921,#843,.T.);
#7907=EDGE_CURVE('',#6921,#6922,#8718,.T.);
#7908=EDGE_CURVE('',#6922,#6864,#844,.T.);
#7909=EDGE_CURVE('',#6923,#6923,#8719,.T.);
#7910=EDGE_CURVE('',#6924,#6924,#8720,.T.);
#7911=EDGE_CURVE('',#6925,#6925,#8721,.T.);
#7912=EDGE_CURVE('',#6926,#6926,#8722,.T.);
#7913=EDGE_CURVE('',#6927,#6927,#8723,.T.);
#7914=EDGE_CURVE('',#6928,#6909,#8724,.T.);
#7915=EDGE_CURVE('',#6928,#6929,#152,.T.);
#7916=EDGE_CURVE('',#6929,#6930,#153,.T.);
#7917=EDGE_CURVE('',#6930,#6931,#845,.T.);
#7918=EDGE_CURVE('',#6931,#6932,#8725,.T.);
#7919=EDGE_CURVE('',#6910,#6932,#846,.T.);
#7920=EDGE_CURVE('',#6933,#6934,#847,.T.);
#7921=EDGE_CURVE('',#6933,#6935,#154,.T.);
#7922=EDGE_CURVE('',#6935,#6936,#155,.T.);
#7923=EDGE_CURVE('',#6912,#6936,#8726,.T.);
#7924=EDGE_CURVE('',#6911,#6937,#848,.T.);
#7925=EDGE_CURVE('',#6937,#6934,#8727,.T.);
#7926=EDGE_CURVE('',#6938,#6939,#8728,.T.);
#7927=EDGE_CURVE('',#6939,#6940,#849,.T.);
#7928=EDGE_CURVE('',#6940,#6941,#850,.T.);
#7929=EDGE_CURVE('',#6941,#6942,#851,.T.);
#7930=EDGE_CURVE('',#6942,#6943,#8729,.T.);
#7931=EDGE_CURVE('',#6943,#6944,#852,.T.);
#7932=EDGE_CURVE('',#6944,#6945,#8730,.T.);
#7933=EDGE_CURVE('',#6945,#6868,#853,.T.);
#7934=EDGE_CURVE('',#6867,#6946,#854,.T.);
#7935=EDGE_CURVE('',#6946,#6947,#8731,.T.);
#7936=EDGE_CURVE('',#6947,#6938,#855,.T.);
#7937=EDGE_CURVE('',#6948,#6949,#8732,.T.);
#7938=EDGE_CURVE('',#6949,#6950,#856,.T.);
#7939=EDGE_CURVE('',#6950,#6951,#857,.T.);
#7940=EDGE_CURVE('',#6951,#6952,#858,.T.);
#7941=EDGE_CURVE('',#6952,#6953,#8733,.T.);
#7942=EDGE_CURVE('',#6953,#6954,#859,.T.);
#7943=EDGE_CURVE('',#6954,#6936,#156,.T.);
#7944=EDGE_CURVE('',#6936,#6955,#157,.T.);
#7945=EDGE_CURVE('',#6955,#6956,#860,.T.);
#7946=EDGE_CURVE('',#6956,#6928,#158,.T.);
#7947=EDGE_CURVE('',#6928,#6957,#159,.T.);
#7948=EDGE_CURVE('',#6957,#6958,#861,.T.);
#7949=EDGE_CURVE('',#6958,#6959,#862,.T.);
#7950=EDGE_CURVE('',#6959,#6948,#863,.T.);
#7951=EDGE_CURVE('',#6960,#6961,#864,.T.);
#7952=EDGE_CURVE('',#6960,#6962,#8734,.T.);
#7953=EDGE_CURVE('',#6962,#6963,#865,.T.);
#7954=EDGE_CURVE('',#6963,#6961,#8735,.T.);
#7955=EDGE_CURVE('',#6964,#6965,#866,.T.);
#7956=EDGE_CURVE('',#6964,#6966,#867,.T.);
#7957=EDGE_CURVE('',#6966,#6967,#8736,.T.);
#7958=EDGE_CURVE('',#6967,#6968,#868,.T.);
#7959=EDGE_CURVE('',#6968,#6969,#869,.T.);
#7960=EDGE_CURVE('',#6969,#6970,#870,.T.);
#7961=EDGE_CURVE('',#6970,#6971,#160,.T.);
#7962=EDGE_CURVE('',#6971,#6972,#161,.T.);
#7963=EDGE_CURVE('',#6972,#6973,#871,.T.);
#7964=EDGE_CURVE('',#6973,#6974,#162,.T.);
#7965=EDGE_CURVE('',#6974,#6975,#163,.T.);
#7966=EDGE_CURVE('',#6975,#6976,#872,.T.);
#7967=EDGE_CURVE('',#6976,#6977,#8737,.T.);
#7968=EDGE_CURVE('',#6977,#6965,#873,.T.);
#7969=EDGE_CURVE('',#6978,#6979,#8738,.T.);
#7970=EDGE_CURVE('',#6979,#6980,#874,.T.);
#7971=EDGE_CURVE('',#6980,#6981,#875,.T.);
#7972=EDGE_CURVE('',#6981,#6982,#876,.T.);
#7973=EDGE_CURVE('',#6982,#6983,#8739,.T.);
#7974=EDGE_CURVE('',#6983,#6984,#877,.T.);
#7975=EDGE_CURVE('',#6984,#6985,#8740,.T.);
#7976=EDGE_CURVE('',#6985,#6986,#878,.T.);
#7977=EDGE_CURVE('',#6986,#6987,#8741,.T.);
#7978=EDGE_CURVE('',#6987,#6988,#879,.T.);
#7979=EDGE_CURVE('',#6988,#6989,#8742,.T.);
#7980=EDGE_CURVE('',#6989,#6990,#880,.T.);
#7981=EDGE_CURVE('',#6990,#6991,#8743,.T.);
#7982=EDGE_CURVE('',#6991,#6978,#881,.T.);
#7983=EDGE_CURVE('',#6992,#6993,#882,.T.);
#7984=EDGE_CURVE('',#6993,#6994,#8744,.T.);
#7985=EDGE_CURVE('',#6994,#6960,#883,.T.);
#7986=EDGE_CURVE('',#6961,#6995,#164,.T.);
#7987=EDGE_CURVE('',#6995,#6992,#884,.T.);
#7988=EDGE_CURVE('',#6996,#6996,#8745,.T.);
#7989=EDGE_CURVE('',#6997,#6998,#8746,.T.);
#7990=EDGE_CURVE('',#6998,#6999,#885,.T.);
#7991=EDGE_CURVE('',#6999,#7000,#886,.T.);
#7992=EDGE_CURVE('',#7000,#7001,#887,.T.);
#7993=EDGE_CURVE('',#7001,#7002,#8747,.T.);
#7994=EDGE_CURVE('',#7002,#6997,#888,.T.);
#7995=EDGE_CURVE('',#7003,#7004,#889,.T.);
#7996=EDGE_CURVE('',#7004,#7005,#8748,.T.);
#7997=EDGE_CURVE('',#7005,#7006,#890,.T.);
#7998=EDGE_CURVE('',#7006,#7007,#891,.T.);
#7999=EDGE_CURVE('',#7007,#7008,#165,.T.);
#8000=EDGE_CURVE('',#7003,#7008,#892,.T.);
#8001=EDGE_CURVE('',#7009,#7010,#893,.T.);
#8002=EDGE_CURVE('',#7009,#7003,#8749,.T.);
#8003=EDGE_CURVE('',#7008,#7010,#8750,.T.);
#8004=EDGE_CURVE('',#7011,#7011,#8751,.T.);
#8005=EDGE_CURVE('',#7012,#7013,#894,.T.);
#8006=EDGE_CURVE('',#7013,#7014,#895,.T.);
#8007=EDGE_CURVE('',#7014,#7015,#8752,.T.);
#8008=EDGE_CURVE('',#7015,#7016,#896,.T.);
#8009=EDGE_CURVE('',#7016,#7017,#8753,.T.);
#8010=EDGE_CURVE('',#7017,#7012,#897,.T.);
#8011=EDGE_CURVE('',#6950,#7018,#8754,.T.);
#8012=EDGE_CURVE('',#7018,#7019,#898,.T.);
#8013=EDGE_CURVE('',#7019,#6951,#8755,.T.);
#8014=EDGE_CURVE('',#7018,#7009,#899,.T.);
#8015=EDGE_CURVE('',#7010,#7020,#166,.T.);
#8016=EDGE_CURVE('',#7020,#7019,#900,.T.);
#8017=EDGE_CURVE('',#6962,#7021,#901,.T.);
#8018=EDGE_CURVE('',#7021,#7022,#902,.T.);
#8019=EDGE_CURVE('',#7022,#7023,#903,.T.);
#8020=EDGE_CURVE('',#7023,#6963,#167,.T.);
#8021=EDGE_CURVE('',#7021,#6964,#8756,.T.);
#8022=EDGE_CURVE('',#6965,#7022,#8757,.T.);
#8023=EDGE_CURVE('',#6880,#6993,#168,.T.);
#8024=EDGE_CURVE('',#6992,#6881,#8758,.T.);
#8025=EDGE_CURVE('',#7005,#6883,#169,.T.);
#8026=EDGE_CURVE('',#6882,#7006,#8759,.T.);
#8027=EDGE_CURVE('',#7024,#7024,#8760,.T.);
#8028=EDGE_CURVE('',#7025,#7025,#8761,.T.);
#8029=EDGE_CURVE('',#7026,#7027,#8762,.T.);
#8030=EDGE_CURVE('',#6985,#7026,#8763,.T.);
#8031=EDGE_CURVE('',#7027,#6984,#8764,.T.);
#8032=EDGE_CURVE('',#6991,#7028,#8765,.T.);
#8033=EDGE_CURVE('',#7029,#6990,#8766,.T.);
#8034=EDGE_CURVE('',#7028,#7029,#8767,.T.);
#8035=EDGE_CURVE('',#7030,#7030,#8768,.T.);
#8036=EDGE_CURVE('',#7031,#7031,#8769,.T.);
#8037=EDGE_CURVE('',#7032,#7032,#8770,.T.);
#8038=EDGE_CURVE('',#7033,#7033,#8771,.T.);
#8039=EDGE_CURVE('',#7034,#7034,#8772,.T.);
#8040=EDGE_CURVE('',#7035,#7035,#8773,.T.);
#8041=EDGE_CURVE('',#7036,#7036,#8774,.T.);
#8042=EDGE_CURVE('',#7037,#7037,#8775,.T.);
#8043=EDGE_CURVE('',#7038,#7038,#8776,.T.);
#8044=EDGE_CURVE('',#7039,#7039,#8777,.T.);
#8045=EDGE_CURVE('',#7040,#7041,#8778,.T.);
#8046=EDGE_CURVE('',#7041,#7042,#904,.T.);
#8047=EDGE_CURVE('',#7042,#7043,#905,.T.);
#8048=EDGE_CURVE('',#7043,#7044,#906,.T.);
#8049=EDGE_CURVE('',#7044,#7045,#8779,.T.);
#8050=EDGE_CURVE('',#7045,#7046,#907,.T.);
#8051=EDGE_CURVE('',#7046,#7047,#908,.T.);
#8052=EDGE_CURVE('',#7047,#7040,#909,.T.);
#8053=EDGE_CURVE('',#7048,#7049,#910,.T.);
#8054=EDGE_CURVE('',#7049,#7050,#911,.T.);
#8055=EDGE_CURVE('',#7050,#7051,#912,.T.);
#8056=EDGE_CURVE('',#7051,#7048,#913,.T.);
#8057=EDGE_CURVE('',#7052,#7053,#914,.T.);
#8058=EDGE_CURVE('',#7053,#7054,#915,.T.);
#8059=EDGE_CURVE('',#7054,#7055,#916,.T.);
#8060=EDGE_CURVE('',#7055,#7052,#917,.T.);
#8061=EDGE_CURVE('',#7056,#7057,#918,.T.);
#8062=EDGE_CURVE('',#7057,#7058,#919,.T.);
#8063=EDGE_CURVE('',#7058,#7059,#8780,.T.);
#8064=EDGE_CURVE('',#7059,#7060,#920,.T.);
#8065=EDGE_CURVE('',#7060,#7061,#921,.T.);
#8066=EDGE_CURVE('',#7061,#7062,#922,.T.);
#8067=EDGE_CURVE('',#7062,#7063,#8781,.T.);
#8068=EDGE_CURVE('',#7063,#7056,#923,.T.);
#8069=EDGE_CURVE('',#7054,#7057,#8782,.T.);
#8070=EDGE_CURVE('',#7056,#7055,#8783,.T.);
#8071=EDGE_CURVE('',#7042,#7049,#8784,.T.);
#8072=EDGE_CURVE('',#7048,#7043,#8785,.T.);
#8073=EDGE_CURVE('',#7050,#6959,#8786,.T.);
#8074=EDGE_CURVE('',#6958,#7051,#8787,.T.);
#8075=EDGE_CURVE('',#6968,#7053,#8788,.T.);
#8076=EDGE_CURVE('',#7052,#6969,#8789,.T.);
#8077=EDGE_CURVE('',#7064,#7065,#8790,.T.);
#8078=EDGE_CURVE('',#7065,#6861,#924,.T.);
#8079=EDGE_CURVE('',#6862,#7066,#925,.T.);
#8080=EDGE_CURVE('',#7066,#7067,#8791,.T.);
#8081=EDGE_CURVE('',#7067,#7068,#926,.T.);
#8082=EDGE_CURVE('',#7068,#7069,#8792,.T.);
#8083=EDGE_CURVE('',#7069,#7070,#927,.T.);
#8084=EDGE_CURVE('',#7070,#7071,#928,.T.);
#8085=EDGE_CURVE('',#7071,#7072,#929,.T.);
#8086=EDGE_CURVE('',#7072,#7073,#8793,.T.);
#8087=EDGE_CURVE('',#7073,#7064,#930,.T.);
#8088=EDGE_CURVE('',#7074,#7075,#931,.T.);
#8089=EDGE_CURVE('',#7075,#7076,#932,.T.);
#8090=EDGE_CURVE('',#7076,#7077,#933,.T.);
#8091=EDGE_CURVE('',#7077,#7074,#934,.T.);
#8092=EDGE_CURVE('',#6903,#7071,#8794,.T.);
#8093=EDGE_CURVE('',#7070,#6904,#8795,.T.);
#8094=EDGE_CURVE('',#6940,#6870,#8796,.T.);
#8095=EDGE_CURVE('',#6869,#6941,#8797,.T.);
#8096=EDGE_CURVE('',#7076,#7047,#8798,.T.);
#8097=EDGE_CURVE('',#7046,#7077,#8799,.T.);
#8098=EDGE_CURVE('',#7060,#7075,#8800,.T.);
#8099=EDGE_CURVE('',#7074,#7061,#8801,.T.);
#8100=EDGE_CURVE('',#6915,#6974,#8802,.T.);
#8101=EDGE_CURVE('',#6974,#7078,#170,.T.);
#8102=EDGE_CURVE('',#7078,#7079,#171,.T.);
#8103=EDGE_CURVE('',#7079,#7080,#935,.T.);
#8104=EDGE_CURVE('',#7081,#7080,#8803,.T.);
#8105=EDGE_CURVE('',#6916,#7081,#936,.T.);
#8106=EDGE_CURVE('',#7082,#7083,#937,.T.);
#8107=EDGE_CURVE('',#7082,#7084,#172,.T.);
#8108=EDGE_CURVE('',#7084,#6971,#173,.T.);
#8109=EDGE_CURVE('',#6971,#6918,#8804,.T.);
#8110=EDGE_CURVE('',#6917,#7085,#938,.T.);
#8111=EDGE_CURVE('',#7083,#7085,#8805,.T.);
#8112=EDGE_CURVE('',#7086,#7086,#8806,.T.);
#8113=EDGE_CURVE('',#7087,#7087,#8807,.T.);
#8114=EDGE_CURVE('',#7085,#7081,#939,.T.);
#8115=EDGE_CURVE('',#7080,#7083,#940,.T.);
#8116=EDGE_CURVE('',#7088,#7088,#8808,.T.);
#8117=EDGE_CURVE('',#7089,#7089,#8809,.T.);
#8118=EDGE_CURVE('',#6937,#6932,#941,.T.);
#8119=EDGE_CURVE('',#6931,#6934,#942,.T.);
#8120=EDGE_CURVE('',#6930,#6933,#943,.T.);
#8121=EDGE_CURVE('',#7079,#7082,#944,.T.);
#8122=EDGE_CURVE('',#6929,#6935,#945,.T.);
#8123=EDGE_CURVE('',#7078,#7084,#946,.T.);
#8124=EDGE_CURVE('',#7090,#7090,#8810,.T.);
#8125=EDGE_CURVE('',#7091,#7091,#8811,.T.);
#8126=EDGE_CURVE('',#7092,#7092,#8812,.T.);
#8127=EDGE_CURVE('',#7093,#7093,#8813,.T.);
#8128=EDGE_CURVE('',#7094,#7094,#8814,.T.);
#8129=EDGE_CURVE('',#7095,#7095,#8815,.T.);
#8130=EDGE_CURVE('',#7096,#7096,#8816,.T.);
#8131=EDGE_CURVE('',#7097,#7097,#8817,.T.);
#8132=EDGE_CURVE('',#7098,#6890,#947,.T.);
#8133=EDGE_CURVE('',#7099,#7098,#8818,.T.);
#8134=EDGE_CURVE('',#7099,#6889,#948,.T.);
#8135=EDGE_CURVE('',#7100,#6898,#949,.T.);
#8136=EDGE_CURVE('',#7098,#7100,#8819,.T.);
#8137=EDGE_CURVE('',#7101,#6897,#950,.T.);
#8138=EDGE_CURVE('',#7100,#7101,#951,.T.);
#8139=EDGE_CURVE('',#7102,#6896,#952,.T.);
#8140=EDGE_CURVE('',#7101,#7102,#8820,.T.);
#8141=EDGE_CURVE('',#7103,#6895,#953,.T.);
#8142=EDGE_CURVE('',#7102,#7103,#954,.T.);
#8143=EDGE_CURVE('',#7104,#6894,#955,.T.);
#8144=EDGE_CURVE('',#7103,#7104,#8821,.T.);
#8145=EDGE_CURVE('',#7105,#6893,#956,.T.);
#8146=EDGE_CURVE('',#7104,#7105,#957,.T.);
#8147=EDGE_CURVE('',#7106,#6892,#958,.T.);
#8148=EDGE_CURVE('',#7105,#7106,#8822,.T.);
#8149=EDGE_CURVE('',#7107,#6891,#959,.T.);
#8150=EDGE_CURVE('',#7106,#7107,#8823,.T.);
#8151=EDGE_CURVE('',#7107,#7099,#960,.T.);
#8152=EDGE_CURVE('',#6883,#7108,#174,.T.);
#8153=EDGE_CURVE('',#7108,#7013,#8824,.T.);
#8154=EDGE_CURVE('',#7012,#6884,#8825,.T.);
#8155=EDGE_CURVE('',#6999,#7109,#8826,.T.);
#8156=EDGE_CURVE('',#7109,#6880,#175,.T.);
#8157=EDGE_CURVE('',#6879,#7000,#8827,.T.);
#8158=EDGE_CURVE('',#7110,#7111,#961,.T.);
#8159=EDGE_CURVE('',#7111,#7112,#962,.T.);
#8160=EDGE_CURVE('',#7112,#7113,#963,.T.);
#8161=EDGE_CURVE('',#7113,#7110,#964,.T.);
#8162=EDGE_CURVE('',#7114,#7115,#965,.T.);
#8163=EDGE_CURVE('',#7115,#7116,#966,.T.);
#8164=EDGE_CURVE('',#7116,#7117,#8828,.T.);
#8165=EDGE_CURVE('',#7117,#7118,#967,.T.);
#8166=EDGE_CURVE('',#7118,#7119,#968,.T.);
#8167=EDGE_CURVE('',#7119,#7120,#969,.T.);
#8168=EDGE_CURVE('',#7120,#7121,#8829,.T.);
#8169=EDGE_CURVE('',#7121,#7114,#970,.T.);
#8170=EDGE_CURVE('',#7122,#7123,#971,.T.);
#8171=EDGE_CURVE('',#7123,#7124,#972,.T.);
#8172=EDGE_CURVE('',#7124,#7125,#8830,.T.);
#8173=EDGE_CURVE('',#7125,#7126,#973,.T.);
#8174=EDGE_CURVE('',#7126,#7127,#974,.T.);
#8175=EDGE_CURVE('',#7127,#7128,#975,.T.);
#8176=EDGE_CURVE('',#7128,#7129,#8831,.T.);
#8177=EDGE_CURVE('',#7129,#7122,#976,.T.);
#8178=EDGE_CURVE('',#7130,#7131,#977,.T.);
#8179=EDGE_CURVE('',#7131,#7132,#978,.T.);
#8180=EDGE_CURVE('',#7132,#7133,#979,.T.);
#8181=EDGE_CURVE('',#7133,#7130,#980,.T.);
#8182=EDGE_CURVE('',#7126,#7131,#8832,.T.);
#8183=EDGE_CURVE('',#7130,#7127,#8833,.T.);
#8184=EDGE_CURVE('',#7132,#7115,#8834,.T.);
#8185=EDGE_CURVE('',#7114,#7133,#8835,.T.);
#8186=EDGE_CURVE('',#7112,#7123,#8836,.T.);
#8187=EDGE_CURVE('',#7122,#7113,#8837,.T.);
#8188=EDGE_CURVE('',#7118,#7111,#8838,.T.);
#8189=EDGE_CURVE('',#7110,#7119,#8839,.T.);
#8190=EDGE_CURVE('',#6980,#6914,#8840,.T.);
#8191=EDGE_CURVE('',#6913,#6981,#8841,.T.);
#8192=EDGE_CURVE('',#7123,#7072,#8842,.T.);
#8193=EDGE_CURVE('',#7073,#7112,#8843,.T.);
#8194=EDGE_CURVE('',#7064,#7111,#8844,.T.);
#8195=EDGE_CURVE('',#7124,#7071,#8845,.T.);
#8196=EDGE_CURVE('',#7065,#7118,#8846,.T.);
#8197=EDGE_CURVE('',#7125,#6903,#8847,.T.);
#8198=EDGE_CURVE('',#6861,#7117,#8848,.T.);
#8199=EDGE_CURVE('',#7126,#6902,#8849,.T.);
#8200=EDGE_CURVE('',#6863,#7116,#8850,.T.);
#8201=EDGE_CURVE('',#7131,#6901,#8851,.T.);
#8202=EDGE_CURVE('',#6899,#7115,#8852,.T.);
#8203=EDGE_CURVE('',#7132,#6900,#8853,.T.);
#8204=EDGE_CURVE('',#7113,#6938,#8854,.T.);
#8205=EDGE_CURVE('',#6939,#7122,#8855,.T.);
#8206=EDGE_CURVE('',#6940,#7129,#8856,.T.);
#8207=EDGE_CURVE('',#7110,#6947,#8857,.T.);
#8208=EDGE_CURVE('',#6870,#7128,#8858,.T.);
#8209=EDGE_CURVE('',#7119,#6946,#8859,.T.);
#8210=EDGE_CURVE('',#6871,#7127,#8860,.T.);
#8211=EDGE_CURVE('',#7120,#6867,#8861,.T.);
#8212=EDGE_CURVE('',#6872,#7130,#8862,.T.);
#8213=EDGE_CURVE('',#7121,#6865,#8863,.T.);
#8214=EDGE_CURVE('',#6873,#7133,#8864,.T.);
#8215=EDGE_CURVE('',#7114,#6874,#8865,.T.);
#8216=EDGE_CURVE('',#7108,#7005,#8866,.T.);
#8217=EDGE_CURVE('',#7013,#7004,#8867,.T.);
#8218=EDGE_CURVE('',#7014,#7003,#8868,.T.);
#8219=EDGE_CURVE('',#7015,#7009,#8869,.T.);
#8220=EDGE_CURVE('',#7016,#7018,#8870,.T.);
#8221=EDGE_CURVE('',#7017,#6950,#8871,.T.);
#8222=EDGE_CURVE('',#7012,#6949,#8872,.T.);
#8223=EDGE_CURVE('',#6884,#6948,#8873,.T.);
#8224=EDGE_CURVE('',#6885,#6959,#8874,.T.);
#8225=EDGE_CURVE('',#6886,#7050,#8875,.T.);
#8226=EDGE_CURVE('',#6887,#7049,#8876,.T.);
#8227=EDGE_CURVE('',#6888,#7042,#8877,.T.);
#8228=EDGE_CURVE('',#6869,#7041,#8878,.T.);
#8229=EDGE_CURVE('',#6941,#7040,#8879,.T.);
#8230=EDGE_CURVE('',#6942,#7047,#8880,.T.);
#8231=EDGE_CURVE('',#6943,#7076,#8881,.T.);
#8232=EDGE_CURVE('',#6944,#7075,#8882,.T.);
#8233=EDGE_CURVE('',#6945,#7060,#8883,.T.);
#8234=EDGE_CURVE('',#6868,#7059,#8884,.T.);
#8235=EDGE_CURVE('',#6866,#7058,#8885,.T.);
#8236=EDGE_CURVE('',#6875,#7057,#8886,.T.);
#8237=EDGE_CURVE('',#6876,#7054,#8887,.T.);
#8238=EDGE_CURVE('',#6877,#7053,#8888,.T.);
#8239=EDGE_CURVE('',#6878,#6968,#8889,.T.);
#8240=EDGE_CURVE('',#6879,#6967,#8890,.T.);
#8241=EDGE_CURVE('',#7000,#6966,#8891,.T.);
#8242=EDGE_CURVE('',#7001,#6964,#8892,.T.);
#8243=EDGE_CURVE('',#7002,#7021,#8893,.T.);
#8244=EDGE_CURVE('',#6997,#6962,#8894,.T.);
#8245=EDGE_CURVE('',#6998,#6960,#8895,.T.);
#8246=EDGE_CURVE('',#6999,#6994,#8896,.T.);
#8247=EDGE_CURVE('',#7109,#6993,#8897,.T.);
#8248=EDGE_CURVE('',#6957,#6909,#8898,.T.);
#8249=EDGE_CURVE('',#6918,#6970,#8899,.T.);
#8250=EDGE_CURVE('',#6958,#6908,#8900,.T.);
#8251=EDGE_CURVE('',#6919,#6969,#8901,.T.);
#8252=EDGE_CURVE('',#7051,#6907,#8902,.T.);
#8253=EDGE_CURVE('',#6920,#7052,#8903,.T.);
#8254=EDGE_CURVE('',#7048,#6906,#8904,.T.);
#8255=EDGE_CURVE('',#6921,#7055,#8905,.T.);
#8256=EDGE_CURVE('',#7043,#6905,#8906,.T.);
#8257=EDGE_CURVE('',#6922,#7056,#8907,.T.);
#8258=EDGE_CURVE('',#7044,#6904,#8908,.T.);
#8259=EDGE_CURVE('',#6864,#7063,#8909,.T.);
#8260=EDGE_CURVE('',#7045,#7070,#8910,.T.);
#8261=EDGE_CURVE('',#6862,#7062,#8911,.T.);
#8262=EDGE_CURVE('',#7046,#7069,#8912,.T.);
#8263=EDGE_CURVE('',#7066,#7061,#8913,.T.);
#8264=EDGE_CURVE('',#7077,#7068,#8914,.T.);
#8265=EDGE_CURVE('',#7067,#7074,#8915,.T.);
#8266=EDGE_CURVE('',#6972,#7084,#8916,.T.);
#8267=EDGE_CURVE('',#6973,#7078,#8917,.T.);
#8268=EDGE_CURVE('',#6912,#6954,#8918,.T.);
#8269=EDGE_CURVE('',#6913,#6953,#8919,.T.);
#8270=EDGE_CURVE('',#6981,#6952,#8920,.T.);
#8271=EDGE_CURVE('',#6982,#6951,#8921,.T.);
#8272=EDGE_CURVE('',#6983,#7019,#8922,.T.);
#8273=EDGE_CURVE('',#6984,#7020,#8923,.T.);
#8274=EDGE_CURVE('',#7027,#7010,#8924,.T.);
#8275=EDGE_CURVE('',#7026,#7008,#8925,.T.);
#8276=EDGE_CURVE('',#6985,#7007,#8926,.T.);
#8277=EDGE_CURVE('',#6986,#7006,#8927,.T.);
#8278=EDGE_CURVE('',#6987,#6882,#8928,.T.);
#8279=EDGE_CURVE('',#6988,#6881,#8929,.T.);
#8280=EDGE_CURVE('',#6989,#6992,#8930,.T.);
#8281=EDGE_CURVE('',#6990,#6995,#8931,.T.);
#8282=EDGE_CURVE('',#7029,#6961,#8932,.T.);
#8283=EDGE_CURVE('',#7028,#6963,#8933,.T.);
#8284=EDGE_CURVE('',#6991,#7023,#8934,.T.);
#8285=EDGE_CURVE('',#6978,#7022,#8935,.T.);
#8286=EDGE_CURVE('',#6979,#6965,#8936,.T.);
#8287=EDGE_CURVE('',#6980,#6977,#8937,.T.);
#8288=EDGE_CURVE('',#6914,#6976,#8938,.T.);
#8289=EDGE_CURVE('',#6975,#6915,#8939,.T.);
#8290=EDGE_CURVE('',#6955,#6935,#8940,.T.);
#8291=EDGE_CURVE('',#6956,#6929,#8941,.T.);
#8292=CIRCLE('',#8943,11.5000000000028);
#8293=CIRCLE('',#8944,11.5000000000028);
#8294=CIRCLE('',#8946,11.0000000000028);
#8295=CIRCLE('',#8947,3.65);
#8296=CIRCLE('',#8948,3.65);
#8297=CIRCLE('',#8949,3.65);
#8298=CIRCLE('',#8951,1.65);
#8299=CIRCLE('',#8952,1.65);
#8300=CIRCLE('',#8953,1.65);
#8301=CIRCLE('',#8955,1.65);
#8302=CIRCLE('',#8957,1.65);
#8303=CIRCLE('',#8959,1.65);
#8304=CIRCLE('',#8965,1.65);
#8305=CIRCLE('',#8966,1.65);
#8306=CIRCLE('',#8968,1.65);
#8307=CIRCLE('',#8969,1.65);
#8308=CIRCLE('',#8971,1.65);
#8309=CIRCLE('',#8972,1.65);
#8310=CIRCLE('',#8974,3.5);
#8311=CIRCLE('',#8975,3.5);
#8312=CIRCLE('',#8976,3.5);
#8313=CIRCLE('',#8978,3.25);
#8314=CIRCLE('',#8979,3.25);
#8315=CIRCLE('',#8980,3.25);
#8316=CIRCLE('',#8981,3.5);
#8317=CIRCLE('',#8982,3.5);
#8318=CIRCLE('',#8984,3.65);
#8319=CIRCLE('',#8985,3.65);
#8320=CIRCLE('',#8986,3.65);
#8321=CIRCLE('',#8987,6.);
#8322=CIRCLE('',#8988,15.4999999999947);
#8323=CIRCLE('',#8989,10.);
#8324=CIRCLE('',#8992,15.4999999999947);
#8325=CIRCLE('',#8993,15.4999999999947);
#8326=CIRCLE('',#8995,1.65);
#8327=CIRCLE('',#8996,1.65);
#8328=CIRCLE('',#8997,1.65);
#8329=CIRCLE('',#8998,13.6);
#8330=CIRCLE('',#9000,1.65);
#8331=CIRCLE('',#9002,1.65);
#8332=CIRCLE('',#9004,1.65);
#8333=CIRCLE('',#9009,13.6);
#8334=CIRCLE('',#9013,6.);
#8335=CIRCLE('',#9014,10.);
#8336=CIRCLE('',#9020,5.);
#8337=CIRCLE('',#9028,3.25);
#8338=CIRCLE('',#9031,3.25);
#8339=CIRCLE('',#9034,3.25);
#8340=CIRCLE('',#9038,5.);
#8341=CIRCLE('',#9040,1.65);
#8342=CIRCLE('',#9041,1.65);
#8343=CIRCLE('',#9043,1.65);
#8344=CIRCLE('',#9044,1.65);
#8345=CIRCLE('',#9046,10.);
#8346=CIRCLE('',#9047,10.);
#8347=CIRCLE('',#9049,9.);
#8348=CIRCLE('',#9050,1.75);
#8349=CIRCLE('',#9051,1.75);
#8350=CIRCLE('',#9052,1.75);
#8351=CIRCLE('',#9054,1.25);
#8352=CIRCLE('',#9055,1.25);
#8353=CIRCLE('',#9058,1.25);
#8354=CIRCLE('',#9059,1.25);
#8355=CIRCLE('',#9062,1.25);
#8356=CIRCLE('',#9063,1.25);
#8357=CIRCLE('',#9070,11.5);
#8358=CIRCLE('',#9071,11.5);
#8359=CIRCLE('',#9073,11.);
#8360=CIRCLE('',#9075,10.);
#8361=CIRCLE('',#9076,15.5);
#8362=CIRCLE('',#9077,6.);
#8363=CIRCLE('',#9080,3.5);
#8364=CIRCLE('',#9081,3.5);
#8365=CIRCLE('',#9082,3.5);
#8366=CIRCLE('',#9085,15.5);
#8367=CIRCLE('',#9087,6.);
#8368=CIRCLE('',#9088,10.);
#8369=CIRCLE('',#9094,3.25);
#8370=CIRCLE('',#9095,3.5);
#8371=CIRCLE('',#9096,3.5);
#8372=CIRCLE('',#9097,3.25);
#8373=CIRCLE('',#9105,3.25);
#8374=CIRCLE('',#9108,3.25);
#8375=CIRCLE('',#9111,25.5);
#8376=CIRCLE('',#9112,25.5);
#8377=CIRCLE('',#9114,25.5);
#8378=CIRCLE('',#9115,25.5);
#8379=CIRCLE('',#9117,25.5);
#8380=CIRCLE('',#9118,25.5);
#8381=CIRCLE('',#9120,1.75);
#8382=CIRCLE('',#9121,1.75);
#8383=CIRCLE('',#9122,1.75);
#8384=CIRCLE('',#9123,1.75);
#8385=CIRCLE('',#9124,1.75);
#8386=CIRCLE('',#9125,1.75);
#8387=CIRCLE('',#9126,5.);
#8388=CIRCLE('',#9127,25.5);
#8389=CIRCLE('',#9128,5.);
#8390=CIRCLE('',#9129,5.);
#8391=CIRCLE('',#9130,5.);
#8392=CIRCLE('',#9131,1.75);
#8393=CIRCLE('',#9132,1.75);
#8394=CIRCLE('',#9133,1.75);
#8395=CIRCLE('',#9134,1.75);
#8396=CIRCLE('',#9135,3.65);
#8397=CIRCLE('',#9136,3.65);
#8398=CIRCLE('',#9137,3.65);
#8399=CIRCLE('',#9138,3.);
#8400=CIRCLE('',#9139,3.);
#8401=CIRCLE('',#9140,3.);
#8402=CIRCLE('',#9141,3.65);
#8403=CIRCLE('',#9142,3.65);
#8404=CIRCLE('',#9143,3.65);
#8405=CIRCLE('',#9144,3.65);
#8406=CIRCLE('',#9145,3.65);
#8407=CIRCLE('',#9146,3.65);
#8408=CIRCLE('',#9147,3.65);
#8409=CIRCLE('',#9148,3.65);
#8410=CIRCLE('',#9149,3.);
#8411=CIRCLE('',#9151,1.25);
#8412=CIRCLE('',#9152,1.25);
#8413=CIRCLE('',#9153,1.25);
#8414=CIRCLE('',#9154,1.25);
#8415=CIRCLE('',#9155,1.25);
#8416=CIRCLE('',#9156,1.25);
#8417=CIRCLE('',#9157,1.25);
#8418=CIRCLE('',#9158,1.25);
#8419=CIRCLE('',#9159,1.65);
#8420=CIRCLE('',#9160,1.65);
#8421=CIRCLE('',#9161,1.65);
#8422=CIRCLE('',#9162,0.8);
#8423=CIRCLE('',#9163,0.8);
#8424=CIRCLE('',#9164,0.8);
#8425=CIRCLE('',#9165,0.8);
#8426=CIRCLE('',#9166,25.5);
#8427=CIRCLE('',#9167,5.);
#8428=CIRCLE('',#9168,5.);
#8429=CIRCLE('',#9169,5.);
#8430=CIRCLE('',#9170,5.);
#8431=CIRCLE('',#9171,1.65);
#8432=CIRCLE('',#9172,1.65);
#8433=CIRCLE('',#9173,1.65);
#8434=CIRCLE('',#9174,1.65);
#8435=CIRCLE('',#9175,1.65);
#8436=CIRCLE('',#9176,1.65);
#8437=CIRCLE('',#9177,1.65);
#8438=CIRCLE('',#9178,1.65);
#8439=CIRCLE('',#9179,1.25);
#8440=CIRCLE('',#9180,1.25);
#8441=CIRCLE('',#9182,1.65);
#8442=CIRCLE('',#9184,1.65);
#8443=CIRCLE('',#9186,1.65);
#8444=CIRCLE('',#9188,1.65);
#8445=CIRCLE('',#9190,1.65);
#8446=CIRCLE('',#9192,1.65);
#8447=CIRCLE('',#9194,1.65);
#8448=CIRCLE('',#9196,1.65);
#8449=CIRCLE('',#9209,3.);
#8450=CIRCLE('',#9211,1.3);
#8451=CIRCLE('',#9212,2.5);
#8452=CIRCLE('',#9214,3.);
#8453=CIRCLE('',#9216,1.3);
#8454=CIRCLE('',#9217,2.5);
#8455=CIRCLE('',#9219,3.);
#8456=CIRCLE('',#9221,2.5);
#8457=CIRCLE('',#9222,1.3);
#8458=CIRCLE('',#9224,3.);
#8459=CIRCLE('',#9226,2.5);
#8460=CIRCLE('',#9227,1.3);
#8461=CIRCLE('',#9229,0.8);
#8462=CIRCLE('',#9231,0.8);
#8463=CIRCLE('',#9233,0.8);
#8464=CIRCLE('',#9235,0.8);
#8465=CIRCLE('',#9245,1.65);
#8466=CIRCLE('',#9247,1.65);
#8467=CIRCLE('',#9249,1.65);
#8468=CIRCLE('',#9254,1.25);
#8469=CIRCLE('',#9256,1.25);
#8470=CIRCLE('',#9258,1.25);
#8471=CIRCLE('',#9260,1.25);
#8472=CIRCLE('',#9272,1.25);
#8473=CIRCLE('',#9274,1.25);
#8474=CIRCLE('',#9276,1.25);
#8475=CIRCLE('',#9281,1.25);
#8476=CIRCLE('',#9283,1.25);
#8477=CIRCLE('',#9285,1.25);
#8478=CIRCLE('',#9290,2.);
#8479=CIRCLE('',#9291,2.);
#8480=CIRCLE('',#9292,1.75);
#8481=CIRCLE('',#9293,1.75);
#8482=CIRCLE('',#9294,1.75);
#8483=CIRCLE('',#9295,1.75);
#8484=CIRCLE('',#9296,1.75);
#8485=CIRCLE('',#9298,1.65);
#8486=CIRCLE('',#9299,1.65);
#8487=CIRCLE('',#9300,16.5);
#8488=CIRCLE('',#9301,1.65);
#8489=CIRCLE('',#9302,1.65);
#8490=CIRCLE('',#9303,25.5);
#8491=CIRCLE('',#9304,5.);
#8492=CIRCLE('',#9305,2.5);
#8493=CIRCLE('',#9306,25.5);
#8494=CIRCLE('',#9307,2.5);
#8495=CIRCLE('',#9308,2.5);
#8496=CIRCLE('',#9310,1.65);
#8497=CIRCLE('',#9311,16.5);
#8498=CIRCLE('',#9312,1.65);
#8499=CIRCLE('',#9313,1.65);
#8500=CIRCLE('',#9314,1.65);
#8501=CIRCLE('',#9315,5.);
#8502=CIRCLE('',#9316,25.5);
#8503=CIRCLE('',#9317,2.5);
#8504=CIRCLE('',#9318,2.5);
#8505=CIRCLE('',#9319,25.5);
#8506=CIRCLE('',#9320,2.5);
#8507=CIRCLE('',#9322,25.5);
#8508=CIRCLE('',#9324,25.5);
#8509=CIRCLE('',#9326,25.5);
#8510=CIRCLE('',#9328,1.75);
#8511=CIRCLE('',#9329,1.75);
#8512=CIRCLE('',#9330,1.75);
#8513=CIRCLE('',#9331,1.75);
#8514=CIRCLE('',#9332,1.75);
#8515=CIRCLE('',#9333,2.);
#8516=CIRCLE('',#9334,2.);
#8517=CIRCLE('',#9340,1.75);
#8518=CIRCLE('',#9341,1.75);
#8519=CIRCLE('',#9342,1.75);
#8520=CIRCLE('',#9344,1.65);
#8521=CIRCLE('',#9346,1.65);
#8522=CIRCLE('',#9348,1.65);
#8523=CIRCLE('',#9350,1.65);
#8524=CIRCLE('',#9352,5.);
#8525=CIRCLE('',#9353,25.5);
#8526=CIRCLE('',#9354,5.);
#8527=CIRCLE('',#9355,2.5);
#8528=CIRCLE('',#9356,2.5);
#8529=CIRCLE('',#9357,2.5);
#8530=CIRCLE('',#9358,2.5);
#8531=CIRCLE('',#9359,2.5);
#8532=CIRCLE('',#9360,2.5);
#8533=CIRCLE('',#9361,16.5);
#8534=CIRCLE('',#9362,1.5);
#8535=CIRCLE('',#9363,3.1);
#8536=CIRCLE('',#9364,1.5);
#8537=CIRCLE('',#9365,16.5);
#8538=CIRCLE('',#9366,1.5);
#8539=CIRCLE('',#9367,3.1);
#8540=CIRCLE('',#9368,1.5);
#8541=CIRCLE('',#9369,16.5);
#8542=CIRCLE('',#9370,1.5);
#8543=CIRCLE('',#9371,3.1);
#8544=CIRCLE('',#9372,1.5);
#8545=CIRCLE('',#9373,16.5);
#8546=CIRCLE('',#9374,1.5);
#8547=CIRCLE('',#9375,3.1);
#8548=CIRCLE('',#9376,1.5);
#8549=CIRCLE('',#9377,16.5);
#8550=CIRCLE('',#9378,1.5);
#8551=CIRCLE('',#9379,3.1);
#8552=CIRCLE('',#9380,1.5);
#8553=CIRCLE('',#9381,16.5);
#8554=CIRCLE('',#9382,1.5);
#8555=CIRCLE('',#9383,3.1);
#8556=CIRCLE('',#9384,1.5);
#8557=CIRCLE('',#9385,16.5);
#8558=CIRCLE('',#9386,1.5);
#8559=CIRCLE('',#9387,3.1);
#8560=CIRCLE('',#9388,1.5);
#8561=CIRCLE('',#9389,16.5);
#8562=CIRCLE('',#9390,1.5);
#8563=CIRCLE('',#9391,3.1);
#8564=CIRCLE('',#9392,1.5);
#8565=CIRCLE('',#9394,16.5);
#8566=CIRCLE('',#9395,16.5);
#8567=CIRCLE('',#9396,16.5);
#8568=CIRCLE('',#9397,16.5);
#8569=CIRCLE('',#9399,16.5);
#8570=CIRCLE('',#9400,16.5);
#8571=CIRCLE('',#9401,16.5);
#8572=CIRCLE('',#9402,16.5);
#8573=CIRCLE('',#9404,1.65);
#8574=CIRCLE('',#9406,1.65);
#8575=CIRCLE('',#9408,1.65);
#8576=CIRCLE('',#9410,1.65);
#8577=CIRCLE('',#9413,3.1);
#8578=CIRCLE('',#9414,1.5);
#8579=CIRCLE('',#9415,1.5);
#8580=CIRCLE('',#9421,3.1);
#8581=CIRCLE('',#9424,1.5);
#8582=CIRCLE('',#9425,1.5);
#8583=CIRCLE('',#9429,3.1);
#8584=CIRCLE('',#9431,1.5);
#8585=CIRCLE('',#9432,1.5);
#8586=CIRCLE('',#9435,3.1);
#8587=CIRCLE('',#9438,1.5);
#8588=CIRCLE('',#9439,1.5);
#8589=CIRCLE('',#9441,3.1);
#8590=CIRCLE('',#9442,1.5);
#8591=CIRCLE('',#9443,1.5);
#8592=CIRCLE('',#9448,1.5);
#8593=CIRCLE('',#9449,1.5);
#8594=CIRCLE('',#9450,3.1);
#8595=CIRCLE('',#9455,1.5);
#8596=CIRCLE('',#9456,1.5);
#8597=CIRCLE('',#9457,3.1);
#8598=CIRCLE('',#9464,3.1);
#8599=CIRCLE('',#9466,1.5);
#8600=CIRCLE('',#9467,1.5);
#8601=CIRCLE('',#9487,1.25);
#8602=CIRCLE('',#9488,1.25);
#8603=CIRCLE('',#9491,1.25);
#8604=CIRCLE('',#9492,1.25);
#8605=CIRCLE('',#9495,1.25);
#8606=CIRCLE('',#9496,1.25);
#8607=CIRCLE('',#9499,2.);
#8608=CIRCLE('',#9502,2.);
#8609=CIRCLE('',#9504,2.);
#8610=CIRCLE('',#9507,2.);
#8611=CIRCLE('',#9509,2.);
#8612=CIRCLE('',#9512,2.);
#8613=CIRCLE('',#9514,2.);
#8614=CIRCLE('',#9517,2.);
#8615=CIRCLE('',#9522,1.25);
#8616=CIRCLE('',#9523,1.25);
#8617=CIRCLE('',#9526,1.25);
#8618=CIRCLE('',#9527,1.25);
#8619=CIRCLE('',#9530,1.25);
#8620=CIRCLE('',#9531,1.25);
#8621=CIRCLE('',#9534,1.25);
#8622=CIRCLE('',#9535,1.25);
#8623=CIRCLE('',#9538,1.25);
#8624=CIRCLE('',#9539,1.25);
#8625=CIRCLE('',#9547,1.25);
#8626=CIRCLE('',#9548,1.25);
#8627=CIRCLE('',#9551,1.25);
#8628=CIRCLE('',#9552,1.25);
#8629=CIRCLE('',#9555,1.25);
#8630=CIRCLE('',#9556,1.25);
#8631=CIRCLE('',#9559,1.25);
#8632=CIRCLE('',#9560,1.25);
#8633=CIRCLE('',#9563,1.25);
#8634=CIRCLE('',#9564,1.25);
#8635=CIRCLE('',#9593,3.65);
#8636=CIRCLE('',#9594,3.65);
#8637=CIRCLE('',#9595,3.65);
#8638=CIRCLE('',#9596,3.65);
#8639=CIRCLE('',#9597,3.5);
#8640=CIRCLE('',#9598,3.5);
#8641=CIRCLE('',#9599,3.5);
#8642=CIRCLE('',#9600,4.5);
#8643=CIRCLE('',#9601,3.5);
#8644=CIRCLE('',#9602,3.5);
#8645=CIRCLE('',#9603,4.5);
#8646=CIRCLE('',#9604,3.5);
#8647=CIRCLE('',#9605,3.5);
#8648=CIRCLE('',#9606,4.49999999999996);
#8649=CIRCLE('',#9607,3.5);
#8650=CIRCLE('',#9608,3.5);
#8651=CIRCLE('',#9609,4.5);
#8652=CIRCLE('',#9610,3.5);
#8653=CIRCLE('',#9615,1.65);
#8654=CIRCLE('',#9616,1.65);
#8655=CIRCLE('',#9617,1.65);
#8656=CIRCLE('',#9618,1.65);
#8657=CIRCLE('',#9619,3.5);
#8658=CIRCLE('',#9620,4.5);
#8659=CIRCLE('',#9621,3.5);
#8660=CIRCLE('',#9622,3.5);
#8661=CIRCLE('',#9623,4.49999999999996);
#8662=CIRCLE('',#9624,4.5);
#8663=CIRCLE('',#9625,3.5);
#8664=CIRCLE('',#9626,3.5);
#8665=CIRCLE('',#9627,4.5);
#8666=CIRCLE('',#9628,3.5);
#8667=CIRCLE('',#9629,3.5);
#8668=CIRCLE('',#9630,3.5);
#8669=CIRCLE('',#9631,1.25);
#8670=CIRCLE('',#9632,1.25);
#8671=CIRCLE('',#9633,1.25);
#8672=CIRCLE('',#9634,1.25);
#8673=CIRCLE('',#9636,3.5);
#8674=CIRCLE('',#9638,1.74999999999998);
#8675=CIRCLE('',#9639,3.);
#8676=CIRCLE('',#9641,3.5);
#8677=CIRCLE('',#9643,1.74999999999998);
#8678=CIRCLE('',#9644,3.);
#8679=CIRCLE('',#9646,3.5);
#8680=CIRCLE('',#9648,3.);
#8681=CIRCLE('',#9649,1.74999999999998);
#8682=CIRCLE('',#9651,3.5);
#8683=CIRCLE('',#9653,3.);
#8684=CIRCLE('',#9654,1.74999999999998);
#8685=CIRCLE('',#9656,1.25);
#8686=CIRCLE('',#9658,1.25);
#8687=CIRCLE('',#9660,1.25);
#8688=CIRCLE('',#9662,1.25);
#8689=CIRCLE('',#9686,1.65);
#8690=CIRCLE('',#9688,1.65);
#8691=CIRCLE('',#9690,1.65);
#8692=CIRCLE('',#9692,1.65);
#8693=CIRCLE('',#9698,12.);
#8694=CIRCLE('',#9699,12.);
#8695=CIRCLE('',#9701,16.);
#8696=CIRCLE('',#9702,16.);
#8697=CIRCLE('',#9704,6.);
#8698=CIRCLE('',#9705,6.);
#8699=CIRCLE('',#9706,11.);
#8700=CIRCLE('',#9707,9.);
#8701=CIRCLE('',#9708,9.);
#8702=CIRCLE('',#9709,11.);
#8703=CIRCLE('',#9710,4.5);
#8704=CIRCLE('',#9711,4.5);
#8705=CIRCLE('',#9712,2.5);
#8706=CIRCLE('',#9713,4.5);
#8707=CIRCLE('',#9714,4.5);
#8708=CIRCLE('',#9715,2.5);
#8709=CIRCLE('',#9717,6.);
#8710=CIRCLE('',#9718,6.);
#8711=CIRCLE('',#9719,11.);
#8712=CIRCLE('',#9720,9.);
#8713=CIRCLE('',#9721,3.5);
#8714=CIRCLE('',#9722,3.5);
#8715=CIRCLE('',#9723,3.5);
#8716=CIRCLE('',#9724,3.5);
#8717=CIRCLE('',#9725,9.);
#8718=CIRCLE('',#9726,11.);
#8719=CIRCLE('',#9727,3.65);
#8720=CIRCLE('',#9728,3.65);
#8721=CIRCLE('',#9729,3.65);
#8722=CIRCLE('',#9730,3.65);
#8723=CIRCLE('',#9731,3.65);
#8724=CIRCLE('',#9733,3.5);
#8725=CIRCLE('',#9734,3.5);
#8726=CIRCLE('',#9736,3.5);
#8727=CIRCLE('',#9737,3.5);
#8728=CIRCLE('',#9739,6.);
#8729=CIRCLE('',#9740,4.);
#8730=CIRCLE('',#9741,4.);
#8731=CIRCLE('',#9742,6.);
#8732=CIRCLE('',#9744,6.);
#8733=CIRCLE('',#9745,1.);
#8734=CIRCLE('',#9747,4.5);
#8735=CIRCLE('',#9748,4.5);
#8736=CIRCLE('',#9750,6.);
#8737=CIRCLE('',#9751,1.);
#8738=CIRCLE('',#9753,3.5);
#8739=CIRCLE('',#9754,3.5);
#8740=CIRCLE('',#9755,3.65);
#8741=CIRCLE('',#9756,5.5);
#8742=CIRCLE('',#9757,5.5);
#8743=CIRCLE('',#9758,3.64999999999999);
#8744=CIRCLE('',#9760,6.);
#8745=CIRCLE('',#9762,1.65);
#8746=CIRCLE('',#9763,3.5);
#8747=CIRCLE('',#9764,3.5);
#8748=CIRCLE('',#9766,6.);
#8749=CIRCLE('',#9768,4.5);
#8750=CIRCLE('',#9769,4.5);
#8751=CIRCLE('',#9771,1.65);
#8752=CIRCLE('',#9772,3.5);
#8753=CIRCLE('',#9773,3.5);
#8754=CIRCLE('',#9775,4.5);
#8755=CIRCLE('',#9776,4.5);
#8756=CIRCLE('',#9780,4.5);
#8757=CIRCLE('',#9781,4.5);
#8758=CIRCLE('',#9783,4.5);
#8759=CIRCLE('',#9785,4.5);
#8760=CIRCLE('',#9787,1.65);
#8761=CIRCLE('',#9789,1.65);
#8762=CIRCLE('',#9791,3.65);
#8763=CIRCLE('',#9792,3.65);
#8764=CIRCLE('',#9793,3.65);
#8765=CIRCLE('',#9795,3.64999999999999);
#8766=CIRCLE('',#9796,3.64999999999999);
#8767=CIRCLE('',#9797,3.64999999999999);
#8768=CIRCLE('',#9799,1.65);
#8769=CIRCLE('',#9800,1.65);
#8770=CIRCLE('',#9802,1.65);
#8771=CIRCLE('',#9803,1.65);
#8772=CIRCLE('',#9805,1.65);
#8773=CIRCLE('',#9806,1.65);
#8774=CIRCLE('',#9808,1.65);
#8775=CIRCLE('',#9809,1.65);
#8776=CIRCLE('',#9811,1.65);
#8777=CIRCLE('',#9812,1.65);
#8778=CIRCLE('',#9819,15.);
#8779=CIRCLE('',#9820,13.);
#8780=CIRCLE('',#9824,15.);
#8781=CIRCLE('',#9825,13.);
#8782=CIRCLE('',#9827,10.);
#8783=CIRCLE('',#9828,10.);
#8784=CIRCLE('',#9830,10.);
#8785=CIRCLE('',#9831,10.);
#8786=CIRCLE('',#9833,10.);
#8787=CIRCLE('',#9834,10.);
#8788=CIRCLE('',#9836,10.);
#8789=CIRCLE('',#9837,10.);
#8790=CIRCLE('',#9839,6.);
#8791=CIRCLE('',#9840,4.);
#8792=CIRCLE('',#9841,4.);
#8793=CIRCLE('',#9842,6.);
#8794=CIRCLE('',#9845,12.);
#8795=CIRCLE('',#9846,12.);
#8796=CIRCLE('',#9848,16.);
#8797=CIRCLE('',#9849,16.);
#8798=CIRCLE('',#9851,5.);
#8799=CIRCLE('',#9852,5.);
#8800=CIRCLE('',#9854,5.);
#8801=CIRCLE('',#9855,5.);
#8802=CIRCLE('',#9857,3.5);
#8803=CIRCLE('',#9858,3.5);
#8804=CIRCLE('',#9860,3.5);
#8805=CIRCLE('',#9861,3.5);
#8806=CIRCLE('',#9863,1.75);
#8807=CIRCLE('',#9864,1.75);
#8808=CIRCLE('',#9866,1.75);
#8809=CIRCLE('',#9867,1.75);
#8810=CIRCLE('',#9875,1.25);
#8811=CIRCLE('',#9876,1.25);
#8812=CIRCLE('',#9879,1.25);
#8813=CIRCLE('',#9880,1.25);
#8814=CIRCLE('',#9883,1.25);
#8815=CIRCLE('',#9884,1.25);
#8816=CIRCLE('',#9887,1.25);
#8817=CIRCLE('',#9888,1.25);
#8818=CIRCLE('',#9895,4.5);
#8819=CIRCLE('',#9897,2.5);
#8820=CIRCLE('',#9900,4.5);
#8821=CIRCLE('',#9903,4.5);
#8822=CIRCLE('',#9906,2.5);
#8823=CIRCLE('',#9908,4.5);
#8824=CIRCLE('',#9912,5.);
#8825=CIRCLE('',#9913,5.);
#8826=CIRCLE('',#9915,5.);
#8827=CIRCLE('',#9916,5.);
#8828=CIRCLE('',#9919,13.);
#8829=CIRCLE('',#9920,15.);
#8830=CIRCLE('',#9922,13.);
#8831=CIRCLE('',#9923,15.);
#8832=CIRCLE('',#9926,5.);
#8833=CIRCLE('',#9927,5.);
#8834=CIRCLE('',#9929,5.);
#8835=CIRCLE('',#9930,5.);
#8836=CIRCLE('',#9932,5.);
#8837=CIRCLE('',#9933,5.);
#8838=CIRCLE('',#9935,5.);
#8839=CIRCLE('',#9936,5.);
#8840=CIRCLE('',#9938,2.);
#8841=CIRCLE('',#9939,2.);
#8842=CIRCLE('',#9941,1.);
#8843=CIRCLE('',#9942,1.);
#8844=CIRCLE('',#9944,1.);
#8845=CIRCLE('',#9946,1.);
#8846=CIRCLE('',#9948,1.);
#8847=CIRCLE('',#9950,1.);
#8848=CIRCLE('',#9952,1.);
#8849=CIRCLE('',#9954,1.);
#8850=CIRCLE('',#9956,1.);
#8851=CIRCLE('',#9958,1.);
#8852=CIRCLE('',#9960,1.);
#8853=CIRCLE('',#9962,1.);
#8854=CIRCLE('',#9965,1.);
#8855=CIRCLE('',#9966,1.);
#8856=CIRCLE('',#9968,1.);
#8857=CIRCLE('',#9970,1.);
#8858=CIRCLE('',#9972,1.);
#8859=CIRCLE('',#9974,1.);
#8860=CIRCLE('',#9976,1.);
#8861=CIRCLE('',#9978,1.);
#8862=CIRCLE('',#9980,1.);
#8863=CIRCLE('',#9982,1.);
#8864=CIRCLE('',#9984,1.);
#8865=CIRCLE('',#9986,1.);
#8866=CIRCLE('',#9989,1.);
#8867=CIRCLE('',#9990,1.);
#8868=CIRCLE('',#9992,1.);
#8869=CIRCLE('',#9994,1.);
#8870=CIRCLE('',#9996,1.);
#8871=CIRCLE('',#9998,1.);
#8872=CIRCLE('',#10000,1.);
#8873=CIRCLE('',#10002,1.);
#8874=CIRCLE('',#10004,1.);
#8875=CIRCLE('',#10006,1.);
#8876=CIRCLE('',#10008,1.);
#8877=CIRCLE('',#10010,1.);
#8878=CIRCLE('',#10012,1.);
#8879=CIRCLE('',#10014,1.);
#8880=CIRCLE('',#10016,1.);
#8881=CIRCLE('',#10018,1.);
#8882=CIRCLE('',#10020,1.);
#8883=CIRCLE('',#10022,1.);
#8884=CIRCLE('',#10024,1.);
#8885=CIRCLE('',#10026,1.);
#8886=CIRCLE('',#10028,1.);
#8887=CIRCLE('',#10030,1.);
#8888=CIRCLE('',#10032,1.);
#8889=CIRCLE('',#10034,1.);
#8890=CIRCLE('',#10036,1.);
#8891=CIRCLE('',#10038,1.);
#8892=CIRCLE('',#10040,1.);
#8893=CIRCLE('',#10042,1.);
#8894=CIRCLE('',#10044,1.);
#8895=CIRCLE('',#10046,1.);
#8896=CIRCLE('',#10048,1.);
#8897=CIRCLE('',#10050,1.);
#8898=CIRCLE('',#10052,1.);
#8899=CIRCLE('',#10053,1.);
#8900=CIRCLE('',#10054,1.);
#8901=CIRCLE('',#10056,1.);
#8902=CIRCLE('',#10058,1.);
#8903=CIRCLE('',#10060,1.);
#8904=CIRCLE('',#10062,1.);
#8905=CIRCLE('',#10064,1.);
#8906=CIRCLE('',#10066,1.);
#8907=CIRCLE('',#10068,1.);
#8908=CIRCLE('',#10070,1.);
#8909=CIRCLE('',#10072,1.);
#8910=CIRCLE('',#10074,1.);
#8911=CIRCLE('',#10076,1.);
#8912=CIRCLE('',#10078,1.);
#8913=CIRCLE('',#10080,1.);
#8914=CIRCLE('',#10082,1.);
#8915=CIRCLE('',#10084,1.);
#8916=CIRCLE('',#10087,1.);
#8917=CIRCLE('',#10088,1.);
#8918=CIRCLE('',#10090,1.);
#8919=CIRCLE('',#10091,1.);
#8920=CIRCLE('',#10093,1.);
#8921=CIRCLE('',#10094,1.);
#8922=CIRCLE('',#10096,1.);
#8923=CIRCLE('',#10098,1.);
#8924=CIRCLE('',#10100,1.);
#8925=CIRCLE('',#10101,1.);
#8926=CIRCLE('',#10103,1.);
#8927=CIRCLE('',#10104,1.);
#8928=CIRCLE('',#10106,1.);
#8929=CIRCLE('',#10108,1.);
#8930=CIRCLE('',#10110,1.);
#8931=CIRCLE('',#10112,1.);
#8932=CIRCLE('',#10114,1.);
#8933=CIRCLE('',#10115,1.);
#8934=CIRCLE('',#10117,1.);
#8935=CIRCLE('',#10118,1.);
#8936=CIRCLE('',#10120,1.);
#8937=CIRCLE('',#10122,1.);
#8938=CIRCLE('',#10124,1.);
#8939=CIRCLE('',#10125,1.);
#8940=CIRCLE('',#10127,1.);
#8941=CIRCLE('',#10128,1.);
#8942=AXIS2_PLACEMENT_3D('',#12983,#10130,#10131);
#8943=AXIS2_PLACEMENT_3D('',#12984,#10132,#10133);
#8944=AXIS2_PLACEMENT_3D('',#12986,#10134,#10135);
#8945=AXIS2_PLACEMENT_3D('',#12988,#10136,#10137);
#8946=AXIS2_PLACEMENT_3D('',#12989,#10138,#10139);
#8947=AXIS2_PLACEMENT_3D('',#12991,#10140,#10141);
#8948=AXIS2_PLACEMENT_3D('',#12993,#10142,#10143);
#8949=AXIS2_PLACEMENT_3D('',#12995,#10144,#10145);
#8950=AXIS2_PLACEMENT_3D('',#12997,#10146,#10147);
#8951=AXIS2_PLACEMENT_3D('',#12998,#10148,#10149);
#8952=AXIS2_PLACEMENT_3D('',#13000,#10150,#10151);
#8953=AXIS2_PLACEMENT_3D('',#13002,#10152,#10153);
#8954=AXIS2_PLACEMENT_3D('',#13004,#10154,#10155);
#8955=AXIS2_PLACEMENT_3D('',#13005,#10156,#10157);
#8956=AXIS2_PLACEMENT_3D('',#13007,#10158,#10159);
#8957=AXIS2_PLACEMENT_3D('',#13008,#10160,#10161);
#8958=AXIS2_PLACEMENT_3D('',#13010,#10162,#10163);
#8959=AXIS2_PLACEMENT_3D('',#13011,#10164,#10165);
#8960=AXIS2_PLACEMENT_3D('',#13013,#10166,#10167);
#8961=AXIS2_PLACEMENT_3D('',#13014,#10168,#10169);
#8962=AXIS2_PLACEMENT_3D('',#13015,#10170,#10171);
#8963=AXIS2_PLACEMENT_3D('',#13016,#10172,#10173);
#8964=AXIS2_PLACEMENT_3D('',#13017,#10174,#10175);
#8965=AXIS2_PLACEMENT_3D('',#13018,#10176,#10177);
#8966=AXIS2_PLACEMENT_3D('',#13020,#10178,#10179);
#8967=AXIS2_PLACEMENT_3D('',#13022,#10180,#10181);
#8968=AXIS2_PLACEMENT_3D('',#13023,#10182,#10183);
#8969=AXIS2_PLACEMENT_3D('',#13025,#10184,#10185);
#8970=AXIS2_PLACEMENT_3D('',#13027,#10186,#10187);
#8971=AXIS2_PLACEMENT_3D('',#13028,#10188,#10189);
#8972=AXIS2_PLACEMENT_3D('',#13030,#10190,#10191);
#8973=AXIS2_PLACEMENT_3D('',#13032,#10192,#10193);
#8974=AXIS2_PLACEMENT_3D('',#13036,#10195,#10196);
#8975=AXIS2_PLACEMENT_3D('',#13040,#10198,#10199);
#8976=AXIS2_PLACEMENT_3D('',#13050,#10204,#10205);
#8977=AXIS2_PLACEMENT_3D('',#13051,#10206,#10207);
#8978=AXIS2_PLACEMENT_3D('',#13052,#10208,#10209);
#8979=AXIS2_PLACEMENT_3D('',#13054,#10210,#10211);
#8980=AXIS2_PLACEMENT_3D('',#13059,#10213,#10214);
#8981=AXIS2_PLACEMENT_3D('',#13065,#10217,#10218);
#8982=AXIS2_PLACEMENT_3D('',#13069,#10220,#10221);
#8983=AXIS2_PLACEMENT_3D('',#13072,#10223,#10224);
#8984=AXIS2_PLACEMENT_3D('',#13073,#10225,#10226);
#8985=AXIS2_PLACEMENT_3D('',#13075,#10227,#10228);
#8986=AXIS2_PLACEMENT_3D('',#13077,#10229,#10230);
#8987=AXIS2_PLACEMENT_3D('',#13085,#10234,#10235);
#8988=AXIS2_PLACEMENT_3D('',#13089,#10237,#10238);
#8989=AXIS2_PLACEMENT_3D('',#13093,#10240,#10241);
#8990=AXIS2_PLACEMENT_3D('',#13094,#10242,#10243);
#8991=AXIS2_PLACEMENT_3D('',#13100,#10247,#10248);
#8992=AXIS2_PLACEMENT_3D('',#13101,#10249,#10250);
#8993=AXIS2_PLACEMENT_3D('',#13105,#10252,#10253);
#8994=AXIS2_PLACEMENT_3D('',#13106,#10254,#10255);
#8995=AXIS2_PLACEMENT_3D('',#13107,#10256,#10257);
#8996=AXIS2_PLACEMENT_3D('',#13109,#10258,#10259);
#8997=AXIS2_PLACEMENT_3D('',#13111,#10260,#10261);
#8998=AXIS2_PLACEMENT_3D('',#13113,#10262,#10263);
#8999=AXIS2_PLACEMENT_3D('',#13115,#10264,#10265);
#9000=AXIS2_PLACEMENT_3D('',#13116,#10266,#10267);
#9001=AXIS2_PLACEMENT_3D('',#13118,#10268,#10269);
#9002=AXIS2_PLACEMENT_3D('',#13119,#10270,#10271);
#9003=AXIS2_PLACEMENT_3D('',#13121,#10272,#10273);
#9004=AXIS2_PLACEMENT_3D('',#13122,#10274,#10275);
#9005=AXIS2_PLACEMENT_3D('',#13124,#10276,#10277);
#9006=AXIS2_PLACEMENT_3D('',#13125,#10278,#10279);
#9007=AXIS2_PLACEMENT_3D('',#13126,#10280,#10281);
#9008=AXIS2_PLACEMENT_3D('',#13127,#10282,#10283);
#9009=AXIS2_PLACEMENT_3D('',#13128,#10284,#10285);
#9010=AXIS2_PLACEMENT_3D('',#13130,#10286,#10287);
#9011=AXIS2_PLACEMENT_3D('',#13131,#10288,#10289);
#9012=AXIS2_PLACEMENT_3D('',#13135,#10292,#10293);
#9013=AXIS2_PLACEMENT_3D('',#13136,#10294,#10295);
#9014=AXIS2_PLACEMENT_3D('',#13141,#10298,#10299);
#9015=AXIS2_PLACEMENT_3D('',#13142,#10300,#10301);
#9016=AXIS2_PLACEMENT_3D('',#13145,#10304,#10305);
#9017=AXIS2_PLACEMENT_3D('',#13147,#10307,#10308);
#9018=AXIS2_PLACEMENT_3D('',#13148,#10309,#10310);
#9019=AXIS2_PLACEMENT_3D('',#13149,#10311,#10312);
#9020=AXIS2_PLACEMENT_3D('',#13152,#10314,#10315);
#9021=AXIS2_PLACEMENT_3D('',#13154,#10317,#10318);
#9022=AXIS2_PLACEMENT_3D('',#13157,#10321,#10322);
#9023=AXIS2_PLACEMENT_3D('',#13164,#10323,#10324);
#9024=AXIS2_PLACEMENT_3D('',#13165,#10325,#10326);
#9025=AXIS2_PLACEMENT_3D('',#13166,#10327,#10328);
#9026=AXIS2_PLACEMENT_3D('',#13167,#10329,#10330);
#9027=AXIS2_PLACEMENT_3D('',#13202,#10331,#10332);
#9028=AXIS2_PLACEMENT_3D('',#13203,#10333,#10334);
#9029=AXIS2_PLACEMENT_3D('',#13205,#10335,#10336);
#9030=AXIS2_PLACEMENT_3D('',#13206,#10337,#10338);
#9031=AXIS2_PLACEMENT_3D('',#13207,#10339,#10340);
#9032=AXIS2_PLACEMENT_3D('',#13209,#10341,#10342);
#9033=AXIS2_PLACEMENT_3D('',#13210,#10343,#10344);
#9034=AXIS2_PLACEMENT_3D('',#13211,#10345,#10346);
#9035=AXIS2_PLACEMENT_3D('',#13213,#10347,#10348);
#9036=AXIS2_PLACEMENT_3D('',#13214,#10349,#10350);
#9037=AXIS2_PLACEMENT_3D('',#13272,#10353,#10354);
#9038=AXIS2_PLACEMENT_3D('',#13283,#10356,#10357);
#9039=AXIS2_PLACEMENT_3D('',#13286,#10359,#10360);
#9040=AXIS2_PLACEMENT_3D('',#13287,#10361,#10362);
#9041=AXIS2_PLACEMENT_3D('',#13289,#10363,#10364);
#9042=AXIS2_PLACEMENT_3D('',#13291,#10365,#10366);
#9043=AXIS2_PLACEMENT_3D('',#13292,#10367,#10368);
#9044=AXIS2_PLACEMENT_3D('',#13294,#10369,#10370);
#9045=AXIS2_PLACEMENT_3D('',#13296,#10371,#10372);
#9046=AXIS2_PLACEMENT_3D('',#13297,#10373,#10374);
#9047=AXIS2_PLACEMENT_3D('',#13299,#10375,#10376);
#9048=AXIS2_PLACEMENT_3D('',#13301,#10377,#10378);
#9049=AXIS2_PLACEMENT_3D('',#13302,#10379,#10380);
#9050=AXIS2_PLACEMENT_3D('',#13304,#10381,#10382);
#9051=AXIS2_PLACEMENT_3D('',#13306,#10383,#10384);
#9052=AXIS2_PLACEMENT_3D('',#13308,#10385,#10386);
#9053=AXIS2_PLACEMENT_3D('',#13310,#10387,#10388);
#9054=AXIS2_PLACEMENT_3D('',#13311,#10389,#10390);
#9055=AXIS2_PLACEMENT_3D('',#13313,#10391,#10392);
#9056=AXIS2_PLACEMENT_3D('',#13315,#10393,#10394);
#9057=AXIS2_PLACEMENT_3D('',#13316,#10395,#10396);
#9058=AXIS2_PLACEMENT_3D('',#13317,#10397,#10398);
#9059=AXIS2_PLACEMENT_3D('',#13319,#10399,#10400);
#9060=AXIS2_PLACEMENT_3D('',#13321,#10401,#10402);
#9061=AXIS2_PLACEMENT_3D('',#13322,#10403,#10404);
#9062=AXIS2_PLACEMENT_3D('',#13323,#10405,#10406);
#9063=AXIS2_PLACEMENT_3D('',#13325,#10407,#10408);
#9064=AXIS2_PLACEMENT_3D('',#13327,#10409,#10410);
#9065=AXIS2_PLACEMENT_3D('',#13328,#10411,#10412);
#9066=AXIS2_PLACEMENT_3D('',#13329,#10413,#10414);
#9067=AXIS2_PLACEMENT_3D('',#13330,#10415,#10416);
#9068=AXIS2_PLACEMENT_3D('',#13331,#10417,#10418);
#9069=AXIS2_PLACEMENT_3D('',#13332,#10419,#10420);
#9070=AXIS2_PLACEMENT_3D('',#13333,#10421,#10422);
#9071=AXIS2_PLACEMENT_3D('',#13335,#10423,#10424);
#9072=AXIS2_PLACEMENT_3D('',#13337,#10425,#10426);
#9073=AXIS2_PLACEMENT_3D('',#13338,#10427,#10428);
#9074=AXIS2_PLACEMENT_3D('',#13340,#10429,#10430);
#9075=AXIS2_PLACEMENT_3D('',#13345,#10433,#10434);
#9076=AXIS2_PLACEMENT_3D('',#13349,#10436,#10437);
#9077=AXIS2_PLACEMENT_3D('',#13353,#10439,#10440);
#9078=AXIS2_PLACEMENT_3D('',#13356,#10442,#10443);
#9079=AXIS2_PLACEMENT_3D('',#13362,#10447,#10448);
#9080=AXIS2_PLACEMENT_3D('',#13366,#10450,#10451);
#9081=AXIS2_PLACEMENT_3D('',#13370,#10453,#10454);
#9082=AXIS2_PLACEMENT_3D('',#13374,#10456,#10457);
#9083=AXIS2_PLACEMENT_3D('',#13378,#10460,#10461);
#9084=AXIS2_PLACEMENT_3D('',#13384,#10465,#10466);
#9085=AXIS2_PLACEMENT_3D('',#13385,#10467,#10468);
#9086=AXIS2_PLACEMENT_3D('',#13386,#10469,#10470);
#9087=AXIS2_PLACEMENT_3D('',#13387,#10471,#10472);
#9088=AXIS2_PLACEMENT_3D('',#13388,#10473,#10474);
#9089=AXIS2_PLACEMENT_3D('',#13393,#10477,#10478);
#9090=AXIS2_PLACEMENT_3D('',#13394,#10479,#10480);
#9091=AXIS2_PLACEMENT_3D('',#13399,#10484,#10485);
#9092=AXIS2_PLACEMENT_3D('',#13401,#10487,#10488);
#9093=AXIS2_PLACEMENT_3D('',#13406,#10492,#10493);
#9094=AXIS2_PLACEMENT_3D('',#13407,#10494,#10495);
#9095=AXIS2_PLACEMENT_3D('',#13408,#10496,#10497);
#9096=AXIS2_PLACEMENT_3D('',#13412,#10499,#10500);
#9097=AXIS2_PLACEMENT_3D('',#13413,#10501,#10502);
#9098=AXIS2_PLACEMENT_3D('',#13414,#10503,#10504);
#9099=AXIS2_PLACEMENT_3D('',#13417,#10507,#10508);
#9100=AXIS2_PLACEMENT_3D('',#13418,#10509,#10510);
#9101=AXIS2_PLACEMENT_3D('',#13419,#10511,#10512);
#9102=AXIS2_PLACEMENT_3D('',#13420,#10513,#10514);
#9103=AXIS2_PLACEMENT_3D('',#13421,#10515,#10516);
#9104=AXIS2_PLACEMENT_3D('',#13422,#10517,#10518);
#9105=AXIS2_PLACEMENT_3D('',#13423,#10519,#10520);
#9106=AXIS2_PLACEMENT_3D('',#13425,#10521,#10522);
#9107=AXIS2_PLACEMENT_3D('',#13426,#10523,#10524);
#9108=AXIS2_PLACEMENT_3D('',#13427,#10525,#10526);
#9109=AXIS2_PLACEMENT_3D('',#13429,#10527,#10528);
#9110=AXIS2_PLACEMENT_3D('',#13430,#10529,#10530);
#9111=AXIS2_PLACEMENT_3D('',#13431,#10531,#10532);
#9112=AXIS2_PLACEMENT_3D('',#13436,#10534,#10535);
#9113=AXIS2_PLACEMENT_3D('',#13439,#10537,#10538);
#9114=AXIS2_PLACEMENT_3D('',#13440,#10539,#10540);
#9115=AXIS2_PLACEMENT_3D('',#13445,#10542,#10543);
#9116=AXIS2_PLACEMENT_3D('',#13448,#10545,#10546);
#9117=AXIS2_PLACEMENT_3D('',#13449,#10547,#10548);
#9118=AXIS2_PLACEMENT_3D('',#13454,#10550,#10551);
#9119=AXIS2_PLACEMENT_3D('',#13457,#10553,#10554);
#9120=AXIS2_PLACEMENT_3D('',#13458,#10555,#10556);
#9121=AXIS2_PLACEMENT_3D('',#13460,#10557,#10558);
#9122=AXIS2_PLACEMENT_3D('',#13462,#10559,#10560);
#9123=AXIS2_PLACEMENT_3D('',#13464,#10561,#10562);
#9124=AXIS2_PLACEMENT_3D('',#13466,#10563,#10564);
#9125=AXIS2_PLACEMENT_3D('',#13468,#10565,#10566);
#9126=AXIS2_PLACEMENT_3D('',#13473,#10568,#10569);
#9127=AXIS2_PLACEMENT_3D('',#13475,#10570,#10571);
#9128=AXIS2_PLACEMENT_3D('',#13478,#10573,#10574);
#9129=AXIS2_PLACEMENT_3D('',#13482,#10576,#10577);
#9130=AXIS2_PLACEMENT_3D('',#13484,#10579,#10580);
#9131=AXIS2_PLACEMENT_3D('',#13485,#10581,#10582);
#9132=AXIS2_PLACEMENT_3D('',#13487,#10583,#10584);
#9133=AXIS2_PLACEMENT_3D('',#13489,#10585,#10586);
#9134=AXIS2_PLACEMENT_3D('',#13491,#10587,#10588);
#9135=AXIS2_PLACEMENT_3D('',#13493,#10589,#10590);
#9136=AXIS2_PLACEMENT_3D('',#13495,#10591,#10592);
#9137=AXIS2_PLACEMENT_3D('',#13497,#10593,#10594);
#9138=AXIS2_PLACEMENT_3D('',#13499,#10595,#10596);
#9139=AXIS2_PLACEMENT_3D('',#13501,#10597,#10598);
#9140=AXIS2_PLACEMENT_3D('',#13503,#10599,#10600);
#9141=AXIS2_PLACEMENT_3D('',#13505,#10601,#10602);
#9142=AXIS2_PLACEMENT_3D('',#13507,#10603,#10604);
#9143=AXIS2_PLACEMENT_3D('',#13509,#10605,#10606);
#9144=AXIS2_PLACEMENT_3D('',#13511,#10607,#10608);
#9145=AXIS2_PLACEMENT_3D('',#13513,#10609,#10610);
#9146=AXIS2_PLACEMENT_3D('',#13515,#10611,#10612);
#9147=AXIS2_PLACEMENT_3D('',#13517,#10613,#10614);
#9148=AXIS2_PLACEMENT_3D('',#13519,#10615,#10616);
#9149=AXIS2_PLACEMENT_3D('',#13521,#10617,#10618);
#9150=AXIS2_PLACEMENT_3D('',#13523,#10619,#10620);
#9151=AXIS2_PLACEMENT_3D('',#13524,#10621,#10622);
#9152=AXIS2_PLACEMENT_3D('',#13526,#10623,#10624);
#9153=AXIS2_PLACEMENT_3D('',#13528,#10625,#10626);
#9154=AXIS2_PLACEMENT_3D('',#13530,#10627,#10628);
#9155=AXIS2_PLACEMENT_3D('',#13532,#10629,#10630);
#9156=AXIS2_PLACEMENT_3D('',#13534,#10631,#10632);
#9157=AXIS2_PLACEMENT_3D('',#13536,#10633,#10634);
#9158=AXIS2_PLACEMENT_3D('',#13538,#10635,#10636);
#9159=AXIS2_PLACEMENT_3D('',#13540,#10637,#10638);
#9160=AXIS2_PLACEMENT_3D('',#13542,#10639,#10640);
#9161=AXIS2_PLACEMENT_3D('',#13544,#10641,#10642);
#9162=AXIS2_PLACEMENT_3D('',#13546,#10643,#10644);
#9163=AXIS2_PLACEMENT_3D('',#13548,#10645,#10646);
#9164=AXIS2_PLACEMENT_3D('',#13550,#10647,#10648);
#9165=AXIS2_PLACEMENT_3D('',#13552,#10649,#10650);
#9166=AXIS2_PLACEMENT_3D('',#13554,#10651,#10652);
#9167=AXIS2_PLACEMENT_3D('',#13557,#10653,#10654);
#9168=AXIS2_PLACEMENT_3D('',#13561,#10656,#10657);
#9169=AXIS2_PLACEMENT_3D('',#13563,#10659,#10660);
#9170=AXIS2_PLACEMENT_3D('',#13567,#10662,#10663);
#9171=AXIS2_PLACEMENT_3D('',#13569,#10665,#10666);
#9172=AXIS2_PLACEMENT_3D('',#13571,#10667,#10668);
#9173=AXIS2_PLACEMENT_3D('',#13573,#10669,#10670);
#9174=AXIS2_PLACEMENT_3D('',#13575,#10671,#10672);
#9175=AXIS2_PLACEMENT_3D('',#13577,#10673,#10674);
#9176=AXIS2_PLACEMENT_3D('',#13579,#10675,#10676);
#9177=AXIS2_PLACEMENT_3D('',#13581,#10677,#10678);
#9178=AXIS2_PLACEMENT_3D('',#13583,#10679,#10680);
#9179=AXIS2_PLACEMENT_3D('',#13585,#10681,#10682);
#9180=AXIS2_PLACEMENT_3D('',#13587,#10683,#10684);
#9181=AXIS2_PLACEMENT_3D('',#13589,#10685,#10686);
#9182=AXIS2_PLACEMENT_3D('',#13590,#10687,#10688);
#9183=AXIS2_PLACEMENT_3D('',#13592,#10689,#10690);
#9184=AXIS2_PLACEMENT_3D('',#13593,#10691,#10692);
#9185=AXIS2_PLACEMENT_3D('',#13595,#10693,#10694);
#9186=AXIS2_PLACEMENT_3D('',#13596,#10695,#10696);
#9187=AXIS2_PLACEMENT_3D('',#13598,#10697,#10698);
#9188=AXIS2_PLACEMENT_3D('',#13599,#10699,#10700);
#9189=AXIS2_PLACEMENT_3D('',#13601,#10701,#10702);
#9190=AXIS2_PLACEMENT_3D('',#13602,#10703,#10704);
#9191=AXIS2_PLACEMENT_3D('',#13604,#10705,#10706);
#9192=AXIS2_PLACEMENT_3D('',#13605,#10707,#10708);
#9193=AXIS2_PLACEMENT_3D('',#13607,#10709,#10710);
#9194=AXIS2_PLACEMENT_3D('',#13608,#10711,#10712);
#9195=AXIS2_PLACEMENT_3D('',#13610,#10713,#10714);
#9196=AXIS2_PLACEMENT_3D('',#13611,#10715,#10716);
#9197=AXIS2_PLACEMENT_3D('',#13613,#10717,#10718);
#9198=AXIS2_PLACEMENT_3D('',#13616,#10721,#10722);
#9199=AXIS2_PLACEMENT_3D('',#13617,#10723,#10724);
#9200=AXIS2_PLACEMENT_3D('',#13618,#10725,#10726);
#9201=AXIS2_PLACEMENT_3D('',#13619,#10727,#10728);
#9202=AXIS2_PLACEMENT_3D('',#13620,#10729,#10730);
#9203=AXIS2_PLACEMENT_3D('',#13621,#10731,#10732);
#9204=AXIS2_PLACEMENT_3D('',#13622,#10733,#10734);
#9205=AXIS2_PLACEMENT_3D('',#13623,#10735,#10736);
#9206=AXIS2_PLACEMENT_3D('',#13624,#10737,#10738);
#9207=AXIS2_PLACEMENT_3D('',#13625,#10739,#10740);
#9208=AXIS2_PLACEMENT_3D('',#13626,#10741,#10742);
#9209=AXIS2_PLACEMENT_3D('',#13627,#10743,#10744);
#9210=AXIS2_PLACEMENT_3D('',#13629,#10745,#10746);
#9211=AXIS2_PLACEMENT_3D('',#13630,#10747,#10748);
#9212=AXIS2_PLACEMENT_3D('',#13632,#10749,#10750);
#9213=AXIS2_PLACEMENT_3D('',#13634,#10751,#10752);
#9214=AXIS2_PLACEMENT_3D('',#13635,#10753,#10754);
#9215=AXIS2_PLACEMENT_3D('',#13637,#10755,#10756);
#9216=AXIS2_PLACEMENT_3D('',#13638,#10757,#10758);
#9217=AXIS2_PLACEMENT_3D('',#13640,#10759,#10760);
#9218=AXIS2_PLACEMENT_3D('',#13642,#10761,#10762);
#9219=AXIS2_PLACEMENT_3D('',#13643,#10763,#10764);
#9220=AXIS2_PLACEMENT_3D('',#13645,#10765,#10766);
#9221=AXIS2_PLACEMENT_3D('',#13646,#10767,#10768);
#9222=AXIS2_PLACEMENT_3D('',#13648,#10769,#10770);
#9223=AXIS2_PLACEMENT_3D('',#13650,#10771,#10772);
#9224=AXIS2_PLACEMENT_3D('',#13651,#10773,#10774);
#9225=AXIS2_PLACEMENT_3D('',#13653,#10775,#10776);
#9226=AXIS2_PLACEMENT_3D('',#13654,#10777,#10778);
#9227=AXIS2_PLACEMENT_3D('',#13656,#10779,#10780);
#9228=AXIS2_PLACEMENT_3D('',#13658,#10781,#10782);
#9229=AXIS2_PLACEMENT_3D('',#13659,#10783,#10784);
#9230=AXIS2_PLACEMENT_3D('',#13661,#10785,#10786);
#9231=AXIS2_PLACEMENT_3D('',#13662,#10787,#10788);
#9232=AXIS2_PLACEMENT_3D('',#13664,#10789,#10790);
#9233=AXIS2_PLACEMENT_3D('',#13665,#10791,#10792);
#9234=AXIS2_PLACEMENT_3D('',#13667,#10793,#10794);
#9235=AXIS2_PLACEMENT_3D('',#13668,#10795,#10796);
#9236=AXIS2_PLACEMENT_3D('',#13670,#10797,#10798);
#9237=AXIS2_PLACEMENT_3D('',#13671,#10799,#10800);
#9238=AXIS2_PLACEMENT_3D('',#13672,#10801,#10802);
#9239=AXIS2_PLACEMENT_3D('',#13673,#10803,#10804);
#9240=AXIS2_PLACEMENT_3D('',#13674,#10805,#10806);
#9241=AXIS2_PLACEMENT_3D('',#13675,#10807,#10808);
#9242=AXIS2_PLACEMENT_3D('',#13676,#10809,#10810);
#9243=AXIS2_PLACEMENT_3D('',#13677,#10811,#10812);
#9244=AXIS2_PLACEMENT_3D('',#13678,#10813,#10814);
#9245=AXIS2_PLACEMENT_3D('',#13679,#10815,#10816);
#9246=AXIS2_PLACEMENT_3D('',#13681,#10817,#10818);
#9247=AXIS2_PLACEMENT_3D('',#13682,#10819,#10820);
#9248=AXIS2_PLACEMENT_3D('',#13684,#10821,#10822);
#9249=AXIS2_PLACEMENT_3D('',#13685,#10823,#10824);
#9250=AXIS2_PLACEMENT_3D('',#13687,#10825,#10826);
#9251=AXIS2_PLACEMENT_3D('',#13688,#10827,#10828);
#9252=AXIS2_PLACEMENT_3D('',#13689,#10829,#10830);
#9253=AXIS2_PLACEMENT_3D('',#13690,#10831,#10832);
#9254=AXIS2_PLACEMENT_3D('',#13691,#10833,#10834);
#9255=AXIS2_PLACEMENT_3D('',#13693,#10835,#10836);
#9256=AXIS2_PLACEMENT_3D('',#13694,#10837,#10838);
#9257=AXIS2_PLACEMENT_3D('',#13696,#10839,#10840);
#9258=AXIS2_PLACEMENT_3D('',#13697,#10841,#10842);
#9259=AXIS2_PLACEMENT_3D('',#13699,#10843,#10844);
#9260=AXIS2_PLACEMENT_3D('',#13700,#10845,#10846);
#9261=AXIS2_PLACEMENT_3D('',#13702,#10847,#10848);
#9262=AXIS2_PLACEMENT_3D('',#13703,#10849,#10850);
#9263=AXIS2_PLACEMENT_3D('',#13704,#10851,#10852);
#9264=AXIS2_PLACEMENT_3D('',#13705,#10853,#10854);
#9265=AXIS2_PLACEMENT_3D('',#13706,#10855,#10856);
#9266=AXIS2_PLACEMENT_3D('',#13709,#10859,#10860);
#9267=AXIS2_PLACEMENT_3D('',#13712,#10863,#10864);
#9268=AXIS2_PLACEMENT_3D('',#13713,#10865,#10866);
#9269=AXIS2_PLACEMENT_3D('',#13714,#10867,#10868);
#9270=AXIS2_PLACEMENT_3D('',#13715,#10869,#10870);
#9271=AXIS2_PLACEMENT_3D('',#13716,#10871,#10872);
#9272=AXIS2_PLACEMENT_3D('',#13717,#10873,#10874);
#9273=AXIS2_PLACEMENT_3D('',#13719,#10875,#10876);
#9274=AXIS2_PLACEMENT_3D('',#13720,#10877,#10878);
#9275=AXIS2_PLACEMENT_3D('',#13722,#10879,#10880);
#9276=AXIS2_PLACEMENT_3D('',#13723,#10881,#10882);
#9277=AXIS2_PLACEMENT_3D('',#13725,#10883,#10884);
#9278=AXIS2_PLACEMENT_3D('',#13726,#10885,#10886);
#9279=AXIS2_PLACEMENT_3D('',#13727,#10887,#10888);
#9280=AXIS2_PLACEMENT_3D('',#13728,#10889,#10890);
#9281=AXIS2_PLACEMENT_3D('',#13729,#10891,#10892);
#9282=AXIS2_PLACEMENT_3D('',#13731,#10893,#10894);
#9283=AXIS2_PLACEMENT_3D('',#13732,#10895,#10896);
#9284=AXIS2_PLACEMENT_3D('',#13734,#10897,#10898);
#9285=AXIS2_PLACEMENT_3D('',#13735,#10899,#10900);
#9286=AXIS2_PLACEMENT_3D('',#13737,#10901,#10902);
#9287=AXIS2_PLACEMENT_3D('',#13738,#10903,#10904);
#9288=AXIS2_PLACEMENT_3D('',#13739,#10905,#10906);
#9289=AXIS2_PLACEMENT_3D('',#13740,#10907,#10908);
#9290=AXIS2_PLACEMENT_3D('',#13746,#10911,#10912);
#9291=AXIS2_PLACEMENT_3D('',#13754,#10916,#10917);
#9292=AXIS2_PLACEMENT_3D('',#13761,#10921,#10922);
#9293=AXIS2_PLACEMENT_3D('',#13763,#10923,#10924);
#9294=AXIS2_PLACEMENT_3D('',#13765,#10925,#10926);
#9295=AXIS2_PLACEMENT_3D('',#13767,#10927,#10928);
#9296=AXIS2_PLACEMENT_3D('',#13769,#10929,#10930);
#9297=AXIS2_PLACEMENT_3D('',#13771,#10931,#10932);
#9298=AXIS2_PLACEMENT_3D('',#13772,#10933,#10934);
#9299=AXIS2_PLACEMENT_3D('',#13774,#10935,#10936);
#9300=AXIS2_PLACEMENT_3D('',#13776,#10937,#10938);
#9301=AXIS2_PLACEMENT_3D('',#13778,#10939,#10940);
#9302=AXIS2_PLACEMENT_3D('',#13780,#10941,#10942);
#9303=AXIS2_PLACEMENT_3D('',#13782,#10943,#10944);
#9304=AXIS2_PLACEMENT_3D('',#13785,#10945,#10946);
#9305=AXIS2_PLACEMENT_3D('',#13789,#10948,#10949);
#9306=AXIS2_PLACEMENT_3D('',#13791,#10950,#10951);
#9307=AXIS2_PLACEMENT_3D('',#13793,#10952,#10953);
#9308=AXIS2_PLACEMENT_3D('',#13797,#10955,#10956);
#9309=AXIS2_PLACEMENT_3D('',#13819,#10968,#10969);
#9310=AXIS2_PLACEMENT_3D('',#13820,#10970,#10971);
#9311=AXIS2_PLACEMENT_3D('',#13822,#10972,#10973);
#9312=AXIS2_PLACEMENT_3D('',#13824,#10974,#10975);
#9313=AXIS2_PLACEMENT_3D('',#13826,#10976,#10977);
#9314=AXIS2_PLACEMENT_3D('',#13828,#10978,#10979);
#9315=AXIS2_PLACEMENT_3D('',#13833,#10981,#10982);
#9316=AXIS2_PLACEMENT_3D('',#13835,#10983,#10984);
#9317=AXIS2_PLACEMENT_3D('',#13858,#10996,#10997);
#9318=AXIS2_PLACEMENT_3D('',#13862,#10999,#11000);
#9319=AXIS2_PLACEMENT_3D('',#13864,#11001,#11002);
#9320=AXIS2_PLACEMENT_3D('',#13866,#11003,#11004);
#9321=AXIS2_PLACEMENT_3D('',#13867,#11005,#11006);
#9322=AXIS2_PLACEMENT_3D('',#13868,#11007,#11008);
#9323=AXIS2_PLACEMENT_3D('',#13873,#11011,#11012);
#9324=AXIS2_PLACEMENT_3D('',#13876,#11014,#11015);
#9325=AXIS2_PLACEMENT_3D('',#13879,#11017,#11018);
#9326=AXIS2_PLACEMENT_3D('',#13882,#11020,#11021);
#9327=AXIS2_PLACEMENT_3D('',#13885,#11023,#11024);
#9328=AXIS2_PLACEMENT_3D('',#13886,#11025,#11026);
#9329=AXIS2_PLACEMENT_3D('',#13888,#11027,#11028);
#9330=AXIS2_PLACEMENT_3D('',#13890,#11029,#11030);
#9331=AXIS2_PLACEMENT_3D('',#13892,#11031,#11032);
#9332=AXIS2_PLACEMENT_3D('',#13894,#11033,#11034);
#9333=AXIS2_PLACEMENT_3D('',#13899,#11037,#11038);
#9334=AXIS2_PLACEMENT_3D('',#13907,#11042,#11043);
#9335=AXIS2_PLACEMENT_3D('',#13908,#11044,#11045);
#9336=AXIS2_PLACEMENT_3D('',#13914,#11049,#11050);
#9337=AXIS2_PLACEMENT_3D('',#13923,#11055,#11056);
#9338=AXIS2_PLACEMENT_3D('',#13929,#11060,#11061);
#9339=AXIS2_PLACEMENT_3D('',#13938,#11066,#11067);
#9340=AXIS2_PLACEMENT_3D('',#13939,#11068,#11069);
#9341=AXIS2_PLACEMENT_3D('',#13941,#11070,#11071);
#9342=AXIS2_PLACEMENT_3D('',#13943,#11072,#11073);
#9343=AXIS2_PLACEMENT_3D('',#13969,#11088,#11089);
#9344=AXIS2_PLACEMENT_3D('',#13970,#11090,#11091);
#9345=AXIS2_PLACEMENT_3D('',#13972,#11092,#11093);
#9346=AXIS2_PLACEMENT_3D('',#13973,#11094,#11095);
#9347=AXIS2_PLACEMENT_3D('',#13975,#11096,#11097);
#9348=AXIS2_PLACEMENT_3D('',#13976,#11098,#11099);
#9349=AXIS2_PLACEMENT_3D('',#13978,#11100,#11101);
#9350=AXIS2_PLACEMENT_3D('',#13979,#11102,#11103);
#9351=AXIS2_PLACEMENT_3D('',#13981,#11104,#11105);
#9352=AXIS2_PLACEMENT_3D('',#13985,#11107,#11108);
#9353=AXIS2_PLACEMENT_3D('',#13987,#11109,#11110);
#9354=AXIS2_PLACEMENT_3D('',#13988,#11111,#11112);
#9355=AXIS2_PLACEMENT_3D('',#13992,#11114,#11115);
#9356=AXIS2_PLACEMENT_3D('',#13993,#11116,#11117);
#9357=AXIS2_PLACEMENT_3D('',#13997,#11119,#11120);
#9358=AXIS2_PLACEMENT_3D('',#14002,#11123,#11124);
#9359=AXIS2_PLACEMENT_3D('',#14006,#11126,#11127);
#9360=AXIS2_PLACEMENT_3D('',#14007,#11128,#11129);
#9361=AXIS2_PLACEMENT_3D('',#14008,#11130,#11131);
#9362=AXIS2_PLACEMENT_3D('',#14011,#11132,#11133);
#9363=AXIS2_PLACEMENT_3D('',#14015,#11135,#11136);
#9364=AXIS2_PLACEMENT_3D('',#14019,#11138,#11139);
#9365=AXIS2_PLACEMENT_3D('',#14021,#11140,#11141);
#9366=AXIS2_PLACEMENT_3D('',#14023,#11142,#11143);
#9367=AXIS2_PLACEMENT_3D('',#14027,#11145,#11146);
#9368=AXIS2_PLACEMENT_3D('',#14031,#11148,#11149);
#9369=AXIS2_PLACEMENT_3D('',#14033,#11150,#11151);
#9370=AXIS2_PLACEMENT_3D('',#14035,#11152,#11153);
#9371=AXIS2_PLACEMENT_3D('',#14039,#11155,#11156);
#9372=AXIS2_PLACEMENT_3D('',#14043,#11158,#11159);
#9373=AXIS2_PLACEMENT_3D('',#14045,#11160,#11161);
#9374=AXIS2_PLACEMENT_3D('',#14047,#11162,#11163);
#9375=AXIS2_PLACEMENT_3D('',#14051,#11165,#11166);
#9376=AXIS2_PLACEMENT_3D('',#14055,#11168,#11169);
#9377=AXIS2_PLACEMENT_3D('',#14056,#11170,#11171);
#9378=AXIS2_PLACEMENT_3D('',#14059,#11172,#11173);
#9379=AXIS2_PLACEMENT_3D('',#14063,#11175,#11176);
#9380=AXIS2_PLACEMENT_3D('',#14067,#11178,#11179);
#9381=AXIS2_PLACEMENT_3D('',#14069,#11180,#11181);
#9382=AXIS2_PLACEMENT_3D('',#14071,#11182,#11183);
#9383=AXIS2_PLACEMENT_3D('',#14075,#11185,#11186);
#9384=AXIS2_PLACEMENT_3D('',#14079,#11188,#11189);
#9385=AXIS2_PLACEMENT_3D('',#14081,#11190,#11191);
#9386=AXIS2_PLACEMENT_3D('',#14083,#11192,#11193);
#9387=AXIS2_PLACEMENT_3D('',#14087,#11195,#11196);
#9388=AXIS2_PLACEMENT_3D('',#14091,#11198,#11199);
#9389=AXIS2_PLACEMENT_3D('',#14093,#11200,#11201);
#9390=AXIS2_PLACEMENT_3D('',#14095,#11202,#11203);
#9391=AXIS2_PLACEMENT_3D('',#14099,#11205,#11206);
#9392=AXIS2_PLACEMENT_3D('',#14103,#11208,#11209);
#9393=AXIS2_PLACEMENT_3D('',#14104,#11210,#11211);
#9394=AXIS2_PLACEMENT_3D('',#14105,#11212,#11213);
#9395=AXIS2_PLACEMENT_3D('',#14111,#11216,#11217);
#9396=AXIS2_PLACEMENT_3D('',#14116,#11220,#11221);
#9397=AXIS2_PLACEMENT_3D('',#14121,#11224,#11225);
#9398=AXIS2_PLACEMENT_3D('',#14125,#11228,#11229);
#9399=AXIS2_PLACEMENT_3D('',#14126,#11230,#11231);
#9400=AXIS2_PLACEMENT_3D('',#14132,#11234,#11235);
#9401=AXIS2_PLACEMENT_3D('',#14137,#11238,#11239);
#9402=AXIS2_PLACEMENT_3D('',#14142,#11242,#11243);
#9403=AXIS2_PLACEMENT_3D('',#14146,#11246,#11247);
#9404=AXIS2_PLACEMENT_3D('',#14147,#11248,#11249);
#9405=AXIS2_PLACEMENT_3D('',#14149,#11250,#11251);
#9406=AXIS2_PLACEMENT_3D('',#14150,#11252,#11253);
#9407=AXIS2_PLACEMENT_3D('',#14152,#11254,#11255);
#9408=AXIS2_PLACEMENT_3D('',#14153,#11256,#11257);
#9409=AXIS2_PLACEMENT_3D('',#14155,#11258,#11259);
#9410=AXIS2_PLACEMENT_3D('',#14156,#11260,#11261);
#9411=AXIS2_PLACEMENT_3D('',#14158,#11262,#11263);
#9412=AXIS2_PLACEMENT_3D('',#14160,#11265,#11266);
#9413=AXIS2_PLACEMENT_3D('',#14164,#11268,#11269);
#9414=AXIS2_PLACEMENT_3D('',#14168,#11271,#11272);
#9415=AXIS2_PLACEMENT_3D('',#14169,#11273,#11274);
#9416=AXIS2_PLACEMENT_3D('',#14170,#11275,#11276);
#9417=AXIS2_PLACEMENT_3D('',#14173,#11279,#11280);
#9418=AXIS2_PLACEMENT_3D('',#14175,#11282,#11283);
#9419=AXIS2_PLACEMENT_3D('',#14177,#11285,#11286);
#9420=AXIS2_PLACEMENT_3D('',#14183,#11290,#11291);
#9421=AXIS2_PLACEMENT_3D('',#14186,#11293,#11294);
#9422=AXIS2_PLACEMENT_3D('',#14187,#11295,#11296);
#9423=AXIS2_PLACEMENT_3D('',#14191,#11299,#11300);
#9424=AXIS2_PLACEMENT_3D('',#14192,#11301,#11302);
#9425=AXIS2_PLACEMENT_3D('',#14193,#11303,#11304);
#9426=AXIS2_PLACEMENT_3D('',#14194,#11305,#11306);
#9427=AXIS2_PLACEMENT_3D('',#14200,#11310,#11311);
#9428=AXIS2_PLACEMENT_3D('',#14206,#11315,#11316);
#9429=AXIS2_PLACEMENT_3D('',#14207,#11317,#11318);
#9430=AXIS2_PLACEMENT_3D('',#14208,#11319,#11320);
#9431=AXIS2_PLACEMENT_3D('',#14209,#11321,#11322);
#9432=AXIS2_PLACEMENT_3D('',#14210,#11323,#11324);
#9433=AXIS2_PLACEMENT_3D('',#14211,#11325,#11326);
#9434=AXIS2_PLACEMENT_3D('',#14217,#11330,#11331);
#9435=AXIS2_PLACEMENT_3D('',#14220,#11333,#11334);
#9436=AXIS2_PLACEMENT_3D('',#14221,#11335,#11336);
#9437=AXIS2_PLACEMENT_3D('',#14225,#11339,#11340);
#9438=AXIS2_PLACEMENT_3D('',#14226,#11341,#11342);
#9439=AXIS2_PLACEMENT_3D('',#14227,#11343,#11344);
#9440=AXIS2_PLACEMENT_3D('',#14228,#11345,#11346);
#9441=AXIS2_PLACEMENT_3D('',#14232,#11348,#11349);
#9442=AXIS2_PLACEMENT_3D('',#14236,#11351,#11352);
#9443=AXIS2_PLACEMENT_3D('',#14237,#11353,#11354);
#9444=AXIS2_PLACEMENT_3D('',#14238,#11355,#11356);
#9445=AXIS2_PLACEMENT_3D('',#14241,#11359,#11360);
#9446=AXIS2_PLACEMENT_3D('',#14243,#11362,#11363);
#9447=AXIS2_PLACEMENT_3D('',#14245,#11365,#11366);
#9448=AXIS2_PLACEMENT_3D('',#14249,#11368,#11369);
#9449=AXIS2_PLACEMENT_3D('',#14250,#11370,#11371);
#9450=AXIS2_PLACEMENT_3D('',#14254,#11373,#11374);
#9451=AXIS2_PLACEMENT_3D('',#14255,#11375,#11376);
#9452=AXIS2_PLACEMENT_3D('',#14258,#11379,#11380);
#9453=AXIS2_PLACEMENT_3D('',#14261,#11383,#11384);
#9454=AXIS2_PLACEMENT_3D('',#14262,#11385,#11386);
#9455=AXIS2_PLACEMENT_3D('',#14266,#11388,#11389);
#9456=AXIS2_PLACEMENT_3D('',#14267,#11390,#11391);
#9457=AXIS2_PLACEMENT_3D('',#14271,#11393,#11394);
#9458=AXIS2_PLACEMENT_3D('',#14272,#11395,#11396);
#9459=AXIS2_PLACEMENT_3D('',#14275,#11399,#11400);
#9460=AXIS2_PLACEMENT_3D('',#14278,#11403,#11404);
#9461=AXIS2_PLACEMENT_3D('',#14279,#11405,#11406);
#9462=AXIS2_PLACEMENT_3D('',#14285,#11410,#11411);
#9463=AXIS2_PLACEMENT_3D('',#14291,#11415,#11416);
#9464=AXIS2_PLACEMENT_3D('',#14292,#11417,#11418);
#9465=AXIS2_PLACEMENT_3D('',#14293,#11419,#11420);
#9466=AXIS2_PLACEMENT_3D('',#14294,#11421,#11422);
#9467=AXIS2_PLACEMENT_3D('',#14295,#11423,#11424);
#9468=AXIS2_PLACEMENT_3D('',#14296,#11425,#11426);
#9469=AXIS2_PLACEMENT_3D('',#14297,#11427,#11428);
#9470=AXIS2_PLACEMENT_3D('',#14298,#11429,#11430);
#9471=AXIS2_PLACEMENT_3D('',#14299,#11431,#11432);
#9472=AXIS2_PLACEMENT_3D('',#14300,#11433,#11434);
#9473=AXIS2_PLACEMENT_3D('',#14301,#11435,#11436);
#9474=AXIS2_PLACEMENT_3D('',#14302,#11437,#11438);
#9475=AXIS2_PLACEMENT_3D('',#14303,#11439,#11440);
#9476=AXIS2_PLACEMENT_3D('',#14304,#11441,#11442);
#9477=AXIS2_PLACEMENT_3D('',#14305,#11443,#11444);
#9478=AXIS2_PLACEMENT_3D('',#14306,#11445,#11446);
#9479=AXIS2_PLACEMENT_3D('',#14307,#11447,#11448);
#9480=AXIS2_PLACEMENT_3D('',#14308,#11449,#11450);
#9481=AXIS2_PLACEMENT_3D('',#14309,#11451,#11452);
#9482=AXIS2_PLACEMENT_3D('',#14310,#11453,#11454);
#9483=AXIS2_PLACEMENT_3D('',#14311,#11455,#11456);
#9484=AXIS2_PLACEMENT_3D('',#14312,#11457,#11458);
#9485=AXIS2_PLACEMENT_3D('',#14316,#11461,#11462);
#9486=AXIS2_PLACEMENT_3D('',#14320,#11465,#11466);
#9487=AXIS2_PLACEMENT_3D('',#14321,#11467,#11468);
#9488=AXIS2_PLACEMENT_3D('',#14323,#11469,#11470);
#9489=AXIS2_PLACEMENT_3D('',#14325,#11471,#11472);
#9490=AXIS2_PLACEMENT_3D('',#14326,#11473,#11474);
#9491=AXIS2_PLACEMENT_3D('',#14327,#11475,#11476);
#9492=AXIS2_PLACEMENT_3D('',#14329,#11477,#11478);
#9493=AXIS2_PLACEMENT_3D('',#14331,#11479,#11480);
#9494=AXIS2_PLACEMENT_3D('',#14332,#11481,#11482);
#9495=AXIS2_PLACEMENT_3D('',#14333,#11483,#11484);
#9496=AXIS2_PLACEMENT_3D('',#14335,#11485,#11486);
#9497=AXIS2_PLACEMENT_3D('',#14337,#11487,#11488);
#9498=AXIS2_PLACEMENT_3D('',#14338,#11489,#11490);
#9499=AXIS2_PLACEMENT_3D('',#14339,#11491,#11492);
#9500=AXIS2_PLACEMENT_3D('',#14341,#11494,#11495);
#9501=AXIS2_PLACEMENT_3D('',#14343,#11497,#11498);
#9502=AXIS2_PLACEMENT_3D('',#14344,#11499,#11500);
#9503=AXIS2_PLACEMENT_3D('',#14345,#11501,#11502);
#9504=AXIS2_PLACEMENT_3D('',#14347,#11504,#11505);
#9505=AXIS2_PLACEMENT_3D('',#14348,#11506,#11507);
#9506=AXIS2_PLACEMENT_3D('',#14350,#11509,#11510);
#9507=AXIS2_PLACEMENT_3D('',#14351,#11511,#11512);
#9508=AXIS2_PLACEMENT_3D('',#14352,#11513,#11514);
#9509=AXIS2_PLACEMENT_3D('',#14354,#11516,#11517);
#9510=AXIS2_PLACEMENT_3D('',#14355,#11518,#11519);
#9511=AXIS2_PLACEMENT_3D('',#14357,#11521,#11522);
#9512=AXIS2_PLACEMENT_3D('',#14358,#11523,#11524);
#9513=AXIS2_PLACEMENT_3D('',#14359,#11525,#11526);
#9514=AXIS2_PLACEMENT_3D('',#14360,#11527,#11528);
#9515=AXIS2_PLACEMENT_3D('',#14362,#11530,#11531);
#9516=AXIS2_PLACEMENT_3D('',#14364,#11533,#11534);
#9517=AXIS2_PLACEMENT_3D('',#14365,#11535,#11536);
#9518=AXIS2_PLACEMENT_3D('',#14366,#11537,#11538);
#9519=AXIS2_PLACEMENT_3D('',#14367,#11539,#11540);
#9520=AXIS2_PLACEMENT_3D('',#14368,#11541,#11542);
#9521=AXIS2_PLACEMENT_3D('',#14369,#11543,#11544);
#9522=AXIS2_PLACEMENT_3D('',#14370,#11545,#11546);
#9523=AXIS2_PLACEMENT_3D('',#14372,#11547,#11548);
#9524=AXIS2_PLACEMENT_3D('',#14374,#11549,#11550);
#9525=AXIS2_PLACEMENT_3D('',#14375,#11551,#11552);
#9526=AXIS2_PLACEMENT_3D('',#14376,#11553,#11554);
#9527=AXIS2_PLACEMENT_3D('',#14378,#11555,#11556);
#9528=AXIS2_PLACEMENT_3D('',#14380,#11557,#11558);
#9529=AXIS2_PLACEMENT_3D('',#14381,#11559,#11560);
#9530=AXIS2_PLACEMENT_3D('',#14382,#11561,#11562);
#9531=AXIS2_PLACEMENT_3D('',#14384,#11563,#11564);
#9532=AXIS2_PLACEMENT_3D('',#14386,#11565,#11566);
#9533=AXIS2_PLACEMENT_3D('',#14387,#11567,#11568);
#9534=AXIS2_PLACEMENT_3D('',#14388,#11569,#11570);
#9535=AXIS2_PLACEMENT_3D('',#14390,#11571,#11572);
#9536=AXIS2_PLACEMENT_3D('',#14392,#11573,#11574);
#9537=AXIS2_PLACEMENT_3D('',#14393,#11575,#11576);
#9538=AXIS2_PLACEMENT_3D('',#14394,#11577,#11578);
#9539=AXIS2_PLACEMENT_3D('',#14396,#11579,#11580);
#9540=AXIS2_PLACEMENT_3D('',#14398,#11581,#11582);
#9541=AXIS2_PLACEMENT_3D('',#14399,#11583,#11584);
#9542=AXIS2_PLACEMENT_3D('',#14400,#11585,#11586);
#9543=AXIS2_PLACEMENT_3D('',#14401,#11587,#11588);
#9544=AXIS2_PLACEMENT_3D('',#14402,#11589,#11590);
#9545=AXIS2_PLACEMENT_3D('',#14403,#11591,#11592);
#9546=AXIS2_PLACEMENT_3D('',#14404,#11593,#11594);
#9547=AXIS2_PLACEMENT_3D('',#14405,#11595,#11596);
#9548=AXIS2_PLACEMENT_3D('',#14407,#11597,#11598);
#9549=AXIS2_PLACEMENT_3D('',#14409,#11599,#11600);
#9550=AXIS2_PLACEMENT_3D('',#14410,#11601,#11602);
#9551=AXIS2_PLACEMENT_3D('',#14411,#11603,#11604);
#9552=AXIS2_PLACEMENT_3D('',#14413,#11605,#11606);
#9553=AXIS2_PLACEMENT_3D('',#14415,#11607,#11608);
#9554=AXIS2_PLACEMENT_3D('',#14416,#11609,#11610);
#9555=AXIS2_PLACEMENT_3D('',#14417,#11611,#11612);
#9556=AXIS2_PLACEMENT_3D('',#14419,#11613,#11614);
#9557=AXIS2_PLACEMENT_3D('',#14421,#11615,#11616);
#9558=AXIS2_PLACEMENT_3D('',#14422,#11617,#11618);
#9559=AXIS2_PLACEMENT_3D('',#14423,#11619,#11620);
#9560=AXIS2_PLACEMENT_3D('',#14425,#11621,#11622);
#9561=AXIS2_PLACEMENT_3D('',#14427,#11623,#11624);
#9562=AXIS2_PLACEMENT_3D('',#14428,#11625,#11626);
#9563=AXIS2_PLACEMENT_3D('',#14429,#11627,#11628);
#9564=AXIS2_PLACEMENT_3D('',#14431,#11629,#11630);
#9565=AXIS2_PLACEMENT_3D('',#14433,#11631,#11632);
#9566=AXIS2_PLACEMENT_3D('',#14434,#11633,#11634);
#9567=AXIS2_PLACEMENT_3D('',#14435,#11635,#11636);
#9568=AXIS2_PLACEMENT_3D('',#14436,#11637,#11638);
#9569=AXIS2_PLACEMENT_3D('',#14437,#11639,#11640);
#9570=AXIS2_PLACEMENT_3D('',#14438,#11641,#11642);
#9571=AXIS2_PLACEMENT_3D('',#14439,#11643,#11644);
#9572=AXIS2_PLACEMENT_3D('',#14440,#11645,#11646);
#9573=AXIS2_PLACEMENT_3D('',#14441,#11647,#11648);
#9574=AXIS2_PLACEMENT_3D('',#14442,#11649,#11650);
#9575=AXIS2_PLACEMENT_3D('',#14443,#11651,#11652);
#9576=AXIS2_PLACEMENT_3D('',#14444,#11653,#11654);
#9577=AXIS2_PLACEMENT_3D('',#14445,#11655,#11656);
#9578=AXIS2_PLACEMENT_3D('',#14448,#11659,#11660);
#9579=AXIS2_PLACEMENT_3D('',#14451,#11663,#11664);
#9580=AXIS2_PLACEMENT_3D('',#14454,#11667,#11668);
#9581=AXIS2_PLACEMENT_3D('',#14456,#11670,#11671);
#9582=AXIS2_PLACEMENT_3D('',#14458,#11673,#11674);
#9583=AXIS2_PLACEMENT_3D('',#14461,#11677,#11678);
#9584=AXIS2_PLACEMENT_3D('',#14462,#11679,#11680);
#9585=AXIS2_PLACEMENT_3D('',#14463,#11681,#11682);
#9586=AXIS2_PLACEMENT_3D('',#14464,#11683,#11684);
#9587=AXIS2_PLACEMENT_3D('',#14465,#11685,#11686);
#9588=AXIS2_PLACEMENT_3D('',#14466,#11687,#11688);
#9589=AXIS2_PLACEMENT_3D('',#14467,#11689,#11690);
#9590=AXIS2_PLACEMENT_3D('',#14468,#11691,#11692);
#9591=AXIS2_PLACEMENT_3D('',#14469,#11693,#11694);
#9592=AXIS2_PLACEMENT_3D('',#14478,#11699,#11700);
#9593=AXIS2_PLACEMENT_3D('',#14479,#11701,#11702);
#9594=AXIS2_PLACEMENT_3D('',#14481,#11703,#11704);
#9595=AXIS2_PLACEMENT_3D('',#14483,#11705,#11706);
#9596=AXIS2_PLACEMENT_3D('',#14485,#11707,#11708);
#9597=AXIS2_PLACEMENT_3D('',#14487,#11709,#11710);
#9598=AXIS2_PLACEMENT_3D('',#14492,#11712,#11713);
#9599=AXIS2_PLACEMENT_3D('',#14493,#11714,#11715);
#9600=AXIS2_PLACEMENT_3D('',#14497,#11717,#11718);
#9601=AXIS2_PLACEMENT_3D('',#14499,#11719,#11720);
#9602=AXIS2_PLACEMENT_3D('',#14503,#11722,#11723);
#9603=AXIS2_PLACEMENT_3D('',#14505,#11724,#11725);
#9604=AXIS2_PLACEMENT_3D('',#14509,#11727,#11728);
#9605=AXIS2_PLACEMENT_3D('',#14512,#11730,#11731);
#9606=AXIS2_PLACEMENT_3D('',#14515,#11733,#11734);
#9607=AXIS2_PLACEMENT_3D('',#14517,#11735,#11736);
#9608=AXIS2_PLACEMENT_3D('',#14521,#11738,#11739);
#9609=AXIS2_PLACEMENT_3D('',#14523,#11740,#11741);
#9610=AXIS2_PLACEMENT_3D('',#14527,#11743,#11744);
#9611=AXIS2_PLACEMENT_3D('',#14530,#11746,#11747);
#9612=AXIS2_PLACEMENT_3D('',#14536,#11751,#11752);
#9613=AXIS2_PLACEMENT_3D('',#14542,#11756,#11757);
#9614=AXIS2_PLACEMENT_3D('',#14548,#11761,#11762);
#9615=AXIS2_PLACEMENT_3D('',#14549,#11763,#11764);
#9616=AXIS2_PLACEMENT_3D('',#14551,#11765,#11766);
#9617=AXIS2_PLACEMENT_3D('',#14553,#11767,#11768);
#9618=AXIS2_PLACEMENT_3D('',#14555,#11769,#11770);
#9619=AXIS2_PLACEMENT_3D('',#14557,#11771,#11772);
#9620=AXIS2_PLACEMENT_3D('',#14561,#11774,#11775);
#9621=AXIS2_PLACEMENT_3D('',#14563,#11776,#11777);
#9622=AXIS2_PLACEMENT_3D('',#14567,#11779,#11780);
#9623=AXIS2_PLACEMENT_3D('',#14569,#11781,#11782);
#9624=AXIS2_PLACEMENT_3D('',#14570,#11783,#11784);
#9625=AXIS2_PLACEMENT_3D('',#14572,#11785,#11786);
#9626=AXIS2_PLACEMENT_3D('',#14576,#11788,#11789);
#9627=AXIS2_PLACEMENT_3D('',#14578,#11790,#11791);
#9628=AXIS2_PLACEMENT_3D('',#14582,#11793,#11794);
#9629=AXIS2_PLACEMENT_3D('',#14583,#11795,#11796);
#9630=AXIS2_PLACEMENT_3D('',#14584,#11797,#11798);
#9631=AXIS2_PLACEMENT_3D('',#14585,#11799,#11800);
#9632=AXIS2_PLACEMENT_3D('',#14587,#11801,#11802);
#9633=AXIS2_PLACEMENT_3D('',#14589,#11803,#11804);
#9634=AXIS2_PLACEMENT_3D('',#14591,#11805,#11806);
#9635=AXIS2_PLACEMENT_3D('',#14593,#11807,#11808);
#9636=AXIS2_PLACEMENT_3D('',#14594,#11809,#11810);
#9637=AXIS2_PLACEMENT_3D('',#14596,#11811,#11812);
#9638=AXIS2_PLACEMENT_3D('',#14597,#11813,#11814);
#9639=AXIS2_PLACEMENT_3D('',#14599,#11815,#11816);
#9640=AXIS2_PLACEMENT_3D('',#14601,#11817,#11818);
#9641=AXIS2_PLACEMENT_3D('',#14602,#11819,#11820);
#9642=AXIS2_PLACEMENT_3D('',#14604,#11821,#11822);
#9643=AXIS2_PLACEMENT_3D('',#14605,#11823,#11824);
#9644=AXIS2_PLACEMENT_3D('',#14607,#11825,#11826);
#9645=AXIS2_PLACEMENT_3D('',#14609,#11827,#11828);
#9646=AXIS2_PLACEMENT_3D('',#14610,#11829,#11830);
#9647=AXIS2_PLACEMENT_3D('',#14612,#11831,#11832);
#9648=AXIS2_PLACEMENT_3D('',#14613,#11833,#11834);
#9649=AXIS2_PLACEMENT_3D('',#14615,#11835,#11836);
#9650=AXIS2_PLACEMENT_3D('',#14617,#11837,#11838);
#9651=AXIS2_PLACEMENT_3D('',#14618,#11839,#11840);
#9652=AXIS2_PLACEMENT_3D('',#14620,#11841,#11842);
#9653=AXIS2_PLACEMENT_3D('',#14621,#11843,#11844);
#9654=AXIS2_PLACEMENT_3D('',#14623,#11845,#11846);
#9655=AXIS2_PLACEMENT_3D('',#14625,#11847,#11848);
#9656=AXIS2_PLACEMENT_3D('',#14626,#11849,#11850);
#9657=AXIS2_PLACEMENT_3D('',#14628,#11851,#11852);
#9658=AXIS2_PLACEMENT_3D('',#14629,#11853,#11854);
#9659=AXIS2_PLACEMENT_3D('',#14631,#11855,#11856);
#9660=AXIS2_PLACEMENT_3D('',#14632,#11857,#11858);
#9661=AXIS2_PLACEMENT_3D('',#14634,#11859,#11860);
#9662=AXIS2_PLACEMENT_3D('',#14635,#11861,#11862);
#9663=AXIS2_PLACEMENT_3D('',#14637,#11863,#11864);
#9664=AXIS2_PLACEMENT_3D('',#14638,#11865,#11866);
#9665=AXIS2_PLACEMENT_3D('',#14639,#11867,#11868);
#9666=AXIS2_PLACEMENT_3D('',#14640,#11869,#11870);
#9667=AXIS2_PLACEMENT_3D('',#14641,#11871,#11872);
#9668=AXIS2_PLACEMENT_3D('',#14642,#11873,#11874);
#9669=AXIS2_PLACEMENT_3D('',#14643,#11875,#11876);
#9670=AXIS2_PLACEMENT_3D('',#14644,#11877,#11878);
#9671=AXIS2_PLACEMENT_3D('',#14645,#11879,#11880);
#9672=AXIS2_PLACEMENT_3D('',#14647,#11882,#11883);
#9673=AXIS2_PLACEMENT_3D('',#14650,#11886,#11887);
#9674=AXIS2_PLACEMENT_3D('',#14653,#11890,#11891);
#9675=AXIS2_PLACEMENT_3D('',#14655,#11893,#11894);
#9676=AXIS2_PLACEMENT_3D('',#14658,#11897,#11898);
#9677=AXIS2_PLACEMENT_3D('',#14661,#11901,#11902);
#9678=AXIS2_PLACEMENT_3D('',#14663,#11904,#11905);
#9679=AXIS2_PLACEMENT_3D('',#14665,#11907,#11908);
#9680=AXIS2_PLACEMENT_3D('',#14666,#11909,#11910);
#9681=AXIS2_PLACEMENT_3D('',#14667,#11911,#11912);
#9682=AXIS2_PLACEMENT_3D('',#14668,#11913,#11914);
#9683=AXIS2_PLACEMENT_3D('',#14669,#11915,#11916);
#9684=AXIS2_PLACEMENT_3D('',#14670,#11917,#11918);
#9685=AXIS2_PLACEMENT_3D('',#14671,#11919,#11920);
#9686=AXIS2_PLACEMENT_3D('',#14672,#11921,#11922);
#9687=AXIS2_PLACEMENT_3D('',#14674,#11923,#11924);
#9688=AXIS2_PLACEMENT_3D('',#14675,#11925,#11926);
#9689=AXIS2_PLACEMENT_3D('',#14677,#11927,#11928);
#9690=AXIS2_PLACEMENT_3D('',#14678,#11929,#11930);
#9691=AXIS2_PLACEMENT_3D('',#14680,#11931,#11932);
#9692=AXIS2_PLACEMENT_3D('',#14681,#11933,#11934);
#9693=AXIS2_PLACEMENT_3D('',#14683,#11935,#11936);
#9694=AXIS2_PLACEMENT_3D('',#14684,#11937,#11938);
#9695=AXIS2_PLACEMENT_3D('',#14685,#11939,#11940);
#9696=AXIS2_PLACEMENT_3D('',#14686,#11941,#11942);
#9697=AXIS2_PLACEMENT_3D('',#14687,#11943,#11944);
#9698=AXIS2_PLACEMENT_3D('',#14691,#11946,#11947);
#9699=AXIS2_PLACEMENT_3D('',#14695,#11949,#11950);
#9700=AXIS2_PLACEMENT_3D('',#14696,#11951,#11952);
#9701=AXIS2_PLACEMENT_3D('',#14700,#11954,#11955);
#9702=AXIS2_PLACEMENT_3D('',#14704,#11957,#11958);
#9703=AXIS2_PLACEMENT_3D('',#14705,#11959,#11960);
#9704=AXIS2_PLACEMENT_3D('',#14711,#11963,#11964);
#9705=AXIS2_PLACEMENT_3D('',#14715,#11966,#11967);
#9706=AXIS2_PLACEMENT_3D('',#14720,#11970,#11971);
#9707=AXIS2_PLACEMENT_3D('',#14724,#11973,#11974);
#9708=AXIS2_PLACEMENT_3D('',#14740,#11982,#11983);
#9709=AXIS2_PLACEMENT_3D('',#14744,#11985,#11986);
#9710=AXIS2_PLACEMENT_3D('',#14747,#11988,#11989);
#9711=AXIS2_PLACEMENT_3D('',#14752,#11991,#11992);
#9712=AXIS2_PLACEMENT_3D('',#14754,#11993,#11994);
#9713=AXIS2_PLACEMENT_3D('',#14758,#11996,#11997);
#9714=AXIS2_PLACEMENT_3D('',#14762,#11999,#12000);
#9715=AXIS2_PLACEMENT_3D('',#14766,#12002,#12003);
#9716=AXIS2_PLACEMENT_3D('',#14767,#12004,#12005);
#9717=AXIS2_PLACEMENT_3D('',#14770,#12007,#12008);
#9718=AXIS2_PLACEMENT_3D('',#14774,#12010,#12011);
#9719=AXIS2_PLACEMENT_3D('',#14782,#12015,#12016);
#9720=AXIS2_PLACEMENT_3D('',#14786,#12018,#12019);
#9721=AXIS2_PLACEMENT_3D('',#14790,#12021,#12022);
#9722=AXIS2_PLACEMENT_3D('',#14794,#12024,#12025);
#9723=AXIS2_PLACEMENT_3D('',#14802,#12029,#12030);
#9724=AXIS2_PLACEMENT_3D('',#14806,#12032,#12033);
#9725=AXIS2_PLACEMENT_3D('',#14810,#12035,#12036);
#9726=AXIS2_PLACEMENT_3D('',#14814,#12038,#12039);
#9727=AXIS2_PLACEMENT_3D('',#14817,#12041,#12042);
#9728=AXIS2_PLACEMENT_3D('',#14819,#12043,#12044);
#9729=AXIS2_PLACEMENT_3D('',#14821,#12045,#12046);
#9730=AXIS2_PLACEMENT_3D('',#14823,#12047,#12048);
#9731=AXIS2_PLACEMENT_3D('',#14825,#12049,#12050);
#9732=AXIS2_PLACEMENT_3D('',#14827,#12051,#12052);
#9733=AXIS2_PLACEMENT_3D('',#14828,#12053,#12054);
#9734=AXIS2_PLACEMENT_3D('',#14860,#12056,#12057);
#9735=AXIS2_PLACEMENT_3D('',#14863,#12059,#12060);
#9736=AXIS2_PLACEMENT_3D('',#14879,#12062,#12063);
#9737=AXIS2_PLACEMENT_3D('',#14882,#12065,#12066);
#9738=AXIS2_PLACEMENT_3D('',#14883,#12067,#12068);
#9739=AXIS2_PLACEMENT_3D('',#14884,#12069,#12070);
#9740=AXIS2_PLACEMENT_3D('',#14893,#12074,#12075);
#9741=AXIS2_PLACEMENT_3D('',#14897,#12077,#12078);
#9742=AXIS2_PLACEMENT_3D('',#14902,#12081,#12082);
#9743=AXIS2_PLACEMENT_3D('',#14905,#12084,#12085);
#9744=AXIS2_PLACEMENT_3D('',#14906,#12086,#12087);
#9745=AXIS2_PLACEMENT_3D('',#14915,#12091,#12092);
#9746=AXIS2_PLACEMENT_3D('',#14956,#12098,#12099);
#9747=AXIS2_PLACEMENT_3D('',#14960,#12101,#12102);
#9748=AXIS2_PLACEMENT_3D('',#14964,#12104,#12105);
#9749=AXIS2_PLACEMENT_3D('',#14965,#12106,#12107);
#9750=AXIS2_PLACEMENT_3D('',#14971,#12110,#12111);
#9751=AXIS2_PLACEMENT_3D('',#15015,#12117,#12118);
#9752=AXIS2_PLACEMENT_3D('',#15018,#12120,#12121);
#9753=AXIS2_PLACEMENT_3D('',#15019,#12122,#12123);
#9754=AXIS2_PLACEMENT_3D('',#15028,#12127,#12128);
#9755=AXIS2_PLACEMENT_3D('',#15032,#12130,#12131);
#9756=AXIS2_PLACEMENT_3D('',#15036,#12133,#12134);
#9757=AXIS2_PLACEMENT_3D('',#15040,#12136,#12137);
#9758=AXIS2_PLACEMENT_3D('',#15044,#12139,#12140);
#9759=AXIS2_PLACEMENT_3D('',#15047,#12142,#12143);
#9760=AXIS2_PLACEMENT_3D('',#15051,#12145,#12146);
#9761=AXIS2_PLACEMENT_3D('',#15063,#12149,#12150);
#9762=AXIS2_PLACEMENT_3D('',#15064,#12151,#12152);
#9763=AXIS2_PLACEMENT_3D('',#15066,#12153,#12154);
#9764=AXIS2_PLACEMENT_3D('',#15075,#12158,#12159);
#9765=AXIS2_PLACEMENT_3D('',#15078,#12161,#12162);
#9766=AXIS2_PLACEMENT_3D('',#15082,#12164,#12165);
#9767=AXIS2_PLACEMENT_3D('',#15097,#12169,#12170);
#9768=AXIS2_PLACEMENT_3D('',#15101,#12172,#12173);
#9769=AXIS2_PLACEMENT_3D('',#15102,#12174,#12175);
#9770=AXIS2_PLACEMENT_3D('',#15103,#12176,#12177);
#9771=AXIS2_PLACEMENT_3D('',#15104,#12178,#12179);
#9772=AXIS2_PLACEMENT_3D('',#15111,#12182,#12183);
#9773=AXIS2_PLACEMENT_3D('',#15115,#12185,#12186);
#9774=AXIS2_PLACEMENT_3D('',#15118,#12188,#12189);
#9775=AXIS2_PLACEMENT_3D('',#15119,#12190,#12191);
#9776=AXIS2_PLACEMENT_3D('',#15123,#12193,#12194);
#9777=AXIS2_PLACEMENT_3D('',#15124,#12195,#12196);
#9778=AXIS2_PLACEMENT_3D('',#15135,#12199,#12200);
#9779=AXIS2_PLACEMENT_3D('',#15149,#12204,#12205);
#9780=AXIS2_PLACEMENT_3D('',#15150,#12206,#12207);
#9781=AXIS2_PLACEMENT_3D('',#15151,#12208,#12209);
#9782=AXIS2_PLACEMENT_3D('',#15152,#12210,#12211);
#9783=AXIS2_PLACEMENT_3D('',#15161,#12212,#12213);
#9784=AXIS2_PLACEMENT_3D('',#15162,#12214,#12215);
#9785=AXIS2_PLACEMENT_3D('',#15171,#12216,#12217);
#9786=AXIS2_PLACEMENT_3D('',#15172,#12218,#12219);
#9787=AXIS2_PLACEMENT_3D('',#15173,#12220,#12221);
#9788=AXIS2_PLACEMENT_3D('',#15175,#12222,#12223);
#9789=AXIS2_PLACEMENT_3D('',#15176,#12224,#12225);
#9790=AXIS2_PLACEMENT_3D('',#15178,#12226,#12227);
#9791=AXIS2_PLACEMENT_3D('',#15179,#12228,#12229);
#9792=AXIS2_PLACEMENT_3D('',#15182,#12230,#12231);
#9793=AXIS2_PLACEMENT_3D('',#15183,#12232,#12233);
#9794=AXIS2_PLACEMENT_3D('',#15184,#12234,#12235);
#9795=AXIS2_PLACEMENT_3D('',#15185,#12236,#12237);
#9796=AXIS2_PLACEMENT_3D('',#15187,#12238,#12239);
#9797=AXIS2_PLACEMENT_3D('',#15189,#12240,#12241);
#9798=AXIS2_PLACEMENT_3D('',#15190,#12242,#12243);
#9799=AXIS2_PLACEMENT_3D('',#15191,#12244,#12245);
#9800=AXIS2_PLACEMENT_3D('',#15193,#12246,#12247);
#9801=AXIS2_PLACEMENT_3D('',#15195,#12248,#12249);
#9802=AXIS2_PLACEMENT_3D('',#15196,#12250,#12251);
#9803=AXIS2_PLACEMENT_3D('',#15198,#12252,#12253);
#9804=AXIS2_PLACEMENT_3D('',#15200,#12254,#12255);
#9805=AXIS2_PLACEMENT_3D('',#15201,#12256,#12257);
#9806=AXIS2_PLACEMENT_3D('',#15203,#12258,#12259);
#9807=AXIS2_PLACEMENT_3D('',#15205,#12260,#12261);
#9808=AXIS2_PLACEMENT_3D('',#15206,#12262,#12263);
#9809=AXIS2_PLACEMENT_3D('',#15208,#12264,#12265);
#9810=AXIS2_PLACEMENT_3D('',#15210,#12266,#12267);
#9811=AXIS2_PLACEMENT_3D('',#15211,#12268,#12269);
#9812=AXIS2_PLACEMENT_3D('',#15213,#12270,#12271);
#9813=AXIS2_PLACEMENT_3D('',#15215,#12272,#12273);
#9814=AXIS2_PLACEMENT_3D('',#15216,#12274,#12275);
#9815=AXIS2_PLACEMENT_3D('',#15217,#12276,#12277);
#9816=AXIS2_PLACEMENT_3D('',#15218,#12278,#12279);
#9817=AXIS2_PLACEMENT_3D('',#15219,#12280,#12281);
#9818=AXIS2_PLACEMENT_3D('',#15220,#12282,#12283);
#9819=AXIS2_PLACEMENT_3D('',#15221,#12284,#12285);
#9820=AXIS2_PLACEMENT_3D('',#15230,#12289,#12290);
#9821=AXIS2_PLACEMENT_3D('',#15237,#12294,#12295);
#9822=AXIS2_PLACEMENT_3D('',#15246,#12300,#12301);
#9823=AXIS2_PLACEMENT_3D('',#15255,#12306,#12307);
#9824=AXIS2_PLACEMENT_3D('',#15261,#12310,#12311);
#9825=AXIS2_PLACEMENT_3D('',#15269,#12315,#12316);
#9826=AXIS2_PLACEMENT_3D('',#15272,#12318,#12319);
#9827=AXIS2_PLACEMENT_3D('',#15273,#12320,#12321);
#9828=AXIS2_PLACEMENT_3D('',#15274,#12322,#12323);
#9829=AXIS2_PLACEMENT_3D('',#15275,#12324,#12325);
#9830=AXIS2_PLACEMENT_3D('',#15276,#12326,#12327);
#9831=AXIS2_PLACEMENT_3D('',#15277,#12328,#12329);
#9832=AXIS2_PLACEMENT_3D('',#15278,#12330,#12331);
#9833=AXIS2_PLACEMENT_3D('',#15279,#12332,#12333);
#9834=AXIS2_PLACEMENT_3D('',#15280,#12334,#12335);
#9835=AXIS2_PLACEMENT_3D('',#15281,#12336,#12337);
#9836=AXIS2_PLACEMENT_3D('',#15282,#12338,#12339);
#9837=AXIS2_PLACEMENT_3D('',#15283,#12340,#12341);
#9838=AXIS2_PLACEMENT_3D('',#15284,#12342,#12343);
#9839=AXIS2_PLACEMENT_3D('',#15285,#12344,#12345);
#9840=AXIS2_PLACEMENT_3D('',#15291,#12348,#12349);
#9841=AXIS2_PLACEMENT_3D('',#15295,#12351,#12352);
#9842=AXIS2_PLACEMENT_3D('',#15303,#12356,#12357);
#9843=AXIS2_PLACEMENT_3D('',#15306,#12359,#12360);
#9844=AXIS2_PLACEMENT_3D('',#15315,#12365,#12366);
#9845=AXIS2_PLACEMENT_3D('',#15316,#12367,#12368);
#9846=AXIS2_PLACEMENT_3D('',#15317,#12369,#12370);
#9847=AXIS2_PLACEMENT_3D('',#15318,#12371,#12372);
#9848=AXIS2_PLACEMENT_3D('',#15319,#12373,#12374);
#9849=AXIS2_PLACEMENT_3D('',#15320,#12375,#12376);
#9850=AXIS2_PLACEMENT_3D('',#15321,#12377,#12378);
#9851=AXIS2_PLACEMENT_3D('',#15322,#12379,#12380);
#9852=AXIS2_PLACEMENT_3D('',#15323,#12381,#12382);
#9853=AXIS2_PLACEMENT_3D('',#15324,#12383,#12384);
#9854=AXIS2_PLACEMENT_3D('',#15325,#12385,#12386);
#9855=AXIS2_PLACEMENT_3D('',#15326,#12387,#12388);
#9856=AXIS2_PLACEMENT_3D('',#15327,#12389,#12390);
#9857=AXIS2_PLACEMENT_3D('',#15328,#12391,#12392);
#9858=AXIS2_PLACEMENT_3D('',#15359,#12394,#12395);
#9859=AXIS2_PLACEMENT_3D('',#15362,#12397,#12398);
#9860=AXIS2_PLACEMENT_3D('',#15377,#12400,#12401);
#9861=AXIS2_PLACEMENT_3D('',#15380,#12403,#12404);
#9862=AXIS2_PLACEMENT_3D('',#15381,#12405,#12406);
#9863=AXIS2_PLACEMENT_3D('',#15382,#12407,#12408);
#9864=AXIS2_PLACEMENT_3D('',#15384,#12409,#12410);
#9865=AXIS2_PLACEMENT_3D('',#15388,#12413,#12414);
#9866=AXIS2_PLACEMENT_3D('',#15389,#12415,#12416);
#9867=AXIS2_PLACEMENT_3D('',#15391,#12417,#12418);
#9868=AXIS2_PLACEMENT_3D('',#15395,#12421,#12422);
#9869=AXIS2_PLACEMENT_3D('',#15397,#12424,#12425);
#9870=AXIS2_PLACEMENT_3D('',#15398,#12426,#12427);
#9871=AXIS2_PLACEMENT_3D('',#15399,#12428,#12429);
#9872=AXIS2_PLACEMENT_3D('',#15401,#12431,#12432);
#9873=AXIS2_PLACEMENT_3D('',#15403,#12434,#12435);
#9874=AXIS2_PLACEMENT_3D('',#15405,#12437,#12438);
#9875=AXIS2_PLACEMENT_3D('',#15406,#12439,#12440);
#9876=AXIS2_PLACEMENT_3D('',#15408,#12441,#12442);
#9877=AXIS2_PLACEMENT_3D('',#15410,#12443,#12444);
#9878=AXIS2_PLACEMENT_3D('',#15411,#12445,#12446);
#9879=AXIS2_PLACEMENT_3D('',#15412,#12447,#12448);
#9880=AXIS2_PLACEMENT_3D('',#15414,#12449,#12450);
#9881=AXIS2_PLACEMENT_3D('',#15416,#12451,#12452);
#9882=AXIS2_PLACEMENT_3D('',#15417,#12453,#12454);
#9883=AXIS2_PLACEMENT_3D('',#15418,#12455,#12456);
#9884=AXIS2_PLACEMENT_3D('',#15420,#12457,#12458);
#9885=AXIS2_PLACEMENT_3D('',#15422,#12459,#12460);
#9886=AXIS2_PLACEMENT_3D('',#15423,#12461,#12462);
#9887=AXIS2_PLACEMENT_3D('',#15424,#12463,#12464);
#9888=AXIS2_PLACEMENT_3D('',#15426,#12465,#12466);
#9889=AXIS2_PLACEMENT_3D('',#15428,#12467,#12468);
#9890=AXIS2_PLACEMENT_3D('',#15429,#12469,#12470);
#9891=AXIS2_PLACEMENT_3D('',#15430,#12471,#12472);
#9892=AXIS2_PLACEMENT_3D('',#15431,#12473,#12474);
#9893=AXIS2_PLACEMENT_3D('',#15432,#12475,#12476);
#9894=AXIS2_PLACEMENT_3D('',#15433,#12477,#12478);
#9895=AXIS2_PLACEMENT_3D('',#15436,#12480,#12481);
#9896=AXIS2_PLACEMENT_3D('',#15439,#12483,#12484);
#9897=AXIS2_PLACEMENT_3D('',#15442,#12486,#12487);
#9898=AXIS2_PLACEMENT_3D('',#15443,#12488,#12489);
#9899=AXIS2_PLACEMENT_3D('',#15447,#12492,#12493);
#9900=AXIS2_PLACEMENT_3D('',#15450,#12495,#12496);
#9901=AXIS2_PLACEMENT_3D('',#15451,#12497,#12498);
#9902=AXIS2_PLACEMENT_3D('',#15455,#12501,#12502);
#9903=AXIS2_PLACEMENT_3D('',#15458,#12504,#12505);
#9904=AXIS2_PLACEMENT_3D('',#15459,#12506,#12507);
#9905=AXIS2_PLACEMENT_3D('',#15463,#12510,#12511);
#9906=AXIS2_PLACEMENT_3D('',#15466,#12513,#12514);
#9907=AXIS2_PLACEMENT_3D('',#15467,#12515,#12516);
#9908=AXIS2_PLACEMENT_3D('',#15470,#12518,#12519);
#9909=AXIS2_PLACEMENT_3D('',#15471,#12520,#12521);
#9910=AXIS2_PLACEMENT_3D('',#15473,#12523,#12524);
#9911=AXIS2_PLACEMENT_3D('',#15474,#12525,#12526);
#9912=AXIS2_PLACEMENT_3D('',#15484,#12527,#12528);
#9913=AXIS2_PLACEMENT_3D('',#15485,#12529,#12530);
#9914=AXIS2_PLACEMENT_3D('',#15486,#12531,#12532);
#9915=AXIS2_PLACEMENT_3D('',#15487,#12533,#12534);
#9916=AXIS2_PLACEMENT_3D('',#15497,#12535,#12536);
#9917=AXIS2_PLACEMENT_3D('',#15498,#12537,#12538);
#9918=AXIS2_PLACEMENT_3D('',#15507,#12543,#12544);
#9919=AXIS2_PLACEMENT_3D('',#15513,#12547,#12548);
#9920=AXIS2_PLACEMENT_3D('',#15521,#12552,#12553);
#9921=AXIS2_PLACEMENT_3D('',#15524,#12555,#12556);
#9922=AXIS2_PLACEMENT_3D('',#15530,#12559,#12560);
#9923=AXIS2_PLACEMENT_3D('',#15538,#12564,#12565);
#9924=AXIS2_PLACEMENT_3D('',#15541,#12567,#12568);
#9925=AXIS2_PLACEMENT_3D('',#15550,#12573,#12574);
#9926=AXIS2_PLACEMENT_3D('',#15551,#12575,#12576);
#9927=AXIS2_PLACEMENT_3D('',#15552,#12577,#12578);
#9928=AXIS2_PLACEMENT_3D('',#15553,#12579,#12580);
#9929=AXIS2_PLACEMENT_3D('',#15554,#12581,#12582);
#9930=AXIS2_PLACEMENT_3D('',#15555,#12583,#12584);
#9931=AXIS2_PLACEMENT_3D('',#15556,#12585,#12586);
#9932=AXIS2_PLACEMENT_3D('',#15557,#12587,#12588);
#9933=AXIS2_PLACEMENT_3D('',#15558,#12589,#12590);
#9934=AXIS2_PLACEMENT_3D('',#15559,#12591,#12592);
#9935=AXIS2_PLACEMENT_3D('',#15560,#12593,#12594);
#9936=AXIS2_PLACEMENT_3D('',#15561,#12595,#12596);
#9937=AXIS2_PLACEMENT_3D('',#15562,#12597,#12598);
#9938=AXIS2_PLACEMENT_3D('',#15563,#12599,#12600);
#9939=AXIS2_PLACEMENT_3D('',#15564,#12601,#12602);
#9940=AXIS2_PLACEMENT_3D('',#15565,#12603,#12604);
#9941=AXIS2_PLACEMENT_3D('',#15566,#12605,#12606);
#9942=AXIS2_PLACEMENT_3D('',#15567,#12607,#12608);
#9943=AXIS2_PLACEMENT_3D('',#15568,#12609,#12610);
#9944=AXIS2_PLACEMENT_3D('',#15569,#12611,#12612);
#9945=AXIS2_PLACEMENT_3D('',#15570,#12613,#12614);
#9946=AXIS2_PLACEMENT_3D('',#15571,#12615,#12616);
#9947=AXIS2_PLACEMENT_3D('',#15572,#12617,#12618);
#9948=AXIS2_PLACEMENT_3D('',#15573,#12619,#12620);
#9949=AXIS2_PLACEMENT_3D('',#15574,#12621,#12622);
#9950=AXIS2_PLACEMENT_3D('',#15575,#12623,#12624);
#9951=AXIS2_PLACEMENT_3D('',#15576,#12625,#12626);
#9952=AXIS2_PLACEMENT_3D('',#15577,#12627,#12628);
#9953=AXIS2_PLACEMENT_3D('',#15578,#12629,#12630);
#9954=AXIS2_PLACEMENT_3D('',#15579,#12631,#12632);
#9955=AXIS2_PLACEMENT_3D('',#15580,#12633,#12634);
#9956=AXIS2_PLACEMENT_3D('',#15581,#12635,#12636);
#9957=AXIS2_PLACEMENT_3D('',#15582,#12637,#12638);
#9958=AXIS2_PLACEMENT_3D('',#15583,#12639,#12640);
#9959=AXIS2_PLACEMENT_3D('',#15584,#12641,#12642);
#9960=AXIS2_PLACEMENT_3D('',#15585,#12643,#12644);
#9961=AXIS2_PLACEMENT_3D('',#15586,#12645,#12646);
#9962=AXIS2_PLACEMENT_3D('',#15587,#12647,#12648);
#9963=AXIS2_PLACEMENT_3D('',#15588,#12649,#12650);
#9964=AXIS2_PLACEMENT_3D('',#15589,#12651,#12652);
#9965=AXIS2_PLACEMENT_3D('',#15590,#12653,#12654);
#9966=AXIS2_PLACEMENT_3D('',#15591,#12655,#12656);
#9967=AXIS2_PLACEMENT_3D('',#15592,#12657,#12658);
#9968=AXIS2_PLACEMENT_3D('',#15593,#12659,#12660);
#9969=AXIS2_PLACEMENT_3D('',#15594,#12661,#12662);
#9970=AXIS2_PLACEMENT_3D('',#15595,#12663,#12664);
#9971=AXIS2_PLACEMENT_3D('',#15596,#12665,#12666);
#9972=AXIS2_PLACEMENT_3D('',#15597,#12667,#12668);
#9973=AXIS2_PLACEMENT_3D('',#15598,#12669,#12670);
#9974=AXIS2_PLACEMENT_3D('',#15599,#12671,#12672);
#9975=AXIS2_PLACEMENT_3D('',#15600,#12673,#12674);
#9976=AXIS2_PLACEMENT_3D('',#15601,#12675,#12676);
#9977=AXIS2_PLACEMENT_3D('',#15602,#12677,#12678);
#9978=AXIS2_PLACEMENT_3D('',#15603,#12679,#12680);
#9979=AXIS2_PLACEMENT_3D('',#15604,#12681,#12682);
#9980=AXIS2_PLACEMENT_3D('',#15605,#12683,#12684);
#9981=AXIS2_PLACEMENT_3D('',#15606,#12685,#12686);
#9982=AXIS2_PLACEMENT_3D('',#15607,#12687,#12688);
#9983=AXIS2_PLACEMENT_3D('',#15608,#12689,#12690);
#9984=AXIS2_PLACEMENT_3D('',#15609,#12691,#12692);
#9985=AXIS2_PLACEMENT_3D('',#15610,#12693,#12694);
#9986=AXIS2_PLACEMENT_3D('',#15611,#12695,#12696);
#9987=AXIS2_PLACEMENT_3D('',#15612,#12697,#12698);
#9988=AXIS2_PLACEMENT_3D('',#15613,#12699,#12700);
#9989=AXIS2_PLACEMENT_3D('',#15614,#12701,#12702);
#9990=AXIS2_PLACEMENT_3D('',#15639,#12703,#12704);
#9991=AXIS2_PLACEMENT_3D('',#15640,#12705,#12706);
#9992=AXIS2_PLACEMENT_3D('',#15641,#12707,#12708);
#9993=AXIS2_PLACEMENT_3D('',#15642,#12709,#12710);
#9994=AXIS2_PLACEMENT_3D('',#15643,#12711,#12712);
#9995=AXIS2_PLACEMENT_3D('',#15644,#12713,#12714);
#9996=AXIS2_PLACEMENT_3D('',#15645,#12715,#12716);
#9997=AXIS2_PLACEMENT_3D('',#15646,#12717,#12718);
#9998=AXIS2_PLACEMENT_3D('',#15647,#12719,#12720);
#9999=AXIS2_PLACEMENT_3D('',#15648,#12721,#12722);
#10000=AXIS2_PLACEMENT_3D('',#15649,#12723,#12724);
#10001=AXIS2_PLACEMENT_3D('',#15650,#12725,#12726);
#10002=AXIS2_PLACEMENT_3D('',#15651,#12727,#12728);
#10003=AXIS2_PLACEMENT_3D('',#15652,#12729,#12730);
#10004=AXIS2_PLACEMENT_3D('',#15653,#12731,#12732);
#10005=AXIS2_PLACEMENT_3D('',#15654,#12733,#12734);
#10006=AXIS2_PLACEMENT_3D('',#15655,#12735,#12736);
#10007=AXIS2_PLACEMENT_3D('',#15656,#12737,#12738);
#10008=AXIS2_PLACEMENT_3D('',#15657,#12739,#12740);
#10009=AXIS2_PLACEMENT_3D('',#15658,#12741,#12742);
#10010=AXIS2_PLACEMENT_3D('',#15659,#12743,#12744);
#10011=AXIS2_PLACEMENT_3D('',#15660,#12745,#12746);
#10012=AXIS2_PLACEMENT_3D('',#15661,#12747,#12748);
#10013=AXIS2_PLACEMENT_3D('',#15662,#12749,#12750);
#10014=AXIS2_PLACEMENT_3D('',#15663,#12751,#12752);
#10015=AXIS2_PLACEMENT_3D('',#15664,#12753,#12754);
#10016=AXIS2_PLACEMENT_3D('',#15665,#12755,#12756);
#10017=AXIS2_PLACEMENT_3D('',#15666,#12757,#12758);
#10018=AXIS2_PLACEMENT_3D('',#15667,#12759,#12760);
#10019=AXIS2_PLACEMENT_3D('',#15668,#12761,#12762);
#10020=AXIS2_PLACEMENT_3D('',#15669,#12763,#12764);
#10021=AXIS2_PLACEMENT_3D('',#15670,#12765,#12766);
#10022=AXIS2_PLACEMENT_3D('',#15671,#12767,#12768);
#10023=AXIS2_PLACEMENT_3D('',#15672,#12769,#12770);
#10024=AXIS2_PLACEMENT_3D('',#15673,#12771,#12772);
#10025=AXIS2_PLACEMENT_3D('',#15674,#12773,#12774);
#10026=AXIS2_PLACEMENT_3D('',#15675,#12775,#12776);
#10027=AXIS2_PLACEMENT_3D('',#15676,#12777,#12778);
#10028=AXIS2_PLACEMENT_3D('',#15677,#12779,#12780);
#10029=AXIS2_PLACEMENT_3D('',#15678,#12781,#12782);
#10030=AXIS2_PLACEMENT_3D('',#15679,#12783,#12784);
#10031=AXIS2_PLACEMENT_3D('',#15680,#12785,#12786);
#10032=AXIS2_PLACEMENT_3D('',#15681,#12787,#12788);
#10033=AXIS2_PLACEMENT_3D('',#15682,#12789,#12790);
#10034=AXIS2_PLACEMENT_3D('',#15683,#12791,#12792);
#10035=AXIS2_PLACEMENT_3D('',#15684,#12793,#12794);
#10036=AXIS2_PLACEMENT_3D('',#15685,#12795,#12796);
#10037=AXIS2_PLACEMENT_3D('',#15686,#12797,#12798);
#10038=AXIS2_PLACEMENT_3D('',#15687,#12799,#12800);
#10039=AXIS2_PLACEMENT_3D('',#15688,#12801,#12802);
#10040=AXIS2_PLACEMENT_3D('',#15689,#12803,#12804);
#10041=AXIS2_PLACEMENT_3D('',#15690,#12805,#12806);
#10042=AXIS2_PLACEMENT_3D('',#15691,#12807,#12808);
#10043=AXIS2_PLACEMENT_3D('',#15692,#12809,#12810);
#10044=AXIS2_PLACEMENT_3D('',#15693,#12811,#12812);
#10045=AXIS2_PLACEMENT_3D('',#15694,#12813,#12814);
#10046=AXIS2_PLACEMENT_3D('',#15695,#12815,#12816);
#10047=AXIS2_PLACEMENT_3D('',#15696,#12817,#12818);
#10048=AXIS2_PLACEMENT_3D('',#15697,#12819,#12820);
#10049=AXIS2_PLACEMENT_3D('',#15698,#12821,#12822);
#10050=AXIS2_PLACEMENT_3D('',#15699,#12823,#12824);
#10051=AXIS2_PLACEMENT_3D('',#15700,#12825,#12826);
#10052=AXIS2_PLACEMENT_3D('',#15725,#12827,#12828);
#10053=AXIS2_PLACEMENT_3D('',#15738,#12829,#12830);
#10054=AXIS2_PLACEMENT_3D('',#15751,#12831,#12832);
#10055=AXIS2_PLACEMENT_3D('',#15752,#12833,#12834);
#10056=AXIS2_PLACEMENT_3D('',#15753,#12835,#12836);
#10057=AXIS2_PLACEMENT_3D('',#15754,#12837,#12838);
#10058=AXIS2_PLACEMENT_3D('',#15755,#12839,#12840);
#10059=AXIS2_PLACEMENT_3D('',#15756,#12841,#12842);
#10060=AXIS2_PLACEMENT_3D('',#15757,#12843,#12844);
#10061=AXIS2_PLACEMENT_3D('',#15758,#12845,#12846);
#10062=AXIS2_PLACEMENT_3D('',#15759,#12847,#12848);
#10063=AXIS2_PLACEMENT_3D('',#15760,#12849,#12850);
#10064=AXIS2_PLACEMENT_3D('',#15761,#12851,#12852);
#10065=AXIS2_PLACEMENT_3D('',#15762,#12853,#12854);
#10066=AXIS2_PLACEMENT_3D('',#15763,#12855,#12856);
#10067=AXIS2_PLACEMENT_3D('',#15764,#12857,#12858);
#10068=AXIS2_PLACEMENT_3D('',#15765,#12859,#12860);
#10069=AXIS2_PLACEMENT_3D('',#15766,#12861,#12862);
#10070=AXIS2_PLACEMENT_3D('',#15767,#12863,#12864);
#10071=AXIS2_PLACEMENT_3D('',#15768,#12865,#12866);
#10072=AXIS2_PLACEMENT_3D('',#15769,#12867,#12868);
#10073=AXIS2_PLACEMENT_3D('',#15770,#12869,#12870);
#10074=AXIS2_PLACEMENT_3D('',#15771,#12871,#12872);
#10075=AXIS2_PLACEMENT_3D('',#15772,#12873,#12874);
#10076=AXIS2_PLACEMENT_3D('',#15773,#12875,#12876);
#10077=AXIS2_PLACEMENT_3D('',#15774,#12877,#12878);
#10078=AXIS2_PLACEMENT_3D('',#15775,#12879,#12880);
#10079=AXIS2_PLACEMENT_3D('',#15776,#12881,#12882);
#10080=AXIS2_PLACEMENT_3D('',#15777,#12883,#12884);
#10081=AXIS2_PLACEMENT_3D('',#15778,#12885,#12886);
#10082=AXIS2_PLACEMENT_3D('',#15779,#12887,#12888);
#10083=AXIS2_PLACEMENT_3D('',#15780,#12889,#12890);
#10084=AXIS2_PLACEMENT_3D('',#15781,#12891,#12892);
#10085=AXIS2_PLACEMENT_3D('',#15782,#12893,#12894);
#10086=AXIS2_PLACEMENT_3D('',#15783,#12895,#12896);
#10087=AXIS2_PLACEMENT_3D('',#15784,#12897,#12898);
#10088=AXIS2_PLACEMENT_3D('',#15797,#12899,#12900);
#10089=AXIS2_PLACEMENT_3D('',#15798,#12901,#12902);
#10090=AXIS2_PLACEMENT_3D('',#15811,#12903,#12904);
#10091=AXIS2_PLACEMENT_3D('',#15824,#12905,#12906);
#10092=AXIS2_PLACEMENT_3D('',#15825,#12907,#12908);
#10093=AXIS2_PLACEMENT_3D('',#15826,#12909,#12910);
#10094=AXIS2_PLACEMENT_3D('',#15843,#12911,#12912);
#10095=AXIS2_PLACEMENT_3D('',#15844,#12913,#12914);
#10096=AXIS2_PLACEMENT_3D('',#15845,#12915,#12916);
#10097=AXIS2_PLACEMENT_3D('',#15846,#12917,#12918);
#10098=AXIS2_PLACEMENT_3D('',#15847,#12919,#12920);
#10099=AXIS2_PLACEMENT_3D('',#15848,#12921,#12922);
#10100=AXIS2_PLACEMENT_3D('',#15849,#12923,#12924);
#10101=AXIS2_PLACEMENT_3D('',#15862,#12925,#12926);
#10102=AXIS2_PLACEMENT_3D('',#15863,#12927,#12928);
#10103=AXIS2_PLACEMENT_3D('',#15864,#12929,#12930);
#10104=AXIS2_PLACEMENT_3D('',#15877,#12931,#12932);
#10105=AXIS2_PLACEMENT_3D('',#15878,#12933,#12934);
#10106=AXIS2_PLACEMENT_3D('',#15879,#12935,#12936);
#10107=AXIS2_PLACEMENT_3D('',#15880,#12937,#12938);
#10108=AXIS2_PLACEMENT_3D('',#15881,#12939,#12940);
#10109=AXIS2_PLACEMENT_3D('',#15882,#12941,#12942);
#10110=AXIS2_PLACEMENT_3D('',#15883,#12943,#12944);
#10111=AXIS2_PLACEMENT_3D('',#15884,#12945,#12946);
#10112=AXIS2_PLACEMENT_3D('',#15885,#12947,#12948);
#10113=AXIS2_PLACEMENT_3D('',#15886,#12949,#12950);
#10114=AXIS2_PLACEMENT_3D('',#15887,#12951,#12952);
#10115=AXIS2_PLACEMENT_3D('',#15900,#12953,#12954);
#10116=AXIS2_PLACEMENT_3D('',#15901,#12955,#12956);
#10117=AXIS2_PLACEMENT_3D('',#15902,#12957,#12958);
#10118=AXIS2_PLACEMENT_3D('',#15915,#12959,#12960);
#10119=AXIS2_PLACEMENT_3D('',#15916,#12961,#12962);
#10120=AXIS2_PLACEMENT_3D('',#15917,#12963,#12964);
#10121=AXIS2_PLACEMENT_3D('',#15918,#12965,#12966);
#10122=AXIS2_PLACEMENT_3D('',#15919,#12967,#12968);
#10123=AXIS2_PLACEMENT_3D('',#15920,#12969,#12970);
#10124=AXIS2_PLACEMENT_3D('',#15921,#12971,#12972);
#10125=AXIS2_PLACEMENT_3D('',#15938,#12973,#12974);
#10126=AXIS2_PLACEMENT_3D('',#15951,#12975,#12976);
#10127=AXIS2_PLACEMENT_3D('',#15952,#12977,#12978);
#10128=AXIS2_PLACEMENT_3D('',#15965,#12979,#12980);
#10129=AXIS2_PLACEMENT_3D('',#15966,#12981,#12982);
#10130=DIRECTION('',(0.,0.,1.));
#10131=DIRECTION('',(1.,0.,0.));
#10132=DIRECTION('',(7.56097962018019E-12,1.,0.));
#10133=DIRECTION('',(-0.499999999999998,3.78199886866781E-12,-0.86602540378444));
#10134=DIRECTION('',(-7.56097962018019E-12,-1.,0.));
#10135=DIRECTION('',(-0.499999999999998,3.78199886866781E-12,-0.86602540378444));
#10136=DIRECTION('',(7.56097962018019E-12,1.,0.));
#10137=DIRECTION('',(0.499999999999998,-3.78199886866781E-12,0.86602540378444));
#10138=DIRECTION('',(-7.56097962018019E-12,-1.,0.));
#10139=DIRECTION('',(-0.499999999999998,3.78201258189683E-12,-0.86602540378444));
#10140=DIRECTION('',(7.56097962018019E-12,1.,0.));
#10141=DIRECTION('',(-0.499999999999998,3.78217244433519E-12,-0.86602540378444));
#10142=DIRECTION('',(7.56097962018019E-12,1.,0.));
#10143=DIRECTION('',(-0.499999999999998,3.78217244433519E-12,-0.86602540378444));
#10144=DIRECTION('',(7.56097962018019E-12,1.,0.));
#10145=DIRECTION('',(-0.499999999999998,3.78217244433519E-12,-0.86602540378444));
#10146=DIRECTION('',(-7.56097962018019E-12,-1.,0.));
#10147=DIRECTION('',(-0.499999999999998,3.78199208062036E-12,-0.86602540378444));
#10148=DIRECTION('',(-7.56097962018019E-12,-1.,0.));
#10149=DIRECTION('',(-0.499999999999999,3.77854313494585E-12,0.866025403784436));
#10150=DIRECTION('',(-7.56097962018019E-12,-1.,0.));
#10151=DIRECTION('',(-0.499999999999998,3.78274852519064E-12,-0.866025403784436));
#10152=DIRECTION('',(-7.56097962018019E-12,-1.,0.));
#10153=DIRECTION('',(1.,-7.56129166013648E-12,0.));
#10154=DIRECTION('',(-7.56097962018019E-12,-1.,0.));
#10155=DIRECTION('',(-0.499999999999998,3.78199208062036E-12,-0.86602540378444));
#10156=DIRECTION('',(-7.56097962018019E-12,-1.,0.));
#10157=DIRECTION('',(-0.499999999999998,3.78274852519064E-12,-0.866025403784436));
#10158=DIRECTION('',(-7.56097962018019E-12,-1.,0.));
#10159=DIRECTION('',(-0.499999999999999,3.78274852519064E-12,-0.866025403784436));
#10160=DIRECTION('',(-7.56097962018019E-12,-1.,0.));
#10161=DIRECTION('',(-0.499999999999998,3.78274852519064E-12,-0.866025403784436));
#10162=DIRECTION('',(-7.56097962018019E-12,-1.,0.));
#10163=DIRECTION('',(-0.499999999999998,3.78274852519064E-12,-0.866025403784436));
#10164=DIRECTION('',(-7.56097962018019E-12,-1.,0.));
#10165=DIRECTION('',(-0.499999999999998,3.78274852519064E-12,-0.866025403784436));
#10166=DIRECTION('',(-7.56097962018019E-12,-1.,0.));
#10167=DIRECTION('',(-0.499999999999998,3.78274852519064E-12,-0.866025403784436));
#10168=DIRECTION('',(-7.56097962018019E-12,-1.,0.));
#10169=DIRECTION('',(-0.499999999999998,3.78193790698916E-12,-0.86602540378444));
#10170=DIRECTION('',(-7.56097962018019E-12,-1.,0.));
#10171=DIRECTION('',(-0.499999999999998,3.78196561684351E-12,-0.86602540378444));
#10172=DIRECTION('',(-7.56097962018019E-12,-1.,0.));
#10173=DIRECTION('',(-0.499999999999998,3.7819136608666E-12,-0.86602540378444));
#10174=DIRECTION('',(7.56097962018019E-12,1.,0.));
#10175=DIRECTION('',(0.499999999999998,-3.78194769160321E-12,0.86602540378444));
#10176=DIRECTION('',(1.11917643611426E-15,0.,1.));
#10177=DIRECTION('',(-1.,0.,0.));
#10178=DIRECTION('',(0.,0.,-1.));
#10179=DIRECTION('',(0.,0.999999999999999,0.));
#10180=DIRECTION('',(0.,0.,1.));
#10181=DIRECTION('',(0.,0.999999999999999,0.));
#10182=DIRECTION('',(1.11917643611426E-15,0.,1.));
#10183=DIRECTION('',(-1.,0.,0.));
#10184=DIRECTION('',(0.,0.,-1.));
#10185=DIRECTION('',(0.,0.999999999999999,0.));
#10186=DIRECTION('',(0.,0.,1.));
#10187=DIRECTION('',(0.,0.999999999999999,0.));
#10188=DIRECTION('',(-1.11917643611426E-15,0.,-1.));
#10189=DIRECTION('',(-1.,0.,0.));
#10190=DIRECTION('',(0.,0.,1.));
#10191=DIRECTION('',(0.,0.999999999999999,0.));
#10192=DIRECTION('',(0.,0.,1.));
#10193=DIRECTION('',(0.,0.999999999999999,0.));
#10194=DIRECTION('',(0.,1.,0.));
#10195=DIRECTION('',(-1.11917643611426E-15,0.,-1.));
#10196=DIRECTION('',(-1.,0.,1.98254111540207E-15));
#10197=DIRECTION('',(1.,0.,-1.38777878078144E-15));
#10198=DIRECTION('',(-1.11917643611426E-15,0.,-1.));
#10199=DIRECTION('',(-1.,0.,1.98254111540207E-15));
#10200=DIRECTION('',(0.,-1.,0.));
#10201=DIRECTION('',(1.,0.,-1.11917643611426E-15));
#10202=DIRECTION('',(0.,-1.,0.));
#10203=DIRECTION('',(1.,0.,-1.11917643611426E-15));
#10204=DIRECTION('',(1.11917643611426E-15,0.,1.));
#10205=DIRECTION('',(-1.,0.,1.98254111540207E-15));
#10206=DIRECTION('',(-1.11917643611426E-15,0.,-1.));
#10207=DIRECTION('',(-1.,0.,1.11716191852906E-15));
#10208=DIRECTION('',(-1.38777878078144E-15,0.,-1.));
#10209=DIRECTION('',(-1.,0.,2.1350442781253E-15));
#10210=DIRECTION('',(-1.38777878078144E-15,0.,-1.));
#10211=DIRECTION('',(-1.,0.,2.1350442781253E-15));
#10212=DIRECTION('',(-1.,0.,1.38777878078144E-15));
#10213=DIRECTION('',(-1.38777878078144E-15,0.,-1.));
#10214=DIRECTION('',(-1.,0.,2.1350442781253E-15));
#10215=DIRECTION('',(-1.,0.,1.38777878078144E-15));
#10216=DIRECTION('',(0.,1.,0.));
#10217=DIRECTION('',(1.38777878078144E-15,0.,1.));
#10218=DIRECTION('',(-1.,0.,1.98254111540207E-15));
#10219=DIRECTION('',(-1.,0.,1.38777878078144E-15));
#10220=DIRECTION('',(1.38777878078144E-15,0.,1.));
#10221=DIRECTION('',(-1.,0.,1.98254111540207E-15));
#10222=DIRECTION('',(0.,1.,0.));
#10223=DIRECTION('',(-1.38777878078144E-15,0.,-1.));
#10224=DIRECTION('',(-1.,0.,1.38777878078145E-15));
#10225=DIRECTION('',(0.,1.,0.));
#10226=DIRECTION('',(0.,0.,-1.));
#10227=DIRECTION('',(0.,1.,0.));
#10228=DIRECTION('',(0.,0.,-1.));
#10229=DIRECTION('',(0.,1.,0.));
#10230=DIRECTION('',(0.,0.,-1.));
#10231=DIRECTION('',(-0.707106781186549,0.,-0.707106781186546));
#10232=DIRECTION('',(1.,0.,-1.38777878078144E-15));
#10233=DIRECTION('',(-1.38777878078143E-15,0.,-1.));
#10234=DIRECTION('',(0.,-1.,0.));
#10235=DIRECTION('',(0.,0.,-1.));
#10236=DIRECTION('',(2.32948581059742E-15,0.,1.));
#10237=DIRECTION('',(0.,1.,0.));
#10238=DIRECTION('',(0.,0.,-1.));
#10239=DIRECTION('',(-2.37904933848248E-15,0.,-1.));
#10240=DIRECTION('',(0.,1.,0.));
#10241=DIRECTION('',(0.,0.,-1.));
#10242=DIRECTION('',(0.,1.,0.));
#10243=DIRECTION('',(0.,0.,-1.));
#10244=DIRECTION('',(-2.37904933848248E-15,0.,-1.));
#10245=DIRECTION('',(0.,-1.,0.));
#10246=DIRECTION('',(0.,-1.,0.));
#10247=DIRECTION('',(-1.,0.,2.37904933848248E-15));
#10248=DIRECTION('',(2.37917324730219E-15,0.,1.));
#10249=DIRECTION('',(0.,1.,0.));
#10250=DIRECTION('',(0.,0.,-1.));
#10251=DIRECTION('',(0.,-1.,0.));
#10252=DIRECTION('',(0.,1.,0.));
#10253=DIRECTION('',(0.,0.,-1.));
#10254=DIRECTION('',(0.,-1.,0.));
#10255=DIRECTION('',(0.,0.,1.));
#10256=DIRECTION('',(0.,1.,0.));
#10257=DIRECTION('',(-0.86602540378444,0.,0.499999999999995));
#10258=DIRECTION('',(0.,1.,0.));
#10259=DIRECTION('',(0.,0.,-0.999999999999999));
#10260=DIRECTION('',(0.,1.,0.));
#10261=DIRECTION('',(0.866025403784436,0.,0.500000000000004));
#10262=DIRECTION('',(0.,1.,0.));
#10263=DIRECTION('',(0.,0.,-1.));
#10264=DIRECTION('',(0.,1.,0.));
#10265=DIRECTION('',(0.,0.,-1.));
#10266=DIRECTION('',(0.,-1.,0.));
#10267=DIRECTION('',(0.,0.,-0.999999999999999));
#10268=DIRECTION('',(0.,1.,0.));
#10269=DIRECTION('',(0.,0.,-0.999999999999999));
#10270=DIRECTION('',(0.,-1.,0.));
#10271=DIRECTION('',(0.,0.,-0.999999999999999));
#10272=DIRECTION('',(0.,1.,0.));
#10273=DIRECTION('',(0.,0.,-0.999999999999999));
#10274=DIRECTION('',(0.,-1.,0.));
#10275=DIRECTION('',(0.,0.,-0.999999999999999));
#10276=DIRECTION('',(0.,1.,0.));
#10277=DIRECTION('',(0.,0.,-0.999999999999999));
#10278=DIRECTION('',(0.,-1.,0.));
#10279=DIRECTION('',(0.,-1.03911953834781E-17,1.));
#10280=DIRECTION('',(0.,-1.,0.));
#10281=DIRECTION('',(0.,-1.03911953834781E-17,1.));
#10282=DIRECTION('',(0.,-1.,0.));
#10283=DIRECTION('',(0.,-1.03911953834781E-17,1.));
#10284=DIRECTION('',(0.,1.,0.));
#10285=DIRECTION('',(0.,0.,-1.));
#10286=DIRECTION('',(0.,-1.,0.));
#10287=DIRECTION('',(0.,0.,1.));
#10288=DIRECTION('',(0.,1.,0.));
#10289=DIRECTION('',(0.,0.,-1.));
#10290=DIRECTION('',(0.,1.,0.));
#10291=DIRECTION('',(2.32948581059742E-15,0.,1.));
#10292=DIRECTION('',(1.,0.,-2.32948581059742E-15));
#10293=DIRECTION('',(-2.32799890476088E-15,0.,-1.));
#10294=DIRECTION('',(0.,1.,0.));
#10295=DIRECTION('',(0.,0.,-1.));
#10296=DIRECTION('',(-1.38777878078143E-15,0.,-1.));
#10297=DIRECTION('',(0.707106781186549,0.,0.707106781186546));
#10298=DIRECTION('',(0.,-1.,0.));
#10299=DIRECTION('',(0.,0.,-1.));
#10300=DIRECTION('',(0.,1.,0.));
#10301=DIRECTION('',(0.,0.,-1.));
#10302=DIRECTION('',(1.38777878078143E-15,-1.42108547152019E-15,1.));
#10303=DIRECTION('',(0.,-1.,0.));
#10304=DIRECTION('',(-1.,0.,1.38777878078143E-15));
#10305=DIRECTION('',(1.38777878078145E-15,0.,1.));
#10306=DIRECTION('',(0.,1.,0.));
#10307=DIRECTION('',(0.707106781186546,0.,-0.707106781186549));
#10308=DIRECTION('',(0.707106781186549,0.,0.707106781186546));
#10309=DIRECTION('',(-0.707106781186546,0.,0.707106781186549));
#10310=DIRECTION('',(0.,1.,0.));
#10311=DIRECTION('',(0.,-1.,0.));
#10312=DIRECTION('',(0.,0.,1.));
#10313=DIRECTION('',(1.38777878078143E-15,0.,1.));
#10314=DIRECTION('',(-1.,0.,1.38777878078143E-15));
#10315=DIRECTION('',(1.38777878078145E-15,0.,0.999999999999999));
#10316=DIRECTION('',(-1.38777878078143E-15,1.42108547152019E-15,-1.));
#10317=DIRECTION('',(-1.,0.,1.38777878078143E-15));
#10318=DIRECTION('',(1.38777878078145E-15,0.,1.));
#10319=DIRECTION('',(1.38777878078143E-15,-1.42108547152019E-15,1.));
#10320=DIRECTION('',(-1.38777878078143E-15,1.42108547152019E-15,-1.));
#10321=DIRECTION('',(-1.97215226305251E-30,-1.,-1.42108547152019E-15));
#10322=DIRECTION('',(0.,-1.42247325030098E-15,1.));
#10323=DIRECTION('',(-1.38777878078143E-15,0.,-1.));
#10324=DIRECTION('',(-1.,0.,1.98254111540207E-15));
#10325=DIRECTION('',(-1.38777878078143E-15,1.42108547152019E-15,-1.));
#10326=DIRECTION('',(0.,-1.,0.));
#10327=DIRECTION('',(-1.38777878078143E-15,1.42108547152019E-15,-1.));
#10328=DIRECTION('',(0.,-1.,0.));
#10329=DIRECTION('',(0.,1.,0.));
#10330=DIRECTION('',(0.,0.,-1.));
#10331=DIRECTION('',(1.,0.,-1.38777878078144E-15));
#10332=DIRECTION('',(-1.38777878078145E-15,0.,-0.999999999999999));
#10333=DIRECTION('',(0.,0.,-1.));
#10334=DIRECTION('',(1.,0.,0.));
#10335=DIRECTION('',(0.,0.,1.));
#10336=DIRECTION('',(0.,1.,0.));
#10337=DIRECTION('',(0.,0.,1.));
#10338=DIRECTION('',(0.,1.,0.));
#10339=DIRECTION('',(0.,0.,-1.));
#10340=DIRECTION('',(1.,0.,0.));
#10341=DIRECTION('',(0.,0.,1.));
#10342=DIRECTION('',(0.,1.,0.));
#10343=DIRECTION('',(0.,0.,1.));
#10344=DIRECTION('',(0.,1.,0.));
#10345=DIRECTION('',(0.,0.,-1.));
#10346=DIRECTION('',(1.,0.,0.));
#10347=DIRECTION('',(0.,0.,1.));
#10348=DIRECTION('',(0.,1.,0.));
#10349=DIRECTION('',(0.,0.,1.));
#10350=DIRECTION('',(0.,1.,0.));
#10351=DIRECTION('',(1.,0.,-2.6599093298311E-15));
#10352=DIRECTION('',(1.,0.,-2.6599093298311E-15));
#10353=DIRECTION('',(0.707106781186548,0.,-0.707106781186547));
#10354=DIRECTION('',(0.707106781186547,0.,0.707106781186548));
#10355=DIRECTION('',(-1.,0.,2.6599093298311E-15));
#10356=DIRECTION('',(-1.,0.,2.86229373536162E-15));
#10357=DIRECTION('',(-2.77555756156289E-15,0.,-0.999999999999999));
#10358=DIRECTION('',(1.,0.,-2.6599093298311E-15));
#10359=DIRECTION('',(1.,0.,-2.6599093298311E-15));
#10360=DIRECTION('',(2.77555756156289E-15,0.,0.999999999999999));
#10361=DIRECTION('',(0.,0.,-1.));
#10362=DIRECTION('',(0.,-0.999999999999999,0.));
#10363=DIRECTION('',(0.,0.,-1.));
#10364=DIRECTION('',(0.,0.999999999999999,0.));
#10365=DIRECTION('',(0.,0.,1.));
#10366=DIRECTION('',(0.,0.999999999999999,0.));
#10367=DIRECTION('',(0.,0.,-1.));
#10368=DIRECTION('',(0.,-0.999999999999999,0.));
#10369=DIRECTION('',(0.,0.,-1.));
#10370=DIRECTION('',(0.,0.999999999999999,0.));
#10371=DIRECTION('',(0.,0.,1.));
#10372=DIRECTION('',(0.,0.999999999999999,0.));
#10373=DIRECTION('',(0.,-1.,0.));
#10374=DIRECTION('',(-1.,0.,0.));
#10375=DIRECTION('',(0.,1.,0.));
#10376=DIRECTION('',(-1.,0.,0.));
#10377=DIRECTION('',(0.,1.,0.));
#10378=DIRECTION('',(1.,0.,0.));
#10379=DIRECTION('',(0.,-1.,0.));
#10380=DIRECTION('',(-1.,0.,0.));
#10381=DIRECTION('',(0.,1.,0.));
#10382=DIRECTION('',(-0.999999999999999,0.,0.));
#10383=DIRECTION('',(0.,1.,0.));
#10384=DIRECTION('',(-1.,0.,0.));
#10385=DIRECTION('',(0.,1.,0.));
#10386=DIRECTION('',(-1.,0.,0.));
#10387=DIRECTION('',(0.,-1.,0.));
#10388=DIRECTION('',(-1.,0.,0.));
#10389=DIRECTION('',(0.,-1.,0.));
#10390=DIRECTION('',(-1.,0.,0.));
#10391=DIRECTION('',(0.,1.,0.));
#10392=DIRECTION('',(0.500000000000003,0.,0.866025403784432));
#10393=DIRECTION('',(0.,-1.,0.));
#10394=DIRECTION('',(-1.,0.,0.));
#10395=DIRECTION('',(0.,-1.,0.));
#10396=DIRECTION('',(-1.,0.,0.));
#10397=DIRECTION('',(0.,-1.,0.));
#10398=DIRECTION('',(-0.999999999999999,0.,0.));
#10399=DIRECTION('',(0.,1.,0.));
#10400=DIRECTION('',(-0.999999999999999,0.,0.));
#10401=DIRECTION('',(0.,-1.,0.));
#10402=DIRECTION('',(-0.999999999999999,0.,0.));
#10403=DIRECTION('',(0.,-1.,0.));
#10404=DIRECTION('',(-1.,0.,0.));
#10405=DIRECTION('',(0.,-1.,0.));
#10406=DIRECTION('',(-1.,0.,0.));
#10407=DIRECTION('',(0.,1.,0.));
#10408=DIRECTION('',(0.499999999999999,0.,-0.866025403784443));
#10409=DIRECTION('',(0.,-1.,0.));
#10410=DIRECTION('',(-1.,0.,0.));
#10411=DIRECTION('',(0.,-1.,0.));
#10412=DIRECTION('',(-1.,0.,0.));
#10413=DIRECTION('',(0.,-1.,0.));
#10414=DIRECTION('',(-1.,2.42558089025472E-17,0.));
#10415=DIRECTION('',(0.,-1.,0.));
#10416=DIRECTION('',(-1.,2.42558089025471E-17,0.));
#10417=DIRECTION('',(0.,-1.,0.));
#10418=DIRECTION('',(-1.,2.42558089025471E-17,0.));
#10419=DIRECTION('',(0.,1.,0.));
#10420=DIRECTION('',(1.,7.90855103022134E-17,0.));
#10421=DIRECTION('',(0.,1.,0.));
#10422=DIRECTION('',(-1.,0.,0.));
#10423=DIRECTION('',(0.,-1.,0.));
#10424=DIRECTION('',(1.,0.,0.));
#10425=DIRECTION('',(0.,-1.,0.));
#10426=DIRECTION('',(-1.,0.,0.));
#10427=DIRECTION('',(0.,-1.,0.));
#10428=DIRECTION('',(-1.,0.,0.));
#10429=DIRECTION('',(0.,-1.,0.));
#10430=DIRECTION('',(-1.,0.,0.));
#10431=DIRECTION('',(2.86229373536162E-15,0.,1.));
#10432=DIRECTION('',(0.707106781186547,0.,0.707106781186548));
#10433=DIRECTION('',(0.,-1.,0.));
#10434=DIRECTION('',(1.,0.,0.));
#10435=DIRECTION('',(-3.76682811926393E-15,0.,1.));
#10436=DIRECTION('',(0.,1.,0.));
#10437=DIRECTION('',(-1.,0.,0.));
#10438=DIRECTION('',(3.76682811926392E-15,0.,-1.));
#10439=DIRECTION('',(0.,1.,0.));
#10440=DIRECTION('',(1.,0.,0.));
#10441=DIRECTION('',(-1.,0.,0.));
#10442=DIRECTION('',(0.,1.,0.));
#10443=DIRECTION('',(1.,0.,0.));
#10444=DIRECTION('',(-3.76682811926392E-15,0.,1.));
#10445=DIRECTION('',(0.,1.,0.));
#10446=DIRECTION('',(0.,1.,0.));
#10447=DIRECTION('',(1.,0.,3.76682811926392E-15));
#10448=DIRECTION('',(-3.76781938982163E-15,0.,1.));
#10449=DIRECTION('',(0.,1.,0.));
#10450=DIRECTION('',(0.,0.,-1.));
#10451=DIRECTION('',(0.,-1.,0.));
#10452=DIRECTION('',(-1.,0.,2.54426109809932E-15));
#10453=DIRECTION('',(0.,0.,-1.));
#10454=DIRECTION('',(0.,-1.,0.));
#10455=DIRECTION('',(0.,-1.,0.));
#10456=DIRECTION('',(0.,0.,1.));
#10457=DIRECTION('',(0.,-1.,0.));
#10458=DIRECTION('',(0.,-1.,0.));
#10459=DIRECTION('',(1.,0.,0.));
#10460=DIRECTION('',(0.,0.,-1.));
#10461=DIRECTION('',(0.,-1.,0.));
#10462=DIRECTION('',(0.,-1.,0.));
#10463=DIRECTION('',(3.76682811926393E-15,0.,-1.));
#10464=DIRECTION('',(0.,1.,0.));
#10465=DIRECTION('',(-1.,0.,-3.76682811926393E-15));
#10466=DIRECTION('',(3.76695202808364E-15,0.,-1.));
#10467=DIRECTION('',(0.,1.,0.));
#10468=DIRECTION('',(-1.,0.,0.));
#10469=DIRECTION('',(0.,-1.,0.));
#10470=DIRECTION('',(-1.,0.,0.));
#10471=DIRECTION('',(0.,-1.,0.));
#10472=DIRECTION('',(1.,0.,0.));
#10473=DIRECTION('',(0.,1.,0.));
#10474=DIRECTION('',(1.,0.,0.));
#10475=DIRECTION('',(-0.707106781186547,0.,-0.707106781186548));
#10476=DIRECTION('',(-6.93889390390716E-16,0.,-1.));
#10477=DIRECTION('',(0.,1.,0.));
#10478=DIRECTION('',(1.,0.,0.));
#10479=DIRECTION('',(0.,1.,0.));
#10480=DIRECTION('',(1.,8.57924567743228E-17,0.));
#10481=DIRECTION('',(0.,-1.,0.));
#10482=DIRECTION('',(-6.93889390390716E-16,0.,-1.));
#10483=DIRECTION('',(0.,1.,0.));
#10484=DIRECTION('',(-1.,0.,6.93889390390716E-16));
#10485=DIRECTION('',(-6.93889390390723E-16,0.,-1.));
#10486=DIRECTION('',(0.,1.,0.));
#10487=DIRECTION('',(-0.707106781186548,0.,0.707106781186547));
#10488=DIRECTION('',(0.,-1.,0.));
#10489=DIRECTION('',(2.86229373536162E-15,0.,1.));
#10490=DIRECTION('',(0.,-1.,0.));
#10491=DIRECTION('',(-2.86229373536162E-15,0.,-1.));
#10492=DIRECTION('',(-1.,0.,2.86229373536162E-15));
#10493=DIRECTION('',(-2.86229373536173E-15,0.,-1.));
#10494=DIRECTION('',(2.6599093298311E-15,0.,1.));
#10495=DIRECTION('',(1.,0.,-2.1350442781253E-15));
#10496=DIRECTION('',(2.6599093298311E-15,0.,1.));
#10497=DIRECTION('',(1.,0.,-1.98254111540207E-15));
#10498=DIRECTION('',(1.,0.,-2.6599093298311E-15));
#10499=DIRECTION('',(2.6599093298311E-15,0.,1.));
#10500=DIRECTION('',(1.,0.,-1.98254111540207E-15));
#10501=DIRECTION('',(2.6599093298311E-15,0.,1.));
#10502=DIRECTION('',(1.,0.,-2.1350442781253E-15));
#10503=DIRECTION('',(-2.6599093298311E-15,0.,-1.));
#10504=DIRECTION('',(1.,0.,-2.65759636519647E-15));
#10505=DIRECTION('',(6.93889390390716E-16,0.,1.));
#10506=DIRECTION('',(-2.86229373536162E-15,0.,-1.));
#10507=DIRECTION('',(0.,1.,0.));
#10508=DIRECTION('',(1.,0.,0.));
#10509=DIRECTION('',(0.,1.,0.));
#10510=DIRECTION('',(1.,0.,0.));
#10511=DIRECTION('',(0.,1.,0.));
#10512=DIRECTION('',(1.,0.,0.));
#10513=DIRECTION('',(6.93889390390716E-16,0.,1.));
#10514=DIRECTION('',(-1.,0.,0.));
#10515=DIRECTION('',(2.86229373536162E-15,0.,1.));
#10516=DIRECTION('',(-1.,0.,3.96508223080413E-15));
#10517=DIRECTION('',(-2.86229373536162E-15,0.,-1.));
#10518=DIRECTION('',(1.,0.,-1.98254111540207E-15));
#10519=DIRECTION('',(0.,0.,-1.));
#10520=DIRECTION('',(-1.,0.,0.));
#10521=DIRECTION('',(0.,0.,-1.));
#10522=DIRECTION('',(0.,-1.,0.));
#10523=DIRECTION('',(0.,0.,1.));
#10524=DIRECTION('',(0.,1.,0.));
#10525=DIRECTION('',(0.,0.,-1.));
#10526=DIRECTION('',(-1.,0.,0.));
#10527=DIRECTION('',(0.,0.,-1.));
#10528=DIRECTION('',(0.,-1.,0.));
#10529=DIRECTION('',(0.,0.,1.));
#10530=DIRECTION('',(0.,1.,0.));
#10531=DIRECTION('',(0.,0.,1.));
#10532=DIRECTION('',(0.,1.,0.));
#10533=DIRECTION('',(0.,0.,1.));
#10534=DIRECTION('',(0.,0.,1.));
#10535=DIRECTION('',(0.,1.,0.));
#10536=DIRECTION('',(0.,0.,1.));
#10537=DIRECTION('',(0.,0.,1.));
#10538=DIRECTION('',(0.,1.,0.));
#10539=DIRECTION('',(0.,0.,1.));
#10540=DIRECTION('',(0.,1.,0.));
#10541=DIRECTION('',(0.,0.,1.));
#10542=DIRECTION('',(0.,0.,1.));
#10543=DIRECTION('',(0.,1.,0.));
#10544=DIRECTION('',(0.,0.,1.));
#10545=DIRECTION('',(0.,0.,1.));
#10546=DIRECTION('',(0.,1.,0.));
#10547=DIRECTION('',(0.,0.,1.));
#10548=DIRECTION('',(0.,1.,0.));
#10549=DIRECTION('',(0.,0.,-1.));
#10550=DIRECTION('',(0.,0.,1.));
#10551=DIRECTION('',(0.,1.,0.));
#10552=DIRECTION('',(0.,0.,1.));
#10553=DIRECTION('',(0.,0.,1.));
#10554=DIRECTION('',(0.,1.,0.));
#10555=DIRECTION('',(0.,0.,1.));
#10556=DIRECTION('',(0.,0.999999999999999,0.));
#10557=DIRECTION('',(0.,0.,1.));
#10558=DIRECTION('',(0.,0.999999999999999,0.));
#10559=DIRECTION('',(0.,0.,1.));
#10560=DIRECTION('',(0.,0.999999999999999,0.));
#10561=DIRECTION('',(0.,0.,-1.));
#10562=DIRECTION('',(0.,0.999999999999999,0.));
#10563=DIRECTION('',(0.,0.,-1.));
#10564=DIRECTION('',(0.,0.999999999999999,0.));
#10565=DIRECTION('',(0.,0.,-1.));
#10566=DIRECTION('',(0.,0.999999999999999,0.));
#10567=DIRECTION('',(-1.,0.,0.));
#10568=DIRECTION('',(0.,0.,1.));
#10569=DIRECTION('',(0.,0.999999999999999,0.));
#10570=DIRECTION('',(0.,0.,1.));
#10571=DIRECTION('',(0.,1.,0.));
#10572=DIRECTION('',(0.,1.,0.));
#10573=DIRECTION('',(0.,0.,1.));
#10574=DIRECTION('',(0.,0.999999999999999,0.));
#10575=DIRECTION('',(1.,0.,0.));
#10576=DIRECTION('',(0.,0.,1.));
#10577=DIRECTION('',(0.,0.999999999999999,0.));
#10578=DIRECTION('',(0.,-1.,0.));
#10579=DIRECTION('',(0.,0.,1.));
#10580=DIRECTION('',(0.,0.999999999999999,0.));
#10581=DIRECTION('',(0.,0.,-1.));
#10582=DIRECTION('',(0.,1.,0.));
#10583=DIRECTION('',(0.,0.,-1.));
#10584=DIRECTION('',(0.,1.,0.));
#10585=DIRECTION('',(0.,0.,-1.));
#10586=DIRECTION('',(0.,1.,0.));
#10587=DIRECTION('',(0.,0.,-1.));
#10588=DIRECTION('',(0.,1.,0.));
#10589=DIRECTION('',(0.,0.,-1.));
#10590=DIRECTION('',(0.,1.,0.));
#10591=DIRECTION('',(0.,0.,-1.));
#10592=DIRECTION('',(0.,1.,0.));
#10593=DIRECTION('',(0.,0.,-1.));
#10594=DIRECTION('',(0.,1.,0.));
#10595=DIRECTION('',(0.,0.,-1.));
#10596=DIRECTION('',(0.,1.,0.));
#10597=DIRECTION('',(0.,0.,1.));
#10598=DIRECTION('',(0.,-1.,0.));
#10599=DIRECTION('',(0.,0.,1.));
#10600=DIRECTION('',(-1.44560289664734E-16,-1.,0.));
#10601=DIRECTION('',(0.,0.,-1.));
#10602=DIRECTION('',(0.,1.,0.));
#10603=DIRECTION('',(0.,0.,-1.));
#10604=DIRECTION('',(0.,1.,0.));
#10605=DIRECTION('',(0.,0.,-1.));
#10606=DIRECTION('',(0.,1.,0.));
#10607=DIRECTION('',(0.,0.,-1.));
#10608=DIRECTION('',(0.,1.,0.));
#10609=DIRECTION('',(0.,0.,-1.));
#10610=DIRECTION('',(0.,1.,0.));
#10611=DIRECTION('',(0.,0.,-1.));
#10612=DIRECTION('',(0.,1.,0.));
#10613=DIRECTION('',(0.,0.,-1.));
#10614=DIRECTION('',(0.,1.,0.));
#10615=DIRECTION('',(0.,0.,-1.));
#10616=DIRECTION('',(0.,1.,0.));
#10617=DIRECTION('',(0.,0.,-1.));
#10618=DIRECTION('',(-1.44560289664734E-16,1.,0.));
#10619=DIRECTION('',(0.,0.,1.));
#10620=DIRECTION('',(0.,1.,0.));
#10621=DIRECTION('',(0.,0.,1.));
#10622=DIRECTION('',(0.,1.,0.));
#10623=DIRECTION('',(0.,0.,1.));
#10624=DIRECTION('',(0.,1.,0.));
#10625=DIRECTION('',(0.,0.,1.));
#10626=DIRECTION('',(0.,1.,0.));
#10627=DIRECTION('',(0.,0.,-1.));
#10628=DIRECTION('',(0.,1.,0.));
#10629=DIRECTION('',(0.,0.,-1.));
#10630=DIRECTION('',(0.,1.,0.));
#10631=DIRECTION('',(0.,0.,-1.));
#10632=DIRECTION('',(0.,1.,0.));
#10633=DIRECTION('',(0.,0.,1.));
#10634=DIRECTION('',(0.,1.,0.));
#10635=DIRECTION('',(0.,0.,1.));
#10636=DIRECTION('',(0.,1.,0.));
#10637=DIRECTION('',(0.,0.,1.));
#10638=DIRECTION('',(0.,1.,0.));
#10639=DIRECTION('',(0.,0.,1.));
#10640=DIRECTION('',(0.,1.,0.));
#10641=DIRECTION('',(0.,0.,1.));
#10642=DIRECTION('',(0.,1.,0.));
#10643=DIRECTION('',(0.,0.,-1.));
#10644=DIRECTION('',(0.,1.,0.));
#10645=DIRECTION('',(0.,0.,-1.));
#10646=DIRECTION('',(0.,1.,0.));
#10647=DIRECTION('',(0.,0.,-1.));
#10648=DIRECTION('',(0.,1.,0.));
#10649=DIRECTION('',(0.,0.,-1.));
#10650=DIRECTION('',(0.,1.,0.));
#10651=DIRECTION('',(0.,0.,1.));
#10652=DIRECTION('',(0.,1.,0.));
#10653=DIRECTION('',(0.,0.,-1.));
#10654=DIRECTION('',(0.,0.999999999999999,0.));
#10655=DIRECTION('',(-1.,0.,0.));
#10656=DIRECTION('',(0.,0.,-1.));
#10657=DIRECTION('',(0.,0.999999999999999,0.));
#10658=DIRECTION('',(0.,-1.,0.));
#10659=DIRECTION('',(0.,0.,-1.));
#10660=DIRECTION('',(0.,0.999999999999999,0.));
#10661=DIRECTION('',(1.,0.,0.));
#10662=DIRECTION('',(0.,0.,-1.));
#10663=DIRECTION('',(0.,0.999999999999999,0.));
#10664=DIRECTION('',(0.,1.,0.));
#10665=DIRECTION('',(0.,0.,-1.));
#10666=DIRECTION('',(0.,0.999999999999999,0.));
#10667=DIRECTION('',(0.,0.,-1.));
#10668=DIRECTION('',(0.,-1.,0.));
#10669=DIRECTION('',(0.,0.,1.));
#10670=DIRECTION('',(1.,0.,0.));
#10671=DIRECTION('',(0.,0.,-1.));
#10672=DIRECTION('',(1.,0.,0.));
#10673=DIRECTION('',(0.,0.,1.));
#10674=DIRECTION('',(0.,-0.999999999999999,0.));
#10675=DIRECTION('',(0.,0.,1.));
#10676=DIRECTION('',(0.,1.,0.));
#10677=DIRECTION('',(0.,0.,1.));
#10678=DIRECTION('',(-1.,0.,0.));
#10679=DIRECTION('',(0.,0.,-1.));
#10680=DIRECTION('',(-1.,0.,0.));
#10681=DIRECTION('',(0.,0.,-1.));
#10682=DIRECTION('',(0.,1.,0.));
#10683=DIRECTION('',(0.,0.,-1.));
#10684=DIRECTION('',(0.,1.,0.));
#10685=DIRECTION('',(0.,0.,1.));
#10686=DIRECTION('',(0.,1.,0.));
#10687=DIRECTION('',(0.,0.,1.));
#10688=DIRECTION('',(0.,0.999999999999999,0.));
#10689=DIRECTION('',(0.,0.,-1.));
#10690=DIRECTION('',(0.,-0.999999999999999,0.));
#10691=DIRECTION('',(0.,0.,1.));
#10692=DIRECTION('',(0.,1.,0.));
#10693=DIRECTION('',(0.,0.,-1.));
#10694=DIRECTION('',(0.,-1.,0.));
#10695=DIRECTION('',(0.,0.,1.));
#10696=DIRECTION('',(0.,0.999999999999999,0.));
#10697=DIRECTION('',(0.,0.,-1.));
#10698=DIRECTION('',(0.,-0.999999999999999,0.));
#10699=DIRECTION('',(0.,0.,1.));
#10700=DIRECTION('',(0.,0.999999999999999,0.));
#10701=DIRECTION('',(0.,0.,-1.));
#10702=DIRECTION('',(0.,-0.999999999999999,0.));
#10703=DIRECTION('',(0.,0.,1.));
#10704=DIRECTION('',(0.,0.999999999999999,0.));
#10705=DIRECTION('',(0.,0.,-1.));
#10706=DIRECTION('',(0.,-0.999999999999999,0.));
#10707=DIRECTION('',(0.,0.,1.));
#10708=DIRECTION('',(0.,1.,0.));
#10709=DIRECTION('',(0.,0.,-1.));
#10710=DIRECTION('',(0.,-1.,0.));
#10711=DIRECTION('',(0.,0.,1.));
#10712=DIRECTION('',(0.,1.,0.));
#10713=DIRECTION('',(0.,0.,-1.));
#10714=DIRECTION('',(0.,-1.,0.));
#10715=DIRECTION('',(0.,0.,1.));
#10716=DIRECTION('',(0.,1.,0.));
#10717=DIRECTION('',(0.,0.,-1.));
#10718=DIRECTION('',(0.,-1.,0.));
#10719=DIRECTION('',(0.,0.,-1.));
#10720=DIRECTION('',(0.,0.,1.));
#10721=DIRECTION('',(0.,0.,1.));
#10722=DIRECTION('',(0.,1.,0.));
#10723=DIRECTION('',(1.,0.,0.));
#10724=DIRECTION('',(0.,0.,-1.));
#10725=DIRECTION('',(-1.,0.,0.));
#10726=DIRECTION('',(0.,0.,1.));
#10727=DIRECTION('',(0.,0.,1.));
#10728=DIRECTION('',(0.,1.,-9.69844902457956E-17));
#10729=DIRECTION('',(0.,0.,1.));
#10730=DIRECTION('',(0.,1.,-9.69844902457956E-17));
#10731=DIRECTION('',(0.,0.,1.));
#10732=DIRECTION('',(0.,1.,-9.69844902457958E-17));
#10733=DIRECTION('',(0.,0.,1.));
#10734=DIRECTION('',(0.,1.,-9.69844902457956E-17));
#10735=DIRECTION('',(0.,0.,1.));
#10736=DIRECTION('',(0.,1.,-9.67912266773289E-17));
#10737=DIRECTION('',(0.,0.,1.));
#10738=DIRECTION('',(0.,1.,-9.67912266773289E-17));
#10739=DIRECTION('',(0.,0.,1.));
#10740=DIRECTION('',(0.,1.,-9.67912266773289E-17));
#10741=DIRECTION('',(0.,0.,1.));
#10742=DIRECTION('',(0.,1.,-9.67912266773289E-17));
#10743=DIRECTION('',(0.,0.,-1.));
#10744=DIRECTION('',(0.,1.,0.));
#10745=DIRECTION('',(0.,0.,-1.));
#10746=DIRECTION('',(0.,-1.,0.));
#10747=DIRECTION('',(0.,0.,-1.));
#10748=DIRECTION('',(0.,1.,0.));
#10749=DIRECTION('',(0.,0.,1.));
#10750=DIRECTION('',(0.,1.,0.));
#10751=DIRECTION('',(0.,0.,1.));
#10752=DIRECTION('',(0.,1.,0.));
#10753=DIRECTION('',(0.,0.,-1.));
#10754=DIRECTION('',(0.,1.,0.));
#10755=DIRECTION('',(0.,0.,-1.));
#10756=DIRECTION('',(0.,-1.,0.));
#10757=DIRECTION('',(0.,0.,-1.));
#10758=DIRECTION('',(0.,1.,0.));
#10759=DIRECTION('',(0.,0.,1.));
#10760=DIRECTION('',(0.,1.,0.));
#10761=DIRECTION('',(0.,0.,1.));
#10762=DIRECTION('',(0.,1.,0.));
#10763=DIRECTION('',(0.,0.,-1.));
#10764=DIRECTION('',(0.,-1.,0.));
#10765=DIRECTION('',(0.,0.,-1.));
#10766=DIRECTION('',(0.,-1.,0.));
#10767=DIRECTION('',(0.,0.,1.));
#10768=DIRECTION('',(0.,-1.,0.));
#10769=DIRECTION('',(0.,0.,-1.));
#10770=DIRECTION('',(0.,-1.,0.));
#10771=DIRECTION('',(0.,0.,-1.));
#10772=DIRECTION('',(0.,-1.,0.));
#10773=DIRECTION('',(0.,0.,-1.));
#10774=DIRECTION('',(0.,-1.,0.));
#10775=DIRECTION('',(0.,0.,-1.));
#10776=DIRECTION('',(0.,-1.,0.));
#10777=DIRECTION('',(0.,0.,1.));
#10778=DIRECTION('',(0.,-1.,0.));
#10779=DIRECTION('',(0.,0.,-1.));
#10780=DIRECTION('',(0.,-1.,0.));
#10781=DIRECTION('',(0.,0.,-1.));
#10782=DIRECTION('',(0.,-1.,0.));
#10783=DIRECTION('',(0.,0.,1.));
#10784=DIRECTION('',(0.,-1.,0.));
#10785=DIRECTION('',(0.,0.,1.));
#10786=DIRECTION('',(0.,1.,0.));
#10787=DIRECTION('',(0.,0.,1.));
#10788=DIRECTION('',(0.,-1.,0.));
#10789=DIRECTION('',(0.,0.,1.));
#10790=DIRECTION('',(0.,1.,0.));
#10791=DIRECTION('',(0.,0.,1.));
#10792=DIRECTION('',(0.,1.,0.));
#10793=DIRECTION('',(0.,0.,1.));
#10794=DIRECTION('',(0.,1.,0.));
#10795=DIRECTION('',(0.,0.,1.));
#10796=DIRECTION('',(0.,1.,0.));
#10797=DIRECTION('',(0.,0.,1.));
#10798=DIRECTION('',(0.,1.,0.));
#10799=DIRECTION('',(0.,0.,1.));
#10800=DIRECTION('',(0.,1.,7.62668194873896E-17));
#10801=DIRECTION('',(0.,0.,-1.));
#10802=DIRECTION('',(0.,-1.,2.07647697872536E-17));
#10803=DIRECTION('',(0.,0.,-1.));
#10804=DIRECTION('',(0.,-1.,-3.45906974272544E-17));
#10805=DIRECTION('',(0.,0.,1.));
#10806=DIRECTION('',(0.,1.,7.62668194873896E-17));
#10807=DIRECTION('',(0.,0.,-1.));
#10808=DIRECTION('',(0.,-1.,-3.45906974272544E-17));
#10809=DIRECTION('',(0.,0.,1.));
#10810=DIRECTION('',(0.,1.,7.62668194873896E-17));
#10811=DIRECTION('',(0.,0.,1.));
#10812=DIRECTION('',(0.,1.,7.62668194873896E-17));
#10813=DIRECTION('',(0.,0.,-1.));
#10814=DIRECTION('',(0.,-1.,2.07647697872536E-17));
#10815=DIRECTION('',(0.,0.,1.));
#10816=DIRECTION('',(0.,1.,0.));
#10817=DIRECTION('',(0.,0.,1.));
#10818=DIRECTION('',(0.,1.,0.));
#10819=DIRECTION('',(0.,0.,1.));
#10820=DIRECTION('',(0.,1.,0.));
#10821=DIRECTION('',(0.,0.,1.));
#10822=DIRECTION('',(0.,1.,0.));
#10823=DIRECTION('',(0.,0.,1.));
#10824=DIRECTION('',(0.,1.,0.));
#10825=DIRECTION('',(0.,0.,1.));
#10826=DIRECTION('',(0.,1.,0.));
#10827=DIRECTION('',(0.,0.,1.));
#10828=DIRECTION('',(0.,1.,-9.69844902457957E-17));
#10829=DIRECTION('',(0.,0.,1.));
#10830=DIRECTION('',(0.,1.,-9.69844902457956E-17));
#10831=DIRECTION('',(0.,0.,1.));
#10832=DIRECTION('',(0.,1.,-9.69844902457957E-17));
#10833=DIRECTION('',(0.,0.,1.));
#10834=DIRECTION('',(0.,1.,0.));
#10835=DIRECTION('',(0.,0.,1.));
#10836=DIRECTION('',(0.,1.,0.));
#10837=DIRECTION('',(0.,0.,1.));
#10838=DIRECTION('',(0.,1.,0.));
#10839=DIRECTION('',(0.,0.,1.));
#10840=DIRECTION('',(0.,1.,0.));
#10841=DIRECTION('',(0.,0.,1.));
#10842=DIRECTION('',(0.,1.,0.));
#10843=DIRECTION('',(0.,0.,1.));
#10844=DIRECTION('',(0.,1.,0.));
#10845=DIRECTION('',(0.,0.,1.));
#10846=DIRECTION('',(0.,1.,0.));
#10847=DIRECTION('',(0.,0.,1.));
#10848=DIRECTION('',(0.,1.,0.));
#10849=DIRECTION('',(0.,0.,1.));
#10850=DIRECTION('',(0.,1.,-4.15813866900806E-17));
#10851=DIRECTION('',(0.,0.,1.));
#10852=DIRECTION('',(0.,1.,-9.69748087394069E-17));
#10853=DIRECTION('',(0.,0.,1.));
#10854=DIRECTION('',(0.,1.,-4.15813866900806E-17));
#10855=DIRECTION('',(0.,0.,1.));
#10856=DIRECTION('',(0.,1.,-9.69748087394075E-17));
#10857=DIRECTION('',(0.,0.,1.));
#10858=DIRECTION('',(0.,0.,-1.));
#10859=DIRECTION('',(0.,1.,0.));
#10860=DIRECTION('',(0.,0.,-1.));
#10861=DIRECTION('',(0.,0.,1.));
#10862=DIRECTION('',(0.,0.,-1.));
#10863=DIRECTION('',(0.,-1.,0.));
#10864=DIRECTION('',(0.,0.,1.));
#10865=DIRECTION('',(0.,0.,1.));
#10866=DIRECTION('',(0.,0.999999999999999,0.));
#10867=DIRECTION('',(0.,0.,1.));
#10868=DIRECTION('',(0.,0.999999999999999,0.));
#10869=DIRECTION('',(0.,0.,1.));
#10870=DIRECTION('',(0.,0.999999999999999,0.));
#10871=DIRECTION('',(0.,0.,1.));
#10872=DIRECTION('',(0.,0.999999999999999,0.));
#10873=DIRECTION('',(0.,0.,1.));
#10874=DIRECTION('',(0.,1.,0.));
#10875=DIRECTION('',(0.,0.,1.));
#10876=DIRECTION('',(0.,1.,0.));
#10877=DIRECTION('',(0.,0.,1.));
#10878=DIRECTION('',(0.,1.,0.));
#10879=DIRECTION('',(0.,0.,1.));
#10880=DIRECTION('',(0.,1.,0.));
#10881=DIRECTION('',(0.,0.,1.));
#10882=DIRECTION('',(0.,1.,0.));
#10883=DIRECTION('',(0.,0.,1.));
#10884=DIRECTION('',(0.,1.,0.));
#10885=DIRECTION('',(0.,0.,1.));
#10886=DIRECTION('',(0.,1.,-4.15813866900808E-17));
#10887=DIRECTION('',(0.,0.,1.));
#10888=DIRECTION('',(0.,1.,-4.15813866900808E-17));
#10889=DIRECTION('',(0.,0.,1.));
#10890=DIRECTION('',(0.,1.,-4.15813866900808E-17));
#10891=DIRECTION('',(0.,0.,-1.));
#10892=DIRECTION('',(0.,1.,0.));
#10893=DIRECTION('',(0.,0.,1.));
#10894=DIRECTION('',(0.,1.,0.));
#10895=DIRECTION('',(0.,0.,-1.));
#10896=DIRECTION('',(0.,1.,0.));
#10897=DIRECTION('',(0.,0.,1.));
#10898=DIRECTION('',(0.,1.,0.));
#10899=DIRECTION('',(0.,0.,-1.));
#10900=DIRECTION('',(0.,1.,0.));
#10901=DIRECTION('',(0.,0.,1.));
#10902=DIRECTION('',(0.,1.,0.));
#10903=DIRECTION('',(0.,0.,1.));
#10904=DIRECTION('',(0.,1.,-9.69748087394073E-17));
#10905=DIRECTION('',(0.,0.,1.));
#10906=DIRECTION('',(0.,1.,-9.69748087394073E-17));
#10907=DIRECTION('',(0.,0.,1.));
#10908=DIRECTION('',(0.,1.,-9.69748087394073E-17));
#10909=DIRECTION('',(0.,0.,-1.));
#10910=DIRECTION('',(0.,1.,0.));
#10911=DIRECTION('',(1.,0.,0.));
#10912=DIRECTION('',(0.,0.,-1.));
#10913=DIRECTION('',(0.,0.,-1.));
#10914=DIRECTION('',(-2.47817639425258E-15,-1.,0.));
#10915=DIRECTION('',(0.,0.,-1.));
#10916=DIRECTION('',(1.,0.,0.));
#10917=DIRECTION('',(0.,0.,-1.));
#10918=DIRECTION('',(0.,1.,0.));
#10919=DIRECTION('',(0.,0.,-1.));
#10920=DIRECTION('',(0.,1.,0.));
#10921=DIRECTION('',(-1.,0.,0.));
#10922=DIRECTION('',(0.,0.,-1.));
#10923=DIRECTION('',(-1.,0.,0.));
#10924=DIRECTION('',(0.,0.,-1.));
#10925=DIRECTION('',(-1.,0.,0.));
#10926=DIRECTION('',(0.,0.,-1.));
#10927=DIRECTION('',(-1.,0.,0.));
#10928=DIRECTION('',(0.,0.,-1.));
#10929=DIRECTION('',(-1.,0.,0.));
#10930=DIRECTION('',(0.,0.,-1.));
#10931=DIRECTION('',(-1.,0.,0.));
#10932=DIRECTION('',(0.,0.,-1.));
#10933=DIRECTION('',(0.,0.,1.));
#10934=DIRECTION('',(0.,-0.999999999999999,0.));
#10935=DIRECTION('',(0.,0.,1.));
#10936=DIRECTION('',(0.,1.,0.));
#10937=DIRECTION('',(0.,0.,1.));
#10938=DIRECTION('',(-1.22464679914735E-16,-1.,0.));
#10939=DIRECTION('',(0.,0.,1.));
#10940=DIRECTION('',(1.,0.,0.));
#10941=DIRECTION('',(0.,0.,1.));
#10942=DIRECTION('',(-1.,0.,0.));
#10943=DIRECTION('',(0.,0.,-1.));
#10944=DIRECTION('',(0.,-1.,0.));
#10945=DIRECTION('',(0.,0.,1.));
#10946=DIRECTION('',(0.,-0.999999999999999,0.));
#10947=DIRECTION('',(-1.,3.75611165908729E-15,0.));
#10948=DIRECTION('',(0.,0.,1.));
#10949=DIRECTION('',(0.,-1.,0.));
#10950=DIRECTION('',(0.,0.,-1.));
#10951=DIRECTION('',(0.,-1.,0.));
#10952=DIRECTION('',(0.,0.,1.));
#10953=DIRECTION('',(0.,-1.,0.));
#10954=DIRECTION('',(1.2421191130388E-16,1.,0.));
#10955=DIRECTION('',(0.,0.,-1.));
#10956=DIRECTION('',(0.,-1.,0.));
#10957=DIRECTION('',(1.,-3.75856753128308E-15,0.));
#10958=DIRECTION('',(1.,2.04085114820801E-16,0.));
#10959=DIRECTION('',(-3.22739251344537E-15,-1.,0.));
#10960=DIRECTION('',(1.,4.95635278850334E-16,0.));
#10961=DIRECTION('',(3.42910454553553E-15,1.,0.));
#10962=DIRECTION('',(1.,2.04085114820801E-16,0.));
#10963=DIRECTION('',(4.03424064180644E-16,-1.,0.));
#10964=DIRECTION('',(1.,3.71726459137751E-16,0.));
#10965=DIRECTION('',(-4.03424064180652E-16,1.,0.));
#10966=DIRECTION('',(1.,2.04085114820801E-16,0.));
#10967=DIRECTION('',(0.,-1.,0.));
#10968=DIRECTION('',(0.,0.,-1.));
#10969=DIRECTION('',(0.,-1.,0.));
#10970=DIRECTION('',(0.,0.,-1.));
#10971=DIRECTION('',(1.,0.,0.));
#10972=DIRECTION('',(0.,0.,1.));
#10973=DIRECTION('',(-1.22464679914735E-16,-1.,0.));
#10974=DIRECTION('',(0.,0.,-1.));
#10975=DIRECTION('',(0.,0.999999999999999,0.));
#10976=DIRECTION('',(0.,0.,-1.));
#10977=DIRECTION('',(0.,-1.,0.));
#10978=DIRECTION('',(0.,0.,-1.));
#10979=DIRECTION('',(-1.,0.,0.));
#10980=DIRECTION('',(1.,3.75611165908729E-15,0.));
#10981=DIRECTION('',(0.,0.,1.));
#10982=DIRECTION('',(0.,-0.999999999999999,0.));
#10983=DIRECTION('',(0.,0.,-1.));
#10984=DIRECTION('',(0.,-1.,0.));
#10985=DIRECTION('',(0.,-1.,0.));
#10986=DIRECTION('',(-1.,-1.70070929017334E-16,0.));
#10987=DIRECTION('',(6.45478502689043E-15,1.,0.));
#10988=DIRECTION('',(-1.,7.10410566352145E-15,0.));
#10989=DIRECTION('',(4.0342406418065E-16,-1.,0.));
#10990=DIRECTION('',(-1.,-1.70070929017334E-16,0.));
#10991=DIRECTION('',(2.4205443850839E-15,1.,0.));
#10992=DIRECTION('',(-1.,-5.36938218754529E-16,0.));
#10993=DIRECTION('',(-3.63081657762604E-15,-1.,0.));
#10994=DIRECTION('',(-1.,-1.70070929017334E-16,0.));
#10995=DIRECTION('',(-1.,-3.75856753128308E-15,0.));
#10996=DIRECTION('',(0.,0.,-1.));
#10997=DIRECTION('',(0.,-0.999999999999999,0.));
#10998=DIRECTION('',(-1.2421191130388E-16,1.,0.));
#10999=DIRECTION('',(0.,0.,1.));
#11000=DIRECTION('',(0.,-1.,0.));
#11001=DIRECTION('',(0.,0.,-1.));
#11002=DIRECTION('',(0.,-1.,0.));
#11003=DIRECTION('',(0.,0.,1.));
#11004=DIRECTION('',(0.,-1.,0.));
#11005=DIRECTION('',(0.,0.,-1.));
#11006=DIRECTION('',(0.,-1.,0.));
#11007=DIRECTION('',(0.,0.,-1.));
#11008=DIRECTION('',(0.,-1.,0.));
#11009=DIRECTION('',(0.,0.,1.));
#11010=DIRECTION('',(0.,0.,-1.));
#11011=DIRECTION('',(0.,0.,-1.));
#11012=DIRECTION('',(0.,-1.,0.));
#11013=DIRECTION('',(0.,0.,-1.));
#11014=DIRECTION('',(0.,0.,-1.));
#11015=DIRECTION('',(0.,-1.,0.));
#11016=DIRECTION('',(0.,0.,1.));
#11017=DIRECTION('',(0.,0.,-1.));
#11018=DIRECTION('',(0.,-1.,0.));
#11019=DIRECTION('',(0.,0.,-1.));
#11020=DIRECTION('',(0.,0.,-1.));
#11021=DIRECTION('',(0.,-1.,0.));
#11022=DIRECTION('',(0.,0.,-1.));
#11023=DIRECTION('',(0.,0.,-1.));
#11024=DIRECTION('',(0.,-1.,0.));
#11025=DIRECTION('',(-1.,0.,0.));
#11026=DIRECTION('',(0.,0.,1.));
#11027=DIRECTION('',(-1.,0.,0.));
#11028=DIRECTION('',(0.,0.,1.));
#11029=DIRECTION('',(-1.,0.,0.));
#11030=DIRECTION('',(0.,0.,1.));
#11031=DIRECTION('',(-1.,0.,0.));
#11032=DIRECTION('',(0.,0.,1.));
#11033=DIRECTION('',(-1.,0.,0.));
#11034=DIRECTION('',(0.,0.,1.));
#11035=DIRECTION('',(0.,-1.,0.));
#11036=DIRECTION('',(0.,0.,-1.));
#11037=DIRECTION('',(-1.,0.,0.));
#11038=DIRECTION('',(0.,0.,1.));
#11039=DIRECTION('',(0.,0.,-1.));
#11040=DIRECTION('',(2.75352932694731E-16,1.,0.));
#11041=DIRECTION('',(0.,0.,-1.));
#11042=DIRECTION('',(-1.,0.,0.));
#11043=DIRECTION('',(0.,0.,1.));
#11044=DIRECTION('',(1.,0.,0.));
#11045=DIRECTION('',(0.,0.,1.));
#11046=DIRECTION('',(0.,0.,1.));
#11047=DIRECTION('',(-1.,-2.04085114820801E-16,0.));
#11048=DIRECTION('',(-1.,-2.04085114820801E-16,0.));
#11049=DIRECTION('',(2.04085114820801E-16,-1.,0.));
#11050=DIRECTION('',(-1.,-2.03830008427275E-16,0.));
#11051=DIRECTION('',(0.,0.,1.));
#11052=DIRECTION('',(-1.,-2.04085114820801E-16,0.));
#11053=DIRECTION('',(0.,0.,1.));
#11054=DIRECTION('',(-1.,-2.04085114820801E-16,0.));
#11055=DIRECTION('',(2.04085114820801E-16,-1.,0.));
#11056=DIRECTION('',(-1.,-2.03830008427275E-16,0.));
#11057=DIRECTION('',(0.,0.,1.));
#11058=DIRECTION('',(1.,1.70070929017334E-16,0.));
#11059=DIRECTION('',(1.,1.70070929017334E-16,0.));
#11060=DIRECTION('',(-1.70070929017334E-16,1.,0.));
#11061=DIRECTION('',(1.,1.70002900645727E-16,0.));
#11062=DIRECTION('',(0.,0.,1.));
#11063=DIRECTION('',(1.,1.70070929017334E-16,0.));
#11064=DIRECTION('',(0.,0.,1.));
#11065=DIRECTION('',(1.,1.70070929017334E-16,0.));
#11066=DIRECTION('',(-1.70070929017334E-16,1.,0.));
#11067=DIRECTION('',(1.,1.70002900645727E-16,0.));
#11068=DIRECTION('',(0.,0.,-1.));
#11069=DIRECTION('',(0.,1.,0.));
#11070=DIRECTION('',(0.,0.,-1.));
#11071=DIRECTION('',(0.,1.,0.));
#11072=DIRECTION('',(0.,0.,-1.));
#11073=DIRECTION('',(0.,1.,0.));
#11074=DIRECTION('',(-3.22739251344537E-15,-1.,0.));
#11075=DIRECTION('',(1.,1.70070929017334E-16,0.));
#11076=DIRECTION('',(-3.63081657762604E-15,-1.,0.));
#11077=DIRECTION('',(-1.,-5.36938218754529E-16,0.));
#11078=DIRECTION('',(2.4205443850839E-15,1.,0.));
#11079=DIRECTION('',(4.0342406418065E-16,-1.,0.));
#11080=DIRECTION('',(-1.,7.10410566352146E-15,0.));
#11081=DIRECTION('',(6.45478502689043E-15,1.,0.));
#11082=DIRECTION('',(-1.,-2.04085114820801E-16,0.));
#11083=DIRECTION('',(-4.03424064180652E-16,1.,0.));
#11084=DIRECTION('',(1.,3.71726459137751E-16,0.));
#11085=DIRECTION('',(4.03424064180644E-16,-1.,0.));
#11086=DIRECTION('',(3.42910454553553E-15,1.,0.));
#11087=DIRECTION('',(1.,4.95635278850334E-16,0.));
#11088=DIRECTION('',(0.,0.,1.));
#11089=DIRECTION('',(0.,1.,0.));
#11090=DIRECTION('',(0.,0.,-1.));
#11091=DIRECTION('',(0.,-0.999999999999999,0.));
#11092=DIRECTION('',(0.,0.,1.));
#11093=DIRECTION('',(0.,0.999999999999999,0.));
#11094=DIRECTION('',(0.,0.,1.));
#11095=DIRECTION('',(0.,-0.999999999999999,0.));
#11096=DIRECTION('',(0.,0.,1.));
#11097=DIRECTION('',(0.,0.999999999999999,0.));
#11098=DIRECTION('',(0.,0.,1.));
#11099=DIRECTION('',(0.,-1.,0.));
#11100=DIRECTION('',(0.,0.,1.));
#11101=DIRECTION('',(0.,1.,0.));
#11102=DIRECTION('',(0.,0.,-1.));
#11103=DIRECTION('',(0.,-1.,0.));
#11104=DIRECTION('',(0.,0.,1.));
#11105=DIRECTION('',(0.,1.,0.));
#11106=DIRECTION('',(-1.,3.75611165908729E-15,0.));
#11107=DIRECTION('',(0.,0.,-1.));
#11108=DIRECTION('',(0.,-0.999999999999999,0.));
#11109=DIRECTION('',(0.,0.,-1.));
#11110=DIRECTION('',(0.,-1.,0.));
#11111=DIRECTION('',(0.,0.,-1.));
#11112=DIRECTION('',(0.,-0.999999999999999,0.));
#11113=DIRECTION('',(1.,3.75611165908729E-15,0.));
#11114=DIRECTION('',(0.,0.,-1.));
#11115=DIRECTION('',(0.,-1.,0.));
#11116=DIRECTION('',(0.,0.,-1.));
#11117=DIRECTION('',(0.,-1.,0.));
#11118=DIRECTION('',(1.2421191130388E-16,-1.,0.));
#11119=DIRECTION('',(0.,0.,1.));
#11120=DIRECTION('',(0.,-0.999999999999999,0.));
#11121=DIRECTION('',(1.,3.75856753128308E-15,0.));
#11122=DIRECTION('',(-1.,3.75856753128308E-15,0.));
#11123=DIRECTION('',(0.,0.,1.));
#11124=DIRECTION('',(0.,-1.,0.));
#11125=DIRECTION('',(-1.2421191130388E-16,-1.,0.));
#11126=DIRECTION('',(0.,0.,-1.));
#11127=DIRECTION('',(0.,-1.,0.));
#11128=DIRECTION('',(0.,0.,-1.));
#11129=DIRECTION('',(0.,-1.,0.));
#11130=DIRECTION('',(0.,0.,1.));
#11131=DIRECTION('',(0.,-1.,0.));
#11132=DIRECTION('',(0.,0.,-1.));
#11133=DIRECTION('',(0.,-1.,0.));
#11134=DIRECTION('',(-0.707106781186551,-0.707106781186544,0.));
#11135=DIRECTION('',(0.,0.,1.));
#11136=DIRECTION('',(0.,0.999999999999999,0.));
#11137=DIRECTION('',(0.707106781186551,0.707106781186544,0.));
#11138=DIRECTION('',(0.,0.,-1.));
#11139=DIRECTION('',(0.,-1.,0.));
#11140=DIRECTION('',(0.,0.,1.));
#11141=DIRECTION('',(0.,-1.,0.));
#11142=DIRECTION('',(0.,0.,-1.));
#11143=DIRECTION('',(0.,-1.,0.));
#11144=DIRECTION('',(0.707106781186545,-0.70710678118655,0.));
#11145=DIRECTION('',(0.,0.,1.));
#11146=DIRECTION('',(-1.,0.,0.));
#11147=DIRECTION('',(-0.707106781186543,0.707106781186552,0.));
#11148=DIRECTION('',(0.,0.,-1.));
#11149=DIRECTION('',(0.,-1.,0.));
#11150=DIRECTION('',(0.,0.,1.));
#11151=DIRECTION('',(0.,-1.,0.));
#11152=DIRECTION('',(0.,0.,-1.));
#11153=DIRECTION('',(0.,-1.,0.));
#11154=DIRECTION('',(0.707106781186549,0.707106781186546,0.));
#11155=DIRECTION('',(0.,0.,1.));
#11156=DIRECTION('',(0.,-1.,0.));
#11157=DIRECTION('',(-0.707106781186549,-0.707106781186546,0.));
#11158=DIRECTION('',(0.,0.,-1.));
#11159=DIRECTION('',(0.,-1.,0.));
#11160=DIRECTION('',(0.,0.,1.));
#11161=DIRECTION('',(0.,-1.,0.));
#11162=DIRECTION('',(0.,0.,-1.));
#11163=DIRECTION('',(0.,-1.,0.));
#11164=DIRECTION('',(-0.707106781186545,0.70710678118655,0.));
#11165=DIRECTION('',(0.,0.,1.));
#11166=DIRECTION('',(1.,0.,0.));
#11167=DIRECTION('',(0.707106781186545,-0.70710678118655,0.));
#11168=DIRECTION('',(0.,0.,-1.));
#11169=DIRECTION('',(0.,-1.,0.));
#11170=DIRECTION('',(0.,0.,1.));
#11171=DIRECTION('',(0.,-1.,0.));
#11172=DIRECTION('',(0.,0.,-1.));
#11173=DIRECTION('',(0.,-1.,0.));
#11174=DIRECTION('',(-0.707106781186545,-0.70710678118655,0.));
#11175=DIRECTION('',(0.,0.,1.));
#11176=DIRECTION('',(1.,0.,0.));
#11177=DIRECTION('',(0.707106781186545,0.70710678118655,0.));
#11178=DIRECTION('',(0.,0.,-1.));
#11179=DIRECTION('',(0.,-1.,0.));
#11180=DIRECTION('',(0.,0.,1.));
#11181=DIRECTION('',(0.,-1.,0.));
#11182=DIRECTION('',(0.,0.,-1.));
#11183=DIRECTION('',(0.,-1.,0.));
#11184=DIRECTION('',(0.70710678118655,-0.707106781186545,0.));
#11185=DIRECTION('',(0.,0.,1.));
#11186=DIRECTION('',(0.,1.,0.));
#11187=DIRECTION('',(-0.707106781186549,0.707106781186546,0.));
#11188=DIRECTION('',(0.,0.,-1.));
#11189=DIRECTION('',(0.,-1.,0.));
#11190=DIRECTION('',(0.,0.,1.));
#11191=DIRECTION('',(0.,-1.,0.));
#11192=DIRECTION('',(0.,0.,-1.));
#11193=DIRECTION('',(0.,-1.,0.));
#11194=DIRECTION('',(0.707106781186545,0.70710678118655,0.));
#11195=DIRECTION('',(0.,0.,1.));
#11196=DIRECTION('',(-1.,0.,0.));
#11197=DIRECTION('',(-0.707106781186545,-0.70710678118655,0.));
#11198=DIRECTION('',(0.,0.,-1.));
#11199=DIRECTION('',(0.,-1.,0.));
#11200=DIRECTION('',(0.,0.,1.));
#11201=DIRECTION('',(0.,-1.,0.));
#11202=DIRECTION('',(0.,0.,-1.));
#11203=DIRECTION('',(0.,-1.,0.));
#11204=DIRECTION('',(-0.707106781186551,0.707106781186544,0.));
#11205=DIRECTION('',(0.,0.,1.));
#11206=DIRECTION('',(0.,-0.999999999999999,0.));
#11207=DIRECTION('',(0.707106781186549,-0.707106781186546,0.));
#11208=DIRECTION('',(0.,0.,-1.));
#11209=DIRECTION('',(0.,-1.,0.));
#11210=DIRECTION('',(0.,0.,-1.));
#11211=DIRECTION('',(0.,-1.,0.));
#11212=DIRECTION('',(0.,0.,-1.));
#11213=DIRECTION('',(0.,1.,0.));
#11214=DIRECTION('',(0.,0.,-1.));
#11215=DIRECTION('',(0.,0.,1.));
#11216=DIRECTION('',(0.,0.,-1.));
#11217=DIRECTION('',(1.,-2.10269512239613E-16,0.));
#11218=DIRECTION('',(0.,0.,-1.));
#11219=DIRECTION('',(0.,0.,1.));
#11220=DIRECTION('',(0.,0.,-1.));
#11221=DIRECTION('',(-1.22464679914735E-16,-1.,0.));
#11222=DIRECTION('',(0.,0.,-1.));
#11223=DIRECTION('',(0.,0.,1.));
#11224=DIRECTION('',(0.,0.,-1.));
#11225=DIRECTION('',(-1.,0.,0.));
#11226=DIRECTION('',(0.,0.,-1.));
#11227=DIRECTION('',(0.,0.,1.));
#11228=DIRECTION('',(0.,0.,1.));
#11229=DIRECTION('',(0.,1.,0.));
#11230=DIRECTION('',(0.,0.,-1.));
#11231=DIRECTION('',(1.,-2.10269512239613E-16,0.));
#11232=DIRECTION('',(0.,0.,-1.));
#11233=DIRECTION('',(0.,0.,1.));
#11234=DIRECTION('',(0.,0.,-1.));
#11235=DIRECTION('',(-1.22464679914735E-16,-1.,0.));
#11236=DIRECTION('',(0.,0.,-1.));
#11237=DIRECTION('',(0.,0.,1.));
#11238=DIRECTION('',(0.,0.,-1.));
#11239=DIRECTION('',(-1.,0.,0.));
#11240=DIRECTION('',(0.,0.,-1.));
#11241=DIRECTION('',(0.,0.,1.));
#11242=DIRECTION('',(0.,0.,-1.));
#11243=DIRECTION('',(0.,1.,0.));
#11244=DIRECTION('',(0.,0.,-1.));
#11245=DIRECTION('',(0.,0.,1.));
#11246=DIRECTION('',(0.,0.,1.));
#11247=DIRECTION('',(0.,1.,0.));
#11248=DIRECTION('',(0.,0.,-1.));
#11249=DIRECTION('',(0.,0.999999999999999,0.));
#11250=DIRECTION('',(0.,0.,1.));
#11251=DIRECTION('',(0.,0.999999999999999,0.));
#11252=DIRECTION('',(0.,0.,1.));
#11253=DIRECTION('',(0.,1.,0.));
#11254=DIRECTION('',(0.,0.,1.));
#11255=DIRECTION('',(0.,1.,0.));
#11256=DIRECTION('',(0.,0.,1.));
#11257=DIRECTION('',(0.,0.999999999999999,0.));
#11258=DIRECTION('',(0.,0.,1.));
#11259=DIRECTION('',(0.,0.999999999999999,0.));
#11260=DIRECTION('',(0.,0.,-1.));
#11261=DIRECTION('',(0.,1.,0.));
#11262=DIRECTION('',(0.,0.,1.));
#11263=DIRECTION('',(0.,1.,0.));
#11264=DIRECTION('',(0.,0.,1.));
#11265=DIRECTION('',(0.,0.,-1.));
#11266=DIRECTION('',(0.,-1.,0.));
#11267=DIRECTION('',(-0.707106781186549,0.707106781186546,0.));
#11268=DIRECTION('',(0.,0.,1.));
#11269=DIRECTION('',(0.,1.,0.));
#11270=DIRECTION('',(0.70710678118655,-0.707106781186545,0.));
#11271=DIRECTION('',(0.,0.,1.));
#11272=DIRECTION('',(0.,-1.,0.));
#11273=DIRECTION('',(0.,0.,1.));
#11274=DIRECTION('',(0.,-1.,0.));
#11275=DIRECTION('',(0.,0.,-1.));
#11276=DIRECTION('',(0.,-1.,0.));
#11277=DIRECTION('',(0.,0.,-1.));
#11278=DIRECTION('',(0.,0.,1.));
#11279=DIRECTION('',(0.707106781186546,0.707106781186549,0.));
#11280=DIRECTION('',(0.707106781186549,-0.707106781186546,0.));
#11281=DIRECTION('',(0.,0.,1.));
#11282=DIRECTION('',(0.,0.,-1.));
#11283=DIRECTION('',(0.,-1.,0.));
#11284=DIRECTION('',(0.,0.,1.));
#11285=DIRECTION('',(-0.707106781186545,-0.70710678118655,0.));
#11286=DIRECTION('',(-0.70710678118655,0.707106781186545,0.));
#11287=DIRECTION('',(-0.707106781186549,-0.707106781186546,0.));
#11288=DIRECTION('',(0.,0.,-1.));
#11289=DIRECTION('',(0.,0.,1.));
#11290=DIRECTION('',(-0.707106781186546,0.707106781186549,0.));
#11291=DIRECTION('',(0.707106781186549,0.707106781186546,0.));
#11292=DIRECTION('',(0.,0.,1.));
#11293=DIRECTION('',(0.,0.,1.));
#11294=DIRECTION('',(0.,-1.,0.));
#11295=DIRECTION('',(0.,0.,-1.));
#11296=DIRECTION('',(0.,-1.,0.));
#11297=DIRECTION('',(0.,0.,1.));
#11298=DIRECTION('',(0.707106781186549,0.707106781186546,0.));
#11299=DIRECTION('',(0.707106781186546,-0.707106781186549,0.));
#11300=DIRECTION('',(-0.707106781186549,-0.707106781186546,0.));
#11301=DIRECTION('',(0.,0.,1.));
#11302=DIRECTION('',(0.,-1.,0.));
#11303=DIRECTION('',(0.,0.,1.));
#11304=DIRECTION('',(0.,-1.,0.));
#11305=DIRECTION('',(0.,0.,-1.));
#11306=DIRECTION('',(0.,-1.,0.));
#11307=DIRECTION('',(0.,0.,1.));
#11308=DIRECTION('',(-0.707106781186545,0.70710678118655,0.));
#11309=DIRECTION('',(0.,0.,1.));
#11310=DIRECTION('',(0.70710678118655,0.707106781186545,0.));
#11311=DIRECTION('',(0.707106781186545,-0.70710678118655,0.));
#11312=DIRECTION('',(0.707106781186545,-0.70710678118655,0.));
#11313=DIRECTION('',(0.,0.,-1.));
#11314=DIRECTION('',(0.,0.,1.));
#11315=DIRECTION('',(-0.70710678118655,-0.707106781186545,0.));
#11316=DIRECTION('',(-0.707106781186545,0.70710678118655,0.));
#11317=DIRECTION('',(0.,0.,1.));
#11318=DIRECTION('',(1.,0.,0.));
#11319=DIRECTION('',(0.,0.,-1.));
#11320=DIRECTION('',(0.,-1.,0.));
#11321=DIRECTION('',(0.,0.,1.));
#11322=DIRECTION('',(0.,1.,0.));
#11323=DIRECTION('',(0.,0.,1.));
#11324=DIRECTION('',(0.,1.,0.));
#11325=DIRECTION('',(0.,0.,1.));
#11326=DIRECTION('',(0.,1.,0.));
#11327=DIRECTION('',(-0.707106781186543,0.707106781186552,0.));
#11328=DIRECTION('',(0.,0.,-1.));
#11329=DIRECTION('',(0.,0.,1.));
#11330=DIRECTION('',(0.707106781186552,0.707106781186543,0.));
#11331=DIRECTION('',(0.707106781186543,-0.707106781186552,0.));
#11332=DIRECTION('',(0.,0.,1.));
#11333=DIRECTION('',(0.,0.,1.));
#11334=DIRECTION('',(-1.,0.,0.));
#11335=DIRECTION('',(0.,0.,-1.));
#11336=DIRECTION('',(0.,-0.999999999999999,0.));
#11337=DIRECTION('',(0.,0.,1.));
#11338=DIRECTION('',(0.707106781186545,-0.70710678118655,0.));
#11339=DIRECTION('',(-0.70710678118655,-0.707106781186545,0.));
#11340=DIRECTION('',(-0.707106781186545,0.70710678118655,0.));
#11341=DIRECTION('',(0.,0.,1.));
#11342=DIRECTION('',(0.,-1.,0.));
#11343=DIRECTION('',(0.,0.,1.));
#11344=DIRECTION('',(0.,-1.,0.));
#11345=DIRECTION('',(0.,0.,-1.));
#11346=DIRECTION('',(0.,-1.,0.));
#11347=DIRECTION('',(-0.707106781186545,-0.70710678118655,0.));
#11348=DIRECTION('',(0.,0.,1.));
#11349=DIRECTION('',(-1.,0.,0.));
#11350=DIRECTION('',(0.707106781186545,0.70710678118655,0.));
#11351=DIRECTION('',(0.,0.,1.));
#11352=DIRECTION('',(0.,-1.,0.));
#11353=DIRECTION('',(0.,0.,1.));
#11354=DIRECTION('',(0.,-1.,0.));
#11355=DIRECTION('',(0.,0.,-1.));
#11356=DIRECTION('',(0.,-1.,0.));
#11357=DIRECTION('',(0.,0.,-1.));
#11358=DIRECTION('',(0.,0.,1.));
#11359=DIRECTION('',(-0.70710678118655,0.707106781186545,0.));
#11360=DIRECTION('',(0.707106781186545,0.70710678118655,0.));
#11361=DIRECTION('',(0.,0.,1.));
#11362=DIRECTION('',(0.,0.,-1.));
#11363=DIRECTION('',(0.,-0.999999999999999,0.));
#11364=DIRECTION('',(0.,0.,1.));
#11365=DIRECTION('',(0.70710678118655,-0.707106781186545,0.));
#11366=DIRECTION('',(-0.707106781186545,-0.70710678118655,0.));
#11367=DIRECTION('',(-0.707106781186551,0.707106781186544,0.));
#11368=DIRECTION('',(0.,0.,1.));
#11369=DIRECTION('',(0.,1.,0.));
#11370=DIRECTION('',(0.,0.,1.));
#11371=DIRECTION('',(0.,1.,0.));
#11372=DIRECTION('',(0.707106781186549,-0.707106781186546,0.));
#11373=DIRECTION('',(0.,0.,1.));
#11374=DIRECTION('',(0.,-0.999999999999999,0.));
#11375=DIRECTION('',(0.,0.,1.));
#11376=DIRECTION('',(0.,1.,0.));
#11377=DIRECTION('',(0.,0.,1.));
#11378=DIRECTION('',(0.,0.,1.));
#11379=DIRECTION('',(0.707106781186544,0.707106781186551,0.));
#11380=DIRECTION('',(0.707106781186551,-0.707106781186544,0.));
#11381=DIRECTION('',(0.,0.,-1.));
#11382=DIRECTION('',(0.,0.,1.));
#11383=DIRECTION('',(-0.707106781186545,-0.707106781186549,0.));
#11384=DIRECTION('',(-0.707106781186549,0.707106781186545,0.));
#11385=DIRECTION('',(0.,0.,-1.));
#11386=DIRECTION('',(0.,-0.999999999999999,0.));
#11387=DIRECTION('',(-0.707106781186545,-0.70710678118655,0.));
#11388=DIRECTION('',(0.,0.,1.));
#11389=DIRECTION('',(0.,1.,0.));
#11390=DIRECTION('',(0.,0.,1.));
#11391=DIRECTION('',(0.,1.,0.));
#11392=DIRECTION('',(0.707106781186545,0.70710678118655,0.));
#11393=DIRECTION('',(0.,0.,1.));
#11394=DIRECTION('',(1.,0.,0.));
#11395=DIRECTION('',(0.,0.,1.));
#11396=DIRECTION('',(0.,1.,0.));
#11397=DIRECTION('',(0.,0.,1.));
#11398=DIRECTION('',(0.,0.,1.));
#11399=DIRECTION('',(-0.70710678118655,0.707106781186545,0.));
#11400=DIRECTION('',(0.707106781186545,0.70710678118655,0.));
#11401=DIRECTION('',(0.,0.,-1.));
#11402=DIRECTION('',(0.,0.,1.));
#11403=DIRECTION('',(0.70710678118655,-0.707106781186545,0.));
#11404=DIRECTION('',(-0.707106781186545,-0.70710678118655,0.));
#11405=DIRECTION('',(0.,0.,-1.));
#11406=DIRECTION('',(0.,-1.,0.));
#11407=DIRECTION('',(0.,0.,1.));
#11408=DIRECTION('',(-0.707106781186551,-0.707106781186544,0.));
#11409=DIRECTION('',(0.,0.,1.));
#11410=DIRECTION('',(-0.707106781186544,0.707106781186551,0.));
#11411=DIRECTION('',(0.707106781186551,0.707106781186544,0.));
#11412=DIRECTION('',(0.707106781186551,0.707106781186544,0.));
#11413=DIRECTION('',(0.,0.,-1.));
#11414=DIRECTION('',(0.,0.,1.));
#11415=DIRECTION('',(0.707106781186544,-0.707106781186551,0.));
#11416=DIRECTION('',(-0.707106781186551,-0.707106781186544,0.));
#11417=DIRECTION('',(0.,0.,1.));
#11418=DIRECTION('',(0.,0.999999999999999,0.));
#11419=DIRECTION('',(0.,0.,-1.));
#11420=DIRECTION('',(0.,-0.999999999999999,0.));
#11421=DIRECTION('',(0.,0.,1.));
#11422=DIRECTION('',(0.,1.,0.));
#11423=DIRECTION('',(0.,0.,1.));
#11424=DIRECTION('',(0.,1.,0.));
#11425=DIRECTION('',(0.,0.,1.));
#11426=DIRECTION('',(0.,1.,0.));
#11427=DIRECTION('',(0.,0.,1.));
#11428=DIRECTION('',(0.,1.,0.));
#11429=DIRECTION('',(0.,0.,1.));
#11430=DIRECTION('',(0.,1.,0.));
#11431=DIRECTION('',(0.,0.,1.));
#11432=DIRECTION('',(0.,1.,0.));
#11433=DIRECTION('',(0.,0.,1.));
#11434=DIRECTION('',(0.,1.,0.));
#11435=DIRECTION('',(0.,0.,1.));
#11436=DIRECTION('',(0.,1.,0.));
#11437=DIRECTION('',(0.,0.,1.));
#11438=DIRECTION('',(0.,1.,0.));
#11439=DIRECTION('',(0.,0.,1.));
#11440=DIRECTION('',(0.,1.,0.));
#11441=DIRECTION('',(0.,0.,1.));
#11442=DIRECTION('',(0.,1.,0.));
#11443=DIRECTION('',(0.,0.,1.));
#11444=DIRECTION('',(0.,1.,0.));
#11445=DIRECTION('',(0.,0.,1.));
#11446=DIRECTION('',(0.,1.,0.));
#11447=DIRECTION('',(0.,0.,1.));
#11448=DIRECTION('',(0.,1.,0.));
#11449=DIRECTION('',(0.,0.,1.));
#11450=DIRECTION('',(0.,1.,0.));
#11451=DIRECTION('',(0.,0.,1.));
#11452=DIRECTION('',(0.,1.,0.));
#11453=DIRECTION('',(0.,0.,1.));
#11454=DIRECTION('',(0.,1.,0.));
#11455=DIRECTION('',(0.,0.,1.));
#11456=DIRECTION('',(0.,1.,0.));
#11457=DIRECTION('',(0.,0.,1.));
#11458=DIRECTION('',(0.,1.,0.));
#11459=DIRECTION('',(-1.,-2.04085114820801E-16,0.));
#11460=DIRECTION('',(0.,0.,1.));
#11461=DIRECTION('',(2.04085114820801E-16,-1.,0.));
#11462=DIRECTION('',(-1.,-2.03830008427275E-16,0.));
#11463=DIRECTION('',(1.,1.70070929017334E-16,0.));
#11464=DIRECTION('',(0.,0.,1.));
#11465=DIRECTION('',(-1.70070929017334E-16,1.,0.));
#11466=DIRECTION('',(1.,1.70002900645727E-16,0.));
#11467=DIRECTION('',(0.,0.,1.));
#11468=DIRECTION('',(0.,1.,0.));
#11469=DIRECTION('',(0.,0.,-1.));
#11470=DIRECTION('',(-1.22464679914735E-16,-1.,0.));
#11471=DIRECTION('',(0.,0.,1.));
#11472=DIRECTION('',(0.,1.,0.));
#11473=DIRECTION('',(0.,0.,1.));
#11474=DIRECTION('',(0.,1.,0.));
#11475=DIRECTION('',(0.,0.,1.));
#11476=DIRECTION('',(0.,1.,0.));
#11477=DIRECTION('',(0.,0.,-1.));
#11478=DIRECTION('',(0.,-1.,0.));
#11479=DIRECTION('',(0.,0.,1.));
#11480=DIRECTION('',(0.,1.,0.));
#11481=DIRECTION('',(0.,0.,1.));
#11482=DIRECTION('',(0.,1.,0.));
#11483=DIRECTION('',(0.,0.,1.));
#11484=DIRECTION('',(0.,1.,0.));
#11485=DIRECTION('',(0.,0.,1.));
#11486=DIRECTION('',(0.,-1.,0.));
#11487=DIRECTION('',(0.,0.,1.));
#11488=DIRECTION('',(0.,1.,0.));
#11489=DIRECTION('',(0.,0.,-1.));
#11490=DIRECTION('',(0.,-1.,0.));
#11491=DIRECTION('',(-1.,-4.03424064180644E-16,0.));
#11492=DIRECTION('',(-4.33680868994202E-16,1.,0.));
#11493=DIRECTION('',(0.,0.,-1.));
#11494=DIRECTION('',(-1.,-4.03424064180644E-16,0.));
#11495=DIRECTION('',(-4.03323208164608E-16,1.,0.));
#11496=DIRECTION('',(0.,0.,-1.));
#11497=DIRECTION('',(3.71726459137751E-16,-1.,0.));
#11498=DIRECTION('',(-1.,-3.71664504728031E-16,0.));
#11499=DIRECTION('',(1.,4.03424064180652E-16,0.));
#11500=DIRECTION('',(0.,-1.,0.));
#11501=DIRECTION('',(1.,4.03424064180652E-16,0.));
#11502=DIRECTION('',(4.04190569902596E-16,-1.,0.));
#11503=DIRECTION('',(0.,0.,-1.));
#11504=DIRECTION('',(-1.,3.63081657762604E-15,0.));
#11505=DIRECTION('',(3.46944695195361E-15,1.,0.));
#11506=DIRECTION('',(-1.,3.63081657762604E-15,0.));
#11507=DIRECTION('',(3.63077623521946E-15,1.,0.));
#11508=DIRECTION('',(0.,0.,-1.));
#11509=DIRECTION('',(-5.36938218754529E-16,1.,0.));
#11510=DIRECTION('',(1.,5.36896915814822E-16,0.));
#11511=DIRECTION('',(1.,-2.4205443850839E-15,0.));
#11512=DIRECTION('',(-2.60208521396521E-15,-1.,0.));
#11513=DIRECTION('',(1.,-2.4205443850839E-15,0.));
#11514=DIRECTION('',(-2.42080661072563E-15,-1.,0.));
#11515=DIRECTION('',(0.,0.,-1.));
#11516=DIRECTION('',(-1.,-4.0342406418065E-16,0.));
#11517=DIRECTION('',(-4.33680868994202E-16,1.,0.));
#11518=DIRECTION('',(-1.,-4.0342406418065E-16,0.));
#11519=DIRECTION('',(-4.03323208164608E-16,1.,0.));
#11520=DIRECTION('',(0.,0.,-1.));
#11521=DIRECTION('',(7.10410566352145E-15,1.,0.));
#11522=DIRECTION('',(1.,-7.10412631499402E-15,0.));
#11523=DIRECTION('',(1.,-6.45478502689043E-15,0.));
#11524=DIRECTION('',(-6.07153216591882E-15,-1.,0.));
#11525=DIRECTION('',(1.,-6.45478502689043E-15,0.));
#11526=DIRECTION('',(-6.4549060541097E-15,-1.,0.));
#11527=DIRECTION('',(-1.,3.22739251344537E-15,0.));
#11528=DIRECTION('',(3.46944695195361E-15,1.,0.));
#11529=DIRECTION('',(0.,0.,-1.));
#11530=DIRECTION('',(-1.,3.22739251344537E-15,0.));
#11531=DIRECTION('',(3.22658566531686E-15,1.,0.));
#11532=DIRECTION('',(0.,0.,-1.));
#11533=DIRECTION('',(4.95635278850334E-16,-1.,0.));
#11534=DIRECTION('',(-1.,-4.95697233260373E-16,0.));
#11535=DIRECTION('',(1.,-3.42910454553553E-15,0.));
#11536=DIRECTION('',(-3.46944695195361E-15,-1.,0.));
#11537=DIRECTION('',(1.,-3.42910454553553E-15,0.));
#11538=DIRECTION('',(-3.42868095026816E-15,-1.,0.));
#11539=DIRECTION('',(0.,0.,1.));
#11540=DIRECTION('',(0.,1.,-8.31212646337777E-17));
#11541=DIRECTION('',(0.,0.,1.));
#11542=DIRECTION('',(0.,1.,-2.77209244600539E-17));
#11543=DIRECTION('',(0.,0.,1.));
#11544=DIRECTION('',(0.,1.,-2.77209244600539E-17));
#11545=DIRECTION('',(1.,0.,0.));
#11546=DIRECTION('',(0.,0.,0.999999999999999));
#11547=DIRECTION('',(-1.,0.,0.));
#11548=DIRECTION('',(0.,1.,0.));
#11549=DIRECTION('',(1.,0.,0.));
#11550=DIRECTION('',(0.,0.,0.999999999999999));
#11551=DIRECTION('',(1.,0.,0.));
#11552=DIRECTION('',(0.,0.,1.));
#11553=DIRECTION('',(1.,0.,0.));
#11554=DIRECTION('',(0.,0.,1.));
#11555=DIRECTION('',(1.,0.,0.));
#11556=DIRECTION('',(0.,-0.999999999999999,0.));
#11557=DIRECTION('',(1.,0.,0.));
#11558=DIRECTION('',(0.,0.,1.));
#11559=DIRECTION('',(-1.,0.,0.));
#11560=DIRECTION('',(0.,0.,-1.));
#11561=DIRECTION('',(1.,0.,0.));
#11562=DIRECTION('',(0.,0.,1.));
#11563=DIRECTION('',(1.,0.,0.));
#11564=DIRECTION('',(0.,-1.,0.));
#11565=DIRECTION('',(1.,0.,0.));
#11566=DIRECTION('',(0.,0.,1.));
#11567=DIRECTION('',(-1.,0.,0.));
#11568=DIRECTION('',(0.,0.,-1.));
#11569=DIRECTION('',(1.,0.,0.));
#11570=DIRECTION('',(0.,0.,1.));
#11571=DIRECTION('',(-1.,0.,0.));
#11572=DIRECTION('',(0.,1.,-3.46944695195361E-16));
#11573=DIRECTION('',(1.,0.,0.));
#11574=DIRECTION('',(0.,0.,1.));
#11575=DIRECTION('',(1.,0.,0.));
#11576=DIRECTION('',(0.,0.,1.));
#11577=DIRECTION('',(1.,0.,0.));
#11578=DIRECTION('',(0.,0.,1.));
#11579=DIRECTION('',(-1.,0.,0.));
#11580=DIRECTION('',(0.,0.999999999999999,-3.46944695195361E-16));
#11581=DIRECTION('',(1.,0.,0.));
#11582=DIRECTION('',(0.,0.,1.));
#11583=DIRECTION('',(1.,0.,0.));
#11584=DIRECTION('',(0.,0.,1.));
#11585=DIRECTION('',(1.,0.,0.));
#11586=DIRECTION('',(8.31212646337777E-17,0.,1.));
#11587=DIRECTION('',(1.,0.,0.));
#11588=DIRECTION('',(-8.31627733801614E-17,0.,1.));
#11589=DIRECTION('',(1.,0.,0.));
#11590=DIRECTION('',(-8.31627733801614E-17,0.,1.));
#11591=DIRECTION('',(1.,0.,0.));
#11592=DIRECTION('',(-8.31627733801616E-17,0.,1.));
#11593=DIRECTION('',(1.,0.,0.));
#11594=DIRECTION('',(8.31212646337775E-17,0.,1.));
#11595=DIRECTION('',(1.,0.,0.));
#11596=DIRECTION('',(0.,0.,-1.));
#11597=DIRECTION('',(-1.,0.,0.));
#11598=DIRECTION('',(0.,1.,0.));
#11599=DIRECTION('',(-1.,0.,0.));
#11600=DIRECTION('',(0.,0.,-1.));
#11601=DIRECTION('',(1.,0.,0.));
#11602=DIRECTION('',(0.,0.,1.));
#11603=DIRECTION('',(1.,0.,0.));
#11604=DIRECTION('',(0.,0.,-1.));
#11605=DIRECTION('',(1.,0.,0.));
#11606=DIRECTION('',(0.,-0.999999999999999,0.));
#11607=DIRECTION('',(-1.,0.,0.));
#11608=DIRECTION('',(0.,0.,-1.));
#11609=DIRECTION('',(-1.,0.,0.));
#11610=DIRECTION('',(0.,0.,-1.));
#11611=DIRECTION('',(1.,0.,0.));
#11612=DIRECTION('',(0.,0.,-1.));
#11613=DIRECTION('',(1.,0.,0.));
#11614=DIRECTION('',(0.,-1.,0.));
#11615=DIRECTION('',(-1.,0.,0.));
#11616=DIRECTION('',(0.,0.,-1.));
#11617=DIRECTION('',(-1.,0.,0.));
#11618=DIRECTION('',(0.,0.,-1.));
#11619=DIRECTION('',(1.,0.,0.));
#11620=DIRECTION('',(0.,0.,-1.));
#11621=DIRECTION('',(-1.,0.,0.));
#11622=DIRECTION('',(0.,1.,-3.46944695195361E-16));
#11623=DIRECTION('',(-1.,0.,0.));
#11624=DIRECTION('',(0.,0.,-1.));
#11625=DIRECTION('',(1.,0.,0.));
#11626=DIRECTION('',(0.,0.,1.));
#11627=DIRECTION('',(1.,0.,0.));
#11628=DIRECTION('',(0.,0.,-1.));
#11629=DIRECTION('',(-1.,0.,0.));
#11630=DIRECTION('',(0.,0.999999999999999,-3.46944695195361E-16));
#11631=DIRECTION('',(-1.,0.,0.));
#11632=DIRECTION('',(0.,0.,-1.));
#11633=DIRECTION('',(1.,0.,0.));
#11634=DIRECTION('',(0.,0.,1.));
#11635=DIRECTION('',(-1.,0.,0.));
#11636=DIRECTION('',(1.03953466725202E-16,0.,-1.));
#11637=DIRECTION('',(-1.,0.,0.));
#11638=DIRECTION('',(-6.23409484753333E-17,0.,-1.));
#11639=DIRECTION('',(-1.,0.,0.));
#11640=DIRECTION('',(-6.23409484753331E-17,0.,-1.));
#11641=DIRECTION('',(-1.,0.,0.));
#11642=DIRECTION('',(-6.23409484753333E-17,0.,-1.));
#11643=DIRECTION('',(-1.,0.,0.));
#11644=DIRECTION('',(1.03953466725202E-16,0.,-1.));
#11645=DIRECTION('',(1.,2.04085114820801E-16,0.));
#11646=DIRECTION('',(0.,-1.,0.));
#11647=DIRECTION('',(-1.,-1.70070929017334E-16,0.));
#11648=DIRECTION('',(0.,1.,0.));
#11649=DIRECTION('',(1.,2.04085114820801E-16,0.));
#11650=DIRECTION('',(0.,-1.,0.));
#11651=DIRECTION('',(1.,2.04085114820801E-16,0.));
#11652=DIRECTION('',(0.,-1.,0.));
#11653=DIRECTION('',(-1.,-1.70070929017334E-16,0.));
#11654=DIRECTION('',(0.,1.,0.));
#11655=DIRECTION('',(-1.,-1.70070929017334E-16,0.));
#11656=DIRECTION('',(0.,1.,0.));
#11657=DIRECTION('',(0.,0.,1.));
#11658=DIRECTION('',(0.,0.,-1.));
#11659=DIRECTION('',(-3.75611165908729E-15,1.,0.));
#11660=DIRECTION('',(1.,3.75394160201381E-15,0.));
#11661=DIRECTION('',(0.,0.,-1.));
#11662=DIRECTION('',(0.,0.,1.));
#11663=DIRECTION('',(-3.75611165908729E-15,-1.,0.));
#11664=DIRECTION('',(-1.,3.75394160201381E-15,0.));
#11665=DIRECTION('',(0.,0.,1.));
#11666=DIRECTION('',(0.,0.,-1.));
#11667=DIRECTION('',(1.,-1.2421191130388E-16,0.));
#11668=DIRECTION('',(-1.2490009027033E-16,-1.,0.));
#11669=DIRECTION('',(0.,0.,-1.));
#11670=DIRECTION('',(-3.75856753128308E-15,-1.,0.));
#11671=DIRECTION('',(-1.,3.75914577244174E-15,0.));
#11672=DIRECTION('',(0.,0.,1.));
#11673=DIRECTION('',(-3.75856753128308E-15,1.,0.));
#11674=DIRECTION('',(1.,3.75914577244174E-15,0.));
#11675=DIRECTION('',(0.,0.,1.));
#11676=DIRECTION('',(0.,0.,-1.));
#11677=DIRECTION('',(1.,1.2421191130388E-16,0.));
#11678=DIRECTION('',(1.2490009027033E-16,-1.,0.));
#11679=DIRECTION('',(0.,0.,-1.));
#11680=DIRECTION('',(0.,-1.,0.));
#11681=DIRECTION('',(0.,0.,-1.));
#11682=DIRECTION('',(0.,-1.,0.));
#11683=DIRECTION('',(0.,0.,-1.));
#11684=DIRECTION('',(0.,-0.999999999999999,0.));
#11685=DIRECTION('',(0.,0.,-1.));
#11686=DIRECTION('',(0.,-1.,0.));
#11687=DIRECTION('',(0.,0.,-1.));
#11688=DIRECTION('',(0.,-1.,0.));
#11689=DIRECTION('',(0.,0.,-1.));
#11690=DIRECTION('',(0.,-1.,0.));
#11691=DIRECTION('',(0.,0.,-1.));
#11692=DIRECTION('',(0.,-0.999999999999999,0.));
#11693=DIRECTION('',(0.,0.,-1.));
#11694=DIRECTION('',(0.,-0.999999999999999,0.));
#11695=DIRECTION('',(0.,-9.60769925156228E-16,1.));
#11696=DIRECTION('',(-1.,0.,0.));
#11697=DIRECTION('',(0.,-9.60769925156228E-16,1.));
#11698=DIRECTION('',(1.,0.,0.));
#11699=DIRECTION('',(0.,1.,9.60769925156228E-16));
#11700=DIRECTION('',(0.,9.57567358739198E-16,-1.));
#11701=DIRECTION('',(1.,0.,0.));
#11702=DIRECTION('',(0.,0.,1.));
#11703=DIRECTION('',(1.,0.,0.));
#11704=DIRECTION('',(0.,0.,1.));
#11705=DIRECTION('',(1.,0.,0.));
#11706=DIRECTION('',(0.,0.,1.));
#11707=DIRECTION('',(1.,0.,0.));
#11708=DIRECTION('',(0.,0.,1.));
#11709=DIRECTION('',(-1.,0.,0.));
#11710=DIRECTION('',(0.,0.,1.));
#11711=DIRECTION('',(0.,-1.,1.06752213906265E-16));
#11712=DIRECTION('',(1.,0.,0.));
#11713=DIRECTION('',(0.,0.,1.));
#11714=DIRECTION('',(1.,0.,0.));
#11715=DIRECTION('',(0.,0.,1.));
#11716=DIRECTION('',(0.,1.,-2.31296463464048E-15));
#11717=DIRECTION('',(1.,0.,0.));
#11718=DIRECTION('',(0.,0.,1.));
#11719=DIRECTION('',(1.,0.,0.));
#11720=DIRECTION('',(0.,0.,1.));
#11721=DIRECTION('',(0.,-1.98254111540205E-15,-1.));
#11722=DIRECTION('',(1.,0.,0.));
#11723=DIRECTION('',(0.,0.,1.));
#11724=DIRECTION('',(1.,0.,0.));
#11725=DIRECTION('',(0.,0.,0.999999999999999));
#11726=DIRECTION('',(0.,1.,-2.52323414687888E-15));
#11727=DIRECTION('',(-1.,0.,0.));
#11728=DIRECTION('',(0.,0.,-1.));
#11729=DIRECTION('',(0.,1.,-1.06752213906249E-16));
#11730=DIRECTION('',(1.,0.,0.));
#11731=DIRECTION('',(0.,0.,-1.));
#11732=DIRECTION('',(0.,1.,-2.52323414687893E-15));
#11733=DIRECTION('',(1.,0.,0.));
#11734=DIRECTION('',(0.,0.,1.));
#11735=DIRECTION('',(1.,0.,0.));
#11736=DIRECTION('',(0.,0.,1.));
#11737=DIRECTION('',(0.,1.98254111540205E-15,1.));
#11738=DIRECTION('',(1.,0.,0.));
#11739=DIRECTION('',(0.,0.,1.));
#11740=DIRECTION('',(1.,0.,0.));
#11741=DIRECTION('',(0.,0.,1.));
#11742=DIRECTION('',(0.,1.,-2.19731640290853E-15));
#11743=DIRECTION('',(1.,0.,0.));
#11744=DIRECTION('',(0.,0.,1.));
#11745=DIRECTION('',(0.,1.06752213906248E-15,-1.));
#11746=DIRECTION('',(-1.,0.,0.));
#11747=DIRECTION('',(0.,0.,1.));
#11748=DIRECTION('',(0.,-1.,1.06752213906265E-16));
#11749=DIRECTION('',(-1.,0.,0.));
#11750=DIRECTION('',(1.,0.,0.));
#11751=DIRECTION('',(0.,1.06752213906265E-16,1.));
#11752=DIRECTION('',(0.,1.,-1.07552855510562E-16));
#11753=DIRECTION('',(0.,1.,-1.06752213906249E-16));
#11754=DIRECTION('',(1.,0.,0.));
#11755=DIRECTION('',(1.,0.,0.));
#11756=DIRECTION('',(0.,-1.06752213906249E-16,-1.));
#11757=DIRECTION('',(0.,-1.,1.04083408558608E-16));
#11758=DIRECTION('',(1.,0.,0.));
#11759=DIRECTION('',(0.,1.06752213906248E-15,-1.));
#11760=DIRECTION('',(-1.,0.,0.));
#11761=DIRECTION('',(0.,-1.,-1.06752213906248E-15));
#11762=DIRECTION('',(0.,-1.06858966120171E-15,1.));
#11763=DIRECTION('',(-1.,0.,0.));
#11764=DIRECTION('',(0.,-0.999999999999999,0.));
#11765=DIRECTION('',(-1.,0.,0.));
#11766=DIRECTION('',(0.,-0.999999999999999,0.));
#11767=DIRECTION('',(-1.,0.,0.));
#11768=DIRECTION('',(0.,-0.999999999999999,0.));
#11769=DIRECTION('',(-1.,0.,0.));
#11770=DIRECTION('',(0.,-0.999999999999999,0.));
#11771=DIRECTION('',(-1.,0.,0.));
#11772=DIRECTION('',(0.,0.,1.));
#11773=DIRECTION('',(0.,1.,-2.19731640290853E-15));
#11774=DIRECTION('',(1.,0.,0.));
#11775=DIRECTION('',(0.,0.999999999999999,0.));
#11776=DIRECTION('',(-1.,0.,0.));
#11777=DIRECTION('',(0.,0.,1.));
#11778=DIRECTION('',(-1.42108547152013E-15,1.98254111540205E-15,1.));
#11779=DIRECTION('',(-1.,0.,0.));
#11780=DIRECTION('',(0.,0.,1.));
#11781=DIRECTION('',(1.,0.,0.));
#11782=DIRECTION('',(0.,1.,0.));
#11783=DIRECTION('',(1.,0.,0.));
#11784=DIRECTION('',(0.,0.999999999999999,0.));
#11785=DIRECTION('',(-1.,0.,0.));
#11786=DIRECTION('',(0.,0.,1.));
#11787=DIRECTION('',(1.42108547152019E-15,-1.98254111540205E-15,-1.));
#11788=DIRECTION('',(-1.,0.,0.));
#11789=DIRECTION('',(0.,0.,1.));
#11790=DIRECTION('',(1.,0.,0.));
#11791=DIRECTION('',(0.,0.999999999999999,0.));
#11792=DIRECTION('',(0.,1.,-2.31296463464048E-15));
#11793=DIRECTION('',(-1.,0.,0.));
#11794=DIRECTION('',(0.,0.,1.));
#11795=DIRECTION('',(1.,0.,0.));
#11796=DIRECTION('',(0.,0.,1.));
#11797=DIRECTION('',(1.,0.,0.));
#11798=DIRECTION('',(0.,0.,1.));
#11799=DIRECTION('',(1.,0.,0.));
#11800=DIRECTION('',(0.,0.,1.));
#11801=DIRECTION('',(1.,0.,0.));
#11802=DIRECTION('',(0.,0.,1.));
#11803=DIRECTION('',(1.,0.,0.));
#11804=DIRECTION('',(0.,0.,1.));
#11805=DIRECTION('',(1.,0.,0.));
#11806=DIRECTION('',(0.,0.,1.));
#11807=DIRECTION('',(-1.,0.,0.));
#11808=DIRECTION('',(0.,0.,1.));
#11809=DIRECTION('',(1.,0.,0.));
#11810=DIRECTION('',(0.,0.,-1.));
#11811=DIRECTION('',(1.,0.,0.));
#11812=DIRECTION('',(0.,0.,-1.));
#11813=DIRECTION('',(1.,0.,0.));
#11814=DIRECTION('',(0.,0.,-1.));
#11815=DIRECTION('',(-1.,0.,0.));
#11816=DIRECTION('',(0.,0.,-1.));
#11817=DIRECTION('',(1.,0.,0.));
#11818=DIRECTION('',(0.,0.,-1.));
#11819=DIRECTION('',(1.,0.,0.));
#11820=DIRECTION('',(0.,0.,-1.));
#11821=DIRECTION('',(1.,0.,0.));
#11822=DIRECTION('',(0.,0.,-1.));
#11823=DIRECTION('',(1.,0.,0.));
#11824=DIRECTION('',(0.,0.,-0.999999999999998));
#11825=DIRECTION('',(-1.,0.,0.));
#11826=DIRECTION('',(0.,0.,-0.999999999999999));
#11827=DIRECTION('',(1.,0.,0.));
#11828=DIRECTION('',(0.,0.,-1.));
#11829=DIRECTION('',(1.,0.,0.));
#11830=DIRECTION('',(0.,0.,1.));
#11831=DIRECTION('',(1.,0.,0.));
#11832=DIRECTION('',(0.,0.,-1.));
#11833=DIRECTION('',(-1.,0.,0.));
#11834=DIRECTION('',(0.,0.,1.));
#11835=DIRECTION('',(1.,0.,0.));
#11836=DIRECTION('',(0.,0.,1.));
#11837=DIRECTION('',(-1.,0.,0.));
#11838=DIRECTION('',(0.,0.,1.));
#11839=DIRECTION('',(1.,0.,0.));
#11840=DIRECTION('',(0.,0.,1.));
#11841=DIRECTION('',(1.,0.,0.));
#11842=DIRECTION('',(0.,0.,-1.));
#11843=DIRECTION('',(-1.,0.,0.));
#11844=DIRECTION('',(0.,0.,1.));
#11845=DIRECTION('',(1.,0.,0.));
#11846=DIRECTION('',(0.,0.,1.));
#11847=DIRECTION('',(-1.,0.,0.));
#11848=DIRECTION('',(0.,0.,1.));
#11849=DIRECTION('',(-1.,0.,0.));
#11850=DIRECTION('',(0.,0.,1.));
#11851=DIRECTION('',(-1.,0.,0.));
#11852=DIRECTION('',(0.,0.,1.));
#11853=DIRECTION('',(-1.,0.,0.));
#11854=DIRECTION('',(0.,0.,1.));
#11855=DIRECTION('',(-1.,0.,0.));
#11856=DIRECTION('',(0.,0.,1.));
#11857=DIRECTION('',(-1.,0.,0.));
#11858=DIRECTION('',(0.,0.,-1.));
#11859=DIRECTION('',(-1.,0.,0.));
#11860=DIRECTION('',(0.,0.,1.));
#11861=DIRECTION('',(-1.,0.,0.));
#11862=DIRECTION('',(0.,0.,-1.));
#11863=DIRECTION('',(-1.,0.,0.));
#11864=DIRECTION('',(0.,0.,1.));
#11865=DIRECTION('',(-1.,0.,0.));
#11866=DIRECTION('',(5.54418489201087E-17,0.,1.));
#11867=DIRECTION('',(1.,0.,0.));
#11868=DIRECTION('',(5.53175398418114E-17,0.,-1.));
#11869=DIRECTION('',(1.,0.,0.));
#11870=DIRECTION('',(0.,0.,-1.));
#11871=DIRECTION('',(-1.,0.,0.));
#11872=DIRECTION('',(5.54418489201091E-17,0.,1.));
#11873=DIRECTION('',(-1.,0.,0.));
#11874=DIRECTION('',(5.54418489201087E-17,0.,1.));
#11875=DIRECTION('',(1.,0.,0.));
#11876=DIRECTION('',(5.53175398418118E-17,0.,-1.));
#11877=DIRECTION('',(1.,0.,0.));
#11878=DIRECTION('',(0.,0.,-1.));
#11879=DIRECTION('',(-1.,0.,0.));
#11880=DIRECTION('',(5.54418489201091E-17,0.,1.));
#11881=DIRECTION('',(1.,0.,0.));
#11882=DIRECTION('',(1.,0.,0.));
#11883=DIRECTION('',(0.,0.,-0.999999999999999));
#11884=DIRECTION('',(1.,0.,0.));
#11885=DIRECTION('',(1.,0.,0.));
#11886=DIRECTION('',(0.,-2.31296463464048E-15,-1.));
#11887=DIRECTION('',(0.,-1.,2.31282007434608E-15));
#11888=DIRECTION('',(-1.,0.,0.));
#11889=DIRECTION('',(1.,0.,0.));
#11890=DIRECTION('',(0.,-1.,1.98254111540205E-15));
#11891=DIRECTION('',(0.,1.98452365651747E-15,1.));
#11892=DIRECTION('',(-1.,0.,0.));
#11893=DIRECTION('',(1.,0.,0.));
#11894=DIRECTION('',(0.,0.,-1.));
#11895=DIRECTION('',(1.,0.,0.));
#11896=DIRECTION('',(1.,0.,0.));
#11897=DIRECTION('',(1.,0.,0.));
#11898=DIRECTION('',(0.,0.,-1.));
#11899=DIRECTION('',(-1.,0.,0.));
#11900=DIRECTION('',(1.,0.,0.));
#11901=DIRECTION('',(0.,1.,-1.98254111540205E-15));
#11902=DIRECTION('',(0.,-1.98452365651747E-15,-1.));
#11903=DIRECTION('',(-1.,0.,0.));
#11904=DIRECTION('',(1.,0.,0.));
#11905=DIRECTION('',(0.,0.,-1.));
#11906=DIRECTION('',(-1.,0.,0.));
#11907=DIRECTION('',(0.,-2.19731640290853E-15,-1.));
#11908=DIRECTION('',(0.,-1.,2.19746096319362E-15));
#11909=DIRECTION('',(1.,0.,0.));
#11910=DIRECTION('',(0.,0.,-1.));
#11911=DIRECTION('',(1.,0.,0.));
#11912=DIRECTION('',(0.,0.,-1.));
#11913=DIRECTION('',(1.,0.,0.));
#11914=DIRECTION('',(0.,0.,-1.));
#11915=DIRECTION('',(1.,0.,0.));
#11916=DIRECTION('',(0.,0.,-1.));
#11917=DIRECTION('',(1.,0.,0.));
#11918=DIRECTION('',(0.,0.,-1.));
#11919=DIRECTION('',(1.,0.,0.));
#11920=DIRECTION('',(0.,0.,-1.));
#11921=DIRECTION('',(-1.,0.,0.));
#11922=DIRECTION('',(0.,0.,0.999999999999999));
#11923=DIRECTION('',(-1.,0.,0.));
#11924=DIRECTION('',(0.,0.,0.999999999999999));
#11925=DIRECTION('',(-1.,0.,0.));
#11926=DIRECTION('',(0.,0.,1.));
#11927=DIRECTION('',(-1.,0.,0.));
#11928=DIRECTION('',(0.,0.,1.));
#11929=DIRECTION('',(-1.,0.,0.));
#11930=DIRECTION('',(0.,0.,1.));
#11931=DIRECTION('',(-1.,0.,0.));
#11932=DIRECTION('',(0.,0.,1.));
#11933=DIRECTION('',(-1.,0.,0.));
#11934=DIRECTION('',(0.,0.,0.999999999999999));
#11935=DIRECTION('',(-1.,0.,0.));
#11936=DIRECTION('',(0.,0.,0.999999999999999));
#11937=DIRECTION('',(-1.,0.,0.));
#11938=DIRECTION('',(0.,0.,1.));
#11939=DIRECTION('',(-1.,0.,0.));
#11940=DIRECTION('',(0.,0.,1.));
#11941=DIRECTION('',(-1.,0.,0.));
#11942=DIRECTION('',(0.,0.,1.));
#11943=DIRECTION('',(-1.,0.,0.));
#11944=DIRECTION('',(0.,0.,1.));
#11945=DIRECTION('',(0.,1.,0.));
#11946=DIRECTION('',(0.,-1.,-9.57088814332266E-16));
#11947=DIRECTION('',(0.,1.01192202765314E-15,-1.));
#11948=DIRECTION('',(0.,-1.,0.));
#11949=DIRECTION('',(-7.30256117572425E-31,1.,9.13012355777267E-17));
#11950=DIRECTION('',(0.,0.,1.));
#11951=DIRECTION('',(0.,1.,0.));
#11952=DIRECTION('',(-1.,0.,0.));
#11953=DIRECTION('',(0.,1.,9.57088814332266E-16));
#11954=DIRECTION('',(0.,1.,9.57088814332266E-16));
#11955=DIRECTION('',(0.,9.75781955236954E-16,-1.));
#11956=DIRECTION('',(0.,-1.,-9.57088814332266E-16));
#11957=DIRECTION('',(7.30256117572425E-31,-1.,-9.13012355777267E-17));
#11958=DIRECTION('',(0.,0.,1.));
#11959=DIRECTION('',(0.,1.,9.57088814332266E-16));
#11960=DIRECTION('',(0.,8.67361737988404E-16,-1.));
#11961=DIRECTION('',(0.,1.,9.57088814332266E-16));
#11962=DIRECTION('',(0.,-9.57088814332266E-16,1.));
#11963=DIRECTION('',(-1.,0.,0.));
#11964=DIRECTION('',(0.,-1.,0.));
#11965=DIRECTION('',(0.,1.,1.15648231731787E-15));
#11966=DIRECTION('',(-1.,0.,0.));
#11967=DIRECTION('',(0.,-1.,0.));
#11968=DIRECTION('',(0.,9.57088814332266E-16,-1.));
#11969=DIRECTION('',(0.,-9.13012355777267E-17,1.));
#11970=DIRECTION('',(-1.,0.,0.));
#11971=DIRECTION('',(0.,-1.,0.));
#11972=DIRECTION('',(0.,1.,0.));
#11973=DIRECTION('',(1.,0.,0.));
#11974=DIRECTION('',(0.,-1.,0.));
#11975=DIRECTION('',(0.,1.55059081651558E-16,1.));
#11976=DIRECTION('',(0.,-1.,-9.57088814332265E-16));
#11977=DIRECTION('',(0.,-9.57088814332265E-16,1.));
#11978=DIRECTION('',(0.,-1.,-9.57088814332265E-16));
#11979=DIRECTION('',(0.,9.57088814332265E-16,-1.));
#11980=DIRECTION('',(0.,-1.,0.));
#11981=DIRECTION('',(0.,-7.75295408257707E-17,-1.));
#11982=DIRECTION('',(1.,0.,0.));
#11983=DIRECTION('',(0.,-1.,0.));
#11984=DIRECTION('',(0.,1.,-7.38180202543656E-17));
#11985=DIRECTION('',(-1.,0.,0.));
#11986=DIRECTION('',(0.,-1.,0.));
#11987=DIRECTION('',(0.,9.13012355777267E-17,-1.));
#11988=DIRECTION('',(1.,7.30256117572425E-31,0.));
#11989=DIRECTION('',(0.,1.,0.));
#11990=DIRECTION('',(0.,1.,1.69135538907739E-15));
#11991=DIRECTION('',(1.,7.30256117572425E-31,0.));
#11992=DIRECTION('',(0.,1.,0.));
#11993=DIRECTION('',(-1.,0.,0.));
#11994=DIRECTION('',(0.,1.,0.));
#11995=DIRECTION('',(0.,-3.06760850334644E-15,-1.));
#11996=DIRECTION('',(1.,7.30256117572425E-31,0.));
#11997=DIRECTION('',(0.,1.,0.));
#11998=DIRECTION('',(0.,-1.,-5.25673780599033E-16));
#11999=DIRECTION('',(1.,7.30256117572425E-31,0.));
#12000=DIRECTION('',(0.,1.,0.));
#12001=DIRECTION('',(0.,-8.0024569652516E-16,1.));
#12002=DIRECTION('',(-1.,0.,0.));
#12003=DIRECTION('',(0.,1.,0.));
#12004=DIRECTION('',(-1.,0.,0.));
#12005=DIRECTION('',(0.,-1.,0.));
#12006=DIRECTION('',(0.,-9.57088814332266E-16,1.));
#12007=DIRECTION('',(1.,0.,0.));
#12008=DIRECTION('',(0.,-1.,0.));
#12009=DIRECTION('',(0.,-1.,-1.15648231731787E-15));
#12010=DIRECTION('',(1.,0.,0.));
#12011=DIRECTION('',(0.,-1.,0.));
#12012=DIRECTION('',(0.,9.57088814332266E-16,-1.));
#12013=DIRECTION('',(0.,-1.,0.));
#12014=DIRECTION('',(0.,-9.13012355777267E-17,1.));
#12015=DIRECTION('',(1.,0.,0.));
#12016=DIRECTION('',(0.,-1.,0.));
#12017=DIRECTION('',(0.,-1.,7.38180202543656E-17));
#12018=DIRECTION('',(-1.,0.,0.));
#12019=DIRECTION('',(0.,-1.,0.));
#12020=DIRECTION('',(0.,7.75295408257707E-17,1.));
#12021=DIRECTION('',(1.,7.30256117572425E-31,0.));
#12022=DIRECTION('',(0.,1.,0.));
#12023=DIRECTION('',(0.,1.85037170770859E-15,1.));
#12024=DIRECTION('',(1.,7.30256117572425E-31,0.));
#12025=DIRECTION('',(0.,1.,0.));
#12026=DIRECTION('',(0.,7.75295408257707E-17,1.));
#12027=DIRECTION('',(0.,1.,9.57088814332265E-16));
#12028=DIRECTION('',(0.,-1.55059081651558E-16,-1.));
#12029=DIRECTION('',(-1.,0.,0.));
#12030=DIRECTION('',(0.,-1.,0.));
#12031=DIRECTION('',(0.,1.85037170770859E-15,-1.));
#12032=DIRECTION('',(-1.,0.,0.));
#12033=DIRECTION('',(0.,-1.,0.));
#12034=DIRECTION('',(0.,-1.55059081651558E-16,-1.));
#12035=DIRECTION('',(-1.,0.,0.));
#12036=DIRECTION('',(0.,-1.,0.));
#12037=DIRECTION('',(0.,-1.,0.));
#12038=DIRECTION('',(1.,0.,0.));
#12039=DIRECTION('',(0.,-1.,0.));
#12040=DIRECTION('',(0.,9.13012355777267E-17,-1.));
#12041=DIRECTION('',(1.,0.,0.));
#12042=DIRECTION('',(0.,-1.,0.));
#12043=DIRECTION('',(1.,0.,0.));
#12044=DIRECTION('',(0.,-1.,0.));
#12045=DIRECTION('',(1.,0.,0.));
#12046=DIRECTION('',(0.,-1.,0.));
#12047=DIRECTION('',(1.,0.,0.));
#12048=DIRECTION('',(0.,-1.,0.));
#12049=DIRECTION('',(1.,0.,0.));
#12050=DIRECTION('',(0.,-1.,0.));
#12051=DIRECTION('',(-1.,0.,0.));
#12052=DIRECTION('',(0.,-1.,0.));
#12053=DIRECTION('',(1.,7.30256117572425E-31,0.));
#12054=DIRECTION('',(0.,1.,0.));
#12055=DIRECTION('',(-1.,0.,0.));
#12056=DIRECTION('',(1.,7.30256117572425E-31,0.));
#12057=DIRECTION('',(0.,1.,0.));
#12058=DIRECTION('',(-1.,0.,0.));
#12059=DIRECTION('',(1.,0.,0.));
#12060=DIRECTION('',(0.,1.,0.));
#12061=DIRECTION('',(-1.,0.,0.));
#12062=DIRECTION('',(1.,7.30256117572425E-31,0.));
#12063=DIRECTION('',(0.,1.,0.));
#12064=DIRECTION('',(-1.,0.,0.));
#12065=DIRECTION('',(1.,7.30256117572425E-31,0.));
#12066=DIRECTION('',(0.,1.,0.));
#12067=DIRECTION('',(1.,0.,0.));
#12068=DIRECTION('',(0.,1.,0.));
#12069=DIRECTION('',(0.,-9.57088814332266E-16,1.));
#12070=DIRECTION('',(0.,-1.,-1.15648231731787E-15));
#12071=DIRECTION('',(1.,-2.66880534765662E-16,-2.55428374587229E-31));
#12072=DIRECTION('',(0.,-1.,-9.57088814332266E-16));
#12073=DIRECTION('',(-1.,-7.30256117572425E-31,-6.98919961726275E-46));
#12074=DIRECTION('',(0.,9.57088814332266E-16,-1.));
#12075=DIRECTION('',(0.,-1.,-1.73472347597681E-15));
#12076=DIRECTION('',(1.59872115546022E-15,1.,9.57088814332266E-16));
#12077=DIRECTION('',(0.,9.57088814332266E-16,-1.));
#12078=DIRECTION('',(0.,-1.,-1.73472347597681E-15));
#12079=DIRECTION('',(1.,7.30256117572425E-31,6.98919961726275E-46));
#12080=DIRECTION('',(-1.,0.,0.));
#12081=DIRECTION('',(0.,-9.57088814332266E-16,1.));
#12082=DIRECTION('',(0.,-1.,-1.15648231731787E-15));
#12083=DIRECTION('',(-1.73472347597681E-15,-1.,-9.57088814332266E-16));
#12084=DIRECTION('',(0.,9.57088814332266E-16,-1.));
#12085=DIRECTION('',(0.,-1.,-9.57567358739198E-16));
#12086=DIRECTION('',(0.,1.,-7.75295408257707E-17));
#12087=DIRECTION('',(0.,0.,1.));
#12088=DIRECTION('',(1.,0.,0.));
#12089=DIRECTION('',(0.,-9.57088814332265E-16,1.));
#12090=DIRECTION('',(-1.,0.,0.));
#12091=DIRECTION('',(0.,-1.,7.75295408257707E-17));
#12092=DIRECTION('',(0.,0.,1.));
#12093=DIRECTION('',(0.,-7.75295408257707E-17,-1.));
#12094=DIRECTION('',(0.,-7.75295408257707E-17,-1.));
#12095=DIRECTION('',(0.,-7.75295408257707E-17,-1.));
#12096=DIRECTION('',(1.,4.17931214758464E-63,5.39060608778356E-47));
#12097=DIRECTION('',(0.,7.75295408257707E-17,1.));
#12098=DIRECTION('',(0.,-1.,7.75295408257707E-17));
#12099=DIRECTION('',(0.,7.63278329429795E-17,1.));
#12100=DIRECTION('',(0.,-9.57088814332265E-16,1.));
#12101=DIRECTION('',(0.,-9.57088814332265E-16,1.));
#12102=DIRECTION('',(0.,1.,1.54197642309049E-15));
#12103=DIRECTION('',(0.,-9.57088814332265E-16,1.));
#12104=DIRECTION('',(0.,9.57088814332265E-16,-1.));
#12105=DIRECTION('',(0.,1.,1.54197642309049E-15));
#12106=DIRECTION('',(0.,-9.57088814332265E-16,1.));
#12107=DIRECTION('',(0.,1.,1.54197642309049E-15));
#12108=DIRECTION('',(0.,-9.57088814332265E-16,1.));
#12109=DIRECTION('',(-1.,0.,0.));
#12110=DIRECTION('',(0.,-1.,1.55059081651558E-16));
#12111=DIRECTION('',(0.,0.,-1.));
#12112=DIRECTION('',(0.,-1.55059081651558E-16,-1.));
#12113=DIRECTION('',(-1.,0.,0.));
#12114=DIRECTION('',(0.,1.55059081651558E-16,1.));
#12115=DIRECTION('',(0.,1.55059081651558E-16,1.));
#12116=DIRECTION('',(0.,1.55059081651558E-16,1.));
#12117=DIRECTION('',(0.,1.,-1.55059081651558E-16));
#12118=DIRECTION('',(0.,0.,-1.));
#12119=DIRECTION('',(1.,0.,0.));
#12120=DIRECTION('',(0.,1.,-1.55059081651558E-16));
#12121=DIRECTION('',(0.,-1.52655665885959E-16,-1.));
#12122=DIRECTION('',(0.,-9.57088814332265E-16,1.));
#12123=DIRECTION('',(0.,1.,0.));
#12124=DIRECTION('',(-1.,0.,0.));
#12125=DIRECTION('',(0.,-1.,-9.57088814332265E-16));
#12126=DIRECTION('',(1.,0.,0.));
#12127=DIRECTION('',(0.,-9.57088814332265E-16,1.));
#12128=DIRECTION('',(0.,1.,0.));
#12129=DIRECTION('',(0.,1.,9.57088814332265E-16));
#12130=DIRECTION('',(0.,9.57088814332265E-16,-1.));
#12131=DIRECTION('',(0.,1.,1.90106682298828E-15));
#12132=DIRECTION('',(-1.,-3.46944695195362E-15,-3.32056886963399E-30));
#12133=DIRECTION('',(0.,9.57088814332265E-16,-1.));
#12134=DIRECTION('',(0.,1.,1.26161707343768E-15));
#12135=DIRECTION('',(0.,1.,9.57088814332265E-16));
#12136=DIRECTION('',(0.,9.57088814332265E-16,-1.));
#12137=DIRECTION('',(0.,1.,1.26161707343768E-15));
#12138=DIRECTION('',(1.,-3.46944695195363E-15,-3.32056886963399E-30));
#12139=DIRECTION('',(0.,9.57088814332265E-16,-1.));
#12140=DIRECTION('',(0.,1.,1.90106682298829E-15));
#12141=DIRECTION('',(0.,1.,9.57088814332265E-16));
#12142=DIRECTION('',(0.,-9.57088814332265E-16,1.));
#12143=DIRECTION('',(0.,1.,9.57567358739198E-16));
#12144=DIRECTION('',(0.,9.57088814332265E-16,-1.));
#12145=DIRECTION('',(3.46944695195363E-15,1.,9.57088814332265E-16));
#12146=DIRECTION('',(1.,-3.46944695195361E-15,0.));
#12147=DIRECTION('',(1.,-3.46944695195363E-15,-3.32056886963399E-30));
#12148=DIRECTION('',(-1.,3.46944695195363E-15,3.32056886963399E-30));
#12149=DIRECTION('',(-3.46944695195363E-15,-1.,-9.57088814332265E-16));
#12150=DIRECTION('',(1.,-3.46944695195361E-15,0.));
#12151=DIRECTION('',(0.,-9.57088814332265E-16,1.));
#12152=DIRECTION('',(0.,-0.999999999999999,0.));
#12153=DIRECTION('',(0.,9.57088814332265E-16,-1.));
#12154=DIRECTION('',(0.,1.,0.));
#12155=DIRECTION('',(-1.,3.46944695195363E-15,3.32056886963399E-30));
#12156=DIRECTION('',(0.,1.,9.57088814332265E-16));
#12157=DIRECTION('',(1.,0.,0.));
#12158=DIRECTION('',(0.,9.57088814332265E-16,-1.));
#12159=DIRECTION('',(0.,1.,0.));
#12160=DIRECTION('',(0.,-1.,-9.57088814332265E-16));
#12161=DIRECTION('',(0.,-9.57088814332265E-16,1.));
#12162=DIRECTION('',(0.,1.,9.57567358739198E-16));
#12163=DIRECTION('',(-1.,-3.46944695195362E-15,0.));
#12164=DIRECTION('',(3.46944695195362E-15,-1.,-9.57088814332265E-16));
#12165=DIRECTION('',(-1.,-3.46944695195361E-15,0.));
#12166=DIRECTION('',(0.,-9.57088814332265E-16,1.));
#12167=DIRECTION('',(1.,3.46944695195362E-15,3.32056886963399E-30));
#12168=DIRECTION('',(0.,-9.57088814332265E-16,1.));
#12169=DIRECTION('',(-3.46944695195362E-15,1.,9.57088814332265E-16));
#12170=DIRECTION('',(-1.,-3.46944695195361E-15,0.));
#12171=DIRECTION('',(0.,-9.57088814332265E-16,1.));
#12172=DIRECTION('',(0.,0.,1.));
#12173=DIRECTION('',(-1.,0.,0.));
#12174=DIRECTION('',(0.,9.57088814332265E-16,-1.));
#12175=DIRECTION('',(0.,1.,1.54197642309049E-15));
#12176=DIRECTION('',(0.,-9.57088814332265E-16,1.));
#12177=DIRECTION('',(0.,1.,1.54197642309049E-15));
#12178=DIRECTION('',(0.,-9.57088814332265E-16,1.));
#12179=DIRECTION('',(0.,-0.999999999999999,0.));
#12180=DIRECTION('',(0.,1.,0.));
#12181=DIRECTION('',(1.,3.46944695195362E-15,0.));
#12182=DIRECTION('',(0.,0.,-1.));
#12183=DIRECTION('',(-1.,0.,0.));
#12184=DIRECTION('',(0.,-1.,0.));
#12185=DIRECTION('',(0.,0.,-1.));
#12186=DIRECTION('',(-1.,0.,0.));
#12187=DIRECTION('',(-1.,0.,0.));
#12188=DIRECTION('',(0.,0.,1.));
#12189=DIRECTION('',(-1.,0.,0.));
#12190=DIRECTION('',(0.,0.,1.));
#12191=DIRECTION('',(-1.,0.,0.));
#12192=DIRECTION('',(0.,-9.57088814332265E-16,1.));
#12193=DIRECTION('',(0.,9.57088814332265E-16,-1.));
#12194=DIRECTION('',(0.,1.,1.54197642309049E-15));
#12195=DIRECTION('',(0.,-9.57088814332265E-16,1.));
#12196=DIRECTION('',(0.,1.,9.63735264431559E-16));
#12197=DIRECTION('',(0.,1.,0.));
#12198=DIRECTION('',(0.,-1.,-9.57088814332265E-16));
#12199=DIRECTION('',(1.,0.,0.));
#12200=DIRECTION('',(0.,1.,0.));
#12201=DIRECTION('',(0.,1.,9.57088814332265E-16));
#12202=DIRECTION('',(0.,-9.57088814332265E-16,1.));
#12203=DIRECTION('',(0.,-1.,-9.57088814332265E-16));
#12204=DIRECTION('',(1.,0.,0.));
#12205=DIRECTION('',(0.,1.,0.));
#12206=DIRECTION('',(0.,-9.57088814332265E-16,1.));
#12207=DIRECTION('',(0.,1.,1.54197642309049E-15));
#12208=DIRECTION('',(0.,9.57088814332265E-16,-1.));
#12209=DIRECTION('',(0.,1.,1.54197642309049E-15));
#12210=DIRECTION('',(0.,-9.57088814332265E-16,1.));
#12211=DIRECTION('',(0.,1.,9.63735264431559E-16));
#12212=DIRECTION('',(0.,-9.57088814332265E-16,1.));
#12213=DIRECTION('',(0.,1.,1.5419764230905E-15));
#12214=DIRECTION('',(0.,-9.57088814332265E-16,1.));
#12215=DIRECTION('',(0.,1.,9.63735264431559E-16));
#12216=DIRECTION('',(0.,-9.57088814332265E-16,1.));
#12217=DIRECTION('',(0.,1.,1.5419764230905E-15));
#12218=DIRECTION('',(0.,-9.57088814332265E-16,1.));
#12219=DIRECTION('',(0.,1.,1.5419764230905E-15));
#12220=DIRECTION('',(0.,0.,1.));
#12221=DIRECTION('',(-0.999999999999999,0.,0.));
#12222=DIRECTION('',(0.,-9.57088814332265E-16,1.));
#12223=DIRECTION('',(0.,0.999999999999999,0.));
#12224=DIRECTION('',(0.,0.,1.));
#12225=DIRECTION('',(-0.999999999999999,0.,0.));
#12226=DIRECTION('',(0.,-9.57088814332265E-16,1.));
#12227=DIRECTION('',(0.,0.999999999999999,0.));
#12228=DIRECTION('',(0.,9.57088814332265E-16,-1.));
#12229=DIRECTION('',(0.,1.,1.90106682298828E-15));
#12230=DIRECTION('',(0.,9.57088814332265E-16,-1.));
#12231=DIRECTION('',(0.,1.,1.90106682298828E-15));
#12232=DIRECTION('',(0.,9.57088814332265E-16,-1.));
#12233=DIRECTION('',(0.,1.,1.90106682298828E-15));
#12234=DIRECTION('',(0.,0.,1.));
#12235=DIRECTION('',(-1.,0.,-4.84922451228975E-17));
#12236=DIRECTION('',(0.,9.57088814332265E-16,-1.));
#12237=DIRECTION('',(0.,1.,1.90106682298829E-15));
#12238=DIRECTION('',(0.,9.57088814332265E-16,-1.));
#12239=DIRECTION('',(0.,1.,1.90106682298829E-15));
#12240=DIRECTION('',(0.,9.57088814332265E-16,-1.));
#12241=DIRECTION('',(0.,1.,1.90106682298829E-15));
#12242=DIRECTION('',(0.,0.,1.));
#12243=DIRECTION('',(-1.,0.,-7.62020994788397E-17));
#12244=DIRECTION('',(-1.,0.,0.));
#12245=DIRECTION('',(0.,-1.,0.));
#12246=DIRECTION('',(-1.,0.,0.));
#12247=DIRECTION('',(0.,-1.,0.));
#12248=DIRECTION('',(-1.,0.,0.));
#12249=DIRECTION('',(0.,-1.,0.));
#12250=DIRECTION('',(-1.,0.,0.));
#12251=DIRECTION('',(0.,-1.,0.));
#12252=DIRECTION('',(-1.,0.,0.));
#12253=DIRECTION('',(0.,-1.,0.));
#12254=DIRECTION('',(-1.,0.,0.));
#12255=DIRECTION('',(0.,-1.,0.));
#12256=DIRECTION('',(-1.,0.,0.));
#12257=DIRECTION('',(0.,-1.,0.));
#12258=DIRECTION('',(-1.,0.,0.));
#12259=DIRECTION('',(0.,-1.,0.));
#12260=DIRECTION('',(-1.,0.,0.));
#12261=DIRECTION('',(0.,-1.,0.));
#12262=DIRECTION('',(-1.,0.,0.));
#12263=DIRECTION('',(0.,-1.,0.));
#12264=DIRECTION('',(-1.,0.,0.));
#12265=DIRECTION('',(0.,-1.,0.));
#12266=DIRECTION('',(-1.,0.,0.));
#12267=DIRECTION('',(0.,-1.,0.));
#12268=DIRECTION('',(-1.,0.,0.));
#12269=DIRECTION('',(0.,-1.,0.));
#12270=DIRECTION('',(-1.,0.,0.));
#12271=DIRECTION('',(0.,-1.,0.));
#12272=DIRECTION('',(-1.,0.,0.));
#12273=DIRECTION('',(0.,-1.,0.));
#12274=DIRECTION('',(-1.,0.,0.));
#12275=DIRECTION('',(-3.4637317944927E-17,-1.,0.));
#12276=DIRECTION('',(-1.,0.,0.));
#12277=DIRECTION('',(-3.4637317944927E-17,-1.,0.));
#12278=DIRECTION('',(-1.,0.,0.));
#12279=DIRECTION('',(-3.4637317944927E-17,-1.,0.));
#12280=DIRECTION('',(-1.,0.,0.));
#12281=DIRECTION('',(-3.4637317944927E-17,-1.,0.));
#12282=DIRECTION('',(-1.,0.,0.));
#12283=DIRECTION('',(-3.4637317944927E-17,-1.,0.));
#12284=DIRECTION('',(7.30256117572425E-31,-1.,-9.13012355777267E-17));
#12285=DIRECTION('',(0.,0.,-1.));
#12286=DIRECTION('',(0.,-9.13012355777267E-17,1.));
#12287=DIRECTION('',(-1.,-7.30256117572425E-31,-9.72346137165803E-63));
#12288=DIRECTION('',(0.,9.13012355777267E-17,-1.));
#12289=DIRECTION('',(-7.30256117572425E-31,1.,9.13012355777267E-17));
#12290=DIRECTION('',(0.,0.,-1.));
#12291=DIRECTION('',(-1.,-7.30256117572425E-31,0.));
#12292=DIRECTION('',(1.45965216837769E-31,9.13012355777267E-17,-1.));
#12293=DIRECTION('',(1.,7.30256117572425E-31,6.98919961726275E-46));
#12294=DIRECTION('',(-7.30256117572425E-31,1.,9.13012355777267E-17));
#12295=DIRECTION('',(0.,9.0205620750794E-17,-1.));
#12296=DIRECTION('',(1.,7.30256117572425E-31,9.72346137165803E-63));
#12297=DIRECTION('',(0.,-1.,7.38180202543656E-17));
#12298=DIRECTION('',(-1.,-4.17931214758464E-63,-5.39060608778356E-47));
#12299=DIRECTION('',(0.,1.,-7.38180202543656E-17));
#12300=DIRECTION('',(-5.39060608778356E-47,7.38180202543656E-17,1.));
#12301=DIRECTION('',(0.,1.,-7.45931094670027E-17));
#12302=DIRECTION('',(1.,0.,0.));
#12303=DIRECTION('',(0.,-1.,0.));
#12304=DIRECTION('',(-1.,-7.30256117572425E-31,0.));
#12305=DIRECTION('',(0.,1.,0.));
#12306=DIRECTION('',(0.,0.,1.));
#12307=DIRECTION('',(-1.,0.,0.));
#12308=DIRECTION('',(1.,7.30256117572425E-31,0.));
#12309=DIRECTION('',(0.,9.13012355777267E-17,-1.));
#12310=DIRECTION('',(-7.30256117572425E-31,1.,9.13012355777267E-17));
#12311=DIRECTION('',(0.,0.,1.));
#12312=DIRECTION('',(-1.,-7.30256117572425E-31,-6.98919961726275E-46));
#12313=DIRECTION('',(-1.45965216837769E-31,-9.13012355777267E-17,1.));
#12314=DIRECTION('',(1.,7.30256117572425E-31,0.));
#12315=DIRECTION('',(7.30256117572425E-31,-1.,-9.13012355777267E-17));
#12316=DIRECTION('',(0.,0.,1.));
#12317=DIRECTION('',(0.,-9.13012355777267E-17,1.));
#12318=DIRECTION('',(7.30256117572425E-31,-1.,-9.13012355777267E-17));
#12319=DIRECTION('',(0.,-9.0205620750794E-17,1.));
#12320=DIRECTION('',(1.,0.,0.));
#12321=DIRECTION('',(0.,-1.,0.));
#12322=DIRECTION('',(-1.,0.,0.));
#12323=DIRECTION('',(0.,-1.,0.));
#12324=DIRECTION('',(1.,7.30256117572425E-31,0.));
#12325=DIRECTION('',(0.,1.,0.));
#12326=DIRECTION('',(1.,0.,0.));
#12327=DIRECTION('',(0.,-1.,0.));
#12328=DIRECTION('',(-1.,0.,0.));
#12329=DIRECTION('',(0.,-1.,0.));
#12330=DIRECTION('',(1.,7.30256117572425E-31,9.72346137165803E-63));
#12331=DIRECTION('',(0.,1.,0.));
#12332=DIRECTION('',(-1.,0.,0.));
#12333=DIRECTION('',(0.,-1.,0.));
#12334=DIRECTION('',(1.,0.,0.));
#12335=DIRECTION('',(0.,-1.,0.));
#12336=DIRECTION('',(-1.,-4.17931214758464E-63,-5.39060608778356E-47));
#12337=DIRECTION('',(0.,0.,-1.));
#12338=DIRECTION('',(-1.,0.,0.));
#12339=DIRECTION('',(0.,-1.,0.));
#12340=DIRECTION('',(1.,0.,0.));
#12341=DIRECTION('',(0.,-1.,0.));
#12342=DIRECTION('',(-1.,0.,0.));
#12343=DIRECTION('',(0.,-1.,0.));
#12344=DIRECTION('',(0.,0.,-1.));
#12345=DIRECTION('',(1.,0.,0.));
#12346=DIRECTION('',(1.,0.,0.));
#12347=DIRECTION('',(-1.,-7.30256117572425E-31,0.));
#12348=DIRECTION('',(0.,0.,1.));
#12349=DIRECTION('',(1.,0.,0.));
#12350=DIRECTION('',(-1.59872115546022E-15,-1.,0.));
#12351=DIRECTION('',(0.,0.,1.));
#12352=DIRECTION('',(1.,0.,0.));
#12353=DIRECTION('',(1.,7.30256117572425E-31,0.));
#12354=DIRECTION('',(0.,1.,0.));
#12355=DIRECTION('',(-1.,2.66880534765662E-16,0.));
#12356=DIRECTION('',(0.,0.,-1.));
#12357=DIRECTION('',(1.,0.,0.));
#12358=DIRECTION('',(1.73472347597681E-15,1.,0.));
#12359=DIRECTION('',(0.,0.,-1.));
#12360=DIRECTION('',(1.,0.,0.));
#12361=DIRECTION('',(1.45965216837769E-31,9.13012355777267E-17,-1.));
#12362=DIRECTION('',(-1.59872115546022E-15,-1.,-9.57088814332266E-16));
#12363=DIRECTION('',(-1.45965216837769E-31,-9.13012355777267E-17,1.));
#12364=DIRECTION('',(1.59872115546022E-15,1.,0.));
#12365=DIRECTION('',(-1.,1.59872115546022E-15,0.));
#12366=DIRECTION('',(-1.59594559789866E-15,-1.,0.));
#12367=DIRECTION('',(2.66880534765662E-16,1.,9.57088814332266E-16));
#12368=DIRECTION('',(0.,-1.01192202765314E-15,1.));
#12369=DIRECTION('',(7.30256117572425E-31,-1.,-9.13012355777267E-17));
#12370=DIRECTION('',(0.,0.,-1.));
#12371=DIRECTION('',(0.,1.,0.));
#12372=DIRECTION('',(-1.,0.,0.));
#12373=DIRECTION('',(-2.66880534765662E-16,-1.,-9.57088814332266E-16));
#12374=DIRECTION('',(0.,-9.75781955236954E-16,1.));
#12375=DIRECTION('',(-7.30256117572425E-31,1.,9.13012355777267E-17));
#12376=DIRECTION('',(0.,0.,-1.));
#12377=DIRECTION('',(0.,1.,9.57088814332266E-16));
#12378=DIRECTION('',(0.,8.67361737988404E-16,-1.));
#12379=DIRECTION('',(0.,-9.57088814332266E-16,1.));
#12380=DIRECTION('',(0.,-1.,-1.38777878078145E-15));
#12381=DIRECTION('',(0.,0.,-1.));
#12382=DIRECTION('',(0.999999999999999,0.,0.));
#12383=DIRECTION('',(1.45965216837769E-31,9.13012355777267E-17,-1.));
#12384=DIRECTION('',(0.,-1.,-8.67361737988404E-17));
#12385=DIRECTION('',(0.,-9.57088814332266E-16,1.));
#12386=DIRECTION('',(0.,-1.,-1.38777878078145E-15));
#12387=DIRECTION('',(0.,0.,-1.));
#12388=DIRECTION('',(0.999999999999999,0.,0.));
#12389=DIRECTION('',(-1.45965216837769E-31,-9.13012355777267E-17,1.));
#12390=DIRECTION('',(0.,1.,8.67361737988404E-17));
#12391=DIRECTION('',(-1.,0.,0.));
#12392=DIRECTION('',(0.,-1.,0.));
#12393=DIRECTION('',(-1.,0.,0.));
#12394=DIRECTION('',(-1.,0.,0.));
#12395=DIRECTION('',(0.,-1.,0.));
#12396=DIRECTION('',(-1.,0.,0.));
#12397=DIRECTION('',(1.,0.,0.));
#12398=DIRECTION('',(0.,1.,0.));
#12399=DIRECTION('',(-1.,0.,0.));
#12400=DIRECTION('',(-1.,0.,0.));
#12401=DIRECTION('',(0.,-1.,0.));
#12402=DIRECTION('',(-1.,0.,0.));
#12403=DIRECTION('',(-1.,0.,0.));
#12404=DIRECTION('',(0.,-1.,0.));
#12405=DIRECTION('',(1.,0.,0.));
#12406=DIRECTION('',(0.,1.,0.));
#12407=DIRECTION('',(1.,0.,0.));
#12408=DIRECTION('',(0.,-1.,0.));
#12409=DIRECTION('',(1.,0.,0.));
#12410=DIRECTION('',(0.,-1.,0.));
#12411=DIRECTION('',(0.,-1.85037170770859E-15,1.));
#12412=DIRECTION('',(0.,1.81014623580189E-15,-1.));
#12413=DIRECTION('',(-1.,0.,0.));
#12414=DIRECTION('',(0.,-1.,0.));
#12415=DIRECTION('',(1.,7.30256117572425E-31,0.));
#12416=DIRECTION('',(0.,1.,0.));
#12417=DIRECTION('',(1.,7.30256117572425E-31,0.));
#12418=DIRECTION('',(0.,1.,0.));
#12419=DIRECTION('',(0.,-1.85037170770859E-15,-1.));
#12420=DIRECTION('',(0.,1.81014623580189E-15,1.));
#12421=DIRECTION('',(1.,7.30256117572425E-31,0.));
#12422=DIRECTION('',(0.,1.,0.));
#12423=DIRECTION('',(0.,1.81014623580188E-15,1.));
#12424=DIRECTION('',(0.,-1.,1.81014623580188E-15));
#12425=DIRECTION('',(0.,1.81105130891979E-15,1.));
#12426=DIRECTION('',(0.,1.,-1.85037170770859E-15));
#12427=DIRECTION('',(0.,-1.85268467234323E-15,-1.));
#12428=DIRECTION('',(0.,-1.,-1.85037170770859E-15));
#12429=DIRECTION('',(0.,-1.85268467234323E-15,1.));
#12430=DIRECTION('',(0.,1.81014623580188E-15,-1.));
#12431=DIRECTION('',(0.,1.,1.81014623580188E-15));
#12432=DIRECTION('',(0.,1.81105130891979E-15,-1.));
#12433=DIRECTION('',(0.,7.75295408257707E-17,1.));
#12434=DIRECTION('',(0.,7.75295408257707E-17,1.));
#12435=DIRECTION('',(0.,0.999999999999999,-8.67361737988404E-17));
#12436=DIRECTION('',(0.,-1.55059081651558E-16,-1.));
#12437=DIRECTION('',(0.,-1.55059081651558E-16,-1.));
#12438=DIRECTION('',(0.,-0.999999999999999,1.73472347597681E-16));
#12439=DIRECTION('',(-1.,0.,0.));
#12440=DIRECTION('',(0.,1.,0.));
#12441=DIRECTION('',(1.,0.,0.));
#12442=DIRECTION('',(0.,-1.,0.));
#12443=DIRECTION('',(-1.,0.,0.));
#12444=DIRECTION('',(0.,-1.,0.));
#12445=DIRECTION('',(-1.,0.,0.));
#12446=DIRECTION('',(0.,-1.,0.));
#12447=DIRECTION('',(-1.,0.,0.));
#12448=DIRECTION('',(0.,1.,0.));
#12449=DIRECTION('',(1.,0.,0.));
#12450=DIRECTION('',(0.,-1.,0.));
#12451=DIRECTION('',(-1.,0.,0.));
#12452=DIRECTION('',(0.,-1.,0.));
#12453=DIRECTION('',(-1.,0.,0.));
#12454=DIRECTION('',(0.,-1.,0.));
#12455=DIRECTION('',(-1.,0.,0.));
#12456=DIRECTION('',(0.,-1.,0.));
#12457=DIRECTION('',(1.,0.,0.));
#12458=DIRECTION('',(0.,-1.,0.));
#12459=DIRECTION('',(-1.,0.,0.));
#12460=DIRECTION('',(0.,-1.,0.));
#12461=DIRECTION('',(-1.,0.,0.));
#12462=DIRECTION('',(0.,-1.,0.));
#12463=DIRECTION('',(-1.,0.,0.));
#12464=DIRECTION('',(0.,-1.,0.));
#12465=DIRECTION('',(1.,0.,0.));
#12466=DIRECTION('',(0.,-1.,0.));
#12467=DIRECTION('',(-1.,0.,0.));
#12468=DIRECTION('',(0.,-1.,0.));
#12469=DIRECTION('',(-1.,0.,0.));
#12470=DIRECTION('',(0.,-1.,0.));
#12471=DIRECTION('',(-1.,0.,0.));
#12472=DIRECTION('',(5.54418489201076E-17,-1.,0.));
#12473=DIRECTION('',(-1.,0.,0.));
#12474=DIRECTION('',(5.54418489201076E-17,-1.,0.));
#12475=DIRECTION('',(-1.,0.,0.));
#12476=DIRECTION('',(5.54418489201076E-17,-1.,0.));
#12477=DIRECTION('',(-1.,0.,0.));
#12478=DIRECTION('',(5.54418489201076E-17,-1.,0.));
#12479=DIRECTION('',(-1.,-7.30256117572425E-31,0.));
#12480=DIRECTION('',(1.,7.30256117572425E-31,0.));
#12481=DIRECTION('',(0.,1.,0.));
#12482=DIRECTION('',(-1.,-7.30256117572425E-31,0.));
#12483=DIRECTION('',(-1.,-7.30256117572425E-31,0.));
#12484=DIRECTION('',(0.,-1.,0.));
#12485=DIRECTION('',(-1.,-7.30256117572425E-31,0.));
#12486=DIRECTION('',(-1.,0.,0.));
#12487=DIRECTION('',(0.,1.,0.));
#12488=DIRECTION('',(-1.,-7.30256117572425E-31,0.));
#12489=DIRECTION('',(0.,-1.,0.));
#12490=DIRECTION('',(-1.,-7.30256117572425E-31,0.));
#12491=DIRECTION('',(0.,-8.0024569652516E-16,1.));
#12492=DIRECTION('',(7.30256117572425E-31,-1.,-8.0024569652516E-16));
#12493=DIRECTION('',(0.,-8.00574884163296E-16,1.));
#12494=DIRECTION('',(-1.,-7.30256117572425E-31,0.));
#12495=DIRECTION('',(1.,7.30256117572425E-31,0.));
#12496=DIRECTION('',(0.,1.,0.));
#12497=DIRECTION('',(-1.,-7.30256117572425E-31,0.));
#12498=DIRECTION('',(0.,-1.,0.));
#12499=DIRECTION('',(-1.,-7.30256117572425E-31,0.));
#12500=DIRECTION('',(0.,-1.,-5.25673780599033E-16));
#12501=DIRECTION('',(-3.83876494129869E-46,5.25673780599033E-16,-1.));
#12502=DIRECTION('',(0.,-1.,-5.27355936696949E-16));
#12503=DIRECTION('',(-1.,-7.30256117572425E-31,0.));
#12504=DIRECTION('',(1.,7.30256117572425E-31,0.));
#12505=DIRECTION('',(0.,1.,0.));
#12506=DIRECTION('',(-1.,-7.30256117572425E-31,0.));
#12507=DIRECTION('',(0.,-1.,0.));
#12508=DIRECTION('',(-1.,-7.30256117572425E-31,0.));
#12509=DIRECTION('',(0.,-3.06760850334644E-15,-1.));
#12510=DIRECTION('',(-7.30256117572425E-31,1.,-3.06760850334644E-15));
#12511=DIRECTION('',(0.,-3.06785846726498E-15,-1.));
#12512=DIRECTION('',(-1.,-7.30256117572425E-31,0.));
#12513=DIRECTION('',(-1.,0.,0.));
#12514=DIRECTION('',(0.,1.,0.));
#12515=DIRECTION('',(-1.,-7.30256117572425E-31,0.));
#12516=DIRECTION('',(0.,-1.,0.));
#12517=DIRECTION('',(-1.,-7.30256117572425E-31,0.));
#12518=DIRECTION('',(1.,7.30256117572425E-31,0.));
#12519=DIRECTION('',(0.,1.,0.));
#12520=DIRECTION('',(-1.,-7.30256117572425E-31,0.));
#12521=DIRECTION('',(0.,-1.,0.));
#12522=DIRECTION('',(0.,1.,1.69135538907739E-15));
#12523=DIRECTION('',(1.23512261986285E-45,-1.69135538907739E-15,1.));
#12524=DIRECTION('',(0.,1.,1.69135538907739E-15));
#12525=DIRECTION('',(1.,7.30256117572425E-31,0.));
#12526=DIRECTION('',(0.,1.,0.));
#12527=DIRECTION('',(-3.46944695195362E-15,1.,9.57088814332265E-16));
#12528=DIRECTION('',(-1.,-3.46944695195361E-15,0.));
#12529=DIRECTION('',(0.,-1.,7.75295408257707E-17));
#12530=DIRECTION('',(0.,0.,0.999999999999999));
#12531=DIRECTION('',(0.,1.,0.));
#12532=DIRECTION('',(-1.,0.,0.));
#12533=DIRECTION('',(-3.46944695195363E-15,-1.,-9.57088814332265E-16));
#12534=DIRECTION('',(1.,-3.46944695195361E-15,0.));
#12535=DIRECTION('',(0.,1.,-1.55059081651558E-16));
#12536=DIRECTION('',(0.,0.,-1.));
#12537=DIRECTION('',(0.,1.,9.57088814332265E-16));
#12538=DIRECTION('',(0.,9.57088814332266E-16,-1.));
#12539=DIRECTION('',(-3.50324616081204E-46,-9.57088814332266E-16,1.));
#12540=DIRECTION('',(-1.73472347597681E-15,-1.,0.));
#12541=DIRECTION('',(3.50324616081204E-46,9.57088814332266E-16,-1.));
#12542=DIRECTION('',(1.73472347597681E-15,1.,9.57088814332266E-16));
#12543=DIRECTION('',(-1.,1.73472347597681E-15,1.66028443481699E-30));
#12544=DIRECTION('',(-1.73472347597681E-15,-1.,0.));
#12545=DIRECTION('',(-1.,0.,0.));
#12546=DIRECTION('',(0.,9.57088814332266E-16,-1.));
#12547=DIRECTION('',(0.,1.,9.57088814332266E-16));
#12548=DIRECTION('',(0.,9.34081871679819E-16,-1.));
#12549=DIRECTION('',(-1.,0.,0.));
#12550=DIRECTION('',(3.50324616081204E-46,9.57088814332266E-16,-1.));
#12551=DIRECTION('',(1.,0.,0.));
#12552=DIRECTION('',(0.,-1.,-9.57088814332266E-16));
#12553=DIRECTION('',(0.,9.25185853854297E-16,-1.));
#12554=DIRECTION('',(0.,-9.57088814332266E-16,1.));
#12555=DIRECTION('',(0.,1.,9.57088814332266E-16));
#12556=DIRECTION('',(0.,9.57567358739198E-16,-1.));
#12557=DIRECTION('',(-3.50324616081204E-46,-9.57088814332266E-16,1.));
#12558=DIRECTION('',(1.,-2.66880534765662E-16,0.));
#12559=DIRECTION('',(-2.66880534765662E-16,-1.,-9.57088814332266E-16));
#12560=DIRECTION('',(0.,-9.34081871679819E-16,1.));
#12561=DIRECTION('',(0.,-9.57088814332266E-16,1.));
#12562=DIRECTION('',(1.,-2.66880534765662E-16,-3.08642619292826E-31));
#12563=DIRECTION('',(0.,9.57088814332266E-16,-1.));
#12564=DIRECTION('',(2.66880534765662E-16,1.,9.57088814332266E-16));
#12565=DIRECTION('',(0.,-9.25185853854297E-16,1.));
#12566=DIRECTION('',(-1.,2.66880534765662E-16,2.55428374587229E-31));
#12567=DIRECTION('',(-2.66880534765662E-16,-1.,-9.57088814332266E-16));
#12568=DIRECTION('',(0.,-9.57567358739198E-16,1.));
#12569=DIRECTION('',(-1.,2.66880534765662E-16,3.08642619292826E-31));
#12570=DIRECTION('',(0.,1.,1.15648231731787E-15));
#12571=DIRECTION('',(1.,0.,0.));
#12572=DIRECTION('',(0.,-1.,-1.15648231731787E-15));
#12573=DIRECTION('',(0.,1.15648231731787E-15,-1.));
#12574=DIRECTION('',(0.,-1.,-1.15532583500055E-15));
#12575=DIRECTION('',(-1.,0.,0.));
#12576=DIRECTION('',(0.,-1.,0.));
#12577=DIRECTION('',(1.,0.,0.));
#12578=DIRECTION('',(0.,-1.,0.));
#12579=DIRECTION('',(1.,-2.66880534765662E-16,-3.08642619292826E-31));
#12580=DIRECTION('',(0.,1.,0.));
#12581=DIRECTION('',(-1.,0.,0.));
#12582=DIRECTION('',(0.,-1.,0.));
#12583=DIRECTION('',(1.,0.,0.));
#12584=DIRECTION('',(0.,-1.,0.));
#12585=DIRECTION('',(-1.,0.,0.));
#12586=DIRECTION('',(0.,-1.,0.));
#12587=DIRECTION('',(0.,0.,1.));
#12588=DIRECTION('',(0.999999999999999,0.,0.));
#12589=DIRECTION('',(0.,9.57088814332266E-16,-1.));
#12590=DIRECTION('',(0.,-1.,-1.38777878078145E-15));
#12591=DIRECTION('',(3.50324616081204E-46,9.57088814332266E-16,-1.));
#12592=DIRECTION('',(0.,-1.,-6.93889390390723E-16));
#12593=DIRECTION('',(0.,0.,1.));
#12594=DIRECTION('',(0.999999999999999,0.,0.));
#12595=DIRECTION('',(0.,9.57088814332266E-16,-1.));
#12596=DIRECTION('',(0.,-1.,-1.38777878078145E-15));
#12597=DIRECTION('',(3.50324616081204E-46,9.57088814332266E-16,-1.));
#12598=DIRECTION('',(0.,-1.,-6.93889390390723E-16));
#12599=DIRECTION('',(0.,-1.,1.55059081651558E-16));
#12600=DIRECTION('',(0.,0.,-1.));
#12601=DIRECTION('',(0.,1.,-7.75295408257707E-17));
#12602=DIRECTION('',(0.,0.,1.));
#12603=DIRECTION('',(0.,1.,9.57088814332265E-16));
#12604=DIRECTION('',(0.,9.57088814332268E-16,-1.));
#12605=DIRECTION('',(1.,0.,0.));
#12606=DIRECTION('',(0.,1.,0.));
#12607=DIRECTION('',(1.73472347597681E-15,1.,0.));
#12608=DIRECTION('',(-1.,1.73472347597681E-15,0.));
#12609=DIRECTION('',(0.,0.,-1.));
#12610=DIRECTION('',(1.,0.,0.));
#12611=DIRECTION('',(1.73472347597681E-15,1.,0.));
#12612=DIRECTION('',(-1.,1.73472347597681E-15,0.));
#12613=DIRECTION('',(1.73472347597681E-15,1.,0.));
#12614=DIRECTION('',(-1.,3.46944695195361E-15,0.));
#12615=DIRECTION('',(1.,0.,0.));
#12616=DIRECTION('',(0.,1.,0.));
#12617=DIRECTION('',(-1.,2.66880534765662E-16,0.));
#12618=DIRECTION('',(0.,-1.,0.));
#12619=DIRECTION('',(1.,0.,0.));
#12620=DIRECTION('',(0.,1.,0.));
#12621=DIRECTION('',(0.,0.,-1.));
#12622=DIRECTION('',(1.,0.,0.));
#12623=DIRECTION('',(0.,0.,1.));
#12624=DIRECTION('',(-1.,0.,0.));
#12625=DIRECTION('',(-2.66880534765662E-16,-1.,-9.57088814332266E-16));
#12626=DIRECTION('',(0.,-9.91270557701032E-16,1.));
#12627=DIRECTION('',(1.,0.,0.));
#12628=DIRECTION('',(0.,1.,0.));
#12629=DIRECTION('',(1.,0.,0.));
#12630=DIRECTION('',(0.,1.,0.));
#12631=DIRECTION('',(0.,0.,1.));
#12632=DIRECTION('',(-1.,0.,0.));
#12633=DIRECTION('',(0.,9.57088814332266E-16,-1.));
#12634=DIRECTION('',(0.,-1.,0.));
#12635=DIRECTION('',(0.,0.,1.));
#12636=DIRECTION('',(-1.,0.,0.));
#12637=DIRECTION('',(0.,1.,9.57088814332266E-16));
#12638=DIRECTION('',(0.,9.91270557701032E-16,-1.));
#12639=DIRECTION('',(1.50463276905253E-30,1.,8.67361737988404E-16));
#12640=DIRECTION('',(0.,8.67361737988404E-16,-1.));
#12641=DIRECTION('',(-1.,0.,0.));
#12642=DIRECTION('',(0.,-1.,0.));
#12643=DIRECTION('',(0.,0.,1.));
#12644=DIRECTION('',(-1.,0.,0.));
#12645=DIRECTION('',(0.,-9.57088814332266E-16,1.));
#12646=DIRECTION('',(0.,1.,0.));
#12647=DIRECTION('',(0.,1.,8.67361737988404E-16));
#12648=DIRECTION('',(0.,8.67361737988404E-16,-1.));
#12649=DIRECTION('',(0.,-1.,-1.15648231731787E-15));
#12650=DIRECTION('',(0.,-1.15648231731787E-15,1.));
#12651=DIRECTION('',(-1.,0.,0.));
#12652=DIRECTION('',(0.,-1.,0.));
#12653=DIRECTION('',(1.73472347597681E-15,1.,8.67361737988409E-16));
#12654=DIRECTION('',(-1.,1.73472347597681E-15,0.));
#12655=DIRECTION('',(1.,0.,0.));
#12656=DIRECTION('',(0.,1.,0.));
#12657=DIRECTION('',(0.,9.57088814332266E-16,-1.));
#12658=DIRECTION('',(0.,-1.,-9.91270557701033E-16));
#12659=DIRECTION('',(1.,0.,0.));
#12660=DIRECTION('',(0.,1.,0.));
#12661=DIRECTION('',(1.,-2.66880534765662E-16,-2.55428374587229E-31));
#12662=DIRECTION('',(0.,1.,0.));
#12663=DIRECTION('',(1.73472347597681E-15,1.,8.67361737988397E-16));
#12664=DIRECTION('',(-1.,1.73472347597681E-15,0.));
#12665=DIRECTION('',(-1.73472347597681E-15,-1.,-9.57088814332266E-16));
#12666=DIRECTION('',(1.,-1.73472347597681E-15,0.));
#12667=DIRECTION('',(0.,0.,1.));
#12668=DIRECTION('',(-1.,0.,0.));
#12669=DIRECTION('',(-2.66880534765662E-16,-1.,-9.57088814332266E-16));
#12670=DIRECTION('',(0.,-9.75781955236954E-16,1.));
#12671=DIRECTION('',(1.,0.,0.));
#12672=DIRECTION('',(0.,1.,0.));
#12673=DIRECTION('',(0.,9.57088814332266E-16,-1.));
#12674=DIRECTION('',(0.,-1.,-9.91270557701033E-16));
#12675=DIRECTION('',(0.,0.,1.));
#12676=DIRECTION('',(-1.,0.,0.));
#12677=DIRECTION('',(0.,9.57088814332266E-16,-1.));
#12678=DIRECTION('',(0.,-1.,0.));
#12679=DIRECTION('',(1.,0.,0.));
#12680=DIRECTION('',(0.,1.,0.));
#12681=DIRECTION('',(-1.,0.,0.));
#12682=DIRECTION('',(0.,-1.,0.));
#12683=DIRECTION('',(0.,1.,8.67361737988404E-16));
#12684=DIRECTION('',(0.,8.67361737988404E-16,-0.999999999999999));
#12685=DIRECTION('',(-1.,0.,0.));
#12686=DIRECTION('',(0.,-1.,0.));
#12687=DIRECTION('',(0.,0.,1.));
#12688=DIRECTION('',(-1.,0.,0.));
#12689=DIRECTION('',(0.,1.,9.57088814332266E-16));
#12690=DIRECTION('',(0.,9.75781955236954E-16,-1.));
#12691=DIRECTION('',(0.,1.,8.67361737988403E-16));
#12692=DIRECTION('',(0.,8.67361737988404E-16,-0.999999999999999));
#12693=DIRECTION('',(0.,1.,1.15648231731787E-15));
#12694=DIRECTION('',(0.,1.15648231731787E-15,-1.));
#12695=DIRECTION('',(0.,0.,1.));
#12696=DIRECTION('',(-1.,0.,0.));
#12697=DIRECTION('',(0.,9.57088814332266E-16,-1.));
#12698=DIRECTION('',(0.,-1.,-8.67361737988404E-16));
#12699=DIRECTION('',(-1.,0.,0.));
#12700=DIRECTION('',(0.,-1.,0.));
#12701=DIRECTION('',(0.996521728591783,1.72868963690916E-15,0.083333333333331));
#12702=DIRECTION('',(-0.0833333333333311,0.,0.996521728591784));
#12703=DIRECTION('',(1.,3.46944695195362E-15,0.));
#12704=DIRECTION('',(-3.46944695195361E-15,0.999999999999999,0.));
#12705=DIRECTION('',(-3.46944695195362E-15,1.,9.57088814332265E-16));
#12706=DIRECTION('',(-1.,-3.46944695195361E-15,0.));
#12707=DIRECTION('',(1.,3.46944695195362E-15,0.));
#12708=DIRECTION('',(-3.46944695195361E-15,0.999999999999999,0.));
#12709=DIRECTION('',(1.,3.46944695195362E-15,0.));
#12710=DIRECTION('',(-3.46944695195361E-15,0.999999999999999,0.));
#12711=DIRECTION('',(-1.38777878078144E-14,-1.,0.));
#12712=DIRECTION('',(1.,-1.38777878078145E-14,0.));
#12713=DIRECTION('',(0.,0.,1.));
#12714=DIRECTION('',(-1.,0.,0.));
#12715=DIRECTION('',(0.,-1.,0.));
#12716=DIRECTION('',(1.,0.,0.));
#12717=DIRECTION('',(0.,1.,0.));
#12718=DIRECTION('',(-1.,0.,0.));
#12719=DIRECTION('',(-1.,0.,0.));
#12720=DIRECTION('',(0.,-1.,0.));
#12721=DIRECTION('',(0.,0.,1.));
#12722=DIRECTION('',(-1.,0.,0.));
#12723=DIRECTION('',(-1.,0.,0.));
#12724=DIRECTION('',(0.,-1.,0.));
#12725=DIRECTION('',(1.,0.,0.));
#12726=DIRECTION('',(0.,1.,0.));
#12727=DIRECTION('',(0.,0.,-1.));
#12728=DIRECTION('',(1.,0.,0.));
#12729=DIRECTION('',(0.,-1.,7.75295408257707E-17));
#12730=DIRECTION('',(0.,0.,1.));
#12731=DIRECTION('',(0.,0.,-1.));
#12732=DIRECTION('',(1.,0.,0.));
#12733=DIRECTION('',(0.,-7.75295408257707E-17,-1.));
#12734=DIRECTION('',(0.,-1.,0.));
#12735=DIRECTION('',(0.,1.,0.));
#12736=DIRECTION('',(-1.,0.,0.));
#12737=DIRECTION('',(-1.,0.,0.));
#12738=DIRECTION('',(0.,-1.,0.));
#12739=DIRECTION('',(0.,1.,0.));
#12740=DIRECTION('',(-1.,0.,0.));
#12741=DIRECTION('',(0.,-1.,7.38180202543656E-17));
#12742=DIRECTION('',(0.,0.,1.));
#12743=DIRECTION('',(0.,0.,-1.));
#12744=DIRECTION('',(1.,0.,0.));
#12745=DIRECTION('',(-1.,0.,0.));
#12746=DIRECTION('',(0.,-1.,0.));
#12747=DIRECTION('',(0.,0.,-1.));
#12748=DIRECTION('',(1.,0.,0.));
#12749=DIRECTION('',(0.,-9.13012355777267E-17,1.));
#12750=DIRECTION('',(0.,1.,0.));
#12751=DIRECTION('',(-1.,0.,0.));
#12752=DIRECTION('',(0.,-1.,0.));
#12753=DIRECTION('',(-7.30256117572425E-31,1.,9.13012355777267E-17));
#12754=DIRECTION('',(0.,0.,-1.));
#12755=DIRECTION('',(-1.,0.,0.));
#12756=DIRECTION('',(0.,-1.,0.));
#12757=DIRECTION('',(-1.,-7.30256117572425E-31,-6.98919961726275E-46));
#12758=DIRECTION('',(0.,-1.,0.));
#12759=DIRECTION('',(1.73472347597681E-15,1.,1.73472347597681E-15));
#12760=DIRECTION('',(-1.,1.73472347597681E-15,0.));
#12761=DIRECTION('',(0.,9.57088814332266E-16,-1.));
#12762=DIRECTION('',(0.,-1.,-1.38777878078145E-15));
#12763=DIRECTION('',(1.73472347597681E-15,1.,1.73472347597681E-15));
#12764=DIRECTION('',(-1.,1.73472347597681E-15,0.));
#12765=DIRECTION('',(-1.59872115546022E-15,-1.,-9.57088814332266E-16));
#12766=DIRECTION('',(1.,-1.59872115546022E-15,0.));
#12767=DIRECTION('',(1.,0.,0.));
#12768=DIRECTION('',(0.,1.,0.));
#12769=DIRECTION('',(0.,9.57088814332266E-16,-1.));
#12770=DIRECTION('',(0.,-1.,-1.38777878078145E-15));
#12771=DIRECTION('',(1.,0.,0.));
#12772=DIRECTION('',(0.,1.,0.));
#12773=DIRECTION('',(-1.,-7.30256117572425E-31,-6.98919961726275E-46));
#12774=DIRECTION('',(0.,-1.,0.));
#12775=DIRECTION('',(0.,0.,1.));
#12776=DIRECTION('',(-1.,0.,0.));
#12777=DIRECTION('',(7.30256117572425E-31,-1.,-9.13012355777267E-17));
#12778=DIRECTION('',(0.,0.,1.));
#12779=DIRECTION('',(0.,0.,1.));
#12780=DIRECTION('',(-1.,0.,0.));
#12781=DIRECTION('',(0.,9.13012355777267E-17,-1.));
#12782=DIRECTION('',(0.,-1.,0.));
#12783=DIRECTION('',(0.,1.,0.));
#12784=DIRECTION('',(-1.,0.,0.));
#12785=DIRECTION('',(-1.,0.,0.));
#12786=DIRECTION('',(0.,-1.,0.));
#12787=DIRECTION('',(0.,1.,0.));
#12788=DIRECTION('',(-1.,0.,0.));
#12789=DIRECTION('',(0.,-1.,0.));
#12790=DIRECTION('',(1.,0.,0.));
#12791=DIRECTION('',(0.,0.,1.));
#12792=DIRECTION('',(-1.,0.,0.));
#12793=DIRECTION('',(-1.,0.,0.));
#12794=DIRECTION('',(0.,-1.,0.));
#12795=DIRECTION('',(0.,0.,1.));
#12796=DIRECTION('',(-1.,0.,0.));
#12797=DIRECTION('',(0.,1.55059081651558E-16,1.));
#12798=DIRECTION('',(0.,1.,0.));
#12799=DIRECTION('',(1.,0.,0.));
#12800=DIRECTION('',(0.,1.,0.));
#12801=DIRECTION('',(0.,1.,-1.55059081651558E-16));
#12802=DIRECTION('',(0.,0.,-1.));
#12803=DIRECTION('',(1.,-1.73472347597681E-15,0.));
#12804=DIRECTION('',(0.,1.,0.));
#12805=DIRECTION('',(-1.,0.,0.));
#12806=DIRECTION('',(0.,-1.,0.));
#12807=DIRECTION('',(0.,-1.,0.));
#12808=DIRECTION('',(1.,0.,0.));
#12809=DIRECTION('',(0.,-9.57088814332265E-16,1.));
#12810=DIRECTION('',(0.,1.,1.54197642309049E-15));
#12811=DIRECTION('',(1.73472347597681E-14,-1.,0.));
#12812=DIRECTION('',(1.,1.73472347597681E-14,0.));
#12813=DIRECTION('',(0.,1.,9.57088814332265E-16));
#12814=DIRECTION('',(0.,0.,-1.));
#12815=DIRECTION('',(-1.,3.46944695195361E-15,6.0185310762101E-30));
#12816=DIRECTION('',(-3.46944695195361E-15,-1.,0.));
#12817=DIRECTION('',(0.,-9.57088814332265E-16,1.));
#12818=DIRECTION('',(0.,1.,1.54197642309049E-15));
#12819=DIRECTION('',(-1.,3.46944695195362E-15,6.01853107621011E-30));
#12820=DIRECTION('',(-3.46944695195361E-15,-0.999999999999999,0.));
#12821=DIRECTION('',(-1.,3.46944695195363E-15,3.32056886963399E-30));
#12822=DIRECTION('',(-3.46944695195361E-15,-0.999999999999999,0.));
#12823=DIRECTION('',(-0.996521728591783,1.72868963690916E-15,-0.083333333333331));
#12824=DIRECTION('',(0.0833333333333311,0.,-0.996521728591784));
#12825=DIRECTION('',(-3.46944695195363E-15,-1.,-9.57088814332265E-16));
#12826=DIRECTION('',(1.,-3.46944695195361E-15,0.));
#12827=DIRECTION('',(2.16840434497101E-15,-7.75295408257707E-17,-1.));
#12828=DIRECTION('',(1.,0.,2.60208521396521E-15));
#12829=DIRECTION('',(1.17093834628434E-14,-1.55059081651558E-16,-1.));
#12830=DIRECTION('',(1.,0.,1.12757025938492E-14));
#12831=DIRECTION('',(0.,0.,-1.));
#12832=DIRECTION('',(1.,0.,0.));
#12833=DIRECTION('',(0.,7.75295408257707E-17,1.));
#12834=DIRECTION('',(0.,1.,0.));
#12835=DIRECTION('',(0.,0.,-1.));
#12836=DIRECTION('',(1.,0.,0.));
#12837=DIRECTION('',(0.,-1.55059081651558E-16,-1.));
#12838=DIRECTION('',(0.,-1.,2.16840434497101E-16));
#12839=DIRECTION('',(0.,1.,0.));
#12840=DIRECTION('',(-1.,0.,0.));
#12841=DIRECTION('',(-1.,0.,0.));
#12842=DIRECTION('',(0.,-1.,0.));
#12843=DIRECTION('',(0.,-1.,0.));
#12844=DIRECTION('',(1.,0.,0.));
#12845=DIRECTION('',(-1.,0.,0.));
#12846=DIRECTION('',(0.,-1.,0.));
#12847=DIRECTION('',(0.,1.,0.));
#12848=DIRECTION('',(-1.,0.,0.));
#12849=DIRECTION('',(0.,1.,-7.38180202543656E-17));
#12850=DIRECTION('',(0.,-7.38180202543681E-17,-1.));
#12851=DIRECTION('',(0.,-1.,0.));
#12852=DIRECTION('',(1.,0.,0.));
#12853=DIRECTION('',(0.,1.,0.));
#12854=DIRECTION('',(-1.,0.,0.));
#12855=DIRECTION('',(0.,0.,-1.));
#12856=DIRECTION('',(1.,0.,0.));
#12857=DIRECTION('',(-1.,0.,0.));
#12858=DIRECTION('',(0.,-1.,0.));
#12859=DIRECTION('',(0.,0.,-1.));
#12860=DIRECTION('',(1.,0.,0.));
#12861=DIRECTION('',(-1.,0.,0.));
#12862=DIRECTION('',(0.,-1.,0.));
#12863=DIRECTION('',(0.,0.,-1.));
#12864=DIRECTION('',(1.,0.,0.));
#12865=DIRECTION('',(0.,9.13012355777267E-17,-1.));
#12866=DIRECTION('',(0.,-1.,0.));
#12867=DIRECTION('',(0.,0.,-1.));
#12868=DIRECTION('',(1.,0.,0.));
#12869=DIRECTION('',(0.,-9.13012355777267E-17,1.));
#12870=DIRECTION('',(0.,1.,0.));
#12871=DIRECTION('',(-1.,0.,0.));
#12872=DIRECTION('',(0.,-1.,0.));
#12873=DIRECTION('',(-7.30256117572425E-31,1.,9.13012355777267E-17));
#12874=DIRECTION('',(0.,0.,-1.));
#12875=DIRECTION('',(-1.,0.,0.));
#12876=DIRECTION('',(0.,-1.,0.));
#12877=DIRECTION('',(7.30256117572425E-31,-1.,-9.13012355777267E-17));
#12878=DIRECTION('',(0.,0.,1.));
#12879=DIRECTION('',(-1.,0.,0.));
#12880=DIRECTION('',(0.,-1.,0.));
#12881=DIRECTION('',(1.,7.30256117572425E-31,0.));
#12882=DIRECTION('',(0.,1.,0.));
#12883=DIRECTION('',(-1.,0.,0.));
#12884=DIRECTION('',(0.,-1.,0.));
#12885=DIRECTION('',(1.,7.30256117572425E-31,0.));
#12886=DIRECTION('',(0.,1.,0.));
#12887=DIRECTION('',(1.73472347597681E-15,1.,0.));
#12888=DIRECTION('',(-1.,1.73472347597681E-15,0.));
#12889=DIRECTION('',(0.,0.,-1.));
#12890=DIRECTION('',(0.999999999999999,0.,0.));
#12891=DIRECTION('',(-1.73472347597681E-15,-1.,0.));
#12892=DIRECTION('',(1.,-1.73472347597681E-15,0.));
#12893=DIRECTION('',(0.,0.,-1.));
#12894=DIRECTION('',(0.999999999999999,0.,0.));
#12895=DIRECTION('',(-1.59872115546022E-15,-1.,0.));
#12896=DIRECTION('',(1.,-1.59872115546022E-15,0.));
#12897=DIRECTION('',(1.97933329737529E-15,1.55059081651558E-16,1.));
#12898=DIRECTION('',(1.,0.,-1.73472347597681E-15));
#12899=DIRECTION('',(0.,0.,1.));
#12900=DIRECTION('',(-1.,0.,0.));
#12901=DIRECTION('',(0.,-1.55059081651558E-16,-1.));
#12902=DIRECTION('',(0.,-1.,2.16840434497101E-16));
#12903=DIRECTION('',(1.30104260698261E-15,7.75295408257707E-17,1.));
#12904=DIRECTION('',(-1.,0.,0.));
#12905=DIRECTION('',(0.,0.,1.));
#12906=DIRECTION('',(-1.,0.,0.));
#12907=DIRECTION('',(0.,7.75295408257707E-17,1.));
#12908=DIRECTION('',(0.,1.,0.));
#12909=DIRECTION('',(1.,0.,0.));
#12910=DIRECTION('',(0.,1.,0.));
#12911=DIRECTION('',(1.,0.,0.));
#12912=DIRECTION('',(0.,1.,0.));
#12913=DIRECTION('',(-1.,0.,0.));
#12914=DIRECTION('',(0.,-1.,0.));
#12915=DIRECTION('',(0.,1.,0.));
#12916=DIRECTION('',(-1.,0.,0.));
#12917=DIRECTION('',(0.,-9.57088814332265E-16,1.));
#12918=DIRECTION('',(0.,1.,1.54197642309049E-15));
#12919=DIRECTION('',(0.,1.,0.));
#12920=DIRECTION('',(-1.,0.,0.));
#12921=DIRECTION('',(0.,1.,9.57088814332265E-16));
#12922=DIRECTION('',(0.,0.,-1.));
#12923=DIRECTION('',(0.,1.,3.25398871551602E-15));
#12924=DIRECTION('',(0.,3.46944695195361E-15,-1.));
#12925=DIRECTION('',(-1.,-3.46944695195362E-15,5.26372422132863E-16));
#12926=DIRECTION('',(3.46944695195361E-15,-1.,0.));
#12927=DIRECTION('',(0.,-9.57088814332265E-16,1.));
#12928=DIRECTION('',(0.,1.,1.54197642309049E-15));
#12929=DIRECTION('',(-1.,-3.46944695195362E-15,-8.67361737988391E-16));
#12930=DIRECTION('',(-3.46944695195361E-15,1.,0.));
#12931=DIRECTION('',(-1.,-3.46944695195362E-15,-6.01853107621011E-30));
#12932=DIRECTION('',(3.46944695195361E-15,-0.999999999999999,0.));
#12933=DIRECTION('',(-1.,-3.46944695195362E-15,-3.32056886963399E-30));
#12934=DIRECTION('',(3.46944695195361E-15,-1.,0.));
#12935=DIRECTION('',(0.,1.,1.73472347597681E-15));
#12936=DIRECTION('',(0.,1.73472347597681E-15,-1.));
#12937=DIRECTION('',(0.,-9.57088814332265E-16,1.));
#12938=DIRECTION('',(0.,1.,1.06752213906265E-15));
#12939=DIRECTION('',(0.,1.,1.73472347597681E-15));
#12940=DIRECTION('',(0.,1.73472347597681E-15,-1.));
#12941=DIRECTION('',(0.,-1.,-9.57088814332265E-16));
#12942=DIRECTION('',(0.,0.,1.));
#12943=DIRECTION('',(1.,-3.46944695195361E-15,-6.0185310762101E-30));
#12944=DIRECTION('',(3.46944695195361E-15,1.,0.));
#12945=DIRECTION('',(0.,-9.57088814332265E-16,1.));
#12946=DIRECTION('',(0.,1.,1.06752213906265E-15));
#12947=DIRECTION('',(1.,-3.4694469519536E-15,-6.01853107621008E-30));
#12948=DIRECTION('',(3.46944695195361E-15,0.999999999999999,0.));
#12949=DIRECTION('',(1.,-3.46944695195363E-15,-3.32056886963399E-30));
#12950=DIRECTION('',(3.46944695195361E-15,1.,0.));
#12951=DIRECTION('',(1.,-3.46944695195363E-15,-7.5196060304692E-17));
#12952=DIRECTION('',(3.46944695195361E-15,1.,0.));
#12953=DIRECTION('',(1.21748079704091E-28,1.,-3.50914948088588E-15));
#12954=DIRECTION('',(0.,-3.46944695195361E-15,-1.));
#12955=DIRECTION('',(0.,-9.57088814332265E-16,1.));
#12956=DIRECTION('',(0.,1.,1.54197642309049E-15));
#12957=DIRECTION('',(0.,1.,-6.50521303491301E-16));
#12958=DIRECTION('',(0.,0.,1.));
#12959=DIRECTION('',(0.,1.,0.));
#12960=DIRECTION('',(-1.,0.,0.));
#12961=DIRECTION('',(0.,1.,9.57088814332265E-16));
#12962=DIRECTION('',(0.,0.,-1.));
#12963=DIRECTION('',(-1.,0.,0.));
#12964=DIRECTION('',(0.,-1.,0.));
#12965=DIRECTION('',(0.,-9.57088814332265E-16,1.));
#12966=DIRECTION('',(0.,1.,1.54197642309049E-15));
#12967=DIRECTION('',(-1.,0.,0.));
#12968=DIRECTION('',(0.,-1.,0.));
#12969=DIRECTION('',(-1.,0.,0.));
#12970=DIRECTION('',(0.,-1.,0.));
#12971=DIRECTION('',(0.,0.,-1.));
#12972=DIRECTION('',(1.,0.,0.));
#12973=DIRECTION('',(8.67361737988404E-16,1.55059081651558E-16,1.));
#12974=DIRECTION('',(-1.,0.,0.));
#12975=DIRECTION('',(0.,-1.55059081651558E-16,-1.));
#12976=DIRECTION('',(0.,-1.,2.16840434497101E-16));
#12977=DIRECTION('',(7.66858394207515E-15,-7.75295408257707E-17,-1.));
#12978=DIRECTION('',(-1.,0.,-6.93889390390723E-15));
#12979=DIRECTION('',(0.,0.,-1.));
#12980=DIRECTION('',(1.,0.,0.));
#12981=DIRECTION('',(0.,7.75295408257707E-17,1.));
#12982=DIRECTION('',(0.,1.,0.));
#12983=CARTESIAN_POINT('',(0.,0.,0.));
#12984=CARTESIAN_POINT('',(13.4999999998414,18.9999999998447,74.));
#12985=CARTESIAN_POINT('',(7.74999999983999,18.9999999998882,64.0407078564765));
#12986=CARTESIAN_POINT('',(13.4999999998603,21.4999999998447,74.));
#12987=CARTESIAN_POINT('',(7.7499999998589,21.4999999998882,64.0407078564765));
#12988=CARTESIAN_POINT('',(13.4999999998376,18.4999999998447,74.));
#12989=CARTESIAN_POINT('',(13.4999999998376,18.4999999998447,74.));
#12990=CARTESIAN_POINT('',(7.99999999983621,18.4999999998863,64.4737205583687));
#12991=CARTESIAN_POINT('',(19.1291651244365,18.4999999998021,70.75));
#12992=CARTESIAN_POINT('',(17.3041651244365,18.4999999998159,67.5890072761868));
#12993=CARTESIAN_POINT('',(7.87083487523874,18.4999999998873,70.75));
#12994=CARTESIAN_POINT('',(6.04583487523875,18.4999999999011,67.5890072761868));
#12995=CARTESIAN_POINT('',(13.4999999998376,18.4999999998447,80.5));
#12996=CARTESIAN_POINT('',(11.6749999998376,18.4999999998585,77.3390072761868));
#12997=CARTESIAN_POINT('',(13.4999999998376,18.4999999998447,74.));
#12998=CARTESIAN_POINT('',(7.87083487526142,21.4999999998873,70.75));
#12999=CARTESIAN_POINT('',(7.04583487526143,21.4999999998935,72.1789419162443));
#13000=CARTESIAN_POINT('',(19.1291651244591,21.4999999998021,70.75));
#13001=CARTESIAN_POINT('',(18.3041651244591,21.4999999998084,69.3210580837557));
#13002=CARTESIAN_POINT('',(13.4999999998603,21.4999999998447,80.5));
#13003=CARTESIAN_POINT('',(15.1499999998603,21.4999999998322,80.5));
#13004=CARTESIAN_POINT('',(13.4999999998603,21.4999999998447,74.));
#13005=CARTESIAN_POINT('',(13.4999999998527,20.4999999998447,80.5));
#13006=CARTESIAN_POINT('',(12.6749999998527,20.4999999998509,79.0710580837557));
#13007=CARTESIAN_POINT('',(13.4999999998603,21.4999999998447,80.5));
#13008=CARTESIAN_POINT('',(19.1291651244516,20.4999999998021,70.75));
#13009=CARTESIAN_POINT('',(18.3041651244516,20.4999999998084,69.3210580837557));
#13010=CARTESIAN_POINT('',(19.1291651244591,21.4999999998021,70.75));
#13011=CARTESIAN_POINT('',(7.87083487525386,20.4999999998873,70.75));
#13012=CARTESIAN_POINT('',(7.04583487525387,20.4999999998935,69.3210580837557));
#13013=CARTESIAN_POINT('',(7.87083487526142,21.4999999998873,70.75));
#13014=CARTESIAN_POINT('',(19.1291651244516,20.4999999998021,70.75));
#13015=CARTESIAN_POINT('',(7.87083487525386,20.4999999998873,70.75));
#13016=CARTESIAN_POINT('',(13.4999999998527,20.4999999998447,80.5));
#13017=CARTESIAN_POINT('',(13.4999999998376,18.4999999998447,74.));
#13018=CARTESIAN_POINT('',(1.33573707650214E-13,-36.2000000001063,39.));
#13019=CARTESIAN_POINT('',(-1.64999999999987,-36.2000000001063,39.));
#13020=CARTESIAN_POINT('',(1.33573707650214E-13,-36.2000000001063,41.9999999999999));
#13021=CARTESIAN_POINT('',(1.33573707650214E-13,-34.5500000001064,41.9999999999999));
#13022=CARTESIAN_POINT('',(1.33573707650214E-13,-36.2000000001063,-5.4999999999993));
#13023=CARTESIAN_POINT('',(-6.99999999999984,-40.0000000001062,39.));
#13024=CARTESIAN_POINT('',(-8.64999999999984,-40.0000000001062,39.));
#13025=CARTESIAN_POINT('',(-6.99999999999984,-40.0000000001062,41.9999999999999));
#13026=CARTESIAN_POINT('',(-6.99999999999984,-38.3500000001062,41.9999999999999));
#13027=CARTESIAN_POINT('',(-6.99999999999984,-40.0000000001062,-5.49999999999923));
#13028=CARTESIAN_POINT('',(7.00000000000019,-40.0000000001063,39.));
#13029=CARTESIAN_POINT('',(5.35000000000019,-40.0000000001063,39.));
#13030=CARTESIAN_POINT('',(7.00000000000019,-40.0000000001063,41.9999999999999));
#13031=CARTESIAN_POINT('',(7.00000000000019,-38.3500000001063,41.9999999999999));
#13032=CARTESIAN_POINT('',(7.00000000000019,-40.0000000001063,-5.49999999999923));
#13033=CARTESIAN_POINT('',(15.0000000000054,-44.5000000001062,38.9999999999999));
#13034=CARTESIAN_POINT('',(15.0000000000054,-41.0000000001062,38.9999999999999));
#13035=CARTESIAN_POINT('',(15.0000000000054,-34.7000000001062,38.9999999999999));
#13036=CARTESIAN_POINT('',(11.5000000000054,-41.0000000001062,39.));
#13037=CARTESIAN_POINT('',(11.5000000000054,-44.5000000001062,38.9999999999999));
#13038=CARTESIAN_POINT('',(-14.9999999999946,-44.5000000001062,39.));
#13039=CARTESIAN_POINT('',(-11.4999999999946,-44.5000000001062,39.));
#13040=CARTESIAN_POINT('',(-11.4999999999946,-41.0000000001062,39.));
#13041=CARTESIAN_POINT('',(-14.9999999999946,-41.0000000001062,39.));
#13042=CARTESIAN_POINT('',(-14.9999999999946,28.1999999998938,39.));
#13043=CARTESIAN_POINT('',(-14.9999999999946,-25.2000000001062,39.));
#13044=CARTESIAN_POINT('',(-1.99999999999458,-25.2000000001062,39.));
#13045=CARTESIAN_POINT('',(23.0000000000003,-25.2000000001062,39.));
#13046=CARTESIAN_POINT('',(23.0000000000003,-25.2000000001062,39.));
#13047=CARTESIAN_POINT('',(23.0000000000003,-31.2000000001062,39.));
#13048=CARTESIAN_POINT('',(-1.99999999999458,-31.2000000001062,39.));
#13049=CARTESIAN_POINT('',(18.5000000000054,-31.2000000001062,39.));
#13050=CARTESIAN_POINT('',(18.5000000000054,-34.7000000001062,39.));
#13051=CARTESIAN_POINT('',(-1.99999999999458,-25.2000000001062,39.));
#13052=CARTESIAN_POINT('',(-6.99999999999994,-40.0000000001064,44.));
#13053=CARTESIAN_POINT('',(-10.2499999999999,-40.0000000001064,44.));
#13054=CARTESIAN_POINT('',(7.00000000000018,-40.0000000001065,44.));
#13055=CARTESIAN_POINT('',(3.75000000000018,-40.0000000001065,44.));
#13056=CARTESIAN_POINT('',(-14.9999999999946,-36.2000000001062,44.));
#13057=CARTESIAN_POINT('',(15.0000000000054,-36.2000000001062,44.));
#13058=CARTESIAN_POINT('',(3.25000000000013,-36.2000000001062,44.));
#13059=CARTESIAN_POINT('',(1.33573707650214E-13,-36.2000000001065,44.));
#13060=CARTESIAN_POINT('',(-3.24999999999987,-36.2000000001062,44.));
#13061=CARTESIAN_POINT('',(-14.9999999999946,-36.2000000001062,44.));
#13062=CARTESIAN_POINT('',(-14.9999999999946,-36.2000000001062,44.));
#13063=CARTESIAN_POINT('',(-14.9999999999946,-44.5000000001062,44.));
#13064=CARTESIAN_POINT('',(-14.9999999999946,-41.0000000001062,44.));
#13065=CARTESIAN_POINT('',(-11.4999999999946,-41.0000000001062,44.));
#13066=CARTESIAN_POINT('',(-11.4999999999946,-44.5000000001062,44.));
#13067=CARTESIAN_POINT('',(15.0000000000054,-44.5000000001062,44.));
#13068=CARTESIAN_POINT('',(11.5000000000054,-44.5000000001062,44.));
#13069=CARTESIAN_POINT('',(11.5000000000054,-41.0000000001062,44.));
#13070=CARTESIAN_POINT('',(15.0000000000054,-41.0000000001062,44.));
#13071=CARTESIAN_POINT('',(15.0000000000054,-44.5000000001062,44.));
#13072=CARTESIAN_POINT('',(15.0000000000054,-44.5000000001062,44.));
#13073=CARTESIAN_POINT('',(18.5000000000002,-31.2000000001062,65.3397459621556));
#13074=CARTESIAN_POINT('',(18.5000000000002,-31.2000000001062,61.6897459621556));
#13075=CARTESIAN_POINT('',(18.5000000000002,-31.2000000001062,82.6602540378444));
#13076=CARTESIAN_POINT('',(18.5000000000002,-31.2000000001062,79.0102540378444));
#13077=CARTESIAN_POINT('',(3.5000000000002,-31.2000000001062,74.));
#13078=CARTESIAN_POINT('',(3.5000000000002,-31.2000000001062,70.35));
#13079=CARTESIAN_POINT('',(14.2500000000029,-31.2000000001062,73.2499999999973));
#13080=CARTESIAN_POINT('',(-4.92893218812906,-31.2000000001062,54.0710678118655));
#13081=CARTESIAN_POINT('',(-9.99999999999458,-31.2000000001062,49.));
#13082=CARTESIAN_POINT('',(18.5000000000054,-31.2000000001062,48.9999999999999));
#13083=CARTESIAN_POINT('',(18.5000000000054,-31.2000000001062,48.9999999999999));
#13084=CARTESIAN_POINT('',(18.5000000000054,-31.2000000001062,39.));
#13085=CARTESIAN_POINT('',(23.0000000000003,-31.2000000001062,45.));
#13086=CARTESIAN_POINT('',(29.0000000000003,-31.2000000001062,45.));
#13087=CARTESIAN_POINT('',(29.0000000000002,-31.2000000001062,39.));
#13088=CARTESIAN_POINT('',(28.9999999999949,-31.2000000001062,74.));
#13089=CARTESIAN_POINT('',(13.5000000000002,-31.2000000001062,74.));
#13090=CARTESIAN_POINT('',(-1.9999999999945,-31.2000000001062,73.9999999999999));
#13091=CARTESIAN_POINT('',(-1.9999999999945,-31.2000000001062,74.0000000000001));
#13092=CARTESIAN_POINT('',(-1.99999999999453,-31.2000000001062,61.142135623731));
#13093=CARTESIAN_POINT('',(-11.9999999999945,-31.2000000001062,61.142135623731));
#13094=CARTESIAN_POINT('',(13.5000000000002,-31.2000000001062,74.));
#13095=CARTESIAN_POINT('',(-1.9999999999945,-25.2000000001062,74.0000000000001));
#13096=CARTESIAN_POINT('',(-1.9999999999945,-25.2000000001062,73.9999999999999));
#13097=CARTESIAN_POINT('',(-1.99999999999453,-25.2000000001062,61.142135623731));
#13098=CARTESIAN_POINT('',(-1.99999999999453,-25.2000000001062,61.142135623731));
#13099=CARTESIAN_POINT('',(-1.9999999999945,-25.2000000001062,73.9999999999999));
#13100=CARTESIAN_POINT('',(-1.9999999999945,-25.2000000001062,74.0000000000001));
#13101=CARTESIAN_POINT('',(13.5000000000002,-17.6000000001062,74.));
#13102=CARTESIAN_POINT('',(13.5000000000002,-17.6000000001062,58.5000000000053));
#13103=CARTESIAN_POINT('',(28.9999999999949,-25.2000000001062,74.));
#13104=CARTESIAN_POINT('',(28.9999999999949,-25.2000000001062,74.));
#13105=CARTESIAN_POINT('',(13.5000000000002,-25.2000000001062,74.));
#13106=CARTESIAN_POINT('',(13.5000000000002,-18.6000000001062,74.));
#13107=CARTESIAN_POINT('',(18.5000000000002,-18.6000000001062,82.6602540378444));
#13108=CARTESIAN_POINT('',(17.0710580837559,-18.6000000001062,83.4852540378444));
#13109=CARTESIAN_POINT('',(3.5000000000002,-18.6000000001062,74.));
#13110=CARTESIAN_POINT('',(3.5000000000002,-18.6000000001062,72.35));
#13111=CARTESIAN_POINT('',(18.5000000000002,-18.6000000001062,65.3397459621556));
#13112=CARTESIAN_POINT('',(19.9289419162446,-18.6000000001062,66.1647459621556));
#13113=CARTESIAN_POINT('',(13.5000000000002,-18.6000000001062,74.));
#13114=CARTESIAN_POINT('',(13.5000000000002,-18.6000000001062,60.4));
#13115=CARTESIAN_POINT('',(13.5000000000002,-18.6000000001062,74.));
#13116=CARTESIAN_POINT('',(18.5000000000002,-29.2000000001062,82.6602540378444));
#13117=CARTESIAN_POINT('',(18.5000000000002,-29.2000000001062,81.0102540378444));
#13118=CARTESIAN_POINT('',(18.5000000000002,-143.340000000106,82.6602540378444));
#13119=CARTESIAN_POINT('',(3.5000000000002,-29.2000000001062,74.));
#13120=CARTESIAN_POINT('',(3.5000000000002,-29.2000000001062,72.35));
#13121=CARTESIAN_POINT('',(3.5000000000002,-143.340000000106,74.));
#13122=CARTESIAN_POINT('',(18.5000000000002,-29.2000000001062,65.3397459621556));
#13123=CARTESIAN_POINT('',(18.5000000000002,-29.2000000001062,63.6897459621556));
#13124=CARTESIAN_POINT('',(18.5000000000002,-143.340000000106,65.3397459621556));
#13125=CARTESIAN_POINT('',(3.5000000000002,-29.2000000001062,74.));
#13126=CARTESIAN_POINT('',(18.5000000000002,-29.2000000001062,82.6602540378444));
#13127=CARTESIAN_POINT('',(18.5000000000002,-29.2000000001062,65.3397459621556));
#13128=CARTESIAN_POINT('',(13.5000000000002,-17.6000000001062,74.));
#13129=CARTESIAN_POINT('',(13.5000000000002,-17.6000000001062,60.4));
#13130=CARTESIAN_POINT('',(13.5000000000002,-17.6000000001062,74.));
#13131=CARTESIAN_POINT('',(13.5000000000002,-17.6000000001062,74.));
#13132=CARTESIAN_POINT('',(29.0000000000003,-25.2000000001062,45.));
#13133=CARTESIAN_POINT('',(29.0000000000003,-25.2000000001062,45.));
#13134=CARTESIAN_POINT('',(29.0000000000002,-25.2000000001062,39.));
#13135=CARTESIAN_POINT('',(29.0000000000002,-25.2000000001062,39.));
#13136=CARTESIAN_POINT('',(23.0000000000003,-25.2000000001062,45.));
#13137=CARTESIAN_POINT('',(-14.9999999999946,-25.2000000001062,44.));
#13138=CARTESIAN_POINT('',(-14.9999999999946,-25.2000000001062,44.));
#13139=CARTESIAN_POINT('',(-1.99999999999454,-25.2000000001062,57.));
#13140=CARTESIAN_POINT('',(-4.92893218812906,-25.2000000001062,54.0710678118655));
#13141=CARTESIAN_POINT('',(-11.9999999999945,-25.2000000001062,61.142135623731));
#13142=CARTESIAN_POINT('',(13.5000000000002,-25.2000000001062,74.));
#13143=CARTESIAN_POINT('',(-14.9999999999946,-41.0000000001062,44.));
#13144=CARTESIAN_POINT('',(-14.9999999999946,28.1999999998938,44.));
#13145=CARTESIAN_POINT('',(-14.9999999999946,28.1999999998938,44.));
#13146=CARTESIAN_POINT('',(-4.92893218812906,-25.2000000001062,54.0710678118655));
#13147=CARTESIAN_POINT('',(-9.99999999999458,-36.2000000001062,49.));
#13148=CARTESIAN_POINT('',(-1.99999999999454,-25.2000000001062,57.));
#13149=CARTESIAN_POINT('',(23.0000000000003,-25.2000000001062,45.));
#13150=CARTESIAN_POINT('',(15.0000000000054,-34.7000000001062,44.));
#13151=CARTESIAN_POINT('',(15.0000000000054,-34.7000000001062,44.2303039929152));
#13152=CARTESIAN_POINT('',(15.0000000000054,-36.2000000001062,49.));
#13153=CARTESIAN_POINT('',(15.0000000000054,-41.0000000001062,38.9999999999999));
#13154=CARTESIAN_POINT('',(15.0000000000054,-44.5000000001062,38.9999999999999));
#13155=CARTESIAN_POINT('',(11.5000000000054,-44.5000000001062,44.));
#13156=CARTESIAN_POINT('',(-11.4999999999945,-44.5000000001063,74.));
#13157=CARTESIAN_POINT('',(13.5000000000002,-44.5000000001063,74.));
#13158=CARTESIAN_POINT('',(18.5000000000054,-31.2000000001062,48.9999999999999));
#13159=CARTESIAN_POINT('',(17.713983631654,-31.2000000001063,48.0605305122949));
#13160=CARTESIAN_POINT('',(16.9159175430217,-31.4585438616311,47.1101985780078));
#13161=CARTESIAN_POINT('',(15.5764147631924,-32.5859979917651,45.395593639536));
#13162=CARTESIAN_POINT('',(15.0000000000054,-33.5110221925323,44.6042202149788));
#13163=CARTESIAN_POINT('',(15.0000000000054,-34.7000000001062,44.2303039929152));
#13164=CARTESIAN_POINT('',(18.5000000000054,-34.7000000001062,38.9999999999999));
#13165=CARTESIAN_POINT('',(11.5000000000055,-41.0000000001063,74.));
#13166=CARTESIAN_POINT('',(-11.4999999999945,-41.0000000001063,74.0000000000001));
#13167=CARTESIAN_POINT('',(-11.9999999999945,-25.2000000001062,61.142135623731));
#13168=CARTESIAN_POINT('',(-3.24999999999987,-36.2000000001062,44.));
#13169=CARTESIAN_POINT('',(-3.24999999999984,-35.8733855195228,44.));
#13170=CARTESIAN_POINT('',(-3.19889411792107,-35.5422591281063,44.0336147637353));
#13171=CARTESIAN_POINT('',(-3.10364891205831,-35.2357057345016,44.0938674529399));
#13172=CARTESIAN_POINT('',(-3.00871895127952,-34.9301669793706,44.1539207162113));
#13173=CARTESIAN_POINT('',(-2.86830617913966,-34.6407491433261,44.2413500958678));
#13174=CARTESIAN_POINT('',(-2.69521695849599,-34.383876230471,44.3414922503696));
#13175=CARTESIAN_POINT('',(-2.50757236499225,-34.1054024287197,44.4500555323823));
#13176=CARTESIAN_POINT('',(-2.27752435276255,-33.8579718895682,44.5759713402993));
#13177=CARTESIAN_POINT('',(-2.01787288342109,-33.6523169298732,44.6977551239326));
#13178=CARTESIAN_POINT('',(-1.72005732561219,-33.4164343959014,44.83743892987));
#13179=CARTESIAN_POINT('',(-1.37335487799271,-33.2282697278357,44.9760088071807));
#13180=CARTESIAN_POINT('',(-0.998974976113613,-33.1073394954441,45.0712023464038));
#13181=CARTESIAN_POINT('',(-0.728605504258505,-33.0200061666545,45.1399491642607));
#13182=CARTESIAN_POINT('',(-0.436770126086861,-32.9662620709147,45.1864409686241));
#13183=CARTESIAN_POINT('',(-0.144949280166186,-32.9532339620034,45.1975652150468));
#13184=CARTESIAN_POINT('',(0.147655386815638,-32.9401708600261,45.2087193408243));
#13185=CARTESIAN_POINT('',(0.447295978940444,-32.9680436794865,45.1840559569279));
#13186=CARTESIAN_POINT('',(0.728262083734435,-33.0326455303013,45.1311674031296));
#13187=CARTESIAN_POINT('',(0.999968092172131,-33.0951182297589,45.0800219532004));
#13188=CARTESIAN_POINT('',(1.26090501123124,-33.1924671089138,45.0027602357729));
#13189=CARTESIAN_POINT('',(1.49999291540966,-33.3168556655784,44.9149689418218));
#13190=CARTESIAN_POINT('',(1.78648826970169,-33.4659085577938,44.8097699860206));
#13191=CARTESIAN_POINT('',(2.04855167098671,-33.6568488319683,44.68769916104));
#13192=CARTESIAN_POINT('',(2.27616270611862,-33.8801760121118,44.5707318138629));
#13193=CARTESIAN_POINT('',(2.54763988444392,-34.146543733139,44.4312220341661));
#13194=CARTESIAN_POINT('',(2.77770161082825,-34.4677661908657,44.2951220677292));
#13195=CARTESIAN_POINT('',(2.94384694583199,-34.8229505603562,44.1933655391236));
#13196=CARTESIAN_POINT('',(3.07702229903311,-35.1076519265267,44.1118016382337));
#13197=CARTESIAN_POINT('',(3.17195911492436,-35.4217001001895,44.0504935255338));
#13198=CARTESIAN_POINT('',(3.2175457087323,-35.7418519757527,44.0210342049999));
#13199=CARTESIAN_POINT('',(3.23906134875789,-35.8929550069894,44.0071302020231));
#13200=CARTESIAN_POINT('',(3.25000000000012,-36.0467408401405,44.));
#13201=CARTESIAN_POINT('',(3.25000000000013,-36.2000000001062,44.));
#13202=CARTESIAN_POINT('',(15.0000000000054,-36.2000000001062,49.));
#13203=CARTESIAN_POINT('',(7.00000000000018,-40.0000000001065,41.9999999999999));
#13204=CARTESIAN_POINT('',(10.2500000000002,-40.0000000001065,41.9999999999999));
#13205=CARTESIAN_POINT('',(7.00000000000018,-40.0000000001065,41.9999999999999));
#13206=CARTESIAN_POINT('',(7.00000000000018,-40.0000000001065,41.9999999999999));
#13207=CARTESIAN_POINT('',(-6.99999999999994,-40.0000000001064,41.9999999999999));
#13208=CARTESIAN_POINT('',(-3.74999999999993,-40.0000000001064,41.9999999999999));
#13209=CARTESIAN_POINT('',(-6.99999999999994,-40.0000000001064,41.9999999999999));
#13210=CARTESIAN_POINT('',(-6.99999999999994,-40.0000000001064,41.9999999999999));
#13211=CARTESIAN_POINT('',(1.33573707650214E-13,-36.2000000001065,41.9999999999999));
#13212=CARTESIAN_POINT('',(3.25000000000013,-36.2000000001065,41.9999999999999));
#13213=CARTESIAN_POINT('',(1.33573707650214E-13,-36.2000000001065,41.9999999999999));
#13214=CARTESIAN_POINT('',(1.33573707650214E-13,-36.2000000001065,41.9999999999999));
#13215=CARTESIAN_POINT('',(3.9076707807871,38.9999999998939,44.));
#13216=CARTESIAN_POINT('',(4.01380223388882,38.6718066063901,44.));
#13217=CARTESIAN_POINT('',(4.17531780617788,38.3568328019413,44.0336355451404));
#13218=CARTESIAN_POINT('',(4.37665048077884,38.0815273521872,44.0850831140888));
#13219=CARTESIAN_POINT('',(4.57726712537455,37.807201013067,44.1363477122247));
#13220=CARTESIAN_POINT('',(4.82229399620842,37.5641078622459,44.2060614083791));
#13221=CARTESIAN_POINT('',(5.09523462391884,37.3666810176819,44.2742969726879));
#13222=CARTESIAN_POINT('',(5.38936098171876,37.1539298446131,44.3478290011402));
#13223=CARTESIAN_POINT('',(5.72468314285062,36.9882109387248,44.4211400627407));
#13224=CARTESIAN_POINT('',(6.07671550432583,36.8839053703869,44.4698627483296));
#13225=CARTESIAN_POINT('',(6.42659726520932,36.7802370151053,44.5182877822025));
#13226=CARTESIAN_POINT('',(6.80419281928571,36.7350997778323,44.5423436392349));
#13227=CARTESIAN_POINT('',(7.17166541938991,36.7545368613295,44.5325739744962));
#13228=CARTESIAN_POINT('',(7.50253179667405,36.7720376964933,44.523777526602));
#13229=CARTESIAN_POINT('',(7.83388737206186,36.8417819658246,44.4880221438873));
#13230=CARTESIAN_POINT('',(8.14049291622402,36.9566834031465,44.4365739531075));
#13231=CARTESIAN_POINT('',(8.45242297271137,37.0735802189958,44.3842323129719));
#13232=CARTESIAN_POINT('',(8.746982383773,37.23960350652,44.3152237830117));
#13233=CARTESIAN_POINT('',(9.00694556548501,37.4437000376093,44.2483760220959));
#13234=CARTESIAN_POINT('',(9.29360838046698,37.6687583929688,44.1746626324029));
#13235=CARTESIAN_POINT('',(9.54632265770898,37.946997380579,44.1020033299568));
#13236=CARTESIAN_POINT('',(9.74399562144654,38.2584524037944,44.0552950378491));
#13237=CARTESIAN_POINT('',(9.88950776925228,38.4877224492071,44.020911863861));
#13238=CARTESIAN_POINT('',(10.0081087469032,38.7395625725145,44.));
#13239=CARTESIAN_POINT('',(10.092329219213,38.9999999998939,44.));
#13240=CARTESIAN_POINT('',(3.9076707807871,38.9999999998939,44.));
#13241=CARTESIAN_POINT('',(10.092329219213,38.9999999998939,44.));
#13242=CARTESIAN_POINT('',(-14.9999999999997,38.9999999998939,44.));
#13243=CARTESIAN_POINT('',(-3.90767078078715,38.9999999998939,44.));
#13244=CARTESIAN_POINT('',(-10.0923292192132,38.9999999998939,44.));
#13245=CARTESIAN_POINT('',(-9.98619776611148,38.6718066063901,44.));
#13246=CARTESIAN_POINT('',(-9.82468219382243,38.3568328019413,44.0336355451404));
#13247=CARTESIAN_POINT('',(-9.62334951922148,38.0815273521872,44.0850831140888));
#13248=CARTESIAN_POINT('',(-9.42273287462579,37.807201013067,44.1363477122247));
#13249=CARTESIAN_POINT('',(-9.17770600379192,37.5641078622459,44.2060614083792));
#13250=CARTESIAN_POINT('',(-8.90476537608152,37.3666810176819,44.274296972688));
#13251=CARTESIAN_POINT('',(-8.61063901828161,37.153929844613,44.3478290011402));
#13252=CARTESIAN_POINT('',(-8.27531685714976,36.9882109387247,44.4211400627408));
#13253=CARTESIAN_POINT('',(-7.92328449567456,36.8839053703868,44.4698627483297));
#13254=CARTESIAN_POINT('',(-7.57340273479107,36.7802370151052,44.5182877822026));
#13255=CARTESIAN_POINT('',(-7.19580718071468,36.7350997778322,44.542343639235));
#13256=CARTESIAN_POINT('',(-6.82833458061048,36.7545368613293,44.5325739744963));
#13257=CARTESIAN_POINT('',(-6.49746820332634,36.7720376964932,44.5237775266021));
#13258=CARTESIAN_POINT('',(-6.16611262793852,36.8417819658245,44.4880221438874));
#13259=CARTESIAN_POINT('',(-5.85950708377636,36.9566834031463,44.4365739531076));
#13260=CARTESIAN_POINT('',(-5.54757702728901,37.0735802189956,44.384232312972));
#13261=CARTESIAN_POINT('',(-5.25301761622737,37.2396035065197,44.3152237830118));
#13262=CARTESIAN_POINT('',(-4.99305443451536,37.4437000376091,44.248376022096));
#13263=CARTESIAN_POINT('',(-4.70639161953338,37.6687583929685,44.174662632403));
#13264=CARTESIAN_POINT('',(-4.45367734229137,37.9469973805787,44.1020033299569));
#13265=CARTESIAN_POINT('',(-4.2560043785538,38.2584524037941,44.0552950378492));
#13266=CARTESIAN_POINT('',(-4.11049223074798,38.4877224492069,44.0209118638611));
#13267=CARTESIAN_POINT('',(-3.99189125309698,38.7395625725144,44.));
#13268=CARTESIAN_POINT('',(-3.90767078078715,38.9999999998939,44.));
#13269=CARTESIAN_POINT('',(-10.0923292192132,38.9999999998939,44.));
#13270=CARTESIAN_POINT('',(-14.9999999999997,38.9999999998939,44.));
#13271=CARTESIAN_POINT('',(-14.9999999999997,38.9999999998939,44.));
#13272=CARTESIAN_POINT('',(-9.99999999999969,38.9999999998939,49.));
#13273=CARTESIAN_POINT('',(-9.99999999999969,33.9999999998939,49.));
#13274=CARTESIAN_POINT('',(13.5000000000001,33.9999999998939,48.9999999999999));
#13275=CARTESIAN_POINT('',(18.5000000000004,33.9999999998939,48.9999999999999));
#13276=CARTESIAN_POINT('',(15.0000000000003,37.4999999998939,44.2303039929152));
#13277=CARTESIAN_POINT('',(15.0000000000003,36.3110221923199,44.6042202149788));
#13278=CARTESIAN_POINT('',(15.5764147631873,35.3859979915527,45.3955936395359));
#13279=CARTESIAN_POINT('',(16.9159175430166,34.2585438614188,47.1101985780077));
#13280=CARTESIAN_POINT('',(17.7139836316146,33.9999999998939,48.0605305123236));
#13281=CARTESIAN_POINT('',(18.5000000000004,33.9999999998939,48.9999999999999));
#13282=CARTESIAN_POINT('',(15.0000000000003,37.4999999998939,44.2303039929152));
#13283=CARTESIAN_POINT('',(15.0000000000004,38.9999999998939,48.9999999999999));
#13284=CARTESIAN_POINT('',(15.0000000000003,38.9999999998939,44.));
#13285=CARTESIAN_POINT('',(-14.9999999999997,38.9999999998939,44.));
#13286=CARTESIAN_POINT('',(-14.9999999999997,38.9999999998939,49.));
#13287=CARTESIAN_POINT('',(-7.00000000000016,39.9999999998946,39.));
#13288=CARTESIAN_POINT('',(-7.00000000000016,38.3499999998946,39.));
#13289=CARTESIAN_POINT('',(-7.00000000000016,39.9999999998946,42.));
#13290=CARTESIAN_POINT('',(-7.00000000000016,41.6499999998946,42.));
#13291=CARTESIAN_POINT('',(-7.00000000000016,39.9999999998946,33.4999999999998));
#13292=CARTESIAN_POINT('',(7.00000000000007,39.9999999998947,39.));
#13293=CARTESIAN_POINT('',(7.00000000000007,38.3499999998947,39.));
#13294=CARTESIAN_POINT('',(7.00000000000007,39.9999999998947,42.));
#13295=CARTESIAN_POINT('',(7.00000000000007,41.6499999998947,42.));
#13296=CARTESIAN_POINT('',(7.00000000000007,39.9999999998947,33.4999999999998));
#13297=CARTESIAN_POINT('',(13.5000000000002,25.4999999998939,74.));
#13298=CARTESIAN_POINT('',(3.50000000000021,25.4999999998939,74.));
#13299=CARTESIAN_POINT('',(13.5000000000002,22.4999999998939,74.));
#13300=CARTESIAN_POINT('',(3.50000000000021,22.4999999998939,74.));
#13301=CARTESIAN_POINT('',(13.5000000000002,21.4999999998939,74.));
#13302=CARTESIAN_POINT('',(13.5000000000002,21.4999999998939,74.));
#13303=CARTESIAN_POINT('',(4.50000000000021,21.4999999998939,74.));
#13304=CARTESIAN_POINT('',(19.1291651245991,21.4999999998939,70.75));
#13305=CARTESIAN_POINT('',(17.3791651245991,21.4999999998939,70.75));
#13306=CARTESIAN_POINT('',(7.87083487540135,21.4999999998939,70.75));
#13307=CARTESIAN_POINT('',(6.12083487540135,21.4999999998939,70.75));
#13308=CARTESIAN_POINT('',(13.5000000000002,21.4999999998939,80.5));
#13309=CARTESIAN_POINT('',(11.7500000000002,21.4999999998939,80.5));
#13310=CARTESIAN_POINT('',(13.5000000000002,21.4999999998939,74.));
#13311=CARTESIAN_POINT('',(19.1291651245991,21.9999999998939,70.75));
#13312=CARTESIAN_POINT('',(17.8791651245991,21.9999999998939,70.75));
#13313=CARTESIAN_POINT('',(19.1291651245991,29.4999999998939,70.75));
#13314=CARTESIAN_POINT('',(19.7541651245991,29.4999999998939,71.8325317547305));
#13315=CARTESIAN_POINT('',(19.1291651245991,29.4999999998939,70.75));
#13316=CARTESIAN_POINT('',(19.1291651245991,29.4999999998939,70.75));
#13317=CARTESIAN_POINT('',(13.5000000000002,21.9999999998939,80.5));
#13318=CARTESIAN_POINT('',(12.2500000000002,21.9999999998939,80.5));
#13319=CARTESIAN_POINT('',(13.5000000000002,29.4999999998939,80.5));
#13320=CARTESIAN_POINT('',(12.2500000000002,29.4999999998939,80.5));
#13321=CARTESIAN_POINT('',(13.5000000000002,29.4999999998939,80.5));
#13322=CARTESIAN_POINT('',(13.5000000000002,29.4999999998939,80.5));
#13323=CARTESIAN_POINT('',(7.87083487540135,21.9999999998939,70.75));
#13324=CARTESIAN_POINT('',(6.62083487540135,21.9999999998939,70.75));
#13325=CARTESIAN_POINT('',(7.87083487540135,29.4999999998939,70.75));
#13326=CARTESIAN_POINT('',(8.49583487540135,29.4999999998939,69.6674682452695));
#13327=CARTESIAN_POINT('',(7.87083487540135,29.4999999998939,70.75));
#13328=CARTESIAN_POINT('',(7.87083487540135,29.4999999998939,70.75));
#13329=CARTESIAN_POINT('',(19.1291651245991,21.9999999998939,70.75));
#13330=CARTESIAN_POINT('',(7.87083487540135,21.9999999998939,70.75));
#13331=CARTESIAN_POINT('',(13.5000000000002,21.9999999998939,80.5));
#13332=CARTESIAN_POINT('',(13.5000000000002,21.4999999998939,74.));
#13333=CARTESIAN_POINT('',(13.5000000000002,25.9999999998939,74.));
#13334=CARTESIAN_POINT('',(2.00000000000021,25.9999999998939,74.));
#13335=CARTESIAN_POINT('',(13.5000000000002,29.9999999998939,74.));
#13336=CARTESIAN_POINT('',(25.0000000000002,29.9999999998939,74.));
#13337=CARTESIAN_POINT('',(13.5000000000002,105.649999999894,74.));
#13338=CARTESIAN_POINT('',(13.5000000000002,25.4999999998939,74.));
#13339=CARTESIAN_POINT('',(2.50000000000021,25.4999999998939,74.));
#13340=CARTESIAN_POINT('',(13.5000000000002,25.4999999998939,74.));
#13341=CARTESIAN_POINT('',(18.5000000000004,33.9999999998939,74.));
#13342=CARTESIAN_POINT('',(18.5000000000003,33.9999999998939,39.));
#13343=CARTESIAN_POINT('',(-14.9999999999997,33.9999999998939,44.));
#13344=CARTESIAN_POINT('',(-4.92893218813426,33.9999999998939,54.0710678118654));
#13345=CARTESIAN_POINT('',(-11.9999999999997,33.9999999998939,61.1421356237309));
#13346=CARTESIAN_POINT('',(-1.99999999999974,33.9999999998939,61.142135623731));
#13347=CARTESIAN_POINT('',(-1.99999999999966,33.9999999998939,39.));
#13348=CARTESIAN_POINT('',(-1.99999999999979,33.9999999998939,74.));
#13349=CARTESIAN_POINT('',(13.5000000000002,33.9999999998939,74.));
#13350=CARTESIAN_POINT('',(29.0000000000002,33.9999999998939,74.0000000000001));
#13351=CARTESIAN_POINT('',(29.0000000000002,33.9999999998939,74.0000000000001));
#13352=CARTESIAN_POINT('',(29.0000000000003,33.9999999998939,45.));
#13353=CARTESIAN_POINT('',(23.0000000000003,33.9999999998939,45.));
#13354=CARTESIAN_POINT('',(23.0000000000003,33.9999999998939,39.));
#13355=CARTESIAN_POINT('',(29.0000000000003,33.9999999998939,39.));
#13356=CARTESIAN_POINT('',(13.5000000000002,33.9999999998939,74.));
#13357=CARTESIAN_POINT('',(29.0000000000002,29.9999999998939,74.0000000000001));
#13358=CARTESIAN_POINT('',(29.0000000000003,29.9999999998939,45.));
#13359=CARTESIAN_POINT('',(29.0000000000002,29.9999999998939,74.0000000000001));
#13360=CARTESIAN_POINT('',(29.0000000000003,-5.60000000010615,45.));
#13361=CARTESIAN_POINT('',(29.0000000000002,-5.60000000010615,74.0000000000001));
#13362=CARTESIAN_POINT('',(29.0000000000002,-5.60000000010615,74.0000000000001));
#13363=CARTESIAN_POINT('',(-14.9999999999997,-5.60000000010615,39.));
#13364=CARTESIAN_POINT('',(-14.9999999999997,29.9999999998938,39.));
#13365=CARTESIAN_POINT('',(-14.9999999999997,40.9999999998939,39.));
#13366=CARTESIAN_POINT('',(-11.4999999999997,40.999999999894,39.));
#13367=CARTESIAN_POINT('',(-11.4999999999997,44.499999999894,38.9999999999999));
#13368=CARTESIAN_POINT('',(15.0000000000003,44.499999999894,38.9999999999998));
#13369=CARTESIAN_POINT('',(11.5000000000003,44.499999999894,38.9999999999998));
#13370=CARTESIAN_POINT('',(11.5000000000003,40.999999999894,39.));
#13371=CARTESIAN_POINT('',(15.0000000000003,40.999999999894,38.9999999999998));
#13372=CARTESIAN_POINT('',(15.0000000000003,44.499999999894,38.9999999999998));
#13373=CARTESIAN_POINT('',(15.0000000000003,37.4999999998939,38.9999999999998));
#13374=CARTESIAN_POINT('',(18.5000000000003,37.4999999998939,39.));
#13375=CARTESIAN_POINT('',(23.0000000000003,-5.60000000010615,39.));
#13376=CARTESIAN_POINT('',(23.0000000000003,29.9999999998939,39.));
#13377=CARTESIAN_POINT('',(29.0000000000003,29.9999999998939,39.));
#13378=CARTESIAN_POINT('',(29.0000000000003,-5.60000000010615,39.));
#13379=CARTESIAN_POINT('',(-1.99999999999974,-5.60000000010615,61.142135623731));
#13380=CARTESIAN_POINT('',(-1.99999999999974,29.9999999998939,61.142135623731));
#13381=CARTESIAN_POINT('',(-1.99999999999966,29.9999999998939,39.));
#13382=CARTESIAN_POINT('',(-1.99999999999979,29.9999999998939,74.));
#13383=CARTESIAN_POINT('',(-1.99999999999979,-5.60000000010615,74.));
#13384=CARTESIAN_POINT('',(-1.99999999999966,-5.60000000010615,39.));
#13385=CARTESIAN_POINT('',(13.5000000000002,29.9999999998939,74.));
#13386=CARTESIAN_POINT('',(13.5000000000002,33.9999999998939,74.));
#13387=CARTESIAN_POINT('',(23.0000000000003,29.9999999998939,45.));
#13388=CARTESIAN_POINT('',(-11.9999999999997,29.9999999998939,61.1421356237309));
#13389=CARTESIAN_POINT('',(-4.92893218813427,29.9999999998939,54.0710678118654));
#13390=CARTESIAN_POINT('',(14.2500000000002,29.9999999998939,73.25));
#13391=CARTESIAN_POINT('',(-14.9999999999997,29.9999999998938,44.0000000000001));
#13392=CARTESIAN_POINT('',(-14.9999999999997,29.9999999998939,39.));
#13393=CARTESIAN_POINT('',(13.5000000000002,29.9999999998939,74.));
#13394=CARTESIAN_POINT('',(13.5000000000002,25.4999999998939,74.));
#13395=CARTESIAN_POINT('',(-14.9999999999997,44.499999999894,44.));
#13396=CARTESIAN_POINT('',(-14.9999999999997,40.999999999894,44.));
#13397=CARTESIAN_POINT('',(-14.9999999999997,40.999999999894,39.));
#13398=CARTESIAN_POINT('',(-14.9999999999997,-5.60000000010615,44.0000000000001));
#13399=CARTESIAN_POINT('',(-14.9999999999997,-5.60000000010615,39.));
#13400=CARTESIAN_POINT('',(-4.92893218813427,-5.60000000010615,54.0710678118654));
#13401=CARTESIAN_POINT('',(-14.9999999999997,-5.60000000010615,44.));
#13402=CARTESIAN_POINT('',(15.0000000000003,40.999999999894,44.));
#13403=CARTESIAN_POINT('',(15.0000000000003,40.999999999894,44.));
#13404=CARTESIAN_POINT('',(15.0000000000003,44.499999999894,44.));
#13405=CARTESIAN_POINT('',(15.0000000000003,37.4999999998939,44.));
#13406=CARTESIAN_POINT('',(15.0000000000003,44.499999999894,44.));
#13407=CARTESIAN_POINT('',(7.00000000000007,39.9999999998947,44.));
#13408=CARTESIAN_POINT('',(11.5000000000003,40.999999999894,44.));
#13409=CARTESIAN_POINT('',(11.5000000000003,44.499999999894,44.));
#13410=CARTESIAN_POINT('',(-14.9999999999997,44.499999999894,44.));
#13411=CARTESIAN_POINT('',(-11.4999999999997,44.499999999894,44.));
#13412=CARTESIAN_POINT('',(-11.4999999999997,40.999999999894,44.));
#13413=CARTESIAN_POINT('',(-7.00000000000016,39.9999999998946,44.));
#13414=CARTESIAN_POINT('',(-14.9999999999997,44.499999999894,44.));
#13415=CARTESIAN_POINT('',(-11.4999999999996,44.499999999894,74.));
#13416=CARTESIAN_POINT('',(11.5000000000003,44.499999999894,38.9999999999998));
#13417=CARTESIAN_POINT('',(13.5000000000002,44.499999999894,74.));
#13418=CARTESIAN_POINT('',(23.0000000000003,-5.60000000010615,45.));
#13419=CARTESIAN_POINT('',(-11.9999999999997,-5.60000000010615,61.1421356237309));
#13420=CARTESIAN_POINT('',(-11.4999999999996,40.999999999894,74.));
#13421=CARTESIAN_POINT('',(11.5000000000004,40.999999999894,74.));
#13422=CARTESIAN_POINT('',(18.5000000000003,37.4999999998939,44.));
#13423=CARTESIAN_POINT('',(7.00000000000007,39.9999999998947,42.));
#13424=CARTESIAN_POINT('',(3.75000000000007,39.9999999998947,42.));
#13425=CARTESIAN_POINT('',(7.00000000000007,39.9999999998947,54.5000000000001));
#13426=CARTESIAN_POINT('',(7.00000000000007,39.9999999998947,42.));
#13427=CARTESIAN_POINT('',(-7.00000000000016,39.9999999998946,42.));
#13428=CARTESIAN_POINT('',(-10.2500000000002,39.9999999998946,42.));
#13429=CARTESIAN_POINT('',(-7.00000000000016,39.9999999998946,54.5000000000001));
#13430=CARTESIAN_POINT('',(-7.00000000000016,39.9999999998946,42.));
#13431=CARTESIAN_POINT('',(-4.46448433777392E-14,-25.9999999998942,35.));
#13432=CARTESIAN_POINT('',(-25.5,-25.9999999998942,35.));
#13433=CARTESIAN_POINT('',(-19.1899921864122,-42.792682926855,35.));
#13434=CARTESIAN_POINT('',(-19.1899921864122,-42.792682926855,33.));
#13435=CARTESIAN_POINT('',(-19.1899921864122,-42.792682926855,39.));
#13436=CARTESIAN_POINT('',(-4.46448433777392E-14,-25.9999999998942,39.));
#13437=CARTESIAN_POINT('',(-25.5000000000001,-25.9999999998942,39.));
#13438=CARTESIAN_POINT('',(-25.5,-25.9999999998942,33.));
#13439=CARTESIAN_POINT('',(-4.46448433777392E-14,-25.9999999998942,33.));
#13440=CARTESIAN_POINT('',(-5.70793412535409E-14,26.,35.));
#13441=CARTESIAN_POINT('',(25.4999999999999,26.,35.));
#13442=CARTESIAN_POINT('',(19.1899921865272,42.7926829268293,35.));
#13443=CARTESIAN_POINT('',(19.1899921865272,42.7926829268293,33.));
#13444=CARTESIAN_POINT('',(19.1899921865272,42.7926829268293,39.));
#13445=CARTESIAN_POINT('',(-5.70793412535409E-14,26.,39.));
#13446=CARTESIAN_POINT('',(25.5,26.,39.));
#13447=CARTESIAN_POINT('',(25.5,26.,33.));
#13448=CARTESIAN_POINT('',(-5.70793412535409E-14,26.,33.));
#13449=CARTESIAN_POINT('',(-5.70793412535409E-14,26.,39.));
#13450=CARTESIAN_POINT('',(-19.1899921865273,42.7926829268293,39.));
#13451=CARTESIAN_POINT('',(-25.5000000000001,26.,39.));
#13452=CARTESIAN_POINT('',(-19.1899921865273,42.7926829268293,33.));
#13453=CARTESIAN_POINT('',(-19.1899921865273,42.7926829268293,35.));
#13454=CARTESIAN_POINT('',(-5.70793412535409E-14,26.,35.));
#13455=CARTESIAN_POINT('',(-25.5000000000001,26.,35.));
#13456=CARTESIAN_POINT('',(-25.5000000000001,26.,33.));
#13457=CARTESIAN_POINT('',(-5.70793412535409E-14,26.,33.));
#13458=CARTESIAN_POINT('',(-7.00000000000014,40.0000000000004,39.));
#13459=CARTESIAN_POINT('',(-7.00000000000014,41.7500000000004,39.));
#13460=CARTESIAN_POINT('',(-6.54615250894609E-14,36.2000000000005,39.));
#13461=CARTESIAN_POINT('',(-6.54615250894609E-14,37.9500000000005,39.));
#13462=CARTESIAN_POINT('',(7.,40.0000000000005,39.));
#13463=CARTESIAN_POINT('',(7.,41.7500000000005,39.));
#13464=CARTESIAN_POINT('',(-7.00000000000014,-40.0000000000003,39.));
#13465=CARTESIAN_POINT('',(-7.00000000000014,-38.2500000000003,39.));
#13466=CARTESIAN_POINT('',(-6.54615250894609E-14,-36.2000000000004,39.));
#13467=CARTESIAN_POINT('',(-6.54615250894609E-14,-34.4500000000004,39.));
#13468=CARTESIAN_POINT('',(7.,-40.0000000000004,39.));
#13469=CARTESIAN_POINT('',(7.,-38.2500000000004,39.));
#13470=CARTESIAN_POINT('',(17.5499287747842,-44.5,39.));
#13471=CARTESIAN_POINT('',(15.4272486204489,-44.5,39.));
#13472=CARTESIAN_POINT('',(-15.427248620449,-44.5,39.));
#13473=CARTESIAN_POINT('',(15.4272486204489,-39.5,39.));
#13474=CARTESIAN_POINT('',(19.1899921864121,-42.792682926855,39.));
#13475=CARTESIAN_POINT('',(-4.46448433777392E-14,-25.9999999998942,39.));
#13476=CARTESIAN_POINT('',(25.5,-25.999999999996,39.));
#13477=CARTESIAN_POINT('',(25.5,-25.999999999996,39.));
#13478=CARTESIAN_POINT('',(15.4272486205415,39.5,39.));
#13479=CARTESIAN_POINT('',(15.4272486205415,44.5,39.));
#13480=CARTESIAN_POINT('',(-17.5499287747843,44.5,39.));
#13481=CARTESIAN_POINT('',(-15.4272486205416,44.5,39.));
#13482=CARTESIAN_POINT('',(-15.4272486205416,39.5,39.));
#13483=CARTESIAN_POINT('',(-25.5000000000001,26.0000000000001,39.));
#13484=CARTESIAN_POINT('',(-15.427248620449,-39.5,39.));
#13485=CARTESIAN_POINT('',(21.,-18.,39.));
#13486=CARTESIAN_POINT('',(21.,-16.25,39.));
#13487=CARTESIAN_POINT('',(-21.0000000000001,-18.,39.));
#13488=CARTESIAN_POINT('',(-21.0000000000001,-16.25,39.));
#13489=CARTESIAN_POINT('',(-21.0000000000001,18.0000000000001,39.));
#13490=CARTESIAN_POINT('',(-21.0000000000001,19.7500000000001,39.));
#13491=CARTESIAN_POINT('',(21.,18.0000000000001,39.));
#13492=CARTESIAN_POINT('',(21.,19.7500000000001,39.));
#13493=CARTESIAN_POINT('',(20.5,7.92699239582362E-14,39.));
#13494=CARTESIAN_POINT('',(20.5,3.65000000000008,39.));
#13495=CARTESIAN_POINT('',(-2.35922392732918E-16,-5.9952043329758E-15,39.));
#13496=CARTESIAN_POINT('',(-2.35922392732918E-16,3.65,39.));
#13497=CARTESIAN_POINT('',(-20.5000000000077,2.88657986402544E-15,39.));
#13498=CARTESIAN_POINT('',(-20.5000000000077,3.65,39.));
#13499=CARTESIAN_POINT('',(21.4999999999999,-8.49999999999996,39.));
#13500=CARTESIAN_POINT('',(21.4999999999999,-5.49999999999996,39.));
#13501=CARTESIAN_POINT('',(21.4999999999999,8.50000000000005,39.));
#13502=CARTESIAN_POINT('',(21.4999999999999,5.50000000000005,39.));
#13503=CARTESIAN_POINT('',(-3.70000000000013,8.50000000000005,39.));
#13504=CARTESIAN_POINT('',(-3.70000000000013,5.50000000000005,39.));
#13505=CARTESIAN_POINT('',(-14.3189123190276,40.3189123189219,39.));
#13506=CARTESIAN_POINT('',(-14.3189123190276,43.9689123189219,39.));
#13507=CARTESIAN_POINT('',(14.3189123190276,40.3189123189219,39.));
#13508=CARTESIAN_POINT('',(14.3189123190276,43.9689123189219,39.));
#13509=CARTESIAN_POINT('',(14.3189123190275,11.6810876808667,39.));
#13510=CARTESIAN_POINT('',(14.3189123190275,15.3310876808667,39.));
#13511=CARTESIAN_POINT('',(-14.3189123190277,11.6810876808667,39.));
#13512=CARTESIAN_POINT('',(-14.3189123190277,15.3310876808667,39.));
#13513=CARTESIAN_POINT('',(-14.3189123190276,-11.6810876808666,39.));
#13514=CARTESIAN_POINT('',(-14.3189123190276,-8.0310876808666,39.));
#13515=CARTESIAN_POINT('',(14.3189123190275,-11.6810876808667,39.));
#13516=CARTESIAN_POINT('',(14.3189123190275,-8.03108768086667,39.));
#13517=CARTESIAN_POINT('',(14.3189123190276,-40.3189123189218,39.));
#13518=CARTESIAN_POINT('',(14.3189123190276,-36.6689123189218,39.));
#13519=CARTESIAN_POINT('',(-14.3189123190276,-40.3189123189218,39.));
#13520=CARTESIAN_POINT('',(-14.3189123190276,-36.6689123189218,39.));
#13521=CARTESIAN_POINT('',(-3.70000000000013,-8.49999999999996,39.));
#13522=CARTESIAN_POINT('',(-3.70000000000013,-5.49999999999996,39.));
#13523=CARTESIAN_POINT('',(-4.46448433777392E-14,-26.,39.));
#13524=CARTESIAN_POINT('',(7.,40.0000000000005,35.));
#13525=CARTESIAN_POINT('',(7.,41.2500000000005,35.));
#13526=CARTESIAN_POINT('',(-6.54615250894609E-14,36.2000000000005,35.));
#13527=CARTESIAN_POINT('',(-6.54615250894609E-14,37.4500000000005,35.));
#13528=CARTESIAN_POINT('',(-7.00000000000014,40.0000000000004,35.));
#13529=CARTESIAN_POINT('',(-7.00000000000014,41.2500000000004,35.));
#13530=CARTESIAN_POINT('',(-6.54615250894609E-14,-36.2000000000004,35.));
#13531=CARTESIAN_POINT('',(-6.54615250894609E-14,-34.9500000000004,35.));
#13532=CARTESIAN_POINT('',(-7.00000000000014,-40.0000000000003,35.));
#13533=CARTESIAN_POINT('',(-7.00000000000014,-38.7500000000003,35.));
#13534=CARTESIAN_POINT('',(7.,-40.0000000000004,35.));
#13535=CARTESIAN_POINT('',(7.,-38.7500000000004,35.));
#13536=CARTESIAN_POINT('',(21.,-18.,35.));
#13537=CARTESIAN_POINT('',(21.,-16.75,35.));
#13538=CARTESIAN_POINT('',(-21.0000000000001,18.0000000000001,35.));
#13539=CARTESIAN_POINT('',(-21.0000000000001,19.2500000000001,35.));
#13540=CARTESIAN_POINT('',(-20.5000000000077,2.88657986402544E-15,35.));
#13541=CARTESIAN_POINT('',(-20.5000000000077,1.65,35.));
#13542=CARTESIAN_POINT('',(-2.35922392732918E-16,-5.9952043329758E-15,35.));
#13543=CARTESIAN_POINT('',(-2.35922392732918E-16,1.64999999999999,35.));
#13544=CARTESIAN_POINT('',(20.5,7.92699239582362E-14,35.));
#13545=CARTESIAN_POINT('',(20.5,1.65000000000008,35.));
#13546=CARTESIAN_POINT('',(21.4999999999999,8.50000000000005,35.));
#13547=CARTESIAN_POINT('',(21.4999999999999,9.30000000000005,35.));
#13548=CARTESIAN_POINT('',(-3.70000000000006,-8.49999999999995,35.));
#13549=CARTESIAN_POINT('',(-3.70000000000006,-7.69999999999995,35.));
#13550=CARTESIAN_POINT('',(21.4999999999999,-8.49999999999995,35.));
#13551=CARTESIAN_POINT('',(21.4999999999999,-7.69999999999995,35.));
#13552=CARTESIAN_POINT('',(-3.70000000000006,8.50000000000005,35.));
#13553=CARTESIAN_POINT('',(-3.70000000000006,9.30000000000005,35.));
#13554=CARTESIAN_POINT('',(-4.46448433777392E-14,-25.9999999998942,35.));
#13555=CARTESIAN_POINT('',(19.1899921864121,-42.792682926855,35.));
#13556=CARTESIAN_POINT('',(25.5,-25.999999999996,35.));
#13557=CARTESIAN_POINT('',(15.4272486204489,-39.5,35.));
#13558=CARTESIAN_POINT('',(15.4272486204489,-44.5,35.));
#13559=CARTESIAN_POINT('',(-4.46448433777392E-14,-44.5,35.));
#13560=CARTESIAN_POINT('',(-15.427248620449,-44.5,35.));
#13561=CARTESIAN_POINT('',(-15.427248620449,-39.5,35.));
#13562=CARTESIAN_POINT('',(-25.5000000000001,-26.,35.));
#13563=CARTESIAN_POINT('',(-15.4272486205416,39.5,35.));
#13564=CARTESIAN_POINT('',(-15.4272486205416,44.5,35.));
#13565=CARTESIAN_POINT('',(-4.46448433777392E-14,44.5,35.));
#13566=CARTESIAN_POINT('',(15.4272486205415,44.5,35.));
#13567=CARTESIAN_POINT('',(15.4272486205415,39.5,35.));
#13568=CARTESIAN_POINT('',(25.5,-26.,35.));
#13569=CARTESIAN_POINT('',(14.3189123190276,-40.3189123189218,35.));
#13570=CARTESIAN_POINT('',(14.3189123190276,-38.6689123189218,35.));
#13571=CARTESIAN_POINT('',(-14.3189123190276,-11.6810876808666,35.));
#13572=CARTESIAN_POINT('',(-14.3189123190276,-13.3310876808666,35.));
#13573=CARTESIAN_POINT('',(-14.3189123190276,40.3189123189219,35.));
#13574=CARTESIAN_POINT('',(-12.6689123190276,40.3189123189219,35.));
#13575=CARTESIAN_POINT('',(-14.3189123190276,-40.3189123189218,35.));
#13576=CARTESIAN_POINT('',(-12.6689123190276,-40.3189123189218,35.));
#13577=CARTESIAN_POINT('',(14.3189123190276,40.3189123189219,35.));
#13578=CARTESIAN_POINT('',(14.3189123190276,38.6689123189219,35.));
#13579=CARTESIAN_POINT('',(-14.3189123190277,11.6810876808667,35.));
#13580=CARTESIAN_POINT('',(-14.3189123190277,13.3310876808667,35.));
#13581=CARTESIAN_POINT('',(14.3189123190275,11.6810876808667,35.));
#13582=CARTESIAN_POINT('',(12.6689123190275,11.6810876808667,35.));
#13583=CARTESIAN_POINT('',(14.3189123190275,-11.6810876808667,35.));
#13584=CARTESIAN_POINT('',(12.6689123190275,-11.6810876808667,35.));
#13585=CARTESIAN_POINT('',(-21.0000000000001,-18.,35.));
#13586=CARTESIAN_POINT('',(-21.0000000000001,-16.75,35.));
#13587=CARTESIAN_POINT('',(21.,18.0000000000001,35.));
#13588=CARTESIAN_POINT('',(21.,19.2500000000001,35.));
#13589=CARTESIAN_POINT('',(-4.46448433777392E-14,-26.,35.));
#13590=CARTESIAN_POINT('',(-14.3189123190276,40.3189123189219,37.));
#13591=CARTESIAN_POINT('',(-14.3189123190276,41.9689123189219,37.));
#13592=CARTESIAN_POINT('',(-14.3189123190276,40.3189123189219,41.));
#13593=CARTESIAN_POINT('',(-14.3189123190276,-11.6810876808666,37.));
#13594=CARTESIAN_POINT('',(-14.3189123190276,-10.0310876808666,37.));
#13595=CARTESIAN_POINT('',(-14.3189123190276,-11.6810876808666,41.));
#13596=CARTESIAN_POINT('',(-14.3189123190276,-40.3189123189218,37.));
#13597=CARTESIAN_POINT('',(-14.3189123190276,-38.6689123189218,37.));
#13598=CARTESIAN_POINT('',(-14.3189123190276,-40.3189123189218,41.));
#13599=CARTESIAN_POINT('',(14.3189123190276,-40.3189123189218,37.));
#13600=CARTESIAN_POINT('',(14.3189123190276,-38.6689123189218,37.));
#13601=CARTESIAN_POINT('',(14.3189123190276,-40.3189123189218,41.));
#13602=CARTESIAN_POINT('',(14.3189123190276,40.3189123189219,37.));
#13603=CARTESIAN_POINT('',(14.3189123190276,41.9689123189219,37.));
#13604=CARTESIAN_POINT('',(14.3189123190276,40.3189123189219,41.));
#13605=CARTESIAN_POINT('',(-14.3189123190277,11.6810876808667,37.));
#13606=CARTESIAN_POINT('',(-14.3189123190277,13.3310876808667,37.));
#13607=CARTESIAN_POINT('',(-14.3189123190277,11.6810876808667,41.));
#13608=CARTESIAN_POINT('',(14.3189123190275,11.6810876808667,37.));
#13609=CARTESIAN_POINT('',(14.3189123190275,13.3310876808667,37.));
#13610=CARTESIAN_POINT('',(14.3189123190275,11.6810876808667,41.));
#13611=CARTESIAN_POINT('',(14.3189123190275,-11.6810876808667,37.));
#13612=CARTESIAN_POINT('',(14.3189123190275,-10.0310876808667,37.));
#13613=CARTESIAN_POINT('',(14.3189123190275,-11.6810876808667,41.));
#13614=CARTESIAN_POINT('',(19.1899921864121,-42.792682926855,33.));
#13615=CARTESIAN_POINT('',(25.5,-25.999999999996,33.));
#13616=CARTESIAN_POINT('',(-4.46448433777392E-14,-25.9999999998942,33.));
#13617=CARTESIAN_POINT('',(25.5,-25.999999999996,33.));
#13618=CARTESIAN_POINT('',(-25.5000000000001,26.0000000000001,33.));
#13619=CARTESIAN_POINT('',(-14.3189123190276,40.3189123189219,37.));
#13620=CARTESIAN_POINT('',(14.3189123190276,40.3189123189219,37.));
#13621=CARTESIAN_POINT('',(14.3189123190275,11.6810876808667,37.));
#13622=CARTESIAN_POINT('',(-14.3189123190277,11.6810876808667,37.));
#13623=CARTESIAN_POINT('',(-14.3189123190276,-11.6810876808666,39.));
#13624=CARTESIAN_POINT('',(14.3189123190275,-11.6810876808667,39.));
#13625=CARTESIAN_POINT('',(14.3189123190276,-40.3189123189218,39.));
#13626=CARTESIAN_POINT('',(-14.3189123190276,-40.3189123189218,39.));
#13627=CARTESIAN_POINT('',(-3.70000000000013,8.50000000000005,41.5));
#13628=CARTESIAN_POINT('',(-3.70000000000013,11.5,41.5));
#13629=CARTESIAN_POINT('',(-3.70000000000013,8.50000000000005,42.));
#13630=CARTESIAN_POINT('',(-3.70000000000006,8.50000000000005,42.));
#13631=CARTESIAN_POINT('',(-3.70000000000006,9.80000000000005,42.));
#13632=CARTESIAN_POINT('',(-3.70000000000013,8.50000000000005,42.));
#13633=CARTESIAN_POINT('',(-3.70000000000013,11.,42.));
#13634=CARTESIAN_POINT('',(-3.70000000000013,8.50000000000005,42.));
#13635=CARTESIAN_POINT('',(21.4999999999999,8.50000000000005,41.5));
#13636=CARTESIAN_POINT('',(21.4999999999999,11.5,41.5));
#13637=CARTESIAN_POINT('',(21.4999999999999,8.50000000000005,42.));
#13638=CARTESIAN_POINT('',(21.4999999999999,8.50000000000005,42.));
#13639=CARTESIAN_POINT('',(21.4999999999999,9.80000000000005,42.));
#13640=CARTESIAN_POINT('',(21.4999999999999,8.50000000000005,42.));
#13641=CARTESIAN_POINT('',(21.4999999999999,11.,42.));
#13642=CARTESIAN_POINT('',(21.4999999999999,8.50000000000005,42.));
#13643=CARTESIAN_POINT('',(21.4999999999999,-8.49999999999996,41.5));
#13644=CARTESIAN_POINT('',(21.4999999999999,-11.5,41.5));
#13645=CARTESIAN_POINT('',(21.4999999999999,-8.49999999999996,42.));
#13646=CARTESIAN_POINT('',(21.4999999999999,-8.49999999999996,42.));
#13647=CARTESIAN_POINT('',(21.4999999999999,-11.,42.));
#13648=CARTESIAN_POINT('',(21.4999999999999,-8.49999999999995,42.));
#13649=CARTESIAN_POINT('',(21.4999999999999,-9.79999999999995,42.));
#13650=CARTESIAN_POINT('',(21.4999999999999,-8.49999999999996,42.));
#13651=CARTESIAN_POINT('',(-3.70000000000013,-8.49999999999996,41.5));
#13652=CARTESIAN_POINT('',(-3.70000000000013,-11.5,41.5));
#13653=CARTESIAN_POINT('',(-3.70000000000013,-8.49999999999996,42.));
#13654=CARTESIAN_POINT('',(-3.70000000000013,-8.49999999999996,42.));
#13655=CARTESIAN_POINT('',(-3.70000000000013,-11.,42.));
#13656=CARTESIAN_POINT('',(-3.70000000000006,-8.49999999999995,42.));
#13657=CARTESIAN_POINT('',(-3.70000000000006,-9.79999999999995,42.));
#13658=CARTESIAN_POINT('',(-3.70000000000013,-8.49999999999996,42.));
#13659=CARTESIAN_POINT('',(-3.70000000000006,-8.49999999999995,41.5));
#13660=CARTESIAN_POINT('',(-3.70000000000006,-9.29999999999995,41.5));
#13661=CARTESIAN_POINT('',(-3.70000000000006,-8.49999999999995,-27.3));
#13662=CARTESIAN_POINT('',(21.4999999999999,-8.49999999999995,41.5));
#13663=CARTESIAN_POINT('',(21.4999999999999,-9.29999999999995,41.5));
#13664=CARTESIAN_POINT('',(21.4999999999999,-8.49999999999995,-27.3));
#13665=CARTESIAN_POINT('',(21.4999999999999,8.50000000000005,41.5));
#13666=CARTESIAN_POINT('',(21.4999999999999,9.30000000000005,41.5));
#13667=CARTESIAN_POINT('',(21.4999999999999,8.50000000000005,-27.3));
#13668=CARTESIAN_POINT('',(-3.70000000000006,8.50000000000005,41.5));
#13669=CARTESIAN_POINT('',(-3.70000000000006,9.30000000000005,41.5));
#13670=CARTESIAN_POINT('',(-3.70000000000006,8.50000000000005,-27.3));
#13671=CARTESIAN_POINT('',(-3.70000000000006,8.50000000000005,41.5));
#13672=CARTESIAN_POINT('',(-3.70000000000013,8.50000000000005,42.));
#13673=CARTESIAN_POINT('',(-3.70000000000013,-8.49999999999996,41.5));
#13674=CARTESIAN_POINT('',(-3.70000000000006,-8.49999999999995,41.5));
#13675=CARTESIAN_POINT('',(21.4999999999999,-8.49999999999996,41.5));
#13676=CARTESIAN_POINT('',(21.4999999999999,-8.49999999999995,41.5));
#13677=CARTESIAN_POINT('',(21.4999999999999,8.50000000000005,41.5));
#13678=CARTESIAN_POINT('',(21.4999999999999,8.50000000000005,42.));
#13679=CARTESIAN_POINT('',(20.5,7.92699239582362E-14,37.));
#13680=CARTESIAN_POINT('',(20.5,1.65000000000008,37.));
#13681=CARTESIAN_POINT('',(20.5,7.92699239582362E-14,4.00000000000001));
#13682=CARTESIAN_POINT('',(-2.35922392732918E-16,-5.9952043329758E-15,37.));
#13683=CARTESIAN_POINT('',(-2.35922392732918E-16,1.64999999999999,37.));
#13684=CARTESIAN_POINT('',(-2.35922392732918E-16,-5.9952043329758E-15,4.00000000000001));
#13685=CARTESIAN_POINT('',(-20.5000000000077,2.88657986402544E-15,37.));
#13686=CARTESIAN_POINT('',(-20.5000000000077,1.65,37.));
#13687=CARTESIAN_POINT('',(-20.5000000000077,2.88657986402544E-15,4.00000000000001));
#13688=CARTESIAN_POINT('',(20.5,7.92699239582362E-14,37.));
#13689=CARTESIAN_POINT('',(-2.35922392732918E-16,-5.9952043329758E-15,37.));
#13690=CARTESIAN_POINT('',(-20.5000000000077,2.88657986402544E-15,37.));
#13691=CARTESIAN_POINT('',(-21.0000000000001,18.0000000000001,38.5));
#13692=CARTESIAN_POINT('',(-21.0000000000001,19.2500000000001,38.5));
#13693=CARTESIAN_POINT('',(-21.0000000000001,18.0000000000001,32.));
#13694=CARTESIAN_POINT('',(-21.0000000000001,-18.,38.5));
#13695=CARTESIAN_POINT('',(-21.0000000000001,-16.75,38.5));
#13696=CARTESIAN_POINT('',(-21.0000000000001,-18.,32.));
#13697=CARTESIAN_POINT('',(21.,-18.,38.5));
#13698=CARTESIAN_POINT('',(21.,-16.75,38.5));
#13699=CARTESIAN_POINT('',(21.,-18.,32.));
#13700=CARTESIAN_POINT('',(21.,18.0000000000001,38.5));
#13701=CARTESIAN_POINT('',(21.,19.2500000000001,38.5));
#13702=CARTESIAN_POINT('',(21.,18.0000000000001,32.));
#13703=CARTESIAN_POINT('',(21.,-18.,38.5));
#13704=CARTESIAN_POINT('',(-21.0000000000001,-18.,39.));
#13705=CARTESIAN_POINT('',(-21.0000000000001,18.0000000000001,38.5));
#13706=CARTESIAN_POINT('',(21.,18.0000000000001,39.));
#13707=CARTESIAN_POINT('',(15.4272486204489,-44.5,39.));
#13708=CARTESIAN_POINT('',(-15.427248620449,-44.5,35.));
#13709=CARTESIAN_POINT('',(17.5499287747842,-44.5,33.));
#13710=CARTESIAN_POINT('',(-15.4272486205416,44.5,39.));
#13711=CARTESIAN_POINT('',(15.4272486205415,44.5,35.));
#13712=CARTESIAN_POINT('',(-17.5499287747843,44.5,33.));
#13713=CARTESIAN_POINT('',(15.4272486204489,-39.5,33.));
#13714=CARTESIAN_POINT('',(-15.427248620449,-39.5,33.));
#13715=CARTESIAN_POINT('',(-15.4272486205416,39.5,33.));
#13716=CARTESIAN_POINT('',(15.4272486205415,39.5,33.));
#13717=CARTESIAN_POINT('',(7.,-40.0000000000004,38.5));
#13718=CARTESIAN_POINT('',(7.,-38.7500000000004,38.5));
#13719=CARTESIAN_POINT('',(7.,-40.0000000000004,-0.600000000001211));
#13720=CARTESIAN_POINT('',(-7.00000000000014,-40.0000000000003,38.5));
#13721=CARTESIAN_POINT('',(-7.00000000000014,-38.7500000000003,38.5));
#13722=CARTESIAN_POINT('',(-7.00000000000014,-40.0000000000003,-0.600000000001211));
#13723=CARTESIAN_POINT('',(-6.54615250894609E-14,-36.2000000000004,38.5));
#13724=CARTESIAN_POINT('',(-6.54615250894609E-14,-34.9500000000004,38.5));
#13725=CARTESIAN_POINT('',(-6.54615250894609E-14,-36.2000000000004,-0.600000000001211));
#13726=CARTESIAN_POINT('',(-7.00000000000014,-40.0000000000003,38.5));
#13727=CARTESIAN_POINT('',(-6.54615250894609E-14,-36.2000000000004,38.5));
#13728=CARTESIAN_POINT('',(7.,-40.0000000000004,38.5));
#13729=CARTESIAN_POINT('',(-7.00000000000014,40.0000000000004,38.5));
#13730=CARTESIAN_POINT('',(-7.00000000000014,41.2500000000004,38.5));
#13731=CARTESIAN_POINT('',(-7.00000000000014,40.0000000000004,-0.59999999999874));
#13732=CARTESIAN_POINT('',(-6.54615250894609E-14,36.2000000000005,38.5));
#13733=CARTESIAN_POINT('',(-6.54615250894609E-14,37.4500000000005,38.5));
#13734=CARTESIAN_POINT('',(-6.54615250894609E-14,36.2000000000005,-0.59999999999874));
#13735=CARTESIAN_POINT('',(7.,40.0000000000005,38.5));
#13736=CARTESIAN_POINT('',(7.,41.2500000000005,38.5));
#13737=CARTESIAN_POINT('',(7.,40.0000000000005,-0.59999999999874));
#13738=CARTESIAN_POINT('',(-7.00000000000014,40.0000000000004,39.));
#13739=CARTESIAN_POINT('',(-6.54615250894609E-14,36.2000000000005,39.));
#13740=CARTESIAN_POINT('',(7.,40.0000000000005,39.));
#13741=CARTESIAN_POINT('',(-25.5,-14.5,53.4));
#13742=CARTESIAN_POINT('',(-25.5,-14.5,1.38777878078145E-14));
#13743=CARTESIAN_POINT('',(-25.5,-14.5,-6.));
#13744=CARTESIAN_POINT('',(-25.5,-26.,0.));
#13745=CARTESIAN_POINT('',(-25.5,-8.3,0.));
#13746=CARTESIAN_POINT('',(-25.5,-8.3,2.));
#13747=CARTESIAN_POINT('',(-25.5,-6.3,2.));
#13748=CARTESIAN_POINT('',(-25.5,-6.3,35.));
#13749=CARTESIAN_POINT('',(-25.5,-6.3,35.));
#13750=CARTESIAN_POINT('',(-25.5,6.29999999999999,35.));
#13751=CARTESIAN_POINT('',(-25.5,6.29999999999999,35.));
#13752=CARTESIAN_POINT('',(-25.5,6.29999999999999,35.));
#13753=CARTESIAN_POINT('',(-25.5,6.29999999999999,2.));
#13754=CARTESIAN_POINT('',(-25.5,8.29999999999999,2.));
#13755=CARTESIAN_POINT('',(-25.5,8.29999999999999,0.));
#13756=CARTESIAN_POINT('',(-25.5,-26.,0.));
#13757=CARTESIAN_POINT('',(-25.5,14.5,1.38777878078145E-14));
#13758=CARTESIAN_POINT('',(-25.5,14.5,53.4));
#13759=CARTESIAN_POINT('',(-25.5,14.5,-6.));
#13760=CARTESIAN_POINT('',(-25.5,-26.,-6.));
#13761=CARTESIAN_POINT('',(-25.5,9.99999999999999,-3.));
#13762=CARTESIAN_POINT('',(-25.5,9.99999999999999,-4.75));
#13763=CARTESIAN_POINT('',(-25.5,-10.,-3.));
#13764=CARTESIAN_POINT('',(-25.5,-10.,-4.75));
#13765=CARTESIAN_POINT('',(-25.5,-1.0842021724855E-14,-3.));
#13766=CARTESIAN_POINT('',(-25.5,-1.0842021724855E-14,-4.75));
#13767=CARTESIAN_POINT('',(-25.5,-3.3,7.));
#13768=CARTESIAN_POINT('',(-25.5,-3.3,5.25));
#13769=CARTESIAN_POINT('',(-25.5,3.29999999999998,17.));
#13770=CARTESIAN_POINT('',(-25.5,3.29999999999998,15.25));
#13771=CARTESIAN_POINT('',(-25.5,-26.,0.));
#13772=CARTESIAN_POINT('',(14.3189123190276,40.3189123189218,0.));
#13773=CARTESIAN_POINT('',(14.3189123190276,38.6689123189218,0.));
#13774=CARTESIAN_POINT('',(-14.3189123190275,11.6810876808667,0.));
#13775=CARTESIAN_POINT('',(-14.3189123190275,13.3310876808667,0.));
#13776=CARTESIAN_POINT('',(1.0539526846846E-14,26.,0.));
#13777=CARTESIAN_POINT('',(8.51885962825291E-15,9.50000000000001,0.));
#13778=CARTESIAN_POINT('',(-14.3189123190276,40.3189123189218,0.));
#13779=CARTESIAN_POINT('',(-12.6689123190276,40.3189123189218,0.));
#13780=CARTESIAN_POINT('',(14.3189123190276,11.6810876808667,0.));
#13781=CARTESIAN_POINT('',(12.6689123190276,11.6810876808667,0.));
#13782=CARTESIAN_POINT('',(0.,25.9999999998942,0.));
#13783=CARTESIAN_POINT('',(19.1899921864122,42.792682926855,0.));
#13784=CARTESIAN_POINT('',(25.5,25.999999999996,0.));
#13785=CARTESIAN_POINT('',(15.427248620449,39.5,0.));
#13786=CARTESIAN_POINT('',(15.427248620449,44.5,-7.80625564189563E-15));
#13787=CARTESIAN_POINT('',(17.5499287747843,44.5,-7.80625564189563E-15));
#13788=CARTESIAN_POINT('',(-16.5227116417558,44.5000000000001,-7.80625564189563E-15));
#13789=CARTESIAN_POINT('',(-16.5227116417558,42.0000000000001,0.));
#13790=CARTESIAN_POINT('',(-18.318658559338,43.7391304347942,0.));
#13791=CARTESIAN_POINT('',(0.,25.9999999998942,0.));
#13792=CARTESIAN_POINT('',(-18.8478260869565,43.1758391874228,0.));
#13793=CARTESIAN_POINT('',(-17.,41.4919333847239,0.));
#13794=CARTESIAN_POINT('',(-19.5,41.4919333847239,0.));
#13795=CARTESIAN_POINT('',(-19.5,42.431676725155,0.));
#13796=CARTESIAN_POINT('',(-19.5,17.,0.));
#13797=CARTESIAN_POINT('',(-22.,17.,0.));
#13798=CARTESIAN_POINT('',(-22.,14.5,0.));
#13799=CARTESIAN_POINT('',(-19.5,14.5,0.));
#13800=CARTESIAN_POINT('',(-15.5000000000077,8.29999999999999,0.));
#13801=CARTESIAN_POINT('',(-15.5000000000077,8.29999999999999,0.));
#13802=CARTESIAN_POINT('',(-15.5000000000077,6.30000000000011,0.));
#13803=CARTESIAN_POINT('',(-15.5000000000077,2.0000000000003,0.));
#13804=CARTESIAN_POINT('',(-15.5000000000077,2.0000000000002,0.));
#13805=CARTESIAN_POINT('',(-5.00000000000383,2.00000000000021,0.));
#13806=CARTESIAN_POINT('',(-5.00000000000383,2.00000000000015,0.));
#13807=CARTESIAN_POINT('',(-5.00000000000381,8.3,0.));
#13808=CARTESIAN_POINT('',(4.99999999999611,8.3,0.));
#13809=CARTESIAN_POINT('',(4.99999999999615,8.3,0.));
#13810=CARTESIAN_POINT('',(4.99999999999615,6.30000000000018,0.));
#13811=CARTESIAN_POINT('',(4.99999999999615,2.00000000000008,0.));
#13812=CARTESIAN_POINT('',(4.99999999999615,2.0000000000001,0.));
#13813=CARTESIAN_POINT('',(15.5,2.0000000000001,0.));
#13814=CARTESIAN_POINT('',(15.5,2.0000000000001,0.));
#13815=CARTESIAN_POINT('',(15.5,8.3,0.));
#13816=CARTESIAN_POINT('',(25.5,8.3,0.));
#13817=CARTESIAN_POINT('',(25.5,8.3,0.));
#13818=CARTESIAN_POINT('',(25.5,25.999999999996,0.));
#13819=CARTESIAN_POINT('',(0.,26.,0.));
#13820=CARTESIAN_POINT('',(-14.3189123190276,-40.3189123189218,0.));
#13821=CARTESIAN_POINT('',(-12.6689123190276,-40.3189123189218,0.));
#13822=CARTESIAN_POINT('',(-1.200153863163E-14,-26.,0.));
#13823=CARTESIAN_POINT('',(-1.40222058502231E-14,-42.5,0.));
#13824=CARTESIAN_POINT('',(14.3189123190276,-40.3189123189218,0.));
#13825=CARTESIAN_POINT('',(14.3189123190276,-38.6689123189218,0.));
#13826=CARTESIAN_POINT('',(-14.3189123190276,-11.6810876808667,0.));
#13827=CARTESIAN_POINT('',(-14.3189123190276,-13.3310876808667,0.));
#13828=CARTESIAN_POINT('',(14.3189123190276,-11.6810876808666,0.));
#13829=CARTESIAN_POINT('',(12.6689123190276,-11.6810876808666,0.));
#13830=CARTESIAN_POINT('',(-17.5499287747842,-44.5000000000001,-7.80625564189563E-15));
#13831=CARTESIAN_POINT('',(-16.5227116418582,-44.5000000000001,-7.80625564189563E-15));
#13832=CARTESIAN_POINT('',(15.4272486205416,-44.5,-7.80625564189563E-15));
#13833=CARTESIAN_POINT('',(15.4272486205415,-39.5,0.));
#13834=CARTESIAN_POINT('',(19.1899921865273,-42.7926829268292,0.));
#13835=CARTESIAN_POINT('',(-1.24344978758018E-14,-26.,0.));
#13836=CARTESIAN_POINT('',(25.5,-26.,0.));
#13837=CARTESIAN_POINT('',(25.5,25.999999999996,0.));
#13838=CARTESIAN_POINT('',(25.5,-8.29999999999999,0.));
#13839=CARTESIAN_POINT('',(15.5,-8.3,0.));
#13840=CARTESIAN_POINT('',(15.5,-8.3,0.));
#13841=CARTESIAN_POINT('',(15.5,-6.29999999999991,0.));
#13842=CARTESIAN_POINT('',(15.5,-1.9999999999999,0.));
#13843=CARTESIAN_POINT('',(15.5,-1.9999999999999,0.));
#13844=CARTESIAN_POINT('',(4.99999999999614,-1.99999999999982,0.));
#13845=CARTESIAN_POINT('',(4.99999999999615,-1.99999999999981,0.));
#13846=CARTESIAN_POINT('',(4.99999999999615,-8.3,0.));
#13847=CARTESIAN_POINT('',(-5.00000000000386,-8.3,0.));
#13848=CARTESIAN_POINT('',(-5.00000000000386,-8.3,0.));
#13849=CARTESIAN_POINT('',(-5.00000000000386,-6.29999999999983,0.));
#13850=CARTESIAN_POINT('',(-5.00000000000384,-1.99999999999979,0.));
#13851=CARTESIAN_POINT('',(-5.00000000000384,-1.99999999999979,0.));
#13852=CARTESIAN_POINT('',(-15.5000000000077,-1.9999999999998,0.));
#13853=CARTESIAN_POINT('',(-15.5000000000077,-1.99999999999989,0.));
#13854=CARTESIAN_POINT('',(-15.5000000000077,-8.3,0.));
#13855=CARTESIAN_POINT('',(-25.5,-8.3,0.));
#13856=CARTESIAN_POINT('',(-25.5,-14.5,0.));
#13857=CARTESIAN_POINT('',(-22.,-14.5,0.));
#13858=CARTESIAN_POINT('',(-22.,-17.,0.));
#13859=CARTESIAN_POINT('',(-19.5,-17.,0.));
#13860=CARTESIAN_POINT('',(-19.5,-14.5,0.));
#13861=CARTESIAN_POINT('',(-19.5,-41.4919333848297,0.));
#13862=CARTESIAN_POINT('',(-17.,-41.4919333848297,0.));
#13863=CARTESIAN_POINT('',(-18.8478260869565,-43.1758391875286,0.));
#13864=CARTESIAN_POINT('',(-1.24344978758018E-14,-26.,0.));
#13865=CARTESIAN_POINT('',(-18.3186585594515,-43.7391304347827,0.));
#13866=CARTESIAN_POINT('',(-16.5227116418583,-42.0000000000001,0.));
#13867=CARTESIAN_POINT('',(0.,26.,0.));
#13868=CARTESIAN_POINT('',(-1.24344978758018E-14,-26.,-6.));
#13869=CARTESIAN_POINT('',(-18.3186585594515,-43.7391304347827,-6.));
#13870=CARTESIAN_POINT('',(-18.8478260869565,-43.1758391875286,-6.));
#13871=CARTESIAN_POINT('',(-18.3186585594515,-43.7391304347827,0.));
#13872=CARTESIAN_POINT('',(-18.8478260869565,-43.1758391875286,0.));
#13873=CARTESIAN_POINT('',(-1.24344978758018E-14,-26.,0.));
#13874=CARTESIAN_POINT('',(-18.318658559338,43.7391304347942,0.));
#13875=CARTESIAN_POINT('',(-18.318658559338,43.7391304347942,-6.));
#13876=CARTESIAN_POINT('',(0.,25.9999999998942,-6.));
#13877=CARTESIAN_POINT('',(-18.8478260869565,43.1758391874228,-6.));
#13878=CARTESIAN_POINT('',(-18.8478260869565,43.1758391874228,0.));
#13879=CARTESIAN_POINT('',(0.,25.9999999998942,0.));
#13880=CARTESIAN_POINT('',(19.1899921865273,-42.7926829268292,0.));
#13881=CARTESIAN_POINT('',(19.1899921865273,-42.7926829268292,-6.));
#13882=CARTESIAN_POINT('',(-1.24344978758018E-14,-26.,-6.));
#13883=CARTESIAN_POINT('',(25.5,-26.,-6.));
#13884=CARTESIAN_POINT('',(25.5,-26.,0.));
#13885=CARTESIAN_POINT('',(-1.24344978758018E-14,-26.,0.));
#13886=CARTESIAN_POINT('',(25.5,9.99999999999999,-3.));
#13887=CARTESIAN_POINT('',(25.5,9.99999999999999,-1.25));
#13888=CARTESIAN_POINT('',(25.5,-10.,-3.));
#13889=CARTESIAN_POINT('',(25.5,-10.,-1.25));
#13890=CARTESIAN_POINT('',(25.5,-1.0842021724855E-14,-3.));
#13891=CARTESIAN_POINT('',(25.5,-1.0842021724855E-14,-1.25));
#13892=CARTESIAN_POINT('',(25.5,-3.3,7.));
#13893=CARTESIAN_POINT('',(25.5,-3.3,8.75));
#13894=CARTESIAN_POINT('',(25.5,3.29999999999998,17.));
#13895=CARTESIAN_POINT('',(25.5,3.29999999999998,18.75));
#13896=CARTESIAN_POINT('',(25.5,25.999999999996,-6.));
#13897=CARTESIAN_POINT('',(25.5,25.999999999996,-6.));
#13898=CARTESIAN_POINT('',(25.5,25.999999999996,0.));
#13899=CARTESIAN_POINT('',(25.5,8.3,2.));
#13900=CARTESIAN_POINT('',(25.5,6.3,2.));
#13901=CARTESIAN_POINT('',(25.5,6.3,35.));
#13902=CARTESIAN_POINT('',(25.5,6.3,35.));
#13903=CARTESIAN_POINT('',(25.5,-6.3,35.));
#13904=CARTESIAN_POINT('',(25.5,-6.29999999999999,35.));
#13905=CARTESIAN_POINT('',(25.5,-6.29999999999999,35.));
#13906=CARTESIAN_POINT('',(25.5,-6.29999999999999,2.));
#13907=CARTESIAN_POINT('',(25.5,-8.29999999999999,2.));
#13908=CARTESIAN_POINT('',(25.5,25.999999999996,0.));
#13909=CARTESIAN_POINT('',(-15.5000000000077,6.30000000000022,-311.5));
#13910=CARTESIAN_POINT('',(-15.5000000000077,6.30000000000022,2.));
#13911=CARTESIAN_POINT('',(-15.5000000000077,6.30000000000022,35.));
#13912=CARTESIAN_POINT('',(-25.5,6.29999999999999,2.));
#13913=CARTESIAN_POINT('',(25.5,6.3,35.));
#13914=CARTESIAN_POINT('',(25.5,6.3,35.));
#13915=CARTESIAN_POINT('',(4.99999999999611,6.30000000000015,-311.5));
#13916=CARTESIAN_POINT('',(4.99999999999611,6.30000000000015,2.));
#13917=CARTESIAN_POINT('',(4.99999999999611,6.30000000000015,35.));
#13918=CARTESIAN_POINT('',(-5.00000000000382,6.3,2.));
#13919=CARTESIAN_POINT('',(-5.00000000000382,6.30000000000018,2.));
#13920=CARTESIAN_POINT('',(-5.00000000000382,6.30000000000018,-311.5));
#13921=CARTESIAN_POINT('',(-5.00000000000382,6.30000000000018,35.));
#13922=CARTESIAN_POINT('',(25.5,6.3,35.));
#13923=CARTESIAN_POINT('',(25.5,6.3,35.));
#13924=CARTESIAN_POINT('',(15.5,-6.29999999999991,-311.5));
#13925=CARTESIAN_POINT('',(15.5,-6.29999999999991,2.));
#13926=CARTESIAN_POINT('',(15.5,-6.29999999999991,35.));
#13927=CARTESIAN_POINT('',(25.5,-6.29999999999999,2.));
#13928=CARTESIAN_POINT('',(-25.5,-6.3,35.));
#13929=CARTESIAN_POINT('',(-25.5,-6.3,35.));
#13930=CARTESIAN_POINT('',(-5.00000000000386,-6.29999999999984,-311.5));
#13931=CARTESIAN_POINT('',(-5.00000000000386,-6.29999999999984,2.));
#13932=CARTESIAN_POINT('',(-5.00000000000386,-6.29999999999984,35.));
#13933=CARTESIAN_POINT('',(4.99999999999615,-6.3,2.));
#13934=CARTESIAN_POINT('',(4.99999999999615,-6.29999999999983,2.));
#13935=CARTESIAN_POINT('',(4.99999999999615,-6.29999999999983,-311.5));
#13936=CARTESIAN_POINT('',(4.99999999999615,-6.29999999999983,35.));
#13937=CARTESIAN_POINT('',(-25.5,-6.3,35.));
#13938=CARTESIAN_POINT('',(-25.5,-6.3,35.));
#13939=CARTESIAN_POINT('',(-20.4999999999979,2.30926389122033E-14,35.));
#13940=CARTESIAN_POINT('',(-20.4999999999979,1.75000000000002,35.));
#13941=CARTESIAN_POINT('',(3.5527136788005E-15,-8.88178419700125E-16,35.));
#13942=CARTESIAN_POINT('',(3.5527136788005E-15,1.75,35.));
#13943=CARTESIAN_POINT('',(20.5,9.47860435032644E-14,35.));
#13944=CARTESIAN_POINT('',(20.5,1.75000000000009,35.));
#13945=CARTESIAN_POINT('',(-15.5000000000077,6.30000000000011,35.));
#13946=CARTESIAN_POINT('',(-15.5000000000077,2.0000000000002,35.));
#13947=CARTESIAN_POINT('',(-25.5,-6.3,35.));
#13948=CARTESIAN_POINT('',(-15.5000000000077,-6.2999999999997,35.));
#13949=CARTESIAN_POINT('',(-15.5000000000077,-1.99999999999989,35.));
#13950=CARTESIAN_POINT('',(-15.5000000000077,-1.9999999999998,35.));
#13951=CARTESIAN_POINT('',(-5.00000000000384,-1.99999999999979,35.));
#13952=CARTESIAN_POINT('',(-5.00000000000384,-1.99999999999979,35.));
#13953=CARTESIAN_POINT('',(-5.00000000000386,-6.29999999999983,35.));
#13954=CARTESIAN_POINT('',(4.99999999999615,-1.99999999999981,35.));
#13955=CARTESIAN_POINT('',(4.99999999999614,-1.99999999999982,35.));
#13956=CARTESIAN_POINT('',(15.5,-1.9999999999999,35.));
#13957=CARTESIAN_POINT('',(15.5,-1.9999999999999,35.));
#13958=CARTESIAN_POINT('',(15.5,-6.29999999999991,35.));
#13959=CARTESIAN_POINT('',(25.5,6.3,35.));
#13960=CARTESIAN_POINT('',(15.5,6.30000000000011,35.));
#13961=CARTESIAN_POINT('',(15.5,2.0000000000001,35.));
#13962=CARTESIAN_POINT('',(15.5,2.0000000000001,35.));
#13963=CARTESIAN_POINT('',(4.99999999999615,2.0000000000001,35.));
#13964=CARTESIAN_POINT('',(4.99999999999615,2.0000000000001,35.));
#13965=CARTESIAN_POINT('',(4.99999999999615,6.30000000000018,35.));
#13966=CARTESIAN_POINT('',(-5.00000000000383,2.00000000000015,35.));
#13967=CARTESIAN_POINT('',(-5.00000000000383,2.00000000000021,35.));
#13968=CARTESIAN_POINT('',(-15.5000000000077,2.0000000000002,35.));
#13969=CARTESIAN_POINT('',(0.,0.,35.));
#13970=CARTESIAN_POINT('',(14.3189123190276,40.3189123189218,-3.));
#13971=CARTESIAN_POINT('',(14.3189123190276,38.6689123189218,-3.));
#13972=CARTESIAN_POINT('',(14.3189123190276,40.3189123189218,-6.));
#13973=CARTESIAN_POINT('',(14.3189123190276,-40.3189123189218,-3.));
#13974=CARTESIAN_POINT('',(14.3189123190276,-41.9689123189218,-3.));
#13975=CARTESIAN_POINT('',(14.3189123190276,-40.3189123189218,-6.));
#13976=CARTESIAN_POINT('',(14.3189123190276,-11.6810876808666,-3.));
#13977=CARTESIAN_POINT('',(14.3189123190276,-13.3310876808666,-3.));
#13978=CARTESIAN_POINT('',(14.3189123190276,-11.6810876808666,-6.));
#13979=CARTESIAN_POINT('',(14.3189123190276,11.6810876808667,-3.));
#13980=CARTESIAN_POINT('',(14.3189123190276,10.0310876808667,-3.));
#13981=CARTESIAN_POINT('',(14.3189123190276,11.6810876808667,-6.));
#13982=CARTESIAN_POINT('',(17.5499287747843,44.5,-6.));
#13983=CARTESIAN_POINT('',(15.427248620449,44.5,-6.));
#13984=CARTESIAN_POINT('',(-16.5227116417558,44.5000000000001,-6.));
#13985=CARTESIAN_POINT('',(15.427248620449,39.5,-6.));
#13986=CARTESIAN_POINT('',(19.1899921864122,42.792682926855,-6.));
#13987=CARTESIAN_POINT('',(0.,25.9999999998942,-6.));
#13988=CARTESIAN_POINT('',(15.4272486205415,-39.5,-6.));
#13989=CARTESIAN_POINT('',(15.4272486205416,-44.5,-6.));
#13990=CARTESIAN_POINT('',(-17.5499287747842,-44.5000000000001,-6.));
#13991=CARTESIAN_POINT('',(-16.5227116418582,-44.5000000000001,-6.));
#13992=CARTESIAN_POINT('',(-16.5227116418583,-42.0000000000001,-6.));
#13993=CARTESIAN_POINT('',(-17.,-41.4919333848297,-6.));
#13994=CARTESIAN_POINT('',(-19.5,-41.4919333848297,-6.));
#13995=CARTESIAN_POINT('',(-19.5,-14.5,-6.));
#13996=CARTESIAN_POINT('',(-19.5,-17.,-6.));
#13997=CARTESIAN_POINT('',(-22.,-17.,-6.));
#13998=CARTESIAN_POINT('',(-22.,-14.5,-6.));
#13999=CARTESIAN_POINT('',(-25.5,-14.5,-6.));
#14000=CARTESIAN_POINT('',(-19.5,14.5,-6.));
#14001=CARTESIAN_POINT('',(-22.,14.5,-6.));
#14002=CARTESIAN_POINT('',(-22.,17.,-6.));
#14003=CARTESIAN_POINT('',(-19.5,17.,-6.));
#14004=CARTESIAN_POINT('',(-19.5,42.431676725155,-6.));
#14005=CARTESIAN_POINT('',(-19.5,41.4919333847239,-6.));
#14006=CARTESIAN_POINT('',(-17.,41.4919333847239,-6.));
#14007=CARTESIAN_POINT('',(-16.5227116417558,42.0000000000001,-6.));
#14008=CARTESIAN_POINT('',(-1.200153863163E-14,-26.,-6.));
#14009=CARTESIAN_POINT('',(-14.2614767272346,-17.7017904606749,-6.));
#14010=CARTESIAN_POINT('',(-14.261476727306,-34.2982095392025,-6.));
#14011=CARTESIAN_POINT('',(-15.5579746116065,-35.0525922245845,-6.));
#14012=CARTESIAN_POINT('',(-14.4973144398267,-36.1132523963643,-6.));
#14013=CARTESIAN_POINT('',(-16.5109433407104,-38.126881297248,-6.));
#14014=CARTESIAN_POINT('',(-16.5109433407104,-38.126881297248,-6.));
#14015=CARTESIAN_POINT('',(-14.3189123190276,-40.3189123189218,-6.));
#14016=CARTESIAN_POINT('',(-12.1268812973493,-42.5109433406001,-6.));
#14017=CARTESIAN_POINT('',(-9.26746285894313,-39.651524902194,-6.));
#14018=CARTESIAN_POINT('',(-10.1132523964981,-40.4973144397489,-6.));
#14019=CARTESIAN_POINT('',(-9.05259222471824,-41.5579746115287,-6.));
#14020=CARTESIAN_POINT('',(-8.29820953932505,-40.2614767272346,-6.));
#14021=CARTESIAN_POINT('',(-1.200153863163E-14,-26.,-6.));
#14022=CARTESIAN_POINT('',(8.29820953932504,-40.2614767272346,-6.));
#14023=CARTESIAN_POINT('',(9.05259222471823,-41.5579746115287,-6.));
#14024=CARTESIAN_POINT('',(10.113252396498,-40.4973144397489,-6.));
#14025=CARTESIAN_POINT('',(12.1268812973538,-42.5109433406046,-6.));
#14026=CARTESIAN_POINT('',(12.1268812973538,-42.5109433406046,-6.));
#14027=CARTESIAN_POINT('',(14.3189123190276,-40.3189123189218,-6.));
#14028=CARTESIAN_POINT('',(16.5109433407059,-38.1268812972435,-6.));
#14029=CARTESIAN_POINT('',(13.6515249022997,-35.2674628588373,-6.));
#14030=CARTESIAN_POINT('',(14.4973144398267,-36.1132523963643,-6.));
#14031=CARTESIAN_POINT('',(15.5579746116065,-35.0525922245845,-6.));
#14032=CARTESIAN_POINT('',(14.261476727306,-34.2982095392024,-6.));
#14033=CARTESIAN_POINT('',(-1.200153863163E-14,-26.,-6.));
#14034=CARTESIAN_POINT('',(14.2614767272346,-17.701790460675,-6.));
#14035=CARTESIAN_POINT('',(15.5579746115287,-16.9474077752818,-6.));
#14036=CARTESIAN_POINT('',(14.4973144397489,-15.886747603502,-6.));
#14037=CARTESIAN_POINT('',(16.5109433407104,-13.8731187025405,-6.));
#14038=CARTESIAN_POINT('',(16.5109433407104,-13.8731187025405,-6.));
#14039=CARTESIAN_POINT('',(14.3189123190276,-11.6810876808667,-6.));
#14040=CARTESIAN_POINT('',(12.1268812973493,-9.48905665918836,-6.));
#14041=CARTESIAN_POINT('',(9.26746285894316,-12.3484750975945,-6.));
#14042=CARTESIAN_POINT('',(10.1132523963643,-11.5026855601734,-6.));
#14043=CARTESIAN_POINT('',(9.05259222458451,-10.4420253883935,-6.));
#14044=CARTESIAN_POINT('',(8.29820953920246,-11.7385232726941,-6.));
#14045=CARTESIAN_POINT('',(-1.200153863163E-14,-26.,-6.));
#14046=CARTESIAN_POINT('',(-8.29820953920241,-11.738523272694,-6.));
#14047=CARTESIAN_POINT('',(-9.05259222458444,-10.4420253883935,-6.));
#14048=CARTESIAN_POINT('',(-10.1132523963643,-11.5026855601733,-6.));
#14049=CARTESIAN_POINT('',(-12.1268812973537,-9.48905665918381,-6.));
#14050=CARTESIAN_POINT('',(-12.1268812973537,-9.48905665918381,-6.));
#14051=CARTESIAN_POINT('',(-14.3189123190275,-11.6810876808666,-6.));
#14052=CARTESIAN_POINT('',(-16.5109433407058,-13.8731187025449,-6.));
#14053=CARTESIAN_POINT('',(-13.6515249022997,-16.7325371409511,-6.));
#14054=CARTESIAN_POINT('',(-14.4973144397488,-15.8867476035019,-6.));
#14055=CARTESIAN_POINT('',(-15.5579746115287,-16.9474077752817,-6.));
#14056=CARTESIAN_POINT('',(1.0539526846846E-14,26.,-6.));
#14057=CARTESIAN_POINT('',(-14.261476727306,34.2982095392025,-6.));
#14058=CARTESIAN_POINT('',(-14.2614767272346,17.701790460675,-6.));
#14059=CARTESIAN_POINT('',(-15.5579746115287,16.9474077752818,-6.));
#14060=CARTESIAN_POINT('',(-14.4973144397489,15.886747603502,-6.));
#14061=CARTESIAN_POINT('',(-16.5109433407059,13.873118702545,-6.));
#14062=CARTESIAN_POINT('',(-16.5109433407059,13.873118702545,-6.));
#14063=CARTESIAN_POINT('',(-14.3189123190276,11.6810876808667,-6.));
#14064=CARTESIAN_POINT('',(-12.1268812973493,9.48905665918844,-6.));
#14065=CARTESIAN_POINT('',(-9.26746285894313,12.3484750975946,-6.));
#14066=CARTESIAN_POINT('',(-10.1132523963644,11.5026855601734,-6.));
#14067=CARTESIAN_POINT('',(-9.05259222458453,10.4420253883935,-6.));
#14068=CARTESIAN_POINT('',(-8.29820953920249,11.7385232726941,-6.));
#14069=CARTESIAN_POINT('',(1.0539526846846E-14,26.,-6.));
#14070=CARTESIAN_POINT('',(8.29820953920241,11.738523272694,-6.));
#14071=CARTESIAN_POINT('',(9.05259222458444,10.4420253883935,-6.));
#14072=CARTESIAN_POINT('',(10.1132523963643,11.5026855601733,-6.));
#14073=CARTESIAN_POINT('',(12.1268812973492,9.48905665918834,-6.));
#14074=CARTESIAN_POINT('',(12.1268812973492,9.48905665918834,-6.));
#14075=CARTESIAN_POINT('',(14.3189123190275,11.6810876808666,-6.));
#14076=CARTESIAN_POINT('',(16.5109433407058,13.8731187025449,-6.));
#14077=CARTESIAN_POINT('',(13.6515249022997,16.7325371409511,-6.));
#14078=CARTESIAN_POINT('',(14.4973144397489,15.8867476035019,-6.));
#14079=CARTESIAN_POINT('',(15.5579746115287,16.9474077752817,-6.));
#14080=CARTESIAN_POINT('',(14.2614767272346,17.7017904606749,-6.));
#14081=CARTESIAN_POINT('',(1.0539526846846E-14,26.,-6.));
#14082=CARTESIAN_POINT('',(14.261476727306,34.2982095392024,-6.));
#14083=CARTESIAN_POINT('',(15.5579746116065,35.0525922245845,-6.));
#14084=CARTESIAN_POINT('',(14.4973144398267,36.1132523963643,-6.));
#14085=CARTESIAN_POINT('',(16.5109433407059,38.1268812972435,-6.));
#14086=CARTESIAN_POINT('',(16.5109433407059,38.1268812972435,-6.));
#14087=CARTESIAN_POINT('',(14.3189123190276,40.3189123189218,-6.));
#14088=CARTESIAN_POINT('',(12.1268812973493,42.5109433406001,-6.));
#14089=CARTESIAN_POINT('',(9.26746285894315,39.6515249021939,-6.));
#14090=CARTESIAN_POINT('',(10.1132523964981,40.4973144397489,-6.));
#14091=CARTESIAN_POINT('',(9.05259222471827,41.5579746115287,-6.));
#14092=CARTESIAN_POINT('',(8.29820953932508,40.2614767272346,-6.));
#14093=CARTESIAN_POINT('',(1.0539526846846E-14,26.,-6.));
#14094=CARTESIAN_POINT('',(-8.29820953932503,40.2614767272346,-6.));
#14095=CARTESIAN_POINT('',(-9.05259222471822,41.5579746115287,-6.));
#14096=CARTESIAN_POINT('',(-10.113252396498,40.4973144397489,-6.));
#14097=CARTESIAN_POINT('',(-12.1268812973493,42.5109433406001,-6.));
#14098=CARTESIAN_POINT('',(-12.1268812973493,42.5109433406001,-6.));
#14099=CARTESIAN_POINT('',(-14.3189123190276,40.3189123189218,-6.));
#14100=CARTESIAN_POINT('',(-16.5109433407104,38.126881297248,-6.));
#14101=CARTESIAN_POINT('',(-13.6515249022997,35.2674628588374,-6.));
#14102=CARTESIAN_POINT('',(-14.4973144398267,36.1132523963643,-6.));
#14103=CARTESIAN_POINT('',(-15.5579746116065,35.0525922245845,-6.));
#14104=CARTESIAN_POINT('',(0.,26.,-6.));
#14105=CARTESIAN_POINT('',(7.105427357601E-15,-25.9999999998942,-3.));
#14106=CARTESIAN_POINT('',(-8.29820953927906,-40.2614767271556,-3.));
#14107=CARTESIAN_POINT('',(-14.261476727306,-34.2982095392025,-3.));
#14108=CARTESIAN_POINT('',(-14.261476727306,-34.2982095392025,-59.4));
#14109=CARTESIAN_POINT('',(-14.2614767272346,-17.7017904606749,-59.4));
#14110=CARTESIAN_POINT('',(-14.2614767272806,-17.7017904606482,-3.));
#14111=CARTESIAN_POINT('',(6.93889390390723E-15,-25.9999999998942,-3.));
#14112=CARTESIAN_POINT('',(-8.29820953920241,-11.738523272694,-3.));
#14113=CARTESIAN_POINT('',(-8.29820953920241,-11.738523272694,-59.4));
#14114=CARTESIAN_POINT('',(8.29820953920246,-11.7385232726941,-59.4));
#14115=CARTESIAN_POINT('',(8.29820953924846,-11.738523272615,-3.));
#14116=CARTESIAN_POINT('',(7.105427357601E-15,-25.9999999998942,-3.));
#14117=CARTESIAN_POINT('',(14.2614767272346,-17.701790460675,-3.));
#14118=CARTESIAN_POINT('',(14.2614767272346,-17.701790460675,-59.4));
#14119=CARTESIAN_POINT('',(14.261476727306,-34.2982095392024,-59.4));
#14120=CARTESIAN_POINT('',(14.26147672726,-34.2982095391757,-3.));
#14121=CARTESIAN_POINT('',(6.93889390390723E-15,-25.9999999998942,-3.));
#14122=CARTESIAN_POINT('',(8.29820953932504,-40.2614767272346,-3.));
#14123=CARTESIAN_POINT('',(8.29820953932504,-40.2614767272346,-59.4));
#14124=CARTESIAN_POINT('',(-8.29820953932505,-40.2614767272346,-59.4));
#14125=CARTESIAN_POINT('',(-1.200153863163E-14,-26.,-59.4));
#14126=CARTESIAN_POINT('',(6.93889390390723E-15,25.9999999998943,-3.));
#14127=CARTESIAN_POINT('',(-8.29820953924843,11.7385232726151,-3.));
#14128=CARTESIAN_POINT('',(-14.2614767272346,17.701790460675,-3.));
#14129=CARTESIAN_POINT('',(-14.2614767272346,17.701790460675,-59.4));
#14130=CARTESIAN_POINT('',(-14.261476727306,34.2982095392025,-59.4));
#14131=CARTESIAN_POINT('',(-14.26147672726,34.2982095391757,-3.));
#14132=CARTESIAN_POINT('',(7.105427357601E-15,25.9999999998942,-3.));
#14133=CARTESIAN_POINT('',(-8.29820953932503,40.2614767272346,-3.));
#14134=CARTESIAN_POINT('',(-8.29820953932503,40.2614767272346,-59.4));
#14135=CARTESIAN_POINT('',(8.29820953932508,40.2614767272346,-59.4));
#14136=CARTESIAN_POINT('',(8.29820953927908,40.2614767271556,-3.));
#14137=CARTESIAN_POINT('',(6.93889390390723E-15,25.9999999998942,-3.));
#14138=CARTESIAN_POINT('',(14.261476727306,34.2982095392024,-3.));
#14139=CARTESIAN_POINT('',(14.261476727306,34.2982095392024,-59.4));
#14140=CARTESIAN_POINT('',(14.2614767272346,17.7017904606749,-59.4));
#14141=CARTESIAN_POINT('',(14.2614767272806,17.7017904606482,-3.));
#14142=CARTESIAN_POINT('',(-4.91244301423602E-14,25.9999999998942,-3.));
#14143=CARTESIAN_POINT('',(8.29820953920241,11.738523272694,-3.));
#14144=CARTESIAN_POINT('',(8.29820953920241,11.738523272694,-59.4));
#14145=CARTESIAN_POINT('',(-8.29820953920249,11.7385232726941,-59.4));
#14146=CARTESIAN_POINT('',(1.0539526846846E-14,26.,-59.4));
#14147=CARTESIAN_POINT('',(-14.3189123190276,-40.3189123189218,-3.));
#14148=CARTESIAN_POINT('',(-14.3189123190276,-38.6689123189218,-3.));
#14149=CARTESIAN_POINT('',(-14.3189123190276,-40.3189123189218,-6.));
#14150=CARTESIAN_POINT('',(-14.3189123190275,11.6810876808667,-3.));
#14151=CARTESIAN_POINT('',(-14.3189123190275,13.3310876808667,-3.));
#14152=CARTESIAN_POINT('',(-14.3189123190275,11.6810876808667,-6.));
#14153=CARTESIAN_POINT('',(-14.3189123190276,40.3189123189218,-3.));
#14154=CARTESIAN_POINT('',(-14.3189123190276,41.9689123189218,-3.));
#14155=CARTESIAN_POINT('',(-14.3189123190276,40.3189123189218,-6.));
#14156=CARTESIAN_POINT('',(-14.3189123190276,-11.6810876808667,-3.));
#14157=CARTESIAN_POINT('',(-14.3189123190276,-10.0310876808667,-3.));
#14158=CARTESIAN_POINT('',(-14.3189123190276,-11.6810876808667,-6.));
#14159=CARTESIAN_POINT('',(19.1899921864122,42.792682926855,0.));
#14160=CARTESIAN_POINT('',(0.,25.9999999998942,0.));
#14161=CARTESIAN_POINT('',(13.6515249022997,16.7325371409511,-3.));
#14162=CARTESIAN_POINT('',(16.5109433407058,13.8731187025449,-3.));
#14163=CARTESIAN_POINT('',(14.4973144397489,15.8867476035019,-3.));
#14164=CARTESIAN_POINT('',(14.3189123190275,11.6810876808666,-3.));
#14165=CARTESIAN_POINT('',(12.1268812973492,9.48905665918834,-3.));
#14166=CARTESIAN_POINT('',(12.1268812973492,9.48905665918834,-3.));
#14167=CARTESIAN_POINT('',(10.1132523963643,11.5026855601733,-3.));
#14168=CARTESIAN_POINT('',(9.05259222458444,10.4420253883935,-3.));
#14169=CARTESIAN_POINT('',(15.5579746115287,16.9474077752817,-3.));
#14170=CARTESIAN_POINT('',(14.3189123190275,11.6810876808666,-3.));
#14171=CARTESIAN_POINT('',(14.4973144397489,15.8867476035019,-3.));
#14172=CARTESIAN_POINT('',(16.5109433407058,13.8731187025449,-3.));
#14173=CARTESIAN_POINT('',(13.6515249022997,16.7325371409511,-3.));
#14174=CARTESIAN_POINT('',(12.1268812973492,9.48905665918834,-3.));
#14175=CARTESIAN_POINT('',(14.3189123190275,11.6810876808666,-3.));
#14176=CARTESIAN_POINT('',(10.1132523963643,11.5026855601733,-3.));
#14177=CARTESIAN_POINT('',(12.1268812973492,9.48905665918834,-3.));
#14178=CARTESIAN_POINT('',(9.26746285894316,-12.3484750975945,-3.));
#14179=CARTESIAN_POINT('',(12.1268812973493,-9.48905665918836,-3.));
#14180=CARTESIAN_POINT('',(10.1132523963643,-11.5026855601734,-3.));
#14181=CARTESIAN_POINT('',(10.1132523963643,-11.5026855601734,-3.));
#14182=CARTESIAN_POINT('',(12.1268812973493,-9.48905665918836,-3.));
#14183=CARTESIAN_POINT('',(9.26746285894316,-12.3484750975945,-3.));
#14184=CARTESIAN_POINT('',(16.5109433407104,-13.8731187025405,-3.));
#14185=CARTESIAN_POINT('',(16.5109433407104,-13.8731187025405,-3.));
#14186=CARTESIAN_POINT('',(14.3189123190276,-11.6810876808667,-3.));
#14187=CARTESIAN_POINT('',(14.3189123190276,-11.6810876808667,-3.));
#14188=CARTESIAN_POINT('',(14.4973144397489,-15.886747603502,-3.));
#14189=CARTESIAN_POINT('',(14.4973144397489,-15.886747603502,-3.));
#14190=CARTESIAN_POINT('',(16.5109433407104,-13.8731187025405,-3.));
#14191=CARTESIAN_POINT('',(16.5109433407104,-13.8731187025405,-3.));
#14192=CARTESIAN_POINT('',(15.5579746115287,-16.9474077752818,-3.));
#14193=CARTESIAN_POINT('',(9.05259222458451,-10.4420253883935,-3.));
#14194=CARTESIAN_POINT('',(14.3189123190276,-11.6810876808667,-3.));
#14195=CARTESIAN_POINT('',(-10.1132523963643,-11.5026855601733,-3.));
#14196=CARTESIAN_POINT('',(-10.1132523963643,-11.5026855601733,-3.));
#14197=CARTESIAN_POINT('',(-12.1268812973537,-9.48905665918381,-3.));
#14198=CARTESIAN_POINT('',(-12.1268812973537,-9.48905665918381,-3.));
#14199=CARTESIAN_POINT('',(-12.1268812973537,-9.48905665918381,-3.));
#14200=CARTESIAN_POINT('',(-12.1268812973537,-9.48905665918381,-3.));
#14201=CARTESIAN_POINT('',(-13.6515249022997,-16.7325371409511,-3.));
#14202=CARTESIAN_POINT('',(-16.5109433407058,-13.8731187025449,-3.));
#14203=CARTESIAN_POINT('',(-14.4973144397488,-15.8867476035019,-3.));
#14204=CARTESIAN_POINT('',(-14.4973144397488,-15.8867476035019,-3.));
#14205=CARTESIAN_POINT('',(-16.5109433407058,-13.8731187025449,-3.));
#14206=CARTESIAN_POINT('',(-13.6515249022997,-16.7325371409511,-3.));
#14207=CARTESIAN_POINT('',(-14.3189123190275,-11.6810876808666,-3.));
#14208=CARTESIAN_POINT('',(-14.3189123190275,-11.6810876808666,-3.));
#14209=CARTESIAN_POINT('',(-9.05259222458444,-10.4420253883935,-3.));
#14210=CARTESIAN_POINT('',(-15.5579746115287,-16.9474077752817,-3.));
#14211=CARTESIAN_POINT('',(6.93889390390723E-15,-25.9999999998942,-3.));
#14212=CARTESIAN_POINT('',(13.6515249022997,-35.2674628588373,-3.));
#14213=CARTESIAN_POINT('',(16.5109433407059,-38.1268812972435,-3.));
#14214=CARTESIAN_POINT('',(14.4973144398267,-36.1132523963643,-3.));
#14215=CARTESIAN_POINT('',(14.4973144398267,-36.1132523963643,-3.));
#14216=CARTESIAN_POINT('',(16.5109433407059,-38.1268812972435,-3.));
#14217=CARTESIAN_POINT('',(13.6515249022997,-35.2674628588373,-3.));
#14218=CARTESIAN_POINT('',(12.1268812973538,-42.5109433406046,-3.));
#14219=CARTESIAN_POINT('',(12.1268812973538,-42.5109433406046,-3.));
#14220=CARTESIAN_POINT('',(14.3189123190276,-40.3189123189218,-3.));
#14221=CARTESIAN_POINT('',(14.3189123190276,-40.3189123189218,-3.));
#14222=CARTESIAN_POINT('',(10.113252396498,-40.4973144397489,-3.));
#14223=CARTESIAN_POINT('',(10.113252396498,-40.4973144397489,-3.));
#14224=CARTESIAN_POINT('',(12.1268812973538,-42.5109433406046,-3.));
#14225=CARTESIAN_POINT('',(12.1268812973538,-42.5109433406046,-3.));
#14226=CARTESIAN_POINT('',(9.05259222471823,-41.5579746115287,-3.));
#14227=CARTESIAN_POINT('',(15.5579746116065,-35.0525922245845,-3.));
#14228=CARTESIAN_POINT('',(14.3189123190276,-40.3189123189218,-3.));
#14229=CARTESIAN_POINT('',(9.26746285894315,39.6515249021939,-3.));
#14230=CARTESIAN_POINT('',(12.1268812973493,42.5109433406001,-3.));
#14231=CARTESIAN_POINT('',(10.1132523964981,40.4973144397489,-3.));
#14232=CARTESIAN_POINT('',(14.3189123190276,40.3189123189218,-3.));
#14233=CARTESIAN_POINT('',(16.5109433407059,38.1268812972435,-3.));
#14234=CARTESIAN_POINT('',(16.5109433407059,38.1268812972435,-3.));
#14235=CARTESIAN_POINT('',(14.4973144398267,36.1132523963643,-3.));
#14236=CARTESIAN_POINT('',(15.5579746116065,35.0525922245845,-3.));
#14237=CARTESIAN_POINT('',(9.05259222471827,41.5579746115287,-3.));
#14238=CARTESIAN_POINT('',(14.3189123190276,40.3189123189218,-3.));
#14239=CARTESIAN_POINT('',(10.1132523964981,40.4973144397489,-3.));
#14240=CARTESIAN_POINT('',(12.1268812973493,42.5109433406001,-3.));
#14241=CARTESIAN_POINT('',(9.26746285894315,39.6515249021939,-3.));
#14242=CARTESIAN_POINT('',(16.5109433407059,38.1268812972435,-3.));
#14243=CARTESIAN_POINT('',(14.3189123190276,40.3189123189218,-3.));
#14244=CARTESIAN_POINT('',(14.4973144398267,36.1132523963643,-3.));
#14245=CARTESIAN_POINT('',(16.5109433407059,38.1268812972435,-3.));
#14246=CARTESIAN_POINT('',(-12.1268812973493,42.5109433406001,-3.));
#14247=CARTESIAN_POINT('',(-10.113252396498,40.4973144397489,-3.));
#14248=CARTESIAN_POINT('',(-12.1268812973493,42.5109433406001,-3.));
#14249=CARTESIAN_POINT('',(-9.05259222471822,41.5579746115287,-3.));
#14250=CARTESIAN_POINT('',(-15.5579746116065,35.0525922245845,-3.));
#14251=CARTESIAN_POINT('',(-14.4973144398267,36.1132523963643,-3.));
#14252=CARTESIAN_POINT('',(-13.6515249022997,35.2674628588374,-3.));
#14253=CARTESIAN_POINT('',(-16.5109433407104,38.126881297248,-3.));
#14254=CARTESIAN_POINT('',(-14.3189123190276,40.3189123189218,-3.));
#14255=CARTESIAN_POINT('',(7.105427357601E-15,25.9999999998942,-3.));
#14256=CARTESIAN_POINT('',(-10.113252396498,40.4973144397489,-3.));
#14257=CARTESIAN_POINT('',(-12.1268812973493,42.5109433406001,-3.));
#14258=CARTESIAN_POINT('',(-12.1268812973493,42.5109433406001,-3.));
#14259=CARTESIAN_POINT('',(-14.4973144398267,36.1132523963643,-3.));
#14260=CARTESIAN_POINT('',(-16.5109433407104,38.126881297248,-3.));
#14261=CARTESIAN_POINT('',(-13.6515249022997,35.2674628588374,-3.));
#14262=CARTESIAN_POINT('',(-14.3189123190276,40.3189123189218,-3.));
#14263=CARTESIAN_POINT('',(-16.5109433407059,13.873118702545,-3.));
#14264=CARTESIAN_POINT('',(-14.4973144397489,15.886747603502,-3.));
#14265=CARTESIAN_POINT('',(-16.5109433407059,13.873118702545,-3.));
#14266=CARTESIAN_POINT('',(-15.5579746115287,16.9474077752818,-3.));
#14267=CARTESIAN_POINT('',(-9.05259222458453,10.4420253883935,-3.));
#14268=CARTESIAN_POINT('',(-10.1132523963644,11.5026855601734,-3.));
#14269=CARTESIAN_POINT('',(-9.26746285894313,12.3484750975946,-3.));
#14270=CARTESIAN_POINT('',(-12.1268812973493,9.48905665918844,-3.));
#14271=CARTESIAN_POINT('',(-14.3189123190276,11.6810876808667,-3.));
#14272=CARTESIAN_POINT('',(6.93889390390723E-15,25.9999999998943,-3.));
#14273=CARTESIAN_POINT('',(-14.4973144397489,15.886747603502,-3.));
#14274=CARTESIAN_POINT('',(-16.5109433407059,13.873118702545,-3.));
#14275=CARTESIAN_POINT('',(-16.5109433407059,13.873118702545,-3.));
#14276=CARTESIAN_POINT('',(-10.1132523963644,11.5026855601734,-3.));
#14277=CARTESIAN_POINT('',(-12.1268812973493,9.48905665918844,-3.));
#14278=CARTESIAN_POINT('',(-9.26746285894313,12.3484750975946,-3.));
#14279=CARTESIAN_POINT('',(-14.3189123190276,11.6810876808667,-3.));
#14280=CARTESIAN_POINT('',(-14.4973144398267,-36.1132523963643,-3.));
#14281=CARTESIAN_POINT('',(-14.4973144398267,-36.1132523963643,-3.));
#14282=CARTESIAN_POINT('',(-16.5109433407104,-38.126881297248,-3.));
#14283=CARTESIAN_POINT('',(-16.5109433407104,-38.126881297248,-3.));
#14284=CARTESIAN_POINT('',(-16.5109433407104,-38.126881297248,-3.));
#14285=CARTESIAN_POINT('',(-16.5109433407104,-38.126881297248,-3.));
#14286=CARTESIAN_POINT('',(-9.26746285894313,-39.651524902194,-3.));
#14287=CARTESIAN_POINT('',(-12.1268812973493,-42.5109433406001,-3.));
#14288=CARTESIAN_POINT('',(-10.1132523964981,-40.4973144397489,-3.));
#14289=CARTESIAN_POINT('',(-10.1132523964981,-40.4973144397489,-3.));
#14290=CARTESIAN_POINT('',(-12.1268812973493,-42.5109433406001,-3.));
#14291=CARTESIAN_POINT('',(-9.26746285894313,-39.651524902194,-3.));
#14292=CARTESIAN_POINT('',(-14.3189123190276,-40.3189123189218,-3.));
#14293=CARTESIAN_POINT('',(-14.3189123190276,-40.3189123189218,-3.));
#14294=CARTESIAN_POINT('',(-15.5579746116065,-35.0525922245845,-3.));
#14295=CARTESIAN_POINT('',(-9.05259222471824,-41.5579746115287,-3.));
#14296=CARTESIAN_POINT('',(7.105427357601E-15,-25.9999999998942,-3.));
#14297=CARTESIAN_POINT('',(-15.5579746116065,-35.0525922245845,-59.4));
#14298=CARTESIAN_POINT('',(-9.05259222471824,-41.5579746115287,-59.4));
#14299=CARTESIAN_POINT('',(9.05259222471823,-41.5579746115287,-59.4));
#14300=CARTESIAN_POINT('',(15.5579746116065,-35.0525922245845,-59.4));
#14301=CARTESIAN_POINT('',(15.5579746115287,-16.9474077752818,-59.4));
#14302=CARTESIAN_POINT('',(9.05259222458451,-10.4420253883935,-59.4));
#14303=CARTESIAN_POINT('',(-15.5579746115287,-16.9474077752817,-59.4));
#14304=CARTESIAN_POINT('',(-9.05259222458444,-10.4420253883935,-59.4));
#14305=CARTESIAN_POINT('',(-15.5579746115287,16.9474077752818,-59.4));
#14306=CARTESIAN_POINT('',(-9.05259222458453,10.4420253883935,-59.4));
#14307=CARTESIAN_POINT('',(9.05259222458444,10.4420253883935,-59.4));
#14308=CARTESIAN_POINT('',(15.5579746115287,16.9474077752817,-59.4));
#14309=CARTESIAN_POINT('',(15.5579746116065,35.0525922245845,-59.4));
#14310=CARTESIAN_POINT('',(9.05259222471827,41.5579746115287,-59.4));
#14311=CARTESIAN_POINT('',(-9.05259222471822,41.5579746115287,-59.4));
#14312=CARTESIAN_POINT('',(-15.5579746116065,35.0525922245845,-59.4));
#14313=CARTESIAN_POINT('',(15.5,6.3,2.));
#14314=CARTESIAN_POINT('',(15.5,6.30000000000011,2.));
#14315=CARTESIAN_POINT('',(15.5,6.30000000000011,-311.5));
#14316=CARTESIAN_POINT('',(25.5,6.3,35.));
#14317=CARTESIAN_POINT('',(-15.5000000000077,-6.3,2.));
#14318=CARTESIAN_POINT('',(-15.5000000000077,-6.2999999999997,2.));
#14319=CARTESIAN_POINT('',(-15.5000000000077,-6.2999999999997,-311.5));
#14320=CARTESIAN_POINT('',(-25.5,-6.3,35.));
#14321=CARTESIAN_POINT('',(3.5527136788005E-15,-8.88178419700125E-16,34.5));
#14322=CARTESIAN_POINT('',(3.5527136788005E-15,1.25,34.5));
#14323=CARTESIAN_POINT('',(3.5527136788005E-15,-8.88178419700125E-16,20.));
#14324=CARTESIAN_POINT('',(3.39963282890708E-15,-1.25,20.));
#14325=CARTESIAN_POINT('',(3.5527136788005E-15,-8.88178419700125E-16,20.));
#14326=CARTESIAN_POINT('',(3.5527136788005E-15,-8.88178419700125E-16,20.));
#14327=CARTESIAN_POINT('',(20.5,9.47860435032644E-14,34.5));
#14328=CARTESIAN_POINT('',(20.5,1.25000000000009,34.5));
#14329=CARTESIAN_POINT('',(20.5,9.47860435032644E-14,20.));
#14330=CARTESIAN_POINT('',(20.5,-1.24999999999991,20.));
#14331=CARTESIAN_POINT('',(20.5,9.47860435032644E-14,20.));
#14332=CARTESIAN_POINT('',(20.5,9.47860435032644E-14,20.));
#14333=CARTESIAN_POINT('',(-20.4999999999979,2.30926389122033E-14,34.5));
#14334=CARTESIAN_POINT('',(-20.4999999999979,1.25000000000002,34.5));
#14335=CARTESIAN_POINT('',(-20.4999999999979,2.30926389122033E-14,20.));
#14336=CARTESIAN_POINT('',(-20.4999999999979,-1.24999999999998,20.));
#14337=CARTESIAN_POINT('',(-20.4999999999979,2.30926389122033E-14,20.));
#14338=CARTESIAN_POINT('',(-20.4999999999979,2.30926389122033E-14,20.));
#14339=CARTESIAN_POINT('',(4.99999999999615,8.3,2.));
#14340=CARTESIAN_POINT('',(4.99999999999615,2.00000000000008,-311.5));
#14341=CARTESIAN_POINT('',(4.99999999999615,6.30000000000018,-311.5));
#14342=CARTESIAN_POINT('',(15.5,2.0000000000001,-311.5));
#14343=CARTESIAN_POINT('',(4.99999999999615,2.0000000000001,-311.5));
#14344=CARTESIAN_POINT('',(15.5,8.3,2.));
#14345=CARTESIAN_POINT('',(15.5,2.0000000000001,-311.5));
#14346=CARTESIAN_POINT('',(-15.5000000000077,-1.9999999999998,-311.5));
#14347=CARTESIAN_POINT('',(-15.5000000000077,-8.3,2.));
#14348=CARTESIAN_POINT('',(-15.5000000000077,-1.99999999999989,-311.5));
#14349=CARTESIAN_POINT('',(-5.00000000000384,-1.99999999999979,-311.5));
#14350=CARTESIAN_POINT('',(-5.00000000000384,-1.99999999999979,-311.5));
#14351=CARTESIAN_POINT('',(-5.00000000000386,-8.3,2.));
#14352=CARTESIAN_POINT('',(-5.00000000000386,-6.29999999999983,-311.5));
#14353=CARTESIAN_POINT('',(4.99999999999614,-1.99999999999982,-311.5));
#14354=CARTESIAN_POINT('',(4.99999999999615,-8.3,2.));
#14355=CARTESIAN_POINT('',(4.99999999999615,-1.99999999999981,-311.5));
#14356=CARTESIAN_POINT('',(15.5,-1.9999999999999,-311.5));
#14357=CARTESIAN_POINT('',(15.5,-1.9999999999999,-311.5));
#14358=CARTESIAN_POINT('',(15.5,-8.3,2.));
#14359=CARTESIAN_POINT('',(15.5,-6.29999999999991,-311.5));
#14360=CARTESIAN_POINT('',(-15.5000000000077,8.29999999999999,2.));
#14361=CARTESIAN_POINT('',(-15.5000000000077,2.0000000000003,-311.5));
#14362=CARTESIAN_POINT('',(-15.5000000000077,6.30000000000011,-311.5));
#14363=CARTESIAN_POINT('',(-5.00000000000383,2.00000000000021,-311.5));
#14364=CARTESIAN_POINT('',(-15.5000000000077,2.0000000000002,-311.5));
#14365=CARTESIAN_POINT('',(-5.00000000000381,8.3,2.));
#14366=CARTESIAN_POINT('',(-5.00000000000383,2.00000000000015,-311.5));
#14367=CARTESIAN_POINT('',(-20.4999999999979,2.30926389122033E-14,35.));
#14368=CARTESIAN_POINT('',(3.5527136788005E-15,-8.88178419700125E-16,34.5));
#14369=CARTESIAN_POINT('',(20.5,9.47860435032644E-14,34.5));
#14370=CARTESIAN_POINT('',(25.,-3.3,7.));
#14371=CARTESIAN_POINT('',(25.,-3.3,8.25));
#14372=CARTESIAN_POINT('',(18.5,-3.3,7.));
#14373=CARTESIAN_POINT('',(18.5,-2.05,7.));
#14374=CARTESIAN_POINT('',(18.5,-3.3,7.));
#14375=CARTESIAN_POINT('',(18.5,-3.3,7.));
#14376=CARTESIAN_POINT('',(25.,9.99999999999999,-3.));
#14377=CARTESIAN_POINT('',(25.,9.99999999999999,-1.75));
#14378=CARTESIAN_POINT('',(18.5,9.99999999999999,-3.));
#14379=CARTESIAN_POINT('',(18.5,8.75,-3.));
#14380=CARTESIAN_POINT('',(18.5,9.99999999999999,-3.));
#14381=CARTESIAN_POINT('',(18.5,9.99999999999999,-3.));
#14382=CARTESIAN_POINT('',(25.,3.29999999999998,17.));
#14383=CARTESIAN_POINT('',(25.,3.29999999999998,18.25));
#14384=CARTESIAN_POINT('',(18.5,3.29999999999998,17.));
#14385=CARTESIAN_POINT('',(18.5,2.04999999999998,17.));
#14386=CARTESIAN_POINT('',(18.5,3.29999999999998,17.));
#14387=CARTESIAN_POINT('',(18.5,3.29999999999998,17.));
#14388=CARTESIAN_POINT('',(25.,-1.0842021724855E-14,-3.));
#14389=CARTESIAN_POINT('',(25.,-1.0842021724855E-14,-1.75));
#14390=CARTESIAN_POINT('',(18.5,-1.0842021724855E-14,-3.));
#14391=CARTESIAN_POINT('',(18.5,1.24999999999999,-3.));
#14392=CARTESIAN_POINT('',(18.5,-1.0842021724855E-14,-3.));
#14393=CARTESIAN_POINT('',(18.5,-1.0842021724855E-14,-3.));
#14394=CARTESIAN_POINT('',(25.,-10.,-3.));
#14395=CARTESIAN_POINT('',(25.,-10.,-1.75));
#14396=CARTESIAN_POINT('',(18.5,-10.,-3.));
#14397=CARTESIAN_POINT('',(18.5,-8.75,-3.));
#14398=CARTESIAN_POINT('',(18.5,-10.,-3.));
#14399=CARTESIAN_POINT('',(18.5,-10.,-3.));
#14400=CARTESIAN_POINT('',(25.5,9.99999999999999,-3.));
#14401=CARTESIAN_POINT('',(25.,-10.,-3.));
#14402=CARTESIAN_POINT('',(25.,-1.0842021724855E-14,-3.));
#14403=CARTESIAN_POINT('',(25.,-3.3,7.));
#14404=CARTESIAN_POINT('',(25.5,3.29999999999998,17.));
#14405=CARTESIAN_POINT('',(-25.,-3.3,7.));
#14406=CARTESIAN_POINT('',(-25.,-3.3,5.75));
#14407=CARTESIAN_POINT('',(-18.5,-3.3,7.));
#14408=CARTESIAN_POINT('',(-18.5,-2.05,7.));
#14409=CARTESIAN_POINT('',(-18.5,-3.3,7.));
#14410=CARTESIAN_POINT('',(-18.5,-3.3,7.));
#14411=CARTESIAN_POINT('',(-25.,9.99999999999999,-3.));
#14412=CARTESIAN_POINT('',(-25.,9.99999999999999,-4.25));
#14413=CARTESIAN_POINT('',(-18.5,9.99999999999999,-3.));
#14414=CARTESIAN_POINT('',(-18.5,8.75,-3.));
#14415=CARTESIAN_POINT('',(-18.5,9.99999999999999,-3.));
#14416=CARTESIAN_POINT('',(-18.5,9.99999999999999,-3.));
#14417=CARTESIAN_POINT('',(-25.,3.29999999999998,17.));
#14418=CARTESIAN_POINT('',(-25.,3.29999999999998,15.75));
#14419=CARTESIAN_POINT('',(-18.5,3.29999999999998,17.));
#14420=CARTESIAN_POINT('',(-18.5,2.04999999999998,17.));
#14421=CARTESIAN_POINT('',(-18.5,3.29999999999998,17.));
#14422=CARTESIAN_POINT('',(-18.5,3.29999999999998,17.));
#14423=CARTESIAN_POINT('',(-25.,-1.0842021724855E-14,-3.));
#14424=CARTESIAN_POINT('',(-25.,-1.0842021724855E-14,-4.25));
#14425=CARTESIAN_POINT('',(-18.5,-1.0842021724855E-14,-3.));
#14426=CARTESIAN_POINT('',(-18.5,1.24999999999999,-3.));
#14427=CARTESIAN_POINT('',(-18.5,-1.0842021724855E-14,-3.));
#14428=CARTESIAN_POINT('',(-18.5,-1.0842021724855E-14,-3.));
#14429=CARTESIAN_POINT('',(-25.,-10.,-3.));
#14430=CARTESIAN_POINT('',(-25.,-10.,-4.25));
#14431=CARTESIAN_POINT('',(-18.5,-10.,-3.));
#14432=CARTESIAN_POINT('',(-18.5,-8.75,-3.));
#14433=CARTESIAN_POINT('',(-18.5,-10.,-3.));
#14434=CARTESIAN_POINT('',(-18.5,-10.,-3.));
#14435=CARTESIAN_POINT('',(-25.,9.99999999999999,-3.));
#14436=CARTESIAN_POINT('',(-25.5,-10.,-3.));
#14437=CARTESIAN_POINT('',(-25.5,-1.0842021724855E-14,-3.));
#14438=CARTESIAN_POINT('',(-25.5,-3.3,7.));
#14439=CARTESIAN_POINT('',(-25.,3.29999999999998,17.));
#14440=CARTESIAN_POINT('',(25.5,8.3,2.));
#14441=CARTESIAN_POINT('',(-25.5,-8.3,2.));
#14442=CARTESIAN_POINT('',(25.5,8.3,2.));
#14443=CARTESIAN_POINT('',(25.5,8.3,2.));
#14444=CARTESIAN_POINT('',(-25.5,-8.3,2.));
#14445=CARTESIAN_POINT('',(-25.5,-8.3,2.));
#14446=CARTESIAN_POINT('',(15.4272486205416,-44.5,-7.80625564189563E-15));
#14447=CARTESIAN_POINT('',(-16.5227116418582,-44.5000000000001,-6.));
#14448=CARTESIAN_POINT('',(-17.5499287747842,-44.5000000000001,-7.80625564189563E-15));
#14449=CARTESIAN_POINT('',(15.427248620449,44.5,-6.));
#14450=CARTESIAN_POINT('',(-16.5227116417558,44.5000000000001,-9.54097911787244E-15));
#14451=CARTESIAN_POINT('',(17.5499287747843,44.5,-7.80625564189563E-15));
#14452=CARTESIAN_POINT('',(-19.5,17.,1.38777878078145E-14));
#14453=CARTESIAN_POINT('',(-19.5,41.4919333847239,-6.));
#14454=CARTESIAN_POINT('',(-19.5,42.431676725155,53.4));
#14455=CARTESIAN_POINT('',(-22.,14.5,-6.));
#14456=CARTESIAN_POINT('',(-19.5,14.5,53.4));
#14457=CARTESIAN_POINT('',(-22.,-14.5,1.38777878078145E-14));
#14458=CARTESIAN_POINT('',(-25.5,-14.5,53.4));
#14459=CARTESIAN_POINT('',(-19.5,-41.4919333848297,1.38777878078145E-14));
#14460=CARTESIAN_POINT('',(-19.5,-17.,-6.));
#14461=CARTESIAN_POINT('',(-19.5,-14.5,53.4));
#14462=CARTESIAN_POINT('',(-16.5227116418583,-42.0000000000001,0.));
#14463=CARTESIAN_POINT('',(-17.,-41.4919333848297,0.));
#14464=CARTESIAN_POINT('',(-22.,-17.,53.4));
#14465=CARTESIAN_POINT('',(-22.,17.,53.4));
#14466=CARTESIAN_POINT('',(-16.5227116417558,42.0000000000001,0.));
#14467=CARTESIAN_POINT('',(-17.,41.4919333847239,0.));
#14468=CARTESIAN_POINT('',(15.427248620449,39.5,0.));
#14469=CARTESIAN_POINT('',(15.4272486205415,-39.5,0.));
#14470=CARTESIAN_POINT('',(-65.0000000000001,-32.5000000000048,-23.5000000000052));
#14471=CARTESIAN_POINT('',(-65.0000000000001,-32.5000000000048,-20.0000000000053));
#14472=CARTESIAN_POINT('',(-65.0000000000001,-32.5000000000048,-1.00000000000011));
#14473=CARTESIAN_POINT('',(-68.0000000000001,-32.5000000000048,-1.00000000000011));
#14474=CARTESIAN_POINT('',(-68.0000000000001,-32.5000000000048,-1.00000000000011));
#14475=CARTESIAN_POINT('',(-68.0000000000001,-32.5000000000048,-23.5000000000052));
#14476=CARTESIAN_POINT('',(-68.0000000000001,-32.5000000000048,-19.9999999999999));
#14477=CARTESIAN_POINT('',(-68.0000000000001,-32.5000000000048,-20.0000000000053));
#14478=CARTESIAN_POINT('',(-68.0000000000001,-32.5000000000048,-23.5000000000052));
#14479=CARTESIAN_POINT('',(-68.0000000000001,-39.9999999999895,37.0000000000001));
#14480=CARTESIAN_POINT('',(-68.0000000000001,-39.9999999999895,40.6500000000001));
#14481=CARTESIAN_POINT('',(-68.0000000000001,-39.9999999999895,6.9999999999999));
#14482=CARTESIAN_POINT('',(-68.0000000000001,-39.9999999999895,10.6499999999999));
#14483=CARTESIAN_POINT('',(-68.0000000000001,39.9999999999893,6.99999999999999));
#14484=CARTESIAN_POINT('',(-68.0000000000001,39.9999999999893,10.65));
#14485=CARTESIAN_POINT('',(-68.0000000000001,39.9999999999893,37.0000000000001));
#14486=CARTESIAN_POINT('',(-68.0000000000001,39.9999999999893,40.6500000000001));
#14487=CARTESIAN_POINT('',(-68.0000000000001,29.,-19.9999999999999));
#14488=CARTESIAN_POINT('',(-68.0000000000001,29.,-23.5000000000053));
#14489=CARTESIAN_POINT('',(-68.0000000000001,32.5,-19.9999999999999));
#14490=CARTESIAN_POINT('',(-68.0000000000001,32.4999999999952,-23.5000000000053));
#14491=CARTESIAN_POINT('',(-68.0000000000001,-29.,-23.4999999999999));
#14492=CARTESIAN_POINT('',(-68.0000000000001,-29.,-19.9999999999999));
#14493=CARTESIAN_POINT('',(-68.0000000000001,-36.0000000000048,-1.00000000000011));
#14494=CARTESIAN_POINT('',(-68.0000000000001,-36.0000000000048,2.49999999999988));
#14495=CARTESIAN_POINT('',(-68.0000000000001,-39.9999999999895,2.49999999999989));
#14496=CARTESIAN_POINT('',(-68.0000000000001,-39.9999999999895,2.49999999999989));
#14497=CARTESIAN_POINT('',(-68.0000000000001,-39.9999999999895,6.9999999999999));
#14498=CARTESIAN_POINT('',(-68.0000000000001,-41.9687499999895,11.046482847795));
#14499=CARTESIAN_POINT('',(-68.0000000000001,-43.4999999999895,14.1937472849689));
#14500=CARTESIAN_POINT('',(-68.0000000000001,-39.9999999999895,14.1937472849689));
#14501=CARTESIAN_POINT('',(-68.0000000000001,-39.9999999999895,32.5000000000001));
#14502=CARTESIAN_POINT('',(-68.0000000000001,-39.9999999999895,29.806252715031));
#14503=CARTESIAN_POINT('',(-68.0000000000001,-43.4999999999895,29.806252715031));
#14504=CARTESIAN_POINT('',(-68.0000000000001,-41.9687499999895,32.953517152205));
#14505=CARTESIAN_POINT('',(-68.0000000000001,-39.9999999999895,37.0000000000001));
#14506=CARTESIAN_POINT('',(-68.0000000000001,-39.9999999999895,41.5000000000001));
#14507=CARTESIAN_POINT('',(-68.0000000000001,-29.0000000000049,41.5000000000001));
#14508=CARTESIAN_POINT('',(-68.0000000000001,-29.,41.5000000000054));
#14509=CARTESIAN_POINT('',(-68.0000000000001,-29.,38.0000000000001));
#14510=CARTESIAN_POINT('',(-68.0000000000001,-32.5000000000049,41.5000000000054));
#14511=CARTESIAN_POINT('',(-68.0000000000001,29.0000000000049,41.5));
#14512=CARTESIAN_POINT('',(-68.0000000000001,29.,38.0000000000001));
#14513=CARTESIAN_POINT('',(-68.0000000000001,39.9999999999893,41.5));
#14514=CARTESIAN_POINT('',(-68.0000000000001,39.9999999999893,41.5000000000001));
#14515=CARTESIAN_POINT('',(-68.0000000000001,39.9999999999893,37.0000000000001));
#14516=CARTESIAN_POINT('',(-68.0000000000001,41.9687499999893,32.9535171522051));
#14517=CARTESIAN_POINT('',(-68.0000000000001,43.4999999999893,29.8062527150311));
#14518=CARTESIAN_POINT('',(-68.0000000000001,39.9999999999893,29.8062527150311));
#14519=CARTESIAN_POINT('',(-68.0000000000001,39.9999999999892,11.5));
#14520=CARTESIAN_POINT('',(-68.0000000000001,39.9999999999892,14.1937472849691));
#14521=CARTESIAN_POINT('',(-68.0000000000001,43.4999999999893,14.1937472849691));
#14522=CARTESIAN_POINT('',(-68.0000000000001,41.9687499999893,11.0464828477951));
#14523=CARTESIAN_POINT('',(-68.0000000000001,39.9999999999893,6.99999999999999));
#14524=CARTESIAN_POINT('',(-68.0000000000001,39.9999999999893,2.49999999999971));
#14525=CARTESIAN_POINT('',(-68.0000000000001,32.5000000000049,2.49999999999973));
#14526=CARTESIAN_POINT('',(-68.0000000000001,36.0000000000049,2.49999999999972));
#14527=CARTESIAN_POINT('',(-68.0000000000001,36.0000000000049,-1.00000000000028));
#14528=CARTESIAN_POINT('',(-68.0000000000001,32.5000000000049,-1.00000000000028));
#14529=CARTESIAN_POINT('',(-68.0000000000001,32.5000000000048,41.5000000000054));
#14530=CARTESIAN_POINT('',(-68.0000000000001,-6.93889390390713E-15,9.00000000000007));
#14531=CARTESIAN_POINT('',(-65.0000000000001,32.4999999999952,-23.5000000000053));
#14532=CARTESIAN_POINT('',(-65.0000000000001,29.0000000000049,-23.5000000000053));
#14533=CARTESIAN_POINT('',(-65.0000000000001,-29.0000000000048,-23.5000000000052));
#14534=CARTESIAN_POINT('',(-68.0000000000001,-29.0000000000048,-23.5000000000052));
#14535=CARTESIAN_POINT('',(-68.0000000000001,29.0000000000049,-23.5000000000053));
#14536=CARTESIAN_POINT('',(-68.0000000000001,32.4999999999952,-23.5000000000053));
#14537=CARTESIAN_POINT('',(-65.0000000000001,-32.5000000000049,41.5000000000054));
#14538=CARTESIAN_POINT('',(-65.0000000000001,-39.9999999999895,41.5000000000001));
#14539=CARTESIAN_POINT('',(-65.0000000000001,39.9999999999893,41.5000000000001));
#14540=CARTESIAN_POINT('',(-94.6999999999996,39.9999999999893,41.5000000000001));
#14541=CARTESIAN_POINT('',(-94.6999999999996,-39.9999999999895,41.5000000000001));
#14542=CARTESIAN_POINT('',(-68.0000000000001,-32.5000000000049,41.5000000000054));
#14543=CARTESIAN_POINT('',(-68.0000000000001,32.5000000000049,-1.00000000000028));
#14544=CARTESIAN_POINT('',(-65.0000000000001,32.5000000000049,-1.00000000000028));
#14545=CARTESIAN_POINT('',(-65.0000000000001,32.5000000000048,41.5000000000054));
#14546=CARTESIAN_POINT('',(-65.0000000000001,32.5000000000049,-20.0000000000053));
#14547=CARTESIAN_POINT('',(-68.0000000000001,32.5000000000049,-20.0000000000053));
#14548=CARTESIAN_POINT('',(-68.0000000000001,32.5000000000048,41.5000000000054));
#14549=CARTESIAN_POINT('',(-65.0000000000001,-39.9999999999895,37.0000000000001));
#14550=CARTESIAN_POINT('',(-65.0000000000001,-41.6499999999895,37.0000000000001));
#14551=CARTESIAN_POINT('',(-65.0000000000001,39.9999999999893,6.99999999999999));
#14552=CARTESIAN_POINT('',(-65.0000000000001,38.3499999999893,6.99999999999999));
#14553=CARTESIAN_POINT('',(-65.0000000000001,-39.9999999999895,6.9999999999999));
#14554=CARTESIAN_POINT('',(-65.0000000000001,-41.6499999999895,6.9999999999999));
#14555=CARTESIAN_POINT('',(-65.0000000000001,39.9999999999893,37.0000000000001));
#14556=CARTESIAN_POINT('',(-65.0000000000001,38.3499999999893,37.0000000000001));
#14557=CARTESIAN_POINT('',(-65.0000000000001,36.0000000000049,-1.00000000000028));
#14558=CARTESIAN_POINT('',(-65.0000000000001,36.0000000000049,2.49999999999972));
#14559=CARTESIAN_POINT('',(-65.0000000000001,32.5000000000049,2.49999999999973));
#14560=CARTESIAN_POINT('',(-65.0000000000001,39.9999999999893,2.49999999999971));
#14561=CARTESIAN_POINT('',(-65.0000000000001,39.9999999999893,6.99999999999999));
#14562=CARTESIAN_POINT('',(-65.0000000000001,41.9687499999893,11.0464828477951));
#14563=CARTESIAN_POINT('',(-65.0000000000001,43.4999999999893,14.1937472849691));
#14564=CARTESIAN_POINT('',(-65.,39.9999999999892,14.1937472849691));
#14565=CARTESIAN_POINT('',(-65.,39.9999999999892,11.5));
#14566=CARTESIAN_POINT('',(-65.,39.9999999999893,29.8062527150311));
#14567=CARTESIAN_POINT('',(-65.0000000000001,43.4999999999893,29.8062527150311));
#14568=CARTESIAN_POINT('',(-65.0000000000001,41.9687499999893,32.9535171522051));
#14569=CARTESIAN_POINT('',(-65.0000000000001,39.9999999999893,37.0000000000001));
#14570=CARTESIAN_POINT('',(-65.0000000000001,-39.9999999999895,37.0000000000001));
#14571=CARTESIAN_POINT('',(-65.0000000000001,-41.9687499999895,32.953517152205));
#14572=CARTESIAN_POINT('',(-65.0000000000001,-43.4999999999895,29.806252715031));
#14573=CARTESIAN_POINT('',(-65.,-39.9999999999895,29.806252715031));
#14574=CARTESIAN_POINT('',(-65.0000000000001,-39.9999999999895,32.5000000000001));
#14575=CARTESIAN_POINT('',(-65.,-39.9999999999895,14.1937472849689));
#14576=CARTESIAN_POINT('',(-65.0000000000001,-43.4999999999895,14.1937472849689));
#14577=CARTESIAN_POINT('',(-65.0000000000001,-41.9687499999895,11.046482847795));
#14578=CARTESIAN_POINT('',(-65.0000000000001,-39.9999999999895,6.9999999999999));
#14579=CARTESIAN_POINT('',(-65.0000000000001,-39.9999999999895,2.49999999999989));
#14580=CARTESIAN_POINT('',(-65.0000000000001,-39.9999999999895,2.49999999999989));
#14581=CARTESIAN_POINT('',(-65.0000000000001,-36.0000000000048,2.49999999999988));
#14582=CARTESIAN_POINT('',(-65.0000000000001,-36.0000000000048,-1.00000000000011));
#14583=CARTESIAN_POINT('',(-65.0000000000001,-29.0000000000048,-20.0000000000052));
#14584=CARTESIAN_POINT('',(-65.0000000000001,29.0000000000049,-20.0000000000053));
#14585=CARTESIAN_POINT('',(-65.0000000000001,-29.,38.0000000000001));
#14586=CARTESIAN_POINT('',(-65.0000000000001,-29.,39.2500000000001));
#14587=CARTESIAN_POINT('',(-65.0000000000001,29.,-19.9999999999999));
#14588=CARTESIAN_POINT('',(-65.0000000000001,29.,-18.7499999999999));
#14589=CARTESIAN_POINT('',(-65.0000000000001,-29.,-19.9999999999999));
#14590=CARTESIAN_POINT('',(-65.0000000000001,-29.,-18.7499999999999));
#14591=CARTESIAN_POINT('',(-65.0000000000001,29.,38.0000000000001));
#14592=CARTESIAN_POINT('',(-65.0000000000001,29.,39.2500000000001));
#14593=CARTESIAN_POINT('',(-65.0000000000001,-6.93889390390713E-15,9.00000000000007));
#14594=CARTESIAN_POINT('',(-72.5000000000001,-29.,-19.9999999999999));
#14595=CARTESIAN_POINT('',(-72.5000000000001,-29.,-23.4999999999999));
#14596=CARTESIAN_POINT('',(-73.0000000000001,-29.,-19.9999999999999));
#14597=CARTESIAN_POINT('',(-73.0000000000001,-29.,-19.9999999999999));
#14598=CARTESIAN_POINT('',(-73.0000000000001,-29.,-21.7499999999999));
#14599=CARTESIAN_POINT('',(-73.0000000000001,-29.,-19.9999999999999));
#14600=CARTESIAN_POINT('',(-73.0000000000001,-29.,-22.9999999999999));
#14601=CARTESIAN_POINT('',(-73.0000000000001,-29.,-19.9999999999999));
#14602=CARTESIAN_POINT('',(-72.5000000000001,29.,38.0000000000001));
#14603=CARTESIAN_POINT('',(-72.5000000000001,29.,34.5000000000001));
#14604=CARTESIAN_POINT('',(-73.0000000000001,29.,38.0000000000001));
#14605=CARTESIAN_POINT('',(-73.0000000000001,29.,38.0000000000001));
#14606=CARTESIAN_POINT('',(-73.0000000000001,29.,36.2500000000001));
#14607=CARTESIAN_POINT('',(-73.0000000000001,29.,38.0000000000001));
#14608=CARTESIAN_POINT('',(-73.0000000000001,29.,35.0000000000001));
#14609=CARTESIAN_POINT('',(-73.0000000000001,29.,38.0000000000001));
#14610=CARTESIAN_POINT('',(-72.5000000000001,-29.,38.0000000000001));
#14611=CARTESIAN_POINT('',(-72.5000000000001,-29.,41.5000000000001));
#14612=CARTESIAN_POINT('',(-73.0000000000001,-29.,38.0000000000001));
#14613=CARTESIAN_POINT('',(-73.0000000000001,-29.,38.0000000000001));
#14614=CARTESIAN_POINT('',(-73.0000000000001,-29.,41.0000000000001));
#14615=CARTESIAN_POINT('',(-73.0000000000001,-29.,38.0000000000001));
#14616=CARTESIAN_POINT('',(-73.0000000000001,-29.,39.75));
#14617=CARTESIAN_POINT('',(-73.0000000000001,-29.,38.0000000000001));
#14618=CARTESIAN_POINT('',(-72.5000000000001,29.,-19.9999999999999));
#14619=CARTESIAN_POINT('',(-72.5000000000001,29.,-16.4999999999999));
#14620=CARTESIAN_POINT('',(-73.0000000000001,29.,-19.9999999999999));
#14621=CARTESIAN_POINT('',(-73.0000000000001,29.,-19.9999999999999));
#14622=CARTESIAN_POINT('',(-73.0000000000001,29.,-16.9999999999999));
#14623=CARTESIAN_POINT('',(-73.0000000000001,29.,-19.9999999999999));
#14624=CARTESIAN_POINT('',(-73.0000000000001,29.,-18.25));
#14625=CARTESIAN_POINT('',(-73.0000000000001,29.,-19.9999999999999));
#14626=CARTESIAN_POINT('',(-72.5000000000001,29.,-19.9999999999999));
#14627=CARTESIAN_POINT('',(-72.5000000000001,29.,-18.7499999999999));
#14628=CARTESIAN_POINT('',(6.19999999999996,29.,-19.9999999999999));
#14629=CARTESIAN_POINT('',(-72.5000000000001,-29.,38.0000000000001));
#14630=CARTESIAN_POINT('',(-72.5000000000001,-29.,39.2500000000001));
#14631=CARTESIAN_POINT('',(6.19999999999996,-29.,38.0000000000001));
#14632=CARTESIAN_POINT('',(-72.5000000000001,29.,38.0000000000001));
#14633=CARTESIAN_POINT('',(-72.5000000000001,29.,36.7500000000001));
#14634=CARTESIAN_POINT('',(6.19999999999996,29.,38.0000000000001));
#14635=CARTESIAN_POINT('',(-72.5000000000001,-29.,-19.9999999999999));
#14636=CARTESIAN_POINT('',(-72.5000000000001,-29.,-21.2499999999999));
#14637=CARTESIAN_POINT('',(6.19999999999996,-29.,-19.9999999999999));
#14638=CARTESIAN_POINT('',(-72.5000000000001,29.,38.0000000000001));
#14639=CARTESIAN_POINT('',(-72.5000000000001,29.,38.0000000000001));
#14640=CARTESIAN_POINT('',(-73.0000000000001,-29.,38.0000000000001));
#14641=CARTESIAN_POINT('',(-72.5000000000001,-29.,38.0000000000001));
#14642=CARTESIAN_POINT('',(-72.5000000000001,-29.,-19.9999999999999));
#14643=CARTESIAN_POINT('',(-72.5000000000001,-29.,-19.9999999999999));
#14644=CARTESIAN_POINT('',(-73.0000000000001,29.,-19.9999999999999));
#14645=CARTESIAN_POINT('',(-72.5000000000001,29.,-19.9999999999999));
#14646=CARTESIAN_POINT('',(-94.6999999999996,-41.9687499999895,32.953517152205));
#14647=CARTESIAN_POINT('',(-94.6999999999996,-39.9999999999895,37.0000000000001));
#14648=CARTESIAN_POINT('',(-94.6999999999996,-36.0000000000048,2.49999999999988));
#14649=CARTESIAN_POINT('',(-94.6999999999996,-39.9999999999895,2.49999999999989));
#14650=CARTESIAN_POINT('',(-94.6999999999996,-39.9999999999895,2.49999999999989));
#14651=CARTESIAN_POINT('',(-68.0000000000001,-39.9999999999895,29.806252715031));
#14652=CARTESIAN_POINT('',(-65.,-39.9999999999895,14.1937472849689));
#14653=CARTESIAN_POINT('',(-94.6999999999996,-39.9999999999895,32.5000000000001));
#14654=CARTESIAN_POINT('',(-94.6999999999996,-41.9687499999895,11.046482847795));
#14655=CARTESIAN_POINT('',(-94.6999999999996,-39.9999999999895,6.9999999999999));
#14656=CARTESIAN_POINT('',(-94.6999999999996,41.9687499999893,11.0464828477951));
#14657=CARTESIAN_POINT('',(-94.6999999999996,39.9999999999893,2.49999999999971));
#14658=CARTESIAN_POINT('',(-94.6999999999996,39.9999999999893,6.99999999999999));
#14659=CARTESIAN_POINT('',(-68.0000000000001,39.9999999999892,14.1937472849691));
#14660=CARTESIAN_POINT('',(-65.0000000000001,39.9999999999893,29.8062527150311));
#14661=CARTESIAN_POINT('',(-94.6999999999995,39.9999999999892,11.5));
#14662=CARTESIAN_POINT('',(-94.6999999999996,41.9687499999893,32.9535171522051));
#14663=CARTESIAN_POINT('',(-94.6999999999996,39.9999999999893,37.0000000000001));
#14664=CARTESIAN_POINT('',(-94.6999999999996,36.0000000000049,2.49999999999972));
#14665=CARTESIAN_POINT('',(-94.6999999999996,32.5000000000049,2.49999999999973));
#14666=CARTESIAN_POINT('',(-94.6999999999996,43.4999999999893,14.1937472849691));
#14667=CARTESIAN_POINT('',(-94.6999999999996,43.4999999999893,29.8062527150311));
#14668=CARTESIAN_POINT('',(-94.6999999999996,-43.4999999999895,29.806252715031));
#14669=CARTESIAN_POINT('',(-94.6999999999996,-43.4999999999895,14.1937472849689));
#14670=CARTESIAN_POINT('',(-94.6999999999996,-36.0000000000048,-1.00000000000011));
#14671=CARTESIAN_POINT('',(-68.0000000000001,36.0000000000049,-1.00000000000028));
#14672=CARTESIAN_POINT('',(-66.0000000000001,39.9999999999893,37.0000000000001));
#14673=CARTESIAN_POINT('',(-66.0000000000001,39.9999999999893,38.6500000000001));
#14674=CARTESIAN_POINT('',(-65.0000000000001,39.9999999999893,37.0000000000001));
#14675=CARTESIAN_POINT('',(-66.0000000000001,-39.9999999999895,6.9999999999999));
#14676=CARTESIAN_POINT('',(-66.0000000000001,-39.9999999999895,8.6499999999999));
#14677=CARTESIAN_POINT('',(-65.0000000000001,-39.9999999999895,6.9999999999999));
#14678=CARTESIAN_POINT('',(-66.0000000000001,39.9999999999893,6.99999999999999));
#14679=CARTESIAN_POINT('',(-66.0000000000001,39.9999999999893,8.64999999999999));
#14680=CARTESIAN_POINT('',(-65.0000000000001,39.9999999999893,6.99999999999999));
#14681=CARTESIAN_POINT('',(-66.0000000000001,-39.9999999999895,37.0000000000001));
#14682=CARTESIAN_POINT('',(-66.0000000000001,-39.9999999999895,38.6500000000001));
#14683=CARTESIAN_POINT('',(-65.0000000000001,-39.9999999999895,37.0000000000001));
#14684=CARTESIAN_POINT('',(-66.0000000000001,-39.9999999999895,37.0000000000001));
#14685=CARTESIAN_POINT('',(-66.0000000000001,-39.9999999999895,6.9999999999999));
#14686=CARTESIAN_POINT('',(-66.0000000000001,39.9999999999893,6.99999999999999));
#14687=CARTESIAN_POINT('',(-66.0000000000001,39.9999999999893,37.0000000000001));
#14688=CARTESIAN_POINT('',(-47.0000000000001,-20.0000000000001,-42.5000000000097));
#14689=CARTESIAN_POINT('',(-47.0000000000001,12.9999999999999,-42.5000000000097));
#14690=CARTESIAN_POINT('',(-47.0000000000001,18.9999999999999,-42.5000000000097));
#14691=CARTESIAN_POINT('',(-47.0000000000001,12.9999999999999,-30.5000000000098));
#14692=CARTESIAN_POINT('',(-35.0000000000001,12.9999999999999,-30.5000000000098));
#14693=CARTESIAN_POINT('',(-35.0000000000001,-6.21586115895443E-14,-30.5000000000098));
#14694=CARTESIAN_POINT('',(-35.0000000000001,18.9999999999999,-30.5000000000098));
#14695=CARTESIAN_POINT('',(-47.0000000000001,18.9999999999999,-30.5000000000098));
#14696=CARTESIAN_POINT('',(-47.0000000000001,-20.0000000000001,-30.5000000000098));
#14697=CARTESIAN_POINT('',(-31.0000000000001,19.9999999999999,-30.5000000000097));
#14698=CARTESIAN_POINT('',(-31.0000000000001,12.9999999999999,-30.5000000000097));
#14699=CARTESIAN_POINT('',(-31.0000000000001,18.9999999999999,-30.5000000000097));
#14700=CARTESIAN_POINT('',(-47.0000000000001,12.9999999999999,-30.5000000000097));
#14701=CARTESIAN_POINT('',(-47.0000000000001,12.9999999999999,-46.5000000000097));
#14702=CARTESIAN_POINT('',(-47.0000000000001,-20.0000000000001,-46.5000000000097));
#14703=CARTESIAN_POINT('',(-47.0000000000001,18.9999999999999,-46.5000000000097));
#14704=CARTESIAN_POINT('',(-47.0000000000001,18.9999999999999,-30.5000000000097));
#14705=CARTESIAN_POINT('',(-47.0000000000001,43.4999999999893,-30.5000000000096));
#14706=CARTESIAN_POINT('',(-31.0000000000001,19.9999999999999,-30.5000000000097));
#14707=CARTESIAN_POINT('',(-31.0000000000001,-19.0000000000001,-30.5000000000097));
#14708=CARTESIAN_POINT('',(-31.0000000000001,-13.0000000000001,-30.5000000000097));
#14709=CARTESIAN_POINT('',(-31.0000000000001,-13.0000000000001,-1.75000000000491));
#14710=CARTESIAN_POINT('',(-31.0000000000001,-13.0000000000001,-21.5000000000098));
#14711=CARTESIAN_POINT('',(-31.0000000000001,-7.0000000000001,-21.5000000000098));
#14712=CARTESIAN_POINT('',(-31.0000000000001,-7.0000000000001,-15.5000000000098));
#14713=CARTESIAN_POINT('',(-31.0000000000001,6.99999999999991,-15.5000000000097));
#14714=CARTESIAN_POINT('',(-31.0000000000001,6.99999999999991,-15.5000000000098));
#14715=CARTESIAN_POINT('',(-31.0000000000001,6.99999999999991,-21.5000000000098));
#14716=CARTESIAN_POINT('',(-31.0000000000001,12.9999999999999,-21.5000000000097));
#14717=CARTESIAN_POINT('',(-31.0000000000001,12.9999999999999,-1.75000000000488));
#14718=CARTESIAN_POINT('',(-31.0000000000001,18.9999999999999,-1.75000000000489));
#14719=CARTESIAN_POINT('',(-31.0000000000001,18.9999999999999,-18.5000000000097));
#14720=CARTESIAN_POINT('',(-31.0000000000001,29.9999999999999,-18.5000000000097));
#14721=CARTESIAN_POINT('',(-31.0000000000001,29.9999999999999,-7.50000000000967));
#14722=CARTESIAN_POINT('',(-31.0000000000001,-6.21586115895443E-14,-7.50000000000967));
#14723=CARTESIAN_POINT('',(-31.0000000000001,33.4999999999893,-7.50000000000967));
#14724=CARTESIAN_POINT('',(-31.0000000000001,33.4999999999893,1.49999999999033));
#14725=CARTESIAN_POINT('',(-31.0000000000001,42.4999999999893,1.49999999999033));
#14726=CARTESIAN_POINT('',(-31.0000000000001,42.4999999999893,34.));
#14727=CARTESIAN_POINT('',(-31.0000000000001,42.4999999999893,34.));
#14728=CARTESIAN_POINT('',(-31.0000000000001,8.99999999999994,34.));
#14729=CARTESIAN_POINT('',(-31.0000000000001,8.99999999999994,34.));
#14730=CARTESIAN_POINT('',(-31.0000000000001,8.99999999999997,-1.75000000000488));
#14731=CARTESIAN_POINT('',(-31.0000000000001,8.99999999999993,42.));
#14732=CARTESIAN_POINT('',(-31.0000000000001,-9.00000000000006,42.));
#14733=CARTESIAN_POINT('',(-31.0000000000001,-9.00000000000006,42.));
#14734=CARTESIAN_POINT('',(-31.0000000000001,-9.00000000000002,-1.7500000000049));
#14735=CARTESIAN_POINT('',(-31.0000000000001,-9.00000000000005,34.));
#14736=CARTESIAN_POINT('',(-31.0000000000001,-43.4999999999894,34.));
#14737=CARTESIAN_POINT('',(-31.0000000000001,-42.4999999999894,34.));
#14738=CARTESIAN_POINT('',(-31.0000000000001,-42.4999999999894,1.49999999999033));
#14739=CARTESIAN_POINT('',(-31.0000000000001,-42.4999999999894,1.49999999999033));
#14740=CARTESIAN_POINT('',(-31.0000000000001,-33.4999999999894,1.49999999999033));
#14741=CARTESIAN_POINT('',(-31.0000000000001,-33.4999999999894,-7.50000000000967));
#14742=CARTESIAN_POINT('',(-31.0000000000001,-6.25830652060073E-14,-7.50000000000967));
#14743=CARTESIAN_POINT('',(-31.0000000000001,-30.0000000000001,-7.50000000000967));
#14744=CARTESIAN_POINT('',(-31.0000000000001,-30.0000000000001,-18.5000000000097));
#14745=CARTESIAN_POINT('',(-31.0000000000001,-19.0000000000001,-18.5000000000097));
#14746=CARTESIAN_POINT('',(-31.0000000000001,-19.0000000000001,-1.7500000000049));
#14747=CARTESIAN_POINT('',(-31.0000000000001,9.99999999999991,-2.99999999999992));
#14748=CARTESIAN_POINT('',(-31.0000000000001,9.9999999999999,-7.49999999999993));
#14749=CARTESIAN_POINT('',(-31.0000000000001,10.1928571428666,1.49586544754688));
#14750=CARTESIAN_POINT('',(-31.0000000000001,-10.0000000000001,-7.49999999999997));
#14751=CARTESIAN_POINT('',(-31.0000000000001,-10.0000000000001,-7.49999999999997));
#14752=CARTESIAN_POINT('',(-31.0000000000001,-10.0000000000001,-2.99999999999993));
#14753=CARTESIAN_POINT('',(-31.0000000000001,-10.1928571428572,1.49586544754729));
#14754=CARTESIAN_POINT('',(-31.0000000000001,-10.3000000000001,3.99356847396242));
#14755=CARTESIAN_POINT('',(-31.0000000000001,-7.80000000000008,3.99356847396241));
#14756=CARTESIAN_POINT('',(-31.0000000000001,-7.80000000000005,17.0000000000001));
#14757=CARTESIAN_POINT('',(-31.0000000000001,-7.80000000000005,17.0000000000001));
#14758=CARTESIAN_POINT('',(-31.0000000000001,-3.30000000000005,17.0000000000001));
#14759=CARTESIAN_POINT('',(-31.0000000000001,-3.30000000000005,21.5000000000001));
#14760=CARTESIAN_POINT('',(-31.0000000000001,3.29999999999994,21.5000000000001));
#14761=CARTESIAN_POINT('',(-31.0000000000001,3.29999999999993,21.5000000000001));
#14762=CARTESIAN_POINT('',(-31.0000000000001,3.29999999999994,17.0000000000001));
#14763=CARTESIAN_POINT('',(-31.0000000000001,7.79999999999994,17.0000000000001));
#14764=CARTESIAN_POINT('',(-31.0000000000001,7.79999999999995,3.99356847396242));
#14765=CARTESIAN_POINT('',(-31.0000000000001,7.79999999999995,3.99356847396241));
#14766=CARTESIAN_POINT('',(-31.0000000000001,10.2999999999999,3.99356847396241));
#14767=CARTESIAN_POINT('',(-31.0000000000001,-6.21586115895443E-14,-1.75000000000489));
#14768=CARTESIAN_POINT('',(-35.0000000000001,12.9999999999999,-21.5000000000097));
#14769=CARTESIAN_POINT('',(-35.0000000000001,12.9999999999999,-21.5000000000097));
#14770=CARTESIAN_POINT('',(-35.0000000000001,6.99999999999991,-21.5000000000098));
#14771=CARTESIAN_POINT('',(-35.0000000000001,6.99999999999991,-15.5000000000097));
#14772=CARTESIAN_POINT('',(-35.0000000000001,-4.6256979726418E-14,-15.5000000000098));
#14773=CARTESIAN_POINT('',(-35.0000000000001,-7.0000000000001,-15.5000000000098));
#14774=CARTESIAN_POINT('',(-35.0000000000001,-7.0000000000001,-21.5000000000098));
#14775=CARTESIAN_POINT('',(-35.0000000000001,-13.0000000000001,-21.5000000000098));
#14776=CARTESIAN_POINT('',(-35.0000000000001,-13.0000000000001,-30.5000000000097));
#14777=CARTESIAN_POINT('',(-35.0000000000001,-13.0000000000001,-30.5000000000098));
#14778=CARTESIAN_POINT('',(-35.0000000000001,-6.21586115895443E-14,-30.5000000000098));
#14779=CARTESIAN_POINT('',(-35.0000000000001,-19.0000000000001,-30.5000000000098));
#14780=CARTESIAN_POINT('',(-35.0000000000001,-19.0000000000001,-18.5000000000097));
#14781=CARTESIAN_POINT('',(-35.0000000000001,-19.0000000000001,-18.5000000000097));
#14782=CARTESIAN_POINT('',(-35.0000000000001,-30.0000000000001,-18.5000000000097));
#14783=CARTESIAN_POINT('',(-35.0000000000001,-30.0000000000001,-7.50000000000967));
#14784=CARTESIAN_POINT('',(-35.0000000000001,-33.4999999999894,-7.50000000000967));
#14785=CARTESIAN_POINT('',(-35.0000000000001,-33.4999999999894,-7.50000000000967));
#14786=CARTESIAN_POINT('',(-35.0000000000001,-33.4999999999894,1.49999999999033));
#14787=CARTESIAN_POINT('',(-35.0000000000001,-42.4999999999894,1.49999999999033));
#14788=CARTESIAN_POINT('',(-35.0000000000001,-42.4999999999894,-1.75000000000489));
#14789=CARTESIAN_POINT('',(-35.0000000000001,-42.4999999999894,4.55051025721681));
#14790=CARTESIAN_POINT('',(-35.0000000000001,-39.9999999999894,6.99999999999999));
#14791=CARTESIAN_POINT('',(-35.0000000000001,-36.4999999999894,6.99999999999998));
#14792=CARTESIAN_POINT('',(-35.0000000000001,-36.4999999999894,37.));
#14793=CARTESIAN_POINT('',(-35.0000000000001,-36.4999999999894,37.));
#14794=CARTESIAN_POINT('',(-35.0000000000001,-39.9999999999895,37.));
#14795=CARTESIAN_POINT('',(-35.0000000000001,-42.4999999999894,39.4494897427832));
#14796=CARTESIAN_POINT('',(-35.0000000000001,-42.4999999999894,-1.75000000000489));
#14797=CARTESIAN_POINT('',(-35.0000000000001,-42.4999999999894,40.9999999999999));
#14798=CARTESIAN_POINT('',(-35.0000000000001,-1.03074158402253E-13,41.));
#14799=CARTESIAN_POINT('',(-35.0000000000001,42.4999999999893,41.));
#14800=CARTESIAN_POINT('',(-35.0000000000001,42.4999999999893,-1.7500000000049));
#14801=CARTESIAN_POINT('',(-35.0000000000001,42.4999999999893,39.4494897427832));
#14802=CARTESIAN_POINT('',(-35.0000000000001,39.9999999999893,37.));
#14803=CARTESIAN_POINT('',(-35.0000000000001,36.4999999999893,37.));
#14804=CARTESIAN_POINT('',(-35.0000000000001,36.4999999999894,7.00000000000001));
#14805=CARTESIAN_POINT('',(-35.0000000000001,36.4999999999893,7.00000000000001));
#14806=CARTESIAN_POINT('',(-35.0000000000001,39.9999999999893,7.00000000000002));
#14807=CARTESIAN_POINT('',(-35.0000000000001,42.4999999999893,4.55051025721684));
#14808=CARTESIAN_POINT('',(-35.0000000000001,42.4999999999893,-1.7500000000049));
#14809=CARTESIAN_POINT('',(-35.0000000000001,42.4999999999893,1.49999999999033));
#14810=CARTESIAN_POINT('',(-35.0000000000001,33.4999999999893,1.49999999999033));
#14811=CARTESIAN_POINT('',(-35.0000000000001,33.4999999999893,-7.50000000000967));
#14812=CARTESIAN_POINT('',(-35.0000000000001,29.9999999999999,-7.50000000000967));
#14813=CARTESIAN_POINT('',(-35.0000000000001,29.9999999999999,-7.50000000000967));
#14814=CARTESIAN_POINT('',(-35.0000000000001,29.9999999999999,-18.5000000000097));
#14815=CARTESIAN_POINT('',(-35.0000000000001,18.9999999999999,-18.5000000000097));
#14816=CARTESIAN_POINT('',(-35.0000000000001,18.9999999999999,-30.5000000000097));
#14817=CARTESIAN_POINT('',(-35.0000000000001,-10.0000000000001,-2.99999999999993));
#14818=CARTESIAN_POINT('',(-35.0000000000001,-13.6500000000001,-2.99999999999993));
#14819=CARTESIAN_POINT('',(-35.0000000000001,-6.79768741279705E-14,-2.99999999999992));
#14820=CARTESIAN_POINT('',(-35.0000000000001,-3.65000000000007,-2.99999999999992));
#14821=CARTESIAN_POINT('',(-35.0000000000001,9.99999999999991,-2.99999999999993));
#14822=CARTESIAN_POINT('',(-35.0000000000001,6.34999999999991,-2.99999999999993));
#14823=CARTESIAN_POINT('',(-35.0000000000001,-3.30000000000008,7.00000000000008));
#14824=CARTESIAN_POINT('',(-35.0000000000001,-6.95000000000008,7.00000000000008));
#14825=CARTESIAN_POINT('',(-35.0000000000001,3.29999999999994,17.0000000000001));
#14826=CARTESIAN_POINT('',(-35.0000000000001,-0.350000000000065,17.0000000000001));
#14827=CARTESIAN_POINT('',(-35.0000000000001,-6.21586115895443E-14,-1.75000000000489));
#14828=CARTESIAN_POINT('',(-35.0000000000001,-39.9999999999894,6.99999999999999));
#14829=CARTESIAN_POINT('',(-35.0000000000001,-43.4999999999894,6.99999999999999));
#14830=CARTESIAN_POINT('',(-35.0000000000001,-43.4999999999894,6.99999999999999));
#14831=CARTESIAN_POINT('',(-35.0000000000001,-43.4999999999894,7.36773097600205));
#14832=CARTESIAN_POINT('',(-35.0176789379699,-43.4402338845055,7.74053269823595));
#14833=CARTESIAN_POINT('',(-35.0580300641248,-43.3266189788379,8.08793665696354));
#14834=CARTESIAN_POINT('',(-35.0929745531342,-43.2282273055258,8.38879204749182));
#14835=CARTESIAN_POINT('',(-35.1461852381738,-43.0873095873831,8.67744391201863));
#14836=CARTESIAN_POINT('',(-35.2243992926533,-42.9166666666561,8.93469779437393));
#14837=CARTESIAN_POINT('',(-35.2243992926533,-42.9166666666561,8.93469779437393));
#14838=CARTESIAN_POINT('',(-35.2243992926533,-42.9166666666561,8.93469779437393));
#14839=CARTESIAN_POINT('',(-35.236749921368,-42.8897207760395,8.97532025292724));
#14840=CARTESIAN_POINT('',(-35.2497425528732,-42.862006940481,9.01525644886929));
#14841=CARTESIAN_POINT('',(-35.2633998241399,-42.8335986725398,9.05443874645142));
#14842=CARTESIAN_POINT('',(-35.3606795020774,-42.6312487958971,9.33353119582996));
#14843=CARTESIAN_POINT('',(-35.495025549618,-42.3887365728596,9.57726843432822));
#14844=CARTESIAN_POINT('',(-35.6680180536885,-42.140587828472,9.76909439141249));
#14845=CARTESIAN_POINT('',(-35.8349759646049,-41.9010953939177,9.95422877758963));
#14846=CARTESIAN_POINT('',(-36.0421444294406,-41.651212023916,10.0963099517768));
#14847=CARTESIAN_POINT('',(-36.2785124597227,-41.4206652239972,10.1987044754549));
#14848=CARTESIAN_POINT('',(-36.5302636369999,-41.1751141305274,10.3077629714448));
#14849=CARTESIAN_POINT('',(-36.8201414004168,-40.9461269661023,10.3754868745887));
#14850=CARTESIAN_POINT('',(-37.1307856886072,-40.7531008569638,10.4180168371768));
#14851=CARTESIAN_POINT('',(-37.5004689275578,-40.5233895120554,10.4686297565825));
#14852=CARTESIAN_POINT('',(-37.9072584993413,-40.3391779785533,10.4858289248582));
#14853=CARTESIAN_POINT('',(-38.3267220522641,-40.2127433570144,10.4935283402374));
#14854=CARTESIAN_POINT('',(-38.7921588037388,-40.0724515030191,10.5020716114164));
#14855=CARTESIAN_POINT('',(-39.2835004071425,-39.9999999999894,10.5));
#14856=CARTESIAN_POINT('',(-39.7696960070848,-39.9999999999894,10.5));
#14857=CARTESIAN_POINT('',(-39.7696960070848,-39.9999999999894,10.5));
#14858=CARTESIAN_POINT('',(231.999999999999,-39.9999999999894,10.5));
#14859=CARTESIAN_POINT('',(-65.0000000000001,-39.9999999999894,10.5));
#14860=CARTESIAN_POINT('',(-65.0000000000001,-39.9999999999894,6.99999999999999));
#14861=CARTESIAN_POINT('',(-65.0000000000001,-36.4999999999895,6.99999999999998));
#14862=CARTESIAN_POINT('',(231.999999999999,-36.4999999999895,7.00000000000001));
#14863=CARTESIAN_POINT('',(-65.0000000000001,-39.9999999999894,6.99999999999999));
#14864=CARTESIAN_POINT('',(231.999999999999,-39.9999999999894,33.5));
#14865=CARTESIAN_POINT('',(-39.7696960070848,-39.9999999999894,33.5));
#14866=CARTESIAN_POINT('',(-65.0000000000001,-39.9999999999894,33.5));
#14867=CARTESIAN_POINT('',(-39.7696960070848,-39.9999999999894,33.5));
#14868=CARTESIAN_POINT('',(-38.7338863948164,-39.9999999999894,33.5));
#14869=CARTESIAN_POINT('',(-37.7186638597611,-40.3291806015292,33.4637042267348));
#14870=CARTESIAN_POINT('',(-36.0643256833108,-41.4937887276782,33.7778356805598));
#14871=CARTESIAN_POINT('',(-35.4768237395736,-42.3659415422262,34.2350528418279));
#14872=CARTESIAN_POINT('',(-35.2243992926533,-42.9166666666561,35.065302205626));
#14873=CARTESIAN_POINT('',(-35.2243992926533,-42.9166666666561,35.065302205626));
#14874=CARTESIAN_POINT('',(-35.2243992926533,-42.9166666666561,35.065302205626));
#14875=CARTESIAN_POINT('',(-35.055948116117,-43.2841837446973,35.6193550474034));
#14876=CARTESIAN_POINT('',(-35.0000000000001,-43.4999999999895,36.3055793211373));
#14877=CARTESIAN_POINT('',(-35.0000000000001,-43.4999999999895,37.));
#14878=CARTESIAN_POINT('',(-35.0000000000001,-43.4999999999895,37.));
#14879=CARTESIAN_POINT('',(-35.0000000000001,-39.9999999999895,37.));
#14880=CARTESIAN_POINT('',(231.999999999999,-36.4999999999894,37.));
#14881=CARTESIAN_POINT('',(-65.0000000000001,-36.4999999999894,37.));
#14882=CARTESIAN_POINT('',(-65.0000000000001,-39.9999999999895,37.));
#14883=CARTESIAN_POINT('',(-65.0000000000001,-39.9999999999895,37.));
#14884=CARTESIAN_POINT('',(-52.0000000000002,-7.00000000000007,-46.5000000000097));
#14885=CARTESIAN_POINT('',(-58.0000000000002,-7.00000000000006,-46.5000000000097));
#14886=CARTESIAN_POINT('',(-52.0000000000002,-13.0000000000001,-46.5000000000097));
#14887=CARTESIAN_POINT('',(-47.0000000000001,-13.0000000000001,-46.5000000000097));
#14888=CARTESIAN_POINT('',(-47.0000000000001,-13.0000000000001,-46.5000000000097));
#14889=CARTESIAN_POINT('',(-47.0000000000001,-20.0000000000001,-46.5000000000097));
#14890=CARTESIAN_POINT('',(-47.0000000000001,-19.0000000000001,-46.5000000000097));
#14891=CARTESIAN_POINT('',(-60.0000000000002,-19.0000000000001,-46.5000000000097));
#14892=CARTESIAN_POINT('',(-60.0000000000002,-19.0000000000001,-46.5000000000097));
#14893=CARTESIAN_POINT('',(-60.0000000000002,-15.0000000000001,-46.5000000000097));
#14894=CARTESIAN_POINT('',(-64.0000000000002,-15.,-46.5000000000097));
#14895=CARTESIAN_POINT('',(-64.0000000000001,43.4999999999893,-46.5000000000096));
#14896=CARTESIAN_POINT('',(-64.0000000000001,15.,-46.5000000000097));
#14897=CARTESIAN_POINT('',(-60.0000000000001,14.9999999999999,-46.5000000000097));
#14898=CARTESIAN_POINT('',(-60.0000000000001,18.9999999999999,-46.5000000000097));
#14899=CARTESIAN_POINT('',(-47.0000000000001,18.9999999999999,-46.5000000000097));
#14900=CARTESIAN_POINT('',(-52.0000000000001,12.9999999999999,-46.5000000000097));
#14901=CARTESIAN_POINT('',(-52.0000000000001,12.9999999999999,-46.5000000000097));
#14902=CARTESIAN_POINT('',(-52.0000000000001,6.99999999999994,-46.5000000000097));
#14903=CARTESIAN_POINT('',(-58.0000000000001,6.99999999999995,-46.5000000000097));
#14904=CARTESIAN_POINT('',(-58.0000000000002,-7.00000000000006,-46.5000000000097));
#14905=CARTESIAN_POINT('',(-31.0000000000001,43.4999999999893,-46.5000000000096));
#14906=CARTESIAN_POINT('',(-26.0000000000001,-43.4999999999894,34.));
#14907=CARTESIAN_POINT('',(-32.0000000000001,-43.4999999999894,34.));
#14908=CARTESIAN_POINT('',(-26.0000000000001,-43.4999999999894,40.));
#14909=CARTESIAN_POINT('',(-21.0000000000001,-43.4999999999894,40.));
#14910=CARTESIAN_POINT('',(-21.0000000000001,-43.4999999999894,40.));
#14911=CARTESIAN_POINT('',(-21.0000000000001,-43.4999999999894,3.40000000000024));
#14912=CARTESIAN_POINT('',(-21.0000000000001,-43.4999999999894,41.9999999999999));
#14913=CARTESIAN_POINT('',(-31.0000000000001,-43.4999999999894,41.9999999999999));
#14914=CARTESIAN_POINT('',(-33.0000000000001,-43.4999999999894,41.9999999999999));
#14915=CARTESIAN_POINT('',(-33.0000000000001,-43.4999999999894,40.9999999999999));
#14916=CARTESIAN_POINT('',(-34.0000000000001,-43.4999999999894,40.9999999999999));
#14917=CARTESIAN_POINT('',(-34.0000000000001,-43.4999999999894,-46.5000000000097));
#14918=CARTESIAN_POINT('',(-34.0000000000001,-43.4999999999894,39.4494897427832));
#14919=CARTESIAN_POINT('',(-34.0000000000001,-43.4999999999894,39.4494897427832));
#14920=CARTESIAN_POINT('',(-34.0000000000001,-43.4999999999894,38.5425183676926));
#14921=CARTESIAN_POINT('',(-34.5217221753418,-43.4999999999894,37.7562274213557));
#14922=CARTESIAN_POINT('',(-35.0000000000001,-43.4999999999894,37.));
#14923=CARTESIAN_POINT('',(-35.0000000000001,-43.4999999999895,37.));
#14924=CARTESIAN_POINT('',(-34.9982197623102,-43.4999999999895,36.9971818679866));
#14925=CARTESIAN_POINT('',(-34.9964380135553,-43.4999999999894,36.9943646899591));
#14926=CARTESIAN_POINT('',(-34.9946592869305,-43.4999999999894,36.9915456039598));
#14927=CARTESIAN_POINT('',(-34.7586645958918,-43.4999999999894,36.6175199835358));
#14928=CARTESIAN_POINT('',(-34.5448434198633,-43.4999999999894,36.2194352395335));
#14929=CARTESIAN_POINT('',(-34.4227843439697,-43.4999999999894,35.7943584924348));
#14930=CARTESIAN_POINT('',(-34.3549883797416,-43.4999999999894,35.5582557058989));
#14931=CARTESIAN_POINT('',(-34.315339949767,-43.4999999999894,35.3109458877668));
#14932=CARTESIAN_POINT('',(-34.315339949767,-43.4999999999894,35.065302205626));
#14933=CARTESIAN_POINT('',(-34.315339949767,-43.4999999999894,35.065302205626));
#14934=CARTESIAN_POINT('',(-34.315339949767,-43.4999999999894,6.99999999999999));
#14935=CARTESIAN_POINT('',(-34.315339949767,-43.4999999999894,8.93469779437392));
#14936=CARTESIAN_POINT('',(-34.315339949767,-43.4999999999894,8.93469779437392));
#14937=CARTESIAN_POINT('',(-34.315339949767,-43.4999999999894,8.68905411198297));
#14938=CARTESIAN_POINT('',(-34.3549883798239,-43.4999999999894,8.44174429359713));
#14939=CARTESIAN_POINT('',(-34.4227843441787,-43.4999999999894,8.20564150683723));
#14940=CARTESIAN_POINT('',(-34.5448434201074,-43.4999999999894,7.7805647600075));
#14941=CARTESIAN_POINT('',(-34.758664596174,-43.4999999999894,7.38248001634805));
#14942=CARTESIAN_POINT('',(-34.994659286927,-43.4999999999894,7.00845439603798));
#14943=CARTESIAN_POINT('',(-34.9964380135507,-43.4999999999894,7.00563531003795));
#14944=CARTESIAN_POINT('',(-34.998219762309,-43.4999999999894,7.00281813201264));
#14945=CARTESIAN_POINT('',(-35.0000000000001,-43.4999999999894,6.99999999999999));
#14946=CARTESIAN_POINT('',(-35.0000000000001,-43.4999999999894,6.99999999999999));
#14947=CARTESIAN_POINT('',(-34.521722174927,-43.4999999999894,6.24377257890682));
#14948=CARTESIAN_POINT('',(-34.0000000000001,-43.4999999999894,5.45748163230721));
#14949=CARTESIAN_POINT('',(-34.0000000000001,-43.4999999999894,4.55051025721681));
#14950=CARTESIAN_POINT('',(-34.0000000000001,-43.4999999999894,4.55051025721681));
#14951=CARTESIAN_POINT('',(-34.0000000000001,-43.4999999999894,-46.5000000000097));
#14952=CARTESIAN_POINT('',(-34.0000000000001,-43.4999999999894,1.49999999999033));
#14953=CARTESIAN_POINT('',(-31.0000000000001,-43.4999999999894,1.49999999999033));
#14954=CARTESIAN_POINT('',(-32.0000000000001,-43.4999999999894,1.49999999999033));
#14955=CARTESIAN_POINT('',(-32.0000000000001,-43.4999999999894,34.));
#14956=CARTESIAN_POINT('',(-31.0000000000001,-43.4999999999894,-46.5000000000097));
#14957=CARTESIAN_POINT('',(-21.0000000000001,13.4999999999999,39.));
#14958=CARTESIAN_POINT('',(-21.0000000000001,13.4999999999999,40.));
#14959=CARTESIAN_POINT('',(-21.0000000000001,13.4999999999999,42.0113140033357));
#14960=CARTESIAN_POINT('',(-21.0000000000001,17.9999999999999,40.));
#14961=CARTESIAN_POINT('',(-16.5000000000001,18.,40.));
#14962=CARTESIAN_POINT('',(-16.5000000000001,18.,3.40000000000027));
#14963=CARTESIAN_POINT('',(-16.5000000000001,18.,42.0113140033357));
#14964=CARTESIAN_POINT('',(-21.0000000000001,17.9999999999999,42.0113140033357));
#14965=CARTESIAN_POINT('',(-21.0000000000001,17.9999999999999,39.));
#14966=CARTESIAN_POINT('',(-21.0000000000001,43.4999999999893,3.40000000000032));
#14967=CARTESIAN_POINT('',(-21.0000000000001,43.4999999999893,40.));
#14968=CARTESIAN_POINT('',(-21.0000000000001,43.4999999999893,42.));
#14969=CARTESIAN_POINT('',(-26.0000000000001,43.4999999999893,40.));
#14970=CARTESIAN_POINT('',(-26.0000000000001,43.4999999999893,40.));
#14971=CARTESIAN_POINT('',(-26.0000000000001,43.4999999999893,34.));
#14972=CARTESIAN_POINT('',(-32.0000000000001,43.4999999999893,34.));
#14973=CARTESIAN_POINT('',(-32.0000000000001,43.4999999999893,1.49999999999033));
#14974=CARTESIAN_POINT('',(-32.0000000000001,43.4999999999893,1.49999999999033));
#14975=CARTESIAN_POINT('',(-35.0000000000001,43.4999999999893,1.49999999999033));
#14976=CARTESIAN_POINT('',(-34.0000000000001,43.4999999999893,1.49999999999033));
#14977=CARTESIAN_POINT('',(-34.0000000000001,43.4999999999893,42.9999999999904));
#14978=CARTESIAN_POINT('',(-34.0000000000001,43.4999999999893,4.55051025721685));
#14979=CARTESIAN_POINT('',(-34.0000000000001,43.4999999999893,4.55051025721685));
#14980=CARTESIAN_POINT('',(-34.0000000000001,43.4999999999893,5.4574816323073));
#14981=CARTESIAN_POINT('',(-34.5217221750572,43.4999999999893,6.24377257882448));
#14982=CARTESIAN_POINT('',(-35.0000000000001,43.4999999999893,7.00000000000002));
#14983=CARTESIAN_POINT('',(-35.0000000000001,43.4999999999893,7.00000000000001));
#14984=CARTESIAN_POINT('',(-35.0000000000001,43.4999999999893,7.00000000000001));
#14985=CARTESIAN_POINT('',(-34.9982197623092,43.4999999999893,7.00281813201283));
#14986=CARTESIAN_POINT('',(-34.9964380135511,43.4999999999893,7.00563531003846));
#14987=CARTESIAN_POINT('',(-34.9946592869273,43.4999999999893,7.00845439603848));
#14988=CARTESIAN_POINT('',(-34.7586645961057,43.4999999999893,7.38248001641781));
#14989=CARTESIAN_POINT('',(-34.5448434200142,43.4999999999893,7.78056476018326));
#14990=CARTESIAN_POINT('',(-34.4227843440987,43.4999999999893,8.2056415071158));
#14991=CARTESIAN_POINT('',(-34.3549883797923,43.4999999999893,8.44174429378999));
#14992=CARTESIAN_POINT('',(-34.315339949767,43.4999999999893,8.68905411207876));
#14993=CARTESIAN_POINT('',(-34.315339949767,43.4999999999893,8.93469779437398));
#14994=CARTESIAN_POINT('',(-34.315339949767,43.4999999999893,8.93469779437398));
#14995=CARTESIAN_POINT('',(-34.315339949767,43.4999999999893,37.));
#14996=CARTESIAN_POINT('',(-34.315339949767,43.4999999999893,35.0653022056261));
#14997=CARTESIAN_POINT('',(-34.315339949767,43.4999999999893,35.0653022056261));
#14998=CARTESIAN_POINT('',(-34.315339949767,43.4999999999893,35.3109458879442));
#14999=CARTESIAN_POINT('',(-34.3549883798,43.4999999999893,35.5582557062561));
#15000=CARTESIAN_POINT('',(-34.4227843441178,43.4999999999893,35.7943584929508));
#15001=CARTESIAN_POINT('',(-34.5448434200362,43.4999999999893,36.2194352398589));
#15002=CARTESIAN_POINT('',(-34.7586645960977,43.4999999999893,36.6175199836144));
#15003=CARTESIAN_POINT('',(-34.9946592869278,43.4999999999893,36.9915456039614));
#15004=CARTESIAN_POINT('',(-34.9964380135518,43.4999999999893,36.9943646899613));
#15005=CARTESIAN_POINT('',(-34.9982197623094,43.4999999999893,36.9971818679872));
#15006=CARTESIAN_POINT('',(-35.0000000000001,43.4999999999893,37.));
#15007=CARTESIAN_POINT('',(-35.0000000000001,43.4999999999893,37.));
#15008=CARTESIAN_POINT('',(-35.0000000000001,43.4999999999893,37.));
#15009=CARTESIAN_POINT('',(-34.5217221750971,43.4999999999893,37.7562274212009));
#15010=CARTESIAN_POINT('',(-34.0000000000001,43.4999999999893,38.5425183676927));
#15011=CARTESIAN_POINT('',(-34.0000000000001,43.4999999999893,39.4494897427832));
#15012=CARTESIAN_POINT('',(-34.0000000000001,43.4999999999893,39.4494897427832));
#15013=CARTESIAN_POINT('',(-34.0000000000001,43.4999999999893,42.9999999999904));
#15014=CARTESIAN_POINT('',(-34.0000000000001,43.4999999999893,41.));
#15015=CARTESIAN_POINT('',(-33.0000000000001,43.4999999999893,41.));
#15016=CARTESIAN_POINT('',(-33.0000000000001,43.4999999999893,42.));
#15017=CARTESIAN_POINT('',(-31.0000000000001,43.4999999999893,42.));
#15018=CARTESIAN_POINT('',(-31.0000000000001,43.4999999999893,42.9999999999904));
#15019=CARTESIAN_POINT('',(-21.0000000000001,38.9999999999893,43.));
#15020=CARTESIAN_POINT('',(-17.5000000000001,38.9999999999893,43.));
#15021=CARTESIAN_POINT('',(-21.0000000000001,42.4999999999893,43.));
#15022=CARTESIAN_POINT('',(-31.0000000000001,42.4999999999893,43.));
#15023=CARTESIAN_POINT('',(-33.0000000000001,42.4999999999893,43.));
#15024=CARTESIAN_POINT('',(-33.0000000000001,-43.4999999999894,42.9999999999999));
#15025=CARTESIAN_POINT('',(-33.0000000000001,-42.4999999999894,42.9999999999999));
#15026=CARTESIAN_POINT('',(-31.0000000000001,-42.4999999999894,42.9999999999999));
#15027=CARTESIAN_POINT('',(-21.0000000000001,-42.4999999999894,42.9999999999999));
#15028=CARTESIAN_POINT('',(-21.0000000000001,-38.9999999999894,43.));
#15029=CARTESIAN_POINT('',(-17.5000000000001,-38.9999999999894,43.));
#15030=CARTESIAN_POINT('',(-17.5000000000001,-43.4999999999894,42.9999999999999));
#15031=CARTESIAN_POINT('',(-17.5000000000001,-19.0356157588604,43.));
#15032=CARTESIAN_POINT('',(-21.0000000000001,-18.,43.));
#15033=CARTESIAN_POINT('',(-22.0356157588606,-14.5,43.));
#15034=CARTESIAN_POINT('',(-31.0000000000002,-14.5000000000001,43.));
#15035=CARTESIAN_POINT('',(-26.5000000000001,-14.5000000000001,43.));
#15036=CARTESIAN_POINT('',(-26.5000000000001,-9.00000000000006,43.));
#15037=CARTESIAN_POINT('',(-32.0000000000001,-9.00000000000006,43.));
#15038=CARTESIAN_POINT('',(-32.0000000000001,8.99999999999993,43.));
#15039=CARTESIAN_POINT('',(-32.0000000000001,8.99999999999993,43.));
#15040=CARTESIAN_POINT('',(-26.5000000000001,8.99999999999993,43.));
#15041=CARTESIAN_POINT('',(-26.5000000000001,14.4999999999999,43.));
#15042=CARTESIAN_POINT('',(-30.9999999999999,14.5,43.));
#15043=CARTESIAN_POINT('',(-22.0356157588604,14.4999999999999,43.));
#15044=CARTESIAN_POINT('',(-21.0000000000001,17.9999999999999,43.));
#15045=CARTESIAN_POINT('',(-17.5000000000001,19.0356157588603,43.));
#15046=CARTESIAN_POINT('',(-17.5000000000001,-43.4999999999894,42.9999999999999));
#15047=CARTESIAN_POINT('',(-31.0000000000001,-43.4999999999894,42.9999999999999));
#15048=CARTESIAN_POINT('',(-26.5000000000001,13.4999999999999,39.));
#15049=CARTESIAN_POINT('',(-26.5000000000001,13.4999999999999,42.));
#15050=CARTESIAN_POINT('',(-26.5000000000001,13.4999999999999,39.9791303715507));
#15051=CARTESIAN_POINT('',(-26.0000000000001,13.4999999999999,34.));
#15052=CARTESIAN_POINT('',(-26.0000000000001,13.4999999999999,40.));
#15053=CARTESIAN_POINT('',(-21.0000000000001,13.4999999999999,40.));
#15054=CARTESIAN_POINT('',(-21.0000000000001,13.4999999999999,42.0113140033357));
#15055=CARTESIAN_POINT('',(-21.1745110967565,13.4999999999999,42.0113140033357));
#15056=CARTESIAN_POINT('',(-21.3490209293914,13.4999999999999,42.0090714678281));
#15057=CARTESIAN_POINT('',(-21.5235081836955,13.4999999999999,42.0061868575331));
#15058=CARTESIAN_POINT('',(-21.6941998418957,13.4999999999999,42.0033649957503));
#15059=CARTESIAN_POINT('',(-21.8649007768493,13.4999999999999,42.));
#15060=CARTESIAN_POINT('',(-22.0356157588604,13.4999999999999,42.));
#15061=CARTESIAN_POINT('',(-22.0356157588604,13.4999999999999,42.));
#15062=CARTESIAN_POINT('',(-31.0000000000001,13.4999999999999,42.));
#15063=CARTESIAN_POINT('',(-31.0000000000001,13.5,39.));
#15064=CARTESIAN_POINT('',(-21.0000000000001,17.9999999999999,39.));
#15065=CARTESIAN_POINT('',(-21.0000000000001,16.3499999999999,39.));
#15066=CARTESIAN_POINT('',(-21.0000000000001,17.9999999999999,39.));
#15067=CARTESIAN_POINT('',(-17.5000000000001,18.,39.));
#15068=CARTESIAN_POINT('',(-21.0000000000001,14.4999999999999,39.));
#15069=CARTESIAN_POINT('',(-26.0000000000001,14.4999999999999,39.));
#15070=CARTESIAN_POINT('',(-26.0000000000001,14.4999999999999,39.));
#15071=CARTESIAN_POINT('',(-26.0000000000001,43.4999999999893,39.));
#15072=CARTESIAN_POINT('',(-26.0000000000001,42.4999999999893,39.));
#15073=CARTESIAN_POINT('',(-21.0000000000001,42.4999999999893,39.));
#15074=CARTESIAN_POINT('',(-21.0000000000001,42.4999999999893,39.));
#15075=CARTESIAN_POINT('',(-21.0000000000001,38.9999999999893,39.));
#15076=CARTESIAN_POINT('',(-17.5000000000001,38.9999999999893,39.));
#15077=CARTESIAN_POINT('',(-17.5000000000001,18.,39.));
#15078=CARTESIAN_POINT('',(-21.0000000000001,17.9999999999999,39.));
#15079=CARTESIAN_POINT('',(-26.0000000000001,-13.5000000000001,40.));
#15080=CARTESIAN_POINT('',(-21.0000000000001,-13.5,40.));
#15081=CARTESIAN_POINT('',(-26.0000000000001,-13.5000000000001,40.));
#15082=CARTESIAN_POINT('',(-26.0000000000001,-13.5,34.));
#15083=CARTESIAN_POINT('',(-26.5000000000001,-13.5000000000001,39.9791303715507));
#15084=CARTESIAN_POINT('',(-26.5000000000001,-13.5000000000001,39.));
#15085=CARTESIAN_POINT('',(-26.5000000000001,-13.5000000000001,42.));
#15086=CARTESIAN_POINT('',(-21.0000000000001,-13.5,42.));
#15087=CARTESIAN_POINT('',(-22.0356157588606,-13.5,42.));
#15088=CARTESIAN_POINT('',(-22.0356157588606,-13.5,42.));
#15089=CARTESIAN_POINT('',(-21.8649007768493,-13.5,42.));
#15090=CARTESIAN_POINT('',(-21.6941998418955,-13.5,42.0033649957502));
#15091=CARTESIAN_POINT('',(-21.5235081836951,-13.5,42.0061868575331));
#15092=CARTESIAN_POINT('',(-21.3490209293912,-13.5,42.0090714678281));
#15093=CARTESIAN_POINT('',(-21.1745110967564,-13.5,42.0113140033357));
#15094=CARTESIAN_POINT('',(-21.0000000000001,-13.5,42.0113140033357));
#15095=CARTESIAN_POINT('',(-21.0000000000001,-13.5,42.0113140033357));
#15096=CARTESIAN_POINT('',(-21.0000000000001,-13.5,39.));
#15097=CARTESIAN_POINT('',(-21.0000000000001,-13.5,39.));
#15098=CARTESIAN_POINT('',(-16.5000000000001,-18.0000000000001,3.40000000000026));
#15099=CARTESIAN_POINT('',(-16.5000000000001,-18.0000000000001,40.));
#15100=CARTESIAN_POINT('',(-16.5000000000001,-18.0000000000001,42.0113140033357));
#15101=CARTESIAN_POINT('',(-21.0000000000001,-18.,40.));
#15102=CARTESIAN_POINT('',(-21.0000000000001,-18.,42.0113140033357));
#15103=CARTESIAN_POINT('',(-21.0000000000001,-18.,39.));
#15104=CARTESIAN_POINT('',(-21.0000000000001,-18.,39.));
#15105=CARTESIAN_POINT('',(-21.0000000000001,-19.65,39.));
#15106=CARTESIAN_POINT('',(-26.0000000000001,-9.00000000000006,39.));
#15107=CARTESIAN_POINT('',(-26.0000000000001,-42.4999999999894,39.));
#15108=CARTESIAN_POINT('',(-26.0000000000001,-14.5000000000001,39.));
#15109=CARTESIAN_POINT('',(-21.0000000000001,-14.5,39.));
#15110=CARTESIAN_POINT('',(-21.0000000000001,-14.5,39.));
#15111=CARTESIAN_POINT('',(-21.0000000000001,-18.,39.));
#15112=CARTESIAN_POINT('',(-17.5000000000001,-18.0000000000001,39.));
#15113=CARTESIAN_POINT('',(-17.5000000000001,-38.9999999999894,39.));
#15114=CARTESIAN_POINT('',(-17.5000000000001,-38.9999999999894,39.));
#15115=CARTESIAN_POINT('',(-21.0000000000001,-38.9999999999894,39.));
#15116=CARTESIAN_POINT('',(-21.0000000000001,-42.4999999999894,39.));
#15117=CARTESIAN_POINT('',(-26.0000000000001,-42.4999999999894,39.));
#15118=CARTESIAN_POINT('',(-21.0000000000001,-18.,39.));
#15119=CARTESIAN_POINT('',(-21.0000000000001,-38.9999999999894,40.));
#15120=CARTESIAN_POINT('',(-16.5000000000001,-38.9999999999894,40.));
#15121=CARTESIAN_POINT('',(-16.5000000000001,-38.9999999999893,3.40000000000028));
#15122=CARTESIAN_POINT('',(-16.5000000000001,-38.9999999999894,42.));
#15123=CARTESIAN_POINT('',(-21.0000000000001,-38.9999999999894,42.));
#15124=CARTESIAN_POINT('',(-21.0000000000001,-38.9999999999893,3.40000000000028));
#15125=CARTESIAN_POINT('',(-16.5000000000001,-18.,40.));
#15126=CARTESIAN_POINT('',(-16.5000000000001,-18.0000000000001,42.0113140033357));
#15127=CARTESIAN_POINT('',(-16.5000000000001,-18.1745110967564,42.0113140033357));
#15128=CARTESIAN_POINT('',(-16.5000000000001,-18.3490209293912,42.0090714678281));
#15129=CARTESIAN_POINT('',(-16.5000000000001,-18.5235081836952,42.0061868575331));
#15130=CARTESIAN_POINT('',(-16.5000000000001,-18.6941998418955,42.0033649957502));
#15131=CARTESIAN_POINT('',(-16.5000000000001,-18.8649007768492,42.));
#15132=CARTESIAN_POINT('',(-16.5000000000001,-19.0356157588604,42.));
#15133=CARTESIAN_POINT('',(-16.5000000000001,-19.0356157588604,42.));
#15134=CARTESIAN_POINT('',(-16.5000000000001,-38.9999999999894,42.));
#15135=CARTESIAN_POINT('',(-16.5000000000001,-38.9999999999894,3.40000000000024));
#15136=CARTESIAN_POINT('',(-16.5000000000001,38.9999999999893,40.));
#15137=CARTESIAN_POINT('',(-16.5000000000001,38.9999999999893,40.));
#15138=CARTESIAN_POINT('',(-16.5000000000001,38.9999999999893,3.40000000000032));
#15139=CARTESIAN_POINT('',(-16.5000000000001,38.9999999999893,42.));
#15140=CARTESIAN_POINT('',(-16.5000000000001,18.,42.));
#15141=CARTESIAN_POINT('',(-16.5000000000001,19.0356157588603,42.));
#15142=CARTESIAN_POINT('',(-16.5000000000001,19.0356157588603,42.));
#15143=CARTESIAN_POINT('',(-16.5000000000001,18.8649007768491,42.));
#15144=CARTESIAN_POINT('',(-16.5000000000001,18.6941998418954,42.0033649957503));
#15145=CARTESIAN_POINT('',(-16.5000000000001,18.5235081836952,42.0061868575331));
#15146=CARTESIAN_POINT('',(-16.5000000000001,18.3490209293912,42.0090714678281));
#15147=CARTESIAN_POINT('',(-16.5000000000001,18.1745110967564,42.0113140033357));
#15148=CARTESIAN_POINT('',(-16.5000000000001,18.,42.0113140033357));
#15149=CARTESIAN_POINT('',(-16.5000000000001,18.,3.4000000000003));
#15150=CARTESIAN_POINT('',(-21.0000000000001,38.9999999999893,40.));
#15151=CARTESIAN_POINT('',(-21.0000000000001,38.9999999999893,42.));
#15152=CARTESIAN_POINT('',(-21.0000000000001,38.9999999999893,3.40000000000031));
#15153=CARTESIAN_POINT('',(-31.0000000000001,8.99999999999994,34.));
#15154=CARTESIAN_POINT('',(-31.0000000000001,9.96960134628237,35.2377635417346));
#15155=CARTESIAN_POINT('',(-30.7041915587337,10.9544315595128,36.4931758985261));
#15156=CARTESIAN_POINT('',(-29.6541011492957,12.2577451229107,38.1875882084926));
#15157=CARTESIAN_POINT('',(-29.2032731378637,12.6588122161743,38.7151844430499));
#15158=CARTESIAN_POINT('',(-28.0261424847073,13.2854966582058,39.5775272113255));
#15159=CARTESIAN_POINT('',(-27.2988235042274,13.4999999999999,39.897484732651));
#15160=CARTESIAN_POINT('',(-26.5000000000001,13.4999999999999,39.9791303715507));
#15161=CARTESIAN_POINT('',(-26.5000000000001,8.99999999999993,42.));
#15162=CARTESIAN_POINT('',(-26.5000000000001,8.99999999999997,-1.75000000000488));
#15163=CARTESIAN_POINT('',(-26.5000000000001,-13.5000000000001,39.9791303715507));
#15164=CARTESIAN_POINT('',(-27.2988235042274,-13.5000000000001,39.897484732651));
#15165=CARTESIAN_POINT('',(-28.0261424847073,-13.2854966582059,39.5775272113255));
#15166=CARTESIAN_POINT('',(-29.2032731378637,-12.6588122161744,38.7151844430499));
#15167=CARTESIAN_POINT('',(-29.6541011492957,-12.2577451229108,38.1875882084926));
#15168=CARTESIAN_POINT('',(-30.7041915587338,-10.9544315595129,36.4931758985261));
#15169=CARTESIAN_POINT('',(-31.0000000000001,-9.96960134628237,35.2377635417347));
#15170=CARTESIAN_POINT('',(-31.0000000000001,-9.00000000000005,34.));
#15171=CARTESIAN_POINT('',(-26.5000000000001,-9.00000000000006,42.));
#15172=CARTESIAN_POINT('',(-26.5000000000001,-9.00000000000006,39.));
#15173=CARTESIAN_POINT('',(-21.0000000000001,-18.,41.));
#15174=CARTESIAN_POINT('',(-22.6500000000001,-18.,41.));
#15175=CARTESIAN_POINT('',(-21.0000000000001,-18.,39.));
#15176=CARTESIAN_POINT('',(-21.0000000000001,17.9999999999999,41.));
#15177=CARTESIAN_POINT('',(-22.6500000000001,17.9999999999999,41.));
#15178=CARTESIAN_POINT('',(-21.0000000000001,17.9999999999999,39.));
#15179=CARTESIAN_POINT('',(-21.0000000000001,-18.,43.));
#15180=CARTESIAN_POINT('',(-21.0000000000001,-14.35,43.));
#15181=CARTESIAN_POINT('',(-17.3500000000001,-18.0000000000001,43.));
#15182=CARTESIAN_POINT('',(-21.0000000000001,-18.,43.));
#15183=CARTESIAN_POINT('',(-21.0000000000001,-18.,43.));
#15184=CARTESIAN_POINT('',(-21.0000000000001,-18.,41.));
#15185=CARTESIAN_POINT('',(-21.0000000000001,17.9999999999999,43.));
#15186=CARTESIAN_POINT('',(-17.3500000000001,18.,43.));
#15187=CARTESIAN_POINT('',(-21.0000000000001,17.9999999999999,43.));
#15188=CARTESIAN_POINT('',(-21.0000000000001,14.3499999999999,43.));
#15189=CARTESIAN_POINT('',(-21.0000000000001,17.9999999999999,43.));
#15190=CARTESIAN_POINT('',(-21.0000000000001,17.9999999999999,41.));
#15191=CARTESIAN_POINT('',(-33.0000000000001,-3.30000000000008,7.00000000000008));
#15192=CARTESIAN_POINT('',(-33.0000000000001,-4.95000000000008,7.00000000000008));
#15193=CARTESIAN_POINT('',(-25.5,-3.30000000000008,7.00000000000008));
#15194=CARTESIAN_POINT('',(-25.5,-4.95000000000008,7.00000000000008));
#15195=CARTESIAN_POINT('',(-31.,-3.30000000000008,7.00000000000008));
#15196=CARTESIAN_POINT('',(-33.0000000000001,-6.79768741279705E-14,-2.99999999999992));
#15197=CARTESIAN_POINT('',(-33.0000000000001,-1.65000000000007,-2.99999999999992));
#15198=CARTESIAN_POINT('',(-25.5,-6.79768741279705E-14,-2.99999999999992));
#15199=CARTESIAN_POINT('',(-25.5,-1.65000000000007,-2.99999999999992));
#15200=CARTESIAN_POINT('',(-31.,-6.79768741279705E-14,-2.99999999999992));
#15201=CARTESIAN_POINT('',(-33.0000000000001,3.29999999999994,17.0000000000001));
#15202=CARTESIAN_POINT('',(-33.0000000000001,1.64999999999994,17.0000000000001));
#15203=CARTESIAN_POINT('',(-25.5000000000001,3.29999999999994,17.0000000000001));
#15204=CARTESIAN_POINT('',(-25.5000000000001,1.64999999999994,17.0000000000001));
#15205=CARTESIAN_POINT('',(-31.0000000000001,3.29999999999994,17.0000000000001));
#15206=CARTESIAN_POINT('',(-33.0000000000001,9.99999999999991,-2.99999999999993));
#15207=CARTESIAN_POINT('',(-33.0000000000001,8.34999999999991,-2.99999999999993));
#15208=CARTESIAN_POINT('',(-25.5000000000001,9.99999999999991,-2.99999999999993));
#15209=CARTESIAN_POINT('',(-25.5000000000001,8.34999999999991,-2.99999999999993));
#15210=CARTESIAN_POINT('',(-31.0000000000001,9.99999999999991,-2.99999999999993));
#15211=CARTESIAN_POINT('',(-33.0000000000001,-10.0000000000001,-2.99999999999993));
#15212=CARTESIAN_POINT('',(-33.0000000000001,-11.6500000000001,-2.99999999999993));
#15213=CARTESIAN_POINT('',(-25.5000000000001,-10.0000000000001,-2.99999999999993));
#15214=CARTESIAN_POINT('',(-25.5000000000001,-11.6500000000001,-2.99999999999993));
#15215=CARTESIAN_POINT('',(-31.0000000000001,-10.0000000000001,-2.99999999999993));
#15216=CARTESIAN_POINT('',(-33.0000000000001,-10.0000000000001,-2.99999999999993));
#15217=CARTESIAN_POINT('',(-33.0000000000001,-6.79768741279705E-14,-2.99999999999992));
#15218=CARTESIAN_POINT('',(-33.0000000000001,9.99999999999991,-2.99999999999993));
#15219=CARTESIAN_POINT('',(-33.0000000000001,-3.30000000000008,7.00000000000008));
#15220=CARTESIAN_POINT('',(-33.0000000000001,3.29999999999994,17.0000000000001));
#15221=CARTESIAN_POINT('',(-47.0000000000001,-20.0000000000001,-30.5000000000097));
#15222=CARTESIAN_POINT('',(-47.0000000000001,-20.0000000000001,-45.5000000000097));
#15223=CARTESIAN_POINT('',(-32.0000000000001,-20.0000000000001,-30.5000000000097));
#15224=CARTESIAN_POINT('',(-32.0000000000001,-20.0000000000001,-46.5000000000097));
#15225=CARTESIAN_POINT('',(-32.0000000000001,-20.0000000000001,-18.5000000000097));
#15226=CARTESIAN_POINT('',(-35.0000000000001,-20.0000000000001,-18.5000000000097));
#15227=CARTESIAN_POINT('',(-34.0000000000001,-20.0000000000001,-18.5000000000097));
#15228=CARTESIAN_POINT('',(-34.0000000000001,-20.0000000000001,-30.5000000000098));
#15229=CARTESIAN_POINT('',(-34.0000000000001,-20.0000000000001,-30.5000000000098));
#15230=CARTESIAN_POINT('',(-47.0000000000001,-20.0000000000001,-30.5000000000098));
#15231=CARTESIAN_POINT('',(-47.0000000000001,-20.0000000000001,-43.5000000000098));
#15232=CARTESIAN_POINT('',(-35.0000000000001,-20.0000000000001,-43.5000000000098));
#15233=CARTESIAN_POINT('',(-60.0000000000002,-20.0000000000001,-43.5000000000098));
#15234=CARTESIAN_POINT('',(-60.0000000000002,-20.0000000000001,-46.5000000000098));
#15235=CARTESIAN_POINT('',(-60.0000000000002,-20.0000000000001,-45.5000000000097));
#15236=CARTESIAN_POINT('',(-47.0000000000001,-20.0000000000001,-45.5000000000097));
#15237=CARTESIAN_POINT('',(-35.0000000000001,-20.0000000000001,-46.5000000000097));
#15238=CARTESIAN_POINT('',(-31.0000000000001,-30.0000000000001,-8.50000000000967));
#15239=CARTESIAN_POINT('',(-34.0000000000001,-30.0000000000001,-8.50000000000967));
#15240=CARTESIAN_POINT('',(-32.0000000000001,-30.0000000000001,-8.50000000000967));
#15241=CARTESIAN_POINT('',(-32.0000000000001,-20.0000000000001,-8.50000000000967));
#15242=CARTESIAN_POINT('',(-32.0000000000001,-33.4999999999894,-8.50000000000967));
#15243=CARTESIAN_POINT('',(-35.0000000000001,-33.4999999999894,-8.50000000000967));
#15244=CARTESIAN_POINT('',(-34.0000000000001,-33.4999999999894,-8.50000000000967));
#15245=CARTESIAN_POINT('',(-34.0000000000001,-30.0000000000001,-8.50000000000967));
#15246=CARTESIAN_POINT('',(-35.0000000000001,-20.0000000000001,-8.50000000000967));
#15247=CARTESIAN_POINT('',(-31.0000000000001,33.4999999999893,-8.50000000000967));
#15248=CARTESIAN_POINT('',(-34.0000000000001,33.4999999999893,-8.50000000000967));
#15249=CARTESIAN_POINT('',(-32.0000000000001,33.4999999999893,-8.50000000000967));
#15250=CARTESIAN_POINT('',(-32.0000000000001,43.4999999999893,-8.50000000000967));
#15251=CARTESIAN_POINT('',(-32.0000000000001,29.9999999999999,-8.50000000000967));
#15252=CARTESIAN_POINT('',(-35.0000000000001,29.9999999999999,-8.50000000000967));
#15253=CARTESIAN_POINT('',(-34.0000000000001,29.9999999999999,-8.50000000000967));
#15254=CARTESIAN_POINT('',(-34.0000000000001,33.4999999999893,-8.50000000000967));
#15255=CARTESIAN_POINT('',(-35.0000000000001,43.4999999999893,-8.50000000000967));
#15256=CARTESIAN_POINT('',(-31.0000000000001,19.9999999999999,-18.5000000000097));
#15257=CARTESIAN_POINT('',(-34.0000000000001,19.9999999999999,-18.5000000000097));
#15258=CARTESIAN_POINT('',(-32.0000000000001,19.9999999999999,-18.5000000000097));
#15259=CARTESIAN_POINT('',(-32.0000000000001,19.9999999999999,-8.50000000000967));
#15260=CARTESIAN_POINT('',(-32.0000000000001,19.9999999999999,-30.5000000000097));
#15261=CARTESIAN_POINT('',(-47.0000000000001,19.9999999999999,-30.5000000000097));
#15262=CARTESIAN_POINT('',(-47.0000000000001,19.9999999999999,-45.5000000000097));
#15263=CARTESIAN_POINT('',(-60.0000000000001,19.9999999999999,-45.5000000000097));
#15264=CARTESIAN_POINT('',(-60.0000000000001,19.9999999999999,-45.5000000000097));
#15265=CARTESIAN_POINT('',(-60.0000000000001,19.9999999999999,-42.5000000000097));
#15266=CARTESIAN_POINT('',(-60.0000000000001,19.9999999999999,-43.5000000000098));
#15267=CARTESIAN_POINT('',(-35.0000000000001,19.9999999999999,-43.5000000000098));
#15268=CARTESIAN_POINT('',(-47.0000000000001,19.9999999999999,-43.5000000000098));
#15269=CARTESIAN_POINT('',(-47.0000000000001,19.9999999999999,-30.5000000000098));
#15270=CARTESIAN_POINT('',(-34.0000000000001,19.9999999999999,-30.5000000000098));
#15271=CARTESIAN_POINT('',(-34.0000000000001,19.9999999999999,-18.5000000000097));
#15272=CARTESIAN_POINT('',(-35.0000000000001,19.9999999999999,-8.50000000000967));
#15273=CARTESIAN_POINT('',(-32.0000000000001,29.9999999999999,-18.5000000000097));
#15274=CARTESIAN_POINT('',(-34.0000000000001,29.9999999999999,-18.5000000000097));
#15275=CARTESIAN_POINT('',(-35.0000000000001,29.9999999999999,-18.5000000000097));
#15276=CARTESIAN_POINT('',(-32.0000000000001,-30.0000000000001,-18.5000000000097));
#15277=CARTESIAN_POINT('',(-34.0000000000001,-30.0000000000001,-18.5000000000097));
#15278=CARTESIAN_POINT('',(-35.0000000000001,-30.0000000000001,-18.5000000000097));
#15279=CARTESIAN_POINT('',(-32.0000000000001,-33.4999999999894,1.49999999999033));
#15280=CARTESIAN_POINT('',(-34.0000000000001,-33.4999999999894,1.49999999999033));
#15281=CARTESIAN_POINT('',(-31.0000000000001,-33.4999999999894,1.49999999999033));
#15282=CARTESIAN_POINT('',(-32.0000000000001,33.4999999999893,1.49999999999033));
#15283=CARTESIAN_POINT('',(-34.0000000000001,33.4999999999893,1.49999999999033));
#15284=CARTESIAN_POINT('',(-35.0000000000001,33.4999999999893,1.49999999999033));
#15285=CARTESIAN_POINT('',(-52.0000000000001,6.99999999999994,-42.5000000000097));
#15286=CARTESIAN_POINT('',(-58.0000000000001,6.99999999999995,-42.5000000000097));
#15287=CARTESIAN_POINT('',(-52.0000000000001,12.9999999999999,-42.5000000000097));
#15288=CARTESIAN_POINT('',(-65.0000000000001,12.9999999999999,-42.5000000000097));
#15289=CARTESIAN_POINT('',(-65.0000000000001,18.9999999999999,-42.5000000000097));
#15290=CARTESIAN_POINT('',(-60.0000000000001,18.9999999999999,-42.5000000000097));
#15291=CARTESIAN_POINT('',(-60.0000000000001,14.9999999999999,-42.5000000000097));
#15292=CARTESIAN_POINT('',(-64.0000000000001,15.,-42.5000000000097));
#15293=CARTESIAN_POINT('',(-64.0000000000002,-15.,-42.5000000000097));
#15294=CARTESIAN_POINT('',(-64.0000000000002,-15.,-42.5000000000097));
#15295=CARTESIAN_POINT('',(-60.0000000000002,-15.0000000000001,-42.5000000000097));
#15296=CARTESIAN_POINT('',(-60.0000000000002,-19.0000000000001,-42.5000000000097));
#15297=CARTESIAN_POINT('',(-65.0000000000001,-19.0000000000001,-42.5000000000097));
#15298=CARTESIAN_POINT('',(-47.0000000000001,-19.0000000000001,-42.5000000000097));
#15299=CARTESIAN_POINT('',(-47.0000000000001,-20.0000000000001,-42.5000000000097));
#15300=CARTESIAN_POINT('',(-47.0000000000001,-13.0000000000001,-42.5000000000097));
#15301=CARTESIAN_POINT('',(-65.0000000000001,-13.0000000000001,-42.5000000000097));
#15302=CARTESIAN_POINT('',(-52.0000000000002,-13.0000000000001,-42.5000000000097));
#15303=CARTESIAN_POINT('',(-52.0000000000002,-7.00000000000007,-42.5000000000097));
#15304=CARTESIAN_POINT('',(-58.0000000000002,-7.00000000000006,-42.5000000000097));
#15305=CARTESIAN_POINT('',(-58.0000000000002,-20.0000000000001,-42.5000000000097));
#15306=CARTESIAN_POINT('',(-65.0000000000001,-20.0000000000001,-42.5000000000097));
#15307=CARTESIAN_POINT('',(-65.0000000000001,15.,-46.5000000000098));
#15308=CARTESIAN_POINT('',(-65.0000000000001,15.,-43.5000000000098));
#15309=CARTESIAN_POINT('',(-65.0000000000001,15.,-45.5000000000097));
#15310=CARTESIAN_POINT('',(-65.0000000000001,-2.02859759625031E-14,-45.5000000000097));
#15311=CARTESIAN_POINT('',(-65.0000000000002,-15.,-45.5000000000097));
#15312=CARTESIAN_POINT('',(-65.0000000000002,-15.,-42.5000000000097));
#15313=CARTESIAN_POINT('',(-65.0000000000002,-15.,-43.5000000000098));
#15314=CARTESIAN_POINT('',(-65.0000000000001,15.,-43.5000000000098));
#15315=CARTESIAN_POINT('',(-65.0000000000001,-6.21586115895443E-14,-1.75000000000489));
#15316=CARTESIAN_POINT('',(-47.0000000000001,-13.0000000000001,-30.5000000000098));
#15317=CARTESIAN_POINT('',(-47.0000000000001,-19.0000000000001,-30.5000000000098));
#15318=CARTESIAN_POINT('',(-47.0000000000001,-20.0000000000001,-30.5000000000098));
#15319=CARTESIAN_POINT('',(-47.0000000000001,-13.0000000000001,-30.5000000000097));
#15320=CARTESIAN_POINT('',(-47.0000000000001,-19.0000000000001,-30.5000000000097));
#15321=CARTESIAN_POINT('',(-47.0000000000001,43.4999999999893,-30.5000000000096));
#15322=CARTESIAN_POINT('',(-60.0000000000002,-15.0000000000001,-45.5000000000097));
#15323=CARTESIAN_POINT('',(-60.0000000000002,-15.0000000000001,-43.5000000000098));
#15324=CARTESIAN_POINT('',(-60.0000000000002,-15.0000000000001,-1.75000000000489));
#15325=CARTESIAN_POINT('',(-60.0000000000001,14.9999999999999,-45.5000000000097));
#15326=CARTESIAN_POINT('',(-60.0000000000001,14.9999999999999,-43.5000000000098));
#15327=CARTESIAN_POINT('',(-60.0000000000001,14.9999999999999,-1.75000000000489));
#15328=CARTESIAN_POINT('',(-35.0000000000001,39.9999999999893,37.));
#15329=CARTESIAN_POINT('',(-35.0000000000001,43.4999999999893,37.));
#15330=CARTESIAN_POINT('',(-35.0000000000001,43.4999999999893,36.632269023998));
#15331=CARTESIAN_POINT('',(-35.0176789379698,43.4402338845054,36.2594673017641));
#15332=CARTESIAN_POINT('',(-35.0580300641248,43.3266189788378,35.9120633430365));
#15333=CARTESIAN_POINT('',(-35.0929745531342,43.2282273055257,35.6112079525082));
#15334=CARTESIAN_POINT('',(-35.1461852381738,43.0873095873829,35.3225560879814));
#15335=CARTESIAN_POINT('',(-35.2243992926533,42.916666666656,35.0653022056261));
#15336=CARTESIAN_POINT('',(-35.2243992926533,42.916666666656,35.0653022056261));
#15337=CARTESIAN_POINT('',(-35.2243992926533,42.916666666656,35.0653022056261));
#15338=CARTESIAN_POINT('',(-35.236749921368,42.8897207760394,35.0246797470728));
#15339=CARTESIAN_POINT('',(-35.2497425528732,42.8620069404809,34.9847435511307));
#15340=CARTESIAN_POINT('',(-35.2633998241399,42.8335986725397,34.9455612535486));
#15341=CARTESIAN_POINT('',(-35.3606795020774,42.631248795897,34.6664688041701));
#15342=CARTESIAN_POINT('',(-35.495025549618,42.3887365728595,34.4227315656718));
#15343=CARTESIAN_POINT('',(-35.6680180536884,42.1405878284719,34.2309056085875));
#15344=CARTESIAN_POINT('',(-35.8349759646049,41.9010953939176,34.0457712224104));
#15345=CARTESIAN_POINT('',(-36.0421444294406,41.6512120239159,33.9036900482232));
#15346=CARTESIAN_POINT('',(-36.2785124597227,41.4206652239971,33.8012955245452));
#15347=CARTESIAN_POINT('',(-36.5302636369999,41.1751141305273,33.6922370285552));
#15348=CARTESIAN_POINT('',(-36.8201414004168,40.9461269661022,33.6245131254113));
#15349=CARTESIAN_POINT('',(-37.1307856886072,40.7531008569637,33.5819831628232));
#15350=CARTESIAN_POINT('',(-37.5004689275578,40.5233895120552,33.5313702434175));
#15351=CARTESIAN_POINT('',(-37.9072584993413,40.3391779785532,33.5141710751418));
#15352=CARTESIAN_POINT('',(-38.326722052264,40.2127433570143,33.5064716597627));
#15353=CARTESIAN_POINT('',(-38.7921588037388,40.072451503019,33.4979283885836));
#15354=CARTESIAN_POINT('',(-39.2835004071425,39.9999999999893,33.5));
#15355=CARTESIAN_POINT('',(-39.7696960070848,39.9999999999893,33.5));
#15356=CARTESIAN_POINT('',(-39.7696960070848,39.9999999999893,33.5));
#15357=CARTESIAN_POINT('',(231.999999999999,39.9999999999893,33.5));
#15358=CARTESIAN_POINT('',(-65.0000000000001,39.9999999999893,33.5));
#15359=CARTESIAN_POINT('',(-65.0000000000001,39.9999999999893,37.));
#15360=CARTESIAN_POINT('',(-65.0000000000001,36.4999999999893,37.));
#15361=CARTESIAN_POINT('',(231.999999999999,36.4999999999893,37.));
#15362=CARTESIAN_POINT('',(-65.0000000000001,39.9999999999893,37.));
#15363=CARTESIAN_POINT('',(231.999999999999,39.9999999999893,10.5));
#15364=CARTESIAN_POINT('',(-39.7696960070848,39.9999999999893,10.5));
#15365=CARTESIAN_POINT('',(-65.0000000000001,39.9999999999893,10.5));
#15366=CARTESIAN_POINT('',(-39.7696960070848,39.9999999999893,10.5));
#15367=CARTESIAN_POINT('',(-38.7338863948164,39.9999999999893,10.5));
#15368=CARTESIAN_POINT('',(-37.7186638597611,40.3291806015291,10.5362957732653));
#15369=CARTESIAN_POINT('',(-36.0643256833108,41.4937887276781,10.2221643194402));
#15370=CARTESIAN_POINT('',(-35.4768237395736,42.3659415422261,9.76494715817206));
#15371=CARTESIAN_POINT('',(-35.2243992926533,42.916666666656,8.93469779437399));
#15372=CARTESIAN_POINT('',(-35.2243992926533,42.916666666656,8.93469779437399));
#15373=CARTESIAN_POINT('',(-35.2243992926533,42.916666666656,8.93469779437399));
#15374=CARTESIAN_POINT('',(-35.055948116117,43.2841837446971,8.3806449525966));
#15375=CARTESIAN_POINT('',(-35.0000000000001,43.4999999999893,7.69442067886274));
#15376=CARTESIAN_POINT('',(-35.0000000000001,43.4999999999893,7.00000000000001));
#15377=CARTESIAN_POINT('',(-35.0000000000001,39.9999999999893,7.00000000000002));
#15378=CARTESIAN_POINT('',(231.999999999999,36.4999999999893,7.00000000000002));
#15379=CARTESIAN_POINT('',(-65.0000000000001,36.4999999999894,7.00000000000001));
#15380=CARTESIAN_POINT('',(-65.0000000000001,39.9999999999893,7.00000000000002));
#15381=CARTESIAN_POINT('',(-65.0000000000001,39.9999999999893,7.00000000000002));
#15382=CARTESIAN_POINT('',(-65.0000000000001,39.9999999999893,7.00000000000002));
#15383=CARTESIAN_POINT('',(-65.0000000000001,38.2499999999893,7.00000000000002));
#15384=CARTESIAN_POINT('',(-65.0000000000001,39.9999999999893,37.));
#15385=CARTESIAN_POINT('',(-65.0000000000001,38.2499999999893,37.));
#15386=CARTESIAN_POINT('',(-65.0000000000001,36.4999999999894,7.00000000000001));
#15387=CARTESIAN_POINT('',(-65.0000000000001,39.9999999999893,33.5));
#15388=CARTESIAN_POINT('',(-65.0000000000001,39.9999999999893,7.00000000000002));
#15389=CARTESIAN_POINT('',(-65.0000000000001,-39.9999999999895,37.));
#15390=CARTESIAN_POINT('',(-65.0000000000001,-38.2499999999895,37.));
#15391=CARTESIAN_POINT('',(-65.0000000000001,-39.9999999999894,6.99999999999999));
#15392=CARTESIAN_POINT('',(-65.0000000000001,-38.2499999999894,6.99999999999999));
#15393=CARTESIAN_POINT('',(-65.0000000000001,-36.4999999999894,37.));
#15394=CARTESIAN_POINT('',(-65.0000000000001,-39.9999999999895,10.5));
#15395=CARTESIAN_POINT('',(-65.0000000000001,-39.9999999999895,37.));
#15396=CARTESIAN_POINT('',(-39.7696960070848,-39.9999999999894,33.5));
#15397=CARTESIAN_POINT('',(231.999999999999,-39.9999999999895,10.5));
#15398=CARTESIAN_POINT('',(231.999999999999,-36.4999999999894,37.));
#15399=CARTESIAN_POINT('',(231.999999999999,36.4999999999894,7.00000000000001));
#15400=CARTESIAN_POINT('',(-39.7696960070848,39.9999999999893,10.5));
#15401=CARTESIAN_POINT('',(231.999999999999,39.9999999999893,33.5));
#15402=CARTESIAN_POINT('',(-35.2243992926533,-42.9166666666561,-1.75000000000489));
#15403=CARTESIAN_POINT('',(-39.7696960070848,-44.9999999999895,-1.75000000000489));
#15404=CARTESIAN_POINT('',(-35.2243992926533,42.916666666656,-1.7500000000049));
#15405=CARTESIAN_POINT('',(-39.7696960070848,44.9999999999894,-1.7500000000049));
#15406=CARTESIAN_POINT('',(-64.5000000000001,-39.9999999999895,37.));
#15407=CARTESIAN_POINT('',(-64.5000000000001,-38.7499999999895,37.));
#15408=CARTESIAN_POINT('',(-50.0000000000001,-39.9999999999895,37.));
#15409=CARTESIAN_POINT('',(-50.0000000000001,-41.2499999999895,37.));
#15410=CARTESIAN_POINT('',(-50.0000000000001,-39.9999999999895,37.));
#15411=CARTESIAN_POINT('',(-50.0000000000001,-39.9999999999895,37.));
#15412=CARTESIAN_POINT('',(-64.5000000000001,-39.9999999999894,6.99999999999999));
#15413=CARTESIAN_POINT('',(-64.5000000000001,-38.7499999999894,6.99999999999999));
#15414=CARTESIAN_POINT('',(-50.0000000000001,-39.9999999999894,6.99999999999999));
#15415=CARTESIAN_POINT('',(-50.0000000000001,-41.2499999999894,6.99999999999999));
#15416=CARTESIAN_POINT('',(-50.0000000000001,-39.9999999999894,6.99999999999999));
#15417=CARTESIAN_POINT('',(-50.0000000000001,-39.9999999999894,6.99999999999999));
#15418=CARTESIAN_POINT('',(-64.5000000000001,39.9999999999893,7.00000000000002));
#15419=CARTESIAN_POINT('',(-64.5000000000001,38.7499999999893,7.00000000000002));
#15420=CARTESIAN_POINT('',(-50.0000000000001,39.9999999999893,7.00000000000002));
#15421=CARTESIAN_POINT('',(-50.0000000000001,38.7499999999893,7.00000000000002));
#15422=CARTESIAN_POINT('',(-50.0000000000001,39.9999999999893,7.00000000000002));
#15423=CARTESIAN_POINT('',(-50.0000000000001,39.9999999999893,7.00000000000002));
#15424=CARTESIAN_POINT('',(-64.5000000000001,39.9999999999893,37.));
#15425=CARTESIAN_POINT('',(-64.5000000000001,38.7499999999893,37.));
#15426=CARTESIAN_POINT('',(-50.0000000000001,39.9999999999893,37.));
#15427=CARTESIAN_POINT('',(-50.0000000000001,38.7499999999893,37.));
#15428=CARTESIAN_POINT('',(-50.0000000000001,39.9999999999893,37.));
#15429=CARTESIAN_POINT('',(-50.0000000000001,39.9999999999893,37.));
#15430=CARTESIAN_POINT('',(-64.5000000000001,-39.9999999999895,37.));
#15431=CARTESIAN_POINT('',(-64.5000000000001,-39.9999999999894,6.99999999999999));
#15432=CARTESIAN_POINT('',(-64.5000000000001,39.9999999999893,7.00000000000002));
#15433=CARTESIAN_POINT('',(-64.5000000000001,39.9999999999893,37.));
#15434=CARTESIAN_POINT('',(-25.5000000000001,10.1928571428666,1.49586544754689));
#15435=CARTESIAN_POINT('',(-25.5000000000001,10.1928571428666,1.49586544754689));
#15436=CARTESIAN_POINT('',(-25.5000000000001,9.99999999999991,-2.99999999999992));
#15437=CARTESIAN_POINT('',(-25.5000000000001,9.9999999999999,-7.49999999999993));
#15438=CARTESIAN_POINT('',(-25.5000000000001,9.9999999999999,-7.49999999999993));
#15439=CARTESIAN_POINT('',(-25.5000000000001,9.99999999999991,-2.99999999999992));
#15440=CARTESIAN_POINT('',(-25.5000000000001,7.79999999999995,3.99356847396241));
#15441=CARTESIAN_POINT('',(-25.5000000000001,7.79999999999995,3.99356847396241));
#15442=CARTESIAN_POINT('',(-25.5000000000001,10.2999999999999,3.99356847396241));
#15443=CARTESIAN_POINT('',(-25.5000000000001,10.2999999999999,3.99356847396241));
#15444=CARTESIAN_POINT('',(-25.5000000000001,7.79999999999994,17.0000000000001));
#15445=CARTESIAN_POINT('',(-25.5000000000001,7.79999999999994,17.0000000000001));
#15446=CARTESIAN_POINT('',(-25.5000000000001,7.79999999999995,3.99356847396242));
#15447=CARTESIAN_POINT('',(-25.5000000000001,7.79999999999995,3.99356847396242));
#15448=CARTESIAN_POINT('',(-25.5000000000001,3.29999999999993,21.5000000000001));
#15449=CARTESIAN_POINT('',(-25.5000000000001,3.29999999999993,21.5000000000001));
#15450=CARTESIAN_POINT('',(-25.5000000000001,3.29999999999994,17.0000000000001));
#15451=CARTESIAN_POINT('',(-25.5000000000001,3.29999999999994,17.0000000000001));
#15452=CARTESIAN_POINT('',(-25.5000000000001,-3.30000000000005,21.5000000000001));
#15453=CARTESIAN_POINT('',(-25.5000000000001,-3.30000000000005,21.5000000000001));
#15454=CARTESIAN_POINT('',(-25.5000000000001,3.29999999999994,21.5000000000001));
#15455=CARTESIAN_POINT('',(-25.5000000000001,3.29999999999994,21.5000000000001));
#15456=CARTESIAN_POINT('',(-25.5000000000001,-7.80000000000005,17.0000000000001));
#15457=CARTESIAN_POINT('',(-25.5000000000001,-7.80000000000005,17.0000000000001));
#15458=CARTESIAN_POINT('',(-25.5000000000001,-3.30000000000005,17.0000000000001));
#15459=CARTESIAN_POINT('',(-25.5000000000001,-3.30000000000005,17.0000000000001));
#15460=CARTESIAN_POINT('',(-25.5000000000001,-7.80000000000009,3.99356847396241));
#15461=CARTESIAN_POINT('',(-25.5000000000001,-7.80000000000009,3.99356847396241));
#15462=CARTESIAN_POINT('',(-25.5000000000001,-7.80000000000005,17.0000000000001));
#15463=CARTESIAN_POINT('',(-25.5000000000001,-7.80000000000005,17.0000000000001));
#15464=CARTESIAN_POINT('',(-25.5000000000001,-10.1928571428572,1.4958654475473));
#15465=CARTESIAN_POINT('',(-25.5000000000001,-10.1928571428572,1.4958654475473));
#15466=CARTESIAN_POINT('',(-25.5000000000001,-10.3000000000001,3.99356847396242));
#15467=CARTESIAN_POINT('',(-25.5000000000001,-10.3000000000001,3.99356847396242));
#15468=CARTESIAN_POINT('',(-25.5000000000001,-10.0000000000001,-7.49999999999994));
#15469=CARTESIAN_POINT('',(-25.5000000000001,-10.0000000000001,-7.49999999999994));
#15470=CARTESIAN_POINT('',(-25.5000000000001,-10.0000000000001,-2.99999999999993));
#15471=CARTESIAN_POINT('',(-25.5000000000001,-10.0000000000001,-2.99999999999993));
#15472=CARTESIAN_POINT('',(-25.5000000000001,-10.0000000000001,-7.49999999999997));
#15473=CARTESIAN_POINT('',(-25.5000000000001,-10.0000000000001,-7.49999999999997));
#15474=CARTESIAN_POINT('',(-25.5000000000001,9.99999999999991,-2.99999999999992));
#15475=CARTESIAN_POINT('',(-31.0000000000001,-9.00000000000005,34.));
#15476=CARTESIAN_POINT('',(-31.0000000000001,-10.192097339836,35.0375875977449));
#15477=CARTESIAN_POINT('',(-30.697076776094,-11.3951189409556,36.0831767022362));
#15478=CARTESIAN_POINT('',(-29.6221784768142,-12.9901248037496,37.4971934369462));
#15479=CARTESIAN_POINT('',(-29.1608075599195,-13.4799030319903,37.9366189970528));
#15480=CARTESIAN_POINT('',(-27.9612581737692,-14.2419154775957,38.6520038622753));
#15481=CARTESIAN_POINT('',(-27.2179882081817,-14.5000000000001,38.9155987693051));
#15482=CARTESIAN_POINT('',(-26.4166666666668,-14.5000000000001,38.9826086429589));
#15483=CARTESIAN_POINT('',(-26.4166666666668,-14.5000000000001,38.9826086429589));
#15484=CARTESIAN_POINT('',(-26.0000000000001,-14.5000000000001,34.));
#15485=CARTESIAN_POINT('',(-26.0000000000001,-42.4999999999894,34.));
#15486=CARTESIAN_POINT('',(-26.0000000000001,-6.21586115895443E-14,34.));
#15487=CARTESIAN_POINT('',(-26.0000000000001,14.4999999999999,34.));
#15488=CARTESIAN_POINT('',(-26.4166666666668,14.4999999999999,38.9826086429589));
#15489=CARTESIAN_POINT('',(-26.4166666666668,14.4999999999999,38.9826086429589));
#15490=CARTESIAN_POINT('',(-27.2179882081817,14.4999999999999,38.9155987693051));
#15491=CARTESIAN_POINT('',(-27.9612581737692,14.2419154775956,38.6520038622753));
#15492=CARTESIAN_POINT('',(-29.1608075599195,13.4799030319902,37.9366189970528));
#15493=CARTESIAN_POINT('',(-29.6221784768142,12.9901248037495,37.4971934369462));
#15494=CARTESIAN_POINT('',(-30.697076776094,11.3951189409555,36.0831767022361));
#15495=CARTESIAN_POINT('',(-31.0000000000001,10.1920973398422,35.0375875977376));
#15496=CARTESIAN_POINT('',(-31.0000000000001,8.99999999999994,34.));
#15497=CARTESIAN_POINT('',(-26.0000000000001,42.4999999999893,34.));
#15498=CARTESIAN_POINT('',(-26.0000000000001,-9.63745367019275E-14,34.));
#15499=CARTESIAN_POINT('',(-57.0000000000001,6.99999999999994,-42.5000000000098));
#15500=CARTESIAN_POINT('',(-57.0000000000001,6.99999999999995,-45.5000000000097));
#15501=CARTESIAN_POINT('',(-57.0000000000001,6.99999999999994,-43.5000000000098));
#15502=CARTESIAN_POINT('',(-57.0000000000002,-12.0000000000001,-43.5000000000098));
#15503=CARTESIAN_POINT('',(-57.0000000000002,-7.00000000000006,-43.5000000000098));
#15504=CARTESIAN_POINT('',(-57.0000000000002,-7.00000000000006,-46.5000000000098));
#15505=CARTESIAN_POINT('',(-57.0000000000002,-7.00000000000006,-45.5000000000097));
#15506=CARTESIAN_POINT('',(-57.0000000000001,6.99999999999995,-45.5000000000097));
#15507=CARTESIAN_POINT('',(-57.0000000000002,-12.0000000000001,-16.5000000000098));
#15508=CARTESIAN_POINT('',(-57.0000000000001,11.9999999999999,-21.5000000000097));
#15509=CARTESIAN_POINT('',(-32.0000000000001,11.9999999999999,-21.5000000000097));
#15510=CARTESIAN_POINT('',(-34.0000000000001,11.9999999999999,-21.5000000000097));
#15511=CARTESIAN_POINT('',(-34.0000000000001,11.9999999999999,-30.5000000000097));
#15512=CARTESIAN_POINT('',(-34.0000000000001,11.9999999999999,-30.5000000000098));
#15513=CARTESIAN_POINT('',(-47.0000000000001,11.9999999999999,-30.5000000000098));
#15514=CARTESIAN_POINT('',(-47.0000000000001,11.9999999999999,-43.5000000000098));
#15515=CARTESIAN_POINT('',(-57.0000000000001,11.9999999999999,-43.5000000000098));
#15516=CARTESIAN_POINT('',(-52.0000000000001,11.9999999999999,-43.5000000000098));
#15517=CARTESIAN_POINT('',(-52.0000000000001,11.9999999999999,-46.5000000000097));
#15518=CARTESIAN_POINT('',(-52.0000000000001,11.9999999999999,-45.5000000000097));
#15519=CARTESIAN_POINT('',(-47.0000000000001,11.9999999999999,-45.5000000000097));
#15520=CARTESIAN_POINT('',(-47.0000000000001,11.9999999999999,-45.5000000000097));
#15521=CARTESIAN_POINT('',(-47.0000000000001,11.9999999999999,-30.5000000000097));
#15522=CARTESIAN_POINT('',(-32.0000000000001,11.9999999999999,-30.5000000000097));
#15523=CARTESIAN_POINT('',(-32.0000000000001,11.9999999999999,-16.5000000000097));
#15524=CARTESIAN_POINT('',(-57.0000000000001,11.9999999999999,-16.5000000000097));
#15525=CARTESIAN_POINT('',(-52.0000000000002,-12.0000000000001,-42.5000000000098));
#15526=CARTESIAN_POINT('',(-52.0000000000002,-12.0000000000001,-45.5000000000097));
#15527=CARTESIAN_POINT('',(-52.0000000000002,-12.0000000000001,-43.5000000000098));
#15528=CARTESIAN_POINT('',(-31.0000000000001,-12.0000000000001,-43.5000000000098));
#15529=CARTESIAN_POINT('',(-47.0000000000001,-12.0000000000001,-43.5000000000098));
#15530=CARTESIAN_POINT('',(-47.0000000000001,-12.0000000000001,-30.5000000000098));
#15531=CARTESIAN_POINT('',(-34.0000000000001,-12.0000000000001,-30.5000000000098));
#15532=CARTESIAN_POINT('',(-34.0000000000001,-12.0000000000001,-21.5000000000098));
#15533=CARTESIAN_POINT('',(-34.0000000000001,-12.0000000000001,-21.5000000000098));
#15534=CARTESIAN_POINT('',(-31.0000000000001,-12.0000000000001,-21.5000000000098));
#15535=CARTESIAN_POINT('',(-32.0000000000001,-12.0000000000001,-21.5000000000098));
#15536=CARTESIAN_POINT('',(-32.0000000000001,-12.0000000000001,-16.5000000000098));
#15537=CARTESIAN_POINT('',(-32.0000000000001,-12.0000000000001,-30.5000000000097));
#15538=CARTESIAN_POINT('',(-47.0000000000001,-12.0000000000001,-30.5000000000097));
#15539=CARTESIAN_POINT('',(-47.0000000000001,-12.0000000000001,-45.5000000000097));
#15540=CARTESIAN_POINT('',(-52.0000000000002,-12.0000000000001,-45.5000000000097));
#15541=CARTESIAN_POINT('',(-31.0000000000001,-12.0000000000001,-16.5000000000098));
#15542=CARTESIAN_POINT('',(-35.0000000000001,-7.0000000000001,-16.5000000000098));
#15543=CARTESIAN_POINT('',(-32.0000000000001,-7.0000000000001,-16.5000000000098));
#15544=CARTESIAN_POINT('',(-34.0000000000001,-7.0000000000001,-16.5000000000098));
#15545=CARTESIAN_POINT('',(-34.0000000000001,-3.9118692319532E-14,-16.5000000000098));
#15546=CARTESIAN_POINT('',(-34.0000000000001,6.99999999999991,-16.5000000000097));
#15547=CARTESIAN_POINT('',(-35.0000000000001,6.99999999999991,-16.5000000000097));
#15548=CARTESIAN_POINT('',(-32.0000000000001,6.99999999999991,-16.5000000000097));
#15549=CARTESIAN_POINT('',(-32.0000000000001,-7.0000000000001,-16.5000000000098));
#15550=CARTESIAN_POINT('',(-35.0000000000001,-3.9118692319532E-14,-16.5000000000098));
#15551=CARTESIAN_POINT('',(-34.0000000000001,-7.0000000000001,-21.5000000000098));
#15552=CARTESIAN_POINT('',(-32.0000000000001,-7.0000000000001,-21.5000000000098));
#15553=CARTESIAN_POINT('',(-31.0000000000001,-7.0000000000001,-21.5000000000098));
#15554=CARTESIAN_POINT('',(-34.0000000000001,6.99999999999991,-21.5000000000098));
#15555=CARTESIAN_POINT('',(-32.0000000000001,6.99999999999991,-21.5000000000098));
#15556=CARTESIAN_POINT('',(-57.0000000000001,6.99999999999991,-21.5000000000098));
#15557=CARTESIAN_POINT('',(-52.0000000000002,-7.00000000000007,-43.5000000000098));
#15558=CARTESIAN_POINT('',(-52.0000000000002,-7.00000000000007,-45.5000000000097));
#15559=CARTESIAN_POINT('',(-52.0000000000002,-7.0000000000001,-16.5000000000098));
#15560=CARTESIAN_POINT('',(-52.0000000000001,6.99999999999994,-43.5000000000098));
#15561=CARTESIAN_POINT('',(-52.0000000000001,6.99999999999994,-45.5000000000097));
#15562=CARTESIAN_POINT('',(-52.0000000000001,6.99999999999991,-16.5000000000098));
#15563=CARTESIAN_POINT('',(-33.0000000000001,42.4999999999893,41.));
#15564=CARTESIAN_POINT('',(-33.0000000000001,-42.4999999999894,40.9999999999999));
#15565=CARTESIAN_POINT('',(-33.0000000000001,-1.03074158402253E-13,41.));
#15566=CARTESIAN_POINT('',(-52.0000000000002,-13.0000000000001,-43.5000000000098));
#15567=CARTESIAN_POINT('',(-58.0000000000002,-7.00000000000006,-43.5000000000098));
#15568=CARTESIAN_POINT('',(-52.0000000000002,-7.00000000000007,-43.5000000000098));
#15569=CARTESIAN_POINT('',(-58.0000000000001,6.99999999999995,-43.5000000000098));
#15570=CARTESIAN_POINT('',(-58.0000000000002,-20.0000000000001,-43.5000000000098));
#15571=CARTESIAN_POINT('',(-47.0000000000001,-13.0000000000001,-43.5000000000098));
#15572=CARTESIAN_POINT('',(-65.0000000000001,-13.0000000000001,-43.5000000000098));
#15573=CARTESIAN_POINT('',(-52.0000000000001,12.9999999999999,-43.5000000000098));
#15574=CARTESIAN_POINT('',(-52.0000000000001,6.99999999999994,-43.5000000000098));
#15575=CARTESIAN_POINT('',(-34.0000000000001,-13.0000000000001,-30.5000000000098));
#15576=CARTESIAN_POINT('',(-47.0000000000001,-13.0000000000001,-30.5000000000098));
#15577=CARTESIAN_POINT('',(-47.0000000000001,12.9999999999999,-43.5000000000098));
#15578=CARTESIAN_POINT('',(-65.0000000000001,12.9999999999999,-43.5000000000098));
#15579=CARTESIAN_POINT('',(-34.0000000000001,-13.0000000000001,-21.5000000000098));
#15580=CARTESIAN_POINT('',(-34.0000000000001,-13.0000000000001,-16.5000000000098));
#15581=CARTESIAN_POINT('',(-34.0000000000001,12.9999999999999,-30.5000000000098));
#15582=CARTESIAN_POINT('',(-47.0000000000001,12.9999999999999,-30.5000000000098));
#15583=CARTESIAN_POINT('',(-34.0000000000001,-7.0000000000001,-15.5000000000098));
#15584=CARTESIAN_POINT('',(-34.0000000000001,-7.0000000000001,-21.5000000000098));
#15585=CARTESIAN_POINT('',(-34.0000000000001,12.9999999999999,-21.5000000000097));
#15586=CARTESIAN_POINT('',(-34.0000000000001,12.9999999999999,-16.5000000000097));
#15587=CARTESIAN_POINT('',(-34.0000000000001,6.99999999999991,-15.5000000000097));
#15588=CARTESIAN_POINT('',(-34.0000000000001,-4.6256979726418E-14,-15.5000000000098));
#15589=CARTESIAN_POINT('',(-34.0000000000001,6.99999999999991,-21.5000000000098));
#15590=CARTESIAN_POINT('',(-58.0000000000002,-7.00000000000006,-45.5000000000097));
#15591=CARTESIAN_POINT('',(-52.0000000000002,-13.0000000000001,-45.5000000000097));
#15592=CARTESIAN_POINT('',(-52.0000000000002,-7.00000000000007,-45.5000000000097));
#15593=CARTESIAN_POINT('',(-47.0000000000001,-13.0000000000001,-45.5000000000097));
#15594=CARTESIAN_POINT('',(-31.0000000000001,-13.0000000000001,-45.5000000000097));
#15595=CARTESIAN_POINT('',(-58.0000000000001,6.99999999999995,-45.5000000000097));
#15596=CARTESIAN_POINT('',(-58.0000000000002,-12.0000000000001,-45.5000000000097));
#15597=CARTESIAN_POINT('',(-32.0000000000001,-13.0000000000001,-30.5000000000097));
#15598=CARTESIAN_POINT('',(-47.0000000000001,-13.0000000000001,-30.5000000000097));
#15599=CARTESIAN_POINT('',(-52.0000000000001,12.9999999999999,-45.5000000000097));
#15600=CARTESIAN_POINT('',(-52.0000000000001,6.99999999999994,-45.5000000000097));
#15601=CARTESIAN_POINT('',(-32.0000000000001,-13.0000000000001,-21.5000000000098));
#15602=CARTESIAN_POINT('',(-32.0000000000001,-13.0000000000001,-16.5000000000098));
#15603=CARTESIAN_POINT('',(-47.0000000000001,12.9999999999999,-45.5000000000097));
#15604=CARTESIAN_POINT('',(-57.0000000000001,12.9999999999999,-45.5000000000097));
#15605=CARTESIAN_POINT('',(-32.0000000000001,-7.0000000000001,-15.5000000000098));
#15606=CARTESIAN_POINT('',(-32.0000000000001,-7.0000000000001,-21.5000000000098));
#15607=CARTESIAN_POINT('',(-32.0000000000001,12.9999999999999,-30.5000000000097));
#15608=CARTESIAN_POINT('',(-47.0000000000001,12.9999999999999,-30.5000000000097));
#15609=CARTESIAN_POINT('',(-32.0000000000001,6.99999999999991,-15.5000000000097));
#15610=CARTESIAN_POINT('',(-32.0000000000001,-4.02751746368498E-14,-15.5000000000098));
#15611=CARTESIAN_POINT('',(-32.0000000000001,12.9999999999999,-21.5000000000097));
#15612=CARTESIAN_POINT('',(-32.0000000000001,12.9999999999999,-1.75000000000488));
#15613=CARTESIAN_POINT('',(-32.0000000000001,6.99999999999991,-21.5000000000098));
#15614=CARTESIAN_POINT('',(-26.5000000000001,-14.5000000000001,39.9791303715507));
#15615=CARTESIAN_POINT('',(-26.4166666666668,-14.5000000000001,38.9826086429589));
#15616=CARTESIAN_POINT('',(-26.4166666666668,-13.5000000000001,38.9826086429589));
#15617=CARTESIAN_POINT('',(-26.5000000000001,-13.5000000000001,39.9791303715507));
#15618=CARTESIAN_POINT('',(-27.1650439486776,-14.4999999901848,38.9200261907037));
#15619=CARTESIAN_POINT('',(-26.9882289573079,-13.5132664339185,38.9348122017709));
#15620=CARTESIAN_POINT('',(-27.2346649248283,-13.5000000000001,39.904042204473));
#15621=CARTESIAN_POINT('',(-27.8788999341144,-14.2734749100061,38.6838595150548));
#15622=CARTESIAN_POINT('',(-27.5822303363369,-13.4303883947644,38.799931954404));
#15623=CARTESIAN_POINT('',(-27.9356472081093,-13.3146612920794,39.6206314159798));
#15624=CARTESIAN_POINT('',(-29.0689203317941,-13.5561861261439,38.0063116349437));
#15625=CARTESIAN_POINT('',(-28.7544273287758,-12.9595093900919,38.2333565635865));
#15626=CARTESIAN_POINT('',(-29.1040308711463,-12.7277886465889,38.8075739640184));
#15627=CARTESIAN_POINT('',(-29.5460107925967,-13.0787438383026,37.5764887502961));
#15628=CARTESIAN_POINT('',(-29.2946491392075,-12.6020097357289,37.8341091398008));
#15629=CARTESIAN_POINT('',(-29.5724469600669,-12.3371540501611,38.2917864996828));
#15630=CARTESIAN_POINT('',(-30.671318244448,-11.4767187960066,36.1542152046427));
#15631=CARTESIAN_POINT('',(-30.528237666308,-11.3189575105319,36.4424776530411));
#15632=CARTESIAN_POINT('',(-30.6772942762415,-11.0264062863602,36.5850582469163));
#15633=CARTESIAN_POINT('',(-31.0000000000001,-10.2439681076446,35.0827353040621));
#15634=CARTESIAN_POINT('',(-31.0000000000032,-10.1282019170302,35.1881882551329));
#15635=CARTESIAN_POINT('',(-31.0000000000001,-10.0179291568357,35.2994573426894));
#15636=CARTESIAN_POINT('',(-31.0000000000001,-9.00000000000005,34.));
#15637=CARTESIAN_POINT('',(-31.0000000000001,-9.00000000000005,34.));
#15638=CARTESIAN_POINT('',(-31.0000000000001,-9.00000000000005,34.));
#15639=CARTESIAN_POINT('',(-26.0000000000001,-14.5000000000001,40.));
#15640=CARTESIAN_POINT('',(-26.0000000000001,-14.5,34.));
#15641=CARTESIAN_POINT('',(-21.0000000000001,-14.5,40.));
#15642=CARTESIAN_POINT('',(-21.0000000000001,-14.5,40.));
#15643=CARTESIAN_POINT('',(-17.5000000000001,-18.0000000000001,40.));
#15644=CARTESIAN_POINT('',(-21.0000000000001,-18.,40.));
#15645=CARTESIAN_POINT('',(-17.5000000000001,-38.9999999999894,40.));
#15646=CARTESIAN_POINT('',(-17.5000000000001,-18.,40.));
#15647=CARTESIAN_POINT('',(-21.0000000000001,-42.4999999999894,40.));
#15648=CARTESIAN_POINT('',(-21.0000000000001,-38.9999999999894,40.));
#15649=CARTESIAN_POINT('',(-26.0000000000001,-42.4999999999894,40.));
#15650=CARTESIAN_POINT('',(-21.0000000000001,-42.4999999999894,40.));
#15651=CARTESIAN_POINT('',(-32.0000000000001,-42.4999999999894,34.));
#15652=CARTESIAN_POINT('',(-26.0000000000001,-42.4999999999894,34.));
#15653=CARTESIAN_POINT('',(-32.0000000000001,-42.4999999999894,1.49999999999033));
#15654=CARTESIAN_POINT('',(-32.0000000000001,-42.4999999999894,-46.5000000000097));
#15655=CARTESIAN_POINT('',(-32.0000000000001,-33.4999999999894,-7.50000000000967));
#15656=CARTESIAN_POINT('',(-32.0000000000001,-33.4999999999894,1.49999999999033));
#15657=CARTESIAN_POINT('',(-32.0000000000001,-30.0000000000001,-7.50000000000967));
#15658=CARTESIAN_POINT('',(-32.0000000000001,-20.0000000000001,-7.50000000000967));
#15659=CARTESIAN_POINT('',(-32.0000000000001,-19.0000000000001,-18.5000000000097));
#15660=CARTESIAN_POINT('',(-32.0000000000001,-30.0000000000001,-18.5000000000097));
#15661=CARTESIAN_POINT('',(-32.0000000000001,-19.0000000000001,-30.5000000000097));
#15662=CARTESIAN_POINT('',(-32.0000000000001,-19.0000000000001,-46.5000000000097));
#15663=CARTESIAN_POINT('',(-47.0000000000001,-19.0000000000001,-45.5000000000097));
#15664=CARTESIAN_POINT('',(-47.0000000000001,-19.0000000000001,-30.5000000000097));
#15665=CARTESIAN_POINT('',(-60.0000000000002,-19.0000000000001,-45.5000000000097));
#15666=CARTESIAN_POINT('',(-35.0000000000001,-19.0000000000001,-45.5000000000097));
#15667=CARTESIAN_POINT('',(-64.0000000000002,-15.,-45.5000000000097));
#15668=CARTESIAN_POINT('',(-60.0000000000002,-15.0000000000001,-45.5000000000097));
#15669=CARTESIAN_POINT('',(-64.0000000000001,15.,-45.5000000000097));
#15670=CARTESIAN_POINT('',(-64.0000000000001,-2.18846971179633E-14,-45.5000000000097));
#15671=CARTESIAN_POINT('',(-60.0000000000001,18.9999999999999,-45.5000000000097));
#15672=CARTESIAN_POINT('',(-60.0000000000001,14.9999999999999,-45.5000000000097));
#15673=CARTESIAN_POINT('',(-47.0000000000001,18.9999999999999,-45.5000000000097));
#15674=CARTESIAN_POINT('',(-31.0000000000001,18.9999999999999,-45.5000000000097));
#15675=CARTESIAN_POINT('',(-32.0000000000001,18.9999999999999,-30.5000000000097));
#15676=CARTESIAN_POINT('',(-47.0000000000001,18.9999999999999,-30.5000000000097));
#15677=CARTESIAN_POINT('',(-32.0000000000001,18.9999999999999,-18.5000000000097));
#15678=CARTESIAN_POINT('',(-32.0000000000001,18.9999999999999,-8.50000000000967));
#15679=CARTESIAN_POINT('',(-32.0000000000001,29.9999999999999,-7.50000000000967));
#15680=CARTESIAN_POINT('',(-32.0000000000001,29.9999999999999,-18.5000000000097));
#15681=CARTESIAN_POINT('',(-32.0000000000001,33.4999999999893,-7.50000000000967));
#15682=CARTESIAN_POINT('',(-32.0000000000001,43.4999999999893,-7.50000000000967));
#15683=CARTESIAN_POINT('',(-32.0000000000001,42.4999999999893,1.49999999999033));
#15684=CARTESIAN_POINT('',(-32.0000000000001,33.4999999999893,1.49999999999033));
#15685=CARTESIAN_POINT('',(-32.0000000000001,42.4999999999893,34.));
#15686=CARTESIAN_POINT('',(-32.0000000000001,42.4999999999893,42.9999999999904));
#15687=CARTESIAN_POINT('',(-26.0000000000001,42.4999999999893,40.));
#15688=CARTESIAN_POINT('',(-26.0000000000001,42.4999999999893,34.));
#15689=CARTESIAN_POINT('',(-21.0000000000001,42.4999999999893,40.));
#15690=CARTESIAN_POINT('',(-21.0000000000001,42.4999999999893,40.));
#15691=CARTESIAN_POINT('',(-17.5000000000001,38.9999999999893,40.));
#15692=CARTESIAN_POINT('',(-21.0000000000001,38.9999999999893,40.));
#15693=CARTESIAN_POINT('',(-17.5000000000001,18.,40.));
#15694=CARTESIAN_POINT('',(-17.5000000000001,17.9999999999999,40.));
#15695=CARTESIAN_POINT('',(-21.0000000000001,14.4999999999999,40.));
#15696=CARTESIAN_POINT('',(-21.0000000000001,17.9999999999999,40.));
#15697=CARTESIAN_POINT('',(-26.0000000000001,14.4999999999999,40.));
#15698=CARTESIAN_POINT('',(-31.0000000000001,14.4999999999999,40.));
#15699=CARTESIAN_POINT('',(-26.5000000000001,14.4999999999999,39.9791303715507));
#15700=CARTESIAN_POINT('',(-26.0000000000001,14.4999999999999,34.));
#15701=CARTESIAN_POINT('',(-26.5000000000001,13.4999999999999,39.9791303715507));
#15702=CARTESIAN_POINT('',(-26.4166666666668,13.4999999999999,38.9826086429589));
#15703=CARTESIAN_POINT('',(-26.4166666666668,14.4999999999999,38.9826086429589));
#15704=CARTESIAN_POINT('',(-27.2346649248279,13.4999999999999,39.9040422044731));
#15705=CARTESIAN_POINT('',(-26.988228957308,13.5132664339161,38.9348122017709));
#15706=CARTESIAN_POINT('',(-27.1650439486777,14.4999999901855,38.9200261907037));
#15707=CARTESIAN_POINT('',(-27.9356472081099,13.3146612920789,39.6206314159798));
#15708=CARTESIAN_POINT('',(-27.5822303363369,13.4303883947626,38.799931954404));
#15709=CARTESIAN_POINT('',(-27.8788999341144,14.2734749100044,38.6838595150548));
#15710=CARTESIAN_POINT('',(-29.1040308711457,12.7277886465891,38.8075739640184));
#15711=CARTESIAN_POINT('',(-28.7544273287758,12.9595093900932,38.2333565635865));
#15712=CARTESIAN_POINT('',(-29.0689203317941,13.5561861261454,38.0063116349437));
#15713=CARTESIAN_POINT('',(-29.5724469600676,12.3371540501601,38.2917864996829));
#15714=CARTESIAN_POINT('',(-29.2946491392059,12.6020097357271,37.834109139804));
#15715=CARTESIAN_POINT('',(-29.5460107925958,13.0787438383009,37.5764887502973));
#15716=CARTESIAN_POINT('',(-30.67729427624,11.0264062863619,36.5850582469163));
#15717=CARTESIAN_POINT('',(-30.5282376663111,11.3189575105346,36.4424776530351));
#15718=CARTESIAN_POINT('',(-30.6713182444499,11.4767187960096,36.1542152046404));
#15719=CARTESIAN_POINT('',(-31.0000000000001,10.0179291568381,35.2994573426864));
#15720=CARTESIAN_POINT('',(-31.0000000000157,10.1282019170259,35.188188255139));
#15721=CARTESIAN_POINT('',(-31.0000000000001,10.2439681076471,35.0827353040581));
#15722=CARTESIAN_POINT('',(-31.0000000000001,8.99999999999994,34.));
#15723=CARTESIAN_POINT('',(-31.0000000000001,8.99999999999994,34.));
#15724=CARTESIAN_POINT('',(-31.0000000000001,8.99999999999994,34.));
#15725=CARTESIAN_POINT('',(-34.0000000000001,-42.4999999999894,4.55051025721681));
#15726=CARTESIAN_POINT('',(-34.0000000000001,-43.4999999999894,4.55051025721681));
#15727=CARTESIAN_POINT('',(-35.0000000000001,-43.4999999999894,4.55051025721681));
#15728=CARTESIAN_POINT('',(-35.0000000000001,-42.4999999999894,4.55051025721681));
#15729=CARTESIAN_POINT('',(-34.0000001276996,-43.4999999999894,5.45965861665523));
#15730=CARTESIAN_POINT('',(-34.5959628499318,-43.4999999999894,4.96287916501295));
#15731=CARTESIAN_POINT('',(-35.0000000000001,-42.9517511006397,5.01157673314127));
#15732=CARTESIAN_POINT('',(-34.5369321460838,-43.4999999999894,6.26782177508058));
#15733=CARTESIAN_POINT('',(-34.7768633388667,-43.4999999999431,6.15325161627627));
#15734=CARTESIAN_POINT('',(-35.0000000000001,-43.4999999999894,5.89754810499879));
#15735=CARTESIAN_POINT('',(-35.0000000000001,-43.4999999999894,6.99999999999999));
#15736=CARTESIAN_POINT('',(-35.0000000000001,-43.4999999999894,6.99999999999999));
#15737=CARTESIAN_POINT('',(-35.0000000000001,-43.4999999999894,6.99999999999999));
#15738=CARTESIAN_POINT('',(-34.0000000000001,42.4999999999893,4.55051025721685));
#15739=CARTESIAN_POINT('',(-35.0000000000001,42.4999999999893,4.55051025721685));
#15740=CARTESIAN_POINT('',(-35.0000000000001,43.4999999999893,4.55051025721684));
#15741=CARTESIAN_POINT('',(-34.0000000000001,43.4999999999893,4.55051025721685));
#15742=CARTESIAN_POINT('',(-35.0000000000001,42.9517511006386,5.01157673314331));
#15743=CARTESIAN_POINT('',(-34.5959628499116,43.4999999999893,4.96287916504456));
#15744=CARTESIAN_POINT('',(-34.0000001276996,43.4999999999893,5.45965861672628));
#15745=CARTESIAN_POINT('',(-35.0000000000001,43.4999999999893,5.89754810499727));
#15746=CARTESIAN_POINT('',(-34.7768633389143,43.4999999999458,6.15325161623965));
#15747=CARTESIAN_POINT('',(-34.5369321461465,43.4999999999893,6.26782177498613));
#15748=CARTESIAN_POINT('',(-35.0000000000001,43.4999999999893,7.00000000000002));
#15749=CARTESIAN_POINT('',(-35.0000000000001,43.4999999999893,7.00000000000001));
#15750=CARTESIAN_POINT('',(-35.0000000000001,43.4999999999893,7.00000000000001));
#15751=CARTESIAN_POINT('',(-34.0000000000001,-42.4999999999894,1.49999999999033));
#15752=CARTESIAN_POINT('',(-34.0000000000001,-42.4999999999894,-1.75000000000489));
#15753=CARTESIAN_POINT('',(-34.0000000000001,42.4999999999893,1.49999999999033));
#15754=CARTESIAN_POINT('',(-34.0000000000001,42.4999999999893,-1.7500000000049));
#15755=CARTESIAN_POINT('',(-34.0000000000001,-33.4999999999894,-7.50000000000967));
#15756=CARTESIAN_POINT('',(-34.0000000000001,-33.4999999999894,1.49999999999033));
#15757=CARTESIAN_POINT('',(-34.0000000000001,33.4999999999893,-7.50000000000967));
#15758=CARTESIAN_POINT('',(-34.0000000000001,33.4999999999893,1.49999999999033));
#15759=CARTESIAN_POINT('',(-34.0000000000001,-30.0000000000001,-7.50000000000967));
#15760=CARTESIAN_POINT('',(-34.0000000000001,-6.25830652060073E-14,-7.50000000000967));
#15761=CARTESIAN_POINT('',(-34.0000000000001,29.9999999999999,-7.50000000000967));
#15762=CARTESIAN_POINT('',(-34.0000000000001,-6.21586115895443E-14,-7.50000000000967));
#15763=CARTESIAN_POINT('',(-34.0000000000001,-19.0000000000001,-18.5000000000097));
#15764=CARTESIAN_POINT('',(-34.0000000000001,-30.0000000000001,-18.5000000000097));
#15765=CARTESIAN_POINT('',(-34.0000000000001,18.9999999999999,-18.5000000000097));
#15766=CARTESIAN_POINT('',(-34.0000000000001,29.9999999999999,-18.5000000000097));
#15767=CARTESIAN_POINT('',(-34.0000000000001,-19.0000000000001,-30.5000000000098));
#15768=CARTESIAN_POINT('',(-34.0000000000001,-19.0000000000001,-1.7500000000049));
#15769=CARTESIAN_POINT('',(-34.0000000000001,18.9999999999999,-30.5000000000098));
#15770=CARTESIAN_POINT('',(-34.0000000000001,18.9999999999999,-1.75000000000489));
#15771=CARTESIAN_POINT('',(-47.0000000000001,-19.0000000000001,-43.5000000000098));
#15772=CARTESIAN_POINT('',(-47.0000000000001,-19.0000000000001,-30.5000000000098));
#15773=CARTESIAN_POINT('',(-47.0000000000001,18.9999999999999,-43.5000000000098));
#15774=CARTESIAN_POINT('',(-47.0000000000001,18.9999999999999,-30.5000000000098));
#15775=CARTESIAN_POINT('',(-60.0000000000002,-19.0000000000001,-43.5000000000098));
#15776=CARTESIAN_POINT('',(-65.0000000000001,-19.0000000000001,-43.5000000000098));
#15777=CARTESIAN_POINT('',(-60.0000000000001,18.9999999999999,-43.5000000000098));
#15778=CARTESIAN_POINT('',(-35.0000000000001,18.9999999999999,-43.5000000000098));
#15779=CARTESIAN_POINT('',(-64.0000000000002,-15.,-43.5000000000098));
#15780=CARTESIAN_POINT('',(-60.0000000000002,-15.0000000000001,-43.5000000000098));
#15781=CARTESIAN_POINT('',(-64.0000000000001,15.,-43.5000000000098));
#15782=CARTESIAN_POINT('',(-60.0000000000001,14.9999999999999,-43.5000000000098));
#15783=CARTESIAN_POINT('',(-64.0000000000001,-6.37573327450045E-14,-43.5000000000098));
#15784=CARTESIAN_POINT('',(-34.315339949767,42.4999999999893,8.93469779437398));
#15785=CARTESIAN_POINT('',(-35.0000000000001,43.4999999999893,7.));
#15786=CARTESIAN_POINT('',(-35.0000000000001,43.4999999999893,7.00000000000001));
#15787=CARTESIAN_POINT('',(-35.0000000000001,43.4999999999893,7.00000000000002));
#15788=CARTESIAN_POINT('',(-35.00000001193,43.4999999999893,7.8408932776346));
#15789=CARTESIAN_POINT('',(-34.8145194733197,43.4999999812744,7.70468163917084));
#15790=CARTESIAN_POINT('',(-34.6333344252544,43.4999999999893,7.58043485859768));
#15791=CARTESIAN_POINT('',(-35.0977103072705,43.1930694005832,8.51800503946414));
#15792=CARTESIAN_POINT('',(-34.7504549207038,43.4999999999893,8.45827115635627));
#15793=CARTESIAN_POINT('',(-34.3153399986107,43.4999999999893,8.22707075742828));
#15794=CARTESIAN_POINT('',(-35.2243992926533,42.916666666656,8.93469779437398));
#15795=CARTESIAN_POINT('',(-34.9570288976867,43.4999999999893,8.93469779437398));
#15796=CARTESIAN_POINT('',(-34.315339949767,43.4999999999893,8.93469779437398));
#15797=CARTESIAN_POINT('',(-34.315339949767,42.4999999999893,35.0653022056261));
#15798=CARTESIAN_POINT('',(-34.315339949767,42.4999999999893,-1.7500000000049));
#15799=CARTESIAN_POINT('',(-35.0000000000001,43.4999999999893,37.));
#15800=CARTESIAN_POINT('',(-35.0000000000001,43.4999999999893,37.));
#15801=CARTESIAN_POINT('',(-35.0000000000001,43.4999999999893,37.));
#15802=CARTESIAN_POINT('',(-34.6333344252964,43.4999999999893,36.4195651413402));
#15803=CARTESIAN_POINT('',(-34.8145194733442,43.4999999812769,36.2953183608175));
#15804=CARTESIAN_POINT('',(-35.00000001193,43.4999999999893,36.1591067223652));
#15805=CARTESIAN_POINT('',(-34.3153399986107,43.4999999999893,35.7729292426165));
#15806=CARTESIAN_POINT('',(-34.7504549206907,43.4999999999893,35.5417288436523));
#15807=CARTESIAN_POINT('',(-35.097710307271,43.1930694005828,35.4819949605349));
#15808=CARTESIAN_POINT('',(-34.315339949767,43.4999999999893,35.0653022056261));
#15809=CARTESIAN_POINT('',(-34.957028897687,43.4999999999893,35.0653022056258));
#15810=CARTESIAN_POINT('',(-35.2243992926534,42.9166666666557,35.0653022056256));
#15811=CARTESIAN_POINT('',(-34.0000000000001,-42.4999999999894,39.4494897427832));
#15812=CARTESIAN_POINT('',(-35.0000000000001,-42.4999999999894,39.4494897427832));
#15813=CARTESIAN_POINT('',(-35.0000000000001,-43.4999999999894,39.4494897427832));
#15814=CARTESIAN_POINT('',(-34.0000000000001,-43.4999999999894,39.4494897427832));
#15815=CARTESIAN_POINT('',(-35.0000000000001,-42.9517511006388,38.9884232668563));
#15816=CARTESIAN_POINT('',(-34.5959628498429,-43.4999999999894,39.0371208348772));
#15817=CARTESIAN_POINT('',(-34.0000001276996,-43.4999999999894,38.5403413830669));
#15818=CARTESIAN_POINT('',(-35.0000000000001,-43.4999999999894,38.1024518950032));
#15819=CARTESIAN_POINT('',(-34.7768633390606,-43.4999999999431,37.8467483838541));
#15820=CARTESIAN_POINT('',(-34.5369321463294,-43.4999999999894,37.7321782252892));
#15821=CARTESIAN_POINT('',(-35.0000000000001,-43.4999999999894,37.));
#15822=CARTESIAN_POINT('',(-35.0000000000001,-43.4999999999894,37.));
#15823=CARTESIAN_POINT('',(-35.0000000000001,-43.4999999999894,37.));
#15824=CARTESIAN_POINT('',(-34.0000000000001,-42.4999999999894,40.9999999999999));
#15825=CARTESIAN_POINT('',(-34.0000000000001,-42.4999999999894,-1.75000000000489));
#15826=CARTESIAN_POINT('',(-33.0000000000001,-42.4999999999894,41.9999999999999));
#15827=CARTESIAN_POINT('',(-33.0000000000001,-43.4999999999894,41.9999999999999));
#15828=CARTESIAN_POINT('',(-33.585786437627,-43.4999999999894,41.9999999999999));
#15829=CARTESIAN_POINT('',(-34.0000000000001,-43.4999999999894,41.5857864376268));
#15830=CARTESIAN_POINT('',(-34.0000000000001,-43.4999999999894,40.9999999999999));
#15831=CARTESIAN_POINT('',(-33.0000000000001,-43.4999999999894,42.5857864376268));
#15832=CARTESIAN_POINT('',(-33.9289321881346,-43.4999999999894,42.5857864376268));
#15833=CARTESIAN_POINT('',(-34.585786437627,-43.4999999999894,41.9289321881345));
#15834=CARTESIAN_POINT('',(-34.585786437627,-43.4999999999894,40.9999999999999));
#15835=CARTESIAN_POINT('',(-33.0000000000001,-43.0857864376163,42.9999999999999));
#15836=CARTESIAN_POINT('',(-34.1715728752539,-43.0857864376163,42.9999999999999));
#15837=CARTESIAN_POINT('',(-35.0000000000001,-43.0857864376163,42.1715728752538));
#15838=CARTESIAN_POINT('',(-35.0000000000001,-43.0857864376163,40.9999999999999));
#15839=CARTESIAN_POINT('',(-33.0000000000001,-42.4999999999894,42.9999999999999));
#15840=CARTESIAN_POINT('',(-34.1715728752539,-42.4999999999894,42.9999999999999));
#15841=CARTESIAN_POINT('',(-35.0000000000001,-42.4999999999894,42.1715728752538));
#15842=CARTESIAN_POINT('',(-35.0000000000001,-42.4999999999894,40.9999999999999));
#15843=CARTESIAN_POINT('',(-21.0000000000001,-42.4999999999894,41.9999999999999));
#15844=CARTESIAN_POINT('',(-31.0000000000001,-42.4999999999894,41.9999999999999));
#15845=CARTESIAN_POINT('',(-17.5000000000001,-38.9999999999894,42.));
#15846=CARTESIAN_POINT('',(-21.0000000000001,-38.9999999999894,42.));
#15847=CARTESIAN_POINT('',(-17.5000000000001,-19.0356157588604,42.));
#15848=CARTESIAN_POINT('',(-17.5000000000001,-43.4999999999894,41.9999999999999));
#15849=CARTESIAN_POINT('',(-17.5000000000001,-18.0000000000001,42.0113140033357));
#15850=CARTESIAN_POINT('',(-17.3500000000001,-18.0000000000001,43.));
#15851=CARTESIAN_POINT('',(-16.5000000000001,-18.0000000000001,42.8710409569568));
#15852=CARTESIAN_POINT('',(-16.5000000000001,-18.0000000000001,42.0113140033357));
#15853=CARTESIAN_POINT('',(-17.3500000000077,-18.3608637092117,43.0000000000011));
#15854=CARTESIAN_POINT('',(-16.5000000000019,-18.3569142270776,42.8710409569246));
#15855=CARTESIAN_POINT('',(-16.5000000000001,-18.345192954947,42.0113140033141));
#15856=CARTESIAN_POINT('',(-17.4060489958169,-18.7180960006719,43.));
#15857=CARTESIAN_POINT('',(-16.5000000000001,-18.7326198110638,42.9103465000445));
#15858=CARTESIAN_POINT('',(-16.5000000000001,-18.690405904723,42.0000000246639));
#15859=CARTESIAN_POINT('',(-17.5000000000001,-19.0356157588604,43.));
#15860=CARTESIAN_POINT('',(-16.5000000000001,-19.0356157588604,43.));
#15861=CARTESIAN_POINT('',(-16.5000000000001,-19.0356157588604,42.));
#15862=CARTESIAN_POINT('',(-21.0000000000001,-14.5,42.0113140033357));
#15863=CARTESIAN_POINT('',(-21.0000000000001,-18.,42.0113140033357));
#15864=CARTESIAN_POINT('',(-22.0356157588606,-14.5,42.));
#15865=CARTESIAN_POINT('',(-21.0000000000001,-13.5,42.0113140033357));
#15866=CARTESIAN_POINT('',(-21.0000000000001,-13.5,42.8710409569568));
#15867=CARTESIAN_POINT('',(-21.0000000000001,-14.35,43.));
#15868=CARTESIAN_POINT('',(-21.3451929549471,-13.5,42.0113140033153));
#15869=CARTESIAN_POINT('',(-21.3569142270769,-13.4999999999953,42.8710409569234));
#15870=CARTESIAN_POINT('',(-21.3608637092113,-14.3500000000062,43.0000000000009));
#15871=CARTESIAN_POINT('',(-21.6904059047232,-13.5,42.0000000246639));
#15872=CARTESIAN_POINT('',(-21.7326198110649,-13.5,42.9103465000439));
#15873=CARTESIAN_POINT('',(-21.7180960006727,-14.406048995817,43.));
#15874=CARTESIAN_POINT('',(-22.0356157588606,-13.5,42.));
#15875=CARTESIAN_POINT('',(-22.0356157588606,-13.5,43.));
#15876=CARTESIAN_POINT('',(-22.0356157588606,-14.5,43.));
#15877=CARTESIAN_POINT('',(-26.5000000000001,-14.5000000000001,42.));
#15878=CARTESIAN_POINT('',(-31.0000000000002,-14.5000000000001,42.));
#15879=CARTESIAN_POINT('',(-32.0000000000001,-9.00000000000006,42.));
#15880=CARTESIAN_POINT('',(-26.5000000000001,-9.00000000000006,42.));
#15881=CARTESIAN_POINT('',(-32.0000000000001,8.99999999999993,42.));
#15882=CARTESIAN_POINT('',(-32.0000000000001,-43.4999999999894,41.9999999999999));
#15883=CARTESIAN_POINT('',(-26.5000000000001,14.4999999999999,42.));
#15884=CARTESIAN_POINT('',(-26.5000000000001,8.99999999999993,42.));
#15885=CARTESIAN_POINT('',(-22.0356157588604,14.4999999999999,42.));
#15886=CARTESIAN_POINT('',(-30.9999999999999,14.5,42.));
#15887=CARTESIAN_POINT('',(-21.0000000000001,14.4999999999999,42.0113140033357));
#15888=CARTESIAN_POINT('',(-21.0000000000001,14.3499999999999,43.));
#15889=CARTESIAN_POINT('',(-21.0000000000001,13.4999999999999,42.8710409569569));
#15890=CARTESIAN_POINT('',(-21.0000000000001,13.4999999999999,42.0113140033357));
#15891=CARTESIAN_POINT('',(-21.3608637092111,14.3500000000049,43.0000000000008));
#15892=CARTESIAN_POINT('',(-21.3569142270755,13.4999999999999,42.8710409569234));
#15893=CARTESIAN_POINT('',(-21.3451929549471,13.4999999999999,42.0113140033154));
#15894=CARTESIAN_POINT('',(-21.7180960006728,14.4060489958175,43.));
#15895=CARTESIAN_POINT('',(-21.7326198110665,13.5000000000011,42.9103465000416));
#15896=CARTESIAN_POINT('',(-21.6904059047231,13.4999999999999,42.000000024664));
#15897=CARTESIAN_POINT('',(-22.0356157588604,14.4999999999999,43.));
#15898=CARTESIAN_POINT('',(-22.0356157588604,13.4999999999999,43.));
#15899=CARTESIAN_POINT('',(-22.0356157588604,13.4999999999999,42.));
#15900=CARTESIAN_POINT('',(-17.5000000000001,18.,42.0113140033357));
#15901=CARTESIAN_POINT('',(-21.0000000000001,17.9999999999999,42.0113140033357));
#15902=CARTESIAN_POINT('',(-17.5000000000001,19.0356157588603,42.));
#15903=CARTESIAN_POINT('',(-16.5000000000001,18.,42.0113140033357));
#15904=CARTESIAN_POINT('',(-16.5000000000001,18.,42.8710409569568));
#15905=CARTESIAN_POINT('',(-17.3500000000001,18.,43.));
#15906=CARTESIAN_POINT('',(-16.5000000000001,18.3451929549469,42.0113140033142));
#15907=CARTESIAN_POINT('',(-16.4999999999989,18.3569142270751,42.8710409569234));
#15908=CARTESIAN_POINT('',(-17.3500000000054,18.3608637092106,43.0000000000008));
#15909=CARTESIAN_POINT('',(-16.5000000000001,18.6904059047229,42.000000024664));
#15910=CARTESIAN_POINT('',(-16.5000000000012,18.7326198110668,42.910346500041));
#15911=CARTESIAN_POINT('',(-17.4060489958169,18.7180960006731,43.));
#15912=CARTESIAN_POINT('',(-16.5000000000001,19.0356157588603,42.));
#15913=CARTESIAN_POINT('',(-16.5000000000001,19.0356157588603,43.));
#15914=CARTESIAN_POINT('',(-17.5000000000001,19.0356157588603,43.));
#15915=CARTESIAN_POINT('',(-17.5000000000001,38.9999999999893,42.));
#15916=CARTESIAN_POINT('',(-17.5000000000001,-43.4999999999894,41.9999999999999));
#15917=CARTESIAN_POINT('',(-21.0000000000001,42.4999999999893,42.));
#15918=CARTESIAN_POINT('',(-21.0000000000001,38.9999999999893,42.));
#15919=CARTESIAN_POINT('',(-33.0000000000001,42.4999999999893,42.));
#15920=CARTESIAN_POINT('',(-31.0000000000001,42.4999999999893,42.));
#15921=CARTESIAN_POINT('',(-34.0000000000001,42.4999999999893,41.));
#15922=CARTESIAN_POINT('',(-34.0000000000001,43.4999999999893,41.));
#15923=CARTESIAN_POINT('',(-34.0000000000001,43.4999999999893,41.5857864376269));
#15924=CARTESIAN_POINT('',(-33.585786437627,43.4999999999893,42.));
#15925=CARTESIAN_POINT('',(-33.0000000000001,43.4999999999893,42.));
#15926=CARTESIAN_POINT('',(-34.585786437627,43.4999999999893,41.));
#15927=CARTESIAN_POINT('',(-34.585786437627,43.4999999999893,41.9289321881345));
#15928=CARTESIAN_POINT('',(-33.9289321881346,43.4999999999893,42.5857864376269));
#15929=CARTESIAN_POINT('',(-33.0000000000001,43.4999999999893,42.5857864376269));
#15930=CARTESIAN_POINT('',(-35.0000000000001,43.0857864376162,41.));
#15931=CARTESIAN_POINT('',(-35.0000000000001,43.0857864376162,42.1715728752538));
#15932=CARTESIAN_POINT('',(-34.1715728752539,43.0857864376162,43.));
#15933=CARTESIAN_POINT('',(-33.0000000000001,43.0857864376162,43.));
#15934=CARTESIAN_POINT('',(-35.0000000000001,42.4999999999893,41.));
#15935=CARTESIAN_POINT('',(-35.0000000000001,42.4999999999893,42.1715728752538));
#15936=CARTESIAN_POINT('',(-34.1715728752539,42.4999999999893,43.));
#15937=CARTESIAN_POINT('',(-33.0000000000001,42.4999999999893,43.));
#15938=CARTESIAN_POINT('',(-34.0000000000001,42.4999999999893,39.4494897427832));
#15939=CARTESIAN_POINT('',(-34.0000000000001,43.4999999999893,39.4494897427832));
#15940=CARTESIAN_POINT('',(-35.0000000000001,43.4999999999893,39.4494897427832));
#15941=CARTESIAN_POINT('',(-35.0000000000001,42.4999999999893,39.4494897427832));
#15942=CARTESIAN_POINT('',(-34.0000001276996,43.4999999999893,38.5403413832482));
#15943=CARTESIAN_POINT('',(-34.5959628499008,43.4999999999893,39.0371208349448));
#15944=CARTESIAN_POINT('',(-35.0000000000001,42.9517511006386,38.9884232668564));
#15945=CARTESIAN_POINT('',(-34.5369321461691,43.4999999999893,37.7321782250479));
#15946=CARTESIAN_POINT('',(-34.7768633389363,43.499999999943,37.8467483837734));
#15947=CARTESIAN_POINT('',(-35.0000000000001,43.4999999999893,38.102451895003));
#15948=CARTESIAN_POINT('',(-35.0000000000001,43.4999999999893,37.));
#15949=CARTESIAN_POINT('',(-35.0000000000001,43.4999999999893,37.));
#15950=CARTESIAN_POINT('',(-35.0000000000001,43.4999999999893,37.));
#15951=CARTESIAN_POINT('',(-34.0000000000001,42.4999999999893,-1.7500000000049));
#15952=CARTESIAN_POINT('',(-34.315339949767,-42.4999999999894,35.065302205626));
#15953=CARTESIAN_POINT('',(-35.0000000000001,-43.4999999999894,37.));
#15954=CARTESIAN_POINT('',(-35.0000000000001,-43.4999999999894,37.));
#15955=CARTESIAN_POINT('',(-35.0000000000001,-43.4999999999894,37.));
#15956=CARTESIAN_POINT('',(-35.0000000119398,-43.4999999999895,36.1591067223661));
#15957=CARTESIAN_POINT('',(-34.8145194734436,-43.4999999812698,36.2953183607503));
#15958=CARTESIAN_POINT('',(-34.6333344254042,-43.4999999999895,36.4195651411904));
#15959=CARTESIAN_POINT('',(-35.0977103072669,-43.1930694005912,35.4819949605516));
#15960=CARTESIAN_POINT('',(-34.7504549206577,-43.4999999999894,35.5417288437284));
#15961=CARTESIAN_POINT('',(-34.3153399986131,-43.4999999999894,35.7729292427477));
#15962=CARTESIAN_POINT('',(-35.2243992926533,-42.9166666666561,35.065302205626));
#15963=CARTESIAN_POINT('',(-34.9570288976867,-43.4999999999894,35.065302205626));
#15964=CARTESIAN_POINT('',(-34.315339949767,-43.4999999999894,35.065302205626));
#15965=CARTESIAN_POINT('',(-34.315339949767,-42.4999999999894,8.93469779437392));
#15966=CARTESIAN_POINT('',(-34.315339949767,-42.4999999999894,-1.75000000000489));
#15967=CARTESIAN_POINT('',(-35.0000000000001,-43.4999999999894,6.99999999999999));
#15968=CARTESIAN_POINT('',(-35.0000000000001,-43.4999999999894,6.99999999999999));
#15969=CARTESIAN_POINT('',(-35.0000000000001,-43.4999999999894,6.99999999999999));
#15970=CARTESIAN_POINT('',(-34.6333344252262,-43.4999999999894,7.58043485856154));
#15971=CARTESIAN_POINT('',(-34.8145194732957,-43.4999999812722,7.70468163914463));
#15972=CARTESIAN_POINT('',(-35.0000000119374,-43.4999999999894,7.84089327764098));
#15973=CARTESIAN_POINT('',(-34.3153399986107,-43.4999999999894,8.22707075746534));
#15974=CARTESIAN_POINT('',(-34.7504549207036,-43.4999999999894,8.45827115638909));
#15975=CARTESIAN_POINT('',(-35.0977103072731,-43.1930694005777,8.51800503946495));
#15976=CARTESIAN_POINT('',(-34.315339949767,-43.4999999999894,8.93469779437392));
#15977=CARTESIAN_POINT('',(-34.9570288976867,-43.4999999999894,8.93469779437394));
#15978=CARTESIAN_POINT('',(-35.2243992926533,-42.9166666666561,8.93469779437395));
#15979=MECHANICAL_DESIGN_GEOMETRIC_PRESENTATION_REPRESENTATION('',(#1459,
#1460,#1461,#1462,#1463,#1464,#1465),#15980);
#15980=(
GEOMETRIC_REPRESENTATION_CONTEXT(3)
GLOBAL_UNCERTAINTY_ASSIGNED_CONTEXT((#15981))
GLOBAL_UNIT_ASSIGNED_CONTEXT((#15987,#15983,#15982))
REPRESENTATION_CONTEXT('Body_Frame','TOP_LEVEL_ASSEMBLY_PART')
);
#15981=UNCERTAINTY_MEASURE_WITH_UNIT(LENGTH_MEASURE(0.0508),#15987,
'DISTANCE_ACCURACY_VALUE','Maximum Tolerance applied to model');
#15982=(
NAMED_UNIT(*)
SI_UNIT($,.STERADIAN.)
SOLID_ANGLE_UNIT()
);
#15983=(
CONVERSION_BASED_UNIT('DEGREE',#15985)
NAMED_UNIT(#15984)
PLANE_ANGLE_UNIT()
);
#15984=DIMENSIONAL_EXPONENTS(0.,0.,0.,0.,0.,0.,0.);
#15985=PLANE_ANGLE_MEASURE_WITH_UNIT(PLANE_ANGLE_MEASURE(0.0174532925),
#15986);
#15986=(
NAMED_UNIT(*)
PLANE_ANGLE_UNIT()
SI_UNIT($,.RADIAN.)
);
#15987=(
LENGTH_UNIT()
NAMED_UNIT(*)
SI_UNIT(.MILLI.,.METRE.)
);
ENDSEC;
END-ISO-10303-21;
