ISO-10303-21;
HEADER;
/* Generated by software containing ST-Developer
 * from STEP Tools, Inc. (www.steptools.com) 
 */
/* OPTION: using custom schema-name function */

FILE_DESCRIPTION(
/* description */ (''),
/* implementation_level */ '2;1');

FILE_NAME(
/* name */ 'Head_pitch.stp',
/* time_stamp */ '2026-09-11T23:29:42+08:00',
/* author */ (''),
/* organization */ (''),
/* preprocessor_version */ 'ST-DEVELOPER v20',
/* originating_system */ 'SIEMENS PLM Software NX2406.1700',
/* authorisation */ '');

FILE_SCHEMA (('AP203_CONFIGURATION_CONTROLLED_3D_DESIGN_OF_MECHANICAL_PARTS_AND_ASSEMBLIES_MIM_LF { 1 0 10303 403 2 1 2}'));
ENDSEC;

DATA;
#10=PROPERTY_DEFINITION_REPRESENTATION(#14,#12);
#11=PROPERTY_DEFINITION_REPRESENTATION(#15,#13);
#12=REPRESENTATION('',(#16),#2846);
#13=REPRESENTATION('',(#17),#2846);
#14=PROPERTY_DEFINITION('pmi validation property','',#73);
#15=PROPERTY_DEFINITION('pmi validation property','',#73);
#16=VALUE_REPRESENTATION_ITEM('number of annotations',COUNT_MEASURE(0.));
#17=VALUE_REPRESENTATION_ITEM('number of views',COUNT_MEASURE(0.));
#18=SHAPE_REPRESENTATION_RELATIONSHIP('None',
'relationship between Head_pitch_objects-None and Head_pitch_objects-N
one',#84,#19);
#19=ADVANCED_BREP_SHAPE_REPRESENTATION('Head_pitch_objects-None',(#270,
#271,#272),#2846);
#20=APPLIED_APPROVAL_ASSIGNMENT(#32,(#74));
#21=APPLIED_APPROVAL_ASSIGNMENT(#33,(#76));
#22=APPLIED_APPROVAL_ASSIGNMENT(#34,(#46));
#23=APPROVAL_PERSON_ORGANIZATION(#38,#32,#26);
#24=APPROVAL_PERSON_ORGANIZATION(#39,#33,#27);
#25=APPROVAL_PERSON_ORGANIZATION(#40,#34,#28);
#26=APPROVAL_ROLE('approver');
#27=APPROVAL_ROLE('approver');
#28=APPROVAL_ROLE('approver');
#29=APPROVAL_DATE_TIME(#54,#32);
#30=APPROVAL_DATE_TIME(#55,#33);
#31=APPROVAL_DATE_TIME(#56,#34);
#32=APPROVAL(#35,' ');
#33=APPROVAL(#36,' ');
#34=APPROVAL(#37,' ');
#35=APPROVAL_STATUS('not_yet_approved');
#36=APPROVAL_STATUS('not_yet_approved');
#37=APPROVAL_STATUS('not_yet_approved');
#38=PERSON_AND_ORGANIZATION(#44,#41);
#39=PERSON_AND_ORGANIZATION(#44,#42);
#40=PERSON_AND_ORGANIZATION(#44,#43);
#41=ORGANIZATION(' ',' ',' ');
#42=ORGANIZATION(' ',' ',' ');
#43=ORGANIZATION(' ',' ',' ');
#44=PERSON(' ',' ',' ',(' '),$,$);
#45=APPLIED_SECURITY_CLASSIFICATION_ASSIGNMENT(#46,(#76));
#46=SECURITY_CLASSIFICATION(' ',' ',#47);
#47=SECURITY_CLASSIFICATION_LEVEL('confidential');
#48=APPLIED_DATE_AND_TIME_ASSIGNMENT(#52,#50,(#74));
#49=APPLIED_DATE_AND_TIME_ASSIGNMENT(#53,#51,(#46));
#50=DATE_TIME_ROLE('creation_date');
#51=DATE_TIME_ROLE('classification_date');
#52=DATE_AND_TIME(#67,#57);
#53=DATE_AND_TIME(#68,#58);
#54=DATE_AND_TIME(#69,#59);
#55=DATE_AND_TIME(#70,#60);
#56=DATE_AND_TIME(#71,#61);
#57=LOCAL_TIME(0,0,0.,#62);
#58=LOCAL_TIME(0,0,0.,#63);
#59=LOCAL_TIME(0,0,0.,#64);
#60=LOCAL_TIME(0,0,0.,#65);
#61=LOCAL_TIME(0,0,0.,#66);
#62=COORDINATED_UNIVERSAL_TIME_OFFSET(0,0,.BEHIND.);
#63=COORDINATED_UNIVERSAL_TIME_OFFSET(0,0,.BEHIND.);
#64=COORDINATED_UNIVERSAL_TIME_OFFSET(0,0,.BEHIND.);
#65=COORDINATED_UNIVERSAL_TIME_OFFSET(0,0,.BEHIND.);
#66=COORDINATED_UNIVERSAL_TIME_OFFSET(0,0,.BEHIND.);
#67=CALENDAR_DATE(0,1,1);
#68=CALENDAR_DATE(0,1,1);
#69=CALENDAR_DATE(0,1,1);
#70=CALENDAR_DATE(0,1,1);
#71=CALENDAR_DATE(0,1,1);
#72=SHAPE_DEFINITION_REPRESENTATION(#73,#84);
#73=PRODUCT_DEFINITION_SHAPE('','',#74);
#74=PRODUCT_DEFINITION(' ','',#76,#75);
#75=PRODUCT_DEFINITION_CONTEXT('part definition',#83,'design');
#76=PRODUCT_DEFINITION_FORMATION_WITH_SPECIFIED_SOURCE(' ',' ',#78,
 .NOT_KNOWN.);
#77=PRODUCT_RELATED_PRODUCT_CATEGORY('detail','',(#78));
#78=PRODUCT('Head_pitch_objects','Head_pitch_objects',' ',(#81));
#79=PRODUCT_CATEGORY('part',' ');
#80=PRODUCT_CATEGORY(' ','');
#81=PRODUCT_CONTEXT(' ',#83,'mechanical');
#82=APPLICATION_PROTOCOL_DEFINITION('international standard',
'config_control_design',2010,#83);
#83=APPLICATION_CONTEXT(
'configuration controlled 3D designs of mechanical parts and assemblie
s');
#84=SHAPE_REPRESENTATION('Head_pitch_objects-None',(#1542),#2846);
#85=SPHERICAL_SURFACE('',#1720,2.);
#86=SPHERICAL_SURFACE('',#1722,2.);
#87=COLOUR_RGB('light gray',0.8,0.8,0.8);
#88=COLOUR_RGB('medium gray',0.490196078431373,0.490196078431373,0.490196078431373);
#89=TOROIDAL_SURFACE('',#1632,13.5,2.);
#90=TOROIDAL_SURFACE('',#1710,13.4999999999947,2.);
#91=(
BOUNDED_SURFACE()
B_SPLINE_SURFACE(3,2,((#2439,#2440,#2441),(#2442,#2443,#2444),(#2445,#2446,
#2447),(#2448,#2449,#2450)),.UNSPECIFIED.,.F.,.F.,.F.)
B_SPLINE_SURFACE_WITH_KNOTS((4,4),(3,3),(0.,1.),(0.,1.),.UNSPECIFIED.)
GEOMETRIC_REPRESENTATION_ITEM()
RATIONAL_B_SPLINE_SURFACE(((1.,0.73314391493077,1.),(1.,0.733219124735341,
1.),(1.,0.723773038651872,1.),(1.,0.707106781186545,1.)))
REPRESENTATION_ITEM('')
SURFACE()
);
#92=(
BOUNDED_SURFACE()
B_SPLINE_SURFACE(3,2,((#2454,#2455,#2456),(#2457,#2458,#2459),(#2460,#2461,
#2462),(#2463,#2464,#2465),(#2466,#2467,#2468),(#2469,#2470,#2471)),
 .UNSPECIFIED.,.F.,.F.,.F.)
B_SPLINE_SURFACE_WITH_KNOTS((4,2,4),(3,3),(0.,0.5,1.),(0.,1.),
 .UNSPECIFIED.)
GEOMETRIC_REPRESENTATION_ITEM()
RATIONAL_B_SPLINE_SURFACE(((1.,0.733143914930772,1.),(1.,0.732659557571011,
1.),(1.,0.749397394984749,1.),(1.,0.797830998901014,1.),(1.,0.82918040300337,
1.),(1.,0.854400374531746,1.)))
REPRESENTATION_ITEM('')
SURFACE()
);
#93=(
BOUNDED_SURFACE()
B_SPLINE_SURFACE(3,2,((#2475,#2476,#2477),(#2478,#2479,#2480),(#2481,#2482,
#2483),(#2484,#2485,#2486),(#2487,#2488,#2489),(#2490,#2491,#2492),(#2493,
#2494,#2495),(#2496,#2497,#2498),(#2499,#2500,#2501),(#2502,#2503,#2504),
(#2505,#2506,#2507),(#2508,#2509,#2510)),.UNSPECIFIED.,.F.,.F.,.F.)
B_SPLINE_SURFACE_WITH_KNOTS((4,2,2,2,2,4),(3,3),(0.,0.25,0.375,0.5,0.75,
1.),(0.,1.),.UNSPECIFIED.)
GEOMETRIC_REPRESENTATION_ITEM()
RATIONAL_B_SPLINE_SURFACE(((1.,0.854400374531679,1.),(1.,0.891258781422156,
1.),(1.,0.928938489113569,1.),(1.,0.954740982596341,1.),(1.,0.957505211408241,
1.),(1.,0.948505844432832,1.),(1.,0.937515460561409,1.),(1.,0.894825420088773,
1.),(1.,0.854749505261491,1.),(1.,0.77812092416462,1.),(1.,0.740685455670155,
1.),(1.,0.707106781186548,1.)))
REPRESENTATION_ITEM('')
SURFACE()
);
#94=(
BOUNDED_SURFACE()
B_SPLINE_SURFACE(3,2,((#2516,#2517,#2518),(#2519,#2520,#2521),(#2522,#2523,
#2524),(#2525,#2526,#2527)),.UNSPECIFIED.,.F.,.F.,.F.)
B_SPLINE_SURFACE_WITH_KNOTS((4,4),(3,3),(0.,1.),(0.,1.),.UNSPECIFIED.)
GEOMETRIC_REPRESENTATION_ITEM()
RATIONAL_B_SPLINE_SURFACE(((1.,0.733143914930736,1.),(1.,0.733219124735308,
1.),(1.,0.723773038651853,1.),(1.,0.707106781186545,1.)))
REPRESENTATION_ITEM('')
SURFACE()
);
#95=(
BOUNDED_SURFACE()
B_SPLINE_SURFACE(3,2,((#2529,#2530,#2531),(#2532,#2533,#2534),(#2535,#2536,
#2537),(#2538,#2539,#2540),(#2541,#2542,#2543),(#2544,#2545,#2546),(#2547,
#2548,#2549),(#2550,#2551,#2552),(#2553,#2554,#2555),(#2556,#2557,#2558),
(#2559,#2560,#2561),(#2562,#2563,#2564)),.UNSPECIFIED.,.F.,.F.,.F.)
B_SPLINE_SURFACE_WITH_KNOTS((4,2,2,2,2,4),(3,3),(0.,0.25,0.375,0.5,0.75,
1.),(0.,1.),.UNSPECIFIED.)
GEOMETRIC_REPRESENTATION_ITEM()
RATIONAL_B_SPLINE_SURFACE(((1.,0.854400374531652,1.),(1.,0.891258781422145,
1.),(1.,0.928938489113529,1.),(1.,0.954740982596335,1.),(1.,0.957505211408146,
1.),(1.,0.948505844432913,1.),(1.,0.937515460561476,1.),(1.,0.894825420088639,
1.),(1.,0.85474950526154,1.),(1.,0.778120924164579,1.),(1.,0.74068545567019,
1.),(1.,0.707106781186548,1.)))
REPRESENTATION_ITEM('')
SURFACE()
);
#96=(
BOUNDED_SURFACE()
B_SPLINE_SURFACE(3,2,((#2565,#2566,#2567),(#2568,#2569,#2570),(#2571,#2572,
#2573),(#2574,#2575,#2576),(#2577,#2578,#2579),(#2580,#2581,#2582)),
 .UNSPECIFIED.,.F.,.F.,.F.)
B_SPLINE_SURFACE_WITH_KNOTS((4,2,4),(3,3),(0.,0.5,1.),(0.,1.),
 .UNSPECIFIED.)
GEOMETRIC_REPRESENTATION_ITEM()
RATIONAL_B_SPLINE_SURFACE(((1.,0.854400374531739,1.),(1.,0.829185261503308,
1.),(1.,0.797690341717676,1.),(1.,0.749389337775969,1.),(1.,0.732622264048738,
1.),(1.,0.733143914930738,1.)))
REPRESENTATION_ITEM('')
SURFACE()
);
#97=B_SPLINE_CURVE_WITH_KNOTS('',3,(#2311,#2312,#2313,#2314,#2315,#2316,
#2317),.UNSPECIFIED.,.F.,.F.,(4,3,4),(0.,0.300568504658394,1.),
 .UNSPECIFIED.);
#98=B_SPLINE_CURVE_WITH_KNOTS('',3,(#2328,#2329,#2330,#2331,#2332,#2333,
#2334,#2335),.UNSPECIFIED.,.F.,.F.,(4,2,2,4),(0.,0.25,0.5,1.),
 .UNSPECIFIED.);
#99=B_SPLINE_CURVE_WITH_KNOTS('',3,(#2339,#2340,#2341,#2342,#2343,#2344,
#2345,#2346),.UNSPECIFIED.,.F.,.F.,(4,2,2,4),(0.,0.5,0.75,1.),
 .UNSPECIFIED.);
#100=B_SPLINE_CURVE_WITH_KNOTS('',3,(#2357,#2358,#2359,#2360,#2361,#2362,
#2363),.UNSPECIFIED.,.F.,.F.,(4,3,4),(0.,0.699431495342067,1.),
 .UNSPECIFIED.);
#101=B_SPLINE_CURVE_WITH_KNOTS('',3,(#2382,#2383,#2384,#2385,#2386,#2387,
#2388,#2389,#2390,#2391,#2392,#2393,#2394,#2395,#2396,#2397),
 .UNSPECIFIED.,.F.,.F.,(4,3,3,3,3,4),(0.,0.188204568498828,0.386687106610142,
0.592411456107392,0.803292105933574,1.),.UNSPECIFIED.);
#102=B_SPLINE_CURVE_WITH_KNOTS('',3,(#2399,#2400,#2401,#2402,#2403,#2404,
#2405,#2406,#2407,#2408,#2409,#2410,#2411,#2412,#2413,#2414,#2415,#2416,
#2417),.UNSPECIFIED.,.F.,.F.,(4,3,3,3,3,3,4),(0.,0.0163026542265929,0.230428111280078,
0.444458381057203,0.657109071897517,0.864505833456806,1.),.UNSPECIFIED.);
#103=B_SPLINE_CURVE_WITH_KNOTS('',3,(#2666,#2667,#2668,#2669,#2670,#2671,
#2672),.UNSPECIFIED.,.F.,.F.,(4,3,4),(0.,0.828515066895464,1.),
 .UNSPECIFIED.);
#104=B_SPLINE_CURVE_WITH_KNOTS('',3,(#2674,#2675,#2676,#2677,#2678,#2679,
#2680),.UNSPECIFIED.,.F.,.F.,(4,3,4),(0.,0.964878713365355,1.),
 .UNSPECIFIED.);
#105=B_SPLINE_CURVE_WITH_KNOTS('',3,(#2682,#2683,#2684,#2685,#2686,#2687,
#2688,#2689,#2690,#2691),.UNSPECIFIED.,.F.,.F.,(4,3,3,4),(0.,0.413852322783808,
0.911193478706448,1.),.UNSPECIFIED.);
#106=B_SPLINE_CURVE_WITH_KNOTS('',3,(#2721,#2722,#2723,#2724,#2725,#2726),
 .UNSPECIFIED.,.F.,.F.,(4,2,4),(0.,0.5,1.),.UNSPECIFIED.);
#107=B_SPLINE_CURVE_WITH_KNOTS('',3,(#2727,#2728,#2729,#2730,#2731,#2732),
 .UNSPECIFIED.,.F.,.F.,(4,2,4),(0.,0.5,1.),.UNSPECIFIED.);
#108=B_SPLINE_CURVE_WITH_KNOTS('',3,(#2736,#2737,#2738,#2739,#2740,#2741),
 .UNSPECIFIED.,.F.,.F.,(4,2,4),(0.,0.5,1.),.UNSPECIFIED.);
#109=B_SPLINE_CURVE_WITH_KNOTS('',3,(#2742,#2743,#2744,#2745,#2746,#2747),
 .UNSPECIFIED.,.F.,.F.,(4,2,4),(0.,0.5,1.),.UNSPECIFIED.);
#110=LINE('',#2298,#158);
#111=LINE('',#2302,#159);
#112=LINE('',#2306,#160);
#113=LINE('',#2308,#161);
#114=LINE('',#2319,#162);
#115=LINE('',#2321,#163);
#116=LINE('',#2323,#164);
#117=LINE('',#2325,#165);
#118=LINE('',#2337,#166);
#119=LINE('',#2348,#167);
#120=LINE('',#2350,#168);
#121=LINE('',#2352,#169);
#122=LINE('',#2355,#170);
#123=LINE('',#2365,#171);
#124=LINE('',#2367,#172);
#125=LINE('',#2589,#173);
#126=LINE('',#2598,#174);
#127=LINE('',#2600,#175);
#128=LINE('',#2604,#176);
#129=LINE('',#2608,#177);
#130=LINE('',#2614,#178);
#131=LINE('',#2617,#179);
#132=LINE('',#2619,#180);
#133=LINE('',#2625,#181);
#134=LINE('',#2629,#182);
#135=LINE('',#2649,#183);
#136=LINE('',#2651,#184);
#137=LINE('',#2653,#185);
#138=LINE('',#2698,#186);
#139=LINE('',#2700,#187);
#140=LINE('',#2702,#188);
#141=LINE('',#2703,#189);
#142=LINE('',#2705,#190);
#143=LINE('',#2708,#191);
#144=LINE('',#2712,#192);
#145=LINE('',#2714,#193);
#146=LINE('',#2717,#194);
#147=LINE('',#2718,#195);
#148=LINE('',#2719,#196);
#149=LINE('',#2757,#197);
#150=LINE('',#2759,#198);
#151=LINE('',#2761,#199);
#152=LINE('',#2763,#200);
#153=LINE('',#2765,#201);
#154=LINE('',#2808,#202);
#155=LINE('',#2809,#203);
#156=LINE('',#2830,#204);
#157=LINE('',#2831,#205);
#158=VECTOR('',#1858,1.);
#159=VECTOR('',#1861,1.);
#160=VECTOR('',#1864,1.);
#161=VECTOR('',#1867,1.);
#162=VECTOR('',#1868,1.);
#163=VECTOR('',#1869,1.);
#164=VECTOR('',#1870,1.);
#165=VECTOR('',#1873,1.);
#166=VECTOR('',#1874,1.);
#167=VECTOR('',#1875,1.);
#168=VECTOR('',#1876,1.);
#169=VECTOR('',#1879,1.);
#170=VECTOR('',#1880,1.);
#171=VECTOR('',#1881,1.);
#172=VECTOR('',#1882,1.);
#173=VECTOR('',#1969,1.);
#174=VECTOR('',#1976,1.);
#175=VECTOR('',#1977,1.);
#176=VECTOR('',#1980,1.);
#177=VECTOR('',#1983,1.);
#178=VECTOR('',#1990,1.);
#179=VECTOR('',#1991,1.);
#180=VECTOR('',#1992,1.);
#181=VECTOR('',#1999,1.);
#182=VECTOR('',#2002,1.);
#183=VECTOR('',#2023,1.);
#184=VECTOR('',#2024,1.);
#185=VECTOR('',#2025,1.);
#186=VECTOR('',#2054,1.);
#187=VECTOR('',#2055,1.);
#188=VECTOR('',#2056,1.);
#189=VECTOR('',#2057,1.);
#190=VECTOR('',#2060,1.);
#191=VECTOR('',#2061,1.);
#192=VECTOR('',#2064,1.);
#193=VECTOR('',#2067,1.);
#194=VECTOR('',#2068,1.);
#195=VECTOR('',#2069,1.);
#196=VECTOR('',#2070,1.);
#197=VECTOR('',#2085,1.);
#198=VECTOR('',#2086,1.);
#199=VECTOR('',#2087,1.);
#200=VECTOR('',#2088,1.);
#201=VECTOR('',#2089,1.);
#202=VECTOR('',#2158,1.);
#203=VECTOR('',#2159,1.);
#204=VECTOR('',#2188,1.);
#205=VECTOR('',#2189,1.);
#206=FACE_OUTER_BOUND('',#633,.T.);
#207=FACE_OUTER_BOUND('',#636,.T.);
#208=FACE_OUTER_BOUND('',#639,.T.);
#209=FACE_OUTER_BOUND('',#654,.T.);
#210=FACE_OUTER_BOUND('',#655,.T.);
#211=FACE_OUTER_BOUND('',#656,.T.);
#212=FACE_OUTER_BOUND('',#657,.T.);
#213=FACE_OUTER_BOUND('',#665,.T.);
#214=FACE_OUTER_BOUND('',#666,.T.);
#215=FACE_OUTER_BOUND('',#675,.T.);
#216=FACE_OUTER_BOUND('',#676,.T.);
#217=FACE_OUTER_BOUND('',#677,.T.);
#218=FACE_OUTER_BOUND('',#678,.T.);
#219=FACE_OUTER_BOUND('',#679,.T.);
#220=FACE_OUTER_BOUND('',#680,.T.);
#221=FACE_OUTER_BOUND('',#681,.T.);
#222=FACE_OUTER_BOUND('',#682,.T.);
#223=FACE_OUTER_BOUND('',#683,.T.);
#224=FACE_OUTER_BOUND('',#684,.T.);
#225=FACE_OUTER_BOUND('',#693,.T.);
#226=FACE_OUTER_BOUND('',#718,.T.);
#227=FACE_OUTER_BOUND('',#719,.T.);
#228=FACE_OUTER_BOUND('',#720,.T.);
#229=FACE_OUTER_BOUND('',#747,.T.);
#230=FACE_OUTER_BOUND('',#748,.T.);
#231=FACE_OUTER_BOUND('',#749,.T.);
#232=FACE_OUTER_BOUND('',#750,.T.);
#233=FACE_OUTER_BOUND('',#751,.T.);
#234=FACE_OUTER_BOUND('',#752,.T.);
#235=FACE_OUTER_BOUND('',#753,.T.);
#236=FACE_OUTER_BOUND('',#754,.T.);
#237=FACE_OUTER_BOUND('',#755,.T.);
#238=FACE_OUTER_BOUND('',#758,.T.);
#239=FACE_OUTER_BOUND('',#761,.T.);
#240=FACE_OUTER_BOUND('',#766,.T.);
#241=FACE_OUTER_BOUND('',#767,.T.);
#242=FACE_OUTER_BOUND('',#768,.T.);
#243=FACE_OUTER_BOUND('',#769,.T.);
#244=FACE_OUTER_BOUND('',#770,.T.);
#245=FACE_OUTER_BOUND('',#771,.T.);
#246=FACE_OUTER_BOUND('',#772,.T.);
#247=PRESENTATION_LAYER_ASSIGNMENT('1','Layer 1',(#270,#271,#272));
#248=STYLED_ITEM('',(#251),#270);
#249=STYLED_ITEM('',(#252),#271);
#250=STYLED_ITEM('',(#253),#272);
#251=PRESENTATION_STYLE_ASSIGNMENT((#254));
#252=PRESENTATION_STYLE_ASSIGNMENT((#255));
#253=PRESENTATION_STYLE_ASSIGNMENT((#256));
#254=SURFACE_STYLE_USAGE(.BOTH.,#257);
#255=SURFACE_STYLE_USAGE(.BOTH.,#258);
#256=SURFACE_STYLE_USAGE(.BOTH.,#259);
#257=SURFACE_SIDE_STYLE('',(#260));
#258=SURFACE_SIDE_STYLE('',(#261));
#259=SURFACE_SIDE_STYLE('',(#262));
#260=SURFACE_STYLE_FILL_AREA(#263);
#261=SURFACE_STYLE_FILL_AREA(#264);
#262=SURFACE_STYLE_FILL_AREA(#265);
#263=FILL_AREA_STYLE('',(#266));
#264=FILL_AREA_STYLE('',(#267));
#265=FILL_AREA_STYLE('',(#268));
#266=FILL_AREA_STYLE_COLOUR('',#269);
#267=FILL_AREA_STYLE_COLOUR('',#87);
#268=FILL_AREA_STYLE_COLOUR('',#88);
#269=DRAUGHTING_PRE_DEFINED_COLOUR('black');
#270=MANIFOLD_SOLID_BREP('',#273);
#271=MANIFOLD_SOLID_BREP('',#274);
#272=MANIFOLD_SOLID_BREP('',#275);
#273=CLOSED_SHELL('',(#325,#326,#327,#328,#329,#330,#331,#332,#333,#334));
#274=CLOSED_SHELL('',(#335,#336,#337,#338,#339,#340,#341,#342,#343,#344,
#345,#346,#347,#348,#349,#350,#351,#352,#353,#354,#355,#356,#357,#358,#359,
#360,#361,#362,#363,#364,#365,#366,#367,#368,#369,#370,#371,#372,#373));
#275=CLOSED_SHELL('',(#374,#375,#376,#377,#378,#379,#380,#381,#382,#383,
#384,#385,#386,#387,#388,#389,#390,#391,#392,#393,#394,#395,#396,#397,#398,
#399,#400,#401,#402,#403,#404,#405,#406,#407,#408,#409,#410,#411,#412,#413,
#414,#415,#416,#417,#418,#419,#420,#421,#422,#423,#424));
#276=CONICAL_SURFACE('',#1561,1.65,45.);
#277=CONICAL_SURFACE('',#1562,1.65,45.);
#278=CONICAL_SURFACE('',#1563,1.65,45.);
#279=CONICAL_SURFACE('',#1564,11.0000000000028,45.);
#280=CONICAL_SURFACE('',#1585,1.25,45.);
#281=CONICAL_SURFACE('',#1586,1.25,45.);
#282=CONICAL_SURFACE('',#1587,1.25,45.);
#283=CONICAL_SURFACE('',#1588,9.,45.);
#284=CONICAL_SURFACE('',#1611,11.,45.);
#285=CONICAL_SURFACE('',#1621,1.65,44.9999999999998);
#286=CONICAL_SURFACE('',#1625,1.65,44.9999999999998);
#287=CONICAL_SURFACE('',#1642,1.65,45.);
#288=CONICAL_SURFACE('',#1674,1.65,45.);
#289=CONICAL_SURFACE('',#1675,1.65,45.);
#290=CONICAL_SURFACE('',#1676,1.65,45.);
#291=CONICAL_SURFACE('',#1705,1.65,45.);
#292=CONICAL_SURFACE('',#1706,1.65,45.);
#293=CONICAL_SURFACE('',#1707,1.65,45.);
#294=CONICAL_SURFACE('',#1733,1.75,45.);
#295=CONICAL_SURFACE('',#1734,1.25,45.);
#296=CONICAL_SURFACE('',#1749,1.25,44.9999999999996);
#297=PLANE('',#1550);
#298=PLANE('',#1554);
#299=PLANE('',#1572);
#300=PLANE('',#1576);
#301=PLANE('',#1580);
#302=PLANE('',#1584);
#303=PLANE('',#1593);
#304=PLANE('',#1598);
#305=PLANE('',#1599);
#306=PLANE('',#1600);
#307=PLANE('',#1601);
#308=PLANE('',#1610);
#309=PLANE('',#1651);
#310=PLANE('',#1653);
#311=PLANE('',#1661);
#312=PLANE('',#1667);
#313=PLANE('',#1679);
#314=PLANE('',#1680);
#315=PLANE('',#1682);
#316=PLANE('',#1683);
#317=PLANE('',#1690);
#318=PLANE('',#1694);
#319=PLANE('',#1698);
#320=PLANE('',#1724);
#321=PLANE('',#1728);
#322=PLANE('',#1732);
#323=PLANE('',#1742);
#324=PLANE('',#1746);
#325=ADVANCED_FACE('',(#466,#467),#425,.T.);
#326=ADVANCED_FACE('',(#468,#469,#470,#471),#297,.T.);
#327=ADVANCED_FACE('',(#472,#473,#474,#475),#298,.F.);
#328=ADVANCED_FACE('',(#476,#477),#426,.F.);
#329=ADVANCED_FACE('',(#478,#479),#427,.F.);
#330=ADVANCED_FACE('',(#480,#481),#428,.F.);
#331=ADVANCED_FACE('',(#482,#483),#276,.F.);
#332=ADVANCED_FACE('',(#484,#485),#277,.F.);
#333=ADVANCED_FACE('',(#486,#487),#278,.F.);
#334=ADVANCED_FACE('',(#488,#489),#279,.T.);
#335=ADVANCED_FACE('',(#490,#491),#429,.T.);
#336=ADVANCED_FACE('',(#492,#493,#494,#495),#299,.T.);
#337=ADVANCED_FACE('',(#496,#497),#430,.F.);
#338=ADVANCED_FACE('',(#206),#300,.T.);
#339=ADVANCED_FACE('',(#498,#499),#431,.F.);
#340=ADVANCED_FACE('',(#207),#301,.T.);
#341=ADVANCED_FACE('',(#500,#501),#432,.F.);
#342=ADVANCED_FACE('',(#208),#302,.T.);
#343=ADVANCED_FACE('',(#502,#503),#280,.F.);
#344=ADVANCED_FACE('',(#504,#505),#281,.F.);
#345=ADVANCED_FACE('',(#506,#507),#282,.F.);
#346=ADVANCED_FACE('',(#508,#509),#283,.T.);
#347=ADVANCED_FACE('',(#510,#511),#433,.T.);
#348=ADVANCED_FACE('',(#512,#513),#303,.T.);
#349=ADVANCED_FACE('',(#514,#515),#304,.T.);
#350=ADVANCED_FACE('',(#209),#305,.T.);
#351=ADVANCED_FACE('',(#210),#306,.T.);
#352=ADVANCED_FACE('',(#211),#307,.T.);
#353=ADVANCED_FACE('',(#212),#434,.T.);
#354=ADVANCED_FACE('',(#516,#517,#518,#519,#520),#308,.F.);
#355=ADVANCED_FACE('',(#521,#522),#284,.T.);
#356=ADVANCED_FACE('',(#213),#435,.T.);
#357=ADVANCED_FACE('',(#214),#436,.T.);
#358=ADVANCED_FACE('',(#523,#524),#437,.F.);
#359=ADVANCED_FACE('',(#525,#526),#438,.F.);
#360=ADVANCED_FACE('',(#527,#528),#285,.F.);
#361=ADVANCED_FACE('',(#529,#530),#286,.F.);
#362=ADVANCED_FACE('',(#215),#91,.T.);
#363=ADVANCED_FACE('',(#216),#439,.T.);
#364=ADVANCED_FACE('',(#217),#92,.T.);
#365=ADVANCED_FACE('',(#218),#89,.T.);
#366=ADVANCED_FACE('',(#219),#93,.T.);
#367=ADVANCED_FACE('',(#220),#440,.T.);
#368=ADVANCED_FACE('',(#221),#441,.T.);
#369=ADVANCED_FACE('',(#222),#94,.T.);
#370=ADVANCED_FACE('',(#223),#95,.T.);
#371=ADVANCED_FACE('',(#224),#96,.T.);
#372=ADVANCED_FACE('',(#531,#532),#442,.F.);
#373=ADVANCED_FACE('',(#533,#534),#287,.F.);
#374=ADVANCED_FACE('',(#535,#536,#537,#538),#309,.T.);
#375=ADVANCED_FACE('',(#225),#310,.T.);
#376=ADVANCED_FACE('',(#539,#540),#443,.T.);
#377=ADVANCED_FACE('',(#541,#542,#543,#544),#311,.T.);
#378=ADVANCED_FACE('',(#545,#546),#312,.F.);
#379=ADVANCED_FACE('',(#547,#548),#444,.F.);
#380=ADVANCED_FACE('',(#549,#550),#445,.F.);
#381=ADVANCED_FACE('',(#551,#552),#446,.F.);
#382=ADVANCED_FACE('',(#553,#554),#288,.F.);
#383=ADVANCED_FACE('',(#555,#556),#289,.F.);
#384=ADVANCED_FACE('',(#557,#558),#290,.F.);
#385=ADVANCED_FACE('',(#559,#560),#447,.F.);
#386=ADVANCED_FACE('',(#561,#562),#313,.T.);
#387=ADVANCED_FACE('',(#226),#314,.T.);
#388=ADVANCED_FACE('',(#227),#315,.T.);
#389=ADVANCED_FACE('',(#228),#316,.T.);
#390=ADVANCED_FACE('',(#563,#564),#448,.T.);
#391=ADVANCED_FACE('',(#565,#566,#567,#568),#317,.F.);
#392=ADVANCED_FACE('',(#569,#570),#449,.F.);
#393=ADVANCED_FACE('',(#571,#572),#318,.F.);
#394=ADVANCED_FACE('',(#573,#574,#575,#576),#319,.F.);
#395=ADVANCED_FACE('',(#577,#578),#450,.F.);
#396=ADVANCED_FACE('',(#579,#580),#451,.F.);
#397=ADVANCED_FACE('',(#581,#582),#452,.F.);
#398=ADVANCED_FACE('',(#583,#584),#291,.F.);
#399=ADVANCED_FACE('',(#585,#586),#292,.F.);
#400=ADVANCED_FACE('',(#587,#588),#293,.F.);
#401=ADVANCED_FACE('',(#229),#90,.T.);
#402=ADVANCED_FACE('',(#230),#453,.T.);
#403=ADVANCED_FACE('',(#231),#454,.T.);
#404=ADVANCED_FACE('',(#232),#455,.T.);
#405=ADVANCED_FACE('',(#233),#456,.T.);
#406=ADVANCED_FACE('',(#234),#85,.T.);
#407=ADVANCED_FACE('',(#235),#86,.T.);
#408=ADVANCED_FACE('',(#236),#457,.T.);
#409=ADVANCED_FACE('',(#237),#320,.T.);
#410=ADVANCED_FACE('',(#589,#590),#458,.F.);
#411=ADVANCED_FACE('',(#238),#321,.F.);
#412=ADVANCED_FACE('',(#591,#592),#459,.F.);
#413=ADVANCED_FACE('',(#239),#322,.T.);
#414=ADVANCED_FACE('',(#593,#594),#294,.F.);
#415=ADVANCED_FACE('',(#595,#596),#295,.F.);
#416=ADVANCED_FACE('',(#240),#460,.T.);
#417=ADVANCED_FACE('',(#241),#461,.T.);
#418=ADVANCED_FACE('',(#242),#462,.T.);
#419=ADVANCED_FACE('',(#243),#323,.F.);
#420=ADVANCED_FACE('',(#244),#463,.F.);
#421=ADVANCED_FACE('',(#245),#464,.F.);
#422=ADVANCED_FACE('',(#246),#324,.T.);
#423=ADVANCED_FACE('',(#597,#598),#465,.F.);
#424=ADVANCED_FACE('',(#599,#600),#296,.F.);
#425=CYLINDRICAL_SURFACE('',#1545,11.5000000000028);
#426=CYLINDRICAL_SURFACE('',#1556,1.65);
#427=CYLINDRICAL_SURFACE('',#1558,1.65);
#428=CYLINDRICAL_SURFACE('',#1560,1.65);
#429=CYLINDRICAL_SURFACE('',#1567,10.);
#430=CYLINDRICAL_SURFACE('',#1575,1.25);
#431=CYLINDRICAL_SURFACE('',#1579,1.25);
#432=CYLINDRICAL_SURFACE('',#1583,1.25);
#433=CYLINDRICAL_SURFACE('',#1591,11.5);
#434=CYLINDRICAL_SURFACE('',#1604,15.5);
#435=CYLINDRICAL_SURFACE('',#1612,4.);
#436=CYLINDRICAL_SURFACE('',#1613,4.);
#437=CYLINDRICAL_SURFACE('',#1615,1.65);
#438=CYLINDRICAL_SURFACE('',#1617,1.65);
#439=CYLINDRICAL_SURFACE('',#1629,2.);
#440=CYLINDRICAL_SURFACE('',#1635,2.);
#441=CYLINDRICAL_SURFACE('',#1637,2.);
#442=CYLINDRICAL_SURFACE('',#1641,1.65);
#443=CYLINDRICAL_SURFACE('',#1656,15.4999999999947);
#444=CYLINDRICAL_SURFACE('',#1669,1.65);
#445=CYLINDRICAL_SURFACE('',#1671,1.65);
#446=CYLINDRICAL_SURFACE('',#1673,1.65);
#447=CYLINDRICAL_SURFACE('',#1678,13.6);
#448=CYLINDRICAL_SURFACE('',#1686,15.4999999999974);
#449=CYLINDRICAL_SURFACE('',#1693,13.6);
#450=CYLINDRICAL_SURFACE('',#1700,1.65);
#451=CYLINDRICAL_SURFACE('',#1702,1.65);
#452=CYLINDRICAL_SURFACE('',#1704,1.65);
#453=CYLINDRICAL_SURFACE('',#1712,2.);
#454=CYLINDRICAL_SURFACE('',#1714,2.);
#455=CYLINDRICAL_SURFACE('',#1716,2.);
#456=CYLINDRICAL_SURFACE('',#1718,2.);
#457=CYLINDRICAL_SURFACE('',#1723,2.);
#458=CYLINDRICAL_SURFACE('',#1727,1.25);
#459=CYLINDRICAL_SURFACE('',#1731,1.25);
#460=CYLINDRICAL_SURFACE('',#1735,4.);
#461=CYLINDRICAL_SURFACE('',#1736,4.);
#462=CYLINDRICAL_SURFACE('',#1738,4.5);
#463=CYLINDRICAL_SURFACE('',#1743,2.);
#464=CYLINDRICAL_SURFACE('',#1744,2.);
#465=CYLINDRICAL_SURFACE('',#1748,1.25);
#466=FACE_BOUND('',#601,.T.);
#467=FACE_BOUND('',#602,.T.);
#468=FACE_BOUND('',#603,.T.);
#469=FACE_BOUND('',#604,.T.);
#470=FACE_BOUND('',#605,.T.);
#471=FACE_BOUND('',#606,.T.);
#472=FACE_BOUND('',#607,.T.);
#473=FACE_BOUND('',#608,.T.);
#474=FACE_BOUND('',#609,.T.);
#475=FACE_BOUND('',#610,.T.);
#476=FACE_BOUND('',#611,.T.);
#477=FACE_BOUND('',#612,.T.);
#478=FACE_BOUND('',#613,.T.);
#479=FACE_BOUND('',#614,.T.);
#480=FACE_BOUND('',#615,.T.);
#481=FACE_BOUND('',#616,.T.);
#482=FACE_BOUND('',#617,.T.);
#483=FACE_BOUND('',#618,.T.);
#484=FACE_BOUND('',#619,.T.);
#485=FACE_BOUND('',#620,.T.);
#486=FACE_BOUND('',#621,.T.);
#487=FACE_BOUND('',#622,.T.);
#488=FACE_BOUND('',#623,.T.);
#489=FACE_BOUND('',#624,.T.);
#490=FACE_BOUND('',#625,.T.);
#491=FACE_BOUND('',#626,.T.);
#492=FACE_BOUND('',#627,.T.);
#493=FACE_BOUND('',#628,.T.);
#494=FACE_BOUND('',#629,.T.);
#495=FACE_BOUND('',#630,.T.);
#496=FACE_BOUND('',#631,.T.);
#497=FACE_BOUND('',#632,.T.);
#498=FACE_BOUND('',#634,.T.);
#499=FACE_BOUND('',#635,.T.);
#500=FACE_BOUND('',#637,.T.);
#501=FACE_BOUND('',#638,.T.);
#502=FACE_BOUND('',#640,.T.);
#503=FACE_BOUND('',#641,.T.);
#504=FACE_BOUND('',#642,.T.);
#505=FACE_BOUND('',#643,.T.);
#506=FACE_BOUND('',#644,.T.);
#507=FACE_BOUND('',#645,.T.);
#508=FACE_BOUND('',#646,.T.);
#509=FACE_BOUND('',#647,.T.);
#510=FACE_BOUND('',#648,.T.);
#511=FACE_BOUND('',#649,.T.);
#512=FACE_BOUND('',#650,.T.);
#513=FACE_BOUND('',#651,.T.);
#514=FACE_BOUND('',#652,.T.);
#515=FACE_BOUND('',#653,.T.);
#516=FACE_BOUND('',#658,.T.);
#517=FACE_BOUND('',#659,.T.);
#518=FACE_BOUND('',#660,.T.);
#519=FACE_BOUND('',#661,.T.);
#520=FACE_BOUND('',#662,.T.);
#521=FACE_BOUND('',#663,.T.);
#522=FACE_BOUND('',#664,.T.);
#523=FACE_BOUND('',#667,.T.);
#524=FACE_BOUND('',#668,.T.);
#525=FACE_BOUND('',#669,.T.);
#526=FACE_BOUND('',#670,.T.);
#527=FACE_BOUND('',#671,.T.);
#528=FACE_BOUND('',#672,.T.);
#529=FACE_BOUND('',#673,.T.);
#530=FACE_BOUND('',#674,.T.);
#531=FACE_BOUND('',#685,.T.);
#532=FACE_BOUND('',#686,.T.);
#533=FACE_BOUND('',#687,.T.);
#534=FACE_BOUND('',#688,.T.);
#535=FACE_BOUND('',#689,.T.);
#536=FACE_BOUND('',#690,.T.);
#537=FACE_BOUND('',#691,.T.);
#538=FACE_BOUND('',#692,.T.);
#539=FACE_BOUND('',#694,.T.);
#540=FACE_BOUND('',#695,.T.);
#541=FACE_BOUND('',#696,.T.);
#542=FACE_BOUND('',#697,.T.);
#543=FACE_BOUND('',#698,.T.);
#544=FACE_BOUND('',#699,.T.);
#545=FACE_BOUND('',#700,.T.);
#546=FACE_BOUND('',#701,.T.);
#547=FACE_BOUND('',#702,.T.);
#548=FACE_BOUND('',#703,.T.);
#549=FACE_BOUND('',#704,.T.);
#550=FACE_BOUND('',#705,.T.);
#551=FACE_BOUND('',#706,.T.);
#552=FACE_BOUND('',#707,.T.);
#553=FACE_BOUND('',#708,.T.);
#554=FACE_BOUND('',#709,.T.);
#555=FACE_BOUND('',#710,.T.);
#556=FACE_BOUND('',#711,.T.);
#557=FACE_BOUND('',#712,.T.);
#558=FACE_BOUND('',#713,.T.);
#559=FACE_BOUND('',#714,.T.);
#560=FACE_BOUND('',#715,.T.);
#561=FACE_BOUND('',#716,.T.);
#562=FACE_BOUND('',#717,.T.);
#563=FACE_BOUND('',#721,.T.);
#564=FACE_BOUND('',#722,.T.);
#565=FACE_BOUND('',#723,.T.);
#566=FACE_BOUND('',#724,.T.);
#567=FACE_BOUND('',#725,.T.);
#568=FACE_BOUND('',#726,.T.);
#569=FACE_BOUND('',#727,.T.);
#570=FACE_BOUND('',#728,.T.);
#571=FACE_BOUND('',#729,.T.);
#572=FACE_BOUND('',#730,.T.);
#573=FACE_BOUND('',#731,.T.);
#574=FACE_BOUND('',#732,.T.);
#575=FACE_BOUND('',#733,.T.);
#576=FACE_BOUND('',#734,.T.);
#577=FACE_BOUND('',#735,.T.);
#578=FACE_BOUND('',#736,.T.);
#579=FACE_BOUND('',#737,.T.);
#580=FACE_BOUND('',#738,.T.);
#581=FACE_BOUND('',#739,.T.);
#582=FACE_BOUND('',#740,.T.);
#583=FACE_BOUND('',#741,.T.);
#584=FACE_BOUND('',#742,.T.);
#585=FACE_BOUND('',#743,.T.);
#586=FACE_BOUND('',#744,.T.);
#587=FACE_BOUND('',#745,.T.);
#588=FACE_BOUND('',#746,.T.);
#589=FACE_BOUND('',#756,.T.);
#590=FACE_BOUND('',#757,.T.);
#591=FACE_BOUND('',#759,.T.);
#592=FACE_BOUND('',#760,.T.);
#593=FACE_BOUND('',#762,.T.);
#594=FACE_BOUND('',#763,.T.);
#595=FACE_BOUND('',#764,.T.);
#596=FACE_BOUND('',#765,.T.);
#597=FACE_BOUND('',#773,.T.);
#598=FACE_BOUND('',#774,.T.);
#599=FACE_BOUND('',#775,.T.);
#600=FACE_BOUND('',#776,.T.);
#601=EDGE_LOOP('',(#777));
#602=EDGE_LOOP('',(#778));
#603=EDGE_LOOP('',(#779));
#604=EDGE_LOOP('',(#780));
#605=EDGE_LOOP('',(#781));
#606=EDGE_LOOP('',(#782));
#607=EDGE_LOOP('',(#783));
#608=EDGE_LOOP('',(#784));
#609=EDGE_LOOP('',(#785));
#610=EDGE_LOOP('',(#786));
#611=EDGE_LOOP('',(#787));
#612=EDGE_LOOP('',(#788));
#613=EDGE_LOOP('',(#789));
#614=EDGE_LOOP('',(#790));
#615=EDGE_LOOP('',(#791));
#616=EDGE_LOOP('',(#792));
#617=EDGE_LOOP('',(#793));
#618=EDGE_LOOP('',(#794));
#619=EDGE_LOOP('',(#795));
#620=EDGE_LOOP('',(#796));
#621=EDGE_LOOP('',(#797));
#622=EDGE_LOOP('',(#798));
#623=EDGE_LOOP('',(#799));
#624=EDGE_LOOP('',(#800));
#625=EDGE_LOOP('',(#801));
#626=EDGE_LOOP('',(#802));
#627=EDGE_LOOP('',(#803));
#628=EDGE_LOOP('',(#804));
#629=EDGE_LOOP('',(#805));
#630=EDGE_LOOP('',(#806));
#631=EDGE_LOOP('',(#807));
#632=EDGE_LOOP('',(#808));
#633=EDGE_LOOP('',(#809));
#634=EDGE_LOOP('',(#810));
#635=EDGE_LOOP('',(#811));
#636=EDGE_LOOP('',(#812));
#637=EDGE_LOOP('',(#813));
#638=EDGE_LOOP('',(#814));
#639=EDGE_LOOP('',(#815));
#640=EDGE_LOOP('',(#816));
#641=EDGE_LOOP('',(#817));
#642=EDGE_LOOP('',(#818));
#643=EDGE_LOOP('',(#819));
#644=EDGE_LOOP('',(#820));
#645=EDGE_LOOP('',(#821));
#646=EDGE_LOOP('',(#822));
#647=EDGE_LOOP('',(#823));
#648=EDGE_LOOP('',(#824));
#649=EDGE_LOOP('',(#825));
#650=EDGE_LOOP('',(#826));
#651=EDGE_LOOP('',(#827));
#652=EDGE_LOOP('',(#828));
#653=EDGE_LOOP('',(#829,#830,#831,#832,#833,#834));
#654=EDGE_LOOP('',(#835,#836,#837,#838,#839));
#655=EDGE_LOOP('',(#840,#841,#842,#843,#844,#845));
#656=EDGE_LOOP('',(#846,#847,#848,#849,#850));
#657=EDGE_LOOP('',(#851,#852,#853,#854));
#658=EDGE_LOOP('',(#855));
#659=EDGE_LOOP('',(#856));
#660=EDGE_LOOP('',(#857));
#661=EDGE_LOOP('',(#858));
#662=EDGE_LOOP('',(#859,#860,#861,#862,#863,#864));
#663=EDGE_LOOP('',(#865));
#664=EDGE_LOOP('',(#866));
#665=EDGE_LOOP('',(#867,#868,#869,#870));
#666=EDGE_LOOP('',(#871,#872,#873,#874));
#667=EDGE_LOOP('',(#875));
#668=EDGE_LOOP('',(#876));
#669=EDGE_LOOP('',(#877));
#670=EDGE_LOOP('',(#878));
#671=EDGE_LOOP('',(#879,#880,#881,#882));
#672=EDGE_LOOP('',(#883));
#673=EDGE_LOOP('',(#884,#885,#886,#887));
#674=EDGE_LOOP('',(#888));
#675=EDGE_LOOP('',(#889,#890,#891,#892));
#676=EDGE_LOOP('',(#893,#894,#895,#896));
#677=EDGE_LOOP('',(#897,#898,#899,#900));
#678=EDGE_LOOP('',(#901,#902,#903,#904));
#679=EDGE_LOOP('',(#905,#906,#907,#908));
#680=EDGE_LOOP('',(#909,#910,#911,#912));
#681=EDGE_LOOP('',(#913,#914,#915,#916));
#682=EDGE_LOOP('',(#917,#918,#919,#920));
#683=EDGE_LOOP('',(#921,#922,#923,#924));
#684=EDGE_LOOP('',(#925,#926,#927,#928));
#685=EDGE_LOOP('',(#929));
#686=EDGE_LOOP('',(#930));
#687=EDGE_LOOP('',(#931));
#688=EDGE_LOOP('',(#932));
#689=EDGE_LOOP('',(#933));
#690=EDGE_LOOP('',(#934,#935,#936,#937,#938,#939,#940,#941,#942,#943));
#691=EDGE_LOOP('',(#944));
#692=EDGE_LOOP('',(#945));
#693=EDGE_LOOP('',(#946,#947,#948,#949));
#694=EDGE_LOOP('',(#950));
#695=EDGE_LOOP('',(#951,#952,#953,#954));
#696=EDGE_LOOP('',(#955));
#697=EDGE_LOOP('',(#956));
#698=EDGE_LOOP('',(#957));
#699=EDGE_LOOP('',(#958));
#700=EDGE_LOOP('',(#959));
#701=EDGE_LOOP('',(#960,#961,#962,#963,#964,#965,#966));
#702=EDGE_LOOP('',(#967));
#703=EDGE_LOOP('',(#968));
#704=EDGE_LOOP('',(#969));
#705=EDGE_LOOP('',(#970));
#706=EDGE_LOOP('',(#971));
#707=EDGE_LOOP('',(#972));
#708=EDGE_LOOP('',(#973,#974,#975));
#709=EDGE_LOOP('',(#976));
#710=EDGE_LOOP('',(#977,#978));
#711=EDGE_LOOP('',(#979));
#712=EDGE_LOOP('',(#980));
#713=EDGE_LOOP('',(#981));
#714=EDGE_LOOP('',(#982));
#715=EDGE_LOOP('',(#983));
#716=EDGE_LOOP('',(#984));
#717=EDGE_LOOP('',(#985));
#718=EDGE_LOOP('',(#986,#987,#988,#989,#990,#991,#992));
#719=EDGE_LOOP('',(#993,#994,#995,#996));
#720=EDGE_LOOP('',(#997,#998,#999,#1000,#1001,#1002,#1003));
#721=EDGE_LOOP('',(#1004,#1005,#1006,#1007,#1008,#1009));
#722=EDGE_LOOP('',(#1010));
#723=EDGE_LOOP('',(#1011));
#724=EDGE_LOOP('',(#1012));
#725=EDGE_LOOP('',(#1013));
#726=EDGE_LOOP('',(#1014,#1015,#1016,#1017,#1018,#1019,#1020,#1021,#1022,
#1023));
#727=EDGE_LOOP('',(#1024));
#728=EDGE_LOOP('',(#1025));
#729=EDGE_LOOP('',(#1026));
#730=EDGE_LOOP('',(#1027));
#731=EDGE_LOOP('',(#1028));
#732=EDGE_LOOP('',(#1029));
#733=EDGE_LOOP('',(#1030));
#734=EDGE_LOOP('',(#1031));
#735=EDGE_LOOP('',(#1032));
#736=EDGE_LOOP('',(#1033));
#737=EDGE_LOOP('',(#1034));
#738=EDGE_LOOP('',(#1035));
#739=EDGE_LOOP('',(#1036));
#740=EDGE_LOOP('',(#1037));
#741=EDGE_LOOP('',(#1038));
#742=EDGE_LOOP('',(#1039));
#743=EDGE_LOOP('',(#1040));
#744=EDGE_LOOP('',(#1041));
#745=EDGE_LOOP('',(#1042));
#746=EDGE_LOOP('',(#1043));
#747=EDGE_LOOP('',(#1044,#1045,#1046,#1047,#1048,#1049,#1050));
#748=EDGE_LOOP('',(#1051,#1052,#1053,#1054));
#749=EDGE_LOOP('',(#1055,#1056,#1057,#1058,#1059));
#750=EDGE_LOOP('',(#1060,#1061,#1062,#1063));
#751=EDGE_LOOP('',(#1064,#1065,#1066,#1067));
#752=EDGE_LOOP('',(#1068,#1069,#1070));
#753=EDGE_LOOP('',(#1071,#1072,#1073));
#754=EDGE_LOOP('',(#1074,#1075,#1076,#1077));
#755=EDGE_LOOP('',(#1078,#1079,#1080,#1081));
#756=EDGE_LOOP('',(#1082));
#757=EDGE_LOOP('',(#1083));
#758=EDGE_LOOP('',(#1084));
#759=EDGE_LOOP('',(#1085));
#760=EDGE_LOOP('',(#1086));
#761=EDGE_LOOP('',(#1087));
#762=EDGE_LOOP('',(#1088));
#763=EDGE_LOOP('',(#1089));
#764=EDGE_LOOP('',(#1090));
#765=EDGE_LOOP('',(#1091));
#766=EDGE_LOOP('',(#1092,#1093,#1094,#1095));
#767=EDGE_LOOP('',(#1096,#1097,#1098,#1099));
#768=EDGE_LOOP('',(#1100,#1101,#1102,#1103));
#769=EDGE_LOOP('',(#1104,#1105,#1106,#1107,#1108,#1109));
#770=EDGE_LOOP('',(#1110,#1111,#1112,#1113));
#771=EDGE_LOOP('',(#1114,#1115,#1116,#1117));
#772=EDGE_LOOP('',(#1118,#1119));
#773=EDGE_LOOP('',(#1120));
#774=EDGE_LOOP('',(#1121,#1122));
#775=EDGE_LOOP('',(#1123));
#776=EDGE_LOOP('',(#1124));
#777=ORIENTED_EDGE('',*,*,#1255,.T.);
#778=ORIENTED_EDGE('',*,*,#1256,.T.);
#779=ORIENTED_EDGE('',*,*,#1257,.T.);
#780=ORIENTED_EDGE('',*,*,#1258,.T.);
#781=ORIENTED_EDGE('',*,*,#1259,.T.);
#782=ORIENTED_EDGE('',*,*,#1260,.T.);
#783=ORIENTED_EDGE('',*,*,#1261,.T.);
#784=ORIENTED_EDGE('',*,*,#1262,.T.);
#785=ORIENTED_EDGE('',*,*,#1263,.T.);
#786=ORIENTED_EDGE('',*,*,#1256,.F.);
#787=ORIENTED_EDGE('',*,*,#1264,.T.);
#788=ORIENTED_EDGE('',*,*,#1263,.F.);
#789=ORIENTED_EDGE('',*,*,#1265,.T.);
#790=ORIENTED_EDGE('',*,*,#1262,.F.);
#791=ORIENTED_EDGE('',*,*,#1266,.T.);
#792=ORIENTED_EDGE('',*,*,#1261,.F.);
#793=ORIENTED_EDGE('',*,*,#1258,.F.);
#794=ORIENTED_EDGE('',*,*,#1265,.F.);
#795=ORIENTED_EDGE('',*,*,#1259,.F.);
#796=ORIENTED_EDGE('',*,*,#1266,.F.);
#797=ORIENTED_EDGE('',*,*,#1260,.F.);
#798=ORIENTED_EDGE('',*,*,#1264,.F.);
#799=ORIENTED_EDGE('',*,*,#1255,.F.);
#800=ORIENTED_EDGE('',*,*,#1257,.F.);
#801=ORIENTED_EDGE('',*,*,#1267,.T.);
#802=ORIENTED_EDGE('',*,*,#1268,.T.);
#803=ORIENTED_EDGE('',*,*,#1269,.T.);
#804=ORIENTED_EDGE('',*,*,#1270,.T.);
#805=ORIENTED_EDGE('',*,*,#1271,.T.);
#806=ORIENTED_EDGE('',*,*,#1272,.T.);
#807=ORIENTED_EDGE('',*,*,#1273,.T.);
#808=ORIENTED_EDGE('',*,*,#1274,.T.);
#809=ORIENTED_EDGE('',*,*,#1274,.F.);
#810=ORIENTED_EDGE('',*,*,#1275,.T.);
#811=ORIENTED_EDGE('',*,*,#1276,.T.);
#812=ORIENTED_EDGE('',*,*,#1276,.F.);
#813=ORIENTED_EDGE('',*,*,#1277,.T.);
#814=ORIENTED_EDGE('',*,*,#1278,.T.);
#815=ORIENTED_EDGE('',*,*,#1278,.F.);
#816=ORIENTED_EDGE('',*,*,#1270,.F.);
#817=ORIENTED_EDGE('',*,*,#1273,.F.);
#818=ORIENTED_EDGE('',*,*,#1271,.F.);
#819=ORIENTED_EDGE('',*,*,#1277,.F.);
#820=ORIENTED_EDGE('',*,*,#1272,.F.);
#821=ORIENTED_EDGE('',*,*,#1275,.F.);
#822=ORIENTED_EDGE('',*,*,#1268,.F.);
#823=ORIENTED_EDGE('',*,*,#1269,.F.);
#824=ORIENTED_EDGE('',*,*,#1279,.T.);
#825=ORIENTED_EDGE('',*,*,#1280,.T.);
#826=ORIENTED_EDGE('',*,*,#1281,.T.);
#827=ORIENTED_EDGE('',*,*,#1267,.F.);
#828=ORIENTED_EDGE('',*,*,#1282,.T.);
#829=ORIENTED_EDGE('',*,*,#1283,.T.);
#830=ORIENTED_EDGE('',*,*,#1284,.T.);
#831=ORIENTED_EDGE('',*,*,#1285,.T.);
#832=ORIENTED_EDGE('',*,*,#1286,.T.);
#833=ORIENTED_EDGE('',*,*,#1287,.T.);
#834=ORIENTED_EDGE('',*,*,#1288,.T.);
#835=ORIENTED_EDGE('',*,*,#1289,.T.);
#836=ORIENTED_EDGE('',*,*,#1290,.T.);
#837=ORIENTED_EDGE('',*,*,#1291,.T.);
#838=ORIENTED_EDGE('',*,*,#1292,.F.);
#839=ORIENTED_EDGE('',*,*,#1293,.F.);
#840=ORIENTED_EDGE('',*,*,#1294,.T.);
#841=ORIENTED_EDGE('',*,*,#1295,.T.);
#842=ORIENTED_EDGE('',*,*,#1296,.T.);
#843=ORIENTED_EDGE('',*,*,#1297,.T.);
#844=ORIENTED_EDGE('',*,*,#1298,.T.);
#845=ORIENTED_EDGE('',*,*,#1299,.F.);
#846=ORIENTED_EDGE('',*,*,#1300,.T.);
#847=ORIENTED_EDGE('',*,*,#1301,.T.);
#848=ORIENTED_EDGE('',*,*,#1302,.T.);
#849=ORIENTED_EDGE('',*,*,#1303,.T.);
#850=ORIENTED_EDGE('',*,*,#1304,.F.);
#851=ORIENTED_EDGE('',*,*,#1292,.T.);
#852=ORIENTED_EDGE('',*,*,#1305,.T.);
#853=ORIENTED_EDGE('',*,*,#1300,.F.);
#854=ORIENTED_EDGE('',*,*,#1306,.T.);
#855=ORIENTED_EDGE('',*,*,#1307,.T.);
#856=ORIENTED_EDGE('',*,*,#1308,.F.);
#857=ORIENTED_EDGE('',*,*,#1309,.F.);
#858=ORIENTED_EDGE('',*,*,#1280,.F.);
#859=ORIENTED_EDGE('',*,*,#1299,.T.);
#860=ORIENTED_EDGE('',*,*,#1310,.T.);
#861=ORIENTED_EDGE('',*,*,#1293,.T.);
#862=ORIENTED_EDGE('',*,*,#1306,.F.);
#863=ORIENTED_EDGE('',*,*,#1304,.T.);
#864=ORIENTED_EDGE('',*,*,#1311,.T.);
#865=ORIENTED_EDGE('',*,*,#1279,.F.);
#866=ORIENTED_EDGE('',*,*,#1281,.F.);
#867=ORIENTED_EDGE('',*,*,#1298,.F.);
#868=ORIENTED_EDGE('',*,*,#1312,.T.);
#869=ORIENTED_EDGE('',*,*,#1289,.F.);
#870=ORIENTED_EDGE('',*,*,#1310,.F.);
#871=ORIENTED_EDGE('',*,*,#1303,.F.);
#872=ORIENTED_EDGE('',*,*,#1313,.T.);
#873=ORIENTED_EDGE('',*,*,#1294,.F.);
#874=ORIENTED_EDGE('',*,*,#1311,.F.);
#875=ORIENTED_EDGE('',*,*,#1314,.T.);
#876=ORIENTED_EDGE('',*,*,#1309,.T.);
#877=ORIENTED_EDGE('',*,*,#1315,.T.);
#878=ORIENTED_EDGE('',*,*,#1308,.T.);
#879=ORIENTED_EDGE('',*,*,#1316,.F.);
#880=ORIENTED_EDGE('',*,*,#1317,.F.);
#881=ORIENTED_EDGE('',*,*,#1318,.F.);
#882=ORIENTED_EDGE('',*,*,#1283,.F.);
#883=ORIENTED_EDGE('',*,*,#1315,.F.);
#884=ORIENTED_EDGE('',*,*,#1319,.F.);
#885=ORIENTED_EDGE('',*,*,#1285,.F.);
#886=ORIENTED_EDGE('',*,*,#1320,.F.);
#887=ORIENTED_EDGE('',*,*,#1321,.F.);
#888=ORIENTED_EDGE('',*,*,#1314,.F.);
#889=ORIENTED_EDGE('',*,*,#1322,.F.);
#890=ORIENTED_EDGE('',*,*,#1302,.F.);
#891=ORIENTED_EDGE('',*,*,#1323,.F.);
#892=ORIENTED_EDGE('',*,*,#1319,.T.);
#893=ORIENTED_EDGE('',*,*,#1323,.T.);
#894=ORIENTED_EDGE('',*,*,#1301,.F.);
#895=ORIENTED_EDGE('',*,*,#1324,.F.);
#896=ORIENTED_EDGE('',*,*,#1286,.F.);
#897=ORIENTED_EDGE('',*,*,#1322,.T.);
#898=ORIENTED_EDGE('',*,*,#1321,.T.);
#899=ORIENTED_EDGE('',*,*,#1325,.F.);
#900=ORIENTED_EDGE('',*,*,#1313,.F.);
#901=ORIENTED_EDGE('',*,*,#1324,.T.);
#902=ORIENTED_EDGE('',*,*,#1305,.F.);
#903=ORIENTED_EDGE('',*,*,#1326,.F.);
#904=ORIENTED_EDGE('',*,*,#1287,.F.);
#905=ORIENTED_EDGE('',*,*,#1325,.T.);
#906=ORIENTED_EDGE('',*,*,#1320,.T.);
#907=ORIENTED_EDGE('',*,*,#1327,.F.);
#908=ORIENTED_EDGE('',*,*,#1295,.F.);
#909=ORIENTED_EDGE('',*,*,#1326,.T.);
#910=ORIENTED_EDGE('',*,*,#1291,.F.);
#911=ORIENTED_EDGE('',*,*,#1328,.F.);
#912=ORIENTED_EDGE('',*,*,#1288,.F.);
#913=ORIENTED_EDGE('',*,*,#1327,.T.);
#914=ORIENTED_EDGE('',*,*,#1284,.F.);
#915=ORIENTED_EDGE('',*,*,#1329,.F.);
#916=ORIENTED_EDGE('',*,*,#1296,.F.);
#917=ORIENTED_EDGE('',*,*,#1328,.T.);
#918=ORIENTED_EDGE('',*,*,#1290,.F.);
#919=ORIENTED_EDGE('',*,*,#1330,.F.);
#920=ORIENTED_EDGE('',*,*,#1316,.T.);
#921=ORIENTED_EDGE('',*,*,#1329,.T.);
#922=ORIENTED_EDGE('',*,*,#1318,.T.);
#923=ORIENTED_EDGE('',*,*,#1331,.F.);
#924=ORIENTED_EDGE('',*,*,#1297,.F.);
#925=ORIENTED_EDGE('',*,*,#1330,.T.);
#926=ORIENTED_EDGE('',*,*,#1312,.F.);
#927=ORIENTED_EDGE('',*,*,#1331,.T.);
#928=ORIENTED_EDGE('',*,*,#1317,.T.);
#929=ORIENTED_EDGE('',*,*,#1332,.T.);
#930=ORIENTED_EDGE('',*,*,#1307,.F.);
#931=ORIENTED_EDGE('',*,*,#1282,.F.);
#932=ORIENTED_EDGE('',*,*,#1332,.F.);
#933=ORIENTED_EDGE('',*,*,#1333,.T.);
#934=ORIENTED_EDGE('',*,*,#1334,.F.);
#935=ORIENTED_EDGE('',*,*,#1335,.T.);
#936=ORIENTED_EDGE('',*,*,#1336,.T.);
#937=ORIENTED_EDGE('',*,*,#1337,.T.);
#938=ORIENTED_EDGE('',*,*,#1338,.F.);
#939=ORIENTED_EDGE('',*,*,#1339,.F.);
#940=ORIENTED_EDGE('',*,*,#1340,.T.);
#941=ORIENTED_EDGE('',*,*,#1341,.T.);
#942=ORIENTED_EDGE('',*,*,#1342,.T.);
#943=ORIENTED_EDGE('',*,*,#1343,.T.);
#944=ORIENTED_EDGE('',*,*,#1344,.T.);
#945=ORIENTED_EDGE('',*,*,#1345,.T.);
#946=ORIENTED_EDGE('',*,*,#1346,.F.);
#947=ORIENTED_EDGE('',*,*,#1347,.T.);
#948=ORIENTED_EDGE('',*,*,#1348,.F.);
#949=ORIENTED_EDGE('',*,*,#1349,.F.);
#950=ORIENTED_EDGE('',*,*,#1350,.F.);
#951=ORIENTED_EDGE('',*,*,#1351,.T.);
#952=ORIENTED_EDGE('',*,*,#1352,.T.);
#953=ORIENTED_EDGE('',*,*,#1353,.F.);
#954=ORIENTED_EDGE('',*,*,#1349,.T.);
#955=ORIENTED_EDGE('',*,*,#1354,.F.);
#956=ORIENTED_EDGE('',*,*,#1355,.F.);
#957=ORIENTED_EDGE('',*,*,#1356,.F.);
#958=ORIENTED_EDGE('',*,*,#1357,.T.);
#959=ORIENTED_EDGE('',*,*,#1358,.T.);
#960=ORIENTED_EDGE('',*,*,#1359,.T.);
#961=ORIENTED_EDGE('',*,*,#1360,.T.);
#962=ORIENTED_EDGE('',*,*,#1361,.T.);
#963=ORIENTED_EDGE('',*,*,#1362,.T.);
#964=ORIENTED_EDGE('',*,*,#1363,.T.);
#965=ORIENTED_EDGE('',*,*,#1364,.T.);
#966=ORIENTED_EDGE('',*,*,#1365,.T.);
#967=ORIENTED_EDGE('',*,*,#1366,.T.);
#968=ORIENTED_EDGE('',*,*,#1354,.T.);
#969=ORIENTED_EDGE('',*,*,#1367,.T.);
#970=ORIENTED_EDGE('',*,*,#1355,.T.);
#971=ORIENTED_EDGE('',*,*,#1368,.T.);
#972=ORIENTED_EDGE('',*,*,#1356,.T.);
#973=ORIENTED_EDGE('',*,*,#1369,.T.);
#974=ORIENTED_EDGE('',*,*,#1370,.T.);
#975=ORIENTED_EDGE('',*,*,#1361,.F.);
#976=ORIENTED_EDGE('',*,*,#1367,.F.);
#977=ORIENTED_EDGE('',*,*,#1359,.F.);
#978=ORIENTED_EDGE('',*,*,#1371,.T.);
#979=ORIENTED_EDGE('',*,*,#1366,.F.);
#980=ORIENTED_EDGE('',*,*,#1358,.F.);
#981=ORIENTED_EDGE('',*,*,#1368,.F.);
#982=ORIENTED_EDGE('',*,*,#1372,.T.);
#983=ORIENTED_EDGE('',*,*,#1357,.F.);
#984=ORIENTED_EDGE('',*,*,#1350,.T.);
#985=ORIENTED_EDGE('',*,*,#1372,.F.);
#986=ORIENTED_EDGE('',*,*,#1343,.F.);
#987=ORIENTED_EDGE('',*,*,#1373,.T.);
#988=ORIENTED_EDGE('',*,*,#1374,.T.);
#989=ORIENTED_EDGE('',*,*,#1375,.T.);
#990=ORIENTED_EDGE('',*,*,#1351,.F.);
#991=ORIENTED_EDGE('',*,*,#1348,.T.);
#992=ORIENTED_EDGE('',*,*,#1376,.T.);
#993=ORIENTED_EDGE('',*,*,#1377,.T.);
#994=ORIENTED_EDGE('',*,*,#1378,.T.);
#995=ORIENTED_EDGE('',*,*,#1379,.T.);
#996=ORIENTED_EDGE('',*,*,#1380,.T.);
#997=ORIENTED_EDGE('',*,*,#1381,.T.);
#998=ORIENTED_EDGE('',*,*,#1382,.T.);
#999=ORIENTED_EDGE('',*,*,#1339,.T.);
#1000=ORIENTED_EDGE('',*,*,#1383,.T.);
#1001=ORIENTED_EDGE('',*,*,#1346,.T.);
#1002=ORIENTED_EDGE('',*,*,#1353,.T.);
#1003=ORIENTED_EDGE('',*,*,#1384,.T.);
#1004=ORIENTED_EDGE('',*,*,#1385,.T.);
#1005=ORIENTED_EDGE('',*,*,#1386,.T.);
#1006=ORIENTED_EDGE('',*,*,#1387,.T.);
#1007=ORIENTED_EDGE('',*,*,#1388,.T.);
#1008=ORIENTED_EDGE('',*,*,#1389,.T.);
#1009=ORIENTED_EDGE('',*,*,#1379,.F.);
#1010=ORIENTED_EDGE('',*,*,#1390,.T.);
#1011=ORIENTED_EDGE('',*,*,#1391,.T.);
#1012=ORIENTED_EDGE('',*,*,#1392,.T.);
#1013=ORIENTED_EDGE('',*,*,#1393,.T.);
#1014=ORIENTED_EDGE('',*,*,#1338,.T.);
#1015=ORIENTED_EDGE('',*,*,#1394,.T.);
#1016=ORIENTED_EDGE('',*,*,#1395,.F.);
#1017=ORIENTED_EDGE('',*,*,#1396,.F.);
#1018=ORIENTED_EDGE('',*,*,#1397,.F.);
#1019=ORIENTED_EDGE('',*,*,#1398,.T.);
#1020=ORIENTED_EDGE('',*,*,#1334,.T.);
#1021=ORIENTED_EDGE('',*,*,#1376,.F.);
#1022=ORIENTED_EDGE('',*,*,#1347,.F.);
#1023=ORIENTED_EDGE('',*,*,#1383,.F.);
#1024=ORIENTED_EDGE('',*,*,#1399,.T.);
#1025=ORIENTED_EDGE('',*,*,#1400,.F.);
#1026=ORIENTED_EDGE('',*,*,#1390,.F.);
#1027=ORIENTED_EDGE('',*,*,#1399,.F.);
#1028=ORIENTED_EDGE('',*,*,#1401,.F.);
#1029=ORIENTED_EDGE('',*,*,#1402,.F.);
#1030=ORIENTED_EDGE('',*,*,#1403,.F.);
#1031=ORIENTED_EDGE('',*,*,#1400,.T.);
#1032=ORIENTED_EDGE('',*,*,#1404,.T.);
#1033=ORIENTED_EDGE('',*,*,#1403,.T.);
#1034=ORIENTED_EDGE('',*,*,#1405,.T.);
#1035=ORIENTED_EDGE('',*,*,#1402,.T.);
#1036=ORIENTED_EDGE('',*,*,#1406,.T.);
#1037=ORIENTED_EDGE('',*,*,#1401,.T.);
#1038=ORIENTED_EDGE('',*,*,#1391,.F.);
#1039=ORIENTED_EDGE('',*,*,#1406,.F.);
#1040=ORIENTED_EDGE('',*,*,#1392,.F.);
#1041=ORIENTED_EDGE('',*,*,#1405,.F.);
#1042=ORIENTED_EDGE('',*,*,#1393,.F.);
#1043=ORIENTED_EDGE('',*,*,#1404,.F.);
#1044=ORIENTED_EDGE('',*,*,#1407,.T.);
#1045=ORIENTED_EDGE('',*,*,#1352,.F.);
#1046=ORIENTED_EDGE('',*,*,#1408,.F.);
#1047=ORIENTED_EDGE('',*,*,#1369,.F.);
#1048=ORIENTED_EDGE('',*,*,#1360,.F.);
#1049=ORIENTED_EDGE('',*,*,#1371,.F.);
#1050=ORIENTED_EDGE('',*,*,#1365,.F.);
#1051=ORIENTED_EDGE('',*,*,#1385,.F.);
#1052=ORIENTED_EDGE('',*,*,#1378,.F.);
#1053=ORIENTED_EDGE('',*,*,#1409,.T.);
#1054=ORIENTED_EDGE('',*,*,#1374,.F.);
#1055=ORIENTED_EDGE('',*,*,#1408,.T.);
#1056=ORIENTED_EDGE('',*,*,#1375,.F.);
#1057=ORIENTED_EDGE('',*,*,#1410,.F.);
#1058=ORIENTED_EDGE('',*,*,#1362,.F.);
#1059=ORIENTED_EDGE('',*,*,#1370,.F.);
#1060=ORIENTED_EDGE('',*,*,#1407,.F.);
#1061=ORIENTED_EDGE('',*,*,#1364,.F.);
#1062=ORIENTED_EDGE('',*,*,#1411,.T.);
#1063=ORIENTED_EDGE('',*,*,#1384,.F.);
#1064=ORIENTED_EDGE('',*,*,#1389,.F.);
#1065=ORIENTED_EDGE('',*,*,#1381,.F.);
#1066=ORIENTED_EDGE('',*,*,#1412,.F.);
#1067=ORIENTED_EDGE('',*,*,#1380,.F.);
#1068=ORIENTED_EDGE('',*,*,#1410,.T.);
#1069=ORIENTED_EDGE('',*,*,#1409,.F.);
#1070=ORIENTED_EDGE('',*,*,#1413,.F.);
#1071=ORIENTED_EDGE('',*,*,#1412,.T.);
#1072=ORIENTED_EDGE('',*,*,#1411,.F.);
#1073=ORIENTED_EDGE('',*,*,#1414,.F.);
#1074=ORIENTED_EDGE('',*,*,#1413,.T.);
#1075=ORIENTED_EDGE('',*,*,#1377,.F.);
#1076=ORIENTED_EDGE('',*,*,#1414,.T.);
#1077=ORIENTED_EDGE('',*,*,#1363,.F.);
#1078=ORIENTED_EDGE('',*,*,#1341,.F.);
#1079=ORIENTED_EDGE('',*,*,#1415,.T.);
#1080=ORIENTED_EDGE('',*,*,#1387,.F.);
#1081=ORIENTED_EDGE('',*,*,#1416,.T.);
#1082=ORIENTED_EDGE('',*,*,#1417,.T.);
#1083=ORIENTED_EDGE('',*,*,#1418,.F.);
#1084=ORIENTED_EDGE('',*,*,#1418,.T.);
#1085=ORIENTED_EDGE('',*,*,#1419,.T.);
#1086=ORIENTED_EDGE('',*,*,#1420,.T.);
#1087=ORIENTED_EDGE('',*,*,#1420,.F.);
#1088=ORIENTED_EDGE('',*,*,#1417,.F.);
#1089=ORIENTED_EDGE('',*,*,#1344,.F.);
#1090=ORIENTED_EDGE('',*,*,#1345,.F.);
#1091=ORIENTED_EDGE('',*,*,#1419,.F.);
#1092=ORIENTED_EDGE('',*,*,#1388,.F.);
#1093=ORIENTED_EDGE('',*,*,#1415,.F.);
#1094=ORIENTED_EDGE('',*,*,#1340,.F.);
#1095=ORIENTED_EDGE('',*,*,#1382,.F.);
#1096=ORIENTED_EDGE('',*,*,#1342,.F.);
#1097=ORIENTED_EDGE('',*,*,#1416,.F.);
#1098=ORIENTED_EDGE('',*,*,#1386,.F.);
#1099=ORIENTED_EDGE('',*,*,#1373,.F.);
#1100=ORIENTED_EDGE('',*,*,#1421,.T.);
#1101=ORIENTED_EDGE('',*,*,#1422,.T.);
#1102=ORIENTED_EDGE('',*,*,#1336,.F.);
#1103=ORIENTED_EDGE('',*,*,#1423,.T.);
#1104=ORIENTED_EDGE('',*,*,#1397,.T.);
#1105=ORIENTED_EDGE('',*,*,#1424,.T.);
#1106=ORIENTED_EDGE('',*,*,#1395,.T.);
#1107=ORIENTED_EDGE('',*,*,#1425,.T.);
#1108=ORIENTED_EDGE('',*,*,#1421,.F.);
#1109=ORIENTED_EDGE('',*,*,#1426,.T.);
#1110=ORIENTED_EDGE('',*,*,#1337,.F.);
#1111=ORIENTED_EDGE('',*,*,#1422,.F.);
#1112=ORIENTED_EDGE('',*,*,#1425,.F.);
#1113=ORIENTED_EDGE('',*,*,#1394,.F.);
#1114=ORIENTED_EDGE('',*,*,#1426,.F.);
#1115=ORIENTED_EDGE('',*,*,#1423,.F.);
#1116=ORIENTED_EDGE('',*,*,#1335,.F.);
#1117=ORIENTED_EDGE('',*,*,#1398,.F.);
#1118=ORIENTED_EDGE('',*,*,#1396,.T.);
#1119=ORIENTED_EDGE('',*,*,#1427,.F.);
#1120=ORIENTED_EDGE('',*,*,#1428,.T.);
#1121=ORIENTED_EDGE('',*,*,#1424,.F.);
#1122=ORIENTED_EDGE('',*,*,#1427,.T.);
#1123=ORIENTED_EDGE('',*,*,#1333,.F.);
#1124=ORIENTED_EDGE('',*,*,#1428,.F.);
#1125=VERTEX_POINT('',#2216);
#1126=VERTEX_POINT('',#2218);
#1127=VERTEX_POINT('',#2221);
#1128=VERTEX_POINT('',#2223);
#1129=VERTEX_POINT('',#2225);
#1130=VERTEX_POINT('',#2227);
#1131=VERTEX_POINT('',#2230);
#1132=VERTEX_POINT('',#2232);
#1133=VERTEX_POINT('',#2234);
#1134=VERTEX_POINT('',#2237);
#1135=VERTEX_POINT('',#2240);
#1136=VERTEX_POINT('',#2243);
#1137=VERTEX_POINT('',#2250);
#1138=VERTEX_POINT('',#2252);
#1139=VERTEX_POINT('',#2255);
#1140=VERTEX_POINT('',#2257);
#1141=VERTEX_POINT('',#2259);
#1142=VERTEX_POINT('',#2261);
#1143=VERTEX_POINT('',#2264);
#1144=VERTEX_POINT('',#2266);
#1145=VERTEX_POINT('',#2270);
#1146=VERTEX_POINT('',#2272);
#1147=VERTEX_POINT('',#2276);
#1148=VERTEX_POINT('',#2278);
#1149=VERTEX_POINT('',#2286);
#1150=VERTEX_POINT('',#2288);
#1151=VERTEX_POINT('',#2291);
#1152=VERTEX_POINT('',#2294);
#1153=VERTEX_POINT('',#2296);
#1154=VERTEX_POINT('',#2297);
#1155=VERTEX_POINT('',#2299);
#1156=VERTEX_POINT('',#2301);
#1157=VERTEX_POINT('',#2303);
#1158=VERTEX_POINT('',#2305);
#1159=VERTEX_POINT('',#2309);
#1160=VERTEX_POINT('',#2310);
#1161=VERTEX_POINT('',#2318);
#1162=VERTEX_POINT('',#2320);
#1163=VERTEX_POINT('',#2322);
#1164=VERTEX_POINT('',#2326);
#1165=VERTEX_POINT('',#2327);
#1166=VERTEX_POINT('',#2336);
#1167=VERTEX_POINT('',#2338);
#1168=VERTEX_POINT('',#2347);
#1169=VERTEX_POINT('',#2349);
#1170=VERTEX_POINT('',#2353);
#1171=VERTEX_POINT('',#2354);
#1172=VERTEX_POINT('',#2356);
#1173=VERTEX_POINT('',#2364);
#1174=VERTEX_POINT('',#2366);
#1175=VERTEX_POINT('',#2373);
#1176=VERTEX_POINT('',#2375);
#1177=VERTEX_POINT('',#2377);
#1178=VERTEX_POINT('',#2420);
#1179=VERTEX_POINT('',#2423);
#1180=VERTEX_POINT('',#2426);
#1181=VERTEX_POINT('',#2428);
#1182=VERTEX_POINT('',#2432);
#1183=VERTEX_POINT('',#2434);
#1184=VERTEX_POINT('',#2584);
#1185=VERTEX_POINT('',#2588);
#1186=VERTEX_POINT('',#2590);
#1187=VERTEX_POINT('',#2591);
#1188=VERTEX_POINT('',#2593);
#1189=VERTEX_POINT('',#2595);
#1190=VERTEX_POINT('',#2597);
#1191=VERTEX_POINT('',#2599);
#1192=VERTEX_POINT('',#2601);
#1193=VERTEX_POINT('',#2603);
#1194=VERTEX_POINT('',#2605);
#1195=VERTEX_POINT('',#2607);
#1196=VERTEX_POINT('',#2610);
#1197=VERTEX_POINT('',#2612);
#1198=VERTEX_POINT('',#2615);
#1199=VERTEX_POINT('',#2616);
#1200=VERTEX_POINT('',#2618);
#1201=VERTEX_POINT('',#2620);
#1202=VERTEX_POINT('',#2624);
#1203=VERTEX_POINT('',#2626);
#1204=VERTEX_POINT('',#2628);
#1205=VERTEX_POINT('',#2632);
#1206=VERTEX_POINT('',#2634);
#1207=VERTEX_POINT('',#2636);
#1208=VERTEX_POINT('',#2638);
#1209=VERTEX_POINT('',#2641);
#1210=VERTEX_POINT('',#2643);
#1211=VERTEX_POINT('',#2644);
#1212=VERTEX_POINT('',#2646);
#1213=VERTEX_POINT('',#2648);
#1214=VERTEX_POINT('',#2650);
#1215=VERTEX_POINT('',#2652);
#1216=VERTEX_POINT('',#2654);
#1217=VERTEX_POINT('',#2658);
#1218=VERTEX_POINT('',#2661);
#1219=VERTEX_POINT('',#2664);
#1220=VERTEX_POINT('',#2673);
#1221=VERTEX_POINT('',#2695);
#1222=VERTEX_POINT('',#2699);
#1223=VERTEX_POINT('',#2701);
#1224=VERTEX_POINT('',#2706);
#1225=VERTEX_POINT('',#2707);
#1226=VERTEX_POINT('',#2709);
#1227=VERTEX_POINT('',#2711);
#1228=VERTEX_POINT('',#2715);
#1229=VERTEX_POINT('',#2716);
#1230=VERTEX_POINT('',#2733);
#1231=VERTEX_POINT('',#2735);
#1232=VERTEX_POINT('',#2749);
#1233=VERTEX_POINT('',#2752);
#1234=VERTEX_POINT('',#2754);
#1235=VERTEX_POINT('',#2756);
#1236=VERTEX_POINT('',#2758);
#1237=VERTEX_POINT('',#2760);
#1238=VERTEX_POINT('',#2762);
#1239=VERTEX_POINT('',#2764);
#1240=VERTEX_POINT('',#2768);
#1241=VERTEX_POINT('',#2770);
#1242=VERTEX_POINT('',#2774);
#1243=VERTEX_POINT('',#2776);
#1244=VERTEX_POINT('',#2778);
#1245=VERTEX_POINT('',#2781);
#1246=VERTEX_POINT('',#2784);
#1247=VERTEX_POINT('',#2787);
#1248=VERTEX_POINT('',#2812);
#1249=VERTEX_POINT('',#2814);
#1250=VERTEX_POINT('',#2818);
#1251=VERTEX_POINT('',#2820);
#1252=VERTEX_POINT('',#2828);
#1253=VERTEX_POINT('',#2829);
#1254=VERTEX_POINT('',#2842);
#1255=EDGE_CURVE('',#1125,#1125,#1429,.T.);
#1256=EDGE_CURVE('',#1126,#1126,#1430,.T.);
#1257=EDGE_CURVE('',#1127,#1127,#1431,.T.);
#1258=EDGE_CURVE('',#1128,#1128,#1432,.T.);
#1259=EDGE_CURVE('',#1129,#1129,#1433,.T.);
#1260=EDGE_CURVE('',#1130,#1130,#1434,.T.);
#1261=EDGE_CURVE('',#1131,#1131,#1435,.T.);
#1262=EDGE_CURVE('',#1132,#1132,#1436,.T.);
#1263=EDGE_CURVE('',#1133,#1133,#1437,.T.);
#1264=EDGE_CURVE('',#1134,#1134,#1438,.T.);
#1265=EDGE_CURVE('',#1135,#1135,#1439,.T.);
#1266=EDGE_CURVE('',#1136,#1136,#1440,.T.);
#1267=EDGE_CURVE('',#1137,#1137,#1441,.T.);
#1268=EDGE_CURVE('',#1138,#1138,#1442,.T.);
#1269=EDGE_CURVE('',#1139,#1139,#1443,.T.);
#1270=EDGE_CURVE('',#1140,#1140,#1444,.T.);
#1271=EDGE_CURVE('',#1141,#1141,#1445,.T.);
#1272=EDGE_CURVE('',#1142,#1142,#1446,.T.);
#1273=EDGE_CURVE('',#1143,#1143,#1447,.T.);
#1274=EDGE_CURVE('',#1144,#1144,#1448,.T.);
#1275=EDGE_CURVE('',#1145,#1145,#1449,.T.);
#1276=EDGE_CURVE('',#1146,#1146,#1450,.T.);
#1277=EDGE_CURVE('',#1147,#1147,#1451,.T.);
#1278=EDGE_CURVE('',#1148,#1148,#1452,.T.);
#1279=EDGE_CURVE('',#1149,#1149,#1453,.T.);
#1280=EDGE_CURVE('',#1150,#1150,#1454,.T.);
#1281=EDGE_CURVE('',#1151,#1151,#1455,.T.);
#1282=EDGE_CURVE('',#1152,#1152,#1456,.T.);
#1283=EDGE_CURVE('',#1153,#1154,#1457,.T.);
#1284=EDGE_CURVE('',#1154,#1155,#110,.T.);
#1285=EDGE_CURVE('',#1155,#1156,#1458,.T.);
#1286=EDGE_CURVE('',#1156,#1157,#111,.T.);
#1287=EDGE_CURVE('',#1157,#1158,#1459,.T.);
#1288=EDGE_CURVE('',#1158,#1153,#112,.T.);
#1289=EDGE_CURVE('',#1159,#1160,#113,.T.);
#1290=EDGE_CURVE('',#1160,#1161,#97,.T.);
#1291=EDGE_CURVE('',#1161,#1162,#114,.T.);
#1292=EDGE_CURVE('',#1163,#1162,#115,.T.);
#1293=EDGE_CURVE('',#1159,#1163,#116,.T.);
#1294=EDGE_CURVE('',#1164,#1165,#117,.T.);
#1295=EDGE_CURVE('',#1165,#1166,#98,.T.);
#1296=EDGE_CURVE('',#1166,#1167,#118,.T.);
#1297=EDGE_CURVE('',#1167,#1168,#99,.T.);
#1298=EDGE_CURVE('',#1168,#1169,#119,.T.);
#1299=EDGE_CURVE('',#1164,#1169,#120,.T.);
#1300=EDGE_CURVE('',#1170,#1171,#121,.T.);
#1301=EDGE_CURVE('',#1171,#1172,#122,.T.);
#1302=EDGE_CURVE('',#1172,#1173,#100,.T.);
#1303=EDGE_CURVE('',#1173,#1174,#123,.T.);
#1304=EDGE_CURVE('',#1170,#1174,#124,.T.);
#1305=EDGE_CURVE('',#1162,#1171,#1460,.T.);
#1306=EDGE_CURVE('',#1170,#1163,#1461,.T.);
#1307=EDGE_CURVE('',#1175,#1175,#1462,.T.);
#1308=EDGE_CURVE('',#1176,#1176,#1463,.T.);
#1309=EDGE_CURVE('',#1177,#1177,#1464,.T.);
#1310=EDGE_CURVE('',#1169,#1159,#1465,.T.);
#1311=EDGE_CURVE('',#1174,#1164,#1466,.T.);
#1312=EDGE_CURVE('',#1168,#1160,#101,.T.);
#1313=EDGE_CURVE('',#1173,#1165,#102,.T.);
#1314=EDGE_CURVE('',#1178,#1178,#1467,.T.);
#1315=EDGE_CURVE('',#1179,#1179,#1468,.T.);
#1316=EDGE_CURVE('',#1180,#1153,#1469,.T.);
#1317=EDGE_CURVE('',#1181,#1180,#1470,.T.);
#1318=EDGE_CURVE('',#1154,#1181,#1471,.T.);
#1319=EDGE_CURVE('',#1156,#1182,#1472,.T.);
#1320=EDGE_CURVE('',#1183,#1155,#1473,.T.);
#1321=EDGE_CURVE('',#1182,#1183,#1474,.T.);
#1322=EDGE_CURVE('',#1173,#1182,#1475,.T.);
#1323=EDGE_CURVE('',#1156,#1172,#1476,.T.);
#1324=EDGE_CURVE('',#1157,#1171,#1477,.T.);
#1325=EDGE_CURVE('',#1165,#1183,#1478,.T.);
#1326=EDGE_CURVE('',#1158,#1162,#1479,.T.);
#1327=EDGE_CURVE('',#1166,#1155,#1480,.T.);
#1328=EDGE_CURVE('',#1153,#1161,#1481,.T.);
#1329=EDGE_CURVE('',#1167,#1154,#1482,.T.);
#1330=EDGE_CURVE('',#1180,#1160,#1483,.T.);
#1331=EDGE_CURVE('',#1168,#1181,#1484,.T.);
#1332=EDGE_CURVE('',#1184,#1184,#1485,.T.);
#1333=EDGE_CURVE('',#1185,#1185,#1486,.T.);
#1334=EDGE_CURVE('',#1186,#1187,#125,.T.);
#1335=EDGE_CURVE('',#1186,#1188,#1487,.T.);
#1336=EDGE_CURVE('',#1188,#1189,#1488,.T.);
#1337=EDGE_CURVE('',#1189,#1190,#1489,.T.);
#1338=EDGE_CURVE('',#1191,#1190,#126,.T.);
#1339=EDGE_CURVE('',#1192,#1191,#127,.T.);
#1340=EDGE_CURVE('',#1192,#1193,#1490,.T.);
#1341=EDGE_CURVE('',#1193,#1194,#128,.T.);
#1342=EDGE_CURVE('',#1194,#1195,#1491,.T.);
#1343=EDGE_CURVE('',#1195,#1187,#129,.T.);
#1344=EDGE_CURVE('',#1196,#1196,#1492,.T.);
#1345=EDGE_CURVE('',#1197,#1197,#1493,.T.);
#1346=EDGE_CURVE('',#1198,#1199,#130,.T.);
#1347=EDGE_CURVE('',#1198,#1200,#131,.T.);
#1348=EDGE_CURVE('',#1201,#1200,#132,.T.);
#1349=EDGE_CURVE('',#1199,#1201,#1494,.T.);
#1350=EDGE_CURVE('',#1202,#1202,#1495,.T.);
#1351=EDGE_CURVE('',#1201,#1203,#133,.T.);
#1352=EDGE_CURVE('',#1203,#1204,#1496,.T.);
#1353=EDGE_CURVE('',#1199,#1204,#134,.T.);
#1354=EDGE_CURVE('',#1205,#1205,#1497,.T.);
#1355=EDGE_CURVE('',#1206,#1206,#1498,.T.);
#1356=EDGE_CURVE('',#1207,#1207,#1499,.T.);
#1357=EDGE_CURVE('',#1208,#1208,#1500,.T.);
#1358=EDGE_CURVE('',#1209,#1209,#1501,.T.);
#1359=EDGE_CURVE('',#1210,#1211,#1502,.T.);
#1360=EDGE_CURVE('',#1211,#1212,#1503,.T.);
#1361=EDGE_CURVE('',#1212,#1213,#1504,.T.);
#1362=EDGE_CURVE('',#1213,#1214,#135,.T.);
#1363=EDGE_CURVE('',#1214,#1215,#136,.T.);
#1364=EDGE_CURVE('',#1215,#1216,#137,.T.);
#1365=EDGE_CURVE('',#1216,#1210,#1505,.T.);
#1366=EDGE_CURVE('',#1217,#1217,#1506,.T.);
#1367=EDGE_CURVE('',#1218,#1218,#1507,.T.);
#1368=EDGE_CURVE('',#1219,#1219,#1508,.T.);
#1369=EDGE_CURVE('',#1212,#1220,#103,.T.);
#1370=EDGE_CURVE('',#1220,#1213,#104,.T.);
#1371=EDGE_CURVE('',#1210,#1211,#105,.T.);
#1372=EDGE_CURVE('',#1221,#1221,#1509,.T.);
#1373=EDGE_CURVE('',#1195,#1222,#138,.T.);
#1374=EDGE_CURVE('',#1222,#1223,#139,.T.);
#1375=EDGE_CURVE('',#1223,#1203,#140,.T.);
#1376=EDGE_CURVE('',#1200,#1187,#141,.T.);
#1377=EDGE_CURVE('',#1224,#1225,#142,.T.);
#1378=EDGE_CURVE('',#1225,#1226,#143,.T.);
#1379=EDGE_CURVE('',#1226,#1227,#1510,.T.);
#1380=EDGE_CURVE('',#1227,#1224,#144,.T.);
#1381=EDGE_CURVE('',#1228,#1229,#145,.T.);
#1382=EDGE_CURVE('',#1229,#1192,#146,.T.);
#1383=EDGE_CURVE('',#1191,#1198,#147,.T.);
#1384=EDGE_CURVE('',#1204,#1228,#148,.T.);
#1385=EDGE_CURVE('',#1226,#1222,#106,.T.);
#1386=EDGE_CURVE('',#1222,#1230,#107,.T.);
#1387=EDGE_CURVE('',#1230,#1231,#1511,.T.);
#1388=EDGE_CURVE('',#1231,#1229,#108,.T.);
#1389=EDGE_CURVE('',#1229,#1227,#109,.T.);
#1390=EDGE_CURVE('',#1232,#1232,#1512,.T.);
#1391=EDGE_CURVE('',#1233,#1233,#1513,.T.);
#1392=EDGE_CURVE('',#1234,#1234,#1514,.T.);
#1393=EDGE_CURVE('',#1235,#1235,#1515,.T.);
#1394=EDGE_CURVE('',#1190,#1236,#149,.T.);
#1395=EDGE_CURVE('',#1237,#1236,#150,.T.);
#1396=EDGE_CURVE('',#1238,#1237,#151,.T.);
#1397=EDGE_CURVE('',#1239,#1238,#152,.T.);
#1398=EDGE_CURVE('',#1239,#1186,#153,.T.);
#1399=EDGE_CURVE('',#1240,#1240,#1516,.T.);
#1400=EDGE_CURVE('',#1241,#1241,#1517,.T.);
#1401=EDGE_CURVE('',#1242,#1242,#1518,.T.);
#1402=EDGE_CURVE('',#1243,#1243,#1519,.T.);
#1403=EDGE_CURVE('',#1244,#1244,#1520,.T.);
#1404=EDGE_CURVE('',#1245,#1245,#1521,.T.);
#1405=EDGE_CURVE('',#1246,#1246,#1522,.T.);
#1406=EDGE_CURVE('',#1247,#1247,#1523,.T.);
#1407=EDGE_CURVE('',#1216,#1204,#1524,.T.);
#1408=EDGE_CURVE('',#1220,#1203,#1525,.T.);
#1409=EDGE_CURVE('',#1225,#1223,#1526,.T.);
#1410=EDGE_CURVE('',#1214,#1223,#1527,.T.);
#1411=EDGE_CURVE('',#1215,#1228,#1528,.T.);
#1412=EDGE_CURVE('',#1224,#1228,#1529,.T.);
#1413=EDGE_CURVE('',#1214,#1225,#1530,.T.);
#1414=EDGE_CURVE('',#1224,#1215,#1531,.T.);
#1415=EDGE_CURVE('',#1193,#1231,#154,.T.);
#1416=EDGE_CURVE('',#1230,#1194,#155,.T.);
#1417=EDGE_CURVE('',#1248,#1248,#1532,.T.);
#1418=EDGE_CURVE('',#1249,#1249,#1533,.T.);
#1419=EDGE_CURVE('',#1250,#1250,#1534,.T.);
#1420=EDGE_CURVE('',#1251,#1251,#1535,.T.);
#1421=EDGE_CURVE('',#1252,#1253,#1536,.T.);
#1422=EDGE_CURVE('',#1253,#1189,#156,.T.);
#1423=EDGE_CURVE('',#1188,#1252,#157,.T.);
#1424=EDGE_CURVE('',#1238,#1237,#1537,.T.);
#1425=EDGE_CURVE('',#1236,#1253,#1538,.T.);
#1426=EDGE_CURVE('',#1252,#1239,#1539,.T.);
#1427=EDGE_CURVE('',#1238,#1237,#1540,.T.);
#1428=EDGE_CURVE('',#1254,#1254,#1541,.T.);
#1429=CIRCLE('',#1543,11.5000000000028);
#1430=CIRCLE('',#1544,11.5000000000028);
#1431=CIRCLE('',#1546,11.0000000000028);
#1432=CIRCLE('',#1547,3.65);
#1433=CIRCLE('',#1548,3.65);
#1434=CIRCLE('',#1549,3.65);
#1435=CIRCLE('',#1551,1.65);
#1436=CIRCLE('',#1552,1.65);
#1437=CIRCLE('',#1553,1.65);
#1438=CIRCLE('',#1555,1.65);
#1439=CIRCLE('',#1557,1.65);
#1440=CIRCLE('',#1559,1.65);
#1441=CIRCLE('',#1565,10.);
#1442=CIRCLE('',#1566,10.);
#1443=CIRCLE('',#1568,9.);
#1444=CIRCLE('',#1569,1.75);
#1445=CIRCLE('',#1570,1.75);
#1446=CIRCLE('',#1571,1.75);
#1447=CIRCLE('',#1573,1.25);
#1448=CIRCLE('',#1574,1.25);
#1449=CIRCLE('',#1577,1.25);
#1450=CIRCLE('',#1578,1.25);
#1451=CIRCLE('',#1581,1.25);
#1452=CIRCLE('',#1582,1.25);
#1453=CIRCLE('',#1589,11.5);
#1454=CIRCLE('',#1590,11.5);
#1455=CIRCLE('',#1592,11.);
#1456=CIRCLE('',#1594,3.65);
#1457=CIRCLE('',#1595,3.64999999999998);
#1458=CIRCLE('',#1596,3.64999999999998);
#1459=CIRCLE('',#1597,13.5);
#1460=CIRCLE('',#1602,15.5);
#1461=CIRCLE('',#1603,15.5);
#1462=CIRCLE('',#1605,1.65);
#1463=CIRCLE('',#1606,1.65);
#1464=CIRCLE('',#1607,1.65);
#1465=CIRCLE('',#1608,4.);
#1466=CIRCLE('',#1609,4.);
#1467=CIRCLE('',#1614,1.65);
#1468=CIRCLE('',#1616,1.65);
#1469=CIRCLE('',#1618,3.64999999999998);
#1470=CIRCLE('',#1619,3.64999999999998);
#1471=CIRCLE('',#1620,3.64999999999998);
#1472=CIRCLE('',#1622,3.64999999999998);
#1473=CIRCLE('',#1623,3.64999999999998);
#1474=CIRCLE('',#1624,3.64999999999998);
#1475=CIRCLE('',#1626,2.);
#1476=CIRCLE('',#1627,2.);
#1477=CIRCLE('',#1628,2.);
#1478=CIRCLE('',#1630,2.);
#1479=CIRCLE('',#1631,2.);
#1480=CIRCLE('',#1633,2.);
#1481=CIRCLE('',#1634,2.);
#1482=CIRCLE('',#1636,2.);
#1483=CIRCLE('',#1638,2.);
#1484=CIRCLE('',#1639,2.);
#1485=CIRCLE('',#1640,1.65);
#1486=CIRCLE('',#1643,1.74999999999998);
#1487=CIRCLE('',#1644,2.);
#1488=CIRCLE('',#1645,4.5);
#1489=CIRCLE('',#1646,2.);
#1490=CIRCLE('',#1647,4.);
#1491=CIRCLE('',#1648,4.);
#1492=CIRCLE('',#1649,1.75000000000001);
#1493=CIRCLE('',#1650,1.74999999999999);
#1494=CIRCLE('',#1652,15.4999999999947);
#1495=CIRCLE('',#1654,15.4999999999947);
#1496=CIRCLE('',#1655,15.4999999999947);
#1497=CIRCLE('',#1657,1.65);
#1498=CIRCLE('',#1658,1.65);
#1499=CIRCLE('',#1659,1.65);
#1500=CIRCLE('',#1660,13.6);
#1501=CIRCLE('',#1662,3.65);
#1502=CIRCLE('',#1663,3.65);
#1503=CIRCLE('',#1664,13.4999999999947);
#1504=CIRCLE('',#1665,3.65);
#1505=CIRCLE('',#1666,13.4999999999947);
#1506=CIRCLE('',#1668,1.65);
#1507=CIRCLE('',#1670,1.65);
#1508=CIRCLE('',#1672,1.65);
#1509=CIRCLE('',#1677,13.6);
#1510=CIRCLE('',#1681,15.4999999999974);
#1511=CIRCLE('',#1684,15.4999999999974);
#1512=CIRCLE('',#1685,15.4999999999974);
#1513=CIRCLE('',#1687,3.65000000000001);
#1514=CIRCLE('',#1688,3.65000000000001);
#1515=CIRCLE('',#1689,3.65000000000001);
#1516=CIRCLE('',#1691,13.6);
#1517=CIRCLE('',#1692,13.6);
#1518=CIRCLE('',#1695,1.65);
#1519=CIRCLE('',#1696,1.65);
#1520=CIRCLE('',#1697,1.65);
#1521=CIRCLE('',#1699,1.65);
#1522=CIRCLE('',#1701,1.65);
#1523=CIRCLE('',#1703,1.65);
#1524=CIRCLE('',#1708,2.);
#1525=CIRCLE('',#1709,2.);
#1526=CIRCLE('',#1711,2.);
#1527=CIRCLE('',#1713,2.);
#1528=CIRCLE('',#1715,2.);
#1529=CIRCLE('',#1717,2.);
#1530=CIRCLE('',#1719,2.);
#1531=CIRCLE('',#1721,2.);
#1532=CIRCLE('',#1725,1.25);
#1533=CIRCLE('',#1726,1.25);
#1534=CIRCLE('',#1729,1.25);
#1535=CIRCLE('',#1730,1.25);
#1536=CIRCLE('',#1737,4.5);
#1537=CIRCLE('',#1739,1.25);
#1538=CIRCLE('',#1740,2.);
#1539=CIRCLE('',#1741,2.);
#1540=CIRCLE('',#1745,1.25);
#1541=CIRCLE('',#1747,1.25);
#1542=AXIS2_PLACEMENT_3D('',#2214,#1750,#1751);
#1543=AXIS2_PLACEMENT_3D('',#2215,#1752,#1753);
#1544=AXIS2_PLACEMENT_3D('',#2217,#1754,#1755);
#1545=AXIS2_PLACEMENT_3D('',#2219,#1756,#1757);
#1546=AXIS2_PLACEMENT_3D('',#2220,#1758,#1759);
#1547=AXIS2_PLACEMENT_3D('',#2222,#1760,#1761);
#1548=AXIS2_PLACEMENT_3D('',#2224,#1762,#1763);
#1549=AXIS2_PLACEMENT_3D('',#2226,#1764,#1765);
#1550=AXIS2_PLACEMENT_3D('',#2228,#1766,#1767);
#1551=AXIS2_PLACEMENT_3D('',#2229,#1768,#1769);
#1552=AXIS2_PLACEMENT_3D('',#2231,#1770,#1771);
#1553=AXIS2_PLACEMENT_3D('',#2233,#1772,#1773);
#1554=AXIS2_PLACEMENT_3D('',#2235,#1774,#1775);
#1555=AXIS2_PLACEMENT_3D('',#2236,#1776,#1777);
#1556=AXIS2_PLACEMENT_3D('',#2238,#1778,#1779);
#1557=AXIS2_PLACEMENT_3D('',#2239,#1780,#1781);
#1558=AXIS2_PLACEMENT_3D('',#2241,#1782,#1783);
#1559=AXIS2_PLACEMENT_3D('',#2242,#1784,#1785);
#1560=AXIS2_PLACEMENT_3D('',#2244,#1786,#1787);
#1561=AXIS2_PLACEMENT_3D('',#2245,#1788,#1789);
#1562=AXIS2_PLACEMENT_3D('',#2246,#1790,#1791);
#1563=AXIS2_PLACEMENT_3D('',#2247,#1792,#1793);
#1564=AXIS2_PLACEMENT_3D('',#2248,#1794,#1795);
#1565=AXIS2_PLACEMENT_3D('',#2249,#1796,#1797);
#1566=AXIS2_PLACEMENT_3D('',#2251,#1798,#1799);
#1567=AXIS2_PLACEMENT_3D('',#2253,#1800,#1801);
#1568=AXIS2_PLACEMENT_3D('',#2254,#1802,#1803);
#1569=AXIS2_PLACEMENT_3D('',#2256,#1804,#1805);
#1570=AXIS2_PLACEMENT_3D('',#2258,#1806,#1807);
#1571=AXIS2_PLACEMENT_3D('',#2260,#1808,#1809);
#1572=AXIS2_PLACEMENT_3D('',#2262,#1810,#1811);
#1573=AXIS2_PLACEMENT_3D('',#2263,#1812,#1813);
#1574=AXIS2_PLACEMENT_3D('',#2265,#1814,#1815);
#1575=AXIS2_PLACEMENT_3D('',#2267,#1816,#1817);
#1576=AXIS2_PLACEMENT_3D('',#2268,#1818,#1819);
#1577=AXIS2_PLACEMENT_3D('',#2269,#1820,#1821);
#1578=AXIS2_PLACEMENT_3D('',#2271,#1822,#1823);
#1579=AXIS2_PLACEMENT_3D('',#2273,#1824,#1825);
#1580=AXIS2_PLACEMENT_3D('',#2274,#1826,#1827);
#1581=AXIS2_PLACEMENT_3D('',#2275,#1828,#1829);
#1582=AXIS2_PLACEMENT_3D('',#2277,#1830,#1831);
#1583=AXIS2_PLACEMENT_3D('',#2279,#1832,#1833);
#1584=AXIS2_PLACEMENT_3D('',#2280,#1834,#1835);
#1585=AXIS2_PLACEMENT_3D('',#2281,#1836,#1837);
#1586=AXIS2_PLACEMENT_3D('',#2282,#1838,#1839);
#1587=AXIS2_PLACEMENT_3D('',#2283,#1840,#1841);
#1588=AXIS2_PLACEMENT_3D('',#2284,#1842,#1843);
#1589=AXIS2_PLACEMENT_3D('',#2285,#1844,#1845);
#1590=AXIS2_PLACEMENT_3D('',#2287,#1846,#1847);
#1591=AXIS2_PLACEMENT_3D('',#2289,#1848,#1849);
#1592=AXIS2_PLACEMENT_3D('',#2290,#1850,#1851);
#1593=AXIS2_PLACEMENT_3D('',#2292,#1852,#1853);
#1594=AXIS2_PLACEMENT_3D('',#2293,#1854,#1855);
#1595=AXIS2_PLACEMENT_3D('',#2295,#1856,#1857);
#1596=AXIS2_PLACEMENT_3D('',#2300,#1859,#1860);
#1597=AXIS2_PLACEMENT_3D('',#2304,#1862,#1863);
#1598=AXIS2_PLACEMENT_3D('',#2307,#1865,#1866);
#1599=AXIS2_PLACEMENT_3D('',#2324,#1871,#1872);
#1600=AXIS2_PLACEMENT_3D('',#2351,#1877,#1878);
#1601=AXIS2_PLACEMENT_3D('',#2368,#1883,#1884);
#1602=AXIS2_PLACEMENT_3D('',#2369,#1885,#1886);
#1603=AXIS2_PLACEMENT_3D('',#2370,#1887,#1888);
#1604=AXIS2_PLACEMENT_3D('',#2371,#1889,#1890);
#1605=AXIS2_PLACEMENT_3D('',#2372,#1891,#1892);
#1606=AXIS2_PLACEMENT_3D('',#2374,#1893,#1894);
#1607=AXIS2_PLACEMENT_3D('',#2376,#1895,#1896);
#1608=AXIS2_PLACEMENT_3D('',#2378,#1897,#1898);
#1609=AXIS2_PLACEMENT_3D('',#2379,#1899,#1900);
#1610=AXIS2_PLACEMENT_3D('',#2380,#1901,#1902);
#1611=AXIS2_PLACEMENT_3D('',#2381,#1903,#1904);
#1612=AXIS2_PLACEMENT_3D('',#2398,#1905,#1906);
#1613=AXIS2_PLACEMENT_3D('',#2418,#1907,#1908);
#1614=AXIS2_PLACEMENT_3D('',#2419,#1909,#1910);
#1615=AXIS2_PLACEMENT_3D('',#2421,#1911,#1912);
#1616=AXIS2_PLACEMENT_3D('',#2422,#1913,#1914);
#1617=AXIS2_PLACEMENT_3D('',#2424,#1915,#1916);
#1618=AXIS2_PLACEMENT_3D('',#2425,#1917,#1918);
#1619=AXIS2_PLACEMENT_3D('',#2427,#1919,#1920);
#1620=AXIS2_PLACEMENT_3D('',#2429,#1921,#1922);
#1621=AXIS2_PLACEMENT_3D('',#2430,#1923,#1924);
#1622=AXIS2_PLACEMENT_3D('',#2431,#1925,#1926);
#1623=AXIS2_PLACEMENT_3D('',#2433,#1927,#1928);
#1624=AXIS2_PLACEMENT_3D('',#2435,#1929,#1930);
#1625=AXIS2_PLACEMENT_3D('',#2436,#1931,#1932);
#1626=AXIS2_PLACEMENT_3D('',#2437,#1933,#1934);
#1627=AXIS2_PLACEMENT_3D('',#2438,#1935,#1936);
#1628=AXIS2_PLACEMENT_3D('',#2451,#1937,#1938);
#1629=AXIS2_PLACEMENT_3D('',#2452,#1939,#1940);
#1630=AXIS2_PLACEMENT_3D('',#2453,#1941,#1942);
#1631=AXIS2_PLACEMENT_3D('',#2472,#1943,#1944);
#1632=AXIS2_PLACEMENT_3D('',#2473,#1945,#1946);
#1633=AXIS2_PLACEMENT_3D('',#2474,#1947,#1948);
#1634=AXIS2_PLACEMENT_3D('',#2511,#1949,#1950);
#1635=AXIS2_PLACEMENT_3D('',#2512,#1951,#1952);
#1636=AXIS2_PLACEMENT_3D('',#2513,#1953,#1954);
#1637=AXIS2_PLACEMENT_3D('',#2514,#1955,#1956);
#1638=AXIS2_PLACEMENT_3D('',#2515,#1957,#1958);
#1639=AXIS2_PLACEMENT_3D('',#2528,#1959,#1960);
#1640=AXIS2_PLACEMENT_3D('',#2583,#1961,#1962);
#1641=AXIS2_PLACEMENT_3D('',#2585,#1963,#1964);
#1642=AXIS2_PLACEMENT_3D('',#2586,#1965,#1966);
#1643=AXIS2_PLACEMENT_3D('',#2587,#1967,#1968);
#1644=AXIS2_PLACEMENT_3D('',#2592,#1970,#1971);
#1645=AXIS2_PLACEMENT_3D('',#2594,#1972,#1973);
#1646=AXIS2_PLACEMENT_3D('',#2596,#1974,#1975);
#1647=AXIS2_PLACEMENT_3D('',#2602,#1978,#1979);
#1648=AXIS2_PLACEMENT_3D('',#2606,#1981,#1982);
#1649=AXIS2_PLACEMENT_3D('',#2609,#1984,#1985);
#1650=AXIS2_PLACEMENT_3D('',#2611,#1986,#1987);
#1651=AXIS2_PLACEMENT_3D('',#2613,#1988,#1989);
#1652=AXIS2_PLACEMENT_3D('',#2621,#1993,#1994);
#1653=AXIS2_PLACEMENT_3D('',#2622,#1995,#1996);
#1654=AXIS2_PLACEMENT_3D('',#2623,#1997,#1998);
#1655=AXIS2_PLACEMENT_3D('',#2627,#2000,#2001);
#1656=AXIS2_PLACEMENT_3D('',#2630,#2003,#2004);
#1657=AXIS2_PLACEMENT_3D('',#2631,#2005,#2006);
#1658=AXIS2_PLACEMENT_3D('',#2633,#2007,#2008);
#1659=AXIS2_PLACEMENT_3D('',#2635,#2009,#2010);
#1660=AXIS2_PLACEMENT_3D('',#2637,#2011,#2012);
#1661=AXIS2_PLACEMENT_3D('',#2639,#2013,#2014);
#1662=AXIS2_PLACEMENT_3D('',#2640,#2015,#2016);
#1663=AXIS2_PLACEMENT_3D('',#2642,#2017,#2018);
#1664=AXIS2_PLACEMENT_3D('',#2645,#2019,#2020);
#1665=AXIS2_PLACEMENT_3D('',#2647,#2021,#2022);
#1666=AXIS2_PLACEMENT_3D('',#2655,#2026,#2027);
#1667=AXIS2_PLACEMENT_3D('',#2656,#2028,#2029);
#1668=AXIS2_PLACEMENT_3D('',#2657,#2030,#2031);
#1669=AXIS2_PLACEMENT_3D('',#2659,#2032,#2033);
#1670=AXIS2_PLACEMENT_3D('',#2660,#2034,#2035);
#1671=AXIS2_PLACEMENT_3D('',#2662,#2036,#2037);
#1672=AXIS2_PLACEMENT_3D('',#2663,#2038,#2039);
#1673=AXIS2_PLACEMENT_3D('',#2665,#2040,#2041);
#1674=AXIS2_PLACEMENT_3D('',#2681,#2042,#2043);
#1675=AXIS2_PLACEMENT_3D('',#2692,#2044,#2045);
#1676=AXIS2_PLACEMENT_3D('',#2693,#2046,#2047);
#1677=AXIS2_PLACEMENT_3D('',#2694,#2048,#2049);
#1678=AXIS2_PLACEMENT_3D('',#2696,#2050,#2051);
#1679=AXIS2_PLACEMENT_3D('',#2697,#2052,#2053);
#1680=AXIS2_PLACEMENT_3D('',#2704,#2058,#2059);
#1681=AXIS2_PLACEMENT_3D('',#2710,#2062,#2063);
#1682=AXIS2_PLACEMENT_3D('',#2713,#2065,#2066);
#1683=AXIS2_PLACEMENT_3D('',#2720,#2071,#2072);
#1684=AXIS2_PLACEMENT_3D('',#2734,#2073,#2074);
#1685=AXIS2_PLACEMENT_3D('',#2748,#2075,#2076);
#1686=AXIS2_PLACEMENT_3D('',#2750,#2077,#2078);
#1687=AXIS2_PLACEMENT_3D('',#2751,#2079,#2080);
#1688=AXIS2_PLACEMENT_3D('',#2753,#2081,#2082);
#1689=AXIS2_PLACEMENT_3D('',#2755,#2083,#2084);
#1690=AXIS2_PLACEMENT_3D('',#2766,#2090,#2091);
#1691=AXIS2_PLACEMENT_3D('',#2767,#2092,#2093);
#1692=AXIS2_PLACEMENT_3D('',#2769,#2094,#2095);
#1693=AXIS2_PLACEMENT_3D('',#2771,#2096,#2097);
#1694=AXIS2_PLACEMENT_3D('',#2772,#2098,#2099);
#1695=AXIS2_PLACEMENT_3D('',#2773,#2100,#2101);
#1696=AXIS2_PLACEMENT_3D('',#2775,#2102,#2103);
#1697=AXIS2_PLACEMENT_3D('',#2777,#2104,#2105);
#1698=AXIS2_PLACEMENT_3D('',#2779,#2106,#2107);
#1699=AXIS2_PLACEMENT_3D('',#2780,#2108,#2109);
#1700=AXIS2_PLACEMENT_3D('',#2782,#2110,#2111);
#1701=AXIS2_PLACEMENT_3D('',#2783,#2112,#2113);
#1702=AXIS2_PLACEMENT_3D('',#2785,#2114,#2115);
#1703=AXIS2_PLACEMENT_3D('',#2786,#2116,#2117);
#1704=AXIS2_PLACEMENT_3D('',#2788,#2118,#2119);
#1705=AXIS2_PLACEMENT_3D('',#2789,#2120,#2121);
#1706=AXIS2_PLACEMENT_3D('',#2790,#2122,#2123);
#1707=AXIS2_PLACEMENT_3D('',#2791,#2124,#2125);
#1708=AXIS2_PLACEMENT_3D('',#2792,#2126,#2127);
#1709=AXIS2_PLACEMENT_3D('',#2793,#2128,#2129);
#1710=AXIS2_PLACEMENT_3D('',#2794,#2130,#2131);
#1711=AXIS2_PLACEMENT_3D('',#2795,#2132,#2133);
#1712=AXIS2_PLACEMENT_3D('',#2796,#2134,#2135);
#1713=AXIS2_PLACEMENT_3D('',#2797,#2136,#2137);
#1714=AXIS2_PLACEMENT_3D('',#2798,#2138,#2139);
#1715=AXIS2_PLACEMENT_3D('',#2799,#2140,#2141);
#1716=AXIS2_PLACEMENT_3D('',#2800,#2142,#2143);
#1717=AXIS2_PLACEMENT_3D('',#2801,#2144,#2145);
#1718=AXIS2_PLACEMENT_3D('',#2802,#2146,#2147);
#1719=AXIS2_PLACEMENT_3D('',#2803,#2148,#2149);
#1720=AXIS2_PLACEMENT_3D('',#2804,#2150,#2151);
#1721=AXIS2_PLACEMENT_3D('',#2805,#2152,#2153);
#1722=AXIS2_PLACEMENT_3D('',#2806,#2154,#2155);
#1723=AXIS2_PLACEMENT_3D('',#2807,#2156,#2157);
#1724=AXIS2_PLACEMENT_3D('',#2810,#2160,#2161);
#1725=AXIS2_PLACEMENT_3D('',#2811,#2162,#2163);
#1726=AXIS2_PLACEMENT_3D('',#2813,#2164,#2165);
#1727=AXIS2_PLACEMENT_3D('',#2815,#2166,#2167);
#1728=AXIS2_PLACEMENT_3D('',#2816,#2168,#2169);
#1729=AXIS2_PLACEMENT_3D('',#2817,#2170,#2171);
#1730=AXIS2_PLACEMENT_3D('',#2819,#2172,#2173);
#1731=AXIS2_PLACEMENT_3D('',#2821,#2174,#2175);
#1732=AXIS2_PLACEMENT_3D('',#2822,#2176,#2177);
#1733=AXIS2_PLACEMENT_3D('',#2823,#2178,#2179);
#1734=AXIS2_PLACEMENT_3D('',#2824,#2180,#2181);
#1735=AXIS2_PLACEMENT_3D('',#2825,#2182,#2183);
#1736=AXIS2_PLACEMENT_3D('',#2826,#2184,#2185);
#1737=AXIS2_PLACEMENT_3D('',#2827,#2186,#2187);
#1738=AXIS2_PLACEMENT_3D('',#2832,#2190,#2191);
#1739=AXIS2_PLACEMENT_3D('',#2833,#2192,#2193);
#1740=AXIS2_PLACEMENT_3D('',#2834,#2194,#2195);
#1741=AXIS2_PLACEMENT_3D('',#2835,#2196,#2197);
#1742=AXIS2_PLACEMENT_3D('',#2836,#2198,#2199);
#1743=AXIS2_PLACEMENT_3D('',#2837,#2200,#2201);
#1744=AXIS2_PLACEMENT_3D('',#2838,#2202,#2203);
#1745=AXIS2_PLACEMENT_3D('',#2839,#2204,#2205);
#1746=AXIS2_PLACEMENT_3D('',#2840,#2206,#2207);
#1747=AXIS2_PLACEMENT_3D('',#2841,#2208,#2209);
#1748=AXIS2_PLACEMENT_3D('',#2843,#2210,#2211);
#1749=AXIS2_PLACEMENT_3D('',#2844,#2212,#2213);
#1750=DIRECTION('',(0.,0.,1.));
#1751=DIRECTION('',(1.,0.,0.));
#1752=DIRECTION('',(0.,0.,1.));
#1753=DIRECTION('',(-0.86602540378444,0.499999999999998,0.));
#1754=DIRECTION('',(0.,0.,-1.));
#1755=DIRECTION('',(-0.86602540378444,0.499999999999998,0.));
#1756=DIRECTION('',(0.,0.,1.));
#1757=DIRECTION('',(0.86602540378444,-0.499999999999998,0.));
#1758=DIRECTION('',(0.,0.,-1.));
#1759=DIRECTION('',(-0.86602540378444,0.499999999999998,0.));
#1760=DIRECTION('',(0.,0.,1.));
#1761=DIRECTION('',(-0.86602540378444,0.499999999999998,0.));
#1762=DIRECTION('',(0.,0.,1.));
#1763=DIRECTION('',(-0.86602540378444,0.499999999999998,0.));
#1764=DIRECTION('',(0.,0.,1.));
#1765=DIRECTION('',(-0.86602540378444,0.499999999999998,0.));
#1766=DIRECTION('',(0.,0.,-1.));
#1767=DIRECTION('',(-0.86602540378444,0.499999999999998,0.));
#1768=DIRECTION('',(0.,0.,-1.));
#1769=DIRECTION('',(5.78241158658936E-15,-1.,0.));
#1770=DIRECTION('',(0.,0.,-1.));
#1771=DIRECTION('',(-0.86602540378444,0.499999999999998,0.));
#1772=DIRECTION('',(0.,0.,-1.));
#1773=DIRECTION('',(0.866025403784436,0.500000000000003,0.));
#1774=DIRECTION('',(0.,0.,-1.));
#1775=DIRECTION('',(-0.86602540378444,0.499999999999998,0.));
#1776=DIRECTION('',(0.,0.,-1.));
#1777=DIRECTION('',(-0.86602540378444,0.499999999999998,0.));
#1778=DIRECTION('',(0.,0.,-1.));
#1779=DIRECTION('',(-0.86602540378444,0.499999999999998,0.));
#1780=DIRECTION('',(0.,0.,-1.));
#1781=DIRECTION('',(-0.86602540378444,0.499999999999998,0.));
#1782=DIRECTION('',(0.,0.,-1.));
#1783=DIRECTION('',(-0.86602540378444,0.499999999999998,0.));
#1784=DIRECTION('',(0.,0.,-1.));
#1785=DIRECTION('',(-0.86602540378444,0.499999999999998,0.));
#1786=DIRECTION('',(0.,0.,-1.));
#1787=DIRECTION('',(-0.86602540378444,0.499999999999998,0.));
#1788=DIRECTION('',(0.,0.,-1.));
#1789=DIRECTION('',(-0.86602540378444,0.499999999999998,3.4637317944927E-17));
#1790=DIRECTION('',(0.,0.,-1.));
#1791=DIRECTION('',(-0.86602540378444,0.499999999999998,3.4637317944927E-17));
#1792=DIRECTION('',(0.,0.,-1.));
#1793=DIRECTION('',(-0.86602540378444,0.499999999999998,3.4637317944927E-17));
#1794=DIRECTION('',(0.,0.,1.));
#1795=DIRECTION('',(0.86602540378444,-0.499999999999998,-7.54973619614039E-17));
#1796=DIRECTION('',(0.,0.,-1.));
#1797=DIRECTION('',(0.,1.,0.));
#1798=DIRECTION('',(0.,0.,1.));
#1799=DIRECTION('',(0.,1.,0.));
#1800=DIRECTION('',(0.,0.,1.));
#1801=DIRECTION('',(0.,-1.,0.));
#1802=DIRECTION('',(0.,0.,-1.));
#1803=DIRECTION('',(0.,1.,0.));
#1804=DIRECTION('',(0.,0.,1.));
#1805=DIRECTION('',(0.,1.,0.));
#1806=DIRECTION('',(0.,0.,1.));
#1807=DIRECTION('',(0.,1.,0.));
#1808=DIRECTION('',(0.,0.,1.));
#1809=DIRECTION('',(0.,1.,0.));
#1810=DIRECTION('',(0.,0.,-1.));
#1811=DIRECTION('',(0.,1.,0.));
#1812=DIRECTION('',(0.,0.,-1.));
#1813=DIRECTION('',(0.,1.,0.));
#1814=DIRECTION('',(0.,0.,1.));
#1815=DIRECTION('',(-0.866025403784437,-0.500000000000003,0.));
#1816=DIRECTION('',(0.,0.,-1.));
#1817=DIRECTION('',(0.,1.,0.));
#1818=DIRECTION('',(0.,0.,-1.));
#1819=DIRECTION('',(0.,1.,0.));
#1820=DIRECTION('',(0.,0.,-1.));
#1821=DIRECTION('',(0.,1.,0.));
#1822=DIRECTION('',(0.,0.,1.));
#1823=DIRECTION('',(0.,1.,0.));
#1824=DIRECTION('',(0.,0.,-1.));
#1825=DIRECTION('',(0.,1.,0.));
#1826=DIRECTION('',(0.,0.,-1.));
#1827=DIRECTION('',(0.,1.,0.));
#1828=DIRECTION('',(0.,0.,-1.));
#1829=DIRECTION('',(0.,1.,0.));
#1830=DIRECTION('',(0.,0.,1.));
#1831=DIRECTION('',(0.866025403784439,-0.499999999999998,0.));
#1832=DIRECTION('',(0.,0.,-1.));
#1833=DIRECTION('',(0.,1.,0.));
#1834=DIRECTION('',(0.,0.,-1.));
#1835=DIRECTION('',(0.,1.,0.));
#1836=DIRECTION('',(0.,0.,-1.));
#1837=DIRECTION('',(0.,1.,-2.07906933450404E-17));
#1838=DIRECTION('',(0.,0.,-1.));
#1839=DIRECTION('',(0.,1.,-2.07906933450404E-17));
#1840=DIRECTION('',(0.,0.,-1.));
#1841=DIRECTION('',(0.,1.,-2.07906933450404E-17));
#1842=DIRECTION('',(0.,0.,1.));
#1843=DIRECTION('',(0.,-1.,3.43850044792232E-17));
#1844=DIRECTION('',(0.,0.,1.));
#1845=DIRECTION('',(0.,1.,0.));
#1846=DIRECTION('',(0.,0.,-1.));
#1847=DIRECTION('',(0.,-1.,0.));
#1848=DIRECTION('',(0.,0.,-1.));
#1849=DIRECTION('',(0.,1.,0.));
#1850=DIRECTION('',(0.,0.,-1.));
#1851=DIRECTION('',(0.,1.,0.));
#1852=DIRECTION('',(0.,0.,-1.));
#1853=DIRECTION('',(0.,1.,0.));
#1854=DIRECTION('',(0.,0.,-1.));
#1855=DIRECTION('',(0.,-1.,0.));
#1856=DIRECTION('',(0.,0.,-1.));
#1857=DIRECTION('',(0.,-1.,0.));
#1858=DIRECTION('',(0.,1.,0.));
#1859=DIRECTION('',(0.,0.,-1.));
#1860=DIRECTION('',(0.,-1.,0.));
#1861=DIRECTION('',(-1.,3.75075346157148E-15,0.));
#1862=DIRECTION('',(0.,0.,1.));
#1863=DIRECTION('',(0.,-1.,0.));
#1864=DIRECTION('',(1.,-3.75075346157147E-15,0.));
#1865=DIRECTION('',(0.,0.,1.));
#1866=DIRECTION('',(0.,-1.,0.));
#1867=DIRECTION('',(0.,0.,1.));
#1868=DIRECTION('',(-1.,3.75075346157147E-15,0.));
#1869=DIRECTION('',(0.,0.,1.));
#1870=DIRECTION('',(-1.,3.75075346157147E-15,0.));
#1871=DIRECTION('',(-3.75075346157147E-15,-1.,0.));
#1872=DIRECTION('',(-1.,3.75047215506186E-15,0.));
#1873=DIRECTION('',(0.,0.,1.));
#1874=DIRECTION('',(0.,-1.,0.));
#1875=DIRECTION('',(0.,0.,-1.));
#1876=DIRECTION('',(0.,-1.,0.));
#1877=DIRECTION('',(1.,0.,0.));
#1878=DIRECTION('',(0.,0.,-1.));
#1879=DIRECTION('',(0.,0.,1.));
#1880=DIRECTION('',(1.,-3.75075346157148E-15,0.));
#1881=DIRECTION('',(0.,0.,-1.));
#1882=DIRECTION('',(1.,-3.75075346157148E-15,0.));
#1883=DIRECTION('',(3.75075346157147E-15,1.,0.));
#1884=DIRECTION('',(1.,-3.75047215506186E-15,0.));
#1885=DIRECTION('',(0.,0.,-1.));
#1886=DIRECTION('',(0.,-1.,0.));
#1887=DIRECTION('',(0.,0.,1.));
#1888=DIRECTION('',(1.22464679914735E-16,1.,0.));
#1889=DIRECTION('',(0.,0.,-1.));
#1890=DIRECTION('',(0.,1.,0.));
#1891=DIRECTION('',(0.,0.,1.));
#1892=DIRECTION('',(0.,-1.,0.));
#1893=DIRECTION('',(0.,0.,-1.));
#1894=DIRECTION('',(0.,-1.,0.));
#1895=DIRECTION('',(0.,0.,-1.));
#1896=DIRECTION('',(0.,-1.,0.));
#1897=DIRECTION('',(0.,0.,-1.));
#1898=DIRECTION('',(0.,-1.,0.));
#1899=DIRECTION('',(0.,0.,-1.));
#1900=DIRECTION('',(0.,-1.,0.));
#1901=DIRECTION('',(0.,0.,1.));
#1902=DIRECTION('',(0.,-1.,0.));
#1903=DIRECTION('',(0.,0.,1.));
#1904=DIRECTION('',(0.,-1.,4.1180379251675E-17));
#1905=DIRECTION('',(0.,0.,1.));
#1906=DIRECTION('',(0.,-1.,0.));
#1907=DIRECTION('',(0.,0.,1.));
#1908=DIRECTION('',(0.,-1.,0.));
#1909=DIRECTION('',(0.,0.,1.));
#1910=DIRECTION('',(0.,-1.,0.));
#1911=DIRECTION('',(0.,0.,1.));
#1912=DIRECTION('',(0.,-1.,0.));
#1913=DIRECTION('',(0.,0.,1.));
#1914=DIRECTION('',(0.,-1.,0.));
#1915=DIRECTION('',(0.,0.,1.));
#1916=DIRECTION('',(0.,-1.,0.));
#1917=DIRECTION('',(0.,0.,-1.));
#1918=DIRECTION('',(0.,-1.,0.));
#1919=DIRECTION('',(0.,0.,-1.));
#1920=DIRECTION('',(0.,-1.,0.));
#1921=DIRECTION('',(0.,0.,-1.));
#1922=DIRECTION('',(0.,-1.,0.));
#1923=DIRECTION('',(0.,0.,1.));
#1924=DIRECTION('',(0.,-1.,-2.77098543559418E-17));
#1925=DIRECTION('',(0.,0.,-1.));
#1926=DIRECTION('',(0.,-1.,0.));
#1927=DIRECTION('',(0.,0.,-1.));
#1928=DIRECTION('',(0.,-1.,0.));
#1929=DIRECTION('',(0.,0.,-1.));
#1930=DIRECTION('',(0.,-1.,0.));
#1931=DIRECTION('',(0.,0.,1.));
#1932=DIRECTION('',(0.,-1.,-2.77098543559418E-17));
#1933=DIRECTION('',(1.,-3.75075346157148E-15,1.32990489185943E-16));
#1934=DIRECTION('',(-3.46944695195361E-15,-1.,0.));
#1935=DIRECTION('',(-1.,3.75075346157148E-15,1.08420217248552E-16));
#1936=DIRECTION('',(-3.46944695195361E-15,-1.,0.));
#1937=DIRECTION('',(-1.,3.75075346157148E-15,0.));
#1938=DIRECTION('',(3.75075346157148E-15,1.,0.));
#1939=DIRECTION('',(-1.,3.75075346157148E-15,0.));
#1940=DIRECTION('',(3.75075346157148E-15,1.,0.));
#1941=DIRECTION('',(1.20680928730448E-13,-0.921428065757723,0.388548992578776));
#1942=DIRECTION('',(0.,0.388548992578776,0.921428065757721));
#1943=DIRECTION('',(1.,-3.75075346157148E-15,0.));
#1944=DIRECTION('',(-3.75075346157148E-15,-1.,0.));
#1945=DIRECTION('',(0.,0.,1.));
#1946=DIRECTION('',(0.,-1.,0.));
#1947=DIRECTION('',(0.,-1.,-4.33680868994202E-16));
#1948=DIRECTION('',(0.,-4.33680868994202E-16,1.));
#1949=DIRECTION('',(1.,-3.46944695195361E-15,0.));
#1950=DIRECTION('',(-3.46944695195361E-15,-1.,0.));
#1951=DIRECTION('',(1.,-3.75075346157147E-15,0.));
#1952=DIRECTION('',(-3.75075346157148E-15,-1.,0.));
#1953=DIRECTION('',(0.,-1.,0.));
#1954=DIRECTION('',(0.,0.,-1.));
#1955=DIRECTION('',(0.,1.,0.));
#1956=DIRECTION('',(0.,0.,1.));
#1957=DIRECTION('',(1.,-3.75075346157148E-15,-1.77320652247686E-15));
#1958=DIRECTION('',(-3.46944695195361E-15,-1.,0.));
#1959=DIRECTION('',(0.,-0.921428065757404,-0.388548992579531));
#1960=DIRECTION('',(0.,0.388548992579531,-0.921428065757405));
#1961=DIRECTION('',(0.,0.,1.));
#1962=DIRECTION('',(0.,-1.,0.));
#1963=DIRECTION('',(0.,0.,1.));
#1964=DIRECTION('',(0.,-1.,0.));
#1965=DIRECTION('',(0.,0.,1.));
#1966=DIRECTION('',(0.,-1.,-1.38549271779708E-17));
#1967=DIRECTION('',(-4.25869004352158E-30,3.80519988278847E-15,-1.));
#1968=DIRECTION('',(0.,-1.,-3.96508223080417E-15));
#1969=DIRECTION('',(-1.00725879250283E-15,1.,3.80519988278847E-15));
#1970=DIRECTION('',(-4.25869004352158E-30,3.80519988278847E-15,-1.));
#1971=DIRECTION('',(0.,-1.,-3.46944695195361E-15));
#1972=DIRECTION('',(0.,0.,1.));
#1973=DIRECTION('',(0.,-1.,0.));
#1974=DIRECTION('',(-4.25869004352158E-30,3.80519988278847E-15,-1.));
#1975=DIRECTION('',(0.,-1.,-3.46944695195361E-15));
#1976=DIRECTION('',(-1.00725879250283E-15,1.,3.80519988278847E-15));
#1977=DIRECTION('',(-1.,-1.11917643611426E-15,0.));
#1978=DIRECTION('',(4.25869004352158E-30,-3.80519988278847E-15,1.));
#1979=DIRECTION('',(0.,-1.,-3.46944695195361E-15));
#1980=DIRECTION('',(-1.00725879250283E-15,1.,3.80519988278847E-15));
#1981=DIRECTION('',(4.25869004352158E-30,-3.80519988278847E-15,1.));
#1982=DIRECTION('',(0.,-1.,-3.46944695195361E-15));
#1983=DIRECTION('',(-1.,-1.11917643611426E-15,0.));
#1984=DIRECTION('',(-4.25869004352158E-30,3.80519988278847E-15,-1.));
#1985=DIRECTION('',(0.,-1.,-3.96508223080411E-15));
#1986=DIRECTION('',(-4.25869004352158E-30,3.80519988278847E-15,-1.));
#1987=DIRECTION('',(0.,-1.,-3.96508223080415E-15));
#1988=DIRECTION('',(4.25869004352158E-30,-3.80519988278847E-15,1.));
#1989=DIRECTION('',(0.,-1.,-3.80251385934116E-15));
#1990=DIRECTION('',(-1.,-2.32948581059742E-15,0.));
#1991=DIRECTION('',(-1.11917643611426E-15,1.,0.));
#1992=DIRECTION('',(1.,2.37904933848248E-15,0.));
#1993=DIRECTION('',(0.,0.,1.));
#1994=DIRECTION('',(1.,0.,0.));
#1995=DIRECTION('',(0.,0.,1.));
#1996=DIRECTION('',(1.,0.,0.));
#1997=DIRECTION('',(0.,0.,1.));
#1998=DIRECTION('',(1.,0.,0.));
#1999=DIRECTION('',(0.,0.,-1.));
#2000=DIRECTION('',(0.,0.,1.));
#2001=DIRECTION('',(1.,0.,0.));
#2002=DIRECTION('',(0.,0.,-1.));
#2003=DIRECTION('',(0.,0.,-1.));
#2004=DIRECTION('',(-1.,0.,0.));
#2005=DIRECTION('',(0.,0.,1.));
#2006=DIRECTION('',(-0.499999999999999,0.866025403784439,0.));
#2007=DIRECTION('',(0.,0.,1.));
#2008=DIRECTION('',(1.,0.,0.));
#2009=DIRECTION('',(0.,0.,1.));
#2010=DIRECTION('',(-0.500000000000003,-0.866025403784437,0.));
#2011=DIRECTION('',(0.,0.,1.));
#2012=DIRECTION('',(1.,0.,0.));
#2013=DIRECTION('',(0.,0.,1.));
#2014=DIRECTION('',(1.,0.,0.));
#2015=DIRECTION('',(0.,0.,1.));
#2016=DIRECTION('',(1.,0.,0.));
#2017=DIRECTION('',(0.,0.,1.));
#2018=DIRECTION('',(1.,0.,0.));
#2019=DIRECTION('',(0.,0.,-1.));
#2020=DIRECTION('',(1.,0.,0.));
#2021=DIRECTION('',(0.,0.,1.));
#2022=DIRECTION('',(1.,0.,0.));
#2023=DIRECTION('',(1.,2.37904933848248E-15,0.));
#2024=DIRECTION('',(1.11917643611426E-15,-1.,0.));
#2025=DIRECTION('',(-1.,-2.32948581059742E-15,0.));
#2026=DIRECTION('',(0.,0.,-1.));
#2027=DIRECTION('',(1.,0.,0.));
#2028=DIRECTION('',(0.,0.,1.));
#2029=DIRECTION('',(1.,0.,0.));
#2030=DIRECTION('',(0.,0.,-1.));
#2031=DIRECTION('',(1.,0.,0.));
#2032=DIRECTION('',(0.,0.,1.));
#2033=DIRECTION('',(1.,0.,0.));
#2034=DIRECTION('',(0.,0.,-1.));
#2035=DIRECTION('',(1.,0.,0.));
#2036=DIRECTION('',(0.,0.,1.));
#2037=DIRECTION('',(1.,0.,0.));
#2038=DIRECTION('',(0.,0.,-1.));
#2039=DIRECTION('',(1.,0.,0.));
#2040=DIRECTION('',(0.,0.,1.));
#2041=DIRECTION('',(1.,0.,0.));
#2042=DIRECTION('',(0.,0.,-1.));
#2043=DIRECTION('',(-1.,0.,0.));
#2044=DIRECTION('',(0.,0.,-1.));
#2045=DIRECTION('',(-1.,0.,0.));
#2046=DIRECTION('',(0.,0.,-1.));
#2047=DIRECTION('',(-1.,0.,0.));
#2048=DIRECTION('',(0.,0.,1.));
#2049=DIRECTION('',(1.,0.,0.));
#2050=DIRECTION('',(0.,0.,-1.));
#2051=DIRECTION('',(-1.,0.,0.));
#2052=DIRECTION('',(0.,0.,1.));
#2053=DIRECTION('',(1.,0.,0.));
#2054=DIRECTION('',(0.,0.,-1.));
#2055=DIRECTION('',(0.,0.,-1.));
#2056=DIRECTION('',(-1.,-2.37904933848248E-15,0.));
#2057=DIRECTION('',(0.,3.50280701879932E-15,1.));
#2058=DIRECTION('',(-2.37904933848248E-15,1.,0.));
#2059=DIRECTION('',(-1.,-2.3783058855642E-15,0.));
#2060=DIRECTION('',(-1.11917643611426E-15,1.,0.));
#2061=DIRECTION('',(0.,0.,1.));
#2062=DIRECTION('',(-1.,-1.11917643611426E-15,0.));
#2063=DIRECTION('',(-8.95341148891405E-16,1.,0.));
#2064=DIRECTION('',(0.,0.,-1.));
#2065=DIRECTION('',(1.,1.11917643611426E-15,0.));
#2066=DIRECTION('',(-1.11716191852906E-15,1.,0.));
#2067=DIRECTION('',(0.,0.,1.));
#2068=DIRECTION('',(0.,0.,1.));
#2069=DIRECTION('',(0.,-3.55840713020883E-15,-1.));
#2070=DIRECTION('',(1.,2.32948581059742E-15,0.));
#2071=DIRECTION('',(2.32948581059742E-15,-1.,0.));
#2072=DIRECTION('',(1.,2.32973362823685E-15,0.));
#2073=DIRECTION('',(1.,1.11917643611426E-15,0.));
#2074=DIRECTION('',(0.,6.12323399573672E-17,1.));
#2075=DIRECTION('',(-1.,-1.11917643611426E-15,0.));
#2076=DIRECTION('',(0.,1.83697019872103E-16,-1.));
#2077=DIRECTION('',(1.,1.11917643611426E-15,0.));
#2078=DIRECTION('',(-1.11917643611426E-15,1.,0.));
#2079=DIRECTION('',(1.,1.11917643611426E-15,0.));
#2080=DIRECTION('',(-9.50533411494139E-16,1.,0.));
#2081=DIRECTION('',(1.,1.11917643611426E-15,0.));
#2082=DIRECTION('',(-9.50533411494139E-16,1.,0.));
#2083=DIRECTION('',(1.,1.11917643611426E-15,0.));
#2084=DIRECTION('',(-9.50533411494139E-16,1.,0.));
#2085=DIRECTION('',(0.,0.,-1.));
#2086=DIRECTION('',(1.11917643611426E-15,-1.,0.));
#2087=DIRECTION('',(1.11917643611426E-15,-1.,0.));
#2088=DIRECTION('',(1.11917643611426E-15,-1.,0.));
#2089=DIRECTION('',(0.,0.,1.));
#2090=DIRECTION('',(1.,1.11917643611426E-15,0.));
#2091=DIRECTION('',(-1.12063136548102E-15,1.,0.));
#2092=DIRECTION('',(1.,0.,0.));
#2093=DIRECTION('',(0.,1.,0.));
#2094=DIRECTION('',(1.,0.,0.));
#2095=DIRECTION('',(0.,1.,0.));
#2096=DIRECTION('',(-1.,0.,0.));
#2097=DIRECTION('',(0.,0.,1.));
#2098=DIRECTION('',(-1.,-5.59588218057128E-16,0.));
#2099=DIRECTION('',(5.62050406216485E-16,-1.,0.));
#2100=DIRECTION('',(1.,0.,0.));
#2101=DIRECTION('',(0.,1.,0.));
#2102=DIRECTION('',(1.,0.,0.));
#2103=DIRECTION('',(0.,-0.499999999999999,0.86602540378444));
#2104=DIRECTION('',(1.,0.,0.));
#2105=DIRECTION('',(0.,-0.500000000000003,-0.866025403784436));
#2106=DIRECTION('',(-1.,-1.11917643611426E-15,0.));
#2107=DIRECTION('',(1.11716191852906E-15,-1.,0.));
#2108=DIRECTION('',(-1.,0.,0.));
#2109=DIRECTION('',(0.,0.,-0.999999999999999));
#2110=DIRECTION('',(1.,0.,0.));
#2111=DIRECTION('',(0.,0.,-0.999999999999999));
#2112=DIRECTION('',(-1.,0.,0.));
#2113=DIRECTION('',(0.,0.,-0.999999999999999));
#2114=DIRECTION('',(1.,0.,0.));
#2115=DIRECTION('',(0.,0.,-0.999999999999999));
#2116=DIRECTION('',(-1.,0.,0.));
#2117=DIRECTION('',(0.,0.,-0.999999999999999));
#2118=DIRECTION('',(1.,0.,0.));
#2119=DIRECTION('',(0.,0.,-0.999999999999999));
#2120=DIRECTION('',(-1.,0.,0.));
#2121=DIRECTION('',(1.38549271779708E-17,0.,1.));
#2122=DIRECTION('',(-1.,0.,0.));
#2123=DIRECTION('',(0.,0.,1.));
#2124=DIRECTION('',(-1.,0.,0.));
#2125=DIRECTION('',(0.,0.,1.));
#2126=DIRECTION('',(-1.,1.96005385927235E-15,0.));
#2127=DIRECTION('',(1.96005385927235E-15,1.,0.));
#2128=DIRECTION('',(1.,-5.39030285815812E-15,0.));
#2129=DIRECTION('',(5.39030285815812E-15,1.,0.));
#2130=DIRECTION('',(0.,0.,1.));
#2131=DIRECTION('',(1.,0.,0.));
#2132=DIRECTION('',(0.,0.,1.));
#2133=DIRECTION('',(-1.,0.,0.));
#2134=DIRECTION('',(0.,0.,-1.));
#2135=DIRECTION('',(-1.,0.,0.));
#2136=DIRECTION('',(1.,3.46944695195361E-15,0.));
#2137=DIRECTION('',(-3.46944695195361E-15,1.,0.));
#2138=DIRECTION('',(-1.,-2.37904933848248E-15,0.));
#2139=DIRECTION('',(2.37904933848248E-15,-1.,0.));
#2140=DIRECTION('',(-1.,-3.46944695195361E-15,0.));
#2141=DIRECTION('',(-3.46944695195361E-15,1.,0.));
#2142=DIRECTION('',(1.,2.32948581059742E-15,0.));
#2143=DIRECTION('',(-2.32948581059742E-15,1.,0.));
#2144=DIRECTION('',(0.,0.,-1.));
#2145=DIRECTION('',(-1.,0.,0.));
#2146=DIRECTION('',(0.,0.,-1.));
#2147=DIRECTION('',(-1.,0.,0.));
#2148=DIRECTION('',(8.67361737988403E-16,-1.,0.));
#2149=DIRECTION('',(-1.,-8.67361737988404E-16,0.));
#2150=DIRECTION('',(-3.46944695195361E-15,1.,0.));
#2151=DIRECTION('',(-1.,-3.46944695195361E-15,0.));
#2152=DIRECTION('',(-1.73472347597681E-15,1.,0.));
#2153=DIRECTION('',(1.,1.73472347597681E-15,0.));
#2154=DIRECTION('',(3.46944695195361E-15,-1.,0.));
#2155=DIRECTION('',(1.,3.46944695195361E-15,0.));
#2156=DIRECTION('',(-1.11917643611426E-15,1.,0.));
#2157=DIRECTION('',(-1.,-1.11917643611426E-15,0.));
#2158=DIRECTION('',(0.,0.,-1.));
#2159=DIRECTION('',(0.,0.,1.));
#2160=DIRECTION('',(1.,1.11917643611426E-15,0.));
#2161=DIRECTION('',(-1.11716191852906E-15,1.,0.));
#2162=DIRECTION('',(0.,0.,1.));
#2163=DIRECTION('',(1.,0.,0.));
#2164=DIRECTION('',(0.,0.,1.));
#2165=DIRECTION('',(0.,0.999999999999999,0.));
#2166=DIRECTION('',(0.,0.,1.));
#2167=DIRECTION('',(1.,0.,0.));
#2168=DIRECTION('',(0.,0.,-1.));
#2169=DIRECTION('',(-1.,0.,0.));
#2170=DIRECTION('',(0.,0.,1.));
#2171=DIRECTION('',(1.,0.,0.));
#2172=DIRECTION('',(0.,0.,-1.));
#2173=DIRECTION('',(0.,-0.999999999999999,0.));
#2174=DIRECTION('',(0.,0.,1.));
#2175=DIRECTION('',(1.,0.,0.));
#2176=DIRECTION('',(0.,0.,1.));
#2177=DIRECTION('',(1.,0.,0.));
#2178=DIRECTION('',(0.,0.,1.));
#2179=DIRECTION('',(1.,0.,4.84874043697037E-17));
#2180=DIRECTION('',(0.,0.,1.));
#2181=DIRECTION('',(1.,0.,2.77209244600539E-17));
#2182=DIRECTION('',(0.,0.,1.));
#2183=DIRECTION('',(1.,0.,0.));
#2184=DIRECTION('',(0.,0.,-1.));
#2185=DIRECTION('',(-1.,0.,0.));
#2186=DIRECTION('',(0.,0.,1.));
#2187=DIRECTION('',(0.,-1.,0.));
#2188=DIRECTION('',(0.,0.,1.));
#2189=DIRECTION('',(0.,0.,-1.));
#2190=DIRECTION('',(0.,0.,1.));
#2191=DIRECTION('',(0.999999999999999,0.,0.));
#2192=DIRECTION('',(0.,0.,1.));
#2193=DIRECTION('',(1.,0.,0.));
#2194=DIRECTION('',(0.,0.,1.));
#2195=DIRECTION('',(1.,0.,0.));
#2196=DIRECTION('',(0.,0.,1.));
#2197=DIRECTION('',(1.,0.,0.));
#2198=DIRECTION('',(0.,0.,1.));
#2199=DIRECTION('',(1.,0.,0.));
#2200=DIRECTION('',(0.,0.,1.));
#2201=DIRECTION('',(1.,0.,0.));
#2202=DIRECTION('',(0.,0.,1.));
#2203=DIRECTION('',(1.,0.,0.));
#2204=DIRECTION('',(0.,0.,-1.));
#2205=DIRECTION('',(1.,0.,0.));
#2206=DIRECTION('',(0.,0.,1.));
#2207=DIRECTION('',(1.,0.,0.));
#2208=DIRECTION('',(0.,0.,1.));
#2209=DIRECTION('',(1.,0.,0.));
#2210=DIRECTION('',(0.,0.,1.));
#2211=DIRECTION('',(1.,0.,0.));
#2212=DIRECTION('',(0.,0.,1.));
#2213=DIRECTION('',(1.,0.,6.23720800351221E-17));
#2214=CARTESIAN_POINT('',(0.,0.,0.));
#2215=CARTESIAN_POINT('',(-4.23272528138341E-16,8.67361737988404E-16,50.1999999999999));
#2216=CARTESIAN_POINT('',(-9.95929214352351,5.75000000000139,50.1999999999999));
#2217=CARTESIAN_POINT('',(-4.23272528138341E-16,8.67361737988404E-16,52.6999999999999));
#2218=CARTESIAN_POINT('',(-9.95929214352351,5.75000000000139,52.6999999999999));
#2219=CARTESIAN_POINT('',(-4.23272528138341E-16,8.67361737988404E-16,49.6999999999999));
#2220=CARTESIAN_POINT('',(-4.23272528138341E-16,8.67361737988404E-16,49.6999999999999));
#2221=CARTESIAN_POINT('',(-9.52627944163128,5.50000000000139,49.6999999999999));
#2222=CARTESIAN_POINT('',(3.24999999999998,5.62916512459886,49.6999999999999));
#2223=CARTESIAN_POINT('',(0.0890072761867795,7.45416512459885,49.6999999999999));
#2224=CARTESIAN_POINT('',(-6.50000000000001,-3.77302356024956E-14,49.6999999999999));
#2225=CARTESIAN_POINT('',(-9.66099272381321,1.82499999999995,49.6999999999999));
#2226=CARTESIAN_POINT('',(3.25000000000003,-5.62916512459884,49.6999999999999));
#2227=CARTESIAN_POINT('',(0.089007276186822,-3.80416512459885,49.6999999999999));
#2228=CARTESIAN_POINT('',(-4.23272528138341E-16,8.67361737988404E-16,49.6999999999999));
#2229=CARTESIAN_POINT('',(-6.50000000000001,-3.77302356024956E-14,52.6999999999999));
#2230=CARTESIAN_POINT('',(-6.5,-1.65000000000004,52.6999999999999));
#2231=CARTESIAN_POINT('',(3.24999999999998,5.62916512459886,52.6999999999999));
#2232=CARTESIAN_POINT('',(1.82105808375566,6.45416512459886,52.6999999999999));
#2233=CARTESIAN_POINT('',(3.25000000000003,-5.62916512459884,52.6999999999999));
#2234=CARTESIAN_POINT('',(4.67894191624435,-4.80416512459884,52.6999999999999));
#2235=CARTESIAN_POINT('',(-4.23272528138341E-16,8.67361737988404E-16,52.6999999999999));
#2236=CARTESIAN_POINT('',(3.25000000000003,-5.62916512459884,51.6999999999999));
#2237=CARTESIAN_POINT('',(1.8210580837557,-4.80416512459885,51.6999999999999));
#2238=CARTESIAN_POINT('',(3.25000000000003,-5.62916512459884,52.6999999999999));
#2239=CARTESIAN_POINT('',(3.24999999999998,5.62916512459886,51.6999999999999));
#2240=CARTESIAN_POINT('',(1.82105808375566,6.45416512459886,51.6999999999999));
#2241=CARTESIAN_POINT('',(3.24999999999998,5.62916512459886,52.6999999999999));
#2242=CARTESIAN_POINT('',(-6.50000000000001,-3.77302356024956E-14,51.6999999999999));
#2243=CARTESIAN_POINT('',(-7.92894191624433,0.824999999999959,51.6999999999999));
#2244=CARTESIAN_POINT('',(-6.50000000000001,-3.77302356024956E-14,52.6999999999999));
#2245=CARTESIAN_POINT('',(3.24999999999998,5.62916512459886,51.6999999999999));
#2246=CARTESIAN_POINT('',(-6.50000000000001,-3.77302356024956E-14,51.6999999999999));
#2247=CARTESIAN_POINT('',(3.25000000000003,-5.62916512459884,51.6999999999999));
#2248=CARTESIAN_POINT('',(-4.23272528138341E-16,8.67361737988404E-16,49.6999999999999));
#2249=CARTESIAN_POINT('',(-9.62964972193618E-32,-1.37786832693508E-29,56.6999999999999));
#2250=CARTESIAN_POINT('',(-9.62964972193618E-32,10.,56.6999999999999));
#2251=CARTESIAN_POINT('',(-9.62964972193618E-32,-1.37786832693508E-29,53.6999999999999));
#2252=CARTESIAN_POINT('',(-9.62964972193618E-32,10.,53.6999999999999));
#2253=CARTESIAN_POINT('',(-9.62964972193618E-32,-1.37786832693508E-29,52.6999999999999));
#2254=CARTESIAN_POINT('',(-9.62964972193618E-32,-1.37786832693508E-29,52.6999999999999));
#2255=CARTESIAN_POINT('',(-9.62964972193618E-32,9.,52.6999999999999));
#2256=CARTESIAN_POINT('',(3.25000000000002,-5.62916512459885,52.6999999999999));
#2257=CARTESIAN_POINT('',(3.25000000000002,-3.87916512459885,52.6999999999999));
#2258=CARTESIAN_POINT('',(3.24999999999999,5.62916512459886,52.6999999999999));
#2259=CARTESIAN_POINT('',(3.24999999999999,7.37916512459886,52.6999999999999));
#2260=CARTESIAN_POINT('',(-6.5,-1.37786832693508E-29,52.6999999999999));
#2261=CARTESIAN_POINT('',(-6.5,1.75,52.6999999999999));
#2262=CARTESIAN_POINT('',(-9.62964972193618E-32,-1.37786832693508E-29,52.6999999999999));
#2263=CARTESIAN_POINT('',(3.25000000000002,-5.62916512459885,53.1999999999999));
#2264=CARTESIAN_POINT('',(3.25000000000002,-4.37916512459885,53.1999999999999));
#2265=CARTESIAN_POINT('',(3.25000000000002,-5.62916512459885,60.6999999999999));
#2266=CARTESIAN_POINT('',(2.16746824526947,-6.25416512459885,60.6999999999999));
#2267=CARTESIAN_POINT('',(3.25000000000002,-5.62916512459885,60.6999999999999));
#2268=CARTESIAN_POINT('',(3.25000000000002,-5.62916512459885,60.6999999999999));
#2269=CARTESIAN_POINT('',(-6.5,-1.37786832693508E-29,53.1999999999999));
#2270=CARTESIAN_POINT('',(-6.5,1.25,53.1999999999999));
#2271=CARTESIAN_POINT('',(-6.5,-1.37786832693508E-29,60.6999999999999));
#2272=CARTESIAN_POINT('',(-6.5,1.25,60.6999999999999));
#2273=CARTESIAN_POINT('',(-6.5,-1.37786832693508E-29,60.6999999999999));
#2274=CARTESIAN_POINT('',(-6.5,-1.37786832693508E-29,60.6999999999999));
#2275=CARTESIAN_POINT('',(3.24999999999999,5.62916512459886,53.1999999999999));
#2276=CARTESIAN_POINT('',(3.24999999999999,6.87916512459886,53.1999999999999));
#2277=CARTESIAN_POINT('',(3.24999999999999,5.62916512459886,60.6999999999999));
#2278=CARTESIAN_POINT('',(4.33253175473054,5.00416512459886,60.6999999999999));
#2279=CARTESIAN_POINT('',(3.24999999999999,5.62916512459886,60.6999999999999));
#2280=CARTESIAN_POINT('',(3.24999999999999,5.62916512459886,60.6999999999999));
#2281=CARTESIAN_POINT('',(3.25000000000002,-5.62916512459885,53.1999999999999));
#2282=CARTESIAN_POINT('',(3.24999999999999,5.62916512459886,53.1999999999999));
#2283=CARTESIAN_POINT('',(-6.5,-1.37786832693508E-29,53.1999999999999));
#2284=CARTESIAN_POINT('',(-9.62964972193618E-32,-1.37786832693508E-29,52.6999999999999));
#2285=CARTESIAN_POINT('',(-9.62964972193618E-32,-1.37786832693508E-29,57.1999999999999));
#2286=CARTESIAN_POINT('',(-9.62964972193618E-32,11.5,57.1999999999999));
#2287=CARTESIAN_POINT('',(-9.62964972193618E-32,-1.37786832693508E-29,61.1999999999999));
#2288=CARTESIAN_POINT('',(-9.62964972193618E-32,-11.5,61.1999999999999));
#2289=CARTESIAN_POINT('',(-9.62964972193618E-32,-1.37786832693508E-29,136.85));
#2290=CARTESIAN_POINT('',(-9.62964972193618E-32,-1.37786832693508E-29,56.6999999999999));
#2291=CARTESIAN_POINT('',(-9.62964972193618E-32,11.,56.6999999999999));
#2292=CARTESIAN_POINT('',(-9.62964972193618E-32,-1.37786832693508E-29,56.6999999999999));
#2293=CARTESIAN_POINT('',(29.0000000000005,-2.41778819187744E-12,65.1999999999999));
#2294=CARTESIAN_POINT('',(29.0000000000005,-3.65000000000242,65.1999999999999));
#2295=CARTESIAN_POINT('',(32.9999999999999,-10.,65.1999999999999));
#2296=CARTESIAN_POINT('',(31.9643842411399,-13.5000000000001,65.1999999999999));
#2297=CARTESIAN_POINT('',(35.,-6.94672307184569,65.1999999999999));
#2298=CARTESIAN_POINT('',(35.,-1.37786832693508E-29,65.1999999999999));
#2299=CARTESIAN_POINT('',(35.,6.94672307184559,65.1999999999999));
#2300=CARTESIAN_POINT('',(33.,9.99999999999998,65.1999999999999));
#2301=CARTESIAN_POINT('',(31.9643842411393,13.4999999999999,65.1999999999999));
#2302=CARTESIAN_POINT('',(5.06351717312149E-14,13.5,65.1999999999999));
#2303=CARTESIAN_POINT('',(-7.50150692314295E-15,13.5,65.1999999999999));
#2304=CARTESIAN_POINT('',(-9.62964972193618E-32,-1.37786832693508E-29,65.1999999999999));
#2305=CARTESIAN_POINT('',(-6.70934779205905E-15,-13.5,65.1999999999999));
#2306=CARTESIAN_POINT('',(-5.06351717312149E-14,-13.5,65.1999999999999));
#2307=CARTESIAN_POINT('',(-9.62964972193618E-32,-1.37786832693508E-29,65.1999999999999));
#2308=CARTESIAN_POINT('',(33.,-15.5000000000001,25.5999999999999));
#2309=CARTESIAN_POINT('',(33.,-15.5000000000001,61.1999999999999));
#2310=CARTESIAN_POINT('',(33.,-15.5000000000001,63.205632932482));
#2311=CARTESIAN_POINT('',(33.,-15.5000000000001,63.205632932482));
#2312=CARTESIAN_POINT('',(32.8962408176361,-15.5000000000001,63.205632932482));
#2313=CARTESIAN_POINT('',(32.7924813161085,-15.5000000000001,63.2052693346915));
#2314=CARTESIAN_POINT('',(32.6887240301793,-15.5000000000001,63.2046420058882));
#2315=CARTESIAN_POINT('',(32.4472768888307,-15.5000000000001,63.2031821879595));
#2316=CARTESIAN_POINT('',(32.205835795564,-15.5000000000001,63.1999999999999));
#2317=CARTESIAN_POINT('',(31.9643842411399,-15.5000000000001,63.1999999999999));
#2318=CARTESIAN_POINT('',(31.9643842411399,-15.5000000000001,63.1999999999999));
#2319=CARTESIAN_POINT('',(-1.4210854715202E-14,-15.5,63.1999999999999));
#2320=CARTESIAN_POINT('',(-1.4210854715202E-14,-15.5,63.1999999999999));
#2321=CARTESIAN_POINT('',(-1.4210854715202E-14,-15.5,25.5999999999999));
#2322=CARTESIAN_POINT('',(-5.81366786543578E-14,-15.5,61.1999999999999));
#2323=CARTESIAN_POINT('',(-1.4210854715202E-14,-15.5,61.1999999999999));
#2324=CARTESIAN_POINT('',(-1.4210854715202E-14,-15.5,25.5999999999999));
#2325=CARTESIAN_POINT('',(37.,11.4999999999999,25.5999999999999));
#2326=CARTESIAN_POINT('',(37.,11.4999999999999,61.1999999999999));
#2327=CARTESIAN_POINT('',(37.,11.4999999999999,63.5636931828046));
#2328=CARTESIAN_POINT('',(37.,11.4999999999999,63.5636931828046));
#2329=CARTESIAN_POINT('',(37.,11.1329872458147,63.7184556012744));
#2330=CARTESIAN_POINT('',(37.,10.7776599848708,63.9144057021338));
#2331=CARTESIAN_POINT('',(37.,10.0128644823663,64.1160706533889));
#2332=CARTESIAN_POINT('',(37.,9.60604958656469,64.0392790041458));
#2333=CARTESIAN_POINT('',(37.,8.49561095929406,63.5836718019298));
#2334=CARTESIAN_POINT('',(37.,7.77971355612462,63.1999999999999));
#2335=CARTESIAN_POINT('',(37.,6.9467230718456,63.1999999999999));
#2336=CARTESIAN_POINT('',(37.,6.9467230718456,63.1999999999999));
#2337=CARTESIAN_POINT('',(37.,-15.5000000000001,63.1999999999999));
#2338=CARTESIAN_POINT('',(37.,-6.94672307184569,63.1999999999999));
#2339=CARTESIAN_POINT('',(37.,-6.94672307184569,63.1999999999999));
#2340=CARTESIAN_POINT('',(37.,-7.77549019166405,63.1999999999999));
#2341=CARTESIAN_POINT('',(37.,-8.49647388842433,63.58411724892));
#2342=CARTESIAN_POINT('',(37.,-9.60637928323253,64.039368534142));
#2343=CARTESIAN_POINT('',(37.,-10.0132094697117,64.1160327555949));
#2344=CARTESIAN_POINT('',(37.,-10.7778185554218,63.9143107843985));
#2345=CARTESIAN_POINT('',(37.,-11.1330677965038,63.7184216345544));
#2346=CARTESIAN_POINT('',(37.,-11.5000000000001,63.5636931828045));
#2347=CARTESIAN_POINT('',(37.,-11.5000000000001,63.5636931828045));
#2348=CARTESIAN_POINT('',(37.,-11.5000000000001,25.5999999999999));
#2349=CARTESIAN_POINT('',(37.,-11.5000000000001,61.1999999999999));
#2350=CARTESIAN_POINT('',(37.,-15.5000000000001,61.1999999999999));
#2351=CARTESIAN_POINT('',(37.,-15.5000000000001,25.5999999999999));
#2352=CARTESIAN_POINT('',(-9.62964972193618E-32,15.5,25.5999999999999));
#2353=CARTESIAN_POINT('',(5.81366786543579E-14,15.5,61.1999999999999));
#2354=CARTESIAN_POINT('',(-9.62964972193618E-32,15.5,63.1999999999999));
#2355=CARTESIAN_POINT('',(37.,15.4999999999999,63.1999999999999));
#2356=CARTESIAN_POINT('',(31.9643842411394,15.4999999999999,63.1999999999999));
#2357=CARTESIAN_POINT('',(31.9643842411394,15.4999999999999,63.1999999999999));
#2358=CARTESIAN_POINT('',(32.2058357955638,15.4999999999999,63.1999999999999));
#2359=CARTESIAN_POINT('',(32.4472768888307,15.4999999999999,63.2031821879595));
#2360=CARTESIAN_POINT('',(32.6887240301796,15.4999999999999,63.2046420058883));
#2361=CARTESIAN_POINT('',(32.7924813161087,15.4999999999999,63.2052693346915));
#2362=CARTESIAN_POINT('',(32.8962408176363,15.4999999999999,63.205632932482));
#2363=CARTESIAN_POINT('',(33.,15.4999999999999,63.205632932482));
#2364=CARTESIAN_POINT('',(33.,15.4999999999999,63.205632932482));
#2365=CARTESIAN_POINT('',(33.,15.4999999999999,25.5999999999999));
#2366=CARTESIAN_POINT('',(33.,15.4999999999999,61.1999999999999));
#2367=CARTESIAN_POINT('',(37.,15.4999999999999,61.1999999999999));
#2368=CARTESIAN_POINT('',(37.,15.4999999999999,25.5999999999999));
#2369=CARTESIAN_POINT('',(-9.62964972193618E-32,-1.37786832693508E-29,63.1999999999999));
#2370=CARTESIAN_POINT('',(-9.62964972193618E-32,-1.37786832693508E-29,61.1999999999999));
#2371=CARTESIAN_POINT('',(-9.62964972193618E-32,-1.37786832693508E-29,65.1999999999999));
#2372=CARTESIAN_POINT('',(29.0000000000005,-2.41778819187744E-12,61.1999999999999));
#2373=CARTESIAN_POINT('',(29.0000000000005,-1.65000000000242,61.1999999999999));
#2374=CARTESIAN_POINT('',(32.9999999999999,-10.,61.1999999999999));
#2375=CARTESIAN_POINT('',(32.9999999999999,-11.65,61.1999999999999));
#2376=CARTESIAN_POINT('',(33.,9.99999999999998,61.1999999999999));
#2377=CARTESIAN_POINT('',(33.,8.34999999999998,61.1999999999999));
#2378=CARTESIAN_POINT('',(33.,-11.5000000000001,61.1999999999999));
#2379=CARTESIAN_POINT('',(33.,11.4999999999999,61.1999999999999));
#2380=CARTESIAN_POINT('',(-9.62964972193618E-32,-1.37786832693508E-29,61.1999999999999));
#2381=CARTESIAN_POINT('',(-9.62964972193618E-32,-1.37786832693508E-29,56.6999999999999));
#2382=CARTESIAN_POINT('',(37.,-11.5000000000001,63.5636931828045));
#2383=CARTESIAN_POINT('',(37.,-11.8858118570082,63.4823483584298));
#2384=CARTESIAN_POINT('',(36.9425885968229,-12.2806626935937,63.4228949245354));
#2385=CARTESIAN_POINT('',(36.8294157843891,-12.6556706928323,63.377854004325));
#2386=CARTESIAN_POINT('',(36.7101892634861,-13.0507381838534,63.3304038075907));
#2387=CARTESIAN_POINT('',(36.5262298611274,-13.4333161598111,63.2979084874091));
#2388=CARTESIAN_POINT('',(36.2904009373527,-13.7744805278281,63.2747481846209));
#2389=CARTESIAN_POINT('',(36.0461639135984,-14.1278085612251,63.2507621385852));
#2390=CARTESIAN_POINT('',(35.7400465257071,-14.4456953616818,63.2361726271705));
#2391=CARTESIAN_POINT('',(35.3956232734166,-14.7032778730334,63.2266004545639));
#2392=CARTESIAN_POINT('',(35.0427833584169,-14.9671549220024,63.2167943670062));
#2393=CARTESIAN_POINT('',(34.6403276879434,-15.1747163837194,63.2119528623412));
#2394=CARTESIAN_POINT('',(34.2206501034377,-15.3092011400001,63.2091533383811));
#2395=CARTESIAN_POINT('',(33.8284763350098,-15.4348723590834,63.2065372828619));
#2396=CARTESIAN_POINT('',(33.4118256472043,-15.5000000000001,63.205632932482));
#2397=CARTESIAN_POINT('',(33.,-15.5000000000001,63.205632932482));
#2398=CARTESIAN_POINT('',(33.,-11.5000000000001,25.5999999999999));
#2399=CARTESIAN_POINT('',(33.,15.4999999999999,63.205632932482));
#2400=CARTESIAN_POINT('',(33.0345452271544,15.4999999999999,63.205632932482));
#2401=CARTESIAN_POINT('',(33.0690933533591,15.4995524100868,63.2056401389569));
#2402=CARTESIAN_POINT('',(33.1036269828671,15.4986574557495,63.2056545917857));
#2403=CARTESIAN_POINT('',(33.5508129151592,15.4870684338198,63.2058417456351));
#2404=CARTESIAN_POINT('',(34.0021612464108,15.3981751582179,63.2070817508829));
#2405=CARTESIAN_POINT('',(34.4203331074833,15.2393386933769,63.2106693043429));
#2406=CARTESIAN_POINT('',(34.8383168384423,15.0805736870078,63.2142552438089));
#2407=CARTESIAN_POINT('',(35.2346764299449,14.8475377090627,63.2203203335315));
#2408=CARTESIAN_POINT('',(35.5765706974477,14.5596214538817,63.232241969615));
#2409=CARTESIAN_POINT('',(35.9163006916436,14.2735277781498,63.244088138862));
#2410=CARTESIAN_POINT('',(36.2115598551896,13.9253721047317,63.2620803690833));
#2411=CARTESIAN_POINT('',(36.4381387258815,13.5443096882795,63.2914034333777));
#2412=CARTESIAN_POINT('',(36.6592404230914,13.1724588322699,63.3200176605698));
#2413=CARTESIAN_POINT('',(36.8208143705378,12.759328300049,63.3601722202977));
#2414=CARTESIAN_POINT('',(36.9109511821176,12.3393216612792,63.4188882505577));
#2415=CARTESIAN_POINT('',(36.9702964342768,12.0627931325965,63.4575463477379));
#2416=CARTESIAN_POINT('',(37.,11.7793138354391,63.5048024709809));
#2417=CARTESIAN_POINT('',(37.,11.4999999999999,63.5636931828046));
#2418=CARTESIAN_POINT('',(33.,11.4999999999999,25.5999999999999));
#2419=CARTESIAN_POINT('',(33.,9.99999999999998,63.2));
#2420=CARTESIAN_POINT('',(33.,8.34999999999998,63.2));
#2421=CARTESIAN_POINT('',(33.,9.99999999999998,25.5999999999999));
#2422=CARTESIAN_POINT('',(32.9999999999999,-10.,63.2));
#2423=CARTESIAN_POINT('',(32.9999999999999,-11.65,63.2));
#2424=CARTESIAN_POINT('',(32.9999999999999,-10.,25.5999999999999));
#2425=CARTESIAN_POINT('',(32.9999999999999,-10.,65.1999999999999));
#2426=CARTESIAN_POINT('',(32.9999999999999,-13.65,65.1999999999999));
#2427=CARTESIAN_POINT('',(32.9999999999999,-10.,65.1999999999999));
#2428=CARTESIAN_POINT('',(35.9199999999999,-12.19,65.1999999999999));
#2429=CARTESIAN_POINT('',(32.9999999999999,-10.,65.1999999999999));
#2430=CARTESIAN_POINT('',(32.9999999999999,-10.,63.2));
#2431=CARTESIAN_POINT('',(33.,9.99999999999998,65.1999999999999));
#2432=CARTESIAN_POINT('',(33.,13.65,65.1999999999999));
#2433=CARTESIAN_POINT('',(33.,9.99999999999998,65.1999999999999));
#2434=CARTESIAN_POINT('',(35.9200000000001,12.1899999999999,65.1999999999999));
#2435=CARTESIAN_POINT('',(33.,9.99999999999998,65.1999999999999));
#2436=CARTESIAN_POINT('',(33.,9.99999999999998,63.2));
#2437=CARTESIAN_POINT('',(33.,13.4999999999999,63.205632932482));
#2438=CARTESIAN_POINT('',(31.9643842411393,13.4999999999999,63.1999999999999));
#2439=CARTESIAN_POINT('',(33.,15.4999999999999,63.205632932482));
#2440=CARTESIAN_POINT('',(33.,15.4999999999999,65.0608581115684));
#2441=CARTESIAN_POINT('',(33.,13.65,65.1999999999999));
#2442=CARTESIAN_POINT('',(32.6547935118426,15.4999999999999,63.2056329324676));
#2443=CARTESIAN_POINT('',(32.6411873227802,15.4999999999999,65.060858111566));
#2444=CARTESIAN_POINT('',(32.6391218064731,13.6499999999713,65.2000000000021));
#2445=CARTESIAN_POINT('',(32.3095804494575,15.4999999999999,63.2000000123332));
#2446=CARTESIAN_POINT('',(32.2744881752882,15.4999999999999,65.1082432897315));
#2447=CARTESIAN_POINT('',(32.2818911350446,13.5939471977961,65.1999999999999));
#2448=CARTESIAN_POINT('',(31.9643842411394,15.4999999999999,63.1999999999999));
#2449=CARTESIAN_POINT('',(31.9643842411394,15.4999999999999,65.1999999999999));
#2450=CARTESIAN_POINT('',(31.9643842411393,13.4999999999999,65.1999999999999));
#2451=CARTESIAN_POINT('',(-7.50150692314295E-15,13.5,63.1999999999999));
#2452=CARTESIAN_POINT('',(5.06351717312149E-14,13.5,63.1999999999999));
#2453=CARTESIAN_POINT('',(35.0000000000022,11.5000000000001,63.563693182804));
#2454=CARTESIAN_POINT('',(32.9999999999999,13.65,65.1999999999999));
#2455=CARTESIAN_POINT('',(32.9999999999998,15.4999999999999,65.0608581115684));
#2456=CARTESIAN_POINT('',(32.9999999999998,15.4999999999999,63.205632932482));
#2457=CARTESIAN_POINT('',(33.5522926523505,13.6500000112785,65.1999999991517));
#2458=CARTESIAN_POINT('',(34.0549778535162,15.5000000372822,65.0608581183868));
#2459=CARTESIAN_POINT('',(34.0630591951028,15.4999999999999,63.2056329318513));
#2460=CARTESIAN_POINT('',(34.1087197510001,13.5227086925369,65.2000000002512));
#2461=CARTESIAN_POINT('',(35.0470540331623,15.0812716647152,64.9774202863848));
#2462=CARTESIAN_POINT('',(35.1184514816744,15.0534108982154,63.2067159884691));
#2463=CARTESIAN_POINT('',(35.1176106590591,13.0256340050566,65.1999999997487));
#2464=CARTESIAN_POINT('',(36.4613877456921,13.7249374737071,64.7849131620602));
#2465=CARTESIAN_POINT('',(36.5960952486043,13.5451563888196,63.2814164995742));
#2466=CARTESIAN_POINT('',(35.5759100409589,12.6487866138142,65.199999999258));
#2467=CARTESIAN_POINT('',(36.8812728283487,12.8255377005396,64.6863128916592));
#2468=CARTESIAN_POINT('',(36.9999999999999,12.4830613071126,63.3564239512957));
#2469=CARTESIAN_POINT('',(35.9199999999998,12.1900000000001,65.1999999999999));
#2470=CARTESIAN_POINT('',(36.9999999999999,11.9726027397264,64.684451276774));
#2471=CARTESIAN_POINT('',(37.,11.5000000000005,63.5636931828045));
#2472=CARTESIAN_POINT('',(-6.70934779205905E-15,-13.5,63.1999999999999));
#2473=CARTESIAN_POINT('',(-9.62964972193618E-32,-1.37786832693508E-29,63.1999999999999));
#2474=CARTESIAN_POINT('',(35.,6.9467230718456,63.1999999999999));
#2475=CARTESIAN_POINT('',(35.9199999999995,12.1900000000006,65.1999999999999));
#2476=CARTESIAN_POINT('',(37.,11.9726027397267,64.6844512767741));
#2477=CARTESIAN_POINT('',(37.,11.5000000000007,63.5636931828043));
#2478=CARTESIAN_POINT('',(36.1710951835366,11.8552064760798,65.199999977175));
#2479=CARTESIAN_POINT('',(37.,11.5976286153907,64.6366804885046));
#2480=CARTESIAN_POINT('',(37.,11.1362318872951,63.7170874295825));
#2481=CARTESIAN_POINT('',(36.4505232562633,11.3664794312822,65.1999999793345));
#2482=CARTESIAN_POINT('',(37.0000000000014,11.1229248771541,64.6561539107847));
#2483=CARTESIAN_POINT('',(37.,10.7776160647144,63.9144070277177));
#2484=CARTESIAN_POINT('',(36.6458254888177,10.3783855393994,65.2000000103327));
#2485=CARTESIAN_POINT('',(36.9999999999993,10.30074565884,64.6871066212513));
#2486=CARTESIAN_POINT('',(37.,10.2041586605626,64.0656344125002));
#2487=CARTESIAN_POINT('',(36.667183942741,9.99980863335262,65.2000000096877));
#2488=CARTESIAN_POINT('',(37.,10.0001663389108,64.6921023028499));
#2489=CARTESIAN_POINT('',(37.,10.0017304582906,64.0833098000813));
#2490=CARTESIAN_POINT('',(36.5985723472358,9.2939438642362,65.1999999903122));
#2491=CARTESIAN_POINT('',(37.,9.43359093900358,64.6795316864163));
#2492=CARTESIAN_POINT('',(37.,9.60946073820716,64.0288815263377));
#2493=CARTESIAN_POINT('',(36.5149309906811,8.97308173011731,65.2000000109308));
#2494=CARTESIAN_POINT('',(37.,9.16434119369415,64.6648819546652));
#2495=CARTESIAN_POINT('',(37.,9.42121367856012,63.9634268196585));
#2496=CARTESIAN_POINT('',(36.1996102199046,8.14738053930789,65.1999999781383));
#2497=CARTESIAN_POINT('',(37.,8.40939429572622,64.6415781583517));
#2498=CARTESIAN_POINT('',(37.,8.8662778877268,63.7357844201981));
#2499=CARTESIAN_POINT('',(35.9165149307285,7.77497982751913,65.2000000076594));
#2500=CARTESIAN_POINT('',(37.,7.98644523580534,64.6669573515741));
#2501=CARTESIAN_POINT('',(37.,8.50647897155414,63.5517677562227));
#2502=CARTESIAN_POINT('',(35.4160167478599,7.23963093021995,65.1999999923405));
#2503=CARTESIAN_POINT('',(37.,7.30761468807267,64.852179135571));
#2504=CARTESIAN_POINT('',(37.,7.75391699587826,63.2884038017216));
#2505=CARTESIAN_POINT('',(35.1906071747552,7.07157721889968,65.1999999999999));
#2506=CARTESIAN_POINT('',(37.,7.0672661293858,65.0159742842042));
#2507=CARTESIAN_POINT('',(37.,7.36341517750121,63.2000000077517));
#2508=CARTESIAN_POINT('',(35.,6.94672307184559,65.1999999999999));
#2509=CARTESIAN_POINT('',(37.,6.94672307184559,65.1999999999999));
#2510=CARTESIAN_POINT('',(37.,6.94672307184559,63.1999999999999));
#2511=CARTESIAN_POINT('',(31.9643842411399,-13.5000000000001,63.1999999999999));
#2512=CARTESIAN_POINT('',(-5.06351717312149E-14,-13.5,63.1999999999999));
#2513=CARTESIAN_POINT('',(35.,-6.94672307184569,63.1999999999999));
#2514=CARTESIAN_POINT('',(35.,-1.37786832693508E-29,63.1999999999999));
#2515=CARTESIAN_POINT('',(33.,-13.5000000000001,63.205632932482));
#2516=CARTESIAN_POINT('',(33.,-13.65,65.1999999999999));
#2517=CARTESIAN_POINT('',(33.,-15.5000000000001,65.0608581115686));
#2518=CARTESIAN_POINT('',(33.,-15.5000000000001,63.205632932482));
#2519=CARTESIAN_POINT('',(32.6391218064732,-13.6499999999713,65.2000000000021));
#2520=CARTESIAN_POINT('',(32.6411873227763,-15.4999999999992,65.0608581115758));
#2521=CARTESIAN_POINT('',(32.6547935118427,-15.5000000000001,63.2056329324676));
#2522=CARTESIAN_POINT('',(32.2818911350453,-13.5939471977959,65.1999999999999));
#2523=CARTESIAN_POINT('',(32.274488175294,-15.5000000000001,65.1082432897323));
#2524=CARTESIAN_POINT('',(32.3095804494579,-15.5000000000001,63.2000000123332));
#2525=CARTESIAN_POINT('',(31.9643842411399,-13.5000000000001,65.1999999999999));
#2526=CARTESIAN_POINT('',(31.9643842411399,-15.5000000000001,65.1999999999999));
#2527=CARTESIAN_POINT('',(31.9643842411399,-15.5000000000001,63.1999999999999));
#2528=CARTESIAN_POINT('',(35.,-11.5000000000009,63.563693182804));
#2529=CARTESIAN_POINT('',(37.,-11.5000000000009,63.5636931828041));
#2530=CARTESIAN_POINT('',(37.,-11.972602739727,64.6844512767741));
#2531=CARTESIAN_POINT('',(35.9199999999993,-12.1900000000008,65.1999999999999));
#2532=CARTESIAN_POINT('',(37.,-11.1362318872944,63.7170874295796));
#2533=CARTESIAN_POINT('',(37.000000000004,-11.597628615391,64.6366804885046));
#2534=CARTESIAN_POINT('',(36.1710951835359,-11.8552064760799,65.1999999771753));
#2535=CARTESIAN_POINT('',(37.,-10.7776160647143,63.9144070277175));
#2536=CARTESIAN_POINT('',(37.,-11.1229248771544,64.6561539107846));
#2537=CARTESIAN_POINT('',(36.4505232562632,-11.3664794312822,65.1999999793345));
#2538=CARTESIAN_POINT('',(37.,-10.2041586605629,64.0656344125));
#2539=CARTESIAN_POINT('',(37.,-10.3007456588403,64.6871066212513));
#2540=CARTESIAN_POINT('',(36.6458254888176,-10.3783855393999,65.2000000103327));
#2541=CARTESIAN_POINT('',(37.,-10.0017304582911,64.0833098000798));
#2542=CARTESIAN_POINT('',(37.,-10.0001663389115,64.6921023028513));
#2543=CARTESIAN_POINT('',(36.667183942741,-9.99980863335365,65.2000000096877));
#2544=CARTESIAN_POINT('',(37.,-9.60946073820702,64.028881526339));
#2545=CARTESIAN_POINT('',(37.,-9.43359093900353,64.6795316864149));
#2546=CARTESIAN_POINT('',(36.5985723472357,-9.29394386423585,65.1999999903122));
#2547=CARTESIAN_POINT('',(37.,-9.42121367856082,63.9634268196584));
#2548=CARTESIAN_POINT('',(37.,-9.16434119369522,64.6648819546665));
#2549=CARTESIAN_POINT('',(36.5149309906816,-8.97308173011869,65.2000000109306));
#2550=CARTESIAN_POINT('',(37.,-8.86627788772593,63.735784420198));
#2551=CARTESIAN_POINT('',(37.,-8.40939429572458,64.6415781583489));
#2552=CARTESIAN_POINT('',(36.1996102199035,-8.14738053930596,65.1999999781385));
#2553=CARTESIAN_POINT('',(37.,-8.50647897155325,63.5517677562227));
#2554=CARTESIAN_POINT('',(37.0000000000013,-7.986445235805,64.6669573515741));
#2555=CARTESIAN_POINT('',(35.9165149307285,-7.7749798275193,65.2000000076594));
#2556=CARTESIAN_POINT('',(37.,-7.75391699587942,63.2884038017216));
#2557=CARTESIAN_POINT('',(36.9999999999986,-7.30761468807336,64.852179135571));
#2558=CARTESIAN_POINT('',(35.41601674786,-7.2396309302201,65.1999999923405));
#2559=CARTESIAN_POINT('',(37.,-7.36341517750054,63.2000000077517));
#2560=CARTESIAN_POINT('',(37.,-7.0672661293865,65.0159742842048));
#2561=CARTESIAN_POINT('',(35.1906071747557,-7.07157721889886,65.1999999999999));
#2562=CARTESIAN_POINT('',(37.,-6.94672307184569,63.1999999999999));
#2563=CARTESIAN_POINT('',(37.,-6.94672307184569,65.1999999999999));
#2564=CARTESIAN_POINT('',(35.,-6.94672307184569,65.1999999999999));
#2565=CARTESIAN_POINT('',(35.9199999999999,-12.19,65.1999999999999));
#2566=CARTESIAN_POINT('',(37.,-11.972602739726,64.684451276774));
#2567=CARTESIAN_POINT('',(37.,-11.5,63.5636931828045));
#2568=CARTESIAN_POINT('',(35.5759192073065,-12.6487743819474,65.2000000035043));
#2569=CARTESIAN_POINT('',(36.8812874626862,-12.8254324425334,64.6863126680256));
#2570=CARTESIAN_POINT('',(37.,-12.483372755813,63.3563582956427));
#2571=CARTESIAN_POINT('',(35.1150806814243,-13.0271760522822,65.200000000288));
#2572=CARTESIAN_POINT('',(36.4583680185413,-13.7288076569009,64.7854061140017));
#2573=CARTESIAN_POINT('',(36.5928621968877,-13.5496748533228,63.2811365274386));
#2574=CARTESIAN_POINT('',(34.1081507171328,-13.5226925991759,65.1999999997119));
#2575=CARTESIAN_POINT('',(35.045907704676,-15.0813307004492,64.9774888331161));
#2576=CARTESIAN_POINT('',(35.1171441965074,-15.0535230717365,63.2067667886862));
#2577=CARTESIAN_POINT('',(33.5500230244602,-13.6499999888493,65.2000000008386));
#2578=CARTESIAN_POINT('',(34.050964616655,-15.4999999630141,65.0608581047724));
#2579=CARTESIAN_POINT('',(34.0589315073276,-15.5000000000001,63.2056329330772));
#2580=CARTESIAN_POINT('',(33.,-13.65,65.1999999999999));
#2581=CARTESIAN_POINT('',(33.,-15.5000000000001,65.0608581115686));
#2582=CARTESIAN_POINT('',(33.,-15.5000000000001,63.205632932482));
#2583=CARTESIAN_POINT('',(29.0000000000005,-2.41778819187744E-12,63.1999999999999));
#2584=CARTESIAN_POINT('',(29.0000000000005,-1.65000000000242,63.1999999999999));
#2585=CARTESIAN_POINT('',(29.0000000000005,-2.41778819187744E-12,59.2));
#2586=CARTESIAN_POINT('',(29.0000000000005,-2.41778819187744E-12,63.1999999999999));
#2587=CARTESIAN_POINT('',(29.0000000000003,-2.41473507855972E-12,61.1999999999999));
#2588=CARTESIAN_POINT('',(29.0000000000003,-1.7500000000024,61.1999999999999));
#2589=CARTESIAN_POINT('',(29.,-15.4999999999999,61.1999999999999));
#2590=CARTESIAN_POINT('',(29.,6.18465843842399,61.1999999999999));
#2591=CARTESIAN_POINT('',(29.,15.4999999999949,61.2));
#2592=CARTESIAN_POINT('',(27.,6.18465843842399,61.1999999999999));
#2593=CARTESIAN_POINT('',(27.6153846153847,4.28168661121585,61.2000000000003));
#2594=CARTESIAN_POINT('',(29.0000000000001,-2.46677678283902E-12,61.2000000000003));
#2595=CARTESIAN_POINT('',(27.6153846153847,-4.28168661122078,61.2000000000003));
#2596=CARTESIAN_POINT('',(27.,-6.18465843842892,61.1999999999999));
#2597=CARTESIAN_POINT('',(29.,-6.18465843842892,61.1999999999999));
#2598=CARTESIAN_POINT('',(29.,-15.4999999999999,61.1999999999999));
#2599=CARTESIAN_POINT('',(29.,-15.4999999999999,61.1999999999998));
#2600=CARTESIAN_POINT('',(37.,-15.4999999999999,61.1999999999998));
#2601=CARTESIAN_POINT('',(33.,-15.4999999999999,61.1999999999998));
#2602=CARTESIAN_POINT('',(33.,-11.5,61.1999999999999));
#2603=CARTESIAN_POINT('',(37.,-11.5,61.1999999999999));
#2604=CARTESIAN_POINT('',(37.,-15.4999999999999,61.1999999999999));
#2605=CARTESIAN_POINT('',(37.,11.4999999999948,61.2));
#2606=CARTESIAN_POINT('',(33.,11.4999999999948,61.2));
#2607=CARTESIAN_POINT('',(33.,15.4999999999949,61.2));
#2608=CARTESIAN_POINT('',(37.,15.4999999999949,61.2));
#2609=CARTESIAN_POINT('',(32.9999999999999,-9.99999999999999,61.1999999999999));
#2610=CARTESIAN_POINT('',(32.9999999999999,-11.75,61.1999999999999));
#2611=CARTESIAN_POINT('',(33.,10.,61.1999999999999));
#2612=CARTESIAN_POINT('',(33.,8.25000000000001,61.1999999999999));
#2613=CARTESIAN_POINT('',(37.,-15.4999999999999,61.1999999999999));
#2614=CARTESIAN_POINT('',(35.,-15.5,6.));
#2615=CARTESIAN_POINT('',(29.,-15.5,6.));
#2616=CARTESIAN_POINT('',(-3.03808348187111E-14,-15.4999999999947,6.));
#2617=CARTESIAN_POINT('',(29.,3.24561166473134E-14,6.));
#2618=CARTESIAN_POINT('',(29.,15.4999999999948,6.));
#2619=CARTESIAN_POINT('',(-4.2632564145606E-14,15.4999999999947,6.));
#2620=CARTESIAN_POINT('',(8.35496943014223E-14,15.4999999999947,6.));
#2621=CARTESIAN_POINT('',(0.,0.,6.));
#2622=CARTESIAN_POINT('',(0.,0.,6.));
#2623=CARTESIAN_POINT('',(0.,0.,13.6));
#2624=CARTESIAN_POINT('',(15.4999999999947,0.,13.6));
#2625=CARTESIAN_POINT('',(8.35496943014223E-14,15.4999999999947,6.));
#2626=CARTESIAN_POINT('',(8.35496943014223E-14,15.4999999999947,2.));
#2627=CARTESIAN_POINT('',(0.,0.,2.));
#2628=CARTESIAN_POINT('',(-3.03808348187111E-14,-15.4999999999947,2.));
#2629=CARTESIAN_POINT('',(-3.03808348187111E-14,-15.4999999999947,6.));
#2630=CARTESIAN_POINT('',(0.,0.,12.6));
#2631=CARTESIAN_POINT('',(-8.66025403784441,-5.,12.6));
#2632=CARTESIAN_POINT('',(-9.48525403784441,-3.57105808375567,12.6));
#2633=CARTESIAN_POINT('',(0.,10.,12.6));
#2634=CARTESIAN_POINT('',(1.65,10.,12.6));
#2635=CARTESIAN_POINT('',(8.66025403784439,-5.00000000000003,12.6));
#2636=CARTESIAN_POINT('',(7.83525403784438,-6.42894191624435,12.6));
#2637=CARTESIAN_POINT('',(0.,0.,12.6));
#2638=CARTESIAN_POINT('',(13.6,0.,12.6));
#2639=CARTESIAN_POINT('',(0.,0.,12.6));
#2640=CARTESIAN_POINT('',(8.66025403784439,-5.00000000000003,0.));
#2641=CARTESIAN_POINT('',(12.3102540378444,-5.00000000000003,0.));
#2642=CARTESIAN_POINT('',(-8.66025403784441,-5.,0.));
#2643=CARTESIAN_POINT('',(-11.0438617080194,-7.76422040993172,0.));
#2644=CARTESIAN_POINT('',(-12.2459429695922,-5.68215459006109,0.));
#2645=CARTESIAN_POINT('',(0.,0.,0.));
#2646=CARTESIAN_POINT('',(-1.20208126157274,13.4463749999928,0.));
#2647=CARTESIAN_POINT('',(0.,10.,0.));
#2648=CARTESIAN_POINT('',(1.0356157588783,13.4999999999947,0.));
#2649=CARTESIAN_POINT('',(35.,13.4999999999948,0.));
#2650=CARTESIAN_POINT('',(33.,13.4999999999948,0.));
#2651=CARTESIAN_POINT('',(33.,-15.5,0.));
#2652=CARTESIAN_POINT('',(33.,-13.5,0.));
#2653=CARTESIAN_POINT('',(-3.50398064398933E-14,-13.5000000000001,0.));
#2654=CARTESIAN_POINT('',(-2.64607271001537E-14,-13.5000000000001,0.));
#2655=CARTESIAN_POINT('',(0.,0.,0.));
#2656=CARTESIAN_POINT('',(0.,0.,0.));
#2657=CARTESIAN_POINT('',(-8.66025403784441,-5.,2.));
#2658=CARTESIAN_POINT('',(-7.01025403784441,-5.,2.));
#2659=CARTESIAN_POINT('',(-8.66025403784441,-5.,-112.14));
#2660=CARTESIAN_POINT('',(0.,10.,2.));
#2661=CARTESIAN_POINT('',(1.65,10.,2.));
#2662=CARTESIAN_POINT('',(0.,10.,-112.14));
#2663=CARTESIAN_POINT('',(8.66025403784439,-5.00000000000003,2.));
#2664=CARTESIAN_POINT('',(10.3102540378444,-5.00000000000003,2.));
#2665=CARTESIAN_POINT('',(8.66025403784439,-5.00000000000003,-112.14));
#2666=CARTESIAN_POINT('',(-1.20208126157274,13.4463749999928,0.));
#2667=CARTESIAN_POINT('',(-0.88405738733779,13.5573004042078,0.));
#2668=CARTESIAN_POINT('',(-0.546484582893662,13.6205014489956,0.00401120830327373));
#2669=CARTESIAN_POINT('',(-0.210179590788865,13.6389866700694,0.00494863611947414));
#2670=CARTESIAN_POINT('',(-0.140199185448553,13.6428331882417,0.00514370184878257));
#2671=CARTESIAN_POINT('',(-0.0700863102486657,13.6447546447664,0.00524535523362528));
#2672=CARTESIAN_POINT('',(7.35493599598631E-14,13.6447546447664,0.00524535523362521));
#2673=CARTESIAN_POINT('',(7.35493599598631E-14,13.6447546447664,0.00524535523362521));
#2674=CARTESIAN_POINT('',(7.35493599598631E-14,13.6447546447664,0.00524535523362521));
#2675=CARTESIAN_POINT('',(0.336336713897653,13.6447546447664,0.0052453552336247));
#2676=CARTESIAN_POINT('',(0.676403645484934,13.6020069620995,0.000499471332379777));
#2677=CARTESIAN_POINT('',(1.00000000000007,13.5103142096663,2.65959071231817E-5));
#2678=CARTESIAN_POINT('',(1.01189154437089,13.5069446771644,9.21864368110019E-6));
#2679=CARTESIAN_POINT('',(1.02376396480719,13.5035068299121,-1.27834034398473E-18));
#2680=CARTESIAN_POINT('',(1.0356157588783,13.4999999999947,0.));
#2681=CARTESIAN_POINT('',(0.,10.,2.));
#2682=CARTESIAN_POINT('',(-11.0438617080194,-7.76422040993172,0.));
#2683=CARTESIAN_POINT('',(-11.2989378631121,-7.54426635794179,0.));
#2684=CARTESIAN_POINT('',(-11.5224579756661,-7.28352025606034,0.00401120830327422));
#2685=CARTESIAN_POINT('',(-11.706619142763,-7.00151420001496,0.00494863611947514));
#2686=CARTESIAN_POINT('',(-11.9271536161492,-6.66380968802646,0.0060712134415155));
#2687=CARTESIAN_POINT('',(-12.0971777703054,-6.28630992057299,0.00248520684091749));
#2688=CARTESIAN_POINT('',(-12.1980263417139,-5.89578849283672,0.000579512042436417));
#2689=CARTESIAN_POINT('',(-12.2162741170487,-5.82512663637956,0.000234691188221037));
#2690=CARTESIAN_POINT('',(-12.2323034648365,-5.7538495136895,0.));
#2691=CARTESIAN_POINT('',(-12.2459429695922,-5.68215459006109,0.));
#2692=CARTESIAN_POINT('',(-8.66025403784441,-5.,2.));
#2693=CARTESIAN_POINT('',(8.66025403784439,-5.00000000000003,2.));
#2694=CARTESIAN_POINT('',(0.,0.,13.6));
#2695=CARTESIAN_POINT('',(13.6,0.,13.6));
#2696=CARTESIAN_POINT('',(0.,0.,13.6));
#2697=CARTESIAN_POINT('',(0.,0.,13.6));
#2698=CARTESIAN_POINT('',(33.,15.4999999999948,6.));
#2699=CARTESIAN_POINT('',(33.,15.4999999999949,31.1999999999999));
#2700=CARTESIAN_POINT('',(33.,15.4999999999948,6.));
#2701=CARTESIAN_POINT('',(33.,15.4999999999948,2.));
#2702=CARTESIAN_POINT('',(8.35496943014223E-14,15.4999999999947,2.));
#2703=CARTESIAN_POINT('',(29.,15.4999999999948,-6.03961325396085E-14));
#2704=CARTESIAN_POINT('',(-4.2632564145606E-14,15.4999999999947,6.));
#2705=CARTESIAN_POINT('',(35.,15.4999999999948,2.));
#2706=CARTESIAN_POINT('',(35.,-13.5,2.));
#2707=CARTESIAN_POINT('',(35.,13.4999999999948,2.));
#2708=CARTESIAN_POINT('',(35.,13.4999999999948,6.));
#2709=CARTESIAN_POINT('',(35.,13.4999999999948,23.5842268941322));
#2710=CARTESIAN_POINT('',(35.,-3.14488578548042E-14,31.2));
#2711=CARTESIAN_POINT('',(35.,-13.5,23.5842268941414));
#2712=CARTESIAN_POINT('',(35.,-13.5,6.));
#2713=CARTESIAN_POINT('',(35.,15.4999999999948,6.));
#2714=CARTESIAN_POINT('',(33.,-15.5,6.));
#2715=CARTESIAN_POINT('',(33.,-15.5,2.));
#2716=CARTESIAN_POINT('',(33.,-15.4999999999999,31.2));
#2717=CARTESIAN_POINT('',(33.,-15.5,6.));
#2718=CARTESIAN_POINT('',(29.,-15.4999999999999,31.2));
#2719=CARTESIAN_POINT('',(35.,-15.5,2.));
#2720=CARTESIAN_POINT('',(35.,-15.5,6.));
#2721=CARTESIAN_POINT('',(35.,13.4999999999948,23.5842268941322));
#2722=CARTESIAN_POINT('',(35.,14.1842756696567,24.7971991573573));
#2723=CARTESIAN_POINT('',(34.6879223919001,14.6842961269434,26.0656709603569));
#2724=CARTESIAN_POINT('',(33.929193734545,15.3407167954485,28.620795542628));
#2725=CARTESIAN_POINT('',(33.4641289659904,15.4999999999948,29.9079172177595));
#2726=CARTESIAN_POINT('',(33.,15.4999999999948,31.2));
#2727=CARTESIAN_POINT('',(33.,15.4999999999948,31.2));
#2728=CARTESIAN_POINT('',(33.9172828019718,15.4999999999948,33.0056743384123));
#2729=CARTESIAN_POINT('',(34.8491685760831,15.1848845606177,34.8301762046035));
#2730=CARTESIAN_POINT('',(36.3644480789525,13.8829158130111,38.3430768527721));
#2731=CARTESIAN_POINT('',(37.,12.8774961400625,40.0679841248007));
#2732=CARTESIAN_POINT('',(37.,11.4999999999948,41.5923048454124));
#2733=CARTESIAN_POINT('',(37.,11.4999999999948,41.5923048454124));
#2734=CARTESIAN_POINT('',(37.,-2.53415120429309E-12,31.2));
#2735=CARTESIAN_POINT('',(37.,-11.5,41.5923048454122));
#2736=CARTESIAN_POINT('',(37.,-11.5,41.5923048454122));
#2737=CARTESIAN_POINT('',(37.,-12.8774961400676,40.0679841248007));
#2738=CARTESIAN_POINT('',(36.3644480789526,-13.8829158130161,38.3430768527721));
#2739=CARTESIAN_POINT('',(34.8491685760835,-15.1848845606227,34.8301762046037));
#2740=CARTESIAN_POINT('',(33.9172828067623,-15.5,33.0056743359786));
#2741=CARTESIAN_POINT('',(33.,-15.5,31.2));
#2742=CARTESIAN_POINT('',(33.,-15.5,31.2));
#2743=CARTESIAN_POINT('',(33.4641289683962,-15.5,29.9079172186255));
#2744=CARTESIAN_POINT('',(33.9291937345445,-15.3407167954539,28.6207955426303));
#2745=CARTESIAN_POINT('',(34.6879223918991,-14.6842961269499,26.0656709603613));
#2746=CARTESIAN_POINT('',(35.,-14.1842756696604,24.7971991573653));
#2747=CARTESIAN_POINT('',(35.,-13.5,23.5842268941414));
#2748=CARTESIAN_POINT('',(38.4,2.0122792321331E-13,31.2));
#2749=CARTESIAN_POINT('',(38.4,2.04075227021327E-13,15.7000000000026));
#2750=CARTESIAN_POINT('',(29.,-2.53594188659087E-12,31.2));
#2751=CARTESIAN_POINT('',(29.,9.99999999999961,31.2));
#2752=CARTESIAN_POINT('',(29.,13.6499999999996,31.2));
#2753=CARTESIAN_POINT('',(29.,-5.0000000000004,39.8602540378444));
#2754=CARTESIAN_POINT('',(29.,-1.35000000000039,39.8602540378444));
#2755=CARTESIAN_POINT('',(29.,-5.00000000000042,22.5397459621557));
#2756=CARTESIAN_POINT('',(29.,-1.35000000000042,22.5397459621557));
#2757=CARTESIAN_POINT('',(29.,-6.18465843842892,31.2));
#2758=CARTESIAN_POINT('',(29.,-6.18465843842892,56.2000000000003));
#2759=CARTESIAN_POINT('',(29.,-2.53594188659087E-12,56.2000000000003));
#2760=CARTESIAN_POINT('',(29.,-1.25000000000241,56.2000000000003));
#2761=CARTESIAN_POINT('',(29.,-2.53594188659087E-12,56.2000000000003));
#2762=CARTESIAN_POINT('',(29.,1.24999999999759,56.2000000000003));
#2763=CARTESIAN_POINT('',(29.,-2.53594188659087E-12,56.2000000000003));
#2764=CARTESIAN_POINT('',(29.,6.18465843842399,56.2000000000003));
#2765=CARTESIAN_POINT('',(29.,6.18465843842399,31.2));
#2766=CARTESIAN_POINT('',(29.,-2.53594188659087E-12,31.2));
#2767=CARTESIAN_POINT('',(38.4,-2.18575157973078E-13,31.2));
#2768=CARTESIAN_POINT('',(38.4,13.5999999999998,31.2));
#2769=CARTESIAN_POINT('',(37.4,-2.18575157973078E-13,31.2));
#2770=CARTESIAN_POINT('',(37.4,13.5999999999998,31.2));
#2771=CARTESIAN_POINT('',(38.4,-2.18575157973078E-13,31.2));
#2772=CARTESIAN_POINT('',(38.4,-8.67361737988404E-15,31.2));
#2773=CARTESIAN_POINT('',(37.4,9.99999999999961,31.2));
#2774=CARTESIAN_POINT('',(37.4,11.6499999999996,31.2));
#2775=CARTESIAN_POINT('',(37.4,-5.0000000000004,39.8602540378444));
#2776=CARTESIAN_POINT('',(37.4,-5.82500000000039,41.2891959540888));
#2777=CARTESIAN_POINT('',(37.4,-5.00000000000042,22.5397459621557));
#2778=CARTESIAN_POINT('',(37.4,-5.82500000000043,21.1108040459113));
#2779=CARTESIAN_POINT('',(37.4,-2.876283440813E-14,31.2));
#2780=CARTESIAN_POINT('',(31.,-5.00000000000042,22.5397459621557));
#2781=CARTESIAN_POINT('',(31.,-5.00000000000042,20.8897459621557));
#2782=CARTESIAN_POINT('',(-45.7599999999999,-5.00000000000042,22.5397459621557));
#2783=CARTESIAN_POINT('',(31.,-5.0000000000004,39.8602540378444));
#2784=CARTESIAN_POINT('',(31.,-5.0000000000004,38.2102540378444));
#2785=CARTESIAN_POINT('',(-45.7599999999999,-5.0000000000004,39.8602540378444));
#2786=CARTESIAN_POINT('',(31.,9.99999999999961,31.2));
#2787=CARTESIAN_POINT('',(31.,9.99999999999961,29.55));
#2788=CARTESIAN_POINT('',(-45.7599999999999,9.99999999999961,31.2));
#2789=CARTESIAN_POINT('',(31.,9.99999999999961,31.2));
#2790=CARTESIAN_POINT('',(31.,-5.0000000000004,39.8602540378444));
#2791=CARTESIAN_POINT('',(31.,-5.00000000000042,22.5397459621557));
#2792=CARTESIAN_POINT('',(-2.64607271001664E-14,-13.4999999999947,2.));
#2793=CARTESIAN_POINT('',(7.27690885851061E-14,13.4999999999947,2.));
#2794=CARTESIAN_POINT('',(0.,0.,2.));
#2795=CARTESIAN_POINT('',(33.,13.4999999999948,2.));
#2796=CARTESIAN_POINT('',(33.,13.4999999999948,6.));
#2797=CARTESIAN_POINT('',(33.,13.4999999999948,2.));
#2798=CARTESIAN_POINT('',(-3.21171660695008E-14,13.4999999999947,2.));
#2799=CARTESIAN_POINT('',(33.,-13.5,2.));
#2800=CARTESIAN_POINT('',(3.14480584430655E-14,-13.5000000000001,2.));
#2801=CARTESIAN_POINT('',(33.,-13.5,2.));
#2802=CARTESIAN_POINT('',(33.,-13.5,6.));
#2803=CARTESIAN_POINT('',(33.,13.4999999999948,2.));
#2804=CARTESIAN_POINT('',(33.,13.4999999999948,2.));
#2805=CARTESIAN_POINT('',(33.,-13.5,2.));
#2806=CARTESIAN_POINT('',(33.,-13.5,2.));
#2807=CARTESIAN_POINT('',(33.,3.69328223917705E-14,2.));
#2808=CARTESIAN_POINT('',(37.,-11.5,31.2));
#2809=CARTESIAN_POINT('',(37.,11.4999999999948,31.2));
#2810=CARTESIAN_POINT('',(37.,-2.53415120429309E-12,31.2));
#2811=CARTESIAN_POINT('',(32.9999999999999,-9.99999999999999,60.6999999999999));
#2812=CARTESIAN_POINT('',(34.25,-9.99999999999999,60.6999999999999));
#2813=CARTESIAN_POINT('',(32.9999999999999,-9.99999999999999,51.2));
#2814=CARTESIAN_POINT('',(32.9999999999999,-8.75,51.2));
#2815=CARTESIAN_POINT('',(32.9999999999999,-9.99999999999999,51.2));
#2816=CARTESIAN_POINT('',(32.9999999999999,-9.99999999999999,51.2));
#2817=CARTESIAN_POINT('',(33.,10.,60.6999999999999));
#2818=CARTESIAN_POINT('',(34.25,10.,60.6999999999999));
#2819=CARTESIAN_POINT('',(33.,10.,51.2));
#2820=CARTESIAN_POINT('',(33.,8.75,51.2));
#2821=CARTESIAN_POINT('',(33.,10.,51.2));
#2822=CARTESIAN_POINT('',(33.,10.,51.2));
#2823=CARTESIAN_POINT('',(32.9999999999999,-9.99999999999999,61.1999999999999));
#2824=CARTESIAN_POINT('',(33.,10.,60.6999999999999));
#2825=CARTESIAN_POINT('',(33.,-11.5,6.));
#2826=CARTESIAN_POINT('',(33.,11.4999999999948,6.));
#2827=CARTESIAN_POINT('',(29.0000000000001,-2.46677678283902E-12,56.2000000000003));
#2828=CARTESIAN_POINT('',(27.6153846153847,4.28168661121585,56.2000000000003));
#2829=CARTESIAN_POINT('',(27.6153846153847,-4.28168661122078,56.2000000000003));
#2830=CARTESIAN_POINT('',(27.6153846153847,-4.28168661122078,56.2000000000003));
#2831=CARTESIAN_POINT('',(27.6153846153847,4.28168661121585,56.2000000000003));
#2832=CARTESIAN_POINT('',(29.0000000000001,-2.46677678283902E-12,56.2000000000003));
#2833=CARTESIAN_POINT('',(29.0000000000003,-2.41473507855972E-12,56.2000000000003));
#2834=CARTESIAN_POINT('',(27.,-6.18465843842892,56.2000000000003));
#2835=CARTESIAN_POINT('',(27.,6.18465843842399,56.2000000000003));
#2836=CARTESIAN_POINT('',(29.0000000000001,-2.46677678283902E-12,56.2000000000003));
#2837=CARTESIAN_POINT('',(27.,-6.18465843842892,56.2000000000003));
#2838=CARTESIAN_POINT('',(27.,6.18465843842399,56.2000000000003));
#2839=CARTESIAN_POINT('',(29.0000000000003,-2.41473507855972E-12,56.2000000000003));
#2840=CARTESIAN_POINT('',(29.0000000000001,-2.46677678283902E-12,56.2000000000003));
#2841=CARTESIAN_POINT('',(29.0000000000003,-2.41473507855972E-12,60.6999999999999));
#2842=CARTESIAN_POINT('',(30.2500000000003,-2.41473507855972E-12,60.6999999999999));
#2843=CARTESIAN_POINT('',(29.0000000000003,-2.41473507855972E-12,11.7));
#2844=CARTESIAN_POINT('',(29.0000000000003,-2.41473507855972E-12,60.6999999999999));
#2845=MECHANICAL_DESIGN_GEOMETRIC_PRESENTATION_REPRESENTATION('',(#248,
#249,#250),#2846);
#2846=(
GEOMETRIC_REPRESENTATION_CONTEXT(3)
GLOBAL_UNCERTAINTY_ASSIGNED_CONTEXT((#2847))
GLOBAL_UNIT_ASSIGNED_CONTEXT((#2853,#2849,#2848))
REPRESENTATION_CONTEXT('Head_pitch','TOP_LEVEL_ASSEMBLY_PART')
);
#2847=UNCERTAINTY_MEASURE_WITH_UNIT(LENGTH_MEASURE(0.0508),#2853,
'DISTANCE_ACCURACY_VALUE','Maximum Tolerance applied to model');
#2848=(
NAMED_UNIT(*)
SI_UNIT($,.STERADIAN.)
SOLID_ANGLE_UNIT()
);
#2849=(
CONVERSION_BASED_UNIT('DEGREE',#2851)
NAMED_UNIT(#2850)
PLANE_ANGLE_UNIT()
);
#2850=DIMENSIONAL_EXPONENTS(0.,0.,0.,0.,0.,0.,0.);
#2851=PLANE_ANGLE_MEASURE_WITH_UNIT(PLANE_ANGLE_MEASURE(0.0174532925),#2852);
#2852=(
NAMED_UNIT(*)
PLANE_ANGLE_UNIT()
SI_UNIT($,.RADIAN.)
);
#2853=(
LENGTH_UNIT()
NAMED_UNIT(*)
SI_UNIT(.MILLI.,.METRE.)
);
ENDSEC;
END-ISO-10303-21;
