ISO-10303-21;
HEADER;
/* Generated by software containing ST-Developer
 * from STEP Tools, Inc. (www.steptools.com) 
 */
/* OPTION: using custom schema-name function */

FILE_DESCRIPTION(
/* description */ (''),
/* implementation_level */ '2;1');

FILE_NAME(
/* name */ 'IMU_YB-MRA02.stp',
/* time_stamp */ '2026-09-11T23:18:51+08:00',
/* author */ (''),
/* organization */ (''),
/* preprocessor_version */ 'ST-DEVELOPER v20',
/* originating_system */ 'SIEMENS PLM Software NX2406.1700',
/* authorisation */ '');

FILE_SCHEMA (('AP203_CONFIGURATION_CONTROLLED_3D_DESIGN_OF_MECHANICAL_PARTS_AND_ASSEMBLIES_MIM_LF { 1 0 10303 403 2 1 2}'));
ENDSEC;

DATA;
#10=PROPERTY_DEFINITION_REPRESENTATION(#14,#12);
#11=PROPERTY_DEFINITION_REPRESENTATION(#15,#13);
#12=REPRESENTATION('',(#16),#3995);
#13=REPRESENTATION('',(#17),#3995);
#14=PROPERTY_DEFINITION('pmi validation property','',#73);
#15=PROPERTY_DEFINITION('pmi validation property','',#73);
#16=VALUE_REPRESENTATION_ITEM('number of annotations',COUNT_MEASURE(0.));
#17=VALUE_REPRESENTATION_ITEM('number of views',COUNT_MEASURE(0.));
#18=SHAPE_REPRESENTATION_RELATIONSHIP('None',
'relationship between YB-MRA02_step_objects-None and YB-MRA02_step_obj
ects-None',#84,#19);
#19=MANIFOLD_SURFACE_SHAPE_REPRESENTATION('YB-MRA02_step_objects-None',
(#677),#3995);
#20=APPLIED_APPROVAL_ASSIGNMENT(#32,(#74));
#21=APPLIED_APPROVAL_ASSIGNMENT(#33,(#76));
#22=APPLIED_APPROVAL_ASSIGNMENT(#34,(#46));
#23=APPROVAL_PERSON_ORGANIZATION(#38,#32,#26);
#24=APPROVAL_PERSON_ORGANIZATION(#39,#33,#27);
#25=APPROVAL_PERSON_ORGANIZATION(#40,#34,#28);
#26=APPROVAL_ROLE('approver');
#27=APPROVAL_ROLE('approver');
#28=APPROVAL_ROLE('approver');
#29=APPROVAL_DATE_TIME(#54,#32);
#30=APPROVAL_DATE_TIME(#55,#33);
#31=APPROVAL_DATE_TIME(#56,#34);
#32=APPROVAL(#35,' ');
#33=APPROVAL(#36,' ');
#34=APPROVAL(#37,' ');
#35=APPROVAL_STATUS('not_yet_approved');
#36=APPROVAL_STATUS('not_yet_approved');
#37=APPROVAL_STATUS('not_yet_approved');
#38=PERSON_AND_ORGANIZATION(#44,#41);
#39=PERSON_AND_ORGANIZATION(#44,#42);
#40=PERSON_AND_ORGANIZATION(#44,#43);
#41=ORGANIZATION(' ',' ',' ');
#42=ORGANIZATION(' ',' ',' ');
#43=ORGANIZATION(' ',' ',' ');
#44=PERSON(' ',' ',' ',(' '),$,$);
#45=APPLIED_SECURITY_CLASSIFICATION_ASSIGNMENT(#46,(#76));
#46=SECURITY_CLASSIFICATION(' ',' ',#47);
#47=SECURITY_CLASSIFICATION_LEVEL('confidential');
#48=APPLIED_DATE_AND_TIME_ASSIGNMENT(#52,#50,(#74));
#49=APPLIED_DATE_AND_TIME_ASSIGNMENT(#53,#51,(#46));
#50=DATE_TIME_ROLE('creation_date');
#51=DATE_TIME_ROLE('classification_date');
#52=DATE_AND_TIME(#67,#57);
#53=DATE_AND_TIME(#68,#58);
#54=DATE_AND_TIME(#69,#59);
#55=DATE_AND_TIME(#70,#60);
#56=DATE_AND_TIME(#71,#61);
#57=LOCAL_TIME(0,0,0.,#62);
#58=LOCAL_TIME(0,0,0.,#63);
#59=LOCAL_TIME(0,0,0.,#64);
#60=LOCAL_TIME(0,0,0.,#65);
#61=LOCAL_TIME(0,0,0.,#66);
#62=COORDINATED_UNIVERSAL_TIME_OFFSET(0,0,.BEHIND.);
#63=COORDINATED_UNIVERSAL_TIME_OFFSET(0,0,.BEHIND.);
#64=COORDINATED_UNIVERSAL_TIME_OFFSET(0,0,.BEHIND.);
#65=COORDINATED_UNIVERSAL_TIME_OFFSET(0,0,.BEHIND.);
#66=COORDINATED_UNIVERSAL_TIME_OFFSET(0,0,.BEHIND.);
#67=CALENDAR_DATE(0,1,1);
#68=CALENDAR_DATE(0,1,1);
#69=CALENDAR_DATE(0,1,1);
#70=CALENDAR_DATE(0,1,1);
#71=CALENDAR_DATE(0,1,1);
#72=SHAPE_DEFINITION_REPRESENTATION(#73,#84);
#73=PRODUCT_DEFINITION_SHAPE('','',#74);
#74=PRODUCT_DEFINITION(' ','',#76,#75);
#75=PRODUCT_DEFINITION_CONTEXT('part definition',#83,'design');
#76=PRODUCT_DEFINITION_FORMATION_WITH_SPECIFIED_SOURCE(' ',' ',#78,
 .NOT_KNOWN.);
#77=PRODUCT_RELATED_PRODUCT_CATEGORY('detail','',(#78));
#78=PRODUCT('YB-MRA02_step_objects','YB-MRA02_step_objects',' ',(#81));
#79=PRODUCT_CATEGORY('part',' ');
#80=PRODUCT_CATEGORY(' ','');
#81=PRODUCT_CONTEXT(' ',#83,'mechanical');
#82=APPLICATION_PROTOCOL_DEFINITION('international standard',
'config_control_design',2010,#83);
#83=APPLICATION_CONTEXT(
'configuration controlled 3D designs of mechanical parts and assemblie
s');
#84=SHAPE_REPRESENTATION('YB-MRA02_step_objects-None',(#2634),#3995);
#85=DRAUGHTING_PRE_DEFINED_COLOUR('white');
#86=OVER_RIDING_STYLED_ITEM('',(#172),#769,#170);
#87=OVER_RIDING_STYLED_ITEM('',(#173),#770,#170);
#88=OVER_RIDING_STYLED_ITEM('',(#174),#771,#170);
#89=OVER_RIDING_STYLED_ITEM('',(#175),#772,#170);
#90=OVER_RIDING_STYLED_ITEM('',(#176),#773,#170);
#91=OVER_RIDING_STYLED_ITEM('',(#177),#774,#170);
#92=OVER_RIDING_STYLED_ITEM('',(#178),#775,#170);
#93=OVER_RIDING_STYLED_ITEM('',(#179),#776,#170);
#94=OVER_RIDING_STYLED_ITEM('',(#180),#777,#170);
#95=OVER_RIDING_STYLED_ITEM('',(#181),#778,#170);
#96=OVER_RIDING_STYLED_ITEM('',(#182),#779,#170);
#97=OVER_RIDING_STYLED_ITEM('',(#183),#780,#170);
#98=OVER_RIDING_STYLED_ITEM('',(#184),#781,#170);
#99=OVER_RIDING_STYLED_ITEM('',(#185),#782,#170);
#100=OVER_RIDING_STYLED_ITEM('',(#186),#783,#170);
#101=OVER_RIDING_STYLED_ITEM('',(#187),#784,#170);
#102=OVER_RIDING_STYLED_ITEM('',(#188),#785,#170);
#103=OVER_RIDING_STYLED_ITEM('',(#189),#786,#170);
#104=OVER_RIDING_STYLED_ITEM('',(#190),#787,#170);
#105=OVER_RIDING_STYLED_ITEM('',(#191),#788,#170);
#106=OVER_RIDING_STYLED_ITEM('',(#192),#789,#170);
#107=OVER_RIDING_STYLED_ITEM('',(#193),#790,#170);
#108=OVER_RIDING_STYLED_ITEM('',(#194),#791,#170);
#109=OVER_RIDING_STYLED_ITEM('',(#195),#792,#170);
#110=OVER_RIDING_STYLED_ITEM('',(#196),#793,#170);
#111=OVER_RIDING_STYLED_ITEM('',(#197),#794,#170);
#112=OVER_RIDING_STYLED_ITEM('',(#198),#795,#170);
#113=OVER_RIDING_STYLED_ITEM('',(#199),#796,#170);
#114=OVER_RIDING_STYLED_ITEM('',(#200),#797,#170);
#115=OVER_RIDING_STYLED_ITEM('',(#201),#798,#170);
#116=OVER_RIDING_STYLED_ITEM('',(#202),#799,#170);
#117=OVER_RIDING_STYLED_ITEM('',(#203),#800,#170);
#118=OVER_RIDING_STYLED_ITEM('',(#204),#801,#170);
#119=OVER_RIDING_STYLED_ITEM('',(#205),#802,#170);
#120=OVER_RIDING_STYLED_ITEM('',(#206),#803,#170);
#121=OVER_RIDING_STYLED_ITEM('',(#207),#804,#170);
#122=OVER_RIDING_STYLED_ITEM('',(#208),#805,#170);
#123=OVER_RIDING_STYLED_ITEM('',(#209),#806,#170);
#124=OVER_RIDING_STYLED_ITEM('',(#210),#807,#170);
#125=OVER_RIDING_STYLED_ITEM('',(#211),#808,#170);
#126=OVER_RIDING_STYLED_ITEM('',(#212),#809,#170);
#127=OVER_RIDING_STYLED_ITEM('',(#213),#810,#170);
#128=OVER_RIDING_STYLED_ITEM('',(#214),#811,#170);
#129=OVER_RIDING_STYLED_ITEM('',(#215),#812,#170);
#130=OVER_RIDING_STYLED_ITEM('',(#216),#813,#170);
#131=OVER_RIDING_STYLED_ITEM('',(#217),#814,#170);
#132=OVER_RIDING_STYLED_ITEM('',(#218),#815,#170);
#133=OVER_RIDING_STYLED_ITEM('',(#219),#816,#170);
#134=OVER_RIDING_STYLED_ITEM('',(#220),#817,#170);
#135=OVER_RIDING_STYLED_ITEM('',(#221),#818,#170);
#136=OVER_RIDING_STYLED_ITEM('',(#222),#819,#170);
#137=OVER_RIDING_STYLED_ITEM('',(#223),#820,#170);
#138=OVER_RIDING_STYLED_ITEM('',(#224),#821,#170);
#139=OVER_RIDING_STYLED_ITEM('',(#225),#822,#170);
#140=OVER_RIDING_STYLED_ITEM('',(#226),#823,#170);
#141=OVER_RIDING_STYLED_ITEM('',(#227),#824,#170);
#142=OVER_RIDING_STYLED_ITEM('',(#228),#825,#170);
#143=OVER_RIDING_STYLED_ITEM('',(#229),#826,#170);
#144=OVER_RIDING_STYLED_ITEM('',(#230),#827,#170);
#145=OVER_RIDING_STYLED_ITEM('',(#231),#828,#170);
#146=OVER_RIDING_STYLED_ITEM('',(#232),#829,#170);
#147=OVER_RIDING_STYLED_ITEM('',(#233),#830,#170);
#148=OVER_RIDING_STYLED_ITEM('',(#234),#831,#170);
#149=OVER_RIDING_STYLED_ITEM('',(#235),#832,#170);
#150=OVER_RIDING_STYLED_ITEM('',(#236),#833,#170);
#151=OVER_RIDING_STYLED_ITEM('',(#237),#834,#170);
#152=OVER_RIDING_STYLED_ITEM('',(#238),#835,#170);
#153=OVER_RIDING_STYLED_ITEM('',(#239),#836,#170);
#154=OVER_RIDING_STYLED_ITEM('',(#240),#837,#170);
#155=OVER_RIDING_STYLED_ITEM('',(#241),#838,#170);
#156=OVER_RIDING_STYLED_ITEM('',(#242),#839,#170);
#157=OVER_RIDING_STYLED_ITEM('',(#243),#840,#170);
#158=OVER_RIDING_STYLED_ITEM('',(#244),#841,#170);
#159=OVER_RIDING_STYLED_ITEM('',(#245),#842,#170);
#160=OVER_RIDING_STYLED_ITEM('',(#246),#843,#170);
#161=OVER_RIDING_STYLED_ITEM('',(#247),#844,#170);
#162=OVER_RIDING_STYLED_ITEM('',(#248),#845,#170);
#163=OVER_RIDING_STYLED_ITEM('',(#249),#846,#170);
#164=OVER_RIDING_STYLED_ITEM('',(#250),#847,#170);
#165=OVER_RIDING_STYLED_ITEM('',(#251),#848,#170);
#166=OVER_RIDING_STYLED_ITEM('',(#252),#849,#170);
#167=OVER_RIDING_STYLED_ITEM('',(#253),#850,#170);
#168=OVER_RIDING_STYLED_ITEM('',(#254),#851,#170);
#169=PRESENTATION_LAYER_ASSIGNMENT('1','Layer 1',(#677));
#170=STYLED_ITEM('',(#171),#677);
#171=PRESENTATION_STYLE_ASSIGNMENT((#255));
#172=PRESENTATION_STYLE_ASSIGNMENT((#256));
#173=PRESENTATION_STYLE_ASSIGNMENT((#257));
#174=PRESENTATION_STYLE_ASSIGNMENT((#258));
#175=PRESENTATION_STYLE_ASSIGNMENT((#259));
#176=PRESENTATION_STYLE_ASSIGNMENT((#260));
#177=PRESENTATION_STYLE_ASSIGNMENT((#261));
#178=PRESENTATION_STYLE_ASSIGNMENT((#262));
#179=PRESENTATION_STYLE_ASSIGNMENT((#263));
#180=PRESENTATION_STYLE_ASSIGNMENT((#264));
#181=PRESENTATION_STYLE_ASSIGNMENT((#265));
#182=PRESENTATION_STYLE_ASSIGNMENT((#266));
#183=PRESENTATION_STYLE_ASSIGNMENT((#267));
#184=PRESENTATION_STYLE_ASSIGNMENT((#268));
#185=PRESENTATION_STYLE_ASSIGNMENT((#269));
#186=PRESENTATION_STYLE_ASSIGNMENT((#270));
#187=PRESENTATION_STYLE_ASSIGNMENT((#271));
#188=PRESENTATION_STYLE_ASSIGNMENT((#272));
#189=PRESENTATION_STYLE_ASSIGNMENT((#273));
#190=PRESENTATION_STYLE_ASSIGNMENT((#274));
#191=PRESENTATION_STYLE_ASSIGNMENT((#275));
#192=PRESENTATION_STYLE_ASSIGNMENT((#276));
#193=PRESENTATION_STYLE_ASSIGNMENT((#277));
#194=PRESENTATION_STYLE_ASSIGNMENT((#278));
#195=PRESENTATION_STYLE_ASSIGNMENT((#279));
#196=PRESENTATION_STYLE_ASSIGNMENT((#280));
#197=PRESENTATION_STYLE_ASSIGNMENT((#281));
#198=PRESENTATION_STYLE_ASSIGNMENT((#282));
#199=PRESENTATION_STYLE_ASSIGNMENT((#283));
#200=PRESENTATION_STYLE_ASSIGNMENT((#284));
#201=PRESENTATION_STYLE_ASSIGNMENT((#285));
#202=PRESENTATION_STYLE_ASSIGNMENT((#286));
#203=PRESENTATION_STYLE_ASSIGNMENT((#287));
#204=PRESENTATION_STYLE_ASSIGNMENT((#288));
#205=PRESENTATION_STYLE_ASSIGNMENT((#289));
#206=PRESENTATION_STYLE_ASSIGNMENT((#290));
#207=PRESENTATION_STYLE_ASSIGNMENT((#291));
#208=PRESENTATION_STYLE_ASSIGNMENT((#292));
#209=PRESENTATION_STYLE_ASSIGNMENT((#293));
#210=PRESENTATION_STYLE_ASSIGNMENT((#294));
#211=PRESENTATION_STYLE_ASSIGNMENT((#295));
#212=PRESENTATION_STYLE_ASSIGNMENT((#296));
#213=PRESENTATION_STYLE_ASSIGNMENT((#297));
#214=PRESENTATION_STYLE_ASSIGNMENT((#298));
#215=PRESENTATION_STYLE_ASSIGNMENT((#299));
#216=PRESENTATION_STYLE_ASSIGNMENT((#300));
#217=PRESENTATION_STYLE_ASSIGNMENT((#301));
#218=PRESENTATION_STYLE_ASSIGNMENT((#302));
#219=PRESENTATION_STYLE_ASSIGNMENT((#303));
#220=PRESENTATION_STYLE_ASSIGNMENT((#304));
#221=PRESENTATION_STYLE_ASSIGNMENT((#305));
#222=PRESENTATION_STYLE_ASSIGNMENT((#306));
#223=PRESENTATION_STYLE_ASSIGNMENT((#307));
#224=PRESENTATION_STYLE_ASSIGNMENT((#308));
#225=PRESENTATION_STYLE_ASSIGNMENT((#309));
#226=PRESENTATION_STYLE_ASSIGNMENT((#310));
#227=PRESENTATION_STYLE_ASSIGNMENT((#311));
#228=PRESENTATION_STYLE_ASSIGNMENT((#312));
#229=PRESENTATION_STYLE_ASSIGNMENT((#313));
#230=PRESENTATION_STYLE_ASSIGNMENT((#314));
#231=PRESENTATION_STYLE_ASSIGNMENT((#315));
#232=PRESENTATION_STYLE_ASSIGNMENT((#316));
#233=PRESENTATION_STYLE_ASSIGNMENT((#317));
#234=PRESENTATION_STYLE_ASSIGNMENT((#318));
#235=PRESENTATION_STYLE_ASSIGNMENT((#319));
#236=PRESENTATION_STYLE_ASSIGNMENT((#320));
#237=PRESENTATION_STYLE_ASSIGNMENT((#321));
#238=PRESENTATION_STYLE_ASSIGNMENT((#322));
#239=PRESENTATION_STYLE_ASSIGNMENT((#323));
#240=PRESENTATION_STYLE_ASSIGNMENT((#324));
#241=PRESENTATION_STYLE_ASSIGNMENT((#325));
#242=PRESENTATION_STYLE_ASSIGNMENT((#326));
#243=PRESENTATION_STYLE_ASSIGNMENT((#327));
#244=PRESENTATION_STYLE_ASSIGNMENT((#328));
#245=PRESENTATION_STYLE_ASSIGNMENT((#329));
#246=PRESENTATION_STYLE_ASSIGNMENT((#330));
#247=PRESENTATION_STYLE_ASSIGNMENT((#331));
#248=PRESENTATION_STYLE_ASSIGNMENT((#332));
#249=PRESENTATION_STYLE_ASSIGNMENT((#333));
#250=PRESENTATION_STYLE_ASSIGNMENT((#334));
#251=PRESENTATION_STYLE_ASSIGNMENT((#335));
#252=PRESENTATION_STYLE_ASSIGNMENT((#336));
#253=PRESENTATION_STYLE_ASSIGNMENT((#337));
#254=PRESENTATION_STYLE_ASSIGNMENT((#338));
#255=SURFACE_STYLE_USAGE(.BOTH.,#339);
#256=SURFACE_STYLE_USAGE(.BOTH.,#340);
#257=SURFACE_STYLE_USAGE(.BOTH.,#341);
#258=SURFACE_STYLE_USAGE(.BOTH.,#342);
#259=SURFACE_STYLE_USAGE(.BOTH.,#343);
#260=SURFACE_STYLE_USAGE(.BOTH.,#344);
#261=SURFACE_STYLE_USAGE(.BOTH.,#345);
#262=SURFACE_STYLE_USAGE(.BOTH.,#346);
#263=SURFACE_STYLE_USAGE(.BOTH.,#347);
#264=SURFACE_STYLE_USAGE(.BOTH.,#348);
#265=SURFACE_STYLE_USAGE(.BOTH.,#349);
#266=SURFACE_STYLE_USAGE(.BOTH.,#350);
#267=SURFACE_STYLE_USAGE(.BOTH.,#351);
#268=SURFACE_STYLE_USAGE(.BOTH.,#352);
#269=SURFACE_STYLE_USAGE(.BOTH.,#353);
#270=SURFACE_STYLE_USAGE(.BOTH.,#354);
#271=SURFACE_STYLE_USAGE(.BOTH.,#355);
#272=SURFACE_STYLE_USAGE(.BOTH.,#356);
#273=SURFACE_STYLE_USAGE(.BOTH.,#357);
#274=SURFACE_STYLE_USAGE(.BOTH.,#358);
#275=SURFACE_STYLE_USAGE(.BOTH.,#359);
#276=SURFACE_STYLE_USAGE(.BOTH.,#360);
#277=SURFACE_STYLE_USAGE(.BOTH.,#361);
#278=SURFACE_STYLE_USAGE(.BOTH.,#362);
#279=SURFACE_STYLE_USAGE(.BOTH.,#363);
#280=SURFACE_STYLE_USAGE(.BOTH.,#364);
#281=SURFACE_STYLE_USAGE(.BOTH.,#365);
#282=SURFACE_STYLE_USAGE(.BOTH.,#366);
#283=SURFACE_STYLE_USAGE(.BOTH.,#367);
#284=SURFACE_STYLE_USAGE(.BOTH.,#368);
#285=SURFACE_STYLE_USAGE(.BOTH.,#369);
#286=SURFACE_STYLE_USAGE(.BOTH.,#370);
#287=SURFACE_STYLE_USAGE(.BOTH.,#371);
#288=SURFACE_STYLE_USAGE(.BOTH.,#372);
#289=SURFACE_STYLE_USAGE(.BOTH.,#373);
#290=SURFACE_STYLE_USAGE(.BOTH.,#374);
#291=SURFACE_STYLE_USAGE(.BOTH.,#375);
#292=SURFACE_STYLE_USAGE(.BOTH.,#376);
#293=SURFACE_STYLE_USAGE(.BOTH.,#377);
#294=SURFACE_STYLE_USAGE(.BOTH.,#378);
#295=SURFACE_STYLE_USAGE(.BOTH.,#379);
#296=SURFACE_STYLE_USAGE(.BOTH.,#380);
#297=SURFACE_STYLE_USAGE(.BOTH.,#381);
#298=SURFACE_STYLE_USAGE(.BOTH.,#382);
#299=SURFACE_STYLE_USAGE(.BOTH.,#383);
#300=SURFACE_STYLE_USAGE(.BOTH.,#384);
#301=SURFACE_STYLE_USAGE(.BOTH.,#385);
#302=SURFACE_STYLE_USAGE(.BOTH.,#386);
#303=SURFACE_STYLE_USAGE(.BOTH.,#387);
#304=SURFACE_STYLE_USAGE(.BOTH.,#388);
#305=SURFACE_STYLE_USAGE(.BOTH.,#389);
#306=SURFACE_STYLE_USAGE(.BOTH.,#390);
#307=SURFACE_STYLE_USAGE(.BOTH.,#391);
#308=SURFACE_STYLE_USAGE(.BOTH.,#392);
#309=SURFACE_STYLE_USAGE(.BOTH.,#393);
#310=SURFACE_STYLE_USAGE(.BOTH.,#394);
#311=SURFACE_STYLE_USAGE(.BOTH.,#395);
#312=SURFACE_STYLE_USAGE(.BOTH.,#396);
#313=SURFACE_STYLE_USAGE(.BOTH.,#397);
#314=SURFACE_STYLE_USAGE(.BOTH.,#398);
#315=SURFACE_STYLE_USAGE(.BOTH.,#399);
#316=SURFACE_STYLE_USAGE(.BOTH.,#400);
#317=SURFACE_STYLE_USAGE(.BOTH.,#401);
#318=SURFACE_STYLE_USAGE(.BOTH.,#402);
#319=SURFACE_STYLE_USAGE(.BOTH.,#403);
#320=SURFACE_STYLE_USAGE(.BOTH.,#404);
#321=SURFACE_STYLE_USAGE(.BOTH.,#405);
#322=SURFACE_STYLE_USAGE(.BOTH.,#406);
#323=SURFACE_STYLE_USAGE(.BOTH.,#407);
#324=SURFACE_STYLE_USAGE(.BOTH.,#408);
#325=SURFACE_STYLE_USAGE(.BOTH.,#409);
#326=SURFACE_STYLE_USAGE(.BOTH.,#410);
#327=SURFACE_STYLE_USAGE(.BOTH.,#411);
#328=SURFACE_STYLE_USAGE(.BOTH.,#412);
#329=SURFACE_STYLE_USAGE(.BOTH.,#413);
#330=SURFACE_STYLE_USAGE(.BOTH.,#414);
#331=SURFACE_STYLE_USAGE(.BOTH.,#415);
#332=SURFACE_STYLE_USAGE(.BOTH.,#416);
#333=SURFACE_STYLE_USAGE(.BOTH.,#417);
#334=SURFACE_STYLE_USAGE(.BOTH.,#418);
#335=SURFACE_STYLE_USAGE(.BOTH.,#419);
#336=SURFACE_STYLE_USAGE(.BOTH.,#420);
#337=SURFACE_STYLE_USAGE(.BOTH.,#421);
#338=SURFACE_STYLE_USAGE(.BOTH.,#422);
#339=SURFACE_SIDE_STYLE('',(#423));
#340=SURFACE_SIDE_STYLE('',(#424));
#341=SURFACE_SIDE_STYLE('',(#425));
#342=SURFACE_SIDE_STYLE('',(#426));
#343=SURFACE_SIDE_STYLE('',(#427));
#344=SURFACE_SIDE_STYLE('',(#428));
#345=SURFACE_SIDE_STYLE('',(#429));
#346=SURFACE_SIDE_STYLE('',(#430));
#347=SURFACE_SIDE_STYLE('',(#431));
#348=SURFACE_SIDE_STYLE('',(#432));
#349=SURFACE_SIDE_STYLE('',(#433));
#350=SURFACE_SIDE_STYLE('',(#434));
#351=SURFACE_SIDE_STYLE('',(#435));
#352=SURFACE_SIDE_STYLE('',(#436));
#353=SURFACE_SIDE_STYLE('',(#437));
#354=SURFACE_SIDE_STYLE('',(#438));
#355=SURFACE_SIDE_STYLE('',(#439));
#356=SURFACE_SIDE_STYLE('',(#440));
#357=SURFACE_SIDE_STYLE('',(#441));
#358=SURFACE_SIDE_STYLE('',(#442));
#359=SURFACE_SIDE_STYLE('',(#443));
#360=SURFACE_SIDE_STYLE('',(#444));
#361=SURFACE_SIDE_STYLE('',(#445));
#362=SURFACE_SIDE_STYLE('',(#446));
#363=SURFACE_SIDE_STYLE('',(#447));
#364=SURFACE_SIDE_STYLE('',(#448));
#365=SURFACE_SIDE_STYLE('',(#449));
#366=SURFACE_SIDE_STYLE('',(#450));
#367=SURFACE_SIDE_STYLE('',(#451));
#368=SURFACE_SIDE_STYLE('',(#452));
#369=SURFACE_SIDE_STYLE('',(#453));
#370=SURFACE_SIDE_STYLE('',(#454));
#371=SURFACE_SIDE_STYLE('',(#455));
#372=SURFACE_SIDE_STYLE('',(#456));
#373=SURFACE_SIDE_STYLE('',(#457));
#374=SURFACE_SIDE_STYLE('',(#458));
#375=SURFACE_SIDE_STYLE('',(#459));
#376=SURFACE_SIDE_STYLE('',(#460));
#377=SURFACE_SIDE_STYLE('',(#461));
#378=SURFACE_SIDE_STYLE('',(#462));
#379=SURFACE_SIDE_STYLE('',(#463));
#380=SURFACE_SIDE_STYLE('',(#464));
#381=SURFACE_SIDE_STYLE('',(#465));
#382=SURFACE_SIDE_STYLE('',(#466));
#383=SURFACE_SIDE_STYLE('',(#467));
#384=SURFACE_SIDE_STYLE('',(#468));
#385=SURFACE_SIDE_STYLE('',(#469));
#386=SURFACE_SIDE_STYLE('',(#470));
#387=SURFACE_SIDE_STYLE('',(#471));
#388=SURFACE_SIDE_STYLE('',(#472));
#389=SURFACE_SIDE_STYLE('',(#473));
#390=SURFACE_SIDE_STYLE('',(#474));
#391=SURFACE_SIDE_STYLE('',(#475));
#392=SURFACE_SIDE_STYLE('',(#476));
#393=SURFACE_SIDE_STYLE('',(#477));
#394=SURFACE_SIDE_STYLE('',(#478));
#395=SURFACE_SIDE_STYLE('',(#479));
#396=SURFACE_SIDE_STYLE('',(#480));
#397=SURFACE_SIDE_STYLE('',(#481));
#398=SURFACE_SIDE_STYLE('',(#482));
#399=SURFACE_SIDE_STYLE('',(#483));
#400=SURFACE_SIDE_STYLE('',(#484));
#401=SURFACE_SIDE_STYLE('',(#485));
#402=SURFACE_SIDE_STYLE('',(#486));
#403=SURFACE_SIDE_STYLE('',(#487));
#404=SURFACE_SIDE_STYLE('',(#488));
#405=SURFACE_SIDE_STYLE('',(#489));
#406=SURFACE_SIDE_STYLE('',(#490));
#407=SURFACE_SIDE_STYLE('',(#491));
#408=SURFACE_SIDE_STYLE('',(#492));
#409=SURFACE_SIDE_STYLE('',(#493));
#410=SURFACE_SIDE_STYLE('',(#494));
#411=SURFACE_SIDE_STYLE('',(#495));
#412=SURFACE_SIDE_STYLE('',(#496));
#413=SURFACE_SIDE_STYLE('',(#497));
#414=SURFACE_SIDE_STYLE('',(#498));
#415=SURFACE_SIDE_STYLE('',(#499));
#416=SURFACE_SIDE_STYLE('',(#500));
#417=SURFACE_SIDE_STYLE('',(#501));
#418=SURFACE_SIDE_STYLE('',(#502));
#419=SURFACE_SIDE_STYLE('',(#503));
#420=SURFACE_SIDE_STYLE('',(#504));
#421=SURFACE_SIDE_STYLE('',(#505));
#422=SURFACE_SIDE_STYLE('',(#506));
#423=SURFACE_STYLE_FILL_AREA(#507);
#424=SURFACE_STYLE_FILL_AREA(#508);
#425=SURFACE_STYLE_FILL_AREA(#509);
#426=SURFACE_STYLE_FILL_AREA(#510);
#427=SURFACE_STYLE_FILL_AREA(#511);
#428=SURFACE_STYLE_FILL_AREA(#512);
#429=SURFACE_STYLE_FILL_AREA(#513);
#430=SURFACE_STYLE_FILL_AREA(#514);
#431=SURFACE_STYLE_FILL_AREA(#515);
#432=SURFACE_STYLE_FILL_AREA(#516);
#433=SURFACE_STYLE_FILL_AREA(#517);
#434=SURFACE_STYLE_FILL_AREA(#518);
#435=SURFACE_STYLE_FILL_AREA(#519);
#436=SURFACE_STYLE_FILL_AREA(#520);
#437=SURFACE_STYLE_FILL_AREA(#521);
#438=SURFACE_STYLE_FILL_AREA(#522);
#439=SURFACE_STYLE_FILL_AREA(#523);
#440=SURFACE_STYLE_FILL_AREA(#524);
#441=SURFACE_STYLE_FILL_AREA(#525);
#442=SURFACE_STYLE_FILL_AREA(#526);
#443=SURFACE_STYLE_FILL_AREA(#527);
#444=SURFACE_STYLE_FILL_AREA(#528);
#445=SURFACE_STYLE_FILL_AREA(#529);
#446=SURFACE_STYLE_FILL_AREA(#530);
#447=SURFACE_STYLE_FILL_AREA(#531);
#448=SURFACE_STYLE_FILL_AREA(#532);
#449=SURFACE_STYLE_FILL_AREA(#533);
#450=SURFACE_STYLE_FILL_AREA(#534);
#451=SURFACE_STYLE_FILL_AREA(#535);
#452=SURFACE_STYLE_FILL_AREA(#536);
#453=SURFACE_STYLE_FILL_AREA(#537);
#454=SURFACE_STYLE_FILL_AREA(#538);
#455=SURFACE_STYLE_FILL_AREA(#539);
#456=SURFACE_STYLE_FILL_AREA(#540);
#457=SURFACE_STYLE_FILL_AREA(#541);
#458=SURFACE_STYLE_FILL_AREA(#542);
#459=SURFACE_STYLE_FILL_AREA(#543);
#460=SURFACE_STYLE_FILL_AREA(#544);
#461=SURFACE_STYLE_FILL_AREA(#545);
#462=SURFACE_STYLE_FILL_AREA(#546);
#463=SURFACE_STYLE_FILL_AREA(#547);
#464=SURFACE_STYLE_FILL_AREA(#548);
#465=SURFACE_STYLE_FILL_AREA(#549);
#466=SURFACE_STYLE_FILL_AREA(#550);
#467=SURFACE_STYLE_FILL_AREA(#551);
#468=SURFACE_STYLE_FILL_AREA(#552);
#469=SURFACE_STYLE_FILL_AREA(#553);
#470=SURFACE_STYLE_FILL_AREA(#554);
#471=SURFACE_STYLE_FILL_AREA(#555);
#472=SURFACE_STYLE_FILL_AREA(#556);
#473=SURFACE_STYLE_FILL_AREA(#557);
#474=SURFACE_STYLE_FILL_AREA(#558);
#475=SURFACE_STYLE_FILL_AREA(#559);
#476=SURFACE_STYLE_FILL_AREA(#560);
#477=SURFACE_STYLE_FILL_AREA(#561);
#478=SURFACE_STYLE_FILL_AREA(#562);
#479=SURFACE_STYLE_FILL_AREA(#563);
#480=SURFACE_STYLE_FILL_AREA(#564);
#481=SURFACE_STYLE_FILL_AREA(#565);
#482=SURFACE_STYLE_FILL_AREA(#566);
#483=SURFACE_STYLE_FILL_AREA(#567);
#484=SURFACE_STYLE_FILL_AREA(#568);
#485=SURFACE_STYLE_FILL_AREA(#569);
#486=SURFACE_STYLE_FILL_AREA(#570);
#487=SURFACE_STYLE_FILL_AREA(#571);
#488=SURFACE_STYLE_FILL_AREA(#572);
#489=SURFACE_STYLE_FILL_AREA(#573);
#490=SURFACE_STYLE_FILL_AREA(#574);
#491=SURFACE_STYLE_FILL_AREA(#575);
#492=SURFACE_STYLE_FILL_AREA(#576);
#493=SURFACE_STYLE_FILL_AREA(#577);
#494=SURFACE_STYLE_FILL_AREA(#578);
#495=SURFACE_STYLE_FILL_AREA(#579);
#496=SURFACE_STYLE_FILL_AREA(#580);
#497=SURFACE_STYLE_FILL_AREA(#581);
#498=SURFACE_STYLE_FILL_AREA(#582);
#499=SURFACE_STYLE_FILL_AREA(#583);
#500=SURFACE_STYLE_FILL_AREA(#584);
#501=SURFACE_STYLE_FILL_AREA(#585);
#502=SURFACE_STYLE_FILL_AREA(#586);
#503=SURFACE_STYLE_FILL_AREA(#587);
#504=SURFACE_STYLE_FILL_AREA(#588);
#505=SURFACE_STYLE_FILL_AREA(#589);
#506=SURFACE_STYLE_FILL_AREA(#590);
#507=FILL_AREA_STYLE('',(#591));
#508=FILL_AREA_STYLE('',(#592));
#509=FILL_AREA_STYLE('',(#593));
#510=FILL_AREA_STYLE('',(#594));
#511=FILL_AREA_STYLE('',(#595));
#512=FILL_AREA_STYLE('',(#596));
#513=FILL_AREA_STYLE('',(#597));
#514=FILL_AREA_STYLE('',(#598));
#515=FILL_AREA_STYLE('',(#599));
#516=FILL_AREA_STYLE('',(#600));
#517=FILL_AREA_STYLE('',(#601));
#518=FILL_AREA_STYLE('',(#602));
#519=FILL_AREA_STYLE('',(#603));
#520=FILL_AREA_STYLE('',(#604));
#521=FILL_AREA_STYLE('',(#605));
#522=FILL_AREA_STYLE('',(#606));
#523=FILL_AREA_STYLE('',(#607));
#524=FILL_AREA_STYLE('',(#608));
#525=FILL_AREA_STYLE('',(#609));
#526=FILL_AREA_STYLE('',(#610));
#527=FILL_AREA_STYLE('',(#611));
#528=FILL_AREA_STYLE('',(#612));
#529=FILL_AREA_STYLE('',(#613));
#530=FILL_AREA_STYLE('',(#614));
#531=FILL_AREA_STYLE('',(#615));
#532=FILL_AREA_STYLE('',(#616));
#533=FILL_AREA_STYLE('',(#617));
#534=FILL_AREA_STYLE('',(#618));
#535=FILL_AREA_STYLE('',(#619));
#536=FILL_AREA_STYLE('',(#620));
#537=FILL_AREA_STYLE('',(#621));
#538=FILL_AREA_STYLE('',(#622));
#539=FILL_AREA_STYLE('',(#623));
#540=FILL_AREA_STYLE('',(#624));
#541=FILL_AREA_STYLE('',(#625));
#542=FILL_AREA_STYLE('',(#626));
#543=FILL_AREA_STYLE('',(#627));
#544=FILL_AREA_STYLE('',(#628));
#545=FILL_AREA_STYLE('',(#629));
#546=FILL_AREA_STYLE('',(#630));
#547=FILL_AREA_STYLE('',(#631));
#548=FILL_AREA_STYLE('',(#632));
#549=FILL_AREA_STYLE('',(#633));
#550=FILL_AREA_STYLE('',(#634));
#551=FILL_AREA_STYLE('',(#635));
#552=FILL_AREA_STYLE('',(#636));
#553=FILL_AREA_STYLE('',(#637));
#554=FILL_AREA_STYLE('',(#638));
#555=FILL_AREA_STYLE('',(#639));
#556=FILL_AREA_STYLE('',(#640));
#557=FILL_AREA_STYLE('',(#641));
#558=FILL_AREA_STYLE('',(#642));
#559=FILL_AREA_STYLE('',(#643));
#560=FILL_AREA_STYLE('',(#644));
#561=FILL_AREA_STYLE('',(#645));
#562=FILL_AREA_STYLE('',(#646));
#563=FILL_AREA_STYLE('',(#647));
#564=FILL_AREA_STYLE('',(#648));
#565=FILL_AREA_STYLE('',(#649));
#566=FILL_AREA_STYLE('',(#650));
#567=FILL_AREA_STYLE('',(#651));
#568=FILL_AREA_STYLE('',(#652));
#569=FILL_AREA_STYLE('',(#653));
#570=FILL_AREA_STYLE('',(#654));
#571=FILL_AREA_STYLE('',(#655));
#572=FILL_AREA_STYLE('',(#656));
#573=FILL_AREA_STYLE('',(#657));
#574=FILL_AREA_STYLE('',(#658));
#575=FILL_AREA_STYLE('',(#659));
#576=FILL_AREA_STYLE('',(#660));
#577=FILL_AREA_STYLE('',(#661));
#578=FILL_AREA_STYLE('',(#662));
#579=FILL_AREA_STYLE('',(#663));
#580=FILL_AREA_STYLE('',(#664));
#581=FILL_AREA_STYLE('',(#665));
#582=FILL_AREA_STYLE('',(#666));
#583=FILL_AREA_STYLE('',(#667));
#584=FILL_AREA_STYLE('',(#668));
#585=FILL_AREA_STYLE('',(#669));
#586=FILL_AREA_STYLE('',(#670));
#587=FILL_AREA_STYLE('',(#671));
#588=FILL_AREA_STYLE('',(#672));
#589=FILL_AREA_STYLE('',(#673));
#590=FILL_AREA_STYLE('',(#674));
#591=FILL_AREA_STYLE_COLOUR('',#675);
#592=FILL_AREA_STYLE_COLOUR('',#676);
#593=FILL_AREA_STYLE_COLOUR('',#676);
#594=FILL_AREA_STYLE_COLOUR('',#676);
#595=FILL_AREA_STYLE_COLOUR('',#676);
#596=FILL_AREA_STYLE_COLOUR('',#676);
#597=FILL_AREA_STYLE_COLOUR('',#676);
#598=FILL_AREA_STYLE_COLOUR('',#676);
#599=FILL_AREA_STYLE_COLOUR('',#676);
#600=FILL_AREA_STYLE_COLOUR('',#676);
#601=FILL_AREA_STYLE_COLOUR('',#676);
#602=FILL_AREA_STYLE_COLOUR('',#676);
#603=FILL_AREA_STYLE_COLOUR('',#676);
#604=FILL_AREA_STYLE_COLOUR('',#676);
#605=FILL_AREA_STYLE_COLOUR('',#676);
#606=FILL_AREA_STYLE_COLOUR('',#676);
#607=FILL_AREA_STYLE_COLOUR('',#676);
#608=FILL_AREA_STYLE_COLOUR('',#676);
#609=FILL_AREA_STYLE_COLOUR('',#676);
#610=FILL_AREA_STYLE_COLOUR('',#676);
#611=FILL_AREA_STYLE_COLOUR('',#676);
#612=FILL_AREA_STYLE_COLOUR('',#676);
#613=FILL_AREA_STYLE_COLOUR('',#676);
#614=FILL_AREA_STYLE_COLOUR('',#676);
#615=FILL_AREA_STYLE_COLOUR('',#676);
#616=FILL_AREA_STYLE_COLOUR('',#676);
#617=FILL_AREA_STYLE_COLOUR('',#676);
#618=FILL_AREA_STYLE_COLOUR('',#676);
#619=FILL_AREA_STYLE_COLOUR('',#676);
#620=FILL_AREA_STYLE_COLOUR('',#676);
#621=FILL_AREA_STYLE_COLOUR('',#676);
#622=FILL_AREA_STYLE_COLOUR('',#676);
#623=FILL_AREA_STYLE_COLOUR('',#676);
#624=FILL_AREA_STYLE_COLOUR('',#676);
#625=FILL_AREA_STYLE_COLOUR('',#676);
#626=FILL_AREA_STYLE_COLOUR('',#676);
#627=FILL_AREA_STYLE_COLOUR('',#676);
#628=FILL_AREA_STYLE_COLOUR('',#676);
#629=FILL_AREA_STYLE_COLOUR('',#676);
#630=FILL_AREA_STYLE_COLOUR('',#676);
#631=FILL_AREA_STYLE_COLOUR('',#676);
#632=FILL_AREA_STYLE_COLOUR('',#676);
#633=FILL_AREA_STYLE_COLOUR('',#676);
#634=FILL_AREA_STYLE_COLOUR('',#676);
#635=FILL_AREA_STYLE_COLOUR('',#676);
#636=FILL_AREA_STYLE_COLOUR('',#676);
#637=FILL_AREA_STYLE_COLOUR('',#676);
#638=FILL_AREA_STYLE_COLOUR('',#676);
#639=FILL_AREA_STYLE_COLOUR('',#676);
#640=FILL_AREA_STYLE_COLOUR('',#676);
#641=FILL_AREA_STYLE_COLOUR('',#676);
#642=FILL_AREA_STYLE_COLOUR('',#676);
#643=FILL_AREA_STYLE_COLOUR('',#676);
#644=FILL_AREA_STYLE_COLOUR('',#676);
#645=FILL_AREA_STYLE_COLOUR('',#676);
#646=FILL_AREA_STYLE_COLOUR('',#676);
#647=FILL_AREA_STYLE_COLOUR('',#676);
#648=FILL_AREA_STYLE_COLOUR('',#676);
#649=FILL_AREA_STYLE_COLOUR('',#676);
#650=FILL_AREA_STYLE_COLOUR('',#676);
#651=FILL_AREA_STYLE_COLOUR('',#676);
#652=FILL_AREA_STYLE_COLOUR('',#676);
#653=FILL_AREA_STYLE_COLOUR('',#676);
#654=FILL_AREA_STYLE_COLOUR('',#676);
#655=FILL_AREA_STYLE_COLOUR('',#676);
#656=FILL_AREA_STYLE_COLOUR('',#676);
#657=FILL_AREA_STYLE_COLOUR('',#676);
#658=FILL_AREA_STYLE_COLOUR('',#676);
#659=FILL_AREA_STYLE_COLOUR('',#676);
#660=FILL_AREA_STYLE_COLOUR('',#676);
#661=FILL_AREA_STYLE_COLOUR('',#676);
#662=FILL_AREA_STYLE_COLOUR('',#676);
#663=FILL_AREA_STYLE_COLOUR('',#85);
#664=FILL_AREA_STYLE_COLOUR('',#676);
#665=FILL_AREA_STYLE_COLOUR('',#676);
#666=FILL_AREA_STYLE_COLOUR('',#676);
#667=FILL_AREA_STYLE_COLOUR('',#676);
#668=FILL_AREA_STYLE_COLOUR('',#85);
#669=FILL_AREA_STYLE_COLOUR('',#676);
#670=FILL_AREA_STYLE_COLOUR('',#676);
#671=FILL_AREA_STYLE_COLOUR('',#676);
#672=FILL_AREA_STYLE_COLOUR('',#676);
#673=FILL_AREA_STYLE_COLOUR('',#676);
#674=FILL_AREA_STYLE_COLOUR('',#676);
#675=COLOUR_RGB('Medium Midnight',0.52156862745098,0.627450980392157,0.686274509803922);
#676=COLOUR_RGB('black',0.,0.,0.);
#677=SHELL_BASED_SURFACE_MODEL('',(#678));
#678=OPEN_SHELL('',(#769,#770,#771,#772,#773,#774,#775,#776,#777,#778,#779,
#780,#781,#782,#783,#784,#785,#786,#787,#788,#789,#790,#791,#792,#793,#794,
#795,#796,#797,#798,#799,#800,#801,#802,#803,#804,#805,#806,#807,#808,#809,
#810,#811,#812,#813,#814,#815,#816,#817,#818,#819,#820,#821,#822,#823,#824,
#825,#826,#827,#828,#829,#830,#831,#832,#833,#834,#835,#836,#837,#838,#839,
#840,#841,#842,#843,#844,#845,#846,#847,#848,#849,#850,#851));
#679=FACE_BOUND('',#962,.T.);
#680=FACE_BOUND('',#963,.T.);
#681=FACE_BOUND('',#964,.T.);
#682=FACE_BOUND('',#965,.T.);
#683=FACE_BOUND('',#966,.T.);
#684=FACE_BOUND('',#967,.T.);
#685=FACE_BOUND('',#968,.T.);
#686=FACE_BOUND('',#969,.T.);
#687=FACE_BOUND('',#970,.T.);
#688=FACE_BOUND('',#975,.T.);
#689=FACE_BOUND('',#976,.T.);
#690=FACE_BOUND('',#977,.T.);
#691=FACE_BOUND('',#978,.T.);
#692=FACE_BOUND('',#979,.T.);
#693=FACE_BOUND('',#980,.T.);
#694=FACE_BOUND('',#981,.T.);
#695=FACE_BOUND('',#982,.T.);
#696=FACE_BOUND('',#983,.T.);
#697=FACE_BOUND('',#984,.T.);
#698=FACE_BOUND('',#985,.T.);
#699=FACE_BOUND('',#986,.T.);
#700=FACE_BOUND('',#987,.T.);
#701=FACE_BOUND('',#988,.T.);
#702=FACE_BOUND('',#989,.T.);
#703=FACE_BOUND('',#990,.T.);
#704=FACE_BOUND('',#991,.T.);
#705=FACE_BOUND('',#995,.T.);
#706=FACE_BOUND('',#996,.T.);
#707=FACE_BOUND('',#1000,.T.);
#708=FACE_BOUND('',#1001,.T.);
#709=FACE_BOUND('',#1004,.T.);
#710=FACE_BOUND('',#1005,.T.);
#711=FACE_BOUND('',#1009,.T.);
#712=FACE_BOUND('',#1010,.T.);
#713=FACE_BOUND('',#1025,.T.);
#714=FACE_BOUND('',#1026,.T.);
#715=FACE_BOUND('',#1028,.T.);
#716=FACE_BOUND('',#1029,.T.);
#717=FACE_BOUND('',#1035,.T.);
#718=FACE_BOUND('',#1036,.T.);
#719=FACE_BOUND('',#1043,.T.);
#720=FACE_BOUND('',#1044,.T.);
#721=PLANE('',#2638);
#722=PLANE('',#2661);
#723=PLANE('',#2662);
#724=PLANE('',#2665);
#725=PLANE('',#2714);
#726=PLANE('',#2717);
#727=PLANE('',#2718);
#728=PLANE('',#2722);
#729=PLANE('',#2723);
#730=PLANE('',#2724);
#731=PLANE('',#2725);
#732=PLANE('',#2730);
#733=PLANE('',#2731);
#734=PLANE('',#2732);
#735=PLANE('',#2737);
#736=PLANE('',#2738);
#737=PLANE('',#2739);
#738=PLANE('',#2740);
#739=PLANE('',#2745);
#740=PLANE('',#2746);
#741=PLANE('',#2747);
#742=PLANE('',#2753);
#743=PLANE('',#2756);
#744=PLANE('',#2759);
#745=PLANE('',#2761);
#746=PLANE('',#2765);
#747=PLANE('',#2766);
#748=PLANE('',#2770);
#749=PLANE('',#2771);
#750=PLANE('',#2772);
#751=PLANE('',#2776);
#752=PLANE('',#2780);
#753=PLANE('',#2781);
#754=PLANE('',#2782);
#755=PLANE('',#2785);
#756=PLANE('',#2786);
#757=PLANE('',#2789);
#758=PLANE('',#2790);
#759=PLANE('',#2791);
#760=PLANE('',#2793);
#761=PLANE('',#2794);
#762=PLANE('',#2796);
#763=PLANE('',#2798);
#764=PLANE('',#2800);
#765=PLANE('',#2802);
#766=PLANE('',#2804);
#767=PLANE('',#2810);
#768=PLANE('',#2811);
#769=ADVANCED_FACE('NONE',(#887),#852,.T.);
#770=ADVANCED_FACE('NONE',(#888),#721,.T.);
#771=ADVANCED_FACE('NONE',(#679,#680,#681,#682,#683,#684,#685,#686,#687),
#722,.F.);
#772=ADVANCED_FACE('NONE',(#889),#723,.T.);
#773=ADVANCED_FACE('NONE',(#890),#853,.F.);
#774=ADVANCED_FACE('NONE',(#891),#724,.T.);
#775=ADVANCED_FACE('NONE',(#892),#854,.F.);
#776=ADVANCED_FACE('NONE',(#688,#689,#690,#691,#692,#693,#694,#695,#696,
#697,#698,#699,#700,#701,#702,#703,#704),#725,.T.);
#777=ADVANCED_FACE('NONE',(#893),#855,.F.);
#778=ADVANCED_FACE('NONE',(#894),#726,.T.);
#779=ADVANCED_FACE('NONE',(#895),#727,.T.);
#780=ADVANCED_FACE('NONE',(#705,#706),#728,.F.);
#781=ADVANCED_FACE('NONE',(#896),#729,.T.);
#782=ADVANCED_FACE('NONE',(#897),#730,.T.);
#783=ADVANCED_FACE('NONE',(#898),#731,.T.);
#784=ADVANCED_FACE('NONE',(#707,#708),#732,.F.);
#785=ADVANCED_FACE('NONE',(#899),#733,.T.);
#786=ADVANCED_FACE('NONE',(#900),#734,.T.);
#787=ADVANCED_FACE('NONE',(#709,#710),#735,.F.);
#788=ADVANCED_FACE('NONE',(#901),#736,.T.);
#789=ADVANCED_FACE('NONE',(#902),#737,.T.);
#790=ADVANCED_FACE('NONE',(#903),#738,.T.);
#791=ADVANCED_FACE('NONE',(#711,#712),#739,.F.);
#792=ADVANCED_FACE('NONE',(#904),#740,.T.);
#793=ADVANCED_FACE('NONE',(#905),#741,.T.);
#794=ADVANCED_FACE('NONE',(#906),#856,.T.);
#795=ADVANCED_FACE('NONE',(#907),#857,.F.);
#796=ADVANCED_FACE('NONE',(#908),#858,.F.);
#797=ADVANCED_FACE('NONE',(#909),#859,.F.);
#798=ADVANCED_FACE('NONE',(#910),#860,.T.);
#799=ADVANCED_FACE('NONE',(#911),#742,.T.);
#800=ADVANCED_FACE('NONE',(#912),#861,.T.);
#801=ADVANCED_FACE('NONE',(#913),#743,.F.);
#802=ADVANCED_FACE('NONE',(#914),#862,.T.);
#803=ADVANCED_FACE('NONE',(#915),#744,.T.);
#804=ADVANCED_FACE('NONE',(#916),#863,.T.);
#805=ADVANCED_FACE('NONE',(#917),#745,.T.);
#806=ADVANCED_FACE('NONE',(#713,#714),#746,.F.);
#807=ADVANCED_FACE('NONE',(#918),#747,.T.);
#808=ADVANCED_FACE('NONE',(#715,#716),#748,.F.);
#809=ADVANCED_FACE('NONE',(#919),#749,.T.);
#810=ADVANCED_FACE('NONE',(#920),#750,.T.);
#811=ADVANCED_FACE('NONE',(#921),#864,.F.);
#812=ADVANCED_FACE('NONE',(#922),#865,.F.);
#813=ADVANCED_FACE('NONE',(#923),#751,.T.);
#814=ADVANCED_FACE('NONE',(#717,#718),#752,.F.);
#815=ADVANCED_FACE('NONE',(#924),#753,.T.);
#816=ADVANCED_FACE('NONE',(#925),#754,.T.);
#817=ADVANCED_FACE('NONE',(#926),#866,.F.);
#818=ADVANCED_FACE('NONE',(#927),#867,.T.);
#819=ADVANCED_FACE('NONE',(#928),#755,.T.);
#820=ADVANCED_FACE('NONE',(#929),#756,.T.);
#821=ADVANCED_FACE('NONE',(#719,#720),#757,.F.);
#822=ADVANCED_FACE('NONE',(#930),#758,.T.);
#823=ADVANCED_FACE('NONE',(#931),#759,.T.);
#824=ADVANCED_FACE('NONE',(#932),#868,.F.);
#825=ADVANCED_FACE('NONE',(#933),#760,.T.);
#826=ADVANCED_FACE('NONE',(#934),#761,.T.);
#827=ADVANCED_FACE('NONE',(#935),#869,.F.);
#828=ADVANCED_FACE('NONE',(#936),#762,.T.);
#829=ADVANCED_FACE('NONE',(#937),#870,.F.);
#830=ADVANCED_FACE('NONE',(#938),#763,.T.);
#831=ADVANCED_FACE('NONE',(#939),#871,.F.);
#832=ADVANCED_FACE('NONE',(#940),#764,.T.);
#833=ADVANCED_FACE('NONE',(#941),#872,.F.);
#834=ADVANCED_FACE('NONE',(#942),#765,.T.);
#835=ADVANCED_FACE('NONE',(#943),#873,.F.);
#836=ADVANCED_FACE('NONE',(#944),#766,.T.);
#837=ADVANCED_FACE('NONE',(#945),#874,.F.);
#838=ADVANCED_FACE('NONE',(#946),#875,.F.);
#839=ADVANCED_FACE('NONE',(#947),#876,.F.);
#840=ADVANCED_FACE('NONE',(#948),#877,.F.);
#841=ADVANCED_FACE('NONE',(#949),#878,.F.);
#842=ADVANCED_FACE('NONE',(#950),#767,.F.);
#843=ADVANCED_FACE('NONE',(#951),#768,.T.);
#844=ADVANCED_FACE('NONE',(#952),#879,.F.);
#845=ADVANCED_FACE('NONE',(#953),#880,.F.);
#846=ADVANCED_FACE('NONE',(#954),#881,.F.);
#847=ADVANCED_FACE('NONE',(#955),#882,.F.);
#848=ADVANCED_FACE('NONE',(#956),#883,.F.);
#849=ADVANCED_FACE('NONE',(#957),#884,.F.);
#850=ADVANCED_FACE('NONE',(#958),#885,.F.);
#851=ADVANCED_FACE('NONE',(#959),#886,.F.);
#852=CYLINDRICAL_SURFACE('',#2637,0.626507828528994);
#853=CYLINDRICAL_SURFACE('',#2664,0.299999400000001);
#854=CYLINDRICAL_SURFACE('',#2667,0.299999400000001);
#855=CYLINDRICAL_SURFACE('',#2716,0.399999999999984);
#856=CYLINDRICAL_SURFACE('',#2748,0.600000000000003);
#857=CYLINDRICAL_SURFACE('',#2749,0.399999999999984);
#858=CYLINDRICAL_SURFACE('',#2750,0.399999999999984);
#859=CYLINDRICAL_SURFACE('',#2751,0.399999999999984);
#860=CYLINDRICAL_SURFACE('',#2752,0.600000000000003);
#861=CYLINDRICAL_SURFACE('',#2755,0.626518220186001);
#862=CYLINDRICAL_SURFACE('',#2758,0.624817340933004);
#863=CYLINDRICAL_SURFACE('',#2760,0.600000000000003);
#864=CYLINDRICAL_SURFACE('',#2773,0.399999999999984);
#865=CYLINDRICAL_SURFACE('',#2775,0.399999999999984);
#866=CYLINDRICAL_SURFACE('',#2783,0.399999999999984);
#867=CYLINDRICAL_SURFACE('',#2784,0.600000000000003);
#868=CYLINDRICAL_SURFACE('',#2792,0.399999999999984);
#869=CYLINDRICAL_SURFACE('',#2795,0.299999400000001);
#870=CYLINDRICAL_SURFACE('',#2797,0.299999400000001);
#871=CYLINDRICAL_SURFACE('',#2799,0.399999200000001);
#872=CYLINDRICAL_SURFACE('',#2801,0.399999200000001);
#873=CYLINDRICAL_SURFACE('',#2803,0.399999200000001);
#874=CYLINDRICAL_SURFACE('',#2805,0.399999200000001);
#875=CYLINDRICAL_SURFACE('',#2806,1.1);
#876=CYLINDRICAL_SURFACE('',#2807,1.1);
#877=CYLINDRICAL_SURFACE('',#2808,1.1);
#878=CYLINDRICAL_SURFACE('',#2809,1.1);
#879=CYLINDRICAL_SURFACE('',#2812,1.1);
#880=CYLINDRICAL_SURFACE('',#2813,1.1);
#881=CYLINDRICAL_SURFACE('',#2814,1.1);
#882=CYLINDRICAL_SURFACE('',#2815,1.1);
#883=CYLINDRICAL_SURFACE('',#2816,0.399999999999984);
#884=CYLINDRICAL_SURFACE('',#2817,0.399999999999984);
#885=CYLINDRICAL_SURFACE('',#2818,0.399999999999984);
#886=CYLINDRICAL_SURFACE('',#2819,0.399999999999984);
#887=FACE_OUTER_BOUND('',#960,.T.);
#888=FACE_OUTER_BOUND('',#961,.T.);
#889=FACE_OUTER_BOUND('',#971,.T.);
#890=FACE_OUTER_BOUND('',#972,.T.);
#891=FACE_OUTER_BOUND('',#973,.T.);
#892=FACE_OUTER_BOUND('',#974,.T.);
#893=FACE_OUTER_BOUND('',#992,.T.);
#894=FACE_OUTER_BOUND('',#993,.T.);
#895=FACE_OUTER_BOUND('',#994,.T.);
#896=FACE_OUTER_BOUND('',#997,.T.);
#897=FACE_OUTER_BOUND('',#998,.T.);
#898=FACE_OUTER_BOUND('',#999,.T.);
#899=FACE_OUTER_BOUND('',#1002,.T.);
#900=FACE_OUTER_BOUND('',#1003,.T.);
#901=FACE_OUTER_BOUND('',#1006,.T.);
#902=FACE_OUTER_BOUND('',#1007,.T.);
#903=FACE_OUTER_BOUND('',#1008,.T.);
#904=FACE_OUTER_BOUND('',#1011,.T.);
#905=FACE_OUTER_BOUND('',#1012,.T.);
#906=FACE_OUTER_BOUND('',#1013,.T.);
#907=FACE_OUTER_BOUND('',#1014,.T.);
#908=FACE_OUTER_BOUND('',#1015,.T.);
#909=FACE_OUTER_BOUND('',#1016,.T.);
#910=FACE_OUTER_BOUND('',#1017,.T.);
#911=FACE_OUTER_BOUND('',#1018,.T.);
#912=FACE_OUTER_BOUND('',#1019,.T.);
#913=FACE_OUTER_BOUND('',#1020,.T.);
#914=FACE_OUTER_BOUND('',#1021,.T.);
#915=FACE_OUTER_BOUND('',#1022,.T.);
#916=FACE_OUTER_BOUND('',#1023,.T.);
#917=FACE_OUTER_BOUND('',#1024,.T.);
#918=FACE_OUTER_BOUND('',#1027,.T.);
#919=FACE_OUTER_BOUND('',#1030,.T.);
#920=FACE_OUTER_BOUND('',#1031,.T.);
#921=FACE_OUTER_BOUND('',#1032,.T.);
#922=FACE_OUTER_BOUND('',#1033,.T.);
#923=FACE_OUTER_BOUND('',#1034,.T.);
#924=FACE_OUTER_BOUND('',#1037,.T.);
#925=FACE_OUTER_BOUND('',#1038,.T.);
#926=FACE_OUTER_BOUND('',#1039,.T.);
#927=FACE_OUTER_BOUND('',#1040,.T.);
#928=FACE_OUTER_BOUND('',#1041,.T.);
#929=FACE_OUTER_BOUND('',#1042,.T.);
#930=FACE_OUTER_BOUND('',#1045,.T.);
#931=FACE_OUTER_BOUND('',#1046,.T.);
#932=FACE_OUTER_BOUND('',#1047,.T.);
#933=FACE_OUTER_BOUND('',#1048,.T.);
#934=FACE_OUTER_BOUND('',#1049,.T.);
#935=FACE_OUTER_BOUND('',#1050,.T.);
#936=FACE_OUTER_BOUND('',#1051,.T.);
#937=FACE_OUTER_BOUND('',#1052,.T.);
#938=FACE_OUTER_BOUND('',#1053,.T.);
#939=FACE_OUTER_BOUND('',#1054,.T.);
#940=FACE_OUTER_BOUND('',#1055,.T.);
#941=FACE_OUTER_BOUND('',#1056,.T.);
#942=FACE_OUTER_BOUND('',#1057,.T.);
#943=FACE_OUTER_BOUND('',#1058,.T.);
#944=FACE_OUTER_BOUND('',#1059,.T.);
#945=FACE_OUTER_BOUND('',#1060,.T.);
#946=FACE_OUTER_BOUND('',#1061,.T.);
#947=FACE_OUTER_BOUND('',#1062,.T.);
#948=FACE_OUTER_BOUND('',#1063,.T.);
#949=FACE_OUTER_BOUND('',#1064,.T.);
#950=FACE_OUTER_BOUND('',#1065,.T.);
#951=FACE_OUTER_BOUND('',#1066,.T.);
#952=FACE_OUTER_BOUND('',#1067,.T.);
#953=FACE_OUTER_BOUND('',#1068,.T.);
#954=FACE_OUTER_BOUND('',#1069,.T.);
#955=FACE_OUTER_BOUND('',#1070,.T.);
#956=FACE_OUTER_BOUND('',#1071,.T.);
#957=FACE_OUTER_BOUND('',#1072,.T.);
#958=FACE_OUTER_BOUND('',#1073,.T.);
#959=FACE_OUTER_BOUND('',#1074,.T.);
#960=EDGE_LOOP('',(#1177,#1178,#1179,#1180));
#961=EDGE_LOOP('',(#1181,#1182,#1183,#1184,#1185,#1186,#1187,#1188));
#962=EDGE_LOOP('',(#1189,#1190,#1191,#1192,#1193,#1194,#1195,#1196,#1197,
#1198,#1199,#1200,#1201,#1202,#1203,#1204,#1205,#1206,#1207,#1208,#1209,
#1210,#1211,#1212,#1213,#1214,#1215,#1216,#1217,#1218,#1219,#1220,#1221,
#1222,#1223,#1224,#1225,#1226,#1227,#1228,#1229,#1230,#1231,#1232,#1233,
#1234,#1235));
#963=EDGE_LOOP('',(#1236,#1237));
#964=EDGE_LOOP('',(#1238,#1239));
#965=EDGE_LOOP('',(#1240,#1241));
#966=EDGE_LOOP('',(#1242,#1243));
#967=EDGE_LOOP('',(#1244,#1245,#1246,#1247));
#968=EDGE_LOOP('',(#1248,#1249,#1250,#1251));
#969=EDGE_LOOP('',(#1252,#1253,#1254,#1255));
#970=EDGE_LOOP('',(#1256,#1257,#1258,#1259));
#971=EDGE_LOOP('',(#1260,#1261,#1262,#1263));
#972=EDGE_LOOP('',(#1264,#1265,#1266,#1267));
#973=EDGE_LOOP('',(#1268,#1269,#1270,#1271));
#974=EDGE_LOOP('',(#1272,#1273,#1274,#1275));
#975=EDGE_LOOP('',(#1276,#1277));
#976=EDGE_LOOP('',(#1278,#1279));
#977=EDGE_LOOP('',(#1280,#1281));
#978=EDGE_LOOP('',(#1282,#1283));
#979=EDGE_LOOP('',(#1284,#1285));
#980=EDGE_LOOP('',(#1286,#1287));
#981=EDGE_LOOP('',(#1288,#1289));
#982=EDGE_LOOP('',(#1290,#1291));
#983=EDGE_LOOP('',(#1292,#1293));
#984=EDGE_LOOP('',(#1294,#1295));
#985=EDGE_LOOP('',(#1296,#1297));
#986=EDGE_LOOP('',(#1298,#1299,#1300,#1301));
#987=EDGE_LOOP('',(#1302,#1303,#1304,#1305));
#988=EDGE_LOOP('',(#1306,#1307,#1308,#1309));
#989=EDGE_LOOP('',(#1310,#1311,#1312,#1313));
#990=EDGE_LOOP('',(#1314,#1315));
#991=EDGE_LOOP('',(#1316,#1317,#1318,#1319,#1320,#1321,#1322,#1323,#1324,
#1325,#1326,#1327,#1328,#1329,#1330,#1331,#1332,#1333,#1334,#1335,#1336,
#1337,#1338,#1339,#1340,#1341,#1342,#1343));
#992=EDGE_LOOP('',(#1344,#1345,#1346,#1347));
#993=EDGE_LOOP('',(#1348,#1349,#1350,#1351,#1352,#1353));
#994=EDGE_LOOP('',(#1354,#1355,#1356,#1357));
#995=EDGE_LOOP('',(#1358,#1359));
#996=EDGE_LOOP('',(#1360,#1361,#1362,#1363,#1364,#1365,#1366));
#997=EDGE_LOOP('',(#1367,#1368,#1369,#1370));
#998=EDGE_LOOP('',(#1371,#1372,#1373,#1374,#1375,#1376,#1377,#1378));
#999=EDGE_LOOP('',(#1379,#1380,#1381,#1382));
#1000=EDGE_LOOP('',(#1383,#1384));
#1001=EDGE_LOOP('',(#1385,#1386,#1387,#1388,#1389,#1390,#1391));
#1002=EDGE_LOOP('',(#1392,#1393,#1394,#1395));
#1003=EDGE_LOOP('',(#1396,#1397,#1398,#1399,#1400,#1401,#1402,#1403));
#1004=EDGE_LOOP('',(#1404,#1405));
#1005=EDGE_LOOP('',(#1406,#1407,#1408,#1409,#1410,#1411,#1412));
#1006=EDGE_LOOP('',(#1413,#1414,#1415,#1416));
#1007=EDGE_LOOP('',(#1417,#1418,#1419,#1420,#1421,#1422,#1423,#1424));
#1008=EDGE_LOOP('',(#1425,#1426,#1427,#1428));
#1009=EDGE_LOOP('',(#1429,#1430));
#1010=EDGE_LOOP('',(#1431,#1432,#1433,#1434,#1435,#1436,#1437));
#1011=EDGE_LOOP('',(#1438,#1439,#1440,#1441));
#1012=EDGE_LOOP('',(#1442,#1443,#1444,#1445,#1446,#1447));
#1013=EDGE_LOOP('',(#1448,#1449,#1450,#1451));
#1014=EDGE_LOOP('',(#1452,#1453,#1454,#1455));
#1015=EDGE_LOOP('',(#1456,#1457,#1458,#1459));
#1016=EDGE_LOOP('',(#1460,#1461,#1462,#1463));
#1017=EDGE_LOOP('',(#1464,#1465,#1466,#1467));
#1018=EDGE_LOOP('',(#1468,#1469,#1470,#1471,#1472,#1473,#1474,#1475));
#1019=EDGE_LOOP('',(#1476,#1477,#1478,#1479));
#1020=EDGE_LOOP('',(#1480,#1481,#1482,#1483));
#1021=EDGE_LOOP('',(#1484,#1485,#1486,#1487));
#1022=EDGE_LOOP('',(#1488,#1489,#1490,#1491));
#1023=EDGE_LOOP('',(#1492,#1493,#1494,#1495));
#1024=EDGE_LOOP('',(#1496,#1497,#1498,#1499,#1500,#1501));
#1025=EDGE_LOOP('',(#1502,#1503));
#1026=EDGE_LOOP('',(#1504,#1505,#1506,#1507,#1508,#1509));
#1027=EDGE_LOOP('',(#1510,#1511,#1512,#1513,#1514,#1515,#1516,#1517));
#1028=EDGE_LOOP('',(#1518,#1519));
#1029=EDGE_LOOP('',(#1520,#1521,#1522,#1523,#1524,#1525));
#1030=EDGE_LOOP('',(#1526,#1527,#1528,#1529,#1530,#1531,#1532,#1533));
#1031=EDGE_LOOP('',(#1534,#1535,#1536,#1537));
#1032=EDGE_LOOP('',(#1538,#1539,#1540,#1541));
#1033=EDGE_LOOP('',(#1542,#1543,#1544,#1545));
#1034=EDGE_LOOP('',(#1546,#1547,#1548,#1549,#1550,#1551,#1552,#1553));
#1035=EDGE_LOOP('',(#1554,#1555));
#1036=EDGE_LOOP('',(#1556,#1557,#1558,#1559,#1560,#1561));
#1037=EDGE_LOOP('',(#1562,#1563,#1564,#1565,#1566,#1567));
#1038=EDGE_LOOP('',(#1568,#1569,#1570,#1571));
#1039=EDGE_LOOP('',(#1572,#1573,#1574,#1575));
#1040=EDGE_LOOP('',(#1576,#1577,#1578,#1579));
#1041=EDGE_LOOP('',(#1580,#1581,#1582,#1583));
#1042=EDGE_LOOP('',(#1584,#1585,#1586,#1587));
#1043=EDGE_LOOP('',(#1588,#1589));
#1044=EDGE_LOOP('',(#1590,#1591,#1592,#1593,#1594,#1595));
#1045=EDGE_LOOP('',(#1596,#1597,#1598,#1599));
#1046=EDGE_LOOP('',(#1600,#1601,#1602,#1603));
#1047=EDGE_LOOP('',(#1604,#1605,#1606,#1607));
#1048=EDGE_LOOP('',(#1608,#1609,#1610,#1611));
#1049=EDGE_LOOP('',(#1612,#1613,#1614,#1615));
#1050=EDGE_LOOP('',(#1616,#1617,#1618,#1619));
#1051=EDGE_LOOP('',(#1620,#1621,#1622,#1623));
#1052=EDGE_LOOP('',(#1624,#1625,#1626,#1627));
#1053=EDGE_LOOP('',(#1628,#1629,#1630,#1631));
#1054=EDGE_LOOP('',(#1632,#1633,#1634,#1635));
#1055=EDGE_LOOP('',(#1636,#1637,#1638,#1639));
#1056=EDGE_LOOP('',(#1640,#1641,#1642,#1643));
#1057=EDGE_LOOP('',(#1644,#1645,#1646,#1647));
#1058=EDGE_LOOP('',(#1648,#1649,#1650,#1651));
#1059=EDGE_LOOP('',(#1652,#1653,#1654,#1655));
#1060=EDGE_LOOP('',(#1656,#1657,#1658,#1659));
#1061=EDGE_LOOP('',(#1660,#1661,#1662,#1663));
#1062=EDGE_LOOP('',(#1664,#1665,#1666,#1667));
#1063=EDGE_LOOP('',(#1668,#1669,#1670,#1671));
#1064=EDGE_LOOP('',(#1672,#1673,#1674,#1675));
#1065=EDGE_LOOP('',(#1676,#1677,#1678,#1679));
#1066=EDGE_LOOP('',(#1680,#1681,#1682));
#1067=EDGE_LOOP('',(#1683,#1684,#1685,#1686));
#1068=EDGE_LOOP('',(#1687,#1688,#1689,#1690));
#1069=EDGE_LOOP('',(#1691,#1692,#1693,#1694));
#1070=EDGE_LOOP('',(#1695,#1696,#1697,#1698));
#1071=EDGE_LOOP('',(#1699,#1700,#1701,#1702));
#1072=EDGE_LOOP('',(#1703,#1704,#1705,#1706));
#1073=EDGE_LOOP('',(#1707,#1708,#1709,#1710));
#1074=EDGE_LOOP('',(#1711,#1712,#1713,#1714));
#1075=CIRCLE('',#2635,0.626507828528994);
#1076=CIRCLE('',#2636,0.626507828528994);
#1077=CIRCLE('',#2639,0.600000000000003);
#1078=CIRCLE('',#2640,0.624817340933004);
#1079=CIRCLE('',#2641,0.626518220186001);
#1080=CIRCLE('',#2642,0.600000000000003);
#1081=CIRCLE('',#2643,0.600000000000003);
#1082=CIRCLE('',#2644,0.600000000000003);
#1083=CIRCLE('',#2645,1.1);
#1084=CIRCLE('',#2646,1.1);
#1085=CIRCLE('',#2647,1.1);
#1086=CIRCLE('',#2648,1.1);
#1087=CIRCLE('',#2649,1.1);
#1088=CIRCLE('',#2650,1.1);
#1089=CIRCLE('',#2651,1.1);
#1090=CIRCLE('',#2652,1.1);
#1091=CIRCLE('',#2653,0.399999200000001);
#1092=CIRCLE('',#2654,0.399999200000001);
#1093=CIRCLE('',#2655,0.299999400000001);
#1094=CIRCLE('',#2656,0.299999400000001);
#1095=CIRCLE('',#2657,0.399999200000001);
#1096=CIRCLE('',#2658,0.399999200000001);
#1097=CIRCLE('',#2659,0.299999400000001);
#1098=CIRCLE('',#2660,0.299999400000001);
#1099=CIRCLE('',#2663,0.299999399999987);
#1100=CIRCLE('',#2666,0.299999399999987);
#1101=CIRCLE('',#2668,0.449999100000001);
#1102=CIRCLE('',#2669,0.449999100000001);
#1103=CIRCLE('',#2670,0.449999100000001);
#1104=CIRCLE('',#2671,0.449999100000001);
#1105=CIRCLE('',#2672,0.449999100000001);
#1106=CIRCLE('',#2673,0.449999100000001);
#1107=CIRCLE('',#2674,1.1);
#1108=CIRCLE('',#2675,1.1);
#1109=CIRCLE('',#2676,1.1);
#1110=CIRCLE('',#2677,1.1);
#1111=CIRCLE('',#2678,0.449999100000001);
#1112=CIRCLE('',#2679,0.449999100000001);
#1113=CIRCLE('',#2680,0.449999100000001);
#1114=CIRCLE('',#2681,0.449999100000001);
#1115=CIRCLE('',#2682,1.1);
#1116=CIRCLE('',#2683,1.1);
#1117=CIRCLE('',#2684,1.1);
#1118=CIRCLE('',#2685,1.1);
#1119=CIRCLE('',#2686,0.449999100000001);
#1120=CIRCLE('',#2687,0.449999100000001);
#1121=CIRCLE('',#2688,0.449999100000001);
#1122=CIRCLE('',#2689,0.449999100000001);
#1123=CIRCLE('',#2690,0.399999200000015);
#1124=CIRCLE('',#2691,0.399999200000015);
#1125=CIRCLE('',#2692,0.399999200000001);
#1126=CIRCLE('',#2693,0.399999200000001);
#1127=CIRCLE('',#2694,0.299999400000001);
#1128=CIRCLE('',#2695,0.299999400000001);
#1129=CIRCLE('',#2696,0.449999100000001);
#1130=CIRCLE('',#2697,0.449999100000001);
#1131=CIRCLE('',#2698,0.399999999999984);
#1132=CIRCLE('',#2699,0.399999999999984);
#1133=CIRCLE('',#2700,0.399999999999984);
#1134=CIRCLE('',#2701,0.399999999999984);
#1135=CIRCLE('',#2702,0.399999999999984);
#1136=CIRCLE('',#2703,0.399999999999984);
#1137=CIRCLE('',#2704,0.399999999999984);
#1138=CIRCLE('',#2705,0.600000000000003);
#1139=CIRCLE('',#2706,0.600000000000003);
#1140=CIRCLE('',#2707,0.399999999999984);
#1141=CIRCLE('',#2708,0.399999999999984);
#1142=CIRCLE('',#2709,0.399999999999984);
#1143=CIRCLE('',#2710,0.399999999999984);
#1144=CIRCLE('',#2711,0.600000000000003);
#1145=CIRCLE('',#2712,0.600000000000003);
#1146=CIRCLE('',#2713,0.399999999999984);
#1147=CIRCLE('',#2715,0.399999999999984);
#1148=CIRCLE('',#2719,0.449999100000001);
#1149=CIRCLE('',#2720,0.449999100000001);
#1150=CIRCLE('',#2721,0.399999999999984);
#1151=CIRCLE('',#2726,0.449999100000001);
#1152=CIRCLE('',#2727,0.449999100000001);
#1153=CIRCLE('',#2728,0.399999999999984);
#1154=CIRCLE('',#2729,0.399999999999984);
#1155=CIRCLE('',#2733,0.449999100000001);
#1156=CIRCLE('',#2734,0.449999100000001);
#1157=CIRCLE('',#2735,0.399999999999984);
#1158=CIRCLE('',#2736,0.399999999999984);
#1159=CIRCLE('',#2741,0.449999100000001);
#1160=CIRCLE('',#2742,0.449999100000001);
#1161=CIRCLE('',#2743,0.399999999999984);
#1162=CIRCLE('',#2744,0.399999999999984);
#1163=CIRCLE('',#2754,0.626518220186001);
#1164=CIRCLE('',#2757,0.624817340933004);
#1165=CIRCLE('',#2762,0.449999100000001);
#1166=CIRCLE('',#2763,0.449999100000001);
#1167=CIRCLE('',#2764,0.399999999999984);
#1168=CIRCLE('',#2767,0.449999100000001);
#1169=CIRCLE('',#2768,0.449999100000001);
#1170=CIRCLE('',#2769,0.399999999999984);
#1171=CIRCLE('',#2774,0.399999999999984);
#1172=CIRCLE('',#2777,0.449999100000001);
#1173=CIRCLE('',#2778,0.449999100000001);
#1174=CIRCLE('',#2779,0.399999999999984);
#1175=CIRCLE('',#2787,0.449999100000001);
#1176=CIRCLE('',#2788,0.449999100000001);
#1177=ORIENTED_EDGE('',*,*,#1929,.F.);
#1178=ORIENTED_EDGE('',*,*,#1930,.T.);
#1179=ORIENTED_EDGE('',*,*,#1931,.T.);
#1180=ORIENTED_EDGE('',*,*,#1932,.F.);
#1181=ORIENTED_EDGE('',*,*,#1933,.F.);
#1182=ORIENTED_EDGE('',*,*,#1929,.T.);
#1183=ORIENTED_EDGE('',*,*,#1934,.T.);
#1184=ORIENTED_EDGE('',*,*,#1935,.F.);
#1185=ORIENTED_EDGE('',*,*,#1936,.F.);
#1186=ORIENTED_EDGE('',*,*,#1937,.T.);
#1187=ORIENTED_EDGE('',*,*,#1938,.F.);
#1188=ORIENTED_EDGE('',*,*,#1939,.F.);
#1189=ORIENTED_EDGE('',*,*,#1940,.T.);
#1190=ORIENTED_EDGE('',*,*,#1941,.T.);
#1191=ORIENTED_EDGE('',*,*,#1942,.T.);
#1192=ORIENTED_EDGE('',*,*,#1943,.T.);
#1193=ORIENTED_EDGE('',*,*,#1944,.T.);
#1194=ORIENTED_EDGE('',*,*,#1945,.T.);
#1195=ORIENTED_EDGE('',*,*,#1946,.T.);
#1196=ORIENTED_EDGE('',*,*,#1947,.T.);
#1197=ORIENTED_EDGE('',*,*,#1948,.T.);
#1198=ORIENTED_EDGE('',*,*,#1949,.T.);
#1199=ORIENTED_EDGE('',*,*,#1950,.T.);
#1200=ORIENTED_EDGE('',*,*,#1951,.T.);
#1201=ORIENTED_EDGE('',*,*,#1952,.T.);
#1202=ORIENTED_EDGE('',*,*,#1953,.T.);
#1203=ORIENTED_EDGE('',*,*,#1954,.F.);
#1204=ORIENTED_EDGE('',*,*,#1955,.T.);
#1205=ORIENTED_EDGE('',*,*,#1956,.F.);
#1206=ORIENTED_EDGE('',*,*,#1957,.T.);
#1207=ORIENTED_EDGE('',*,*,#1958,.T.);
#1208=ORIENTED_EDGE('',*,*,#1959,.T.);
#1209=ORIENTED_EDGE('',*,*,#1960,.T.);
#1210=ORIENTED_EDGE('',*,*,#1961,.T.);
#1211=ORIENTED_EDGE('',*,*,#1962,.T.);
#1212=ORIENTED_EDGE('',*,*,#1963,.T.);
#1213=ORIENTED_EDGE('',*,*,#1964,.T.);
#1214=ORIENTED_EDGE('',*,*,#1965,.T.);
#1215=ORIENTED_EDGE('',*,*,#1966,.T.);
#1216=ORIENTED_EDGE('',*,*,#1967,.T.);
#1217=ORIENTED_EDGE('',*,*,#1968,.T.);
#1218=ORIENTED_EDGE('',*,*,#1969,.T.);
#1219=ORIENTED_EDGE('',*,*,#1970,.T.);
#1220=ORIENTED_EDGE('',*,*,#1971,.T.);
#1221=ORIENTED_EDGE('',*,*,#1972,.T.);
#1222=ORIENTED_EDGE('',*,*,#1973,.T.);
#1223=ORIENTED_EDGE('',*,*,#1974,.T.);
#1224=ORIENTED_EDGE('',*,*,#1975,.T.);
#1225=ORIENTED_EDGE('',*,*,#1976,.T.);
#1226=ORIENTED_EDGE('',*,*,#1936,.T.);
#1227=ORIENTED_EDGE('',*,*,#1977,.T.);
#1228=ORIENTED_EDGE('',*,*,#1930,.F.);
#1229=ORIENTED_EDGE('',*,*,#1933,.T.);
#1230=ORIENTED_EDGE('',*,*,#1978,.T.);
#1231=ORIENTED_EDGE('',*,*,#1979,.T.);
#1232=ORIENTED_EDGE('',*,*,#1980,.T.);
#1233=ORIENTED_EDGE('',*,*,#1981,.T.);
#1234=ORIENTED_EDGE('',*,*,#1982,.T.);
#1235=ORIENTED_EDGE('',*,*,#1983,.T.);
#1236=ORIENTED_EDGE('',*,*,#1984,.F.);
#1237=ORIENTED_EDGE('',*,*,#1985,.F.);
#1238=ORIENTED_EDGE('',*,*,#1986,.F.);
#1239=ORIENTED_EDGE('',*,*,#1987,.F.);
#1240=ORIENTED_EDGE('',*,*,#1988,.F.);
#1241=ORIENTED_EDGE('',*,*,#1989,.F.);
#1242=ORIENTED_EDGE('',*,*,#1990,.F.);
#1243=ORIENTED_EDGE('',*,*,#1991,.F.);
#1244=ORIENTED_EDGE('',*,*,#1992,.F.);
#1245=ORIENTED_EDGE('',*,*,#1993,.T.);
#1246=ORIENTED_EDGE('',*,*,#1994,.F.);
#1247=ORIENTED_EDGE('',*,*,#1995,.T.);
#1248=ORIENTED_EDGE('',*,*,#1996,.F.);
#1249=ORIENTED_EDGE('',*,*,#1997,.T.);
#1250=ORIENTED_EDGE('',*,*,#1998,.F.);
#1251=ORIENTED_EDGE('',*,*,#1999,.T.);
#1252=ORIENTED_EDGE('',*,*,#2000,.F.);
#1253=ORIENTED_EDGE('',*,*,#2001,.T.);
#1254=ORIENTED_EDGE('',*,*,#2002,.F.);
#1255=ORIENTED_EDGE('',*,*,#2003,.T.);
#1256=ORIENTED_EDGE('',*,*,#2004,.F.);
#1257=ORIENTED_EDGE('',*,*,#2005,.T.);
#1258=ORIENTED_EDGE('',*,*,#2006,.F.);
#1259=ORIENTED_EDGE('',*,*,#2007,.T.);
#1260=ORIENTED_EDGE('',*,*,#2008,.T.);
#1261=ORIENTED_EDGE('',*,*,#2009,.T.);
#1262=ORIENTED_EDGE('',*,*,#2010,.T.);
#1263=ORIENTED_EDGE('',*,*,#2004,.T.);
#1264=ORIENTED_EDGE('',*,*,#2007,.F.);
#1265=ORIENTED_EDGE('',*,*,#2011,.F.);
#1266=ORIENTED_EDGE('',*,*,#2012,.T.);
#1267=ORIENTED_EDGE('',*,*,#2008,.F.);
#1268=ORIENTED_EDGE('',*,*,#2013,.T.);
#1269=ORIENTED_EDGE('',*,*,#2014,.T.);
#1270=ORIENTED_EDGE('',*,*,#2011,.T.);
#1271=ORIENTED_EDGE('',*,*,#2006,.T.);
#1272=ORIENTED_EDGE('',*,*,#2005,.F.);
#1273=ORIENTED_EDGE('',*,*,#2010,.F.);
#1274=ORIENTED_EDGE('',*,*,#2015,.T.);
#1275=ORIENTED_EDGE('',*,*,#2013,.F.);
#1276=ORIENTED_EDGE('',*,*,#2016,.T.);
#1277=ORIENTED_EDGE('',*,*,#2017,.T.);
#1278=ORIENTED_EDGE('',*,*,#2018,.T.);
#1279=ORIENTED_EDGE('',*,*,#2019,.T.);
#1280=ORIENTED_EDGE('',*,*,#2020,.T.);
#1281=ORIENTED_EDGE('',*,*,#2021,.T.);
#1282=ORIENTED_EDGE('',*,*,#2022,.F.);
#1283=ORIENTED_EDGE('',*,*,#2023,.F.);
#1284=ORIENTED_EDGE('',*,*,#2024,.F.);
#1285=ORIENTED_EDGE('',*,*,#2025,.F.);
#1286=ORIENTED_EDGE('',*,*,#2026,.T.);
#1287=ORIENTED_EDGE('',*,*,#2027,.T.);
#1288=ORIENTED_EDGE('',*,*,#2028,.T.);
#1289=ORIENTED_EDGE('',*,*,#2029,.T.);
#1290=ORIENTED_EDGE('',*,*,#2030,.F.);
#1291=ORIENTED_EDGE('',*,*,#2031,.F.);
#1292=ORIENTED_EDGE('',*,*,#2032,.F.);
#1293=ORIENTED_EDGE('',*,*,#2033,.F.);
#1294=ORIENTED_EDGE('',*,*,#2034,.T.);
#1295=ORIENTED_EDGE('',*,*,#2035,.T.);
#1296=ORIENTED_EDGE('',*,*,#2036,.T.);
#1297=ORIENTED_EDGE('',*,*,#2037,.T.);
#1298=ORIENTED_EDGE('',*,*,#2009,.F.);
#1299=ORIENTED_EDGE('',*,*,#2012,.F.);
#1300=ORIENTED_EDGE('',*,*,#2014,.F.);
#1301=ORIENTED_EDGE('',*,*,#2015,.F.);
#1302=ORIENTED_EDGE('',*,*,#2038,.F.);
#1303=ORIENTED_EDGE('',*,*,#2039,.F.);
#1304=ORIENTED_EDGE('',*,*,#2040,.F.);
#1305=ORIENTED_EDGE('',*,*,#2041,.F.);
#1306=ORIENTED_EDGE('',*,*,#2042,.F.);
#1307=ORIENTED_EDGE('',*,*,#2043,.F.);
#1308=ORIENTED_EDGE('',*,*,#2044,.F.);
#1309=ORIENTED_EDGE('',*,*,#2045,.F.);
#1310=ORIENTED_EDGE('',*,*,#2046,.F.);
#1311=ORIENTED_EDGE('',*,*,#2047,.F.);
#1312=ORIENTED_EDGE('',*,*,#2048,.F.);
#1313=ORIENTED_EDGE('',*,*,#2049,.F.);
#1314=ORIENTED_EDGE('',*,*,#2050,.T.);
#1315=ORIENTED_EDGE('',*,*,#2051,.T.);
#1316=ORIENTED_EDGE('',*,*,#2052,.F.);
#1317=ORIENTED_EDGE('',*,*,#2053,.T.);
#1318=ORIENTED_EDGE('',*,*,#2054,.F.);
#1319=ORIENTED_EDGE('',*,*,#2055,.F.);
#1320=ORIENTED_EDGE('',*,*,#2056,.T.);
#1321=ORIENTED_EDGE('',*,*,#2057,.F.);
#1322=ORIENTED_EDGE('',*,*,#2058,.F.);
#1323=ORIENTED_EDGE('',*,*,#2059,.T.);
#1324=ORIENTED_EDGE('',*,*,#2060,.F.);
#1325=ORIENTED_EDGE('',*,*,#2061,.F.);
#1326=ORIENTED_EDGE('',*,*,#2062,.T.);
#1327=ORIENTED_EDGE('',*,*,#2063,.T.);
#1328=ORIENTED_EDGE('',*,*,#1938,.T.);
#1329=ORIENTED_EDGE('',*,*,#2064,.T.);
#1330=ORIENTED_EDGE('',*,*,#2065,.T.);
#1331=ORIENTED_EDGE('',*,*,#2066,.F.);
#1332=ORIENTED_EDGE('',*,*,#2067,.T.);
#1333=ORIENTED_EDGE('',*,*,#2068,.F.);
#1334=ORIENTED_EDGE('',*,*,#2069,.T.);
#1335=ORIENTED_EDGE('',*,*,#2070,.F.);
#1336=ORIENTED_EDGE('',*,*,#2071,.T.);
#1337=ORIENTED_EDGE('',*,*,#2072,.F.);
#1338=ORIENTED_EDGE('',*,*,#2073,.T.);
#1339=ORIENTED_EDGE('',*,*,#2074,.T.);
#1340=ORIENTED_EDGE('',*,*,#2075,.T.);
#1341=ORIENTED_EDGE('',*,*,#2076,.T.);
#1342=ORIENTED_EDGE('',*,*,#2077,.T.);
#1343=ORIENTED_EDGE('',*,*,#2078,.F.);
#1344=ORIENTED_EDGE('',*,*,#2079,.F.);
#1345=ORIENTED_EDGE('',*,*,#2080,.T.);
#1346=ORIENTED_EDGE('',*,*,#2081,.T.);
#1347=ORIENTED_EDGE('',*,*,#2052,.T.);
#1348=ORIENTED_EDGE('',*,*,#1951,.F.);
#1349=ORIENTED_EDGE('',*,*,#2082,.F.);
#1350=ORIENTED_EDGE('',*,*,#2083,.T.);
#1351=ORIENTED_EDGE('',*,*,#2084,.F.);
#1352=ORIENTED_EDGE('',*,*,#2077,.F.);
#1353=ORIENTED_EDGE('',*,*,#2085,.F.);
#1354=ORIENTED_EDGE('',*,*,#1950,.F.);
#1355=ORIENTED_EDGE('',*,*,#2086,.T.);
#1356=ORIENTED_EDGE('',*,*,#2087,.T.);
#1357=ORIENTED_EDGE('',*,*,#2082,.T.);
#1358=ORIENTED_EDGE('',*,*,#2088,.T.);
#1359=ORIENTED_EDGE('',*,*,#2089,.T.);
#1360=ORIENTED_EDGE('',*,*,#2083,.F.);
#1361=ORIENTED_EDGE('',*,*,#2087,.F.);
#1362=ORIENTED_EDGE('',*,*,#2090,.T.);
#1363=ORIENTED_EDGE('',*,*,#2091,.F.);
#1364=ORIENTED_EDGE('',*,*,#2092,.F.);
#1365=ORIENTED_EDGE('',*,*,#2080,.F.);
#1366=ORIENTED_EDGE('',*,*,#2093,.F.);
#1367=ORIENTED_EDGE('',*,*,#1948,.F.);
#1368=ORIENTED_EDGE('',*,*,#2094,.F.);
#1369=ORIENTED_EDGE('',*,*,#2091,.T.);
#1370=ORIENTED_EDGE('',*,*,#2095,.T.);
#1371=ORIENTED_EDGE('',*,*,#1947,.F.);
#1372=ORIENTED_EDGE('',*,*,#2096,.F.);
#1373=ORIENTED_EDGE('',*,*,#2097,.T.);
#1374=ORIENTED_EDGE('',*,*,#2098,.F.);
#1375=ORIENTED_EDGE('',*,*,#2053,.F.);
#1376=ORIENTED_EDGE('',*,*,#2081,.F.);
#1377=ORIENTED_EDGE('',*,*,#2092,.T.);
#1378=ORIENTED_EDGE('',*,*,#2094,.T.);
#1379=ORIENTED_EDGE('',*,*,#1946,.F.);
#1380=ORIENTED_EDGE('',*,*,#2099,.T.);
#1381=ORIENTED_EDGE('',*,*,#2100,.T.);
#1382=ORIENTED_EDGE('',*,*,#2096,.T.);
#1383=ORIENTED_EDGE('',*,*,#2101,.T.);
#1384=ORIENTED_EDGE('',*,*,#2102,.T.);
#1385=ORIENTED_EDGE('',*,*,#2097,.F.);
#1386=ORIENTED_EDGE('',*,*,#2100,.F.);
#1387=ORIENTED_EDGE('',*,*,#2103,.T.);
#1388=ORIENTED_EDGE('',*,*,#2104,.F.);
#1389=ORIENTED_EDGE('',*,*,#2105,.F.);
#1390=ORIENTED_EDGE('',*,*,#2106,.F.);
#1391=ORIENTED_EDGE('',*,*,#2107,.F.);
#1392=ORIENTED_EDGE('',*,*,#1944,.F.);
#1393=ORIENTED_EDGE('',*,*,#2108,.F.);
#1394=ORIENTED_EDGE('',*,*,#2104,.T.);
#1395=ORIENTED_EDGE('',*,*,#2109,.T.);
#1396=ORIENTED_EDGE('',*,*,#1943,.F.);
#1397=ORIENTED_EDGE('',*,*,#2110,.T.);
#1398=ORIENTED_EDGE('',*,*,#2111,.T.);
#1399=ORIENTED_EDGE('',*,*,#2112,.F.);
#1400=ORIENTED_EDGE('',*,*,#2056,.F.);
#1401=ORIENTED_EDGE('',*,*,#2113,.F.);
#1402=ORIENTED_EDGE('',*,*,#2105,.T.);
#1403=ORIENTED_EDGE('',*,*,#2108,.T.);
#1404=ORIENTED_EDGE('',*,*,#2114,.T.);
#1405=ORIENTED_EDGE('',*,*,#2115,.T.);
#1406=ORIENTED_EDGE('',*,*,#2111,.F.);
#1407=ORIENTED_EDGE('',*,*,#2116,.T.);
#1408=ORIENTED_EDGE('',*,*,#2117,.T.);
#1409=ORIENTED_EDGE('',*,*,#2118,.F.);
#1410=ORIENTED_EDGE('',*,*,#2119,.F.);
#1411=ORIENTED_EDGE('',*,*,#2120,.F.);
#1412=ORIENTED_EDGE('',*,*,#2121,.F.);
#1413=ORIENTED_EDGE('',*,*,#1940,.F.);
#1414=ORIENTED_EDGE('',*,*,#2122,.F.);
#1415=ORIENTED_EDGE('',*,*,#2118,.T.);
#1416=ORIENTED_EDGE('',*,*,#2123,.T.);
#1417=ORIENTED_EDGE('',*,*,#2119,.T.);
#1418=ORIENTED_EDGE('',*,*,#2122,.T.);
#1419=ORIENTED_EDGE('',*,*,#1983,.F.);
#1420=ORIENTED_EDGE('',*,*,#2124,.F.);
#1421=ORIENTED_EDGE('',*,*,#2125,.T.);
#1422=ORIENTED_EDGE('',*,*,#2126,.F.);
#1423=ORIENTED_EDGE('',*,*,#2059,.F.);
#1424=ORIENTED_EDGE('',*,*,#2127,.F.);
#1425=ORIENTED_EDGE('',*,*,#1982,.F.);
#1426=ORIENTED_EDGE('',*,*,#2128,.T.);
#1427=ORIENTED_EDGE('',*,*,#2129,.T.);
#1428=ORIENTED_EDGE('',*,*,#2124,.T.);
#1429=ORIENTED_EDGE('',*,*,#2130,.T.);
#1430=ORIENTED_EDGE('',*,*,#2131,.T.);
#1431=ORIENTED_EDGE('',*,*,#2125,.F.);
#1432=ORIENTED_EDGE('',*,*,#2129,.F.);
#1433=ORIENTED_EDGE('',*,*,#2132,.T.);
#1434=ORIENTED_EDGE('',*,*,#2133,.F.);
#1435=ORIENTED_EDGE('',*,*,#2134,.F.);
#1436=ORIENTED_EDGE('',*,*,#2135,.F.);
#1437=ORIENTED_EDGE('',*,*,#2136,.F.);
#1438=ORIENTED_EDGE('',*,*,#1980,.F.);
#1439=ORIENTED_EDGE('',*,*,#2137,.F.);
#1440=ORIENTED_EDGE('',*,*,#2133,.T.);
#1441=ORIENTED_EDGE('',*,*,#2138,.T.);
#1442=ORIENTED_EDGE('',*,*,#2134,.T.);
#1443=ORIENTED_EDGE('',*,*,#2137,.T.);
#1444=ORIENTED_EDGE('',*,*,#1979,.F.);
#1445=ORIENTED_EDGE('',*,*,#2139,.T.);
#1446=ORIENTED_EDGE('',*,*,#2062,.F.);
#1447=ORIENTED_EDGE('',*,*,#2140,.F.);
#1448=ORIENTED_EDGE('',*,*,#1978,.F.);
#1449=ORIENTED_EDGE('',*,*,#1939,.T.);
#1450=ORIENTED_EDGE('',*,*,#2063,.F.);
#1451=ORIENTED_EDGE('',*,*,#2139,.F.);
#1452=ORIENTED_EDGE('',*,*,#2141,.F.);
#1453=ORIENTED_EDGE('',*,*,#2135,.T.);
#1454=ORIENTED_EDGE('',*,*,#2140,.T.);
#1455=ORIENTED_EDGE('',*,*,#2061,.T.);
#1456=ORIENTED_EDGE('',*,*,#2142,.F.);
#1457=ORIENTED_EDGE('',*,*,#2120,.T.);
#1458=ORIENTED_EDGE('',*,*,#2127,.T.);
#1459=ORIENTED_EDGE('',*,*,#2058,.T.);
#1460=ORIENTED_EDGE('',*,*,#2143,.F.);
#1461=ORIENTED_EDGE('',*,*,#2106,.T.);
#1462=ORIENTED_EDGE('',*,*,#2113,.T.);
#1463=ORIENTED_EDGE('',*,*,#2055,.T.);
#1464=ORIENTED_EDGE('',*,*,#1952,.F.);
#1465=ORIENTED_EDGE('',*,*,#2085,.T.);
#1466=ORIENTED_EDGE('',*,*,#2076,.F.);
#1467=ORIENTED_EDGE('',*,*,#2144,.F.);
#1468=ORIENTED_EDGE('',*,*,#1957,.F.);
#1469=ORIENTED_EDGE('',*,*,#2145,.T.);
#1470=ORIENTED_EDGE('',*,*,#2146,.T.);
#1471=ORIENTED_EDGE('',*,*,#2147,.T.);
#1472=ORIENTED_EDGE('',*,*,#1953,.F.);
#1473=ORIENTED_EDGE('',*,*,#2144,.T.);
#1474=ORIENTED_EDGE('',*,*,#2075,.F.);
#1475=ORIENTED_EDGE('',*,*,#2148,.F.);
#1476=ORIENTED_EDGE('',*,*,#2145,.F.);
#1477=ORIENTED_EDGE('',*,*,#1956,.T.);
#1478=ORIENTED_EDGE('',*,*,#2149,.T.);
#1479=ORIENTED_EDGE('',*,*,#2150,.F.);
#1480=ORIENTED_EDGE('',*,*,#2149,.F.);
#1481=ORIENTED_EDGE('',*,*,#1955,.F.);
#1482=ORIENTED_EDGE('',*,*,#2151,.F.);
#1483=ORIENTED_EDGE('',*,*,#2152,.F.);
#1484=ORIENTED_EDGE('',*,*,#2147,.F.);
#1485=ORIENTED_EDGE('',*,*,#2153,.F.);
#1486=ORIENTED_EDGE('',*,*,#2151,.T.);
#1487=ORIENTED_EDGE('',*,*,#1954,.T.);
#1488=ORIENTED_EDGE('',*,*,#2146,.F.);
#1489=ORIENTED_EDGE('',*,*,#2150,.T.);
#1490=ORIENTED_EDGE('',*,*,#2152,.T.);
#1491=ORIENTED_EDGE('',*,*,#2153,.T.);
#1492=ORIENTED_EDGE('',*,*,#1958,.F.);
#1493=ORIENTED_EDGE('',*,*,#2148,.T.);
#1494=ORIENTED_EDGE('',*,*,#2074,.F.);
#1495=ORIENTED_EDGE('',*,*,#2154,.F.);
#1496=ORIENTED_EDGE('',*,*,#2155,.T.);
#1497=ORIENTED_EDGE('',*,*,#2156,.T.);
#1498=ORIENTED_EDGE('',*,*,#1959,.F.);
#1499=ORIENTED_EDGE('',*,*,#2154,.T.);
#1500=ORIENTED_EDGE('',*,*,#2073,.F.);
#1501=ORIENTED_EDGE('',*,*,#2157,.F.);
#1502=ORIENTED_EDGE('',*,*,#2158,.T.);
#1503=ORIENTED_EDGE('',*,*,#2159,.T.);
#1504=ORIENTED_EDGE('',*,*,#2160,.F.);
#1505=ORIENTED_EDGE('',*,*,#2161,.F.);
#1506=ORIENTED_EDGE('',*,*,#2162,.T.);
#1507=ORIENTED_EDGE('',*,*,#2163,.F.);
#1508=ORIENTED_EDGE('',*,*,#2155,.F.);
#1509=ORIENTED_EDGE('',*,*,#2164,.F.);
#1510=ORIENTED_EDGE('',*,*,#2165,.T.);
#1511=ORIENTED_EDGE('',*,*,#2166,.T.);
#1512=ORIENTED_EDGE('',*,*,#1963,.F.);
#1513=ORIENTED_EDGE('',*,*,#2167,.F.);
#1514=ORIENTED_EDGE('',*,*,#2160,.T.);
#1515=ORIENTED_EDGE('',*,*,#2168,.F.);
#1516=ORIENTED_EDGE('',*,*,#2071,.F.);
#1517=ORIENTED_EDGE('',*,*,#2169,.F.);
#1518=ORIENTED_EDGE('',*,*,#2170,.T.);
#1519=ORIENTED_EDGE('',*,*,#2171,.T.);
#1520=ORIENTED_EDGE('',*,*,#2172,.F.);
#1521=ORIENTED_EDGE('',*,*,#2173,.F.);
#1522=ORIENTED_EDGE('',*,*,#2174,.T.);
#1523=ORIENTED_EDGE('',*,*,#2175,.F.);
#1524=ORIENTED_EDGE('',*,*,#2165,.F.);
#1525=ORIENTED_EDGE('',*,*,#2176,.F.);
#1526=ORIENTED_EDGE('',*,*,#1967,.F.);
#1527=ORIENTED_EDGE('',*,*,#2177,.F.);
#1528=ORIENTED_EDGE('',*,*,#2172,.T.);
#1529=ORIENTED_EDGE('',*,*,#2178,.F.);
#1530=ORIENTED_EDGE('',*,*,#2069,.F.);
#1531=ORIENTED_EDGE('',*,*,#2179,.F.);
#1532=ORIENTED_EDGE('',*,*,#2180,.T.);
#1533=ORIENTED_EDGE('',*,*,#2181,.T.);
#1534=ORIENTED_EDGE('',*,*,#1966,.F.);
#1535=ORIENTED_EDGE('',*,*,#2182,.T.);
#1536=ORIENTED_EDGE('',*,*,#2173,.T.);
#1537=ORIENTED_EDGE('',*,*,#2177,.T.);
#1538=ORIENTED_EDGE('',*,*,#2178,.T.);
#1539=ORIENTED_EDGE('',*,*,#2176,.T.);
#1540=ORIENTED_EDGE('',*,*,#2169,.T.);
#1541=ORIENTED_EDGE('',*,*,#2070,.T.);
#1542=ORIENTED_EDGE('',*,*,#2183,.T.);
#1543=ORIENTED_EDGE('',*,*,#2184,.T.);
#1544=ORIENTED_EDGE('',*,*,#2179,.T.);
#1545=ORIENTED_EDGE('',*,*,#2068,.T.);
#1546=ORIENTED_EDGE('',*,*,#2185,.T.);
#1547=ORIENTED_EDGE('',*,*,#2186,.T.);
#1548=ORIENTED_EDGE('',*,*,#1971,.F.);
#1549=ORIENTED_EDGE('',*,*,#2187,.F.);
#1550=ORIENTED_EDGE('',*,*,#2188,.T.);
#1551=ORIENTED_EDGE('',*,*,#2183,.F.);
#1552=ORIENTED_EDGE('',*,*,#2067,.F.);
#1553=ORIENTED_EDGE('',*,*,#2189,.F.);
#1554=ORIENTED_EDGE('',*,*,#2190,.T.);
#1555=ORIENTED_EDGE('',*,*,#2191,.T.);
#1556=ORIENTED_EDGE('',*,*,#2192,.F.);
#1557=ORIENTED_EDGE('',*,*,#2193,.F.);
#1558=ORIENTED_EDGE('',*,*,#2194,.T.);
#1559=ORIENTED_EDGE('',*,*,#2195,.F.);
#1560=ORIENTED_EDGE('',*,*,#2185,.F.);
#1561=ORIENTED_EDGE('',*,*,#2196,.F.);
#1562=ORIENTED_EDGE('',*,*,#1975,.F.);
#1563=ORIENTED_EDGE('',*,*,#2197,.F.);
#1564=ORIENTED_EDGE('',*,*,#2192,.T.);
#1565=ORIENTED_EDGE('',*,*,#2198,.F.);
#1566=ORIENTED_EDGE('',*,*,#2065,.F.);
#1567=ORIENTED_EDGE('',*,*,#2199,.F.);
#1568=ORIENTED_EDGE('',*,*,#1974,.F.);
#1569=ORIENTED_EDGE('',*,*,#2200,.T.);
#1570=ORIENTED_EDGE('',*,*,#2193,.T.);
#1571=ORIENTED_EDGE('',*,*,#2197,.T.);
#1572=ORIENTED_EDGE('',*,*,#2198,.T.);
#1573=ORIENTED_EDGE('',*,*,#2196,.T.);
#1574=ORIENTED_EDGE('',*,*,#2189,.T.);
#1575=ORIENTED_EDGE('',*,*,#2066,.T.);
#1576=ORIENTED_EDGE('',*,*,#1976,.F.);
#1577=ORIENTED_EDGE('',*,*,#2199,.T.);
#1578=ORIENTED_EDGE('',*,*,#2064,.F.);
#1579=ORIENTED_EDGE('',*,*,#1937,.F.);
#1580=ORIENTED_EDGE('',*,*,#1972,.F.);
#1581=ORIENTED_EDGE('',*,*,#2186,.F.);
#1582=ORIENTED_EDGE('',*,*,#2195,.T.);
#1583=ORIENTED_EDGE('',*,*,#2201,.T.);
#1584=ORIENTED_EDGE('',*,*,#1970,.F.);
#1585=ORIENTED_EDGE('',*,*,#2202,.T.);
#1586=ORIENTED_EDGE('',*,*,#2203,.T.);
#1587=ORIENTED_EDGE('',*,*,#2187,.T.);
#1588=ORIENTED_EDGE('',*,*,#2204,.T.);
#1589=ORIENTED_EDGE('',*,*,#2205,.T.);
#1590=ORIENTED_EDGE('',*,*,#2188,.F.);
#1591=ORIENTED_EDGE('',*,*,#2203,.F.);
#1592=ORIENTED_EDGE('',*,*,#2206,.T.);
#1593=ORIENTED_EDGE('',*,*,#2207,.T.);
#1594=ORIENTED_EDGE('',*,*,#2180,.F.);
#1595=ORIENTED_EDGE('',*,*,#2184,.F.);
#1596=ORIENTED_EDGE('',*,*,#1964,.F.);
#1597=ORIENTED_EDGE('',*,*,#2166,.F.);
#1598=ORIENTED_EDGE('',*,*,#2175,.T.);
#1599=ORIENTED_EDGE('',*,*,#2208,.T.);
#1600=ORIENTED_EDGE('',*,*,#1962,.F.);
#1601=ORIENTED_EDGE('',*,*,#2209,.T.);
#1602=ORIENTED_EDGE('',*,*,#2161,.T.);
#1603=ORIENTED_EDGE('',*,*,#2167,.T.);
#1604=ORIENTED_EDGE('',*,*,#2168,.T.);
#1605=ORIENTED_EDGE('',*,*,#2164,.T.);
#1606=ORIENTED_EDGE('',*,*,#2157,.T.);
#1607=ORIENTED_EDGE('',*,*,#2072,.T.);
#1608=ORIENTED_EDGE('',*,*,#1960,.F.);
#1609=ORIENTED_EDGE('',*,*,#2156,.F.);
#1610=ORIENTED_EDGE('',*,*,#2163,.T.);
#1611=ORIENTED_EDGE('',*,*,#2210,.T.);
#1612=ORIENTED_EDGE('',*,*,#2211,.T.);
#1613=ORIENTED_EDGE('',*,*,#2046,.T.);
#1614=ORIENTED_EDGE('',*,*,#2212,.T.);
#1615=ORIENTED_EDGE('',*,*,#1998,.T.);
#1616=ORIENTED_EDGE('',*,*,#1997,.F.);
#1617=ORIENTED_EDGE('',*,*,#2213,.F.);
#1618=ORIENTED_EDGE('',*,*,#2047,.T.);
#1619=ORIENTED_EDGE('',*,*,#2211,.F.);
#1620=ORIENTED_EDGE('',*,*,#2214,.T.);
#1621=ORIENTED_EDGE('',*,*,#2048,.T.);
#1622=ORIENTED_EDGE('',*,*,#2213,.T.);
#1623=ORIENTED_EDGE('',*,*,#1996,.T.);
#1624=ORIENTED_EDGE('',*,*,#1999,.F.);
#1625=ORIENTED_EDGE('',*,*,#2212,.F.);
#1626=ORIENTED_EDGE('',*,*,#2049,.T.);
#1627=ORIENTED_EDGE('',*,*,#2214,.F.);
#1628=ORIENTED_EDGE('',*,*,#2215,.T.);
#1629=ORIENTED_EDGE('',*,*,#2042,.T.);
#1630=ORIENTED_EDGE('',*,*,#2216,.T.);
#1631=ORIENTED_EDGE('',*,*,#1994,.T.);
#1632=ORIENTED_EDGE('',*,*,#1993,.F.);
#1633=ORIENTED_EDGE('',*,*,#2217,.F.);
#1634=ORIENTED_EDGE('',*,*,#2043,.T.);
#1635=ORIENTED_EDGE('',*,*,#2215,.F.);
#1636=ORIENTED_EDGE('',*,*,#2218,.T.);
#1637=ORIENTED_EDGE('',*,*,#2044,.T.);
#1638=ORIENTED_EDGE('',*,*,#2217,.T.);
#1639=ORIENTED_EDGE('',*,*,#1992,.T.);
#1640=ORIENTED_EDGE('',*,*,#1995,.F.);
#1641=ORIENTED_EDGE('',*,*,#2216,.F.);
#1642=ORIENTED_EDGE('',*,*,#2045,.T.);
#1643=ORIENTED_EDGE('',*,*,#2218,.F.);
#1644=ORIENTED_EDGE('',*,*,#2219,.T.);
#1645=ORIENTED_EDGE('',*,*,#2038,.T.);
#1646=ORIENTED_EDGE('',*,*,#2220,.T.);
#1647=ORIENTED_EDGE('',*,*,#2002,.T.);
#1648=ORIENTED_EDGE('',*,*,#2001,.F.);
#1649=ORIENTED_EDGE('',*,*,#2221,.F.);
#1650=ORIENTED_EDGE('',*,*,#2039,.T.);
#1651=ORIENTED_EDGE('',*,*,#2219,.F.);
#1652=ORIENTED_EDGE('',*,*,#2222,.T.);
#1653=ORIENTED_EDGE('',*,*,#2040,.T.);
#1654=ORIENTED_EDGE('',*,*,#2221,.T.);
#1655=ORIENTED_EDGE('',*,*,#2000,.T.);
#1656=ORIENTED_EDGE('',*,*,#2003,.F.);
#1657=ORIENTED_EDGE('',*,*,#2220,.F.);
#1658=ORIENTED_EDGE('',*,*,#2041,.T.);
#1659=ORIENTED_EDGE('',*,*,#2222,.F.);
#1660=ORIENTED_EDGE('',*,*,#2223,.F.);
#1661=ORIENTED_EDGE('',*,*,#1985,.T.);
#1662=ORIENTED_EDGE('',*,*,#2224,.T.);
#1663=ORIENTED_EDGE('',*,*,#2032,.T.);
#1664=ORIENTED_EDGE('',*,*,#2225,.F.);
#1665=ORIENTED_EDGE('',*,*,#1991,.T.);
#1666=ORIENTED_EDGE('',*,*,#2226,.T.);
#1667=ORIENTED_EDGE('',*,*,#2030,.T.);
#1668=ORIENTED_EDGE('',*,*,#2227,.F.);
#1669=ORIENTED_EDGE('',*,*,#1987,.T.);
#1670=ORIENTED_EDGE('',*,*,#2228,.T.);
#1671=ORIENTED_EDGE('',*,*,#2024,.T.);
#1672=ORIENTED_EDGE('',*,*,#2229,.F.);
#1673=ORIENTED_EDGE('',*,*,#1989,.T.);
#1674=ORIENTED_EDGE('',*,*,#2230,.T.);
#1675=ORIENTED_EDGE('',*,*,#2022,.T.);
#1676=ORIENTED_EDGE('',*,*,#1977,.F.);
#1677=ORIENTED_EDGE('',*,*,#1935,.T.);
#1678=ORIENTED_EDGE('',*,*,#2231,.F.);
#1679=ORIENTED_EDGE('',*,*,#1931,.F.);
#1680=ORIENTED_EDGE('',*,*,#1934,.F.);
#1681=ORIENTED_EDGE('',*,*,#1932,.T.);
#1682=ORIENTED_EDGE('',*,*,#2231,.T.);
#1683=ORIENTED_EDGE('',*,*,#1988,.T.);
#1684=ORIENTED_EDGE('',*,*,#2229,.T.);
#1685=ORIENTED_EDGE('',*,*,#2023,.T.);
#1686=ORIENTED_EDGE('',*,*,#2230,.F.);
#1687=ORIENTED_EDGE('',*,*,#1986,.T.);
#1688=ORIENTED_EDGE('',*,*,#2227,.T.);
#1689=ORIENTED_EDGE('',*,*,#2025,.T.);
#1690=ORIENTED_EDGE('',*,*,#2228,.F.);
#1691=ORIENTED_EDGE('',*,*,#1990,.T.);
#1692=ORIENTED_EDGE('',*,*,#2225,.T.);
#1693=ORIENTED_EDGE('',*,*,#2031,.T.);
#1694=ORIENTED_EDGE('',*,*,#2226,.F.);
#1695=ORIENTED_EDGE('',*,*,#1984,.T.);
#1696=ORIENTED_EDGE('',*,*,#2223,.T.);
#1697=ORIENTED_EDGE('',*,*,#2033,.T.);
#1698=ORIENTED_EDGE('',*,*,#2224,.F.);
#1699=ORIENTED_EDGE('',*,*,#2107,.T.);
#1700=ORIENTED_EDGE('',*,*,#2143,.T.);
#1701=ORIENTED_EDGE('',*,*,#2054,.T.);
#1702=ORIENTED_EDGE('',*,*,#2098,.T.);
#1703=ORIENTED_EDGE('',*,*,#2121,.T.);
#1704=ORIENTED_EDGE('',*,*,#2142,.T.);
#1705=ORIENTED_EDGE('',*,*,#2057,.T.);
#1706=ORIENTED_EDGE('',*,*,#2112,.T.);
#1707=ORIENTED_EDGE('',*,*,#2136,.T.);
#1708=ORIENTED_EDGE('',*,*,#2141,.T.);
#1709=ORIENTED_EDGE('',*,*,#2060,.T.);
#1710=ORIENTED_EDGE('',*,*,#2126,.T.);
#1711=ORIENTED_EDGE('',*,*,#2093,.T.);
#1712=ORIENTED_EDGE('',*,*,#2079,.T.);
#1713=ORIENTED_EDGE('',*,*,#2078,.T.);
#1714=ORIENTED_EDGE('',*,*,#2084,.T.);
#1715=VERTEX_POINT('',#3395);
#1716=VERTEX_POINT('',#3396);
#1717=VERTEX_POINT('',#3398);
#1718=VERTEX_POINT('',#3400);
#1719=VERTEX_POINT('',#3404);
#1720=VERTEX_POINT('',#3406);
#1721=VERTEX_POINT('',#3408);
#1722=VERTEX_POINT('',#3410);
#1723=VERTEX_POINT('',#3412);
#1724=VERTEX_POINT('',#3414);
#1725=VERTEX_POINT('',#3418);
#1726=VERTEX_POINT('',#3419);
#1727=VERTEX_POINT('',#3421);
#1728=VERTEX_POINT('',#3423);
#1729=VERTEX_POINT('',#3425);
#1730=VERTEX_POINT('',#3427);
#1731=VERTEX_POINT('',#3429);
#1732=VERTEX_POINT('',#3431);
#1733=VERTEX_POINT('',#3433);
#1734=VERTEX_POINT('',#3435);
#1735=VERTEX_POINT('',#3437);
#1736=VERTEX_POINT('',#3439);
#1737=VERTEX_POINT('',#3441);
#1738=VERTEX_POINT('',#3443);
#1739=VERTEX_POINT('',#3445);
#1740=VERTEX_POINT('',#3447);
#1741=VERTEX_POINT('',#3449);
#1742=VERTEX_POINT('',#3451);
#1743=VERTEX_POINT('',#3453);
#1744=VERTEX_POINT('',#3455);
#1745=VERTEX_POINT('',#3457);
#1746=VERTEX_POINT('',#3459);
#1747=VERTEX_POINT('',#3461);
#1748=VERTEX_POINT('',#3463);
#1749=VERTEX_POINT('',#3465);
#1750=VERTEX_POINT('',#3467);
#1751=VERTEX_POINT('',#3469);
#1752=VERTEX_POINT('',#3471);
#1753=VERTEX_POINT('',#3473);
#1754=VERTEX_POINT('',#3475);
#1755=VERTEX_POINT('',#3477);
#1756=VERTEX_POINT('',#3479);
#1757=VERTEX_POINT('',#3481);
#1758=VERTEX_POINT('',#3483);
#1759=VERTEX_POINT('',#3485);
#1760=VERTEX_POINT('',#3487);
#1761=VERTEX_POINT('',#3489);
#1762=VERTEX_POINT('',#3493);
#1763=VERTEX_POINT('',#3495);
#1764=VERTEX_POINT('',#3497);
#1765=VERTEX_POINT('',#3499);
#1766=VERTEX_POINT('',#3501);
#1767=VERTEX_POINT('',#3504);
#1768=VERTEX_POINT('',#3505);
#1769=VERTEX_POINT('',#3508);
#1770=VERTEX_POINT('',#3509);
#1771=VERTEX_POINT('',#3512);
#1772=VERTEX_POINT('',#3513);
#1773=VERTEX_POINT('',#3516);
#1774=VERTEX_POINT('',#3517);
#1775=VERTEX_POINT('',#3520);
#1776=VERTEX_POINT('',#3521);
#1777=VERTEX_POINT('',#3523);
#1778=VERTEX_POINT('',#3525);
#1779=VERTEX_POINT('',#3528);
#1780=VERTEX_POINT('',#3529);
#1781=VERTEX_POINT('',#3531);
#1782=VERTEX_POINT('',#3533);
#1783=VERTEX_POINT('',#3536);
#1784=VERTEX_POINT('',#3537);
#1785=VERTEX_POINT('',#3539);
#1786=VERTEX_POINT('',#3541);
#1787=VERTEX_POINT('',#3544);
#1788=VERTEX_POINT('',#3545);
#1789=VERTEX_POINT('',#3547);
#1790=VERTEX_POINT('',#3549);
#1791=VERTEX_POINT('',#3553);
#1792=VERTEX_POINT('',#3555);
#1793=VERTEX_POINT('',#3559);
#1794=VERTEX_POINT('',#3563);
#1795=VERTEX_POINT('',#3569);
#1796=VERTEX_POINT('',#3570);
#1797=VERTEX_POINT('',#3573);
#1798=VERTEX_POINT('',#3574);
#1799=VERTEX_POINT('',#3577);
#1800=VERTEX_POINT('',#3578);
#1801=VERTEX_POINT('',#3581);
#1802=VERTEX_POINT('',#3582);
#1803=VERTEX_POINT('',#3585);
#1804=VERTEX_POINT('',#3586);
#1805=VERTEX_POINT('',#3589);
#1806=VERTEX_POINT('',#3590);
#1807=VERTEX_POINT('',#3593);
#1808=VERTEX_POINT('',#3594);
#1809=VERTEX_POINT('',#3597);
#1810=VERTEX_POINT('',#3598);
#1811=VERTEX_POINT('',#3601);
#1812=VERTEX_POINT('',#3602);
#1813=VERTEX_POINT('',#3605);
#1814=VERTEX_POINT('',#3606);
#1815=VERTEX_POINT('',#3609);
#1816=VERTEX_POINT('',#3610);
#1817=VERTEX_POINT('',#3613);
#1818=VERTEX_POINT('',#3614);
#1819=VERTEX_POINT('',#3616);
#1820=VERTEX_POINT('',#3618);
#1821=VERTEX_POINT('',#3621);
#1822=VERTEX_POINT('',#3622);
#1823=VERTEX_POINT('',#3624);
#1824=VERTEX_POINT('',#3626);
#1825=VERTEX_POINT('',#3629);
#1826=VERTEX_POINT('',#3630);
#1827=VERTEX_POINT('',#3632);
#1828=VERTEX_POINT('',#3634);
#1829=VERTEX_POINT('',#3637);
#1830=VERTEX_POINT('',#3638);
#1831=VERTEX_POINT('',#3641);
#1832=VERTEX_POINT('',#3642);
#1833=VERTEX_POINT('',#3644);
#1834=VERTEX_POINT('',#3646);
#1835=VERTEX_POINT('',#3648);
#1836=VERTEX_POINT('',#3650);
#1837=VERTEX_POINT('',#3652);
#1838=VERTEX_POINT('',#3654);
#1839=VERTEX_POINT('',#3656);
#1840=VERTEX_POINT('',#3658);
#1841=VERTEX_POINT('',#3660);
#1842=VERTEX_POINT('',#3662);
#1843=VERTEX_POINT('',#3665);
#1844=VERTEX_POINT('',#3667);
#1845=VERTEX_POINT('',#3669);
#1846=VERTEX_POINT('',#3671);
#1847=VERTEX_POINT('',#3673);
#1848=VERTEX_POINT('',#3675);
#1849=VERTEX_POINT('',#3677);
#1850=VERTEX_POINT('',#3679);
#1851=VERTEX_POINT('',#3681);
#1852=VERTEX_POINT('',#3683);
#1853=VERTEX_POINT('',#3685);
#1854=VERTEX_POINT('',#3687);
#1855=VERTEX_POINT('',#3689);
#1856=VERTEX_POINT('',#3691);
#1857=VERTEX_POINT('',#3695);
#1858=VERTEX_POINT('',#3697);
#1859=VERTEX_POINT('',#3701);
#1860=VERTEX_POINT('',#3703);
#1861=VERTEX_POINT('',#3708);
#1862=VERTEX_POINT('',#3712);
#1863=VERTEX_POINT('',#3713);
#1864=VERTEX_POINT('',#3716);
#1865=VERTEX_POINT('',#3718);
#1866=VERTEX_POINT('',#3726);
#1867=VERTEX_POINT('',#3728);
#1868=VERTEX_POINT('',#3732);
#1869=VERTEX_POINT('',#3736);
#1870=VERTEX_POINT('',#3737);
#1871=VERTEX_POINT('',#3740);
#1872=VERTEX_POINT('',#3742);
#1873=VERTEX_POINT('',#3744);
#1874=VERTEX_POINT('',#3746);
#1875=VERTEX_POINT('',#3753);
#1876=VERTEX_POINT('',#3755);
#1877=VERTEX_POINT('',#3760);
#1878=VERTEX_POINT('',#3761);
#1879=VERTEX_POINT('',#3764);
#1880=VERTEX_POINT('',#3766);
#1881=VERTEX_POINT('',#3768);
#1882=VERTEX_POINT('',#3770);
#1883=VERTEX_POINT('',#3772);
#1884=VERTEX_POINT('',#3779);
#1885=VERTEX_POINT('',#3781);
#1886=VERTEX_POINT('',#3786);
#1887=VERTEX_POINT('',#3790);
#1888=VERTEX_POINT('',#3791);
#1889=VERTEX_POINT('',#3794);
#1890=VERTEX_POINT('',#3796);
#1891=VERTEX_POINT('',#3798);
#1892=VERTEX_POINT('',#3800);
#1893=VERTEX_POINT('',#3819);
#1894=VERTEX_POINT('',#3821);
#1895=VERTEX_POINT('',#3826);
#1896=VERTEX_POINT('',#3830);
#1897=VERTEX_POINT('',#3839);
#1898=VERTEX_POINT('',#3840);
#1899=VERTEX_POINT('',#3845);
#1900=VERTEX_POINT('',#3846);
#1901=VERTEX_POINT('',#3849);
#1902=VERTEX_POINT('',#3850);
#1903=VERTEX_POINT('',#3852);
#1904=VERTEX_POINT('',#3854);
#1905=VERTEX_POINT('',#3859);
#1906=VERTEX_POINT('',#3860);
#1907=VERTEX_POINT('',#3867);
#1908=VERTEX_POINT('',#3868);
#1909=VERTEX_POINT('',#3871);
#1910=VERTEX_POINT('',#3872);
#1911=VERTEX_POINT('',#3874);
#1912=VERTEX_POINT('',#3876);
#1913=VERTEX_POINT('',#3883);
#1914=VERTEX_POINT('',#3885);
#1915=VERTEX_POINT('',#3892);
#1916=VERTEX_POINT('',#3896);
#1917=VERTEX_POINT('',#3897);
#1918=VERTEX_POINT('',#3900);
#1919=VERTEX_POINT('',#3905);
#1920=VERTEX_POINT('',#3906);
#1921=VERTEX_POINT('',#3909);
#1922=VERTEX_POINT('',#3910);
#1923=VERTEX_POINT('',#3912);
#1924=VERTEX_POINT('',#3914);
#1925=VERTEX_POINT('',#3929);
#1926=VERTEX_POINT('',#3933);
#1927=VERTEX_POINT('',#3934);
#1928=VERTEX_POINT('',#3937);
#1929=EDGE_CURVE('NONE',#1715,#1716,#2232,.T.);
#1930=EDGE_CURVE('NONE',#1715,#1717,#1075,.T.);
#1931=EDGE_CURVE('NONE',#1717,#1718,#2233,.T.);
#1932=EDGE_CURVE('NONE',#1716,#1718,#1076,.T.);
#1933=EDGE_CURVE('NONE',#1715,#1719,#2234,.T.);
#1934=EDGE_CURVE('NONE',#1716,#1720,#2235,.T.);
#1935=EDGE_CURVE('NONE',#1721,#1720,#2236,.T.);
#1936=EDGE_CURVE('NONE',#1722,#1721,#2237,.T.);
#1937=EDGE_CURVE('NONE',#1722,#1723,#2238,.T.);
#1938=EDGE_CURVE('NONE',#1724,#1723,#2239,.T.);
#1939=EDGE_CURVE('NONE',#1719,#1724,#2240,.T.);
#1940=EDGE_CURVE('NONE',#1725,#1726,#2241,.T.);
#1941=EDGE_CURVE('NONE',#1726,#1727,#2242,.T.);
#1942=EDGE_CURVE('NONE',#1727,#1728,#2243,.T.);
#1943=EDGE_CURVE('NONE',#1728,#1729,#2244,.T.);
#1944=EDGE_CURVE('NONE',#1729,#1730,#2245,.T.);
#1945=EDGE_CURVE('NONE',#1730,#1731,#2246,.T.);
#1946=EDGE_CURVE('NONE',#1731,#1732,#2247,.T.);
#1947=EDGE_CURVE('NONE',#1732,#1733,#2248,.T.);
#1948=EDGE_CURVE('NONE',#1733,#1734,#2249,.T.);
#1949=EDGE_CURVE('NONE',#1734,#1735,#2250,.T.);
#1950=EDGE_CURVE('NONE',#1735,#1736,#2251,.T.);
#1951=EDGE_CURVE('NONE',#1736,#1737,#2252,.T.);
#1952=EDGE_CURVE('NONE',#1737,#1738,#1077,.T.);
#1953=EDGE_CURVE('NONE',#1738,#1739,#2253,.T.);
#1954=EDGE_CURVE('NONE',#1740,#1739,#1078,.T.);
#1955=EDGE_CURVE('NONE',#1740,#1741,#2254,.T.);
#1956=EDGE_CURVE('NONE',#1742,#1741,#1079,.T.);
#1957=EDGE_CURVE('NONE',#1742,#1743,#2255,.T.);
#1958=EDGE_CURVE('NONE',#1743,#1744,#1080,.T.);
#1959=EDGE_CURVE('NONE',#1744,#1745,#2256,.T.);
#1960=EDGE_CURVE('NONE',#1745,#1746,#2257,.T.);
#1961=EDGE_CURVE('NONE',#1746,#1747,#2258,.T.);
#1962=EDGE_CURVE('NONE',#1747,#1748,#2259,.T.);
#1963=EDGE_CURVE('NONE',#1748,#1749,#2260,.T.);
#1964=EDGE_CURVE('NONE',#1749,#1750,#2261,.T.);
#1965=EDGE_CURVE('NONE',#1750,#1751,#2262,.T.);
#1966=EDGE_CURVE('NONE',#1751,#1752,#2263,.T.);
#1967=EDGE_CURVE('NONE',#1752,#1753,#2264,.T.);
#1968=EDGE_CURVE('NONE',#1753,#1754,#2265,.T.);
#1969=EDGE_CURVE('NONE',#1754,#1755,#2266,.T.);
#1970=EDGE_CURVE('NONE',#1755,#1756,#2267,.T.);
#1971=EDGE_CURVE('NONE',#1756,#1757,#2268,.T.);
#1972=EDGE_CURVE('NONE',#1757,#1758,#2269,.T.);
#1973=EDGE_CURVE('NONE',#1758,#1759,#2270,.T.);
#1974=EDGE_CURVE('NONE',#1759,#1760,#2271,.T.);
#1975=EDGE_CURVE('NONE',#1760,#1761,#2272,.T.);
#1976=EDGE_CURVE('NONE',#1761,#1722,#1081,.T.);
#1977=EDGE_CURVE('NONE',#1721,#1717,#2273,.T.);
#1978=EDGE_CURVE('NONE',#1719,#1762,#1082,.T.);
#1979=EDGE_CURVE('NONE',#1762,#1763,#2274,.T.);
#1980=EDGE_CURVE('NONE',#1763,#1764,#2275,.T.);
#1981=EDGE_CURVE('NONE',#1764,#1765,#2276,.T.);
#1982=EDGE_CURVE('NONE',#1765,#1766,#2277,.T.);
#1983=EDGE_CURVE('NONE',#1766,#1725,#2278,.T.);
#1984=EDGE_CURVE('NONE',#1767,#1768,#1083,.T.);
#1985=EDGE_CURVE('NONE',#1768,#1767,#1084,.T.);
#1986=EDGE_CURVE('NONE',#1769,#1770,#1085,.T.);
#1987=EDGE_CURVE('NONE',#1770,#1769,#1086,.T.);
#1988=EDGE_CURVE('NONE',#1771,#1772,#1087,.T.);
#1989=EDGE_CURVE('NONE',#1772,#1771,#1088,.T.);
#1990=EDGE_CURVE('NONE',#1773,#1774,#1089,.T.);
#1991=EDGE_CURVE('NONE',#1774,#1773,#1090,.T.);
#1992=EDGE_CURVE('NONE',#1775,#1776,#2279,.T.);
#1993=EDGE_CURVE('NONE',#1775,#1777,#1091,.T.);
#1994=EDGE_CURVE('NONE',#1778,#1777,#2280,.T.);
#1995=EDGE_CURVE('NONE',#1778,#1776,#1092,.T.);
#1996=EDGE_CURVE('NONE',#1779,#1780,#2281,.T.);
#1997=EDGE_CURVE('NONE',#1779,#1781,#1093,.T.);
#1998=EDGE_CURVE('NONE',#1782,#1781,#2282,.T.);
#1999=EDGE_CURVE('NONE',#1782,#1780,#1094,.T.);
#2000=EDGE_CURVE('NONE',#1783,#1784,#2283,.T.);
#2001=EDGE_CURVE('NONE',#1783,#1785,#1095,.T.);
#2002=EDGE_CURVE('NONE',#1786,#1785,#2284,.T.);
#2003=EDGE_CURVE('NONE',#1786,#1784,#1096,.T.);
#2004=EDGE_CURVE('NONE',#1787,#1788,#2285,.T.);
#2005=EDGE_CURVE('NONE',#1787,#1789,#1097,.T.);
#2006=EDGE_CURVE('NONE',#1790,#1789,#2286,.T.);
#2007=EDGE_CURVE('NONE',#1790,#1788,#1098,.T.);
#2008=EDGE_CURVE('NONE',#1788,#1791,#2287,.T.);
#2009=EDGE_CURVE('NONE',#1791,#1792,#2288,.T.);
#2010=EDGE_CURVE('NONE',#1792,#1787,#2289,.T.);
#2011=EDGE_CURVE('NONE',#1793,#1790,#2290,.T.);
#2012=EDGE_CURVE('NONE',#1793,#1791,#1099,.T.);
#2013=EDGE_CURVE('NONE',#1789,#1794,#2291,.T.);
#2014=EDGE_CURVE('NONE',#1794,#1793,#2292,.T.);
#2015=EDGE_CURVE('NONE',#1792,#1794,#1100,.T.);
#2016=EDGE_CURVE('NONE',#1795,#1796,#1101,.T.);
#2017=EDGE_CURVE('NONE',#1796,#1795,#1102,.T.);
#2018=EDGE_CURVE('NONE',#1797,#1798,#1103,.T.);
#2019=EDGE_CURVE('NONE',#1798,#1797,#1104,.T.);
#2020=EDGE_CURVE('NONE',#1799,#1800,#1105,.T.);
#2021=EDGE_CURVE('NONE',#1800,#1799,#1106,.T.);
#2022=EDGE_CURVE('NONE',#1801,#1802,#1107,.T.);
#2023=EDGE_CURVE('NONE',#1802,#1801,#1108,.T.);
#2024=EDGE_CURVE('NONE',#1803,#1804,#1109,.T.);
#2025=EDGE_CURVE('NONE',#1804,#1803,#1110,.T.);
#2026=EDGE_CURVE('NONE',#1805,#1806,#1111,.T.);
#2027=EDGE_CURVE('NONE',#1806,#1805,#1112,.T.);
#2028=EDGE_CURVE('NONE',#1807,#1808,#1113,.T.);
#2029=EDGE_CURVE('NONE',#1808,#1807,#1114,.T.);
#2030=EDGE_CURVE('NONE',#1809,#1810,#1115,.T.);
#2031=EDGE_CURVE('NONE',#1810,#1809,#1116,.T.);
#2032=EDGE_CURVE('NONE',#1811,#1812,#1117,.T.);
#2033=EDGE_CURVE('NONE',#1812,#1811,#1118,.T.);
#2034=EDGE_CURVE('NONE',#1813,#1814,#1119,.T.);
#2035=EDGE_CURVE('NONE',#1814,#1813,#1120,.T.);
#2036=EDGE_CURVE('NONE',#1815,#1816,#1121,.T.);
#2037=EDGE_CURVE('NONE',#1816,#1815,#1122,.T.);
#2038=EDGE_CURVE('NONE',#1817,#1818,#2293,.T.);
#2039=EDGE_CURVE('NONE',#1819,#1817,#1123,.T.);
#2040=EDGE_CURVE('NONE',#1820,#1819,#2294,.T.);
#2041=EDGE_CURVE('NONE',#1818,#1820,#1124,.T.);
#2042=EDGE_CURVE('NONE',#1821,#1822,#2295,.T.);
#2043=EDGE_CURVE('NONE',#1823,#1821,#1125,.T.);
#2044=EDGE_CURVE('NONE',#1824,#1823,#2296,.T.);
#2045=EDGE_CURVE('NONE',#1822,#1824,#1126,.T.);
#2046=EDGE_CURVE('NONE',#1825,#1826,#2297,.T.);
#2047=EDGE_CURVE('NONE',#1827,#1825,#1127,.T.);
#2048=EDGE_CURVE('NONE',#1828,#1827,#2298,.T.);
#2049=EDGE_CURVE('NONE',#1826,#1828,#1128,.T.);
#2050=EDGE_CURVE('NONE',#1829,#1830,#1129,.T.);
#2051=EDGE_CURVE('NONE',#1830,#1829,#1130,.T.);
#2052=EDGE_CURVE('NONE',#1831,#1832,#1131,.T.);
#2053=EDGE_CURVE('NONE',#1831,#1833,#2299,.T.);
#2054=EDGE_CURVE('NONE',#1834,#1833,#1132,.T.);
#2055=EDGE_CURVE('NONE',#1835,#1834,#1133,.T.);
#2056=EDGE_CURVE('NONE',#1835,#1836,#2300,.T.);
#2057=EDGE_CURVE('NONE',#1837,#1836,#1134,.T.);
#2058=EDGE_CURVE('NONE',#1838,#1837,#1135,.T.);
#2059=EDGE_CURVE('NONE',#1838,#1839,#2301,.T.);
#2060=EDGE_CURVE('NONE',#1840,#1839,#1136,.T.);
#2061=EDGE_CURVE('NONE',#1841,#1840,#1137,.T.);
#2062=EDGE_CURVE('NONE',#1841,#1842,#2302,.T.);
#2063=EDGE_CURVE('NONE',#1842,#1724,#1138,.T.);
#2064=EDGE_CURVE('NONE',#1723,#1843,#1139,.T.);
#2065=EDGE_CURVE('NONE',#1843,#1844,#2303,.T.);
#2066=EDGE_CURVE('NONE',#1845,#1844,#1140,.T.);
#2067=EDGE_CURVE('NONE',#1845,#1846,#2304,.T.);
#2068=EDGE_CURVE('NONE',#1847,#1846,#1141,.T.);
#2069=EDGE_CURVE('NONE',#1847,#1848,#2305,.T.);
#2070=EDGE_CURVE('NONE',#1849,#1848,#1142,.T.);
#2071=EDGE_CURVE('NONE',#1849,#1850,#2306,.T.);
#2072=EDGE_CURVE('NONE',#1851,#1850,#1143,.T.);
#2073=EDGE_CURVE('NONE',#1851,#1852,#2307,.T.);
#2074=EDGE_CURVE('NONE',#1852,#1853,#1144,.T.);
#2075=EDGE_CURVE('NONE',#1853,#1854,#2308,.T.);
#2076=EDGE_CURVE('NONE',#1854,#1855,#1145,.T.);
#2077=EDGE_CURVE('NONE',#1855,#1856,#2309,.T.);
#2078=EDGE_CURVE('NONE',#1832,#1856,#1146,.T.);
#2079=EDGE_CURVE('NONE',#1857,#1832,#2310,.T.);
#2080=EDGE_CURVE('NONE',#1857,#1858,#1147,.T.);
#2081=EDGE_CURVE('NONE',#1858,#1831,#2311,.T.);
#2082=EDGE_CURVE('NONE',#1859,#1736,#2312,.T.);
#2083=EDGE_CURVE('NONE',#1859,#1860,#2313,.T.);
#2084=EDGE_CURVE('NONE',#1856,#1860,#2314,.T.);
#2085=EDGE_CURVE('NONE',#1737,#1855,#2315,.T.);
#2086=EDGE_CURVE('NONE',#1735,#1861,#2316,.T.);
#2087=EDGE_CURVE('NONE',#1861,#1859,#2317,.T.);
#2088=EDGE_CURVE('NONE',#1862,#1863,#1148,.T.);
#2089=EDGE_CURVE('NONE',#1863,#1862,#1149,.T.);
#2090=EDGE_CURVE('NONE',#1861,#1864,#2318,.T.);
#2091=EDGE_CURVE('NONE',#1865,#1864,#2319,.T.);
#2092=EDGE_CURVE('NONE',#1858,#1865,#2320,.T.);
#2093=EDGE_CURVE('NONE',#1860,#1857,#1150,.T.);
#2094=EDGE_CURVE('NONE',#1865,#1733,#2321,.T.);
#2095=EDGE_CURVE('NONE',#1864,#1734,#2322,.T.);
#2096=EDGE_CURVE('NONE',#1866,#1732,#2323,.T.);
#2097=EDGE_CURVE('NONE',#1866,#1867,#2324,.T.);
#2098=EDGE_CURVE('NONE',#1833,#1867,#2325,.T.);
#2099=EDGE_CURVE('NONE',#1731,#1868,#2326,.T.);
#2100=EDGE_CURVE('NONE',#1868,#1866,#2327,.T.);
#2101=EDGE_CURVE('NONE',#1869,#1870,#1151,.T.);
#2102=EDGE_CURVE('NONE',#1870,#1869,#1152,.T.);
#2103=EDGE_CURVE('NONE',#1868,#1871,#2328,.T.);
#2104=EDGE_CURVE('NONE',#1872,#1871,#2329,.T.);
#2105=EDGE_CURVE('NONE',#1873,#1872,#2330,.T.);
#2106=EDGE_CURVE('NONE',#1874,#1873,#1153,.T.);
#2107=EDGE_CURVE('NONE',#1867,#1874,#1154,.T.);
#2108=EDGE_CURVE('NONE',#1872,#1729,#2331,.T.);
#2109=EDGE_CURVE('NONE',#1871,#1730,#2332,.T.);
#2110=EDGE_CURVE('NONE',#1728,#1875,#2333,.T.);
#2111=EDGE_CURVE('NONE',#1875,#1876,#2334,.T.);
#2112=EDGE_CURVE('NONE',#1836,#1876,#2335,.T.);
#2113=EDGE_CURVE('NONE',#1873,#1835,#2336,.T.);
#2114=EDGE_CURVE('NONE',#1877,#1878,#1155,.T.);
#2115=EDGE_CURVE('NONE',#1878,#1877,#1156,.T.);
#2116=EDGE_CURVE('NONE',#1875,#1879,#2337,.T.);
#2117=EDGE_CURVE('NONE',#1879,#1880,#2338,.T.);
#2118=EDGE_CURVE('NONE',#1881,#1880,#2339,.T.);
#2119=EDGE_CURVE('NONE',#1882,#1881,#2340,.T.);
#2120=EDGE_CURVE('NONE',#1883,#1882,#1157,.T.);
#2121=EDGE_CURVE('NONE',#1876,#1883,#1158,.T.);
#2122=EDGE_CURVE('NONE',#1881,#1725,#2341,.T.);
#2123=EDGE_CURVE('NONE',#1880,#1726,#2342,.T.);
#2124=EDGE_CURVE('NONE',#1884,#1766,#2343,.T.);
#2125=EDGE_CURVE('NONE',#1884,#1885,#2344,.T.);
#2126=EDGE_CURVE('NONE',#1839,#1885,#2345,.T.);
#2127=EDGE_CURVE('NONE',#1882,#1838,#2346,.T.);
#2128=EDGE_CURVE('NONE',#1765,#1886,#2347,.T.);
#2129=EDGE_CURVE('NONE',#1886,#1884,#2348,.T.);
#2130=EDGE_CURVE('NONE',#1887,#1888,#1159,.T.);
#2131=EDGE_CURVE('NONE',#1888,#1887,#1160,.T.);
#2132=EDGE_CURVE('NONE',#1886,#1889,#2349,.T.);
#2133=EDGE_CURVE('NONE',#1890,#1889,#2350,.T.);
#2134=EDGE_CURVE('NONE',#1891,#1890,#2351,.T.);
#2135=EDGE_CURVE('NONE',#1892,#1891,#1161,.T.);
#2136=EDGE_CURVE('NONE',#1885,#1892,#1162,.T.);
#2137=EDGE_CURVE('NONE',#1890,#1763,#2352,.T.);
#2138=EDGE_CURVE('NONE',#1889,#1764,#2353,.T.);
#2139=EDGE_CURVE('NONE',#1762,#1842,#2354,.T.);
#2140=EDGE_CURVE('NONE',#1891,#1841,#2355,.T.);
#2141=EDGE_CURVE('NONE',#1892,#1840,#2356,.T.);
#2142=EDGE_CURVE('NONE',#1883,#1837,#2357,.T.);
#2143=EDGE_CURVE('NONE',#1874,#1834,#2358,.T.);
#2144=EDGE_CURVE('NONE',#1738,#1854,#2359,.T.);
#2145=EDGE_CURVE('NONE',#1742,#1893,#2360,.T.);
#2146=EDGE_CURVE('NONE',#1893,#1894,#2361,.T.);
#2147=EDGE_CURVE('NONE',#1894,#1739,#2362,.T.);
#2148=EDGE_CURVE('NONE',#1743,#1853,#2363,.T.);
#2149=EDGE_CURVE('NONE',#1741,#1895,#2364,.T.);
#2150=EDGE_CURVE('NONE',#1893,#1895,#1163,.T.);
#2151=EDGE_CURVE('NONE',#1896,#1740,#2365,.T.);
#2152=EDGE_CURVE('NONE',#1895,#1896,#2366,.T.);
#2153=EDGE_CURVE('NONE',#1896,#1894,#1164,.T.);
#2154=EDGE_CURVE('NONE',#1744,#1852,#2367,.T.);
#2155=EDGE_CURVE('NONE',#1897,#1898,#2368,.T.);
#2156=EDGE_CURVE('NONE',#1898,#1745,#2369,.T.);
#2157=EDGE_CURVE('NONE',#1897,#1851,#2370,.T.);
#2158=EDGE_CURVE('NONE',#1899,#1900,#1165,.T.);
#2159=EDGE_CURVE('NONE',#1900,#1899,#1166,.T.);
#2160=EDGE_CURVE('NONE',#1901,#1902,#2371,.T.);
#2161=EDGE_CURVE('NONE',#1903,#1901,#2372,.T.);
#2162=EDGE_CURVE('NONE',#1903,#1904,#2373,.T.);
#2163=EDGE_CURVE('NONE',#1898,#1904,#2374,.T.);
#2164=EDGE_CURVE('NONE',#1902,#1897,#1167,.T.);
#2165=EDGE_CURVE('NONE',#1905,#1906,#2375,.T.);
#2166=EDGE_CURVE('NONE',#1906,#1749,#2376,.T.);
#2167=EDGE_CURVE('NONE',#1901,#1748,#2377,.T.);
#2168=EDGE_CURVE('NONE',#1850,#1902,#2378,.T.);
#2169=EDGE_CURVE('NONE',#1905,#1849,#2379,.T.);
#2170=EDGE_CURVE('NONE',#1907,#1908,#1168,.T.);
#2171=EDGE_CURVE('NONE',#1908,#1907,#1169,.T.);
#2172=EDGE_CURVE('NONE',#1909,#1910,#2380,.T.);
#2173=EDGE_CURVE('NONE',#1911,#1909,#2381,.T.);
#2174=EDGE_CURVE('NONE',#1911,#1912,#2382,.T.);
#2175=EDGE_CURVE('NONE',#1906,#1912,#2383,.T.);
#2176=EDGE_CURVE('NONE',#1910,#1905,#1170,.T.);
#2177=EDGE_CURVE('NONE',#1909,#1752,#2384,.T.);
#2178=EDGE_CURVE('NONE',#1848,#1910,#2385,.T.);
#2179=EDGE_CURVE('NONE',#1913,#1847,#2386,.T.);
#2180=EDGE_CURVE('NONE',#1913,#1914,#2387,.T.);
#2181=EDGE_CURVE('NONE',#1914,#1753,#2388,.T.);
#2182=EDGE_CURVE('NONE',#1751,#1911,#2389,.T.);
#2183=EDGE_CURVE('NONE',#1846,#1915,#2390,.T.);
#2184=EDGE_CURVE('NONE',#1915,#1913,#1171,.T.);
#2185=EDGE_CURVE('NONE',#1916,#1917,#2391,.T.);
#2186=EDGE_CURVE('NONE',#1917,#1757,#2392,.T.);
#2187=EDGE_CURVE('NONE',#1918,#1756,#2393,.T.);
#2188=EDGE_CURVE('NONE',#1918,#1915,#2394,.T.);
#2189=EDGE_CURVE('NONE',#1916,#1845,#2395,.T.);
#2190=EDGE_CURVE('NONE',#1919,#1920,#1172,.T.);
#2191=EDGE_CURVE('NONE',#1920,#1919,#1173,.T.);
#2192=EDGE_CURVE('NONE',#1921,#1922,#2396,.T.);
#2193=EDGE_CURVE('NONE',#1923,#1921,#2397,.T.);
#2194=EDGE_CURVE('NONE',#1923,#1924,#2398,.T.);
#2195=EDGE_CURVE('NONE',#1917,#1924,#2399,.T.);
#2196=EDGE_CURVE('NONE',#1922,#1916,#1174,.T.);
#2197=EDGE_CURVE('NONE',#1921,#1760,#2400,.T.);
#2198=EDGE_CURVE('NONE',#1844,#1922,#2401,.T.);
#2199=EDGE_CURVE('NONE',#1761,#1843,#2402,.T.);
#2200=EDGE_CURVE('NONE',#1759,#1923,#2403,.T.);
#2201=EDGE_CURVE('NONE',#1924,#1758,#2404,.T.);
#2202=EDGE_CURVE('NONE',#1755,#1925,#2405,.T.);
#2203=EDGE_CURVE('NONE',#1925,#1918,#2406,.T.);
#2204=EDGE_CURVE('NONE',#1926,#1927,#1175,.T.);
#2205=EDGE_CURVE('NONE',#1927,#1926,#1176,.T.);
#2206=EDGE_CURVE('NONE',#1925,#1928,#2407,.T.);
#2207=EDGE_CURVE('NONE',#1928,#1914,#2408,.T.);
#2208=EDGE_CURVE('NONE',#1912,#1750,#2409,.T.);
#2209=EDGE_CURVE('NONE',#1747,#1903,#2410,.T.);
#2210=EDGE_CURVE('NONE',#1904,#1746,#2411,.T.);
#2211=EDGE_CURVE('NONE',#1781,#1825,#2412,.T.);
#2212=EDGE_CURVE('NONE',#1826,#1782,#2413,.T.);
#2213=EDGE_CURVE('NONE',#1827,#1779,#2414,.T.);
#2214=EDGE_CURVE('NONE',#1780,#1828,#2415,.T.);
#2215=EDGE_CURVE('NONE',#1777,#1821,#2416,.T.);
#2216=EDGE_CURVE('NONE',#1822,#1778,#2417,.T.);
#2217=EDGE_CURVE('NONE',#1823,#1775,#2418,.T.);
#2218=EDGE_CURVE('NONE',#1776,#1824,#2419,.T.);
#2219=EDGE_CURVE('NONE',#1785,#1817,#2420,.T.);
#2220=EDGE_CURVE('NONE',#1818,#1786,#2421,.T.);
#2221=EDGE_CURVE('NONE',#1819,#1783,#2422,.T.);
#2222=EDGE_CURVE('NONE',#1784,#1820,#2423,.T.);
#2223=EDGE_CURVE('NONE',#1768,#1812,#2424,.T.);
#2224=EDGE_CURVE('NONE',#1767,#1811,#2425,.T.);
#2225=EDGE_CURVE('NONE',#1774,#1810,#2426,.T.);
#2226=EDGE_CURVE('NONE',#1773,#1809,#2427,.T.);
#2227=EDGE_CURVE('NONE',#1770,#1804,#2428,.T.);
#2228=EDGE_CURVE('NONE',#1769,#1803,#2429,.T.);
#2229=EDGE_CURVE('NONE',#1772,#1802,#2430,.T.);
#2230=EDGE_CURVE('NONE',#1771,#1801,#2431,.T.);
#2231=EDGE_CURVE('NONE',#1718,#1720,#2432,.T.);
#2232=LINE('',#3394,#2433);
#2233=LINE('',#3399,#2434);
#2234=LINE('',#3403,#2435);
#2235=LINE('',#3405,#2436);
#2236=LINE('',#3407,#2437);
#2237=LINE('',#3409,#2438);
#2238=LINE('',#3411,#2439);
#2239=LINE('',#3413,#2440);
#2240=LINE('',#3415,#2441);
#2241=LINE('',#3417,#2442);
#2242=LINE('',#3420,#2443);
#2243=LINE('',#3422,#2444);
#2244=LINE('',#3424,#2445);
#2245=LINE('',#3426,#2446);
#2246=LINE('',#3428,#2447);
#2247=LINE('',#3430,#2448);
#2248=LINE('',#3432,#2449);
#2249=LINE('',#3434,#2450);
#2250=LINE('',#3436,#2451);
#2251=LINE('',#3438,#2452);
#2252=LINE('',#3440,#2453);
#2253=LINE('',#3444,#2454);
#2254=LINE('',#3448,#2455);
#2255=LINE('',#3452,#2456);
#2256=LINE('',#3456,#2457);
#2257=LINE('',#3458,#2458);
#2258=LINE('',#3460,#2459);
#2259=LINE('',#3462,#2460);
#2260=LINE('',#3464,#2461);
#2261=LINE('',#3466,#2462);
#2262=LINE('',#3468,#2463);
#2263=LINE('',#3470,#2464);
#2264=LINE('',#3472,#2465);
#2265=LINE('',#3474,#2466);
#2266=LINE('',#3476,#2467);
#2267=LINE('',#3478,#2468);
#2268=LINE('',#3480,#2469);
#2269=LINE('',#3482,#2470);
#2270=LINE('',#3484,#2471);
#2271=LINE('',#3486,#2472);
#2272=LINE('',#3488,#2473);
#2273=LINE('',#3491,#2474);
#2274=LINE('',#3494,#2475);
#2275=LINE('',#3496,#2476);
#2276=LINE('',#3498,#2477);
#2277=LINE('',#3500,#2478);
#2278=LINE('',#3502,#2479);
#2279=LINE('',#3519,#2480);
#2280=LINE('',#3524,#2481);
#2281=LINE('',#3527,#2482);
#2282=LINE('',#3532,#2483);
#2283=LINE('',#3535,#2484);
#2284=LINE('',#3540,#2485);
#2285=LINE('',#3543,#2486);
#2286=LINE('',#3548,#2487);
#2287=LINE('',#3552,#2488);
#2288=LINE('',#3554,#2489);
#2289=LINE('',#3556,#2490);
#2290=LINE('',#3558,#2491);
#2291=LINE('',#3562,#2492);
#2292=LINE('',#3564,#2493);
#2293=LINE('',#3612,#2494);
#2294=LINE('',#3617,#2495);
#2295=LINE('',#3620,#2496);
#2296=LINE('',#3625,#2497);
#2297=LINE('',#3628,#2498);
#2298=LINE('',#3633,#2499);
#2299=LINE('',#3643,#2500);
#2300=LINE('',#3649,#2501);
#2301=LINE('',#3655,#2502);
#2302=LINE('',#3661,#2503);
#2303=LINE('',#3666,#2504);
#2304=LINE('',#3670,#2505);
#2305=LINE('',#3674,#2506);
#2306=LINE('',#3678,#2507);
#2307=LINE('',#3682,#2508);
#2308=LINE('',#3686,#2509);
#2309=LINE('',#3690,#2510);
#2310=LINE('',#3694,#2511);
#2311=LINE('',#3698,#2512);
#2312=LINE('',#3700,#2513);
#2313=LINE('',#3702,#2514);
#2314=LINE('',#3704,#2515);
#2315=LINE('',#3705,#2516);
#2316=LINE('',#3707,#2517);
#2317=LINE('',#3709,#2518);
#2318=LINE('',#3715,#2519);
#2319=LINE('',#3717,#2520);
#2320=LINE('',#3719,#2521);
#2321=LINE('',#3722,#2522);
#2322=LINE('',#3723,#2523);
#2323=LINE('',#3725,#2524);
#2324=LINE('',#3727,#2525);
#2325=LINE('',#3729,#2526);
#2326=LINE('',#3731,#2527);
#2327=LINE('',#3733,#2528);
#2328=LINE('',#3739,#2529);
#2329=LINE('',#3741,#2530);
#2330=LINE('',#3743,#2531);
#2331=LINE('',#3749,#2532);
#2332=LINE('',#3750,#2533);
#2333=LINE('',#3752,#2534);
#2334=LINE('',#3754,#2535);
#2335=LINE('',#3756,#2536);
#2336=LINE('',#3757,#2537);
#2337=LINE('',#3763,#2538);
#2338=LINE('',#3765,#2539);
#2339=LINE('',#3767,#2540);
#2340=LINE('',#3769,#2541);
#2341=LINE('',#3775,#2542);
#2342=LINE('',#3776,#2543);
#2343=LINE('',#3778,#2544);
#2344=LINE('',#3780,#2545);
#2345=LINE('',#3782,#2546);
#2346=LINE('',#3783,#2547);
#2347=LINE('',#3785,#2548);
#2348=LINE('',#3787,#2549);
#2349=LINE('',#3793,#2550);
#2350=LINE('',#3795,#2551);
#2351=LINE('',#3797,#2552);
#2352=LINE('',#3803,#2553);
#2353=LINE('',#3804,#2554);
#2354=LINE('',#3806,#2555);
#2355=LINE('',#3807,#2556);
#2356=LINE('',#3810,#2557);
#2357=LINE('',#3812,#2558);
#2358=LINE('',#3814,#2559);
#2359=LINE('',#3816,#2560);
#2360=LINE('',#3818,#2561);
#2361=LINE('',#3820,#2562);
#2362=LINE('',#3822,#2563);
#2363=LINE('',#3823,#2564);
#2364=LINE('',#3825,#2565);
#2365=LINE('',#3829,#2566);
#2366=LINE('',#3831,#2567);
#2367=LINE('',#3836,#2568);
#2368=LINE('',#3838,#2569);
#2369=LINE('',#3841,#2570);
#2370=LINE('',#3842,#2571);
#2371=LINE('',#3848,#2572);
#2372=LINE('',#3851,#2573);
#2373=LINE('',#3853,#2574);
#2374=LINE('',#3855,#2575);
#2375=LINE('',#3858,#2576);
#2376=LINE('',#3861,#2577);
#2377=LINE('',#3862,#2578);
#2378=LINE('',#3863,#2579);
#2379=LINE('',#3864,#2580);
#2380=LINE('',#3870,#2581);
#2381=LINE('',#3873,#2582);
#2382=LINE('',#3875,#2583);
#2383=LINE('',#3877,#2584);
#2384=LINE('',#3880,#2585);
#2385=LINE('',#3881,#2586);
#2386=LINE('',#3882,#2587);
#2387=LINE('',#3884,#2588);
#2388=LINE('',#3886,#2589);
#2389=LINE('',#3888,#2590);
#2390=LINE('',#3891,#2591);
#2391=LINE('',#3895,#2592);
#2392=LINE('',#3898,#2593);
#2393=LINE('',#3899,#2594);
#2394=LINE('',#3901,#2595);
#2395=LINE('',#3902,#2596);
#2396=LINE('',#3908,#2597);
#2397=LINE('',#3911,#2598);
#2398=LINE('',#3913,#2599);
#2399=LINE('',#3915,#2600);
#2400=LINE('',#3918,#2601);
#2401=LINE('',#3919,#2602);
#2402=LINE('',#3920,#2603);
#2403=LINE('',#3922,#2604);
#2404=LINE('',#3926,#2605);
#2405=LINE('',#3928,#2606);
#2406=LINE('',#3930,#2607);
#2407=LINE('',#3936,#2608);
#2408=LINE('',#3938,#2609);
#2409=LINE('',#3940,#2610);
#2410=LINE('',#3942,#2611);
#2411=LINE('',#3945,#2612);
#2412=LINE('',#3947,#2613);
#2413=LINE('',#3948,#2614);
#2414=LINE('',#3950,#2615);
#2415=LINE('',#3952,#2616);
#2416=LINE('',#3955,#2617);
#2417=LINE('',#3956,#2618);
#2418=LINE('',#3958,#2619);
#2419=LINE('',#3960,#2620);
#2420=LINE('',#3963,#2621);
#2421=LINE('',#3964,#2622);
#2422=LINE('',#3966,#2623);
#2423=LINE('',#3968,#2624);
#2424=LINE('',#3971,#2625);
#2425=LINE('',#3972,#2626);
#2426=LINE('',#3974,#2627);
#2427=LINE('',#3975,#2628);
#2428=LINE('',#3977,#2629);
#2429=LINE('',#3978,#2630);
#2430=LINE('',#3980,#2631);
#2431=LINE('',#3981,#2632);
#2432=LINE('',#3983,#2633);
#2433=VECTOR('',#2822,1.);
#2434=VECTOR('',#2825,1.);
#2435=VECTOR('',#2830,1.);
#2436=VECTOR('',#2831,1.);
#2437=VECTOR('',#2832,1.);
#2438=VECTOR('',#2833,1.);
#2439=VECTOR('',#2834,1.);
#2440=VECTOR('',#2835,1.);
#2441=VECTOR('',#2836,1.);
#2442=VECTOR('',#2839,1.);
#2443=VECTOR('',#2840,1.);
#2444=VECTOR('',#2841,1.);
#2445=VECTOR('',#2842,1.);
#2446=VECTOR('',#2843,1.);
#2447=VECTOR('',#2844,1.);
#2448=VECTOR('',#2845,1.);
#2449=VECTOR('',#2846,1.);
#2450=VECTOR('',#2847,1.);
#2451=VECTOR('',#2848,1.);
#2452=VECTOR('',#2849,1.);
#2453=VECTOR('',#2850,1.);
#2454=VECTOR('',#2853,1.);
#2455=VECTOR('',#2856,1.);
#2456=VECTOR('',#2859,1.);
#2457=VECTOR('',#2862,1.);
#2458=VECTOR('',#2863,1.);
#2459=VECTOR('',#2864,1.);
#2460=VECTOR('',#2865,1.);
#2461=VECTOR('',#2866,1.);
#2462=VECTOR('',#2867,1.);
#2463=VECTOR('',#2868,1.);
#2464=VECTOR('',#2869,1.);
#2465=VECTOR('',#2870,1.);
#2466=VECTOR('',#2871,1.);
#2467=VECTOR('',#2872,1.);
#2468=VECTOR('',#2873,1.);
#2469=VECTOR('',#2874,1.);
#2470=VECTOR('',#2875,1.);
#2471=VECTOR('',#2876,1.);
#2472=VECTOR('',#2877,1.);
#2473=VECTOR('',#2878,1.);
#2474=VECTOR('',#2881,1.);
#2475=VECTOR('',#2884,1.);
#2476=VECTOR('',#2885,1.);
#2477=VECTOR('',#2886,1.);
#2478=VECTOR('',#2887,1.);
#2479=VECTOR('',#2888,1.);
#2480=VECTOR('',#2905,1.);
#2481=VECTOR('',#2908,1.);
#2482=VECTOR('',#2911,1.);
#2483=VECTOR('',#2914,1.);
#2484=VECTOR('',#2917,1.);
#2485=VECTOR('',#2920,1.);
#2486=VECTOR('',#2923,1.);
#2487=VECTOR('',#2926,1.);
#2488=VECTOR('',#2931,1.);
#2489=VECTOR('',#2932,1.);
#2490=VECTOR('',#2933,1.);
#2491=VECTOR('',#2936,1.);
#2492=VECTOR('',#2941,1.);
#2493=VECTOR('',#2942,1.);
#2494=VECTOR('',#2993,1.);
#2495=VECTOR('',#2996,1.);
#2496=VECTOR('',#2999,1.);
#2497=VECTOR('',#3002,1.);
#2498=VECTOR('',#3005,1.);
#2499=VECTOR('',#3008,1.);
#2500=VECTOR('',#3017,1.);
#2501=VECTOR('',#3022,1.);
#2502=VECTOR('',#3027,1.);
#2503=VECTOR('',#3032,1.);
#2504=VECTOR('',#3037,1.);
#2505=VECTOR('',#3040,1.);
#2506=VECTOR('',#3043,1.);
#2507=VECTOR('',#3046,1.);
#2508=VECTOR('',#3049,1.);
#2509=VECTOR('',#3052,1.);
#2510=VECTOR('',#3055,1.);
#2511=VECTOR('',#3060,1.);
#2512=VECTOR('',#3063,1.);
#2513=VECTOR('',#3066,1.);
#2514=VECTOR('',#3067,1.);
#2515=VECTOR('',#3068,1.);
#2516=VECTOR('',#3069,1.);
#2517=VECTOR('',#3072,1.);
#2518=VECTOR('',#3073,1.);
#2519=VECTOR('',#3080,1.);
#2520=VECTOR('',#3081,1.);
#2521=VECTOR('',#3082,1.);
#2522=VECTOR('',#3087,1.);
#2523=VECTOR('',#3088,1.);
#2524=VECTOR('',#3091,1.);
#2525=VECTOR('',#3092,1.);
#2526=VECTOR('',#3093,1.);
#2527=VECTOR('',#3096,1.);
#2528=VECTOR('',#3097,1.);
#2529=VECTOR('',#3104,1.);
#2530=VECTOR('',#3105,1.);
#2531=VECTOR('',#3106,1.);
#2532=VECTOR('',#3113,1.);
#2533=VECTOR('',#3114,1.);
#2534=VECTOR('',#3117,1.);
#2535=VECTOR('',#3118,1.);
#2536=VECTOR('',#3119,1.);
#2537=VECTOR('',#3120,1.);
#2538=VECTOR('',#3127,1.);
#2539=VECTOR('',#3128,1.);
#2540=VECTOR('',#3129,1.);
#2541=VECTOR('',#3130,1.);
#2542=VECTOR('',#3137,1.);
#2543=VECTOR('',#3138,1.);
#2544=VECTOR('',#3141,1.);
#2545=VECTOR('',#3142,1.);
#2546=VECTOR('',#3143,1.);
#2547=VECTOR('',#3144,1.);
#2548=VECTOR('',#3147,1.);
#2549=VECTOR('',#3148,1.);
#2550=VECTOR('',#3155,1.);
#2551=VECTOR('',#3156,1.);
#2552=VECTOR('',#3157,1.);
#2553=VECTOR('',#3164,1.);
#2554=VECTOR('',#3165,1.);
#2555=VECTOR('',#3168,1.);
#2556=VECTOR('',#3169,1.);
#2557=VECTOR('',#3174,1.);
#2558=VECTOR('',#3177,1.);
#2559=VECTOR('',#3180,1.);
#2560=VECTOR('',#3183,1.);
#2561=VECTOR('',#3186,1.);
#2562=VECTOR('',#3187,1.);
#2563=VECTOR('',#3188,1.);
#2564=VECTOR('',#3189,1.);
#2565=VECTOR('',#3192,1.);
#2566=VECTOR('',#3197,1.);
#2567=VECTOR('',#3198,1.);
#2568=VECTOR('',#3207,1.);
#2569=VECTOR('',#3210,1.);
#2570=VECTOR('',#3211,1.);
#2571=VECTOR('',#3212,1.);
#2572=VECTOR('',#3219,1.);
#2573=VECTOR('',#3220,1.);
#2574=VECTOR('',#3221,1.);
#2575=VECTOR('',#3222,1.);
#2576=VECTOR('',#3227,1.);
#2577=VECTOR('',#3228,1.);
#2578=VECTOR('',#3229,1.);
#2579=VECTOR('',#3230,1.);
#2580=VECTOR('',#3231,1.);
#2581=VECTOR('',#3238,1.);
#2582=VECTOR('',#3239,1.);
#2583=VECTOR('',#3240,1.);
#2584=VECTOR('',#3241,1.);
#2585=VECTOR('',#3246,1.);
#2586=VECTOR('',#3247,1.);
#2587=VECTOR('',#3248,1.);
#2588=VECTOR('',#3249,1.);
#2589=VECTOR('',#3250,1.);
#2590=VECTOR('',#3253,1.);
#2591=VECTOR('',#3258,1.);
#2592=VECTOR('',#3263,1.);
#2593=VECTOR('',#3264,1.);
#2594=VECTOR('',#3265,1.);
#2595=VECTOR('',#3266,1.);
#2596=VECTOR('',#3267,1.);
#2597=VECTOR('',#3274,1.);
#2598=VECTOR('',#3275,1.);
#2599=VECTOR('',#3276,1.);
#2600=VECTOR('',#3277,1.);
#2601=VECTOR('',#3282,1.);
#2602=VECTOR('',#3283,1.);
#2603=VECTOR('',#3284,1.);
#2604=VECTOR('',#3287,1.);
#2605=VECTOR('',#3294,1.);
#2606=VECTOR('',#3297,1.);
#2607=VECTOR('',#3298,1.);
#2608=VECTOR('',#3305,1.);
#2609=VECTOR('',#3306,1.);
#2610=VECTOR('',#3309,1.);
#2611=VECTOR('',#3312,1.);
#2612=VECTOR('',#3317,1.);
#2613=VECTOR('',#3320,1.);
#2614=VECTOR('',#3321,1.);
#2615=VECTOR('',#3324,1.);
#2616=VECTOR('',#3327,1.);
#2617=VECTOR('',#3332,1.);
#2618=VECTOR('',#3333,1.);
#2619=VECTOR('',#3336,1.);
#2620=VECTOR('',#3339,1.);
#2621=VECTOR('',#3344,1.);
#2622=VECTOR('',#3345,1.);
#2623=VECTOR('',#3348,1.);
#2624=VECTOR('',#3351,1.);
#2625=VECTOR('',#3356,1.);
#2626=VECTOR('',#3357,1.);
#2627=VECTOR('',#3360,1.);
#2628=VECTOR('',#3361,1.);
#2629=VECTOR('',#3364,1.);
#2630=VECTOR('',#3365,1.);
#2631=VECTOR('',#3368,1.);
#2632=VECTOR('',#3369,1.);
#2633=VECTOR('',#3372,1.);
#2634=AXIS2_PLACEMENT_3D('',#3393,#2820,#2821);
#2635=AXIS2_PLACEMENT_3D('',#3397,#2823,#2824);
#2636=AXIS2_PLACEMENT_3D('',#3401,#2826,#2827);
#2637=AXIS2_PLACEMENT_3D('',#3402,#2828,#2829);
#2638=AXIS2_PLACEMENT_3D('',#3416,#2837,#2838);
#2639=AXIS2_PLACEMENT_3D('',#3442,#2851,#2852);
#2640=AXIS2_PLACEMENT_3D('',#3446,#2854,#2855);
#2641=AXIS2_PLACEMENT_3D('',#3450,#2857,#2858);
#2642=AXIS2_PLACEMENT_3D('',#3454,#2860,#2861);
#2643=AXIS2_PLACEMENT_3D('',#3490,#2879,#2880);
#2644=AXIS2_PLACEMENT_3D('',#3492,#2882,#2883);
#2645=AXIS2_PLACEMENT_3D('',#3503,#2889,#2890);
#2646=AXIS2_PLACEMENT_3D('',#3506,#2891,#2892);
#2647=AXIS2_PLACEMENT_3D('',#3507,#2893,#2894);
#2648=AXIS2_PLACEMENT_3D('',#3510,#2895,#2896);
#2649=AXIS2_PLACEMENT_3D('',#3511,#2897,#2898);
#2650=AXIS2_PLACEMENT_3D('',#3514,#2899,#2900);
#2651=AXIS2_PLACEMENT_3D('',#3515,#2901,#2902);
#2652=AXIS2_PLACEMENT_3D('',#3518,#2903,#2904);
#2653=AXIS2_PLACEMENT_3D('',#3522,#2906,#2907);
#2654=AXIS2_PLACEMENT_3D('',#3526,#2909,#2910);
#2655=AXIS2_PLACEMENT_3D('',#3530,#2912,#2913);
#2656=AXIS2_PLACEMENT_3D('',#3534,#2915,#2916);
#2657=AXIS2_PLACEMENT_3D('',#3538,#2918,#2919);
#2658=AXIS2_PLACEMENT_3D('',#3542,#2921,#2922);
#2659=AXIS2_PLACEMENT_3D('',#3546,#2924,#2925);
#2660=AXIS2_PLACEMENT_3D('',#3550,#2927,#2928);
#2661=AXIS2_PLACEMENT_3D('',#3551,#2929,#2930);
#2662=AXIS2_PLACEMENT_3D('',#3557,#2934,#2935);
#2663=AXIS2_PLACEMENT_3D('',#3560,#2937,#2938);
#2664=AXIS2_PLACEMENT_3D('',#3561,#2939,#2940);
#2665=AXIS2_PLACEMENT_3D('',#3565,#2943,#2944);
#2666=AXIS2_PLACEMENT_3D('',#3566,#2945,#2946);
#2667=AXIS2_PLACEMENT_3D('',#3567,#2947,#2948);
#2668=AXIS2_PLACEMENT_3D('',#3568,#2949,#2950);
#2669=AXIS2_PLACEMENT_3D('',#3571,#2951,#2952);
#2670=AXIS2_PLACEMENT_3D('',#3572,#2953,#2954);
#2671=AXIS2_PLACEMENT_3D('',#3575,#2955,#2956);
#2672=AXIS2_PLACEMENT_3D('',#3576,#2957,#2958);
#2673=AXIS2_PLACEMENT_3D('',#3579,#2959,#2960);
#2674=AXIS2_PLACEMENT_3D('',#3580,#2961,#2962);
#2675=AXIS2_PLACEMENT_3D('',#3583,#2963,#2964);
#2676=AXIS2_PLACEMENT_3D('',#3584,#2965,#2966);
#2677=AXIS2_PLACEMENT_3D('',#3587,#2967,#2968);
#2678=AXIS2_PLACEMENT_3D('',#3588,#2969,#2970);
#2679=AXIS2_PLACEMENT_3D('',#3591,#2971,#2972);
#2680=AXIS2_PLACEMENT_3D('',#3592,#2973,#2974);
#2681=AXIS2_PLACEMENT_3D('',#3595,#2975,#2976);
#2682=AXIS2_PLACEMENT_3D('',#3596,#2977,#2978);
#2683=AXIS2_PLACEMENT_3D('',#3599,#2979,#2980);
#2684=AXIS2_PLACEMENT_3D('',#3600,#2981,#2982);
#2685=AXIS2_PLACEMENT_3D('',#3603,#2983,#2984);
#2686=AXIS2_PLACEMENT_3D('',#3604,#2985,#2986);
#2687=AXIS2_PLACEMENT_3D('',#3607,#2987,#2988);
#2688=AXIS2_PLACEMENT_3D('',#3608,#2989,#2990);
#2689=AXIS2_PLACEMENT_3D('',#3611,#2991,#2992);
#2690=AXIS2_PLACEMENT_3D('',#3615,#2994,#2995);
#2691=AXIS2_PLACEMENT_3D('',#3619,#2997,#2998);
#2692=AXIS2_PLACEMENT_3D('',#3623,#3000,#3001);
#2693=AXIS2_PLACEMENT_3D('',#3627,#3003,#3004);
#2694=AXIS2_PLACEMENT_3D('',#3631,#3006,#3007);
#2695=AXIS2_PLACEMENT_3D('',#3635,#3009,#3010);
#2696=AXIS2_PLACEMENT_3D('',#3636,#3011,#3012);
#2697=AXIS2_PLACEMENT_3D('',#3639,#3013,#3014);
#2698=AXIS2_PLACEMENT_3D('',#3640,#3015,#3016);
#2699=AXIS2_PLACEMENT_3D('',#3645,#3018,#3019);
#2700=AXIS2_PLACEMENT_3D('',#3647,#3020,#3021);
#2701=AXIS2_PLACEMENT_3D('',#3651,#3023,#3024);
#2702=AXIS2_PLACEMENT_3D('',#3653,#3025,#3026);
#2703=AXIS2_PLACEMENT_3D('',#3657,#3028,#3029);
#2704=AXIS2_PLACEMENT_3D('',#3659,#3030,#3031);
#2705=AXIS2_PLACEMENT_3D('',#3663,#3033,#3034);
#2706=AXIS2_PLACEMENT_3D('',#3664,#3035,#3036);
#2707=AXIS2_PLACEMENT_3D('',#3668,#3038,#3039);
#2708=AXIS2_PLACEMENT_3D('',#3672,#3041,#3042);
#2709=AXIS2_PLACEMENT_3D('',#3676,#3044,#3045);
#2710=AXIS2_PLACEMENT_3D('',#3680,#3047,#3048);
#2711=AXIS2_PLACEMENT_3D('',#3684,#3050,#3051);
#2712=AXIS2_PLACEMENT_3D('',#3688,#3053,#3054);
#2713=AXIS2_PLACEMENT_3D('',#3692,#3056,#3057);
#2714=AXIS2_PLACEMENT_3D('',#3693,#3058,#3059);
#2715=AXIS2_PLACEMENT_3D('',#3696,#3061,#3062);
#2716=AXIS2_PLACEMENT_3D('',#3699,#3064,#3065);
#2717=AXIS2_PLACEMENT_3D('',#3706,#3070,#3071);
#2718=AXIS2_PLACEMENT_3D('',#3710,#3074,#3075);
#2719=AXIS2_PLACEMENT_3D('',#3711,#3076,#3077);
#2720=AXIS2_PLACEMENT_3D('',#3714,#3078,#3079);
#2721=AXIS2_PLACEMENT_3D('',#3720,#3083,#3084);
#2722=AXIS2_PLACEMENT_3D('',#3721,#3085,#3086);
#2723=AXIS2_PLACEMENT_3D('',#3724,#3089,#3090);
#2724=AXIS2_PLACEMENT_3D('',#3730,#3094,#3095);
#2725=AXIS2_PLACEMENT_3D('',#3734,#3098,#3099);
#2726=AXIS2_PLACEMENT_3D('',#3735,#3100,#3101);
#2727=AXIS2_PLACEMENT_3D('',#3738,#3102,#3103);
#2728=AXIS2_PLACEMENT_3D('',#3745,#3107,#3108);
#2729=AXIS2_PLACEMENT_3D('',#3747,#3109,#3110);
#2730=AXIS2_PLACEMENT_3D('',#3748,#3111,#3112);
#2731=AXIS2_PLACEMENT_3D('',#3751,#3115,#3116);
#2732=AXIS2_PLACEMENT_3D('',#3758,#3121,#3122);
#2733=AXIS2_PLACEMENT_3D('',#3759,#3123,#3124);
#2734=AXIS2_PLACEMENT_3D('',#3762,#3125,#3126);
#2735=AXIS2_PLACEMENT_3D('',#3771,#3131,#3132);
#2736=AXIS2_PLACEMENT_3D('',#3773,#3133,#3134);
#2737=AXIS2_PLACEMENT_3D('',#3774,#3135,#3136);
#2738=AXIS2_PLACEMENT_3D('',#3777,#3139,#3140);
#2739=AXIS2_PLACEMENT_3D('',#3784,#3145,#3146);
#2740=AXIS2_PLACEMENT_3D('',#3788,#3149,#3150);
#2741=AXIS2_PLACEMENT_3D('',#3789,#3151,#3152);
#2742=AXIS2_PLACEMENT_3D('',#3792,#3153,#3154);
#2743=AXIS2_PLACEMENT_3D('',#3799,#3158,#3159);
#2744=AXIS2_PLACEMENT_3D('',#3801,#3160,#3161);
#2745=AXIS2_PLACEMENT_3D('',#3802,#3162,#3163);
#2746=AXIS2_PLACEMENT_3D('',#3805,#3166,#3167);
#2747=AXIS2_PLACEMENT_3D('',#3808,#3170,#3171);
#2748=AXIS2_PLACEMENT_3D('',#3809,#3172,#3173);
#2749=AXIS2_PLACEMENT_3D('',#3811,#3175,#3176);
#2750=AXIS2_PLACEMENT_3D('',#3813,#3178,#3179);
#2751=AXIS2_PLACEMENT_3D('',#3815,#3181,#3182);
#2752=AXIS2_PLACEMENT_3D('',#3817,#3184,#3185);
#2753=AXIS2_PLACEMENT_3D('',#3824,#3190,#3191);
#2754=AXIS2_PLACEMENT_3D('',#3827,#3193,#3194);
#2755=AXIS2_PLACEMENT_3D('',#3828,#3195,#3196);
#2756=AXIS2_PLACEMENT_3D('',#3832,#3199,#3200);
#2757=AXIS2_PLACEMENT_3D('',#3833,#3201,#3202);
#2758=AXIS2_PLACEMENT_3D('',#3834,#3203,#3204);
#2759=AXIS2_PLACEMENT_3D('',#3835,#3205,#3206);
#2760=AXIS2_PLACEMENT_3D('',#3837,#3208,#3209);
#2761=AXIS2_PLACEMENT_3D('',#3843,#3213,#3214);
#2762=AXIS2_PLACEMENT_3D('',#3844,#3215,#3216);
#2763=AXIS2_PLACEMENT_3D('',#3847,#3217,#3218);
#2764=AXIS2_PLACEMENT_3D('',#3856,#3223,#3224);
#2765=AXIS2_PLACEMENT_3D('',#3857,#3225,#3226);
#2766=AXIS2_PLACEMENT_3D('',#3865,#3232,#3233);
#2767=AXIS2_PLACEMENT_3D('',#3866,#3234,#3235);
#2768=AXIS2_PLACEMENT_3D('',#3869,#3236,#3237);
#2769=AXIS2_PLACEMENT_3D('',#3878,#3242,#3243);
#2770=AXIS2_PLACEMENT_3D('',#3879,#3244,#3245);
#2771=AXIS2_PLACEMENT_3D('',#3887,#3251,#3252);
#2772=AXIS2_PLACEMENT_3D('',#3889,#3254,#3255);
#2773=AXIS2_PLACEMENT_3D('',#3890,#3256,#3257);
#2774=AXIS2_PLACEMENT_3D('',#3893,#3259,#3260);
#2775=AXIS2_PLACEMENT_3D('',#3894,#3261,#3262);
#2776=AXIS2_PLACEMENT_3D('',#3903,#3268,#3269);
#2777=AXIS2_PLACEMENT_3D('',#3904,#3270,#3271);
#2778=AXIS2_PLACEMENT_3D('',#3907,#3272,#3273);
#2779=AXIS2_PLACEMENT_3D('',#3916,#3278,#3279);
#2780=AXIS2_PLACEMENT_3D('',#3917,#3280,#3281);
#2781=AXIS2_PLACEMENT_3D('',#3921,#3285,#3286);
#2782=AXIS2_PLACEMENT_3D('',#3923,#3288,#3289);
#2783=AXIS2_PLACEMENT_3D('',#3924,#3290,#3291);
#2784=AXIS2_PLACEMENT_3D('',#3925,#3292,#3293);
#2785=AXIS2_PLACEMENT_3D('',#3927,#3295,#3296);
#2786=AXIS2_PLACEMENT_3D('',#3931,#3299,#3300);
#2787=AXIS2_PLACEMENT_3D('',#3932,#3301,#3302);
#2788=AXIS2_PLACEMENT_3D('',#3935,#3303,#3304);
#2789=AXIS2_PLACEMENT_3D('',#3939,#3307,#3308);
#2790=AXIS2_PLACEMENT_3D('',#3941,#3310,#3311);
#2791=AXIS2_PLACEMENT_3D('',#3943,#3313,#3314);
#2792=AXIS2_PLACEMENT_3D('',#3944,#3315,#3316);
#2793=AXIS2_PLACEMENT_3D('',#3946,#3318,#3319);
#2794=AXIS2_PLACEMENT_3D('',#3949,#3322,#3323);
#2795=AXIS2_PLACEMENT_3D('',#3951,#3325,#3326);
#2796=AXIS2_PLACEMENT_3D('',#3953,#3328,#3329);
#2797=AXIS2_PLACEMENT_3D('',#3954,#3330,#3331);
#2798=AXIS2_PLACEMENT_3D('',#3957,#3334,#3335);
#2799=AXIS2_PLACEMENT_3D('',#3959,#3337,#3338);
#2800=AXIS2_PLACEMENT_3D('',#3961,#3340,#3341);
#2801=AXIS2_PLACEMENT_3D('',#3962,#3342,#3343);
#2802=AXIS2_PLACEMENT_3D('',#3965,#3346,#3347);
#2803=AXIS2_PLACEMENT_3D('',#3967,#3349,#3350);
#2804=AXIS2_PLACEMENT_3D('',#3969,#3352,#3353);
#2805=AXIS2_PLACEMENT_3D('',#3970,#3354,#3355);
#2806=AXIS2_PLACEMENT_3D('',#3973,#3358,#3359);
#2807=AXIS2_PLACEMENT_3D('',#3976,#3362,#3363);
#2808=AXIS2_PLACEMENT_3D('',#3979,#3366,#3367);
#2809=AXIS2_PLACEMENT_3D('',#3982,#3370,#3371);
#2810=AXIS2_PLACEMENT_3D('',#3984,#3373,#3374);
#2811=AXIS2_PLACEMENT_3D('',#3985,#3375,#3376);
#2812=AXIS2_PLACEMENT_3D('',#3986,#3377,#3378);
#2813=AXIS2_PLACEMENT_3D('',#3987,#3379,#3380);
#2814=AXIS2_PLACEMENT_3D('',#3988,#3381,#3382);
#2815=AXIS2_PLACEMENT_3D('',#3989,#3383,#3384);
#2816=AXIS2_PLACEMENT_3D('',#3990,#3385,#3386);
#2817=AXIS2_PLACEMENT_3D('',#3991,#3387,#3388);
#2818=AXIS2_PLACEMENT_3D('',#3992,#3389,#3390);
#2819=AXIS2_PLACEMENT_3D('',#3993,#3391,#3392);
#2820=DIRECTION('',(0.,0.,1.));
#2821=DIRECTION('',(1.,0.,0.));
#2822=DIRECTION('',(0.,0.,-1.));
#2823=DIRECTION('',(0.,0.,-1.));
#2824=DIRECTION('',(-1.,0.,0.));
#2825=DIRECTION('',(0.,0.,-1.));
#2826=DIRECTION('',(0.,0.,-1.));
#2827=DIRECTION('',(-1.,0.,0.));
#2828=DIRECTION('',(0.,0.,-1.));
#2829=DIRECTION('',(-1.,0.,0.));
#2830=DIRECTION('',(1.,0.,0.));
#2831=DIRECTION('',(-1.,0.,0.));
#2832=DIRECTION('',(0.,0.,-1.));
#2833=DIRECTION('',(1.,0.,0.));
#2834=DIRECTION('',(0.,0.,-1.));
#2835=DIRECTION('',(-1.,0.,0.));
#2836=DIRECTION('',(0.,0.,-1.));
#2837=DIRECTION('',(0.,-1.,0.));
#2838=DIRECTION('',(0.,0.,-1.));
#2839=DIRECTION('',(-1.,0.,0.));
#2840=DIRECTION('',(0.,1.,0.));
#2841=DIRECTION('',(1.,0.,0.));
#2842=DIRECTION('',(0.,1.,0.));
#2843=DIRECTION('',(-1.,0.,0.));
#2844=DIRECTION('',(0.,1.,0.));
#2845=DIRECTION('',(1.,0.,0.));
#2846=DIRECTION('',(0.,1.,0.));
#2847=DIRECTION('',(-1.,0.,0.));
#2848=DIRECTION('',(0.,1.,0.));
#2849=DIRECTION('',(1.,0.,0.));
#2850=DIRECTION('',(0.,1.,0.));
#2851=DIRECTION('',(0.,0.,1.));
#2852=DIRECTION('',(-1.,0.,0.));
#2853=DIRECTION('',(-1.,0.,0.));
#2854=DIRECTION('',(0.,0.,-1.));
#2855=DIRECTION('',(-1.,0.,0.));
#2856=DIRECTION('',(-1.,0.,0.));
#2857=DIRECTION('',(0.,0.,-1.));
#2858=DIRECTION('',(-1.,0.,0.));
#2859=DIRECTION('',(-1.,0.,0.));
#2860=DIRECTION('',(0.,0.,1.));
#2861=DIRECTION('',(-1.,0.,0.));
#2862=DIRECTION('',(0.,-1.,0.));
#2863=DIRECTION('',(1.,0.,0.));
#2864=DIRECTION('',(0.,-1.,0.));
#2865=DIRECTION('',(-1.,0.,0.));
#2866=DIRECTION('',(0.,-1.,0.));
#2867=DIRECTION('',(1.,0.,0.));
#2868=DIRECTION('',(0.,-1.,0.));
#2869=DIRECTION('',(-1.,0.,0.));
#2870=DIRECTION('',(0.,-1.,0.));
#2871=DIRECTION('',(1.,0.,0.));
#2872=DIRECTION('',(0.,-1.,0.));
#2873=DIRECTION('',(-1.,0.,0.));
#2874=DIRECTION('',(0.,-1.,0.));
#2875=DIRECTION('',(1.,0.,0.));
#2876=DIRECTION('',(0.,-1.,0.));
#2877=DIRECTION('',(-1.,0.,0.));
#2878=DIRECTION('',(0.,-1.,0.));
#2879=DIRECTION('',(0.,0.,1.));
#2880=DIRECTION('',(-1.,0.,0.));
#2881=DIRECTION('',(0.999999996314049,-8.58597788584573E-5,0.));
#2882=DIRECTION('',(0.,0.,1.));
#2883=DIRECTION('',(-1.,0.,0.));
#2884=DIRECTION('',(0.,1.,0.));
#2885=DIRECTION('',(-1.,0.,0.));
#2886=DIRECTION('',(0.,1.,0.));
#2887=DIRECTION('',(1.,0.,0.));
#2888=DIRECTION('',(0.,1.,0.));
#2889=DIRECTION('',(0.,0.,1.));
#2890=DIRECTION('',(-1.,0.,0.));
#2891=DIRECTION('',(0.,0.,1.));
#2892=DIRECTION('',(-1.,0.,0.));
#2893=DIRECTION('',(0.,0.,1.));
#2894=DIRECTION('',(-1.,0.,0.));
#2895=DIRECTION('',(0.,0.,1.));
#2896=DIRECTION('',(-1.,0.,0.));
#2897=DIRECTION('',(0.,0.,1.));
#2898=DIRECTION('',(-1.,0.,0.));
#2899=DIRECTION('',(0.,0.,1.));
#2900=DIRECTION('',(-1.,0.,0.));
#2901=DIRECTION('',(0.,0.,1.));
#2902=DIRECTION('',(-1.,0.,0.));
#2903=DIRECTION('',(0.,0.,1.));
#2904=DIRECTION('',(-1.,0.,0.));
#2905=DIRECTION('',(0.,-1.,0.));
#2906=DIRECTION('',(0.,0.,-1.));
#2907=DIRECTION('',(-1.,0.,0.));
#2908=DIRECTION('',(0.,1.,0.));
#2909=DIRECTION('',(0.,0.,-1.));
#2910=DIRECTION('',(-1.,0.,0.));
#2911=DIRECTION('',(0.,-1.,0.));
#2912=DIRECTION('',(0.,0.,-1.));
#2913=DIRECTION('',(-1.,0.,0.));
#2914=DIRECTION('',(0.,1.,0.));
#2915=DIRECTION('',(0.,0.,-1.));
#2916=DIRECTION('',(-1.,0.,0.));
#2917=DIRECTION('',(0.,-1.,0.));
#2918=DIRECTION('',(0.,0.,-1.));
#2919=DIRECTION('',(-1.,0.,0.));
#2920=DIRECTION('',(0.,1.,0.));
#2921=DIRECTION('',(0.,0.,-1.));
#2922=DIRECTION('',(-1.,0.,0.));
#2923=DIRECTION('',(0.,-1.,0.));
#2924=DIRECTION('',(0.,0.,-1.));
#2925=DIRECTION('',(-1.,0.,0.));
#2926=DIRECTION('',(0.,1.,0.));
#2927=DIRECTION('',(0.,0.,-1.));
#2928=DIRECTION('',(-1.,0.,0.));
#2929=DIRECTION('',(0.,0.,-1.));
#2930=DIRECTION('',(-1.,0.,0.));
#2931=DIRECTION('',(0.,0.,-1.));
#2932=DIRECTION('',(0.,1.,0.));
#2933=DIRECTION('',(0.,0.,1.));
#2934=DIRECTION('',(1.,0.,0.));
#2935=DIRECTION('',(0.,0.,-1.));
#2936=DIRECTION('',(0.,0.,1.));
#2937=DIRECTION('',(0.,0.,-1.));
#2938=DIRECTION('',(-1.,0.,0.));
#2939=DIRECTION('',(0.,0.,-1.));
#2940=DIRECTION('',(-1.,0.,0.));
#2941=DIRECTION('',(0.,0.,-1.));
#2942=DIRECTION('',(0.,-1.,0.));
#2943=DIRECTION('',(-1.,0.,0.));
#2944=DIRECTION('',(0.,0.,1.));
#2945=DIRECTION('',(0.,0.,-1.));
#2946=DIRECTION('',(-1.,0.,0.));
#2947=DIRECTION('',(0.,0.,-1.));
#2948=DIRECTION('',(-1.,0.,0.));
#2949=DIRECTION('',(0.,0.,1.));
#2950=DIRECTION('',(-1.,0.,0.));
#2951=DIRECTION('',(0.,0.,1.));
#2952=DIRECTION('',(-1.,0.,0.));
#2953=DIRECTION('',(0.,0.,1.));
#2954=DIRECTION('',(-1.,0.,0.));
#2955=DIRECTION('',(0.,0.,1.));
#2956=DIRECTION('',(-1.,0.,0.));
#2957=DIRECTION('',(0.,0.,1.));
#2958=DIRECTION('',(-1.,0.,0.));
#2959=DIRECTION('',(0.,0.,1.));
#2960=DIRECTION('',(-1.,0.,0.));
#2961=DIRECTION('',(0.,0.,-1.));
#2962=DIRECTION('',(-1.,0.,0.));
#2963=DIRECTION('',(0.,0.,-1.));
#2964=DIRECTION('',(-1.,0.,0.));
#2965=DIRECTION('',(0.,0.,-1.));
#2966=DIRECTION('',(-1.,0.,0.));
#2967=DIRECTION('',(0.,0.,-1.));
#2968=DIRECTION('',(-1.,0.,0.));
#2969=DIRECTION('',(0.,0.,1.));
#2970=DIRECTION('',(-1.,0.,0.));
#2971=DIRECTION('',(0.,0.,1.));
#2972=DIRECTION('',(-1.,0.,0.));
#2973=DIRECTION('',(0.,0.,1.));
#2974=DIRECTION('',(-1.,0.,0.));
#2975=DIRECTION('',(0.,0.,1.));
#2976=DIRECTION('',(-1.,0.,0.));
#2977=DIRECTION('',(0.,0.,-1.));
#2978=DIRECTION('',(-1.,0.,0.));
#2979=DIRECTION('',(0.,0.,-1.));
#2980=DIRECTION('',(-1.,0.,0.));
#2981=DIRECTION('',(0.,0.,-1.));
#2982=DIRECTION('',(-1.,0.,0.));
#2983=DIRECTION('',(0.,0.,-1.));
#2984=DIRECTION('',(-1.,0.,0.));
#2985=DIRECTION('',(0.,0.,1.));
#2986=DIRECTION('',(-1.,0.,0.));
#2987=DIRECTION('',(0.,0.,1.));
#2988=DIRECTION('',(-1.,0.,0.));
#2989=DIRECTION('',(0.,0.,1.));
#2990=DIRECTION('',(-1.,0.,0.));
#2991=DIRECTION('',(0.,0.,1.));
#2992=DIRECTION('',(-1.,0.,0.));
#2993=DIRECTION('',(0.,-1.,0.));
#2994=DIRECTION('',(0.,0.,-1.));
#2995=DIRECTION('',(-1.,0.,0.));
#2996=DIRECTION('',(0.,1.,0.));
#2997=DIRECTION('',(0.,0.,-1.));
#2998=DIRECTION('',(-1.,0.,0.));
#2999=DIRECTION('',(0.,-1.,0.));
#3000=DIRECTION('',(0.,0.,-1.));
#3001=DIRECTION('',(-1.,0.,0.));
#3002=DIRECTION('',(0.,1.,0.));
#3003=DIRECTION('',(0.,0.,-1.));
#3004=DIRECTION('',(-1.,0.,0.));
#3005=DIRECTION('',(0.,-1.,0.));
#3006=DIRECTION('',(0.,0.,-1.));
#3007=DIRECTION('',(-1.,0.,0.));
#3008=DIRECTION('',(0.,1.,0.));
#3009=DIRECTION('',(0.,0.,-1.));
#3010=DIRECTION('',(-1.,0.,0.));
#3011=DIRECTION('',(0.,0.,1.));
#3012=DIRECTION('',(-1.,0.,0.));
#3013=DIRECTION('',(0.,0.,1.));
#3014=DIRECTION('',(-1.,0.,0.));
#3015=DIRECTION('',(0.,0.,-1.));
#3016=DIRECTION('',(-1.,0.,0.));
#3017=DIRECTION('',(0.,-1.,0.));
#3018=DIRECTION('',(0.,0.,-1.));
#3019=DIRECTION('',(-1.,0.,0.));
#3020=DIRECTION('',(0.,0.,-1.));
#3021=DIRECTION('',(-1.,0.,0.));
#3022=DIRECTION('',(0.,-1.,0.));
#3023=DIRECTION('',(0.,0.,-1.));
#3024=DIRECTION('',(-1.,0.,0.));
#3025=DIRECTION('',(0.,0.,-1.));
#3026=DIRECTION('',(-1.,0.,0.));
#3027=DIRECTION('',(0.,-1.,0.));
#3028=DIRECTION('',(0.,0.,-1.));
#3029=DIRECTION('',(-1.,0.,0.));
#3030=DIRECTION('',(0.,0.,-1.));
#3031=DIRECTION('',(-1.,0.,0.));
#3032=DIRECTION('',(0.,-1.,0.));
#3033=DIRECTION('',(0.,0.,-1.));
#3034=DIRECTION('',(-1.,0.,0.));
#3035=DIRECTION('',(0.,0.,-1.));
#3036=DIRECTION('',(-1.,0.,0.));
#3037=DIRECTION('',(0.,1.,0.));
#3038=DIRECTION('',(0.,0.,-1.));
#3039=DIRECTION('',(-1.,0.,0.));
#3040=DIRECTION('',(0.,1.,0.));
#3041=DIRECTION('',(0.,0.,-1.));
#3042=DIRECTION('',(-1.,0.,0.));
#3043=DIRECTION('',(0.,1.,0.));
#3044=DIRECTION('',(0.,0.,-1.));
#3045=DIRECTION('',(-1.,0.,0.));
#3046=DIRECTION('',(0.,1.,0.));
#3047=DIRECTION('',(0.,0.,-1.));
#3048=DIRECTION('',(-1.,0.,0.));
#3049=DIRECTION('',(0.,1.,0.));
#3050=DIRECTION('',(0.,0.,-1.));
#3051=DIRECTION('',(1.,0.,0.));
#3052=DIRECTION('',(1.,0.,0.));
#3053=DIRECTION('',(0.,0.,-1.));
#3054=DIRECTION('',(-1.,0.,0.));
#3055=DIRECTION('',(0.,-1.,0.));
#3056=DIRECTION('',(0.,0.,-1.));
#3057=DIRECTION('',(-1.,0.,0.));
#3058=DIRECTION('',(0.,0.,-1.));
#3059=DIRECTION('',(-1.,0.,0.));
#3060=DIRECTION('',(0.,0.,-1.));
#3061=DIRECTION('',(0.,0.,1.));
#3062=DIRECTION('',(-1.,0.,0.));
#3063=DIRECTION('',(0.,0.,-1.));
#3064=DIRECTION('',(0.,0.,-1.));
#3065=DIRECTION('',(-1.,0.,0.));
#3066=DIRECTION('',(0.,0.,1.));
#3067=DIRECTION('',(0.,-1.,0.));
#3068=DIRECTION('',(0.,0.,1.));
#3069=DIRECTION('',(0.,0.,-1.));
#3070=DIRECTION('',(1.,0.,0.));
#3071=DIRECTION('',(0.,0.,-1.));
#3072=DIRECTION('',(0.,0.,-1.));
#3073=DIRECTION('',(1.,0.,0.));
#3074=DIRECTION('',(0.,-1.,0.));
#3075=DIRECTION('',(0.,0.,-1.));
#3076=DIRECTION('',(0.,0.,-1.));
#3077=DIRECTION('',(-1.,0.,0.));
#3078=DIRECTION('',(0.,0.,-1.));
#3079=DIRECTION('',(-1.,0.,0.));
#3080=DIRECTION('',(0.,-1.,0.));
#3081=DIRECTION('',(-1.,0.,0.));
#3082=DIRECTION('',(0.,-1.,0.));
#3083=DIRECTION('',(0.,0.,1.));
#3084=DIRECTION('',(-1.,0.,0.));
#3085=DIRECTION('',(0.,0.,-1.));
#3086=DIRECTION('',(-1.,0.,0.));
#3087=DIRECTION('',(0.,0.,1.));
#3088=DIRECTION('',(0.,0.,1.));
#3089=DIRECTION('',(0.,1.,0.));
#3090=DIRECTION('',(0.,0.,1.));
#3091=DIRECTION('',(0.,0.,1.));
#3092=DIRECTION('',(0.,-1.,0.));
#3093=DIRECTION('',(0.,0.,1.));
#3094=DIRECTION('',(1.,0.,0.));
#3095=DIRECTION('',(0.,0.,-1.));
#3096=DIRECTION('',(0.,0.,-1.));
#3097=DIRECTION('',(1.,0.,0.));
#3098=DIRECTION('',(0.,-1.,0.));
#3099=DIRECTION('',(0.,0.,-1.));
#3100=DIRECTION('',(0.,0.,-1.));
#3101=DIRECTION('',(-1.,0.,0.));
#3102=DIRECTION('',(0.,0.,-1.));
#3103=DIRECTION('',(-1.,0.,0.));
#3104=DIRECTION('',(0.,-1.,0.));
#3105=DIRECTION('',(-1.,0.,0.));
#3106=DIRECTION('',(0.,-1.,0.));
#3107=DIRECTION('',(0.,0.,1.));
#3108=DIRECTION('',(-1.,0.,0.));
#3109=DIRECTION('',(0.,0.,1.));
#3110=DIRECTION('',(-1.,0.,0.));
#3111=DIRECTION('',(0.,0.,-1.));
#3112=DIRECTION('',(-1.,0.,0.));
#3113=DIRECTION('',(0.,0.,1.));
#3114=DIRECTION('',(0.,0.,1.));
#3115=DIRECTION('',(0.,1.,0.));
#3116=DIRECTION('',(0.,0.,1.));
#3117=DIRECTION('',(0.,0.,-1.));
#3118=DIRECTION('',(0.,-1.,0.));
#3119=DIRECTION('',(0.,0.,1.));
#3120=DIRECTION('',(0.,0.,-1.));
#3121=DIRECTION('',(1.,0.,0.));
#3122=DIRECTION('',(0.,0.,-1.));
#3123=DIRECTION('',(0.,0.,-1.));
#3124=DIRECTION('',(-1.,0.,0.));
#3125=DIRECTION('',(0.,0.,-1.));
#3126=DIRECTION('',(-1.,0.,0.));
#3127=DIRECTION('',(-1.,0.,0.));
#3128=DIRECTION('',(0.,-1.,0.));
#3129=DIRECTION('',(-1.,0.,0.));
#3130=DIRECTION('',(0.,-1.,0.));
#3131=DIRECTION('',(0.,0.,1.));
#3132=DIRECTION('',(-1.,0.,0.));
#3133=DIRECTION('',(0.,0.,1.));
#3134=DIRECTION('',(-1.,0.,0.));
#3135=DIRECTION('',(0.,0.,-1.));
#3136=DIRECTION('',(-1.,0.,0.));
#3137=DIRECTION('',(0.,0.,1.));
#3138=DIRECTION('',(0.,0.,1.));
#3139=DIRECTION('',(0.,1.,0.));
#3140=DIRECTION('',(0.,0.,1.));
#3141=DIRECTION('',(0.,0.,1.));
#3142=DIRECTION('',(0.,-1.,0.));
#3143=DIRECTION('',(0.,0.,1.));
#3144=DIRECTION('',(0.,0.,-1.));
#3145=DIRECTION('',(1.,0.,0.));
#3146=DIRECTION('',(0.,0.,-1.));
#3147=DIRECTION('',(0.,0.,-1.));
#3148=DIRECTION('',(1.,0.,0.));
#3149=DIRECTION('',(0.,-1.,0.));
#3150=DIRECTION('',(0.,0.,-1.));
#3151=DIRECTION('',(0.,0.,-1.));
#3152=DIRECTION('',(-1.,0.,0.));
#3153=DIRECTION('',(0.,0.,-1.));
#3154=DIRECTION('',(-1.,0.,0.));
#3155=DIRECTION('',(0.,-1.,0.));
#3156=DIRECTION('',(-1.,0.,0.));
#3157=DIRECTION('',(0.,-1.,0.));
#3158=DIRECTION('',(0.,0.,1.));
#3159=DIRECTION('',(-1.,0.,0.));
#3160=DIRECTION('',(0.,0.,1.));
#3161=DIRECTION('',(-1.,0.,0.));
#3162=DIRECTION('',(0.,0.,-1.));
#3163=DIRECTION('',(-1.,0.,0.));
#3164=DIRECTION('',(0.,0.,1.));
#3165=DIRECTION('',(0.,0.,1.));
#3166=DIRECTION('',(0.,1.,0.));
#3167=DIRECTION('',(0.,0.,1.));
#3168=DIRECTION('',(0.,0.,-1.));
#3169=DIRECTION('',(0.,0.,-1.));
#3170=DIRECTION('',(1.,0.,0.));
#3171=DIRECTION('',(0.,0.,-1.));
#3172=DIRECTION('',(0.,0.,-1.));
#3173=DIRECTION('',(-1.,0.,0.));
#3174=DIRECTION('',(0.,0.,-1.));
#3175=DIRECTION('',(0.,0.,-1.));
#3176=DIRECTION('',(-1.,0.,0.));
#3177=DIRECTION('',(0.,0.,-1.));
#3178=DIRECTION('',(0.,0.,-1.));
#3179=DIRECTION('',(-1.,0.,0.));
#3180=DIRECTION('',(0.,0.,-1.));
#3181=DIRECTION('',(0.,0.,-1.));
#3182=DIRECTION('',(-1.,0.,0.));
#3183=DIRECTION('',(0.,0.,-1.));
#3184=DIRECTION('',(0.,0.,-1.));
#3185=DIRECTION('',(-1.,0.,0.));
#3186=DIRECTION('',(0.,0.,-1.));
#3187=DIRECTION('',(1.,0.,0.));
#3188=DIRECTION('',(0.,0.,1.));
#3189=DIRECTION('',(0.,0.,-1.));
#3190=DIRECTION('',(0.,1.,0.));
#3191=DIRECTION('',(0.,0.,1.));
#3192=DIRECTION('',(0.,0.,-1.));
#3193=DIRECTION('',(0.,0.,-1.));
#3194=DIRECTION('',(-1.,0.,0.));
#3195=DIRECTION('',(0.,0.,-1.));
#3196=DIRECTION('',(-1.,0.,0.));
#3197=DIRECTION('',(0.,0.,1.));
#3198=DIRECTION('',(1.,0.,0.));
#3199=DIRECTION('',(0.,-1.,0.));
#3200=DIRECTION('',(0.,0.,-1.));
#3201=DIRECTION('',(0.,0.,-1.));
#3202=DIRECTION('',(-1.,0.,0.));
#3203=DIRECTION('',(0.,0.,-1.));
#3204=DIRECTION('',(-1.,0.,0.));
#3205=DIRECTION('',(0.,0.,-1.));
#3206=DIRECTION('',(-1.,0.,0.));
#3207=DIRECTION('',(0.,0.,-1.));
#3208=DIRECTION('',(0.,0.,-1.));
#3209=DIRECTION('',(-1.,0.,0.));
#3210=DIRECTION('',(0.,1.,0.));
#3211=DIRECTION('',(0.,0.,1.));
#3212=DIRECTION('',(0.,0.,-1.));
#3213=DIRECTION('',(-1.,0.,0.));
#3214=DIRECTION('',(0.,0.,1.));
#3215=DIRECTION('',(0.,0.,-1.));
#3216=DIRECTION('',(-1.,0.,0.));
#3217=DIRECTION('',(0.,0.,-1.));
#3218=DIRECTION('',(-1.,0.,0.));
#3219=DIRECTION('',(0.,1.,0.));
#3220=DIRECTION('',(-1.,0.,0.));
#3221=DIRECTION('',(0.,1.,0.));
#3222=DIRECTION('',(1.,0.,0.));
#3223=DIRECTION('',(0.,0.,1.));
#3224=DIRECTION('',(-1.,0.,0.));
#3225=DIRECTION('',(0.,0.,-1.));
#3226=DIRECTION('',(-1.,0.,0.));
#3227=DIRECTION('',(0.,1.,0.));
#3228=DIRECTION('',(0.,0.,1.));
#3229=DIRECTION('',(0.,0.,1.));
#3230=DIRECTION('',(0.,0.,1.));
#3231=DIRECTION('',(0.,0.,-1.));
#3232=DIRECTION('',(-1.,0.,0.));
#3233=DIRECTION('',(0.,0.,1.));
#3234=DIRECTION('',(0.,0.,-1.));
#3235=DIRECTION('',(-1.,0.,0.));
#3236=DIRECTION('',(0.,0.,-1.));
#3237=DIRECTION('',(-1.,0.,0.));
#3238=DIRECTION('',(0.,1.,0.));
#3239=DIRECTION('',(-1.,0.,0.));
#3240=DIRECTION('',(0.,1.,0.));
#3241=DIRECTION('',(1.,0.,0.));
#3242=DIRECTION('',(0.,0.,1.));
#3243=DIRECTION('',(-1.,0.,0.));
#3244=DIRECTION('',(0.,0.,-1.));
#3245=DIRECTION('',(-1.,0.,0.));
#3246=DIRECTION('',(0.,0.,1.));
#3247=DIRECTION('',(0.,0.,1.));
#3248=DIRECTION('',(0.,0.,-1.));
#3249=DIRECTION('',(0.,1.,0.));
#3250=DIRECTION('',(0.,0.,1.));
#3251=DIRECTION('',(-1.,0.,0.));
#3252=DIRECTION('',(0.,0.,1.));
#3253=DIRECTION('',(0.,0.,-1.));
#3254=DIRECTION('',(0.,1.,0.));
#3255=DIRECTION('',(0.,0.,1.));
#3256=DIRECTION('',(0.,0.,-1.));
#3257=DIRECTION('',(-1.,0.,0.));
#3258=DIRECTION('',(0.,0.,1.));
#3259=DIRECTION('',(0.,0.,1.));
#3260=DIRECTION('',(-1.,0.,0.));
#3261=DIRECTION('',(0.,0.,-1.));
#3262=DIRECTION('',(-1.,0.,0.));
#3263=DIRECTION('',(0.,1.,0.));
#3264=DIRECTION('',(0.,0.,1.));
#3265=DIRECTION('',(0.,0.,1.));
#3266=DIRECTION('',(0.,1.,0.));
#3267=DIRECTION('',(0.,0.,-1.));
#3268=DIRECTION('',(-1.,0.,0.));
#3269=DIRECTION('',(0.,0.,1.));
#3270=DIRECTION('',(0.,0.,-1.));
#3271=DIRECTION('',(-1.,0.,0.));
#3272=DIRECTION('',(0.,0.,-1.));
#3273=DIRECTION('',(-1.,0.,0.));
#3274=DIRECTION('',(0.,1.,0.));
#3275=DIRECTION('',(-1.,0.,0.));
#3276=DIRECTION('',(0.,1.,0.));
#3277=DIRECTION('',(1.,0.,0.));
#3278=DIRECTION('',(0.,0.,1.));
#3279=DIRECTION('',(-1.,0.,0.));
#3280=DIRECTION('',(0.,0.,-1.));
#3281=DIRECTION('',(-1.,0.,0.));
#3282=DIRECTION('',(0.,0.,1.));
#3283=DIRECTION('',(0.,0.,1.));
#3284=DIRECTION('',(0.,0.,-1.));
#3285=DIRECTION('',(-1.,0.,0.));
#3286=DIRECTION('',(0.,0.,1.));
#3287=DIRECTION('',(0.,0.,-1.));
#3288=DIRECTION('',(0.,1.,0.));
#3289=DIRECTION('',(0.,0.,1.));
#3290=DIRECTION('',(0.,0.,-1.));
#3291=DIRECTION('',(-1.,0.,0.));
#3292=DIRECTION('',(0.,0.,-1.));
#3293=DIRECTION('',(-1.,0.,0.));
#3294=DIRECTION('',(0.,0.,1.));
#3295=DIRECTION('',(0.,-1.,0.));
#3296=DIRECTION('',(0.,0.,-1.));
#3297=DIRECTION('',(0.,0.,-1.));
#3298=DIRECTION('',(-1.,0.,0.));
#3299=DIRECTION('',(0.,1.,0.));
#3300=DIRECTION('',(0.,0.,1.));
#3301=DIRECTION('',(0.,0.,-1.));
#3302=DIRECTION('',(-1.,0.,0.));
#3303=DIRECTION('',(0.,0.,-1.));
#3304=DIRECTION('',(-1.,0.,0.));
#3305=DIRECTION('',(0.,1.,0.));
#3306=DIRECTION('',(-1.,0.,0.));
#3307=DIRECTION('',(0.,0.,-1.));
#3308=DIRECTION('',(-1.,0.,0.));
#3309=DIRECTION('',(0.,0.,1.));
#3310=DIRECTION('',(0.,-1.,0.));
#3311=DIRECTION('',(0.,0.,-1.));
#3312=DIRECTION('',(0.,0.,-1.));
#3313=DIRECTION('',(0.,1.,0.));
#3314=DIRECTION('',(0.,0.,1.));
#3315=DIRECTION('',(0.,0.,-1.));
#3316=DIRECTION('',(-1.,0.,0.));
#3317=DIRECTION('',(0.,0.,1.));
#3318=DIRECTION('',(0.,-1.,0.));
#3319=DIRECTION('',(0.,0.,-1.));
#3320=DIRECTION('',(0.,0.,-1.));
#3321=DIRECTION('',(0.,0.,1.));
#3322=DIRECTION('',(-1.,0.,0.));
#3323=DIRECTION('',(0.,0.,1.));
#3324=DIRECTION('',(0.,0.,1.));
#3325=DIRECTION('',(0.,0.,-1.));
#3326=DIRECTION('',(-1.,0.,0.));
#3327=DIRECTION('',(0.,0.,-1.));
#3328=DIRECTION('',(1.,0.,0.));
#3329=DIRECTION('',(0.,0.,-1.));
#3330=DIRECTION('',(0.,0.,-1.));
#3331=DIRECTION('',(-1.,0.,0.));
#3332=DIRECTION('',(0.,0.,-1.));
#3333=DIRECTION('',(0.,0.,1.));
#3334=DIRECTION('',(-1.,0.,0.));
#3335=DIRECTION('',(0.,0.,1.));
#3336=DIRECTION('',(0.,0.,1.));
#3337=DIRECTION('',(0.,0.,-1.));
#3338=DIRECTION('',(-1.,0.,0.));
#3339=DIRECTION('',(0.,0.,-1.));
#3340=DIRECTION('',(1.,0.,0.));
#3341=DIRECTION('',(0.,0.,-1.));
#3342=DIRECTION('',(0.,0.,-1.));
#3343=DIRECTION('',(-1.,0.,0.));
#3344=DIRECTION('',(0.,0.,-1.));
#3345=DIRECTION('',(0.,0.,1.));
#3346=DIRECTION('',(-1.,0.,0.));
#3347=DIRECTION('',(0.,0.,1.));
#3348=DIRECTION('',(0.,0.,1.));
#3349=DIRECTION('',(0.,0.,-1.));
#3350=DIRECTION('',(-1.,0.,0.));
#3351=DIRECTION('',(0.,0.,-1.));
#3352=DIRECTION('',(1.,0.,0.));
#3353=DIRECTION('',(0.,0.,-1.));
#3354=DIRECTION('',(0.,0.,-1.));
#3355=DIRECTION('',(-1.,0.,0.));
#3356=DIRECTION('',(0.,0.,-1.));
#3357=DIRECTION('',(0.,0.,-1.));
#3358=DIRECTION('',(0.,0.,-1.));
#3359=DIRECTION('',(-1.,0.,0.));
#3360=DIRECTION('',(0.,0.,-1.));
#3361=DIRECTION('',(0.,0.,-1.));
#3362=DIRECTION('',(0.,0.,-1.));
#3363=DIRECTION('',(-1.,0.,0.));
#3364=DIRECTION('',(0.,0.,-1.));
#3365=DIRECTION('',(0.,0.,-1.));
#3366=DIRECTION('',(0.,0.,-1.));
#3367=DIRECTION('',(-1.,0.,0.));
#3368=DIRECTION('',(0.,0.,-1.));
#3369=DIRECTION('',(0.,0.,-1.));
#3370=DIRECTION('',(0.,0.,-1.));
#3371=DIRECTION('',(-1.,0.,0.));
#3372=DIRECTION('',(-0.999999996314049,8.58597788584573E-5,0.));
#3373=DIRECTION('',(8.58597788665942E-5,0.999999996314049,0.));
#3374=DIRECTION('',(-0.999999996314049,8.58597788665899E-5,0.));
#3375=DIRECTION('',(0.,0.,-1.));
#3376=DIRECTION('',(-1.,0.,0.));
#3377=DIRECTION('',(0.,0.,-1.));
#3378=DIRECTION('',(-1.,0.,0.));
#3379=DIRECTION('',(0.,0.,-1.));
#3380=DIRECTION('',(-1.,0.,0.));
#3381=DIRECTION('',(0.,0.,-1.));
#3382=DIRECTION('',(-1.,0.,0.));
#3383=DIRECTION('',(0.,0.,-1.));
#3384=DIRECTION('',(-1.,0.,0.));
#3385=DIRECTION('',(0.,0.,-1.));
#3386=DIRECTION('',(-1.,0.,0.));
#3387=DIRECTION('',(0.,0.,-1.));
#3388=DIRECTION('',(-1.,0.,0.));
#3389=DIRECTION('',(0.,0.,-1.));
#3390=DIRECTION('',(-1.,0.,0.));
#3391=DIRECTION('',(0.,0.,-1.));
#3392=DIRECTION('',(-1.,0.,0.));
#3393=CARTESIAN_POINT('',(0.,0.,0.));
#3394=CARTESIAN_POINT('',(107.269832513112,82.221500396726,-0.41148));
#3395=CARTESIAN_POINT('',(107.269832513112,82.221500396726,0.));
#3396=CARTESIAN_POINT('',(107.269832513112,82.221500396726,-0.41148));
#3397=CARTESIAN_POINT('',(107.226490775,82.846507239045,0.));
#3398=CARTESIAN_POINT('',(107.22799682617,82.2200012207029,0.));
#3399=CARTESIAN_POINT('',(107.22799682617,82.2200012207028,-0.41148));
#3400=CARTESIAN_POINT('',(107.22799682617,82.2200012207029,-0.41148));
#3401=CARTESIAN_POINT('',(107.226490775,82.846507239045,-0.41148));
#3402=CARTESIAN_POINT('',(107.226490775,82.846507239045,-0.41148));
#3403=CARTESIAN_POINT('',(107.290997695921,82.221500396726,0.));
#3404=CARTESIAN_POINT('',(107.290997695921,82.221500396726,0.));
#3405=CARTESIAN_POINT('',(83.319000244141,82.221500396726,-0.41148));
#3406=CARTESIAN_POINT('',(89.7672482973461,82.221500396721,-0.41148));
#3407=CARTESIAN_POINT('',(89.7672481792783,82.221500396726,-0.41148));
#3408=CARTESIAN_POINT('',(89.7672485303101,82.2215003966959,0.));
#3409=CARTESIAN_POINT('',(107.290997695921,82.221500396726,0.));
#3410=CARTESIAN_POINT('',(83.8909976959206,82.221500396726,0.));
#3411=CARTESIAN_POINT('',(83.8909976959206,82.221500396726,39.5747394179671));
#3412=CARTESIAN_POINT('',(83.8909976959206,82.221500396726,-1.60148));
#3413=CARTESIAN_POINT('',(107.290997695921,82.221500396726,-1.60148));
#3414=CARTESIAN_POINT('',(107.290997695921,82.221500396726,-1.60148));
#3415=CARTESIAN_POINT('',(107.290997695921,82.221500396726,39.5747394179671));
#3416=CARTESIAN_POINT('',(107.290997695921,82.221500396726,39.5747394179671));
#3417=CARTESIAN_POINT('',(107.890997695921,92.48606458,0.));
#3418=CARTESIAN_POINT('',(107.890997695921,92.48606458,0.));
#3419=CARTESIAN_POINT('',(105.590997695921,92.48606458,0.));
#3420=CARTESIAN_POINT('',(105.590997695921,93.88606458,0.));
#3421=CARTESIAN_POINT('',(105.590997695921,93.88606458,0.));
#3422=CARTESIAN_POINT('',(107.890997695921,93.88606458,0.));
#3423=CARTESIAN_POINT('',(107.890997695921,93.88606458,0.));
#3424=CARTESIAN_POINT('',(107.890997695921,112.621500396726,0.));
#3425=CARTESIAN_POINT('',(107.890997695921,95.02606458,0.));
#3426=CARTESIAN_POINT('',(107.890997695921,95.02606458,0.));
#3427=CARTESIAN_POINT('',(105.590997695921,95.02606458,0.));
#3428=CARTESIAN_POINT('',(105.590997695921,96.42606458,0.));
#3429=CARTESIAN_POINT('',(105.590997695921,96.42606458,0.));
#3430=CARTESIAN_POINT('',(107.890997695921,96.42606458,0.));
#3431=CARTESIAN_POINT('',(107.890997695921,96.42606458,0.));
#3432=CARTESIAN_POINT('',(107.890997695921,112.621500396726,0.));
#3433=CARTESIAN_POINT('',(107.890997695921,97.56606458,0.));
#3434=CARTESIAN_POINT('',(107.890997695921,97.56606458,0.));
#3435=CARTESIAN_POINT('',(105.590997695921,97.56606458,0.));
#3436=CARTESIAN_POINT('',(105.590997695921,98.96606458,0.));
#3437=CARTESIAN_POINT('',(105.590997695921,98.96606458,0.));
#3438=CARTESIAN_POINT('',(107.890997695921,98.96606458,0.));
#3439=CARTESIAN_POINT('',(107.890997695921,98.96606458,0.));
#3440=CARTESIAN_POINT('',(107.890997695921,112.621500396726,0.));
#3441=CARTESIAN_POINT('',(107.890997695921,112.621500396726,0.));
#3442=CARTESIAN_POINT('',(107.290997695921,112.621500396726,0.));
#3443=CARTESIAN_POINT('',(107.290997695921,113.221500396726,0.));
#3444=CARTESIAN_POINT('',(107.290997695921,113.221500396726,0.));
#3445=CARTESIAN_POINT('',(107.253454938799,113.221500396726,0.));
#3446=CARTESIAN_POINT('',(107.22818000394,112.59719447236,0.));
#3447=CARTESIAN_POINT('',(107.232002257821,113.222000122067,0.));
#3448=CARTESIAN_POINT('',(83.319000244141,113.22200012207,0.));
#3449=CARTESIAN_POINT('',(83.963996887207,113.22200012207,0.));
#3450=CARTESIAN_POINT('',(83.965514894137,112.59548374089,0.));
#3451=CARTESIAN_POINT('',(83.9404504404035,113.221500396726,0.));
#3452=CARTESIAN_POINT('',(107.290997695921,113.221500396726,0.));
#3453=CARTESIAN_POINT('',(83.8909976959206,113.221500396726,0.));
#3454=CARTESIAN_POINT('',(83.8909976959206,112.621500396726,0.));
#3455=CARTESIAN_POINT('',(83.2909976959206,112.621500396726,0.));
#3456=CARTESIAN_POINT('',(83.2909976959206,112.621500396726,0.));
#3457=CARTESIAN_POINT('',(83.2909976959206,98.96606458,0.));
#3458=CARTESIAN_POINT('',(83.2909976959206,98.96606458,0.));
#3459=CARTESIAN_POINT('',(85.5909976959206,98.96606458,0.));
#3460=CARTESIAN_POINT('',(85.5909976959206,98.96606458,0.));
#3461=CARTESIAN_POINT('',(85.5909976959206,97.56606458,0.));
#3462=CARTESIAN_POINT('',(83.2909976959206,97.56606458,0.));
#3463=CARTESIAN_POINT('',(83.2909976959206,97.56606458,0.));
#3464=CARTESIAN_POINT('',(83.2909976959206,112.621500396726,0.));
#3465=CARTESIAN_POINT('',(83.2909976959206,96.42606458,0.));
#3466=CARTESIAN_POINT('',(83.2909976959206,96.42606458,0.));
#3467=CARTESIAN_POINT('',(85.5909976959206,96.42606458,0.));
#3468=CARTESIAN_POINT('',(85.5909976959206,96.42606458,0.));
#3469=CARTESIAN_POINT('',(85.5909976959206,95.02606458,0.));
#3470=CARTESIAN_POINT('',(83.2909976959206,95.02606458,0.));
#3471=CARTESIAN_POINT('',(83.2909976959206,95.02606458,0.));
#3472=CARTESIAN_POINT('',(83.2909976959206,112.621500396726,0.));
#3473=CARTESIAN_POINT('',(83.2909976959206,93.88606458,0.));
#3474=CARTESIAN_POINT('',(83.2909976959206,93.88606458,0.));
#3475=CARTESIAN_POINT('',(85.5909976959206,93.88606458,0.));
#3476=CARTESIAN_POINT('',(85.5909976959206,93.88606458,0.));
#3477=CARTESIAN_POINT('',(85.5909976959206,92.48606458,0.));
#3478=CARTESIAN_POINT('',(83.2909976959206,92.48606458,0.));
#3479=CARTESIAN_POINT('',(83.2909976959206,92.48606458,0.));
#3480=CARTESIAN_POINT('',(83.2909976959206,112.621500396726,0.));
#3481=CARTESIAN_POINT('',(83.2909976959205,91.34606458,0.));
#3482=CARTESIAN_POINT('',(83.2909976959205,91.34606458,0.));
#3483=CARTESIAN_POINT('',(85.5909976959205,91.34606458,0.));
#3484=CARTESIAN_POINT('',(85.5909976959205,91.34606458,0.));
#3485=CARTESIAN_POINT('',(85.5909976959205,89.94606458,0.));
#3486=CARTESIAN_POINT('',(83.2909976959205,89.94606458,0.));
#3487=CARTESIAN_POINT('',(83.2909976959205,89.94606458,0.));
#3488=CARTESIAN_POINT('',(83.2909976959206,112.621500396726,0.));
#3489=CARTESIAN_POINT('',(83.2909976959206,82.821500396726,0.));
#3490=CARTESIAN_POINT('',(83.8909976959206,82.821500396726,0.));
#3491=CARTESIAN_POINT('',(107.22799682617,82.220001220703,0.));
#3492=CARTESIAN_POINT('',(107.290997695921,82.821500396726,0.));
#3493=CARTESIAN_POINT('',(107.890997695921,82.821500396726,0.));
#3494=CARTESIAN_POINT('',(107.890997695921,112.621500396726,0.));
#3495=CARTESIAN_POINT('',(107.890997695921,89.94606458,0.));
#3496=CARTESIAN_POINT('',(107.890997695921,89.94606458,0.));
#3497=CARTESIAN_POINT('',(105.590997695921,89.94606458,0.));
#3498=CARTESIAN_POINT('',(105.590997695921,91.34606458,0.));
#3499=CARTESIAN_POINT('',(105.590997695921,91.34606458,0.));
#3500=CARTESIAN_POINT('',(107.890997695921,91.34606458,0.));
#3501=CARTESIAN_POINT('',(107.890997695921,91.34606458,0.));
#3502=CARTESIAN_POINT('',(107.890997695921,112.621500396726,0.));
#3503=CARTESIAN_POINT('',(87.0909976959206,85.122999572752,0.));
#3504=CARTESIAN_POINT('',(85.9909976959206,85.122999572752,0.));
#3505=CARTESIAN_POINT('',(88.1909976959206,85.122999572752,0.));
#3506=CARTESIAN_POINT('',(87.0909976959206,85.122999572752,0.));
#3507=CARTESIAN_POINT('',(87.0909976959206,110.322999572752,0.));
#3508=CARTESIAN_POINT('',(85.9909976959206,110.322999572752,0.));
#3509=CARTESIAN_POINT('',(88.1909976959206,110.322999572752,0.));
#3510=CARTESIAN_POINT('',(87.0909976959206,110.322999572752,0.));
#3511=CARTESIAN_POINT('',(104.090997695921,85.122999572752,0.));
#3512=CARTESIAN_POINT('',(102.990997695921,85.122999572752,0.));
#3513=CARTESIAN_POINT('',(105.190997695921,85.122999572752,0.));
#3514=CARTESIAN_POINT('',(104.090997695921,85.122999572752,0.));
#3515=CARTESIAN_POINT('',(104.090997695921,110.322999572752,0.));
#3516=CARTESIAN_POINT('',(102.990997695921,110.322999572752,0.));
#3517=CARTESIAN_POINT('',(105.190997695921,110.322999572752,0.));
#3518=CARTESIAN_POINT('',(104.090997695921,110.322999572752,0.));
#3519=CARTESIAN_POINT('',(90.87000114,85.46999924,0.));
#3520=CARTESIAN_POINT('',(90.87000114,85.46999924,0.));
#3521=CARTESIAN_POINT('',(90.87000114,84.87000044,0.));
#3522=CARTESIAN_POINT('',(91.27000034,85.46999924,0.));
#3523=CARTESIAN_POINT('',(91.66999954,85.46999924,0.));
#3524=CARTESIAN_POINT('',(91.66999954,84.87000044,0.));
#3525=CARTESIAN_POINT('',(91.66999954,84.87000044,0.));
#3526=CARTESIAN_POINT('',(91.27000034,84.87000044,0.));
#3527=CARTESIAN_POINT('',(90.97000094,89.9499979,0.));
#3528=CARTESIAN_POINT('',(90.97000094,89.9499979,0.));
#3529=CARTESIAN_POINT('',(90.97000094,88.7500003,0.));
#3530=CARTESIAN_POINT('',(91.27000034,89.9499979,0.));
#3531=CARTESIAN_POINT('',(91.56999974,89.9499979,0.));
#3532=CARTESIAN_POINT('',(91.56999974,88.7500003,0.));
#3533=CARTESIAN_POINT('',(91.56999974,88.7500003,0.));
#3534=CARTESIAN_POINT('',(91.27000034,88.7500003,0.));
#3535=CARTESIAN_POINT('',(99.51000164,85.46999924,0.));
#3536=CARTESIAN_POINT('',(99.51000164,85.46999924,0.));
#3537=CARTESIAN_POINT('',(99.51000164,84.87000044,0.));
#3538=CARTESIAN_POINT('',(99.91000084,85.46999924,0.));
#3539=CARTESIAN_POINT('',(100.31000004,85.46999924,0.));
#3540=CARTESIAN_POINT('',(100.31000004,84.87000044,0.));
#3541=CARTESIAN_POINT('',(100.31000004,84.87000044,0.));
#3542=CARTESIAN_POINT('',(99.91000084,84.87000044,0.));
#3543=CARTESIAN_POINT('',(99.61000144,89.9499979,0.));
#3544=CARTESIAN_POINT('',(99.61000144,89.9499979,0.));
#3545=CARTESIAN_POINT('',(99.61000144,88.7500003,0.));
#3546=CARTESIAN_POINT('',(99.91000084,89.9499979,0.));
#3547=CARTESIAN_POINT('',(100.21000024,89.9499979,0.));
#3548=CARTESIAN_POINT('',(100.21000024,88.7500003,0.));
#3549=CARTESIAN_POINT('',(100.21000024,88.7500003,0.));
#3550=CARTESIAN_POINT('',(99.91000084,88.7500003,0.));
#3551=CARTESIAN_POINT('',(83.319000244141,82.84400177002,0.));
#3552=CARTESIAN_POINT('',(99.61000144,88.7500003,-0.41148));
#3553=CARTESIAN_POINT('',(99.61000144,88.7500003,-1.60148));
#3554=CARTESIAN_POINT('',(99.61000144,89.9499979,-1.60148));
#3555=CARTESIAN_POINT('',(99.61000144,89.9499979,-1.60148));
#3556=CARTESIAN_POINT('',(99.61000144,89.9499979,-0.41148));
#3557=CARTESIAN_POINT('',(99.61000144,89.9499979,-0.41148));
#3558=CARTESIAN_POINT('',(100.21000024,88.7500003,-0.41148));
#3559=CARTESIAN_POINT('',(100.21000024,88.7500003,-1.60148));
#3560=CARTESIAN_POINT('',(99.91000084,88.7500003,-1.60148));
#3561=CARTESIAN_POINT('',(99.91000084,88.7500003,-0.41148));
#3562=CARTESIAN_POINT('',(100.21000024,89.9499979,-0.41148));
#3563=CARTESIAN_POINT('',(100.21000024,89.9499979,-1.60148));
#3564=CARTESIAN_POINT('',(100.21000024,88.7500003,-1.60148));
#3565=CARTESIAN_POINT('',(100.21000024,88.7500003,-0.41148));
#3566=CARTESIAN_POINT('',(99.91000084,89.9499979,-1.60148));
#3567=CARTESIAN_POINT('',(99.91000084,89.9499979,-0.41148));
#3568=CARTESIAN_POINT('',(85.04899932,90.6280001,-1.60148));
#3569=CARTESIAN_POINT('',(85.49899842,90.6280001,-1.60148));
#3570=CARTESIAN_POINT('',(84.59900022,90.6280001,-1.60148));
#3571=CARTESIAN_POINT('',(85.04899932,90.6280001,-1.60148));
#3572=CARTESIAN_POINT('',(85.04899932,95.7080001,-1.60148));
#3573=CARTESIAN_POINT('',(85.49899842,95.7080001,-1.60148));
#3574=CARTESIAN_POINT('',(84.59900022,95.7080001,-1.60148));
#3575=CARTESIAN_POINT('',(85.04899932,95.7080001,-1.60148));
#3576=CARTESIAN_POINT('',(106.1179996,93.18606458,-1.60148));
#3577=CARTESIAN_POINT('',(106.5679987,93.18606458,-1.60148));
#3578=CARTESIAN_POINT('',(105.6680005,93.18606458,-1.60148));
#3579=CARTESIAN_POINT('',(106.1179996,93.18606458,-1.60148));
#3580=CARTESIAN_POINT('',(104.090997695921,85.122999572752,-1.60148));
#3581=CARTESIAN_POINT('',(102.990997695921,85.122999572752,-1.60148));
#3582=CARTESIAN_POINT('',(105.190997695921,85.122999572752,-1.60148));
#3583=CARTESIAN_POINT('',(104.090997695921,85.122999572752,-1.60148));
#3584=CARTESIAN_POINT('',(87.0909976959206,110.322999572752,-1.60148));
#3585=CARTESIAN_POINT('',(85.9909976959206,110.322999572752,-1.60148));
#3586=CARTESIAN_POINT('',(88.1909976959206,110.322999572752,-1.60148));
#3587=CARTESIAN_POINT('',(87.0909976959206,110.322999572752,-1.60148));
#3588=CARTESIAN_POINT('',(106.1179996,98.26606458,-1.60148));
#3589=CARTESIAN_POINT('',(106.5679987,98.26606458,-1.60148));
#3590=CARTESIAN_POINT('',(105.6680005,98.26606458,-1.60148));
#3591=CARTESIAN_POINT('',(106.1179996,98.26606458,-1.60148));
#3592=CARTESIAN_POINT('',(85.04899932,98.2480001,-1.60148));
#3593=CARTESIAN_POINT('',(85.49899842,98.2480001,-1.60148));
#3594=CARTESIAN_POINT('',(84.59900022,98.2480001,-1.60148));
#3595=CARTESIAN_POINT('',(85.04899932,98.2480001,-1.60148));
#3596=CARTESIAN_POINT('',(104.090997695921,110.322999572752,-1.60148));
#3597=CARTESIAN_POINT('',(102.990997695921,110.322999572752,-1.60148));
#3598=CARTESIAN_POINT('',(105.190997695921,110.322999572752,-1.60148));
#3599=CARTESIAN_POINT('',(104.090997695921,110.322999572752,-1.60148));
#3600=CARTESIAN_POINT('',(87.0909976959206,85.122999572752,-1.60148));
#3601=CARTESIAN_POINT('',(85.9909976959206,85.122999572752,-1.60148));
#3602=CARTESIAN_POINT('',(88.1909976959206,85.122999572752,-1.60148));
#3603=CARTESIAN_POINT('',(87.0909976959206,85.122999572752,-1.60148));
#3604=CARTESIAN_POINT('',(106.1179996,95.72606458,-1.60148));
#3605=CARTESIAN_POINT('',(106.5679987,95.72606458,-1.60148));
#3606=CARTESIAN_POINT('',(105.6680005,95.72606458,-1.60148));
#3607=CARTESIAN_POINT('',(106.1179996,95.72606458,-1.60148));
#3608=CARTESIAN_POINT('',(106.1179996,90.64606458,-1.60148));
#3609=CARTESIAN_POINT('',(106.5679987,90.64606458,-1.60148));
#3610=CARTESIAN_POINT('',(105.6680005,90.64606458,-1.60148));
#3611=CARTESIAN_POINT('',(106.1179996,90.64606458,-1.60148));
#3612=CARTESIAN_POINT('',(100.31000004,84.87000044,-1.60148));
#3613=CARTESIAN_POINT('',(100.31000004,85.46999924,-1.60148));
#3614=CARTESIAN_POINT('',(100.31000004,84.87000044,-1.60148));
#3615=CARTESIAN_POINT('',(99.91000084,85.46999924,-1.60148));
#3616=CARTESIAN_POINT('',(99.51000164,85.46999924,-1.60148));
#3617=CARTESIAN_POINT('',(99.51000164,85.46999924,-1.60148));
#3618=CARTESIAN_POINT('',(99.51000164,84.87000044,-1.60148));
#3619=CARTESIAN_POINT('',(99.91000084,84.87000044,-1.60148));
#3620=CARTESIAN_POINT('',(91.66999954,84.87000044,-1.60148));
#3621=CARTESIAN_POINT('',(91.66999954,85.46999924,-1.60148));
#3622=CARTESIAN_POINT('',(91.66999954,84.87000044,-1.60148));
#3623=CARTESIAN_POINT('',(91.27000034,85.46999924,-1.60148));
#3624=CARTESIAN_POINT('',(90.87000114,85.46999924,-1.60148));
#3625=CARTESIAN_POINT('',(90.87000114,85.46999924,-1.60148));
#3626=CARTESIAN_POINT('',(90.87000114,84.87000044,-1.60148));
#3627=CARTESIAN_POINT('',(91.27000034,84.87000044,-1.60148));
#3628=CARTESIAN_POINT('',(91.56999974,88.7500003,-1.60148));
#3629=CARTESIAN_POINT('',(91.56999974,89.9499979,-1.60148));
#3630=CARTESIAN_POINT('',(91.56999974,88.7500003,-1.60148));
#3631=CARTESIAN_POINT('',(91.27000034,89.9499979,-1.60148));
#3632=CARTESIAN_POINT('',(90.97000094,89.9499979,-1.60148));
#3633=CARTESIAN_POINT('',(90.97000094,89.9499979,-1.60148));
#3634=CARTESIAN_POINT('',(90.97000094,88.7500003,-1.60148));
#3635=CARTESIAN_POINT('',(91.27000034,88.7500003,-1.60148));
#3636=CARTESIAN_POINT('',(85.04899932,93.1680001,-1.60148));
#3637=CARTESIAN_POINT('',(85.49899842,93.1680001,-1.60148));
#3638=CARTESIAN_POINT('',(84.59900022,93.1680001,-1.60148));
#3639=CARTESIAN_POINT('',(85.04899932,93.1680001,-1.60148));
#3640=CARTESIAN_POINT('',(107.890997695921,98.26606458,-1.60148));
#3641=CARTESIAN_POINT('',(107.890997695921,97.86606458,-1.60148));
#3642=CARTESIAN_POINT('',(107.490997695921,98.26606458,-1.60148));
#3643=CARTESIAN_POINT('',(107.890997695921,112.621500396726,-1.60148));
#3644=CARTESIAN_POINT('',(107.890997695921,96.12606458,-1.60148));
#3645=CARTESIAN_POINT('',(107.890997695921,95.72606458,-1.60148));
#3646=CARTESIAN_POINT('',(107.490997695921,95.72606458,-1.60148));
#3647=CARTESIAN_POINT('',(107.890997695921,95.72606458,-1.60148));
#3648=CARTESIAN_POINT('',(107.890997695921,95.32606458,-1.60148));
#3649=CARTESIAN_POINT('',(107.890997695921,112.621500396726,-1.60148));
#3650=CARTESIAN_POINT('',(107.890997695921,93.58606458,-1.60148));
#3651=CARTESIAN_POINT('',(107.890997695921,93.18606458,-1.60148));
#3652=CARTESIAN_POINT('',(107.490997695921,93.18606458,-1.60148));
#3653=CARTESIAN_POINT('',(107.890997695921,93.18606458,-1.60148));
#3654=CARTESIAN_POINT('',(107.890997695921,92.78606458,-1.60148));
#3655=CARTESIAN_POINT('',(107.890997695921,112.621500396726,-1.60148));
#3656=CARTESIAN_POINT('',(107.890997695921,91.04606458,-1.60148));
#3657=CARTESIAN_POINT('',(107.890997695921,90.64606458,-1.60148));
#3658=CARTESIAN_POINT('',(107.490997695921,90.64606458,-1.60148));
#3659=CARTESIAN_POINT('',(107.890997695921,90.64606458,-1.60148));
#3660=CARTESIAN_POINT('',(107.890997695921,90.24606458,-1.60148));
#3661=CARTESIAN_POINT('',(107.890997695921,112.621500396726,-1.60148));
#3662=CARTESIAN_POINT('',(107.890997695921,82.821500396726,-1.60148));
#3663=CARTESIAN_POINT('',(107.290997695921,82.821500396726,-1.60148));
#3664=CARTESIAN_POINT('',(83.8909976959206,82.821500396726,-1.60148));
#3665=CARTESIAN_POINT('',(83.2909976959206,82.821500396726,-1.60148));
#3666=CARTESIAN_POINT('',(83.2909976959206,112.621500396726,-1.60148));
#3667=CARTESIAN_POINT('',(83.2909976959206,90.2280001,-1.60148));
#3668=CARTESIAN_POINT('',(83.2909976959206,90.6280001,-1.60148));
#3669=CARTESIAN_POINT('',(83.2909976959206,91.0280001,-1.60148));
#3670=CARTESIAN_POINT('',(83.2909976959206,112.621500396726,-1.60148));
#3671=CARTESIAN_POINT('',(83.2909976959206,92.7680001,-1.60148));
#3672=CARTESIAN_POINT('',(83.2909976959206,93.1680001,-1.60148));
#3673=CARTESIAN_POINT('',(83.2909976959206,93.5680001,-1.60148));
#3674=CARTESIAN_POINT('',(83.2909976959206,112.621500396726,-1.60148));
#3675=CARTESIAN_POINT('',(83.2909976959206,95.3080001,-1.60148));
#3676=CARTESIAN_POINT('',(83.2909976959206,95.7080001,-1.60148));
#3677=CARTESIAN_POINT('',(83.2909976959206,96.1080001,-1.60148));
#3678=CARTESIAN_POINT('',(83.2909976959206,112.621500396726,-1.60148));
#3679=CARTESIAN_POINT('',(83.2909976959206,97.8480001,-1.60148));
#3680=CARTESIAN_POINT('',(83.2909976959206,98.2480001,-1.60148));
#3681=CARTESIAN_POINT('',(83.2909976959206,98.6480001,-1.60148));
#3682=CARTESIAN_POINT('',(83.2909976959206,112.621500396726,-1.60148));
#3683=CARTESIAN_POINT('',(83.2909976959206,112.621500396726,-1.60148));
#3684=CARTESIAN_POINT('',(83.8909976959206,112.621500396726,-1.60148));
#3685=CARTESIAN_POINT('',(83.8909976959206,113.221500396726,-1.60148));
#3686=CARTESIAN_POINT('',(107.290997695921,113.221500396726,-1.60148));
#3687=CARTESIAN_POINT('',(107.290997695921,113.221500396726,-1.60148));
#3688=CARTESIAN_POINT('',(107.290997695921,112.621500396726,-1.60148));
#3689=CARTESIAN_POINT('',(107.890997695921,112.621500396726,-1.60148));
#3690=CARTESIAN_POINT('',(107.890997695921,112.621500396726,-1.60148));
#3691=CARTESIAN_POINT('',(107.890997695921,98.66606458,-1.60148));
#3692=CARTESIAN_POINT('',(107.890997695921,98.26606458,-1.60148));
#3693=CARTESIAN_POINT('',(107.290997695921,82.821500396726,-1.60148));
#3694=CARTESIAN_POINT('',(107.490997695921,98.26606458,8.39852));
#3695=CARTESIAN_POINT('',(107.490997695921,98.26606458,-0.00999999999999959));
#3696=CARTESIAN_POINT('',(107.890997695921,98.26606458,-0.00999999999999959));
#3697=CARTESIAN_POINT('',(107.890997695921,97.86606458,-0.00999999999999959));
#3698=CARTESIAN_POINT('',(107.890997695921,97.86606458,8.39852));
#3699=CARTESIAN_POINT('',(107.890997695921,98.26606458,8.39852));
#3700=CARTESIAN_POINT('',(107.890997695921,98.96606458,-0.01));
#3701=CARTESIAN_POINT('',(107.890997695921,98.96606458,-0.01));
#3702=CARTESIAN_POINT('',(107.890997695921,98.96606458,-0.01));
#3703=CARTESIAN_POINT('',(107.890997695921,98.66606458,-0.00999999999999959));
#3704=CARTESIAN_POINT('',(107.890997695921,98.66606458,8.39852));
#3705=CARTESIAN_POINT('',(107.890997695921,112.621500396726,39.5747394179671));
#3706=CARTESIAN_POINT('',(107.890997695921,112.621500396726,39.5747394179671));
#3707=CARTESIAN_POINT('',(105.590997695921,98.96606458,-0.01));
#3708=CARTESIAN_POINT('',(105.590997695921,98.96606458,-0.01));
#3709=CARTESIAN_POINT('',(107.890997695921,98.96606458,-0.01));
#3710=CARTESIAN_POINT('',(107.890997695921,98.96606458,-0.01));
#3711=CARTESIAN_POINT('',(106.1179996,98.26606458,-0.01));
#3712=CARTESIAN_POINT('',(106.5679987,98.26606458,-0.01));
#3713=CARTESIAN_POINT('',(105.6680005,98.26606458,-0.01));
#3714=CARTESIAN_POINT('',(106.1179996,98.26606458,-0.01));
#3715=CARTESIAN_POINT('',(105.590997695921,98.96606458,-0.01));
#3716=CARTESIAN_POINT('',(105.590997695921,97.56606458,-0.01));
#3717=CARTESIAN_POINT('',(107.890997695921,97.56606458,-0.01));
#3718=CARTESIAN_POINT('',(107.890997695921,97.56606458,-0.01));
#3719=CARTESIAN_POINT('',(107.890997695921,98.96606458,-0.01));
#3720=CARTESIAN_POINT('',(107.890997695921,98.26606458,-0.00999999999999959));
#3721=CARTESIAN_POINT('',(0.,0.,-0.01));
#3722=CARTESIAN_POINT('',(107.890997695921,97.56606458,-0.01));
#3723=CARTESIAN_POINT('',(105.590997695921,97.56606458,-0.01));
#3724=CARTESIAN_POINT('',(107.890997695921,97.56606458,-0.01));
#3725=CARTESIAN_POINT('',(107.890997695921,96.42606458,-0.01));
#3726=CARTESIAN_POINT('',(107.890997695921,96.42606458,-0.01));
#3727=CARTESIAN_POINT('',(107.890997695921,96.42606458,-0.01));
#3728=CARTESIAN_POINT('',(107.890997695921,96.12606458,-0.00999999999999959));
#3729=CARTESIAN_POINT('',(107.890997695921,96.12606458,8.39852));
#3730=CARTESIAN_POINT('',(107.890997695921,112.621500396726,39.5747394179671));
#3731=CARTESIAN_POINT('',(105.590997695921,96.42606458,-0.01));
#3732=CARTESIAN_POINT('',(105.590997695921,96.42606458,-0.01));
#3733=CARTESIAN_POINT('',(107.890997695921,96.42606458,-0.01));
#3734=CARTESIAN_POINT('',(107.890997695921,96.42606458,-0.01));
#3735=CARTESIAN_POINT('',(106.1179996,95.72606458,-0.01));
#3736=CARTESIAN_POINT('',(106.5679987,95.72606458,-0.01));
#3737=CARTESIAN_POINT('',(105.6680005,95.72606458,-0.01));
#3738=CARTESIAN_POINT('',(106.1179996,95.72606458,-0.01));
#3739=CARTESIAN_POINT('',(105.590997695921,96.42606458,-0.01));
#3740=CARTESIAN_POINT('',(105.590997695921,95.02606458,-0.01));
#3741=CARTESIAN_POINT('',(107.890997695921,95.02606458,-0.01));
#3742=CARTESIAN_POINT('',(107.890997695921,95.02606458,-0.01));
#3743=CARTESIAN_POINT('',(107.890997695921,96.42606458,-0.01));
#3744=CARTESIAN_POINT('',(107.890997695921,95.32606458,-0.00999999999999959));
#3745=CARTESIAN_POINT('',(107.890997695921,95.72606458,-0.00999999999999959));
#3746=CARTESIAN_POINT('',(107.490997695921,95.72606458,-0.00999999999999959));
#3747=CARTESIAN_POINT('',(107.890997695921,95.72606458,-0.00999999999999959));
#3748=CARTESIAN_POINT('',(0.,0.,-0.01));
#3749=CARTESIAN_POINT('',(107.890997695921,95.02606458,-0.01));
#3750=CARTESIAN_POINT('',(105.590997695921,95.02606458,-0.01));
#3751=CARTESIAN_POINT('',(107.890997695921,95.02606458,-0.01));
#3752=CARTESIAN_POINT('',(107.890997695921,93.88606458,-0.01));
#3753=CARTESIAN_POINT('',(107.890997695921,93.88606458,-0.01));
#3754=CARTESIAN_POINT('',(107.890997695921,93.88606458,-0.01));
#3755=CARTESIAN_POINT('',(107.890997695921,93.58606458,-0.00999999999999959));
#3756=CARTESIAN_POINT('',(107.890997695921,93.58606458,8.39852));
#3757=CARTESIAN_POINT('',(107.890997695921,95.32606458,8.39852));
#3758=CARTESIAN_POINT('',(107.890997695921,112.621500396726,39.5747394179671));
#3759=CARTESIAN_POINT('',(106.1179996,93.18606458,-0.01));
#3760=CARTESIAN_POINT('',(106.5679987,93.18606458,-0.01));
#3761=CARTESIAN_POINT('',(105.6680005,93.18606458,-0.01));
#3762=CARTESIAN_POINT('',(106.1179996,93.18606458,-0.01));
#3763=CARTESIAN_POINT('',(107.890997695921,93.88606458,-0.01));
#3764=CARTESIAN_POINT('',(105.590997695921,93.88606458,-0.01));
#3765=CARTESIAN_POINT('',(105.590997695921,93.88606458,-0.01));
#3766=CARTESIAN_POINT('',(105.590997695921,92.48606458,-0.01));
#3767=CARTESIAN_POINT('',(107.890997695921,92.48606458,-0.01));
#3768=CARTESIAN_POINT('',(107.890997695921,92.48606458,-0.01));
#3769=CARTESIAN_POINT('',(107.890997695921,93.88606458,-0.01));
#3770=CARTESIAN_POINT('',(107.890997695921,92.78606458,-0.00999999999999959));
#3771=CARTESIAN_POINT('',(107.890997695921,93.18606458,-0.00999999999999959));
#3772=CARTESIAN_POINT('',(107.490997695921,93.18606458,-0.00999999999999959));
#3773=CARTESIAN_POINT('',(107.890997695921,93.18606458,-0.00999999999999959));
#3774=CARTESIAN_POINT('',(0.,0.,-0.01));
#3775=CARTESIAN_POINT('',(107.890997695921,92.48606458,-0.01));
#3776=CARTESIAN_POINT('',(105.590997695921,92.48606458,-0.01));
#3777=CARTESIAN_POINT('',(107.890997695921,92.48606458,-0.01));
#3778=CARTESIAN_POINT('',(107.890997695921,91.34606458,-0.01));
#3779=CARTESIAN_POINT('',(107.890997695921,91.34606458,-0.01));
#3780=CARTESIAN_POINT('',(107.890997695921,91.34606458,-0.01));
#3781=CARTESIAN_POINT('',(107.890997695921,91.04606458,-0.00999999999999959));
#3782=CARTESIAN_POINT('',(107.890997695921,91.04606458,8.39852));
#3783=CARTESIAN_POINT('',(107.890997695921,92.78606458,8.39852));
#3784=CARTESIAN_POINT('',(107.890997695921,112.621500396726,39.5747394179671));
#3785=CARTESIAN_POINT('',(105.590997695921,91.34606458,-0.01));
#3786=CARTESIAN_POINT('',(105.590997695921,91.34606458,-0.01));
#3787=CARTESIAN_POINT('',(107.890997695921,91.34606458,-0.01));
#3788=CARTESIAN_POINT('',(107.890997695921,91.34606458,-0.01));
#3789=CARTESIAN_POINT('',(106.1179996,90.64606458,-0.01));
#3790=CARTESIAN_POINT('',(106.5679987,90.64606458,-0.01));
#3791=CARTESIAN_POINT('',(105.6680005,90.64606458,-0.01));
#3792=CARTESIAN_POINT('',(106.1179996,90.64606458,-0.01));
#3793=CARTESIAN_POINT('',(105.590997695921,91.34606458,-0.01));
#3794=CARTESIAN_POINT('',(105.590997695921,89.94606458,-0.01));
#3795=CARTESIAN_POINT('',(107.890997695921,89.94606458,-0.01));
#3796=CARTESIAN_POINT('',(107.890997695921,89.94606458,-0.01));
#3797=CARTESIAN_POINT('',(107.890997695921,91.34606458,-0.01));
#3798=CARTESIAN_POINT('',(107.890997695921,90.24606458,-0.00999999999999959));
#3799=CARTESIAN_POINT('',(107.890997695921,90.64606458,-0.00999999999999959));
#3800=CARTESIAN_POINT('',(107.490997695921,90.64606458,-0.00999999999999959));
#3801=CARTESIAN_POINT('',(107.890997695921,90.64606458,-0.00999999999999959));
#3802=CARTESIAN_POINT('',(0.,0.,-0.01));
#3803=CARTESIAN_POINT('',(107.890997695921,89.94606458,-0.01));
#3804=CARTESIAN_POINT('',(105.590997695921,89.94606458,-0.01));
#3805=CARTESIAN_POINT('',(107.890997695921,89.94606458,-0.01));
#3806=CARTESIAN_POINT('',(107.890997695921,82.821500396726,39.5747394179671));
#3807=CARTESIAN_POINT('',(107.890997695921,90.24606458,8.39852));
#3808=CARTESIAN_POINT('',(107.890997695921,112.621500396726,39.5747394179671));
#3809=CARTESIAN_POINT('',(107.290997695921,82.821500396726,39.5747394179671));
#3810=CARTESIAN_POINT('',(107.490997695921,90.64606458,8.39852));
#3811=CARTESIAN_POINT('',(107.890997695921,90.64606458,8.39852));
#3812=CARTESIAN_POINT('',(107.490997695921,93.18606458,8.39852));
#3813=CARTESIAN_POINT('',(107.890997695921,93.18606458,8.39852));
#3814=CARTESIAN_POINT('',(107.490997695921,95.72606458,8.39852));
#3815=CARTESIAN_POINT('',(107.890997695921,95.72606458,8.39852));
#3816=CARTESIAN_POINT('',(107.290997695921,113.221500396726,39.5747394179671));
#3817=CARTESIAN_POINT('',(107.290997695921,112.621500396726,39.5747394179671));
#3818=CARTESIAN_POINT('',(83.9404504404035,113.221500396726,-0.41148));
#3819=CARTESIAN_POINT('',(83.9404504404035,113.221500396726,-0.41148));
#3820=CARTESIAN_POINT('',(83.319000244141,113.221500396726,-0.41148));
#3821=CARTESIAN_POINT('',(107.253454938799,113.221500396726,-0.41148));
#3822=CARTESIAN_POINT('',(107.253454938799,113.221500396726,-0.41148));
#3823=CARTESIAN_POINT('',(83.8909976959206,113.221500396726,39.5747394179671));
#3824=CARTESIAN_POINT('',(107.290997695921,113.221500396726,39.5747394179671));
#3825=CARTESIAN_POINT('',(83.963996887207,113.22200012207,-0.41148));
#3826=CARTESIAN_POINT('',(83.963996887207,113.22200012207,-0.41148));
#3827=CARTESIAN_POINT('',(83.965514894137,112.59548374089,-0.41148));
#3828=CARTESIAN_POINT('',(83.965514894137,112.59548374089,-0.41148));
#3829=CARTESIAN_POINT('',(107.2320022583,113.222000122064,-0.41148));
#3830=CARTESIAN_POINT('',(107.232002257821,113.222000122067,-0.41148));
#3831=CARTESIAN_POINT('',(83.319000244141,113.22200012207,-0.41148));
#3832=CARTESIAN_POINT('',(107.2320022583,113.22200012207,-0.41148));
#3833=CARTESIAN_POINT('',(107.22818000394,112.59719447236,-0.41148));
#3834=CARTESIAN_POINT('',(107.22818000394,112.59719447236,-0.41148));
#3835=CARTESIAN_POINT('',(83.319000244141,82.84400177002,-0.41148));
#3836=CARTESIAN_POINT('',(83.2909976959206,112.621500396726,39.5747394179671));
#3837=CARTESIAN_POINT('',(83.8909976959206,112.621500396726,39.5747394179671));
#3838=CARTESIAN_POINT('',(83.2909976959206,98.96606458,-0.01));
#3839=CARTESIAN_POINT('',(83.2909976959206,98.6480001,-0.00999999999999959));
#3840=CARTESIAN_POINT('',(83.2909976959206,98.96606458,-0.01));
#3841=CARTESIAN_POINT('',(83.2909976959206,98.96606458,-0.01));
#3842=CARTESIAN_POINT('',(83.2909976959206,98.6480001,8.39852));
#3843=CARTESIAN_POINT('',(83.2909976959206,112.621500396726,39.5747394179671));
#3844=CARTESIAN_POINT('',(85.04899932,98.2480001,-0.01));
#3845=CARTESIAN_POINT('',(85.49899842,98.2480001,-0.01));
#3846=CARTESIAN_POINT('',(84.59900022,98.2480001,-0.01));
#3847=CARTESIAN_POINT('',(85.04899932,98.2480001,-0.01));
#3848=CARTESIAN_POINT('',(83.2909976959206,98.96606458,-0.01));
#3849=CARTESIAN_POINT('',(83.2909976959206,97.56606458,-0.01));
#3850=CARTESIAN_POINT('',(83.2909976959206,97.8480001,-0.00999999999999959));
#3851=CARTESIAN_POINT('',(83.2909976959206,97.56606458,-0.01));
#3852=CARTESIAN_POINT('',(85.5909976959206,97.56606458,-0.01));
#3853=CARTESIAN_POINT('',(85.5909976959206,98.96606458,-0.01));
#3854=CARTESIAN_POINT('',(85.5909976959206,98.96606458,-0.01));
#3855=CARTESIAN_POINT('',(83.2909976959206,98.96606458,-0.01));
#3856=CARTESIAN_POINT('',(83.2909976959206,98.2480001,-0.00999999999999959));
#3857=CARTESIAN_POINT('',(0.,0.,-0.01));
#3858=CARTESIAN_POINT('',(83.2909976959206,96.42606458,-0.01));
#3859=CARTESIAN_POINT('',(83.2909976959206,96.1080001,-0.00999999999999959));
#3860=CARTESIAN_POINT('',(83.2909976959206,96.42606458,-0.01));
#3861=CARTESIAN_POINT('',(83.2909976959206,96.42606458,-0.01));
#3862=CARTESIAN_POINT('',(83.2909976959206,97.56606458,-0.01));
#3863=CARTESIAN_POINT('',(83.2909976959206,97.8480001,8.39852));
#3864=CARTESIAN_POINT('',(83.2909976959206,96.1080001,8.39852));
#3865=CARTESIAN_POINT('',(83.2909976959206,112.621500396726,39.5747394179671));
#3866=CARTESIAN_POINT('',(85.04899932,95.7080001,-0.01));
#3867=CARTESIAN_POINT('',(85.49899842,95.7080001,-0.01));
#3868=CARTESIAN_POINT('',(84.59900022,95.7080001,-0.01));
#3869=CARTESIAN_POINT('',(85.04899932,95.7080001,-0.01));
#3870=CARTESIAN_POINT('',(83.2909976959206,96.42606458,-0.01));
#3871=CARTESIAN_POINT('',(83.2909976959206,95.02606458,-0.01));
#3872=CARTESIAN_POINT('',(83.2909976959206,95.3080001,-0.00999999999999959));
#3873=CARTESIAN_POINT('',(83.2909976959206,95.02606458,-0.01));
#3874=CARTESIAN_POINT('',(85.5909976959206,95.02606458,-0.01));
#3875=CARTESIAN_POINT('',(85.5909976959206,96.42606458,-0.01));
#3876=CARTESIAN_POINT('',(85.5909976959206,96.42606458,-0.01));
#3877=CARTESIAN_POINT('',(83.2909976959206,96.42606458,-0.01));
#3878=CARTESIAN_POINT('',(83.2909976959206,95.7080001,-0.00999999999999959));
#3879=CARTESIAN_POINT('',(0.,0.,-0.01));
#3880=CARTESIAN_POINT('',(83.2909976959206,95.02606458,-0.01));
#3881=CARTESIAN_POINT('',(83.2909976959206,95.3080001,8.39852));
#3882=CARTESIAN_POINT('',(83.2909976959206,93.5680001,8.39852));
#3883=CARTESIAN_POINT('',(83.2909976959206,93.5680001,-0.00999999999999959));
#3884=CARTESIAN_POINT('',(83.2909976959206,93.88606458,-0.01));
#3885=CARTESIAN_POINT('',(83.2909976959206,93.88606458,-0.01));
#3886=CARTESIAN_POINT('',(83.2909976959206,93.88606458,-0.01));
#3887=CARTESIAN_POINT('',(83.2909976959206,112.621500396726,39.5747394179671));
#3888=CARTESIAN_POINT('',(85.5909976959206,95.02606458,-0.01));
#3889=CARTESIAN_POINT('',(83.2909976959206,95.02606458,-0.01));
#3890=CARTESIAN_POINT('',(83.2909976959206,95.7080001,8.39852));
#3891=CARTESIAN_POINT('',(83.2909976959206,92.7680001,8.39852));
#3892=CARTESIAN_POINT('',(83.2909976959206,92.7680001,-0.00999999999999959));
#3893=CARTESIAN_POINT('',(83.2909976959206,93.1680001,-0.00999999999999959));
#3894=CARTESIAN_POINT('',(83.2909976959206,93.1680001,8.39852));
#3895=CARTESIAN_POINT('',(83.2909976959205,91.34606458,-0.01));
#3896=CARTESIAN_POINT('',(83.2909976959206,91.0280001,-0.00999999999999959));
#3897=CARTESIAN_POINT('',(83.2909976959205,91.34606458,-0.01));
#3898=CARTESIAN_POINT('',(83.2909976959205,91.34606458,-0.01));
#3899=CARTESIAN_POINT('',(83.2909976959206,92.48606458,-0.01));
#3900=CARTESIAN_POINT('',(83.2909976959206,92.48606458,-0.01));
#3901=CARTESIAN_POINT('',(83.2909976959206,93.88606458,-0.01));
#3902=CARTESIAN_POINT('',(83.2909976959206,91.0280001,8.39852));
#3903=CARTESIAN_POINT('',(83.2909976959206,112.621500396726,39.5747394179671));
#3904=CARTESIAN_POINT('',(85.04899932,90.6280001,-0.01));
#3905=CARTESIAN_POINT('',(85.49899842,90.6280001,-0.01));
#3906=CARTESIAN_POINT('',(84.59900022,90.6280001,-0.01));
#3907=CARTESIAN_POINT('',(85.04899932,90.6280001,-0.01));
#3908=CARTESIAN_POINT('',(83.2909976959205,91.34606458,-0.01));
#3909=CARTESIAN_POINT('',(83.2909976959205,89.94606458,-0.01));
#3910=CARTESIAN_POINT('',(83.2909976959205,90.2280001,-0.00999999999999959));
#3911=CARTESIAN_POINT('',(83.2909976959205,89.94606458,-0.01));
#3912=CARTESIAN_POINT('',(85.5909976959205,89.94606458,-0.01));
#3913=CARTESIAN_POINT('',(85.5909976959205,91.34606458,-0.01));
#3914=CARTESIAN_POINT('',(85.5909976959205,91.34606458,-0.01));
#3915=CARTESIAN_POINT('',(83.2909976959205,91.34606458,-0.01));
#3916=CARTESIAN_POINT('',(83.2909976959206,90.6280001,-0.00999999999999959));
#3917=CARTESIAN_POINT('',(0.,0.,-0.01));
#3918=CARTESIAN_POINT('',(83.2909976959205,89.94606458,-0.01));
#3919=CARTESIAN_POINT('',(83.2909976959206,90.2280001,8.39852));
#3920=CARTESIAN_POINT('',(83.2909976959206,82.821500396726,39.5747394179671));
#3921=CARTESIAN_POINT('',(83.2909976959206,112.621500396726,39.5747394179671));
#3922=CARTESIAN_POINT('',(85.5909976959205,89.94606458,-0.01));
#3923=CARTESIAN_POINT('',(83.2909976959205,89.94606458,-0.01));
#3924=CARTESIAN_POINT('',(83.2909976959206,90.6280001,8.39852));
#3925=CARTESIAN_POINT('',(83.8909976959206,82.821500396726,39.5747394179671));
#3926=CARTESIAN_POINT('',(85.5909976959205,91.34606458,-0.01));
#3927=CARTESIAN_POINT('',(83.2909976959205,91.34606458,-0.01));
#3928=CARTESIAN_POINT('',(85.5909976959206,92.48606458,-0.01));
#3929=CARTESIAN_POINT('',(85.5909976959206,92.48606458,-0.01));
#3930=CARTESIAN_POINT('',(83.2909976959206,92.48606458,-0.01));
#3931=CARTESIAN_POINT('',(83.2909976959206,92.48606458,-0.01));
#3932=CARTESIAN_POINT('',(85.04899932,93.1680001,-0.01));
#3933=CARTESIAN_POINT('',(85.49899842,93.1680001,-0.01));
#3934=CARTESIAN_POINT('',(84.59900022,93.1680001,-0.01));
#3935=CARTESIAN_POINT('',(85.04899932,93.1680001,-0.01));
#3936=CARTESIAN_POINT('',(85.5909976959206,93.88606458,-0.01));
#3937=CARTESIAN_POINT('',(85.5909976959206,93.88606458,-0.01));
#3938=CARTESIAN_POINT('',(83.2909976959206,93.88606458,-0.01));
#3939=CARTESIAN_POINT('',(0.,0.,-0.01));
#3940=CARTESIAN_POINT('',(85.5909976959206,96.42606458,-0.01));
#3941=CARTESIAN_POINT('',(83.2909976959206,96.42606458,-0.01));
#3942=CARTESIAN_POINT('',(85.5909976959206,97.56606458,-0.01));
#3943=CARTESIAN_POINT('',(83.2909976959206,97.56606458,-0.01));
#3944=CARTESIAN_POINT('',(83.2909976959206,98.2480001,8.39852));
#3945=CARTESIAN_POINT('',(85.5909976959206,98.96606458,-0.01));
#3946=CARTESIAN_POINT('',(83.2909976959206,98.96606458,-0.01));
#3947=CARTESIAN_POINT('',(91.56999974,89.9499979,-0.41148));
#3948=CARTESIAN_POINT('',(91.56999974,88.7500003,-0.41148));
#3949=CARTESIAN_POINT('',(91.56999974,88.7500003,-0.41148));
#3950=CARTESIAN_POINT('',(90.97000094,89.9499979,-0.41148));
#3951=CARTESIAN_POINT('',(91.27000034,89.9499979,-0.41148));
#3952=CARTESIAN_POINT('',(90.97000094,88.7500003,-0.41148));
#3953=CARTESIAN_POINT('',(90.97000094,89.9499979,-0.41148));
#3954=CARTESIAN_POINT('',(91.27000034,88.7500003,-0.41148));
#3955=CARTESIAN_POINT('',(91.66999954,85.46999924,-0.41148));
#3956=CARTESIAN_POINT('',(91.66999954,84.87000044,-0.41148));
#3957=CARTESIAN_POINT('',(91.66999954,84.87000044,-0.41148));
#3958=CARTESIAN_POINT('',(90.87000114,85.46999924,-0.41148));
#3959=CARTESIAN_POINT('',(91.27000034,85.46999924,-0.41148));
#3960=CARTESIAN_POINT('',(90.87000114,84.87000044,-0.41148));
#3961=CARTESIAN_POINT('',(90.87000114,85.46999924,-0.41148));
#3962=CARTESIAN_POINT('',(91.27000034,84.87000044,-0.41148));
#3963=CARTESIAN_POINT('',(100.31000004,85.46999924,-0.41148));
#3964=CARTESIAN_POINT('',(100.31000004,84.87000044,-0.41148));
#3965=CARTESIAN_POINT('',(100.31000004,84.87000044,-0.41148));
#3966=CARTESIAN_POINT('',(99.51000164,85.46999924,-0.41148));
#3967=CARTESIAN_POINT('',(99.91000084,85.46999924,-0.41148));
#3968=CARTESIAN_POINT('',(99.51000164,84.87000044,-0.41148));
#3969=CARTESIAN_POINT('',(99.51000164,85.46999924,-0.41148));
#3970=CARTESIAN_POINT('',(99.91000084,84.87000044,-0.41148));
#3971=CARTESIAN_POINT('',(88.1909976959206,85.122999572752,39.5747394179671));
#3972=CARTESIAN_POINT('',(85.9909976959206,85.122999572752,39.5747394179671));
#3973=CARTESIAN_POINT('',(87.0909976959206,85.122999572752,39.5747394179671));
#3974=CARTESIAN_POINT('',(105.190997695921,110.322999572752,39.5747394179671));
#3975=CARTESIAN_POINT('',(102.990997695921,110.322999572752,39.5747394179671));
#3976=CARTESIAN_POINT('',(104.090997695921,110.322999572752,39.5747394179671));
#3977=CARTESIAN_POINT('',(88.1909976959206,110.322999572752,39.5747394179671));
#3978=CARTESIAN_POINT('',(85.9909976959206,110.322999572752,39.5747394179671));
#3979=CARTESIAN_POINT('',(87.0909976959206,110.322999572752,39.5747394179671));
#3980=CARTESIAN_POINT('',(105.190997695921,85.122999572752,39.5747394179671));
#3981=CARTESIAN_POINT('',(102.990997695921,85.122999572752,39.5747394179671));
#3982=CARTESIAN_POINT('',(104.090997695921,85.122999572752,39.5747394179671));
#3983=CARTESIAN_POINT('',(107.22799682617,82.220001220703,-0.41148));
#3984=CARTESIAN_POINT('',(83.946998596191,82.22200012207,-0.41148));
#3985=CARTESIAN_POINT('',(83.319000244141,82.84400177002,-0.41148));
#3986=CARTESIAN_POINT('',(104.090997695921,85.122999572752,39.5747394179671));
#3987=CARTESIAN_POINT('',(87.0909976959206,110.322999572752,39.5747394179671));
#3988=CARTESIAN_POINT('',(104.090997695921,110.322999572752,39.5747394179671));
#3989=CARTESIAN_POINT('',(87.0909976959206,85.122999572752,39.5747394179671));
#3990=CARTESIAN_POINT('',(107.890997695921,95.72606458,8.39852));
#3991=CARTESIAN_POINT('',(107.890997695921,93.18606458,8.39852));
#3992=CARTESIAN_POINT('',(107.890997695921,90.64606458,8.39852));
#3993=CARTESIAN_POINT('',(107.890997695921,98.26606458,8.39852));
#3994=MECHANICAL_DESIGN_GEOMETRIC_PRESENTATION_REPRESENTATION('',(#170,
#86,#87,#88,#89,#90,#91,#92,#93,#94,#95,#96,#97,#98,#99,#100,#101,#102,
#103,#104,#105,#106,#107,#108,#109,#110,#111,#112,#113,#114,#115,#116,#117,
#118,#119,#120,#121,#122,#123,#124,#125,#126,#127,#128,#129,#130,#131,#132,
#133,#134,#135,#136,#137,#138,#139,#140,#141,#142,#143,#144,#145,#146,#147,
#148,#149,#150,#151,#152,#153,#154,#155,#156,#157,#158,#159,#160,#161,#162,
#163,#164,#165,#166,#167,#168),#3995);
#3995=(
GEOMETRIC_REPRESENTATION_CONTEXT(3)
GLOBAL_UNCERTAINTY_ASSIGNED_CONTEXT((#3996))
GLOBAL_UNIT_ASSIGNED_CONTEXT((#4002,#3998,#3997))
REPRESENTATION_CONTEXT('IMU_YB-MRA02','TOP_LEVEL_ASSEMBLY_PART')
);
#3996=UNCERTAINTY_MEASURE_WITH_UNIT(LENGTH_MEASURE(0.001),#4002,
'DISTANCE_ACCURACY_VALUE','Maximum Tolerance applied to model');
#3997=(
NAMED_UNIT(*)
SI_UNIT($,.STERADIAN.)
SOLID_ANGLE_UNIT()
);
#3998=(
CONVERSION_BASED_UNIT('DEGREE',#4000)
NAMED_UNIT(#3999)
PLANE_ANGLE_UNIT()
);
#3999=DIMENSIONAL_EXPONENTS(0.,0.,0.,0.,0.,0.,0.);
#4000=PLANE_ANGLE_MEASURE_WITH_UNIT(PLANE_ANGLE_MEASURE(0.0174532925),#4001);
#4001=(
NAMED_UNIT(*)
PLANE_ANGLE_UNIT()
SI_UNIT($,.RADIAN.)
);
#4002=(
LENGTH_UNIT()
NAMED_UNIT(*)
SI_UNIT(.MILLI.,.METRE.)
);
ENDSEC;
END-ISO-10303-21;
