ISO-10303-21;
HEADER;
/* Generated by software containing ST-Developer
 * from STEP Tools, Inc. (www.steptools.com) 
 */
/* OPTION: using custom schema-name function */

FILE_DESCRIPTION(
/* description */ (''),
/* implementation_level */ '2;1');

FILE_NAME(
/* name */ 'Right_feet.stp',
/* time_stamp */ '2026-09-11T23:25:30+08:00',
/* author */ (''),
/* organization */ (''),
/* preprocessor_version */ 'ST-DEVELOPER v20',
/* originating_system */ 'SIEMENS PLM Software NX2406.1700',
/* authorisation */ '');

FILE_SCHEMA (('AP203_CONFIGURATION_CONTROLLED_3D_DESIGN_OF_MECHANICAL_PARTS_AND_ASSEMBLIES_MIM_LF { 1 0 10303 403 2 1 2}'));
ENDSEC;

DATA;
#10=PROPERTY_DEFINITION_REPRESENTATION(#14,#12);
#11=PROPERTY_DEFINITION_REPRESENTATION(#15,#13);
#12=REPRESENTATION('',(#16),#3825);
#13=REPRESENTATION('',(#17),#3825);
#14=PROPERTY_DEFINITION('pmi validation property','',#73);
#15=PROPERTY_DEFINITION('pmi validation property','',#73);
#16=VALUE_REPRESENTATION_ITEM('number of annotations',COUNT_MEASURE(0.));
#17=VALUE_REPRESENTATION_ITEM('number of views',COUNT_MEASURE(0.));
#18=SHAPE_REPRESENTATION_RELATIONSHIP('None',
'relationship between Full_wamoduck_asm_objects-None and Full_wamoduck
_asm_objects-None',#84,#19);
#19=ADVANCED_BREP_SHAPE_REPRESENTATION('Full_wamoduck_asm_objects-None',
(#116,#117),#3825);
#20=APPLIED_APPROVAL_ASSIGNMENT(#32,(#74));
#21=APPLIED_APPROVAL_ASSIGNMENT(#33,(#76));
#22=APPLIED_APPROVAL_ASSIGNMENT(#34,(#46));
#23=APPROVAL_PERSON_ORGANIZATION(#38,#32,#26);
#24=APPROVAL_PERSON_ORGANIZATION(#39,#33,#27);
#25=APPROVAL_PERSON_ORGANIZATION(#40,#34,#28);
#26=APPROVAL_ROLE('approver');
#27=APPROVAL_ROLE('approver');
#28=APPROVAL_ROLE('approver');
#29=APPROVAL_DATE_TIME(#54,#32);
#30=APPROVAL_DATE_TIME(#55,#33);
#31=APPROVAL_DATE_TIME(#56,#34);
#32=APPROVAL(#35,' ');
#33=APPROVAL(#36,' ');
#34=APPROVAL(#37,' ');
#35=APPROVAL_STATUS('not_yet_approved');
#36=APPROVAL_STATUS('not_yet_approved');
#37=APPROVAL_STATUS('not_yet_approved');
#38=PERSON_AND_ORGANIZATION(#44,#41);
#39=PERSON_AND_ORGANIZATION(#44,#42);
#40=PERSON_AND_ORGANIZATION(#44,#43);
#41=ORGANIZATION(' ',' ',' ');
#42=ORGANIZATION(' ',' ',' ');
#43=ORGANIZATION(' ',' ',' ');
#44=PERSON(' ',' ',' ',(' '),$,$);
#45=APPLIED_SECURITY_CLASSIFICATION_ASSIGNMENT(#46,(#76));
#46=SECURITY_CLASSIFICATION(' ',' ',#47);
#47=SECURITY_CLASSIFICATION_LEVEL('confidential');
#48=APPLIED_DATE_AND_TIME_ASSIGNMENT(#52,#50,(#74));
#49=APPLIED_DATE_AND_TIME_ASSIGNMENT(#53,#51,(#46));
#50=DATE_TIME_ROLE('creation_date');
#51=DATE_TIME_ROLE('classification_date');
#52=DATE_AND_TIME(#67,#57);
#53=DATE_AND_TIME(#68,#58);
#54=DATE_AND_TIME(#69,#59);
#55=DATE_AND_TIME(#70,#60);
#56=DATE_AND_TIME(#71,#61);
#57=LOCAL_TIME(0,0,0.,#62);
#58=LOCAL_TIME(0,0,0.,#63);
#59=LOCAL_TIME(0,0,0.,#64);
#60=LOCAL_TIME(0,0,0.,#65);
#61=LOCAL_TIME(0,0,0.,#66);
#62=COORDINATED_UNIVERSAL_TIME_OFFSET(0,0,.BEHIND.);
#63=COORDINATED_UNIVERSAL_TIME_OFFSET(0,0,.BEHIND.);
#64=COORDINATED_UNIVERSAL_TIME_OFFSET(0,0,.BEHIND.);
#65=COORDINATED_UNIVERSAL_TIME_OFFSET(0,0,.BEHIND.);
#66=COORDINATED_UNIVERSAL_TIME_OFFSET(0,0,.BEHIND.);
#67=CALENDAR_DATE(0,1,1);
#68=CALENDAR_DATE(0,1,1);
#69=CALENDAR_DATE(0,1,1);
#70=CALENDAR_DATE(0,1,1);
#71=CALENDAR_DATE(0,1,1);
#72=SHAPE_DEFINITION_REPRESENTATION(#73,#84);
#73=PRODUCT_DEFINITION_SHAPE('','',#74);
#74=PRODUCT_DEFINITION(' ','',#76,#75);
#75=PRODUCT_DEFINITION_CONTEXT('part definition',#83,'design');
#76=PRODUCT_DEFINITION_FORMATION_WITH_SPECIFIED_SOURCE(' ',' ',#78,
 .NOT_KNOWN.);
#77=PRODUCT_RELATED_PRODUCT_CATEGORY('detail','',(#78));
#78=PRODUCT('Full_wamoduck_asm_objects','Full_wamoduck_asm_objects',' ',
(#81));
#79=PRODUCT_CATEGORY('part',' ');
#80=PRODUCT_CATEGORY(' ','');
#81=PRODUCT_CONTEXT(' ',#83,'mechanical');
#82=APPLICATION_PROTOCOL_DEFINITION('international standard',
'config_control_design',2010,#83);
#83=APPLICATION_CONTEXT(
'configuration controlled 3D designs of mechanical parts and assemblie
s');
#84=SHAPE_REPRESENTATION('Full_wamoduck_asm_objects-None',(#2070),#3825);
#85=DRAUGHTING_PRE_DEFINED_COLOUR('yellow');
#86=(
BOUNDED_SURFACE()
B_SPLINE_SURFACE(3,3,((#3480,#3481,#3482,#3483),(#3484,#3485,#3486,#3487),
(#3488,#3489,#3490,#3491),(#3492,#3493,#3494,#3495)),.UNSPECIFIED.,.F.,
 .F.,.F.)
B_SPLINE_SURFACE_WITH_KNOTS((4,4),(4,4),(0.,1.),(0.,1.),.UNSPECIFIED.)
GEOMETRIC_REPRESENTATION_ITEM()
RATIONAL_B_SPLINE_SURFACE(((1.,0.804737854124365,0.804737854124365,1.),
(0.804737854124365,0.647603013860688,0.647603013860688,0.804737854124365),
(0.804737854124365,0.647603013860688,0.647603013860688,0.804737854124365),
(1.,0.804737854124365,0.804737854124365,1.)))
REPRESENTATION_ITEM('')
SURFACE()
);
#87=(
BOUNDED_SURFACE()
B_SPLINE_SURFACE(3,3,((#3521,#3522,#3523,#3524),(#3525,#3526,#3527,#3528),
(#3529,#3530,#3531,#3532),(#3533,#3534,#3535,#3536)),.UNSPECIFIED.,.F.,
 .F.,.F.)
B_SPLINE_SURFACE_WITH_KNOTS((4,4),(4,4),(0.,1.),(0.,1.),.UNSPECIFIED.)
GEOMETRIC_REPRESENTATION_ITEM()
RATIONAL_B_SPLINE_SURFACE(((1.,0.804737854124364,0.804737854124364,1.),
(0.804737854124365,0.647603013860687,0.647603013860687,0.804737854124365),
(0.804737854124365,0.647603013860687,0.647603013860687,0.804737854124365),
(1.,0.804737854124364,0.804737854124364,1.)))
REPRESENTATION_ITEM('')
SURFACE()
);
#88=(
BOUNDED_SURFACE()
B_SPLINE_SURFACE(3,3,((#3538,#3539,#3540,#3541),(#3542,#3543,#3544,#3545),
(#3546,#3547,#3548,#3549),(#3550,#3551,#3552,#3553)),.UNSPECIFIED.,.F.,
 .F.,.F.)
B_SPLINE_SURFACE_WITH_KNOTS((4,4),(4,4),(0.,1.),(0.,1.),.UNSPECIFIED.)
GEOMETRIC_REPRESENTATION_ITEM()
RATIONAL_B_SPLINE_SURFACE(((1.,0.804737854124365,0.804737854124365,1.),
(0.804737854124365,0.647603013860688,0.647603013860688,0.804737854124365),
(0.804737854124365,0.647603013860688,0.647603013860688,0.804737854124365),
(1.,0.804737854124365,0.804737854124365,1.)))
REPRESENTATION_ITEM('')
SURFACE()
);
#89=(
BOUNDED_SURFACE()
B_SPLINE_SURFACE(3,3,((#3578,#3579,#3580,#3581),(#3582,#3583,#3584,#3585),
(#3586,#3587,#3588,#3589),(#3590,#3591,#3592,#3593)),.UNSPECIFIED.,.F.,
 .F.,.F.)
B_SPLINE_SURFACE_WITH_KNOTS((4,4),(4,4),(0.,1.),(0.,1.),.UNSPECIFIED.)
GEOMETRIC_REPRESENTATION_ITEM()
RATIONAL_B_SPLINE_SURFACE(((1.,0.804737854124365,0.804737854124365,1.),
(0.804737854124365,0.647603013860688,0.647603013860688,0.804737854124365),
(0.804737854124365,0.647603013860688,0.647603013860688,0.804737854124365),
(1.,0.804737854124365,0.804737854124365,1.)))
REPRESENTATION_ITEM('')
SURFACE()
);
#90=(
BOUNDED_SURFACE()
B_SPLINE_SURFACE(3,2,((#3720,#3721,#3722),(#3723,#3724,#3725),(#3726,#3727,
#3728),(#3729,#3730,#3731)),.UNSPECIFIED.,.F.,.F.,.F.)
B_SPLINE_SURFACE_WITH_KNOTS((4,4),(3,3),(0.,1.),(0.,1.),.UNSPECIFIED.)
GEOMETRIC_REPRESENTATION_ITEM()
RATIONAL_B_SPLINE_SURFACE(((1.,0.70710678118655,1.),(1.,0.706079413558913,
1.),(1.,0.705055935830476,1.),(1.,0.704036486336982,1.)))
REPRESENTATION_ITEM('')
SURFACE()
);
#91=(
BOUNDED_SURFACE()
B_SPLINE_SURFACE(3,2,((#3735,#3736,#3737),(#3738,#3739,#3740),(#3741,#3742,
#3743),(#3744,#3745,#3746),(#3747,#3748,#3749),(#3750,#3751,#3752)),
 .UNSPECIFIED.,.F.,.F.,.F.)
B_SPLINE_SURFACE_WITH_KNOTS((4,2,4),(3,3),(0.,0.5,1.),(0.,1.),
 .UNSPECIFIED.)
GEOMETRIC_REPRESENTATION_ITEM()
RATIONAL_B_SPLINE_SURFACE(((1.,0.727376833555775,1.),(1.,0.711166785392105,
1.),(1.,0.70021165485093,1.),(1.,0.692733344400522,1.),(1.,0.696120650911579,
1.),(1.,0.70403648633698,1.)))
REPRESENTATION_ITEM('')
SURFACE()
);
#92=(
BOUNDED_SURFACE()
B_SPLINE_SURFACE(3,2,((#3754,#3755,#3756),(#3757,#3758,#3759),(#3760,#3761,
#3762),(#3763,#3764,#3765)),.UNSPECIFIED.,.F.,.F.,.F.)
B_SPLINE_SURFACE_WITH_KNOTS((4,4),(3,3),(0.,1.),(0.,1.),.UNSPECIFIED.)
GEOMETRIC_REPRESENTATION_ITEM()
RATIONAL_B_SPLINE_SURFACE(((1.,0.704036486336981,1.),(1.,0.705055935830482,
1.),(1.,0.706079413558901,1.),(1.,0.707106781186553,1.)))
REPRESENTATION_ITEM('')
SURFACE()
);
#93=(
BOUNDED_SURFACE()
B_SPLINE_SURFACE(3,2,((#3767,#3768,#3769),(#3770,#3771,#3772),(#3773,#3774,
#3775),(#3776,#3777,#3778),(#3779,#3780,#3781),(#3782,#3783,#3784)),
 .UNSPECIFIED.,.F.,.F.,.F.)
B_SPLINE_SURFACE_WITH_KNOTS((4,2,4),(3,3),(0.,0.5,1.),(0.,1.),
 .UNSPECIFIED.)
GEOMETRIC_REPRESENTATION_ITEM()
RATIONAL_B_SPLINE_SURFACE(((1.,0.772777715933641,1.),(1.,0.772817379991719,
1.),(1.,0.768466331595775,1.),(1.,0.752492587418502,1.),(1.,0.740873392261689,
1.),(1.,0.727376833555775,1.)))
REPRESENTATION_ITEM('')
SURFACE()
);
#94=(
BOUNDED_SURFACE()
B_SPLINE_SURFACE(3,2,((#3786,#3787,#3788),(#3789,#3790,#3791),(#3792,#3793,
#3794),(#3795,#3796,#3797),(#3798,#3799,#3800),(#3801,#3802,#3803)),
 .UNSPECIFIED.,.F.,.F.,.F.)
B_SPLINE_SURFACE_WITH_KNOTS((4,2,4),(3,3),(0.,0.5,1.),(0.,1.),
 .UNSPECIFIED.)
GEOMETRIC_REPRESENTATION_ITEM()
RATIONAL_B_SPLINE_SURFACE(((1.,0.704036486336979,1.),(1.,0.696208275715118,
1.),(1.,0.692750700016796,1.),(1.,0.700151419841413,1.),(1.,0.711033013034791,
1.),(1.,0.727376833555774,1.)))
REPRESENTATION_ITEM('')
SURFACE()
);
#95=(
BOUNDED_SURFACE()
B_SPLINE_SURFACE(3,2,((#3806,#3807,#3808),(#3809,#3810,#3811),(#3812,#3813,
#3814),(#3815,#3816,#3817),(#3818,#3819,#3820),(#3821,#3822,#3823)),
 .UNSPECIFIED.,.F.,.F.,.F.)
B_SPLINE_SURFACE_WITH_KNOTS((4,2,4),(3,3),(0.,0.5,1.),(0.,1.),
 .UNSPECIFIED.)
GEOMETRIC_REPRESENTATION_ITEM()
RATIONAL_B_SPLINE_SURFACE(((1.,0.727376833555774,1.),(1.,0.740873392263982,
1.),(1.,0.752492587415449,1.),(1.,0.768466331598822,1.),(1.,0.772817379989431,
1.),(1.,0.772777715933641,1.)))
REPRESENTATION_ITEM('')
SURFACE()
);
#96=ELLIPSE('',#2244,10.1248632652036,10.);
#97=ELLIPSE('',#2248,10.1248632652036,10.);
#98=ELLIPSE('',#2292,8.15554143751773,8.);
#99=ELLIPSE('',#2293,8.15554143751773,8.);
#100=PRESENTATION_LAYER_ASSIGNMENT('1','Layer 1',(#116,#117));
#101=STYLED_ITEM('',(#103),#116);
#102=STYLED_ITEM('',(#104),#117);
#103=PRESENTATION_STYLE_ASSIGNMENT((#105));
#104=PRESENTATION_STYLE_ASSIGNMENT((#106));
#105=SURFACE_STYLE_USAGE(.BOTH.,#107);
#106=SURFACE_STYLE_USAGE(.BOTH.,#108);
#107=SURFACE_SIDE_STYLE('',(#109));
#108=SURFACE_SIDE_STYLE('',(#110));
#109=SURFACE_STYLE_FILL_AREA(#111);
#110=SURFACE_STYLE_FILL_AREA(#112);
#111=FILL_AREA_STYLE('',(#113));
#112=FILL_AREA_STYLE('',(#114));
#113=FILL_AREA_STYLE_COLOUR('',#115);
#114=FILL_AREA_STYLE_COLOUR('',#85);
#115=COLOUR_RGB('medium gray',0.490196078431373,0.490196078431373,0.490196078431373);
#116=MANIFOLD_SOLID_BREP('',#118);
#117=MANIFOLD_SOLID_BREP('',#119);
#118=CLOSED_SHELL('',(#286,#287,#288,#289,#290,#291,#292,#293,#294,#295,
#296,#297,#298,#299,#300,#301,#302,#303,#304,#305,#306,#307,#308,#309,#310,
#311,#312,#313,#314,#315,#316,#317,#318,#319,#320,#321,#322,#323,#324,#325,
#326,#327,#328,#329,#330,#331));
#119=CLOSED_SHELL('',(#332,#333,#334,#335,#336,#337,#338,#339,#340,#341,
#342,#343,#344,#345,#346,#347,#348,#349,#350,#351,#352,#353,#354,#355,#356,
#357,#358,#359,#360,#361,#362,#363,#364,#365,#366,#367,#368,#369,#370,#371,
#372,#373,#374,#375,#376,#377,#378,#379,#380,#381,#382,#383,#384,#385,#386,
#387,#388,#389,#390,#391,#392,#393,#394,#395,#396,#397,#398,#399,#400,#401,
#402,#403,#404,#405,#406,#407));
#120=CONICAL_SURFACE('',#2150,15.,45.);
#121=CONICAL_SURFACE('',#2165,1.25,44.9999999999999);
#122=CONICAL_SURFACE('',#2166,1.74999999999999,45.);
#123=CONICAL_SURFACE('',#2167,1.25,45.0000000000001);
#124=CONICAL_SURFACE('',#2168,1.25,45.0000000000001);
#125=CONICAL_SURFACE('',#2169,1.74999999999999,45.0000000000001);
#126=CONICAL_SURFACE('',#2278,3.,44.9999999999999);
#127=CONICAL_SURFACE('',#2279,3.,44.9999999999999);
#128=CONICAL_SURFACE('',#2282,3.,44.9999999999999);
#129=CONICAL_SURFACE('',#2283,3.,44.9999999999999);
#130=TOROIDAL_SURFACE('',#2104,23.5000000000083,2.);
#131=TOROIDAL_SURFACE('',#2107,23.5000000000083,2.);
#132=TOROIDAL_SURFACE('',#2111,23.5000000000083,2.);
#133=TOROIDAL_SURFACE('',#2298,8.,2.);
#134=TOROIDAL_SURFACE('',#2304,8.,2.);
#135=TOROIDAL_SURFACE('',#2306,10.,2.);
#136=TOROIDAL_SURFACE('',#2310,28.,2.);
#137=TOROIDAL_SURFACE('',#2312,10.,2.);
#138=TOROIDAL_SURFACE('',#2315,28.,2.);
#139=FACE_OUTER_BOUND('',#791,.T.);
#140=FACE_OUTER_BOUND('',#792,.T.);
#141=FACE_OUTER_BOUND('',#793,.T.);
#142=FACE_OUTER_BOUND('',#799,.T.);
#143=FACE_OUTER_BOUND('',#804,.T.);
#144=FACE_OUTER_BOUND('',#805,.T.);
#145=FACE_OUTER_BOUND('',#806,.T.);
#146=FACE_OUTER_BOUND('',#807,.T.);
#147=FACE_OUTER_BOUND('',#808,.T.);
#148=FACE_OUTER_BOUND('',#809,.T.);
#149=FACE_OUTER_BOUND('',#810,.T.);
#150=FACE_OUTER_BOUND('',#813,.T.);
#151=FACE_OUTER_BOUND('',#814,.T.);
#152=FACE_OUTER_BOUND('',#815,.T.);
#153=FACE_OUTER_BOUND('',#818,.T.);
#154=FACE_OUTER_BOUND('',#819,.T.);
#155=FACE_OUTER_BOUND('',#820,.T.);
#156=FACE_OUTER_BOUND('',#831,.T.);
#157=FACE_OUTER_BOUND('',#840,.T.);
#158=FACE_OUTER_BOUND('',#843,.T.);
#159=FACE_OUTER_BOUND('',#856,.T.);
#160=FACE_OUTER_BOUND('',#857,.T.);
#161=FACE_OUTER_BOUND('',#858,.T.);
#162=FACE_OUTER_BOUND('',#859,.T.);
#163=FACE_OUTER_BOUND('',#880,.T.);
#164=FACE_OUTER_BOUND('',#881,.T.);
#165=FACE_OUTER_BOUND('',#882,.T.);
#166=FACE_OUTER_BOUND('',#883,.T.);
#167=FACE_OUTER_BOUND('',#884,.T.);
#168=FACE_OUTER_BOUND('',#885,.T.);
#169=FACE_OUTER_BOUND('',#886,.T.);
#170=FACE_OUTER_BOUND('',#887,.T.);
#171=FACE_OUTER_BOUND('',#888,.T.);
#172=FACE_OUTER_BOUND('',#889,.T.);
#173=FACE_OUTER_BOUND('',#890,.T.);
#174=FACE_OUTER_BOUND('',#891,.T.);
#175=FACE_OUTER_BOUND('',#892,.T.);
#176=FACE_OUTER_BOUND('',#893,.T.);
#177=FACE_OUTER_BOUND('',#894,.T.);
#178=FACE_OUTER_BOUND('',#895,.T.);
#179=FACE_OUTER_BOUND('',#896,.T.);
#180=FACE_OUTER_BOUND('',#897,.T.);
#181=FACE_OUTER_BOUND('',#898,.T.);
#182=FACE_OUTER_BOUND('',#899,.T.);
#183=FACE_OUTER_BOUND('',#900,.T.);
#184=FACE_OUTER_BOUND('',#901,.T.);
#185=FACE_OUTER_BOUND('',#902,.T.);
#186=FACE_OUTER_BOUND('',#903,.T.);
#187=FACE_OUTER_BOUND('',#924,.T.);
#188=FACE_OUTER_BOUND('',#925,.T.);
#189=FACE_OUTER_BOUND('',#926,.T.);
#190=FACE_OUTER_BOUND('',#927,.T.);
#191=FACE_OUTER_BOUND('',#928,.T.);
#192=FACE_OUTER_BOUND('',#929,.T.);
#193=FACE_OUTER_BOUND('',#930,.T.);
#194=FACE_OUTER_BOUND('',#931,.T.);
#195=FACE_OUTER_BOUND('',#932,.T.);
#196=FACE_OUTER_BOUND('',#933,.T.);
#197=FACE_OUTER_BOUND('',#934,.T.);
#198=FACE_OUTER_BOUND('',#935,.T.);
#199=FACE_OUTER_BOUND('',#936,.T.);
#200=FACE_OUTER_BOUND('',#937,.T.);
#201=FACE_OUTER_BOUND('',#938,.T.);
#202=FACE_OUTER_BOUND('',#939,.T.);
#203=FACE_OUTER_BOUND('',#940,.T.);
#204=FACE_OUTER_BOUND('',#941,.T.);
#205=FACE_OUTER_BOUND('',#942,.T.);
#206=FACE_OUTER_BOUND('',#943,.T.);
#207=FACE_OUTER_BOUND('',#944,.T.);
#208=FACE_OUTER_BOUND('',#945,.T.);
#209=FACE_OUTER_BOUND('',#946,.T.);
#210=FACE_OUTER_BOUND('',#947,.T.);
#211=FACE_OUTER_BOUND('',#948,.T.);
#212=FACE_OUTER_BOUND('',#949,.T.);
#213=FACE_OUTER_BOUND('',#950,.T.);
#214=FACE_OUTER_BOUND('',#951,.T.);
#215=FACE_OUTER_BOUND('',#952,.T.);
#216=FACE_OUTER_BOUND('',#953,.T.);
#217=B_SPLINE_CURVE_WITH_KNOTS('',3,(#3011,#3012,#3013,#3014,#3015,#3016,
#3017,#3018,#3019,#3020,#3021,#3022,#3023,#3024,#3025,#3026,#3027,#3028,
#3029),.UNSPECIFIED.,.F.,.F.,(4,3,3,3,3,3,4),(0.,0.0693717880189931,0.287234908970013,
0.504453062553977,0.720162084598716,0.93418630490331,1.),.UNSPECIFIED.);
#218=B_SPLINE_CURVE_WITH_KNOTS('',3,(#3038,#3039,#3040,#3041,#3042,#3043,
#3044,#3045,#3046,#3047,#3048,#3049,#3050,#3051,#3052,#3053),
 .UNSPECIFIED.,.F.,.F.,(4,3,3,3,3,4),(0.,0.212597244554869,0.425215570210232,
0.63849680629473,0.853313591953041,1.),.UNSPECIFIED.);
#219=B_SPLINE_CURVE_WITH_KNOTS('',3,(#3058,#3059,#3060,#3061,#3062,#3063,
#3064,#3065,#3066,#3067,#3068,#3069,#3070,#3071,#3072,#3073,#3074,#3075,
#3076),.UNSPECIFIED.,.F.,.F.,(4,3,3,3,3,3,4),(0.,0.0693717880189981,0.287234908970017,
0.504453062553978,0.720162084598716,0.934186304903315,1.),.UNSPECIFIED.);
#220=B_SPLINE_CURVE_WITH_KNOTS('',3,(#3080,#3081,#3082,#3083,#3084,#3085,
#3086,#3087,#3088,#3089,#3090,#3091,#3092,#3093,#3094,#3095),
 .UNSPECIFIED.,.F.,.F.,(4,3,3,3,3,4),(0.,0.212597244554869,0.425215570210233,
0.638496806294732,0.853313591953045,1.),.UNSPECIFIED.);
#221=B_SPLINE_CURVE_WITH_KNOTS('',3,(#3440,#3441,#3442,#3443,#3444,#3445,
#3446,#3447,#3448,#3449),.UNSPECIFIED.,.F.,.F.,(4,3,3,4),(0.,0.329757880006592,
0.734352011094009,1.),.UNSPECIFIED.);
#222=B_SPLINE_CURVE_WITH_KNOTS('',3,(#3454,#3455,#3456,#3457),
 .UNSPECIFIED.,.F.,.F.,(4,4),(0.,1.),.UNSPECIFIED.);
#223=B_SPLINE_CURVE_WITH_KNOTS('',3,(#3459,#3460,#3461,#3462,#3463,#3464,
#3465,#3466,#3467,#3468),.UNSPECIFIED.,.F.,.F.,(4,3,3,4),(0.,0.414939249229967,
0.825006988650644,1.),.UNSPECIFIED.);
#224=B_SPLINE_CURVE_WITH_KNOTS('',3,(#3471,#3472,#3473,#3474),
 .UNSPECIFIED.,.F.,.F.,(4,4),(0.,1.),.UNSPECIFIED.);
#225=B_SPLINE_CURVE_WITH_KNOTS('',3,(#3496,#3497,#3498,#3499,#3500,#3501,
#3502,#3503,#3504,#3505),.UNSPECIFIED.,.F.,.F.,(4,3,3,4),(0.,0.42774958750329,
0.855504262092119,1.),.UNSPECIFIED.);
#226=B_SPLINE_CURVE_WITH_KNOTS('',3,(#3507,#3508,#3509,#3510,#3511,#3512,
#3513,#3514,#3515,#3516),.UNSPECIFIED.,.F.,.F.,(4,3,3,4),(0.,0.427749587503299,
0.855504262092135,1.),.UNSPECIFIED.);
#227=B_SPLINE_CURVE_WITH_KNOTS('',3,(#3556,#3557,#3558,#3559,#3560,#3561,
#3562,#3563,#3564,#3565),.UNSPECIFIED.,.F.,.F.,(4,3,3,4),(0.,0.427749587503318,
0.855504262092174,1.),.UNSPECIFIED.);
#228=B_SPLINE_CURVE_WITH_KNOTS('',3,(#3567,#3568,#3569,#3570,#3571,#3572,
#3573,#3574,#3575,#3576),.UNSPECIFIED.,.F.,.F.,(4,3,3,4),(0.,0.427749587503323,
0.855504262092183,1.),.UNSPECIFIED.);
#229=B_SPLINE_CURVE_WITH_KNOTS('',3,(#3637,#3638,#3639,#3640),
 .UNSPECIFIED.,.F.,.F.,(4,4),(0.,1.),.UNSPECIFIED.);
#230=B_SPLINE_CURVE_WITH_KNOTS('',3,(#3643,#3644,#3645,#3646,#3647,#3648,
#3649,#3650,#3651,#3652,#3653,#3654,#3655,#3656,#3657,#3658),
 .UNSPECIFIED.,.F.,.F.,(4,3,3,3,3,4),(0.,0.274315299971541,0.518751775757117,
0.709091615073818,0.866948320380308,1.),.UNSPECIFIED.);
#231=B_SPLINE_CURVE_WITH_KNOTS('',3,(#3659,#3660,#3661,#3662,#3663,#3664,
#3665,#3666,#3667,#3668,#3669,#3670,#3671,#3672,#3673,#3674),
 .UNSPECIFIED.,.F.,.F.,(4,3,3,3,3,4),(0.,0.152223435957618,0.303604861642061,
0.465384739730244,0.712244518140564,1.),.UNSPECIFIED.);
#232=B_SPLINE_CURVE_WITH_KNOTS('',3,(#3677,#3678,#3679,#3680),
 .UNSPECIFIED.,.F.,.F.,(4,4),(0.,1.),.UNSPECIFIED.);
#233=B_SPLINE_CURVE_WITH_KNOTS('',3,(#3693,#3694,#3695,#3696),
 .UNSPECIFIED.,.F.,.F.,(4,4),(0.,1.),.UNSPECIFIED.);
#234=B_SPLINE_CURVE_WITH_KNOTS('',3,(#3697,#3698,#3699,#3700),
 .UNSPECIFIED.,.F.,.F.,(4,4),(0.,1.),.UNSPECIFIED.);
#235=CYLINDRICAL_SURFACE('',#2091,1.65);
#236=CYLINDRICAL_SURFACE('',#2094,1.65);
#237=CYLINDRICAL_SURFACE('',#2097,1.65);
#238=CYLINDRICAL_SURFACE('',#2100,1.65);
#239=CYLINDRICAL_SURFACE('',#2116,25.5000000000083);
#240=CYLINDRICAL_SURFACE('',#2126,2.);
#241=CYLINDRICAL_SURFACE('',#2127,2.);
#242=CYLINDRICAL_SURFACE('',#2128,2.);
#243=CYLINDRICAL_SURFACE('',#2129,2.);
#244=CYLINDRICAL_SURFACE('',#2134,3.1);
#245=CYLINDRICAL_SURFACE('',#2139,3.1);
#246=CYLINDRICAL_SURFACE('',#2142,3.1);
#247=CYLINDRICAL_SURFACE('',#2145,3.1);
#248=CYLINDRICAL_SURFACE('',#2148,15.);
#249=CYLINDRICAL_SURFACE('',#2152,1.25);
#250=CYLINDRICAL_SURFACE('',#2154,1.25);
#251=CYLINDRICAL_SURFACE('',#2156,1.25);
#252=CYLINDRICAL_SURFACE('',#2160,1.25);
#253=CYLINDRICAL_SURFACE('',#2164,1.25);
#254=CYLINDRICAL_SURFACE('',#2172,8.);
#255=CYLINDRICAL_SURFACE('',#2200,1.65);
#256=CYLINDRICAL_SURFACE('',#2203,1.65);
#257=CYLINDRICAL_SURFACE('',#2206,1.65);
#258=CYLINDRICAL_SURFACE('',#2209,1.65);
#259=CYLINDRICAL_SURFACE('',#2212,1.65);
#260=CYLINDRICAL_SURFACE('',#2231,2.5);
#261=CYLINDRICAL_SURFACE('',#2233,2.5);
#262=CYLINDRICAL_SURFACE('',#2235,2.5);
#263=CYLINDRICAL_SURFACE('',#2237,2.5);
#264=CYLINDRICAL_SURFACE('',#2240,10.);
#265=CYLINDRICAL_SURFACE('',#2243,10.);
#266=CYLINDRICAL_SURFACE('',#2246,10.);
#267=CYLINDRICAL_SURFACE('',#2249,10.);
#268=CYLINDRICAL_SURFACE('',#2253,8.);
#269=CYLINDRICAL_SURFACE('',#2255,8.);
#270=CYLINDRICAL_SURFACE('',#2259,8.);
#271=CYLINDRICAL_SURFACE('',#2261,8.);
#272=CYLINDRICAL_SURFACE('',#2264,3.25);
#273=CYLINDRICAL_SURFACE('',#2266,3.25);
#274=CYLINDRICAL_SURFACE('',#2270,3.25);
#275=CYLINDRICAL_SURFACE('',#2272,3.25);
#276=CYLINDRICAL_SURFACE('',#2276,3.25);
#277=CYLINDRICAL_SURFACE('',#2286,8.);
#278=CYLINDRICAL_SURFACE('',#2289,30.);
#279=CYLINDRICAL_SURFACE('',#2290,2.);
#280=CYLINDRICAL_SURFACE('',#2291,2.);
#281=CYLINDRICAL_SURFACE('',#2295,5.);
#282=CYLINDRICAL_SURFACE('',#2300,2.);
#283=CYLINDRICAL_SURFACE('',#2302,2.);
#284=CYLINDRICAL_SURFACE('',#2308,2.);
#285=CYLINDRICAL_SURFACE('',#2321,2.);
#286=ADVANCED_FACE('',(#670,#671,#672,#673,#674,#675),#408,.F.);
#287=ADVANCED_FACE('',(#676,#677,#678,#679),#409,.F.);
#288=ADVANCED_FACE('',(#680,#681),#235,.F.);
#289=ADVANCED_FACE('',(#682,#683),#236,.F.);
#290=ADVANCED_FACE('',(#684,#685),#237,.F.);
#291=ADVANCED_FACE('',(#686,#687),#238,.F.);
#292=ADVANCED_FACE('',(#139),#130,.T.);
#293=ADVANCED_FACE('',(#140),#131,.T.);
#294=ADVANCED_FACE('',(#141),#132,.T.);
#295=ADVANCED_FACE('',(#688,#689,#690,#691,#692),#410,.F.);
#296=ADVANCED_FACE('',(#142),#239,.T.);
#297=ADVANCED_FACE('',(#693,#694,#695,#696),#411,.T.);
#298=ADVANCED_FACE('',(#143),#412,.T.);
#299=ADVANCED_FACE('',(#144),#413,.T.);
#300=ADVANCED_FACE('',(#145),#414,.T.);
#301=ADVANCED_FACE('',(#146),#240,.T.);
#302=ADVANCED_FACE('',(#147),#241,.T.);
#303=ADVANCED_FACE('',(#148),#242,.T.);
#304=ADVANCED_FACE('',(#149),#243,.T.);
#305=ADVANCED_FACE('',(#697,#698),#415,.T.);
#306=ADVANCED_FACE('',(#150),#416,.F.);
#307=ADVANCED_FACE('',(#151),#417,.F.);
#308=ADVANCED_FACE('',(#152),#244,.F.);
#309=ADVANCED_FACE('',(#699,#700),#418,.T.);
#310=ADVANCED_FACE('',(#153),#419,.F.);
#311=ADVANCED_FACE('',(#154),#420,.F.);
#312=ADVANCED_FACE('',(#155),#245,.F.);
#313=ADVANCED_FACE('',(#701,#702),#421,.T.);
#314=ADVANCED_FACE('',(#703,#704),#246,.F.);
#315=ADVANCED_FACE('',(#705,#706),#422,.T.);
#316=ADVANCED_FACE('',(#707,#708),#247,.F.);
#317=ADVANCED_FACE('',(#709,#710),#248,.F.);
#318=ADVANCED_FACE('',(#156),#423,.T.);
#319=ADVANCED_FACE('',(#711,#712),#120,.F.);
#320=ADVANCED_FACE('',(#713,#714),#249,.F.);
#321=ADVANCED_FACE('',(#715,#716),#250,.F.);
#322=ADVANCED_FACE('',(#717,#718),#251,.F.);
#323=ADVANCED_FACE('',(#157),#424,.T.);
#324=ADVANCED_FACE('',(#719,#720),#252,.F.);
#325=ADVANCED_FACE('',(#158),#425,.T.);
#326=ADVANCED_FACE('',(#721,#722),#253,.F.);
#327=ADVANCED_FACE('',(#723,#724),#121,.F.);
#328=ADVANCED_FACE('',(#725,#726),#122,.F.);
#329=ADVANCED_FACE('',(#727,#728),#123,.F.);
#330=ADVANCED_FACE('',(#729,#730),#124,.F.);
#331=ADVANCED_FACE('',(#731,#732),#125,.F.);
#332=ADVANCED_FACE('',(#159),#254,.F.);
#333=ADVANCED_FACE('',(#160),#426,.T.);
#334=ADVANCED_FACE('',(#161),#427,.F.);
#335=ADVANCED_FACE('',(#162),#428,.F.);
#336=ADVANCED_FACE('',(#733,#734),#429,.T.);
#337=ADVANCED_FACE('',(#735,#736),#430,.F.);
#338=ADVANCED_FACE('',(#737,#738),#255,.F.);
#339=ADVANCED_FACE('',(#739,#740),#256,.F.);
#340=ADVANCED_FACE('',(#741,#742),#257,.F.);
#341=ADVANCED_FACE('',(#743,#744),#258,.F.);
#342=ADVANCED_FACE('',(#745,#746),#259,.F.);
#343=ADVANCED_FACE('',(#747,#748,#749,#750,#751,#752),#431,.T.);
#344=ADVANCED_FACE('',(#163),#432,.F.);
#345=ADVANCED_FACE('',(#164),#433,.F.);
#346=ADVANCED_FACE('',(#165),#434,.F.);
#347=ADVANCED_FACE('',(#166),#435,.F.);
#348=ADVANCED_FACE('',(#167),#436,.F.);
#349=ADVANCED_FACE('',(#168),#437,.F.);
#350=ADVANCED_FACE('',(#169),#438,.F.);
#351=ADVANCED_FACE('',(#170),#439,.F.);
#352=ADVANCED_FACE('',(#171),#260,.F.);
#353=ADVANCED_FACE('',(#172),#261,.F.);
#354=ADVANCED_FACE('',(#173),#262,.F.);
#355=ADVANCED_FACE('',(#174),#263,.F.);
#356=ADVANCED_FACE('',(#175),#264,.T.);
#357=ADVANCED_FACE('',(#176),#265,.T.);
#358=ADVANCED_FACE('',(#177),#266,.T.);
#359=ADVANCED_FACE('',(#178),#267,.T.);
#360=ADVANCED_FACE('',(#179),#86,.T.);
#361=ADVANCED_FACE('',(#180),#268,.T.);
#362=ADVANCED_FACE('',(#181),#269,.T.);
#363=ADVANCED_FACE('',(#182),#87,.T.);
#364=ADVANCED_FACE('',(#183),#88,.T.);
#365=ADVANCED_FACE('',(#184),#270,.T.);
#366=ADVANCED_FACE('',(#185),#271,.T.);
#367=ADVANCED_FACE('',(#186),#89,.T.);
#368=ADVANCED_FACE('',(#753,#754),#440,.T.);
#369=ADVANCED_FACE('',(#755,#756),#272,.F.);
#370=ADVANCED_FACE('',(#757,#758),#273,.F.);
#371=ADVANCED_FACE('',(#759,#760),#441,.T.);
#372=ADVANCED_FACE('',(#761,#762),#442,.T.);
#373=ADVANCED_FACE('',(#763,#764),#274,.F.);
#374=ADVANCED_FACE('',(#765,#766),#275,.F.);
#375=ADVANCED_FACE('',(#767,#768),#443,.T.);
#376=ADVANCED_FACE('',(#769,#770),#444,.T.);
#377=ADVANCED_FACE('',(#771,#772),#276,.F.);
#378=ADVANCED_FACE('',(#187),#445,.T.);
#379=ADVANCED_FACE('',(#188),#126,.F.);
#380=ADVANCED_FACE('',(#189),#127,.F.);
#381=ADVANCED_FACE('',(#190),#446,.T.);
#382=ADVANCED_FACE('',(#191),#447,.T.);
#383=ADVANCED_FACE('',(#192),#128,.F.);
#384=ADVANCED_FACE('',(#193),#129,.F.);
#385=ADVANCED_FACE('',(#194),#448,.T.);
#386=ADVANCED_FACE('',(#195),#277,.F.);
#387=ADVANCED_FACE('',(#196),#278,.T.);
#388=ADVANCED_FACE('',(#197),#279,.F.);
#389=ADVANCED_FACE('',(#198),#280,.F.);
#390=ADVANCED_FACE('',(#199),#449,.F.);
#391=ADVANCED_FACE('',(#200),#281,.T.);
#392=ADVANCED_FACE('',(#201),#133,.T.);
#393=ADVANCED_FACE('',(#202),#282,.T.);
#394=ADVANCED_FACE('',(#203),#283,.T.);
#395=ADVANCED_FACE('',(#204),#134,.T.);
#396=ADVANCED_FACE('',(#205),#135,.T.);
#397=ADVANCED_FACE('',(#206),#284,.T.);
#398=ADVANCED_FACE('',(#207),#136,.T.);
#399=ADVANCED_FACE('',(#208),#137,.T.);
#400=ADVANCED_FACE('',(#209),#90,.T.);
#401=ADVANCED_FACE('',(#210),#138,.T.);
#402=ADVANCED_FACE('',(#211),#91,.T.);
#403=ADVANCED_FACE('',(#212),#92,.T.);
#404=ADVANCED_FACE('',(#213),#93,.T.);
#405=ADVANCED_FACE('',(#214),#94,.T.);
#406=ADVANCED_FACE('',(#215),#285,.T.);
#407=ADVANCED_FACE('',(#216),#95,.T.);
#408=PLANE('',#2080);
#409=PLANE('',#2088);
#410=PLANE('',#2113);
#411=PLANE('',#2122);
#412=PLANE('',#2123);
#413=PLANE('',#2124);
#414=PLANE('',#2125);
#415=PLANE('',#2131);
#416=PLANE('',#2132);
#417=PLANE('',#2133);
#418=PLANE('',#2136);
#419=PLANE('',#2137);
#420=PLANE('',#2138);
#421=PLANE('',#2141);
#422=PLANE('',#2144);
#423=PLANE('',#2149);
#424=PLANE('',#2158);
#425=PLANE('',#2162);
#426=PLANE('',#2174);
#427=PLANE('',#2177);
#428=PLANE('',#2178);
#429=PLANE('',#2187);
#430=PLANE('',#2197);
#431=PLANE('',#2217);
#432=PLANE('',#2220);
#433=PLANE('',#2221);
#434=PLANE('',#2224);
#435=PLANE('',#2225);
#436=PLANE('',#2226);
#437=PLANE('',#2227);
#438=PLANE('',#2228);
#439=PLANE('',#2229);
#440=PLANE('',#2263);
#441=PLANE('',#2267);
#442=PLANE('',#2269);
#443=PLANE('',#2273);
#444=PLANE('',#2275);
#445=PLANE('',#2277);
#446=PLANE('',#2280);
#447=PLANE('',#2281);
#448=PLANE('',#2284);
#449=PLANE('',#2294);
#450=LINE('',#2947,#560);
#451=LINE('',#2952,#561);
#452=LINE('',#2956,#562);
#453=LINE('',#2960,#563);
#454=LINE('',#2970,#564);
#455=LINE('',#2975,#565);
#456=LINE('',#2979,#566);
#457=LINE('',#2981,#567);
#458=LINE('',#2985,#568);
#459=LINE('',#2989,#569);
#460=LINE('',#3104,#570);
#461=LINE('',#3108,#571);
#462=LINE('',#3109,#572);
#463=LINE('',#3110,#573);
#464=LINE('',#3115,#574);
#465=LINE('',#3116,#575);
#466=LINE('',#3117,#576);
#467=LINE('',#3118,#577);
#468=LINE('',#3122,#578);
#469=LINE('',#3123,#579);
#470=LINE('',#3127,#580);
#471=LINE('',#3131,#581);
#472=LINE('',#3132,#582);
#473=LINE('',#3136,#583);
#474=LINE('',#3137,#584);
#475=LINE('',#3138,#585);
#476=LINE('',#3144,#586);
#477=LINE('',#3145,#587);
#478=LINE('',#3147,#588);
#479=LINE('',#3148,#589);
#480=LINE('',#3150,#590);
#481=LINE('',#3151,#591);
#482=LINE('',#3157,#592);
#483=LINE('',#3159,#593);
#484=LINE('',#3163,#594);
#485=LINE('',#3165,#595);
#486=LINE('',#3168,#596);
#487=LINE('',#3170,#597);
#488=LINE('',#3174,#598);
#489=LINE('',#3176,#599);
#490=LINE('',#3218,#600);
#491=LINE('',#3223,#601);
#492=LINE('',#3227,#602);
#493=LINE('',#3229,#603);
#494=LINE('',#3236,#604);
#495=LINE('',#3238,#605);
#496=LINE('',#3242,#606);
#497=LINE('',#3245,#607);
#498=LINE('',#3247,#608);
#499=LINE('',#3249,#609);
#500=LINE('',#3251,#610);
#501=LINE('',#3255,#611);
#502=LINE('',#3259,#612);
#503=LINE('',#3261,#613);
#504=LINE('',#3267,#614);
#505=LINE('',#3271,#615);
#506=LINE('',#3275,#616);
#507=LINE('',#3279,#617);
#508=LINE('',#3286,#618);
#509=LINE('',#3290,#619);
#510=LINE('',#3294,#620);
#511=LINE('',#3298,#621);
#512=LINE('',#3302,#622);
#513=LINE('',#3306,#623);
#514=LINE('',#3310,#624);
#515=LINE('',#3314,#625);
#516=LINE('',#3341,#626);
#517=LINE('',#3346,#627);
#518=LINE('',#3350,#628);
#519=LINE('',#3354,#629);
#520=LINE('',#3361,#630);
#521=LINE('',#3363,#631);
#522=LINE('',#3365,#632);
#523=LINE('',#3367,#633);
#524=LINE('',#3371,#634);
#525=LINE('',#3374,#635);
#526=LINE('',#3376,#636);
#527=LINE('',#3378,#637);
#528=LINE('',#3385,#638);
#529=LINE('',#3387,#639);
#530=LINE('',#3389,#640);
#531=LINE('',#3391,#641);
#532=LINE('',#3393,#642);
#533=LINE('',#3396,#643);
#534=LINE('',#3398,#644);
#535=LINE('',#3400,#645);
#536=LINE('',#3402,#646);
#537=LINE('',#3404,#647);
#538=LINE('',#3406,#648);
#539=LINE('',#3408,#649);
#540=LINE('',#3410,#650);
#541=LINE('',#3412,#651);
#542=LINE('',#3414,#652);
#543=LINE('',#3416,#653);
#544=LINE('',#3418,#654);
#545=LINE('',#3420,#655);
#546=LINE('',#3422,#656);
#547=LINE('',#3424,#657);
#548=LINE('',#3614,#658);
#549=LINE('',#3615,#659);
#550=LINE('',#3617,#660);
#551=LINE('',#3619,#661);
#552=LINE('',#3621,#662);
#553=LINE('',#3623,#663);
#554=LINE('',#3625,#664);
#555=LINE('',#3627,#665);
#556=LINE('',#3632,#666);
#557=LINE('',#3634,#667);
#558=LINE('',#3684,#668);
#559=LINE('',#3689,#669);
#560=VECTOR('',#2334,1.);
#561=VECTOR('',#2337,1.);
#562=VECTOR('',#2340,1.);
#563=VECTOR('',#2343,1.);
#564=VECTOR('',#2354,1.);
#565=VECTOR('',#2357,1.);
#566=VECTOR('',#2360,1.);
#567=VECTOR('',#2361,1.);
#568=VECTOR('',#2364,1.);
#569=VECTOR('',#2367,1.);
#570=VECTOR('',#2416,1.);
#571=VECTOR('',#2419,1.);
#572=VECTOR('',#2420,1.);
#573=VECTOR('',#2421,1.);
#574=VECTOR('',#2426,1.);
#575=VECTOR('',#2427,1.);
#576=VECTOR('',#2428,1.);
#577=VECTOR('',#2429,1.);
#578=VECTOR('',#2432,1.);
#579=VECTOR('',#2433,1.);
#580=VECTOR('',#2438,1.);
#581=VECTOR('',#2441,1.);
#582=VECTOR('',#2442,1.);
#583=VECTOR('',#2445,1.);
#584=VECTOR('',#2446,1.);
#585=VECTOR('',#2447,1.);
#586=VECTOR('',#2454,1.);
#587=VECTOR('',#2455,1.);
#588=VECTOR('',#2458,1.);
#589=VECTOR('',#2459,1.);
#590=VECTOR('',#2462,1.);
#591=VECTOR('',#2463,1.);
#592=VECTOR('',#2474,1.);
#593=VECTOR('',#2475,1.);
#594=VECTOR('',#2480,1.);
#595=VECTOR('',#2483,1.);
#596=VECTOR('',#2488,1.);
#597=VECTOR('',#2489,1.);
#598=VECTOR('',#2494,1.);
#599=VECTOR('',#2497,1.);
#600=VECTOR('',#2562,1.);
#601=VECTOR('',#2565,1.);
#602=VECTOR('',#2570,1.);
#603=VECTOR('',#2571,1.);
#604=VECTOR('',#2578,1.);
#605=VECTOR('',#2579,1.);
#606=VECTOR('',#2584,1.);
#607=VECTOR('',#2585,1.);
#608=VECTOR('',#2586,1.);
#609=VECTOR('',#2587,1.);
#610=VECTOR('',#2590,1.);
#611=VECTOR('',#2593,1.);
#612=VECTOR('',#2596,1.);
#613=VECTOR('',#2597,1.);
#614=VECTOR('',#2604,1.);
#615=VECTOR('',#2607,1.);
#616=VECTOR('',#2610,1.);
#617=VECTOR('',#2613,1.);
#618=VECTOR('',#2620,1.);
#619=VECTOR('',#2623,1.);
#620=VECTOR('',#2626,1.);
#621=VECTOR('',#2629,1.);
#622=VECTOR('',#2632,1.);
#623=VECTOR('',#2635,1.);
#624=VECTOR('',#2638,1.);
#625=VECTOR('',#2641,1.);
#626=VECTOR('',#2674,1.);
#627=VECTOR('',#2677,1.);
#628=VECTOR('',#2680,1.);
#629=VECTOR('',#2683,1.);
#630=VECTOR('',#2690,1.);
#631=VECTOR('',#2691,1.);
#632=VECTOR('',#2692,1.);
#633=VECTOR('',#2693,1.);
#634=VECTOR('',#2698,1.);
#635=VECTOR('',#2699,1.);
#636=VECTOR('',#2700,1.);
#637=VECTOR('',#2701,1.);
#638=VECTOR('',#2708,1.);
#639=VECTOR('',#2709,1.);
#640=VECTOR('',#2710,1.);
#641=VECTOR('',#2711,1.);
#642=VECTOR('',#2714,1.);
#643=VECTOR('',#2715,1.);
#644=VECTOR('',#2716,1.);
#645=VECTOR('',#2717,1.);
#646=VECTOR('',#2720,1.);
#647=VECTOR('',#2721,1.);
#648=VECTOR('',#2722,1.);
#649=VECTOR('',#2725,1.);
#650=VECTOR('',#2726,1.);
#651=VECTOR('',#2727,1.);
#652=VECTOR('',#2730,1.);
#653=VECTOR('',#2731,1.);
#654=VECTOR('',#2732,1.);
#655=VECTOR('',#2735,1.);
#656=VECTOR('',#2736,1.);
#657=VECTOR('',#2737,1.);
#658=VECTOR('',#2834,1.);
#659=VECTOR('',#2835,1.);
#660=VECTOR('',#2838,1.);
#661=VECTOR('',#2841,1.);
#662=VECTOR('',#2844,1.);
#663=VECTOR('',#2847,1.);
#664=VECTOR('',#2850,1.);
#665=VECTOR('',#2853,1.);
#666=VECTOR('',#2860,1.);
#667=VECTOR('',#2863,1.);
#668=VECTOR('',#2874,1.);
#669=VECTOR('',#2877,1.);
#670=FACE_BOUND('',#773,.T.);
#671=FACE_BOUND('',#774,.T.);
#672=FACE_BOUND('',#775,.T.);
#673=FACE_BOUND('',#776,.T.);
#674=FACE_BOUND('',#777,.T.);
#675=FACE_BOUND('',#778,.T.);
#676=FACE_BOUND('',#779,.T.);
#677=FACE_BOUND('',#780,.T.);
#678=FACE_BOUND('',#781,.T.);
#679=FACE_BOUND('',#782,.T.);
#680=FACE_BOUND('',#783,.T.);
#681=FACE_BOUND('',#784,.T.);
#682=FACE_BOUND('',#785,.T.);
#683=FACE_BOUND('',#786,.T.);
#684=FACE_BOUND('',#787,.T.);
#685=FACE_BOUND('',#788,.T.);
#686=FACE_BOUND('',#789,.T.);
#687=FACE_BOUND('',#790,.T.);
#688=FACE_BOUND('',#794,.T.);
#689=FACE_BOUND('',#795,.T.);
#690=FACE_BOUND('',#796,.T.);
#691=FACE_BOUND('',#797,.T.);
#692=FACE_BOUND('',#798,.T.);
#693=FACE_BOUND('',#800,.T.);
#694=FACE_BOUND('',#801,.T.);
#695=FACE_BOUND('',#802,.T.);
#696=FACE_BOUND('',#803,.T.);
#697=FACE_BOUND('',#811,.T.);
#698=FACE_BOUND('',#812,.T.);
#699=FACE_BOUND('',#816,.T.);
#700=FACE_BOUND('',#817,.T.);
#701=FACE_BOUND('',#821,.T.);
#702=FACE_BOUND('',#822,.T.);
#703=FACE_BOUND('',#823,.T.);
#704=FACE_BOUND('',#824,.T.);
#705=FACE_BOUND('',#825,.T.);
#706=FACE_BOUND('',#826,.T.);
#707=FACE_BOUND('',#827,.T.);
#708=FACE_BOUND('',#828,.T.);
#709=FACE_BOUND('',#829,.T.);
#710=FACE_BOUND('',#830,.T.);
#711=FACE_BOUND('',#832,.T.);
#712=FACE_BOUND('',#833,.T.);
#713=FACE_BOUND('',#834,.T.);
#714=FACE_BOUND('',#835,.T.);
#715=FACE_BOUND('',#836,.T.);
#716=FACE_BOUND('',#837,.T.);
#717=FACE_BOUND('',#838,.T.);
#718=FACE_BOUND('',#839,.T.);
#719=FACE_BOUND('',#841,.T.);
#720=FACE_BOUND('',#842,.T.);
#721=FACE_BOUND('',#844,.T.);
#722=FACE_BOUND('',#845,.T.);
#723=FACE_BOUND('',#846,.T.);
#724=FACE_BOUND('',#847,.T.);
#725=FACE_BOUND('',#848,.T.);
#726=FACE_BOUND('',#849,.T.);
#727=FACE_BOUND('',#850,.T.);
#728=FACE_BOUND('',#851,.T.);
#729=FACE_BOUND('',#852,.T.);
#730=FACE_BOUND('',#853,.T.);
#731=FACE_BOUND('',#854,.T.);
#732=FACE_BOUND('',#855,.T.);
#733=FACE_BOUND('',#860,.T.);
#734=FACE_BOUND('',#861,.T.);
#735=FACE_BOUND('',#862,.T.);
#736=FACE_BOUND('',#863,.T.);
#737=FACE_BOUND('',#864,.T.);
#738=FACE_BOUND('',#865,.T.);
#739=FACE_BOUND('',#866,.T.);
#740=FACE_BOUND('',#867,.T.);
#741=FACE_BOUND('',#868,.T.);
#742=FACE_BOUND('',#869,.T.);
#743=FACE_BOUND('',#870,.T.);
#744=FACE_BOUND('',#871,.T.);
#745=FACE_BOUND('',#872,.T.);
#746=FACE_BOUND('',#873,.T.);
#747=FACE_BOUND('',#874,.T.);
#748=FACE_BOUND('',#875,.T.);
#749=FACE_BOUND('',#876,.T.);
#750=FACE_BOUND('',#877,.T.);
#751=FACE_BOUND('',#878,.T.);
#752=FACE_BOUND('',#879,.T.);
#753=FACE_BOUND('',#904,.T.);
#754=FACE_BOUND('',#905,.T.);
#755=FACE_BOUND('',#906,.T.);
#756=FACE_BOUND('',#907,.T.);
#757=FACE_BOUND('',#908,.T.);
#758=FACE_BOUND('',#909,.T.);
#759=FACE_BOUND('',#910,.T.);
#760=FACE_BOUND('',#911,.T.);
#761=FACE_BOUND('',#912,.T.);
#762=FACE_BOUND('',#913,.T.);
#763=FACE_BOUND('',#914,.T.);
#764=FACE_BOUND('',#915,.T.);
#765=FACE_BOUND('',#916,.T.);
#766=FACE_BOUND('',#917,.T.);
#767=FACE_BOUND('',#918,.T.);
#768=FACE_BOUND('',#919,.T.);
#769=FACE_BOUND('',#920,.T.);
#770=FACE_BOUND('',#921,.T.);
#771=FACE_BOUND('',#922,.T.);
#772=FACE_BOUND('',#923,.T.);
#773=EDGE_LOOP('',(#954));
#774=EDGE_LOOP('',(#955));
#775=EDGE_LOOP('',(#956));
#776=EDGE_LOOP('',(#957));
#777=EDGE_LOOP('',(#958));
#778=EDGE_LOOP('',(#959,#960,#961,#962,#963,#964,#965,#966));
#779=EDGE_LOOP('',(#967));
#780=EDGE_LOOP('',(#968));
#781=EDGE_LOOP('',(#969));
#782=EDGE_LOOP('',(#970,#971,#972,#973,#974,#975,#976,#977,#978,#979));
#783=EDGE_LOOP('',(#980));
#784=EDGE_LOOP('',(#981));
#785=EDGE_LOOP('',(#982));
#786=EDGE_LOOP('',(#983));
#787=EDGE_LOOP('',(#984));
#788=EDGE_LOOP('',(#985));
#789=EDGE_LOOP('',(#986));
#790=EDGE_LOOP('',(#987));
#791=EDGE_LOOP('',(#988,#989,#990,#991));
#792=EDGE_LOOP('',(#992,#993,#994,#995));
#793=EDGE_LOOP('',(#996,#997,#998,#999));
#794=EDGE_LOOP('',(#1000));
#795=EDGE_LOOP('',(#1001));
#796=EDGE_LOOP('',(#1002));
#797=EDGE_LOOP('',(#1003));
#798=EDGE_LOOP('',(#1004,#1005,#1006,#1007,#1008,#1009,#1010,#1011));
#799=EDGE_LOOP('',(#1012,#1013,#1014,#1015,#1016,#1017,#1018,#1019,#1020,
#1021,#1022,#1023));
#800=EDGE_LOOP('',(#1024));
#801=EDGE_LOOP('',(#1025,#1026,#1027,#1028,#1029,#1030,#1031,#1032,#1033,
#1034,#1035,#1036));
#802=EDGE_LOOP('',(#1037));
#803=EDGE_LOOP('',(#1038));
#804=EDGE_LOOP('',(#1039,#1040,#1041,#1042,#1043,#1044));
#805=EDGE_LOOP('',(#1045,#1046,#1047,#1048,#1049,#1050));
#806=EDGE_LOOP('',(#1051,#1052,#1053,#1054));
#807=EDGE_LOOP('',(#1055,#1056,#1057,#1058));
#808=EDGE_LOOP('',(#1059,#1060,#1061,#1062));
#809=EDGE_LOOP('',(#1063,#1064,#1065,#1066));
#810=EDGE_LOOP('',(#1067,#1068,#1069,#1070));
#811=EDGE_LOOP('',(#1071,#1072,#1073,#1074));
#812=EDGE_LOOP('',(#1075));
#813=EDGE_LOOP('',(#1076,#1077,#1078,#1079,#1080));
#814=EDGE_LOOP('',(#1081,#1082,#1083,#1084,#1085));
#815=EDGE_LOOP('',(#1086,#1087,#1088,#1089));
#816=EDGE_LOOP('',(#1090,#1091,#1092,#1093));
#817=EDGE_LOOP('',(#1094));
#818=EDGE_LOOP('',(#1095,#1096,#1097,#1098,#1099));
#819=EDGE_LOOP('',(#1100,#1101,#1102,#1103,#1104));
#820=EDGE_LOOP('',(#1105,#1106,#1107,#1108));
#821=EDGE_LOOP('',(#1109));
#822=EDGE_LOOP('',(#1110));
#823=EDGE_LOOP('',(#1111));
#824=EDGE_LOOP('',(#1112));
#825=EDGE_LOOP('',(#1113));
#826=EDGE_LOOP('',(#1114));
#827=EDGE_LOOP('',(#1115));
#828=EDGE_LOOP('',(#1116));
#829=EDGE_LOOP('',(#1117));
#830=EDGE_LOOP('',(#1118));
#831=EDGE_LOOP('',(#1119));
#832=EDGE_LOOP('',(#1120));
#833=EDGE_LOOP('',(#1121));
#834=EDGE_LOOP('',(#1122));
#835=EDGE_LOOP('',(#1123));
#836=EDGE_LOOP('',(#1124));
#837=EDGE_LOOP('',(#1125));
#838=EDGE_LOOP('',(#1126));
#839=EDGE_LOOP('',(#1127));
#840=EDGE_LOOP('',(#1128,#1129));
#841=EDGE_LOOP('',(#1130));
#842=EDGE_LOOP('',(#1131,#1132));
#843=EDGE_LOOP('',(#1133,#1134));
#844=EDGE_LOOP('',(#1135));
#845=EDGE_LOOP('',(#1136,#1137));
#846=EDGE_LOOP('',(#1138));
#847=EDGE_LOOP('',(#1139));
#848=EDGE_LOOP('',(#1140));
#849=EDGE_LOOP('',(#1141));
#850=EDGE_LOOP('',(#1142));
#851=EDGE_LOOP('',(#1143));
#852=EDGE_LOOP('',(#1144));
#853=EDGE_LOOP('',(#1145));
#854=EDGE_LOOP('',(#1146));
#855=EDGE_LOOP('',(#1147));
#856=EDGE_LOOP('',(#1148,#1149,#1150,#1151));
#857=EDGE_LOOP('',(#1152,#1153,#1154,#1155));
#858=EDGE_LOOP('',(#1156,#1157,#1158,#1159));
#859=EDGE_LOOP('',(#1160,#1161,#1162,#1163));
#860=EDGE_LOOP('',(#1164,#1165,#1166,#1167,#1168,#1169,#1170,#1171,#1172,
#1173,#1174,#1175));
#861=EDGE_LOOP('',(#1176,#1177,#1178,#1179,#1180,#1181,#1182,#1183));
#862=EDGE_LOOP('',(#1184));
#863=EDGE_LOOP('',(#1185,#1186,#1187,#1188,#1189,#1190,#1191,#1192,#1193,
#1194,#1195,#1196,#1197,#1198,#1199,#1200));
#864=EDGE_LOOP('',(#1201));
#865=EDGE_LOOP('',(#1202));
#866=EDGE_LOOP('',(#1203));
#867=EDGE_LOOP('',(#1204));
#868=EDGE_LOOP('',(#1205));
#869=EDGE_LOOP('',(#1206));
#870=EDGE_LOOP('',(#1207));
#871=EDGE_LOOP('',(#1208));
#872=EDGE_LOOP('',(#1209));
#873=EDGE_LOOP('',(#1210));
#874=EDGE_LOOP('',(#1211));
#875=EDGE_LOOP('',(#1212));
#876=EDGE_LOOP('',(#1213));
#877=EDGE_LOOP('',(#1214,#1215,#1216,#1217,#1218,#1219,#1220,#1221));
#878=EDGE_LOOP('',(#1222));
#879=EDGE_LOOP('',(#1223));
#880=EDGE_LOOP('',(#1224,#1225,#1226,#1227,#1228,#1229));
#881=EDGE_LOOP('',(#1230,#1231,#1232,#1233));
#882=EDGE_LOOP('',(#1234,#1235,#1236,#1237,#1238,#1239));
#883=EDGE_LOOP('',(#1240,#1241,#1242,#1243));
#884=EDGE_LOOP('',(#1244,#1245,#1246,#1247));
#885=EDGE_LOOP('',(#1248,#1249,#1250,#1251));
#886=EDGE_LOOP('',(#1252,#1253,#1254,#1255));
#887=EDGE_LOOP('',(#1256,#1257,#1258,#1259));
#888=EDGE_LOOP('',(#1260,#1261,#1262,#1263));
#889=EDGE_LOOP('',(#1264,#1265,#1266,#1267));
#890=EDGE_LOOP('',(#1268,#1269,#1270,#1271));
#891=EDGE_LOOP('',(#1272,#1273,#1274,#1275));
#892=EDGE_LOOP('',(#1276,#1277,#1278,#1279));
#893=EDGE_LOOP('',(#1280,#1281,#1282,#1283));
#894=EDGE_LOOP('',(#1284,#1285,#1286,#1287,#1288,#1289));
#895=EDGE_LOOP('',(#1290,#1291,#1292,#1293,#1294,#1295));
#896=EDGE_LOOP('',(#1296,#1297,#1298,#1299));
#897=EDGE_LOOP('',(#1300,#1301,#1302,#1303,#1304,#1305,#1306,#1307));
#898=EDGE_LOOP('',(#1308,#1309,#1310,#1311));
#899=EDGE_LOOP('',(#1312,#1313,#1314,#1315));
#900=EDGE_LOOP('',(#1316,#1317,#1318,#1319));
#901=EDGE_LOOP('',(#1320,#1321,#1322,#1323));
#902=EDGE_LOOP('',(#1324,#1325,#1326,#1327,#1328,#1329,#1330,#1331));
#903=EDGE_LOOP('',(#1332,#1333,#1334,#1335));
#904=EDGE_LOOP('',(#1336));
#905=EDGE_LOOP('',(#1337));
#906=EDGE_LOOP('',(#1338,#1339));
#907=EDGE_LOOP('',(#1340));
#908=EDGE_LOOP('',(#1341,#1342));
#909=EDGE_LOOP('',(#1343));
#910=EDGE_LOOP('',(#1344));
#911=EDGE_LOOP('',(#1345));
#912=EDGE_LOOP('',(#1346));
#913=EDGE_LOOP('',(#1347));
#914=EDGE_LOOP('',(#1348,#1349));
#915=EDGE_LOOP('',(#1350));
#916=EDGE_LOOP('',(#1351,#1352));
#917=EDGE_LOOP('',(#1353));
#918=EDGE_LOOP('',(#1354));
#919=EDGE_LOOP('',(#1355));
#920=EDGE_LOOP('',(#1356));
#921=EDGE_LOOP('',(#1357));
#922=EDGE_LOOP('',(#1358));
#923=EDGE_LOOP('',(#1359));
#924=EDGE_LOOP('',(#1360,#1361,#1362,#1363));
#925=EDGE_LOOP('',(#1364,#1365,#1366,#1367));
#926=EDGE_LOOP('',(#1368,#1369,#1370,#1371));
#927=EDGE_LOOP('',(#1372,#1373,#1374,#1375));
#928=EDGE_LOOP('',(#1376,#1377,#1378,#1379));
#929=EDGE_LOOP('',(#1380,#1381,#1382,#1383));
#930=EDGE_LOOP('',(#1384,#1385,#1386,#1387));
#931=EDGE_LOOP('',(#1388,#1389,#1390,#1391));
#932=EDGE_LOOP('',(#1392,#1393,#1394,#1395));
#933=EDGE_LOOP('',(#1396,#1397,#1398,#1399,#1400,#1401,#1402,#1403,#1404,
#1405,#1406,#1407));
#934=EDGE_LOOP('',(#1408,#1409,#1410,#1411));
#935=EDGE_LOOP('',(#1412,#1413,#1414,#1415));
#936=EDGE_LOOP('',(#1416,#1417,#1418,#1419));
#937=EDGE_LOOP('',(#1420,#1421,#1422,#1423));
#938=EDGE_LOOP('',(#1424,#1425,#1426,#1427));
#939=EDGE_LOOP('',(#1428,#1429,#1430,#1431));
#940=EDGE_LOOP('',(#1432,#1433,#1434,#1435));
#941=EDGE_LOOP('',(#1436,#1437,#1438,#1439));
#942=EDGE_LOOP('',(#1440,#1441,#1442,#1443));
#943=EDGE_LOOP('',(#1444,#1445,#1446,#1447));
#944=EDGE_LOOP('',(#1448,#1449,#1450,#1451));
#945=EDGE_LOOP('',(#1452,#1453,#1454,#1455));
#946=EDGE_LOOP('',(#1456,#1457,#1458,#1459));
#947=EDGE_LOOP('',(#1460,#1461,#1462,#1463));
#948=EDGE_LOOP('',(#1464,#1465,#1466,#1467));
#949=EDGE_LOOP('',(#1468,#1469,#1470,#1471));
#950=EDGE_LOOP('',(#1472,#1473,#1474,#1475));
#951=EDGE_LOOP('',(#1476,#1477,#1478,#1479));
#952=EDGE_LOOP('',(#1480,#1481,#1482,#1483));
#953=EDGE_LOOP('',(#1484,#1485,#1486,#1487));
#954=ORIENTED_EDGE('',*,*,#1668,.T.);
#955=ORIENTED_EDGE('',*,*,#1669,.T.);
#956=ORIENTED_EDGE('',*,*,#1670,.T.);
#957=ORIENTED_EDGE('',*,*,#1671,.T.);
#958=ORIENTED_EDGE('',*,*,#1672,.T.);
#959=ORIENTED_EDGE('',*,*,#1673,.F.);
#960=ORIENTED_EDGE('',*,*,#1674,.T.);
#961=ORIENTED_EDGE('',*,*,#1675,.F.);
#962=ORIENTED_EDGE('',*,*,#1676,.T.);
#963=ORIENTED_EDGE('',*,*,#1677,.T.);
#964=ORIENTED_EDGE('',*,*,#1678,.T.);
#965=ORIENTED_EDGE('',*,*,#1679,.F.);
#966=ORIENTED_EDGE('',*,*,#1680,.T.);
#967=ORIENTED_EDGE('',*,*,#1681,.F.);
#968=ORIENTED_EDGE('',*,*,#1682,.T.);
#969=ORIENTED_EDGE('',*,*,#1683,.F.);
#970=ORIENTED_EDGE('',*,*,#1684,.T.);
#971=ORIENTED_EDGE('',*,*,#1685,.T.);
#972=ORIENTED_EDGE('',*,*,#1686,.T.);
#973=ORIENTED_EDGE('',*,*,#1687,.F.);
#974=ORIENTED_EDGE('',*,*,#1688,.T.);
#975=ORIENTED_EDGE('',*,*,#1689,.F.);
#976=ORIENTED_EDGE('',*,*,#1690,.T.);
#977=ORIENTED_EDGE('',*,*,#1691,.F.);
#978=ORIENTED_EDGE('',*,*,#1692,.T.);
#979=ORIENTED_EDGE('',*,*,#1693,.T.);
#980=ORIENTED_EDGE('',*,*,#1694,.T.);
#981=ORIENTED_EDGE('',*,*,#1695,.F.);
#982=ORIENTED_EDGE('',*,*,#1696,.T.);
#983=ORIENTED_EDGE('',*,*,#1697,.F.);
#984=ORIENTED_EDGE('',*,*,#1698,.T.);
#985=ORIENTED_EDGE('',*,*,#1699,.F.);
#986=ORIENTED_EDGE('',*,*,#1700,.T.);
#987=ORIENTED_EDGE('',*,*,#1701,.F.);
#988=ORIENTED_EDGE('',*,*,#1702,.F.);
#989=ORIENTED_EDGE('',*,*,#1703,.F.);
#990=ORIENTED_EDGE('',*,*,#1704,.F.);
#991=ORIENTED_EDGE('',*,*,#1705,.F.);
#992=ORIENTED_EDGE('',*,*,#1706,.F.);
#993=ORIENTED_EDGE('',*,*,#1707,.F.);
#994=ORIENTED_EDGE('',*,*,#1708,.F.);
#995=ORIENTED_EDGE('',*,*,#1709,.F.);
#996=ORIENTED_EDGE('',*,*,#1710,.F.);
#997=ORIENTED_EDGE('',*,*,#1711,.F.);
#998=ORIENTED_EDGE('',*,*,#1712,.T.);
#999=ORIENTED_EDGE('',*,*,#1713,.F.);
#1000=ORIENTED_EDGE('',*,*,#1700,.F.);
#1001=ORIENTED_EDGE('',*,*,#1698,.F.);
#1002=ORIENTED_EDGE('',*,*,#1696,.F.);
#1003=ORIENTED_EDGE('',*,*,#1694,.F.);
#1004=ORIENTED_EDGE('',*,*,#1684,.F.);
#1005=ORIENTED_EDGE('',*,*,#1714,.T.);
#1006=ORIENTED_EDGE('',*,*,#1715,.F.);
#1007=ORIENTED_EDGE('',*,*,#1716,.T.);
#1008=ORIENTED_EDGE('',*,*,#1688,.F.);
#1009=ORIENTED_EDGE('',*,*,#1717,.F.);
#1010=ORIENTED_EDGE('',*,*,#1686,.F.);
#1011=ORIENTED_EDGE('',*,*,#1718,.F.);
#1012=ORIENTED_EDGE('',*,*,#1719,.F.);
#1013=ORIENTED_EDGE('',*,*,#1720,.T.);
#1014=ORIENTED_EDGE('',*,*,#1705,.T.);
#1015=ORIENTED_EDGE('',*,*,#1721,.T.);
#1016=ORIENTED_EDGE('',*,*,#1715,.T.);
#1017=ORIENTED_EDGE('',*,*,#1722,.F.);
#1018=ORIENTED_EDGE('',*,*,#1711,.T.);
#1019=ORIENTED_EDGE('',*,*,#1723,.F.);
#1020=ORIENTED_EDGE('',*,*,#1724,.F.);
#1021=ORIENTED_EDGE('',*,*,#1725,.T.);
#1022=ORIENTED_EDGE('',*,*,#1707,.T.);
#1023=ORIENTED_EDGE('',*,*,#1726,.F.);
#1024=ORIENTED_EDGE('',*,*,#1727,.T.);
#1025=ORIENTED_EDGE('',*,*,#1728,.F.);
#1026=ORIENTED_EDGE('',*,*,#1729,.F.);
#1027=ORIENTED_EDGE('',*,*,#1730,.F.);
#1028=ORIENTED_EDGE('',*,*,#1709,.T.);
#1029=ORIENTED_EDGE('',*,*,#1731,.F.);
#1030=ORIENTED_EDGE('',*,*,#1732,.F.);
#1031=ORIENTED_EDGE('',*,*,#1733,.F.);
#1032=ORIENTED_EDGE('',*,*,#1713,.T.);
#1033=ORIENTED_EDGE('',*,*,#1734,.T.);
#1034=ORIENTED_EDGE('',*,*,#1675,.T.);
#1035=ORIENTED_EDGE('',*,*,#1735,.T.);
#1036=ORIENTED_EDGE('',*,*,#1703,.T.);
#1037=ORIENTED_EDGE('',*,*,#1736,.F.);
#1038=ORIENTED_EDGE('',*,*,#1737,.F.);
#1039=ORIENTED_EDGE('',*,*,#1677,.F.);
#1040=ORIENTED_EDGE('',*,*,#1738,.T.);
#1041=ORIENTED_EDGE('',*,*,#1722,.T.);
#1042=ORIENTED_EDGE('',*,*,#1714,.F.);
#1043=ORIENTED_EDGE('',*,*,#1693,.F.);
#1044=ORIENTED_EDGE('',*,*,#1739,.T.);
#1045=ORIENTED_EDGE('',*,*,#1721,.F.);
#1046=ORIENTED_EDGE('',*,*,#1740,.T.);
#1047=ORIENTED_EDGE('',*,*,#1673,.T.);
#1048=ORIENTED_EDGE('',*,*,#1741,.T.);
#1049=ORIENTED_EDGE('',*,*,#1689,.T.);
#1050=ORIENTED_EDGE('',*,*,#1716,.F.);
#1051=ORIENTED_EDGE('',*,*,#1679,.T.);
#1052=ORIENTED_EDGE('',*,*,#1742,.T.);
#1053=ORIENTED_EDGE('',*,*,#1691,.T.);
#1054=ORIENTED_EDGE('',*,*,#1743,.T.);
#1055=ORIENTED_EDGE('',*,*,#1676,.F.);
#1056=ORIENTED_EDGE('',*,*,#1734,.F.);
#1057=ORIENTED_EDGE('',*,*,#1712,.F.);
#1058=ORIENTED_EDGE('',*,*,#1738,.F.);
#1059=ORIENTED_EDGE('',*,*,#1704,.T.);
#1060=ORIENTED_EDGE('',*,*,#1735,.F.);
#1061=ORIENTED_EDGE('',*,*,#1674,.F.);
#1062=ORIENTED_EDGE('',*,*,#1740,.F.);
#1063=ORIENTED_EDGE('',*,*,#1678,.F.);
#1064=ORIENTED_EDGE('',*,*,#1739,.F.);
#1065=ORIENTED_EDGE('',*,*,#1692,.F.);
#1066=ORIENTED_EDGE('',*,*,#1742,.F.);
#1067=ORIENTED_EDGE('',*,*,#1690,.F.);
#1068=ORIENTED_EDGE('',*,*,#1741,.F.);
#1069=ORIENTED_EDGE('',*,*,#1680,.F.);
#1070=ORIENTED_EDGE('',*,*,#1743,.F.);
#1071=ORIENTED_EDGE('',*,*,#1744,.F.);
#1072=ORIENTED_EDGE('',*,*,#1724,.T.);
#1073=ORIENTED_EDGE('',*,*,#1745,.F.);
#1074=ORIENTED_EDGE('',*,*,#1746,.F.);
#1075=ORIENTED_EDGE('',*,*,#1701,.T.);
#1076=ORIENTED_EDGE('',*,*,#1708,.T.);
#1077=ORIENTED_EDGE('',*,*,#1725,.F.);
#1078=ORIENTED_EDGE('',*,*,#1744,.T.);
#1079=ORIENTED_EDGE('',*,*,#1747,.F.);
#1080=ORIENTED_EDGE('',*,*,#1731,.T.);
#1081=ORIENTED_EDGE('',*,*,#1710,.T.);
#1082=ORIENTED_EDGE('',*,*,#1733,.T.);
#1083=ORIENTED_EDGE('',*,*,#1748,.T.);
#1084=ORIENTED_EDGE('',*,*,#1745,.T.);
#1085=ORIENTED_EDGE('',*,*,#1723,.T.);
#1086=ORIENTED_EDGE('',*,*,#1732,.T.);
#1087=ORIENTED_EDGE('',*,*,#1747,.T.);
#1088=ORIENTED_EDGE('',*,*,#1746,.T.);
#1089=ORIENTED_EDGE('',*,*,#1748,.F.);
#1090=ORIENTED_EDGE('',*,*,#1749,.F.);
#1091=ORIENTED_EDGE('',*,*,#1719,.T.);
#1092=ORIENTED_EDGE('',*,*,#1750,.F.);
#1093=ORIENTED_EDGE('',*,*,#1751,.F.);
#1094=ORIENTED_EDGE('',*,*,#1697,.T.);
#1095=ORIENTED_EDGE('',*,*,#1702,.T.);
#1096=ORIENTED_EDGE('',*,*,#1720,.F.);
#1097=ORIENTED_EDGE('',*,*,#1749,.T.);
#1098=ORIENTED_EDGE('',*,*,#1752,.F.);
#1099=ORIENTED_EDGE('',*,*,#1728,.T.);
#1100=ORIENTED_EDGE('',*,*,#1706,.T.);
#1101=ORIENTED_EDGE('',*,*,#1730,.T.);
#1102=ORIENTED_EDGE('',*,*,#1753,.T.);
#1103=ORIENTED_EDGE('',*,*,#1750,.T.);
#1104=ORIENTED_EDGE('',*,*,#1726,.T.);
#1105=ORIENTED_EDGE('',*,*,#1729,.T.);
#1106=ORIENTED_EDGE('',*,*,#1752,.T.);
#1107=ORIENTED_EDGE('',*,*,#1751,.T.);
#1108=ORIENTED_EDGE('',*,*,#1753,.F.);
#1109=ORIENTED_EDGE('',*,*,#1754,.F.);
#1110=ORIENTED_EDGE('',*,*,#1699,.T.);
#1111=ORIENTED_EDGE('',*,*,#1754,.T.);
#1112=ORIENTED_EDGE('',*,*,#1737,.T.);
#1113=ORIENTED_EDGE('',*,*,#1755,.F.);
#1114=ORIENTED_EDGE('',*,*,#1695,.T.);
#1115=ORIENTED_EDGE('',*,*,#1755,.T.);
#1116=ORIENTED_EDGE('',*,*,#1736,.T.);
#1117=ORIENTED_EDGE('',*,*,#1756,.T.);
#1118=ORIENTED_EDGE('',*,*,#1757,.T.);
#1119=ORIENTED_EDGE('',*,*,#1757,.F.);
#1120=ORIENTED_EDGE('',*,*,#1727,.F.);
#1121=ORIENTED_EDGE('',*,*,#1756,.F.);
#1122=ORIENTED_EDGE('',*,*,#1758,.T.);
#1123=ORIENTED_EDGE('',*,*,#1682,.F.);
#1124=ORIENTED_EDGE('',*,*,#1759,.T.);
#1125=ORIENTED_EDGE('',*,*,#1681,.T.);
#1126=ORIENTED_EDGE('',*,*,#1760,.T.);
#1127=ORIENTED_EDGE('',*,*,#1683,.T.);
#1128=ORIENTED_EDGE('',*,*,#1717,.T.);
#1129=ORIENTED_EDGE('',*,*,#1761,.T.);
#1130=ORIENTED_EDGE('',*,*,#1762,.T.);
#1131=ORIENTED_EDGE('',*,*,#1687,.T.);
#1132=ORIENTED_EDGE('',*,*,#1761,.F.);
#1133=ORIENTED_EDGE('',*,*,#1718,.T.);
#1134=ORIENTED_EDGE('',*,*,#1763,.F.);
#1135=ORIENTED_EDGE('',*,*,#1764,.T.);
#1136=ORIENTED_EDGE('',*,*,#1685,.F.);
#1137=ORIENTED_EDGE('',*,*,#1763,.T.);
#1138=ORIENTED_EDGE('',*,*,#1668,.F.);
#1139=ORIENTED_EDGE('',*,*,#1760,.F.);
#1140=ORIENTED_EDGE('',*,*,#1764,.F.);
#1141=ORIENTED_EDGE('',*,*,#1669,.F.);
#1142=ORIENTED_EDGE('',*,*,#1670,.F.);
#1143=ORIENTED_EDGE('',*,*,#1759,.F.);
#1144=ORIENTED_EDGE('',*,*,#1671,.F.);
#1145=ORIENTED_EDGE('',*,*,#1762,.F.);
#1146=ORIENTED_EDGE('',*,*,#1758,.F.);
#1147=ORIENTED_EDGE('',*,*,#1672,.F.);
#1148=ORIENTED_EDGE('',*,*,#1765,.T.);
#1149=ORIENTED_EDGE('',*,*,#1766,.T.);
#1150=ORIENTED_EDGE('',*,*,#1767,.F.);
#1151=ORIENTED_EDGE('',*,*,#1768,.T.);
#1152=ORIENTED_EDGE('',*,*,#1769,.F.);
#1153=ORIENTED_EDGE('',*,*,#1770,.T.);
#1154=ORIENTED_EDGE('',*,*,#1771,.F.);
#1155=ORIENTED_EDGE('',*,*,#1768,.F.);
#1156=ORIENTED_EDGE('',*,*,#1772,.T.);
#1157=ORIENTED_EDGE('',*,*,#1773,.T.);
#1158=ORIENTED_EDGE('',*,*,#1774,.T.);
#1159=ORIENTED_EDGE('',*,*,#1775,.T.);
#1160=ORIENTED_EDGE('',*,*,#1776,.T.);
#1161=ORIENTED_EDGE('',*,*,#1777,.T.);
#1162=ORIENTED_EDGE('',*,*,#1778,.T.);
#1163=ORIENTED_EDGE('',*,*,#1779,.T.);
#1164=ORIENTED_EDGE('',*,*,#1767,.T.);
#1165=ORIENTED_EDGE('',*,*,#1780,.T.);
#1166=ORIENTED_EDGE('',*,*,#1781,.T.);
#1167=ORIENTED_EDGE('',*,*,#1782,.T.);
#1168=ORIENTED_EDGE('',*,*,#1783,.T.);
#1169=ORIENTED_EDGE('',*,*,#1784,.T.);
#1170=ORIENTED_EDGE('',*,*,#1785,.F.);
#1171=ORIENTED_EDGE('',*,*,#1774,.F.);
#1172=ORIENTED_EDGE('',*,*,#1786,.T.);
#1173=ORIENTED_EDGE('',*,*,#1778,.F.);
#1174=ORIENTED_EDGE('',*,*,#1787,.T.);
#1175=ORIENTED_EDGE('',*,*,#1769,.T.);
#1176=ORIENTED_EDGE('',*,*,#1788,.T.);
#1177=ORIENTED_EDGE('',*,*,#1789,.T.);
#1178=ORIENTED_EDGE('',*,*,#1790,.T.);
#1179=ORIENTED_EDGE('',*,*,#1791,.T.);
#1180=ORIENTED_EDGE('',*,*,#1792,.T.);
#1181=ORIENTED_EDGE('',*,*,#1793,.T.);
#1182=ORIENTED_EDGE('',*,*,#1794,.T.);
#1183=ORIENTED_EDGE('',*,*,#1795,.T.);
#1184=ORIENTED_EDGE('',*,*,#1796,.F.);
#1185=ORIENTED_EDGE('',*,*,#1797,.F.);
#1186=ORIENTED_EDGE('',*,*,#1798,.T.);
#1187=ORIENTED_EDGE('',*,*,#1799,.F.);
#1188=ORIENTED_EDGE('',*,*,#1800,.T.);
#1189=ORIENTED_EDGE('',*,*,#1801,.T.);
#1190=ORIENTED_EDGE('',*,*,#1802,.T.);
#1191=ORIENTED_EDGE('',*,*,#1803,.T.);
#1192=ORIENTED_EDGE('',*,*,#1804,.T.);
#1193=ORIENTED_EDGE('',*,*,#1805,.F.);
#1194=ORIENTED_EDGE('',*,*,#1806,.T.);
#1195=ORIENTED_EDGE('',*,*,#1807,.F.);
#1196=ORIENTED_EDGE('',*,*,#1808,.T.);
#1197=ORIENTED_EDGE('',*,*,#1809,.T.);
#1198=ORIENTED_EDGE('',*,*,#1810,.T.);
#1199=ORIENTED_EDGE('',*,*,#1811,.T.);
#1200=ORIENTED_EDGE('',*,*,#1812,.T.);
#1201=ORIENTED_EDGE('',*,*,#1813,.F.);
#1202=ORIENTED_EDGE('',*,*,#1814,.F.);
#1203=ORIENTED_EDGE('',*,*,#1815,.T.);
#1204=ORIENTED_EDGE('',*,*,#1816,.T.);
#1205=ORIENTED_EDGE('',*,*,#1817,.F.);
#1206=ORIENTED_EDGE('',*,*,#1818,.F.);
#1207=ORIENTED_EDGE('',*,*,#1819,.T.);
#1208=ORIENTED_EDGE('',*,*,#1820,.T.);
#1209=ORIENTED_EDGE('',*,*,#1821,.F.);
#1210=ORIENTED_EDGE('',*,*,#1822,.F.);
#1211=ORIENTED_EDGE('',*,*,#1821,.T.);
#1212=ORIENTED_EDGE('',*,*,#1817,.T.);
#1213=ORIENTED_EDGE('',*,*,#1813,.T.);
#1214=ORIENTED_EDGE('',*,*,#1823,.F.);
#1215=ORIENTED_EDGE('',*,*,#1824,.T.);
#1216=ORIENTED_EDGE('',*,*,#1825,.F.);
#1217=ORIENTED_EDGE('',*,*,#1826,.T.);
#1218=ORIENTED_EDGE('',*,*,#1827,.F.);
#1219=ORIENTED_EDGE('',*,*,#1828,.T.);
#1220=ORIENTED_EDGE('',*,*,#1829,.F.);
#1221=ORIENTED_EDGE('',*,*,#1830,.T.);
#1222=ORIENTED_EDGE('',*,*,#1815,.F.);
#1223=ORIENTED_EDGE('',*,*,#1819,.F.);
#1224=ORIENTED_EDGE('',*,*,#1831,.T.);
#1225=ORIENTED_EDGE('',*,*,#1832,.T.);
#1226=ORIENTED_EDGE('',*,*,#1833,.T.);
#1227=ORIENTED_EDGE('',*,*,#1834,.T.);
#1228=ORIENTED_EDGE('',*,*,#1835,.T.);
#1229=ORIENTED_EDGE('',*,*,#1836,.T.);
#1230=ORIENTED_EDGE('',*,*,#1837,.T.);
#1231=ORIENTED_EDGE('',*,*,#1838,.T.);
#1232=ORIENTED_EDGE('',*,*,#1839,.T.);
#1233=ORIENTED_EDGE('',*,*,#1840,.T.);
#1234=ORIENTED_EDGE('',*,*,#1841,.T.);
#1235=ORIENTED_EDGE('',*,*,#1842,.T.);
#1236=ORIENTED_EDGE('',*,*,#1843,.T.);
#1237=ORIENTED_EDGE('',*,*,#1844,.T.);
#1238=ORIENTED_EDGE('',*,*,#1845,.T.);
#1239=ORIENTED_EDGE('',*,*,#1846,.T.);
#1240=ORIENTED_EDGE('',*,*,#1847,.T.);
#1241=ORIENTED_EDGE('',*,*,#1848,.T.);
#1242=ORIENTED_EDGE('',*,*,#1849,.T.);
#1243=ORIENTED_EDGE('',*,*,#1850,.T.);
#1244=ORIENTED_EDGE('',*,*,#1851,.T.);
#1245=ORIENTED_EDGE('',*,*,#1852,.T.);
#1246=ORIENTED_EDGE('',*,*,#1853,.T.);
#1247=ORIENTED_EDGE('',*,*,#1823,.T.);
#1248=ORIENTED_EDGE('',*,*,#1854,.T.);
#1249=ORIENTED_EDGE('',*,*,#1855,.T.);
#1250=ORIENTED_EDGE('',*,*,#1856,.T.);
#1251=ORIENTED_EDGE('',*,*,#1825,.T.);
#1252=ORIENTED_EDGE('',*,*,#1857,.T.);
#1253=ORIENTED_EDGE('',*,*,#1858,.T.);
#1254=ORIENTED_EDGE('',*,*,#1859,.T.);
#1255=ORIENTED_EDGE('',*,*,#1827,.T.);
#1256=ORIENTED_EDGE('',*,*,#1860,.T.);
#1257=ORIENTED_EDGE('',*,*,#1861,.T.);
#1258=ORIENTED_EDGE('',*,*,#1862,.T.);
#1259=ORIENTED_EDGE('',*,*,#1829,.T.);
#1260=ORIENTED_EDGE('',*,*,#1853,.F.);
#1261=ORIENTED_EDGE('',*,*,#1863,.T.);
#1262=ORIENTED_EDGE('',*,*,#1854,.F.);
#1263=ORIENTED_EDGE('',*,*,#1824,.F.);
#1264=ORIENTED_EDGE('',*,*,#1856,.F.);
#1265=ORIENTED_EDGE('',*,*,#1864,.T.);
#1266=ORIENTED_EDGE('',*,*,#1857,.F.);
#1267=ORIENTED_EDGE('',*,*,#1826,.F.);
#1268=ORIENTED_EDGE('',*,*,#1859,.F.);
#1269=ORIENTED_EDGE('',*,*,#1865,.T.);
#1270=ORIENTED_EDGE('',*,*,#1860,.F.);
#1271=ORIENTED_EDGE('',*,*,#1828,.F.);
#1272=ORIENTED_EDGE('',*,*,#1862,.F.);
#1273=ORIENTED_EDGE('',*,*,#1866,.T.);
#1274=ORIENTED_EDGE('',*,*,#1851,.F.);
#1275=ORIENTED_EDGE('',*,*,#1830,.F.);
#1276=ORIENTED_EDGE('',*,*,#1833,.F.);
#1277=ORIENTED_EDGE('',*,*,#1867,.T.);
#1278=ORIENTED_EDGE('',*,*,#1847,.F.);
#1279=ORIENTED_EDGE('',*,*,#1868,.T.);
#1280=ORIENTED_EDGE('',*,*,#1849,.F.);
#1281=ORIENTED_EDGE('',*,*,#1869,.T.);
#1282=ORIENTED_EDGE('',*,*,#1845,.F.);
#1283=ORIENTED_EDGE('',*,*,#1870,.T.);
#1284=ORIENTED_EDGE('',*,*,#1871,.T.);
#1285=ORIENTED_EDGE('',*,*,#1872,.T.);
#1286=ORIENTED_EDGE('',*,*,#1837,.F.);
#1287=ORIENTED_EDGE('',*,*,#1873,.T.);
#1288=ORIENTED_EDGE('',*,*,#1843,.F.);
#1289=ORIENTED_EDGE('',*,*,#1874,.T.);
#1290=ORIENTED_EDGE('',*,*,#1875,.T.);
#1291=ORIENTED_EDGE('',*,*,#1876,.T.);
#1292=ORIENTED_EDGE('',*,*,#1835,.F.);
#1293=ORIENTED_EDGE('',*,*,#1877,.T.);
#1294=ORIENTED_EDGE('',*,*,#1839,.F.);
#1295=ORIENTED_EDGE('',*,*,#1878,.T.);
#1296=ORIENTED_EDGE('',*,*,#1879,.F.);
#1297=ORIENTED_EDGE('',*,*,#1870,.F.);
#1298=ORIENTED_EDGE('',*,*,#1880,.F.);
#1299=ORIENTED_EDGE('',*,*,#1811,.F.);
#1300=ORIENTED_EDGE('',*,*,#1881,.F.);
#1301=ORIENTED_EDGE('',*,*,#1812,.F.);
#1302=ORIENTED_EDGE('',*,*,#1880,.T.);
#1303=ORIENTED_EDGE('',*,*,#1844,.F.);
#1304=ORIENTED_EDGE('',*,*,#1882,.F.);
#1305=ORIENTED_EDGE('',*,*,#1800,.F.);
#1306=ORIENTED_EDGE('',*,*,#1883,.F.);
#1307=ORIENTED_EDGE('',*,*,#1798,.F.);
#1308=ORIENTED_EDGE('',*,*,#1879,.T.);
#1309=ORIENTED_EDGE('',*,*,#1810,.F.);
#1310=ORIENTED_EDGE('',*,*,#1884,.F.);
#1311=ORIENTED_EDGE('',*,*,#1850,.F.);
#1312=ORIENTED_EDGE('',*,*,#1882,.T.);
#1313=ORIENTED_EDGE('',*,*,#1873,.F.);
#1314=ORIENTED_EDGE('',*,*,#1885,.F.);
#1315=ORIENTED_EDGE('',*,*,#1801,.F.);
#1316=ORIENTED_EDGE('',*,*,#1884,.T.);
#1317=ORIENTED_EDGE('',*,*,#1809,.F.);
#1318=ORIENTED_EDGE('',*,*,#1886,.F.);
#1319=ORIENTED_EDGE('',*,*,#1868,.F.);
#1320=ORIENTED_EDGE('',*,*,#1885,.T.);
#1321=ORIENTED_EDGE('',*,*,#1840,.F.);
#1322=ORIENTED_EDGE('',*,*,#1887,.F.);
#1323=ORIENTED_EDGE('',*,*,#1802,.F.);
#1324=ORIENTED_EDGE('',*,*,#1888,.F.);
#1325=ORIENTED_EDGE('',*,*,#1804,.F.);
#1326=ORIENTED_EDGE('',*,*,#1889,.F.);
#1327=ORIENTED_EDGE('',*,*,#1834,.F.);
#1328=ORIENTED_EDGE('',*,*,#1886,.T.);
#1329=ORIENTED_EDGE('',*,*,#1808,.F.);
#1330=ORIENTED_EDGE('',*,*,#1890,.F.);
#1331=ORIENTED_EDGE('',*,*,#1806,.F.);
#1332=ORIENTED_EDGE('',*,*,#1887,.T.);
#1333=ORIENTED_EDGE('',*,*,#1877,.F.);
#1334=ORIENTED_EDGE('',*,*,#1889,.T.);
#1335=ORIENTED_EDGE('',*,*,#1803,.F.);
#1336=ORIENTED_EDGE('',*,*,#1891,.F.);
#1337=ORIENTED_EDGE('',*,*,#1822,.T.);
#1338=ORIENTED_EDGE('',*,*,#1881,.T.);
#1339=ORIENTED_EDGE('',*,*,#1797,.T.);
#1340=ORIENTED_EDGE('',*,*,#1891,.T.);
#1341=ORIENTED_EDGE('',*,*,#1883,.T.);
#1342=ORIENTED_EDGE('',*,*,#1799,.T.);
#1343=ORIENTED_EDGE('',*,*,#1892,.T.);
#1344=ORIENTED_EDGE('',*,*,#1820,.F.);
#1345=ORIENTED_EDGE('',*,*,#1892,.F.);
#1346=ORIENTED_EDGE('',*,*,#1893,.F.);
#1347=ORIENTED_EDGE('',*,*,#1818,.T.);
#1348=ORIENTED_EDGE('',*,*,#1888,.T.);
#1349=ORIENTED_EDGE('',*,*,#1805,.T.);
#1350=ORIENTED_EDGE('',*,*,#1893,.T.);
#1351=ORIENTED_EDGE('',*,*,#1890,.T.);
#1352=ORIENTED_EDGE('',*,*,#1807,.T.);
#1353=ORIENTED_EDGE('',*,*,#1894,.T.);
#1354=ORIENTED_EDGE('',*,*,#1816,.F.);
#1355=ORIENTED_EDGE('',*,*,#1894,.F.);
#1356=ORIENTED_EDGE('',*,*,#1895,.F.);
#1357=ORIENTED_EDGE('',*,*,#1814,.T.);
#1358=ORIENTED_EDGE('',*,*,#1895,.T.);
#1359=ORIENTED_EDGE('',*,*,#1796,.T.);
#1360=ORIENTED_EDGE('',*,*,#1896,.F.);
#1361=ORIENTED_EDGE('',*,*,#1793,.F.);
#1362=ORIENTED_EDGE('',*,*,#1897,.F.);
#1363=ORIENTED_EDGE('',*,*,#1852,.F.);
#1364=ORIENTED_EDGE('',*,*,#1897,.T.);
#1365=ORIENTED_EDGE('',*,*,#1792,.F.);
#1366=ORIENTED_EDGE('',*,*,#1898,.F.);
#1367=ORIENTED_EDGE('',*,*,#1863,.F.);
#1368=ORIENTED_EDGE('',*,*,#1896,.T.);
#1369=ORIENTED_EDGE('',*,*,#1866,.F.);
#1370=ORIENTED_EDGE('',*,*,#1899,.F.);
#1371=ORIENTED_EDGE('',*,*,#1794,.F.);
#1372=ORIENTED_EDGE('',*,*,#1898,.T.);
#1373=ORIENTED_EDGE('',*,*,#1791,.F.);
#1374=ORIENTED_EDGE('',*,*,#1900,.F.);
#1375=ORIENTED_EDGE('',*,*,#1855,.F.);
#1376=ORIENTED_EDGE('',*,*,#1899,.T.);
#1377=ORIENTED_EDGE('',*,*,#1861,.F.);
#1378=ORIENTED_EDGE('',*,*,#1901,.F.);
#1379=ORIENTED_EDGE('',*,*,#1795,.F.);
#1380=ORIENTED_EDGE('',*,*,#1900,.T.);
#1381=ORIENTED_EDGE('',*,*,#1790,.F.);
#1382=ORIENTED_EDGE('',*,*,#1902,.F.);
#1383=ORIENTED_EDGE('',*,*,#1864,.F.);
#1384=ORIENTED_EDGE('',*,*,#1901,.T.);
#1385=ORIENTED_EDGE('',*,*,#1865,.F.);
#1386=ORIENTED_EDGE('',*,*,#1903,.F.);
#1387=ORIENTED_EDGE('',*,*,#1788,.F.);
#1388=ORIENTED_EDGE('',*,*,#1902,.T.);
#1389=ORIENTED_EDGE('',*,*,#1789,.F.);
#1390=ORIENTED_EDGE('',*,*,#1903,.T.);
#1391=ORIENTED_EDGE('',*,*,#1858,.F.);
#1392=ORIENTED_EDGE('',*,*,#1785,.T.);
#1393=ORIENTED_EDGE('',*,*,#1904,.T.);
#1394=ORIENTED_EDGE('',*,*,#1905,.T.);
#1395=ORIENTED_EDGE('',*,*,#1775,.F.);
#1396=ORIENTED_EDGE('',*,*,#1906,.T.);
#1397=ORIENTED_EDGE('',*,*,#1907,.T.);
#1398=ORIENTED_EDGE('',*,*,#1908,.T.);
#1399=ORIENTED_EDGE('',*,*,#1765,.F.);
#1400=ORIENTED_EDGE('',*,*,#1771,.T.);
#1401=ORIENTED_EDGE('',*,*,#1909,.T.);
#1402=ORIENTED_EDGE('',*,*,#1776,.F.);
#1403=ORIENTED_EDGE('',*,*,#1910,.T.);
#1404=ORIENTED_EDGE('',*,*,#1772,.F.);
#1405=ORIENTED_EDGE('',*,*,#1905,.F.);
#1406=ORIENTED_EDGE('',*,*,#1911,.T.);
#1407=ORIENTED_EDGE('',*,*,#1912,.T.);
#1408=ORIENTED_EDGE('',*,*,#1909,.F.);
#1409=ORIENTED_EDGE('',*,*,#1770,.F.);
#1410=ORIENTED_EDGE('',*,*,#1787,.F.);
#1411=ORIENTED_EDGE('',*,*,#1777,.F.);
#1412=ORIENTED_EDGE('',*,*,#1910,.F.);
#1413=ORIENTED_EDGE('',*,*,#1779,.F.);
#1414=ORIENTED_EDGE('',*,*,#1786,.F.);
#1415=ORIENTED_EDGE('',*,*,#1773,.F.);
#1416=ORIENTED_EDGE('',*,*,#1913,.T.);
#1417=ORIENTED_EDGE('',*,*,#1914,.T.);
#1418=ORIENTED_EDGE('',*,*,#1915,.T.);
#1419=ORIENTED_EDGE('',*,*,#1916,.T.);
#1420=ORIENTED_EDGE('',*,*,#1915,.F.);
#1421=ORIENTED_EDGE('',*,*,#1917,.T.);
#1422=ORIENTED_EDGE('',*,*,#1906,.F.);
#1423=ORIENTED_EDGE('',*,*,#1918,.T.);
#1424=ORIENTED_EDGE('',*,*,#1919,.F.);
#1425=ORIENTED_EDGE('',*,*,#1783,.F.);
#1426=ORIENTED_EDGE('',*,*,#1920,.F.);
#1427=ORIENTED_EDGE('',*,*,#1867,.F.);
#1428=ORIENTED_EDGE('',*,*,#1920,.T.);
#1429=ORIENTED_EDGE('',*,*,#1782,.F.);
#1430=ORIENTED_EDGE('',*,*,#1921,.F.);
#1431=ORIENTED_EDGE('',*,*,#1848,.F.);
#1432=ORIENTED_EDGE('',*,*,#1919,.T.);
#1433=ORIENTED_EDGE('',*,*,#1832,.F.);
#1434=ORIENTED_EDGE('',*,*,#1922,.F.);
#1435=ORIENTED_EDGE('',*,*,#1784,.F.);
#1436=ORIENTED_EDGE('',*,*,#1921,.T.);
#1437=ORIENTED_EDGE('',*,*,#1781,.F.);
#1438=ORIENTED_EDGE('',*,*,#1923,.F.);
#1439=ORIENTED_EDGE('',*,*,#1869,.F.);
#1440=ORIENTED_EDGE('',*,*,#1922,.T.);
#1441=ORIENTED_EDGE('',*,*,#1831,.F.);
#1442=ORIENTED_EDGE('',*,*,#1924,.F.);
#1443=ORIENTED_EDGE('',*,*,#1904,.F.);
#1444=ORIENTED_EDGE('',*,*,#1923,.T.);
#1445=ORIENTED_EDGE('',*,*,#1780,.F.);
#1446=ORIENTED_EDGE('',*,*,#1925,.F.);
#1447=ORIENTED_EDGE('',*,*,#1846,.F.);
#1448=ORIENTED_EDGE('',*,*,#1924,.T.);
#1449=ORIENTED_EDGE('',*,*,#1836,.F.);
#1450=ORIENTED_EDGE('',*,*,#1926,.F.);
#1451=ORIENTED_EDGE('',*,*,#1911,.F.);
#1452=ORIENTED_EDGE('',*,*,#1925,.T.);
#1453=ORIENTED_EDGE('',*,*,#1766,.F.);
#1454=ORIENTED_EDGE('',*,*,#1927,.F.);
#1455=ORIENTED_EDGE('',*,*,#1841,.F.);
#1456=ORIENTED_EDGE('',*,*,#1926,.T.);
#1457=ORIENTED_EDGE('',*,*,#1876,.F.);
#1458=ORIENTED_EDGE('',*,*,#1928,.F.);
#1459=ORIENTED_EDGE('',*,*,#1912,.F.);
#1460=ORIENTED_EDGE('',*,*,#1927,.T.);
#1461=ORIENTED_EDGE('',*,*,#1908,.F.);
#1462=ORIENTED_EDGE('',*,*,#1929,.F.);
#1463=ORIENTED_EDGE('',*,*,#1842,.F.);
#1464=ORIENTED_EDGE('',*,*,#1928,.T.);
#1465=ORIENTED_EDGE('',*,*,#1875,.F.);
#1466=ORIENTED_EDGE('',*,*,#1930,.F.);
#1467=ORIENTED_EDGE('',*,*,#1918,.F.);
#1468=ORIENTED_EDGE('',*,*,#1929,.T.);
#1469=ORIENTED_EDGE('',*,*,#1907,.F.);
#1470=ORIENTED_EDGE('',*,*,#1931,.F.);
#1471=ORIENTED_EDGE('',*,*,#1874,.F.);
#1472=ORIENTED_EDGE('',*,*,#1930,.T.);
#1473=ORIENTED_EDGE('',*,*,#1878,.F.);
#1474=ORIENTED_EDGE('',*,*,#1932,.F.);
#1475=ORIENTED_EDGE('',*,*,#1916,.F.);
#1476=ORIENTED_EDGE('',*,*,#1931,.T.);
#1477=ORIENTED_EDGE('',*,*,#1917,.F.);
#1478=ORIENTED_EDGE('',*,*,#1933,.F.);
#1479=ORIENTED_EDGE('',*,*,#1871,.F.);
#1480=ORIENTED_EDGE('',*,*,#1932,.T.);
#1481=ORIENTED_EDGE('',*,*,#1838,.F.);
#1482=ORIENTED_EDGE('',*,*,#1934,.F.);
#1483=ORIENTED_EDGE('',*,*,#1913,.F.);
#1484=ORIENTED_EDGE('',*,*,#1933,.T.);
#1485=ORIENTED_EDGE('',*,*,#1914,.F.);
#1486=ORIENTED_EDGE('',*,*,#1934,.T.);
#1487=ORIENTED_EDGE('',*,*,#1872,.F.);
#1488=VERTEX_POINT('',#2938);
#1489=VERTEX_POINT('',#2940);
#1490=VERTEX_POINT('',#2942);
#1491=VERTEX_POINT('',#2944);
#1492=VERTEX_POINT('',#2946);
#1493=VERTEX_POINT('',#2948);
#1494=VERTEX_POINT('',#2949);
#1495=VERTEX_POINT('',#2951);
#1496=VERTEX_POINT('',#2953);
#1497=VERTEX_POINT('',#2955);
#1498=VERTEX_POINT('',#2957);
#1499=VERTEX_POINT('',#2959);
#1500=VERTEX_POINT('',#2961);
#1501=VERTEX_POINT('',#2965);
#1502=VERTEX_POINT('',#2967);
#1503=VERTEX_POINT('',#2969);
#1504=VERTEX_POINT('',#2971);
#1505=VERTEX_POINT('',#2972);
#1506=VERTEX_POINT('',#2974);
#1507=VERTEX_POINT('',#2976);
#1508=VERTEX_POINT('',#2978);
#1509=VERTEX_POINT('',#2980);
#1510=VERTEX_POINT('',#2982);
#1511=VERTEX_POINT('',#2984);
#1512=VERTEX_POINT('',#2986);
#1513=VERTEX_POINT('',#2988);
#1514=VERTEX_POINT('',#2992);
#1515=VERTEX_POINT('',#2994);
#1516=VERTEX_POINT('',#2997);
#1517=VERTEX_POINT('',#2999);
#1518=VERTEX_POINT('',#3002);
#1519=VERTEX_POINT('',#3004);
#1520=VERTEX_POINT('',#3007);
#1521=VERTEX_POINT('',#3009);
#1522=VERTEX_POINT('',#3030);
#1523=VERTEX_POINT('',#3031);
#1524=VERTEX_POINT('',#3033);
#1525=VERTEX_POINT('',#3035);
#1526=VERTEX_POINT('',#3054);
#1527=VERTEX_POINT('',#3055);
#1528=VERTEX_POINT('',#3057);
#1529=VERTEX_POINT('',#3077);
#1530=VERTEX_POINT('',#3096);
#1531=VERTEX_POINT('',#3097);
#1532=VERTEX_POINT('',#3099);
#1533=VERTEX_POINT('',#3101);
#1534=VERTEX_POINT('',#3105);
#1535=VERTEX_POINT('',#3107);
#1536=VERTEX_POINT('',#3113);
#1537=VERTEX_POINT('',#3114);
#1538=VERTEX_POINT('',#3119);
#1539=VERTEX_POINT('',#3121);
#1540=VERTEX_POINT('',#3126);
#1541=VERTEX_POINT('',#3128);
#1542=VERTEX_POINT('',#3130);
#1543=VERTEX_POINT('',#3133);
#1544=VERTEX_POINT('',#3135);
#1545=VERTEX_POINT('',#3140);
#1546=VERTEX_POINT('',#3142);
#1547=VERTEX_POINT('',#3158);
#1548=VERTEX_POINT('',#3160);
#1549=VERTEX_POINT('',#3169);
#1550=VERTEX_POINT('',#3171);
#1551=VERTEX_POINT('',#3180);
#1552=VERTEX_POINT('',#3184);
#1553=VERTEX_POINT('',#3188);
#1554=VERTEX_POINT('',#3190);
#1555=VERTEX_POINT('',#3195);
#1556=VERTEX_POINT('',#3198);
#1557=VERTEX_POINT('',#3201);
#1558=VERTEX_POINT('',#3206);
#1559=VERTEX_POINT('',#3211);
#1560=VERTEX_POINT('',#3219);
#1561=VERTEX_POINT('',#3220);
#1562=VERTEX_POINT('',#3222);
#1563=VERTEX_POINT('',#3224);
#1564=VERTEX_POINT('',#3228);
#1565=VERTEX_POINT('',#3230);
#1566=VERTEX_POINT('',#3234);
#1567=VERTEX_POINT('',#3235);
#1568=VERTEX_POINT('',#3237);
#1569=VERTEX_POINT('',#3239);
#1570=VERTEX_POINT('',#3243);
#1571=VERTEX_POINT('',#3244);
#1572=VERTEX_POINT('',#3246);
#1573=VERTEX_POINT('',#3248);
#1574=VERTEX_POINT('',#3252);
#1575=VERTEX_POINT('',#3254);
#1576=VERTEX_POINT('',#3256);
#1577=VERTEX_POINT('',#3258);
#1578=VERTEX_POINT('',#3260);
#1579=VERTEX_POINT('',#3265);
#1580=VERTEX_POINT('',#3266);
#1581=VERTEX_POINT('',#3268);
#1582=VERTEX_POINT('',#3270);
#1583=VERTEX_POINT('',#3272);
#1584=VERTEX_POINT('',#3274);
#1585=VERTEX_POINT('',#3276);
#1586=VERTEX_POINT('',#3278);
#1587=VERTEX_POINT('',#3282);
#1588=VERTEX_POINT('',#3284);
#1589=VERTEX_POINT('',#3285);
#1590=VERTEX_POINT('',#3287);
#1591=VERTEX_POINT('',#3289);
#1592=VERTEX_POINT('',#3291);
#1593=VERTEX_POINT('',#3293);
#1594=VERTEX_POINT('',#3295);
#1595=VERTEX_POINT('',#3297);
#1596=VERTEX_POINT('',#3299);
#1597=VERTEX_POINT('',#3301);
#1598=VERTEX_POINT('',#3303);
#1599=VERTEX_POINT('',#3305);
#1600=VERTEX_POINT('',#3307);
#1601=VERTEX_POINT('',#3309);
#1602=VERTEX_POINT('',#3311);
#1603=VERTEX_POINT('',#3313);
#1604=VERTEX_POINT('',#3317);
#1605=VERTEX_POINT('',#3319);
#1606=VERTEX_POINT('',#3322);
#1607=VERTEX_POINT('',#3324);
#1608=VERTEX_POINT('',#3327);
#1609=VERTEX_POINT('',#3329);
#1610=VERTEX_POINT('',#3332);
#1611=VERTEX_POINT('',#3334);
#1612=VERTEX_POINT('',#3337);
#1613=VERTEX_POINT('',#3339);
#1614=VERTEX_POINT('',#3342);
#1615=VERTEX_POINT('',#3343);
#1616=VERTEX_POINT('',#3345);
#1617=VERTEX_POINT('',#3347);
#1618=VERTEX_POINT('',#3349);
#1619=VERTEX_POINT('',#3351);
#1620=VERTEX_POINT('',#3353);
#1621=VERTEX_POINT('',#3355);
#1622=VERTEX_POINT('',#3359);
#1623=VERTEX_POINT('',#3360);
#1624=VERTEX_POINT('',#3362);
#1625=VERTEX_POINT('',#3364);
#1626=VERTEX_POINT('',#3366);
#1627=VERTEX_POINT('',#3368);
#1628=VERTEX_POINT('',#3372);
#1629=VERTEX_POINT('',#3373);
#1630=VERTEX_POINT('',#3375);
#1631=VERTEX_POINT('',#3377);
#1632=VERTEX_POINT('',#3381);
#1633=VERTEX_POINT('',#3382);
#1634=VERTEX_POINT('',#3384);
#1635=VERTEX_POINT('',#3386);
#1636=VERTEX_POINT('',#3388);
#1637=VERTEX_POINT('',#3390);
#1638=VERTEX_POINT('',#3394);
#1639=VERTEX_POINT('',#3395);
#1640=VERTEX_POINT('',#3397);
#1641=VERTEX_POINT('',#3399);
#1642=VERTEX_POINT('',#3403);
#1643=VERTEX_POINT('',#3405);
#1644=VERTEX_POINT('',#3409);
#1645=VERTEX_POINT('',#3411);
#1646=VERTEX_POINT('',#3415);
#1647=VERTEX_POINT('',#3417);
#1648=VERTEX_POINT('',#3421);
#1649=VERTEX_POINT('',#3423);
#1650=VERTEX_POINT('',#3450);
#1651=VERTEX_POINT('',#3451);
#1652=VERTEX_POINT('',#3469);
#1653=VERTEX_POINT('',#3470);
#1654=VERTEX_POINT('',#3595);
#1655=VERTEX_POINT('',#3599);
#1656=VERTEX_POINT('',#3603);
#1657=VERTEX_POINT('',#3607);
#1658=VERTEX_POINT('',#3611);
#1659=VERTEX_POINT('',#3631);
#1660=VERTEX_POINT('',#3635);
#1661=VERTEX_POINT('',#3636);
#1662=VERTEX_POINT('',#3641);
#1663=VERTEX_POINT('',#3676);
#1664=VERTEX_POINT('',#3685);
#1665=VERTEX_POINT('',#3686);
#1666=VERTEX_POINT('',#3688);
#1667=VERTEX_POINT('',#3690);
#1668=EDGE_CURVE('',#1488,#1488,#1935,.T.);
#1669=EDGE_CURVE('',#1489,#1489,#1936,.T.);
#1670=EDGE_CURVE('',#1490,#1490,#1937,.T.);
#1671=EDGE_CURVE('',#1491,#1491,#1938,.T.);
#1672=EDGE_CURVE('',#1492,#1492,#1939,.T.);
#1673=EDGE_CURVE('',#1493,#1494,#450,.T.);
#1674=EDGE_CURVE('',#1493,#1495,#1940,.T.);
#1675=EDGE_CURVE('',#1496,#1495,#451,.T.);
#1676=EDGE_CURVE('',#1496,#1497,#1941,.T.);
#1677=EDGE_CURVE('',#1497,#1498,#452,.T.);
#1678=EDGE_CURVE('',#1498,#1499,#1942,.T.);
#1679=EDGE_CURVE('',#1500,#1499,#453,.T.);
#1680=EDGE_CURVE('',#1500,#1494,#1943,.T.);
#1681=EDGE_CURVE('',#1501,#1501,#1944,.T.);
#1682=EDGE_CURVE('',#1502,#1502,#1945,.T.);
#1683=EDGE_CURVE('',#1503,#1503,#1946,.T.);
#1684=EDGE_CURVE('',#1504,#1505,#454,.T.);
#1685=EDGE_CURVE('',#1505,#1506,#1947,.T.);
#1686=EDGE_CURVE('',#1506,#1507,#455,.T.);
#1687=EDGE_CURVE('',#1508,#1507,#1948,.T.);
#1688=EDGE_CURVE('',#1508,#1509,#456,.T.);
#1689=EDGE_CURVE('',#1510,#1509,#457,.T.);
#1690=EDGE_CURVE('',#1510,#1511,#1949,.T.);
#1691=EDGE_CURVE('',#1512,#1511,#458,.T.);
#1692=EDGE_CURVE('',#1512,#1513,#1950,.T.);
#1693=EDGE_CURVE('',#1513,#1504,#459,.T.);
#1694=EDGE_CURVE('',#1514,#1514,#1951,.T.);
#1695=EDGE_CURVE('',#1515,#1515,#1952,.T.);
#1696=EDGE_CURVE('',#1516,#1516,#1953,.T.);
#1697=EDGE_CURVE('',#1517,#1517,#1954,.T.);
#1698=EDGE_CURVE('',#1518,#1518,#1955,.T.);
#1699=EDGE_CURVE('',#1519,#1519,#1956,.T.);
#1700=EDGE_CURVE('',#1520,#1520,#1957,.T.);
#1701=EDGE_CURVE('',#1521,#1521,#1958,.T.);
#1702=EDGE_CURVE('',#1522,#1523,#217,.T.);
#1703=EDGE_CURVE('',#1524,#1522,#1959,.T.);
#1704=EDGE_CURVE('',#1525,#1524,#1960,.T.);
#1705=EDGE_CURVE('',#1523,#1525,#1961,.T.);
#1706=EDGE_CURVE('',#1526,#1527,#218,.T.);
#1707=EDGE_CURVE('',#1528,#1526,#1962,.T.);
#1708=EDGE_CURVE('',#1529,#1528,#219,.T.);
#1709=EDGE_CURVE('',#1527,#1529,#1963,.T.);
#1710=EDGE_CURVE('',#1530,#1531,#220,.T.);
#1711=EDGE_CURVE('',#1532,#1530,#1964,.T.);
#1712=EDGE_CURVE('',#1532,#1533,#1965,.T.);
#1713=EDGE_CURVE('',#1531,#1533,#1966,.T.);
#1714=EDGE_CURVE('',#1504,#1534,#460,.T.);
#1715=EDGE_CURVE('',#1535,#1534,#1967,.T.);
#1716=EDGE_CURVE('',#1535,#1509,#461,.T.);
#1717=EDGE_CURVE('',#1507,#1508,#462,.T.);
#1718=EDGE_CURVE('',#1505,#1506,#463,.T.);
#1719=EDGE_CURVE('',#1536,#1537,#1968,.T.);
#1720=EDGE_CURVE('',#1536,#1523,#464,.T.);
#1721=EDGE_CURVE('',#1525,#1535,#465,.T.);
#1722=EDGE_CURVE('',#1532,#1534,#466,.T.);
#1723=EDGE_CURVE('',#1538,#1530,#467,.T.);
#1724=EDGE_CURVE('',#1539,#1538,#1969,.T.);
#1725=EDGE_CURVE('',#1539,#1528,#468,.T.);
#1726=EDGE_CURVE('',#1537,#1526,#469,.T.);
#1727=EDGE_CURVE('',#1540,#1540,#1970,.T.);
#1728=EDGE_CURVE('',#1541,#1522,#470,.T.);
#1729=EDGE_CURVE('',#1542,#1541,#1971,.T.);
#1730=EDGE_CURVE('',#1527,#1542,#471,.T.);
#1731=EDGE_CURVE('',#1543,#1529,#472,.T.);
#1732=EDGE_CURVE('',#1544,#1543,#1972,.T.);
#1733=EDGE_CURVE('',#1531,#1544,#473,.T.);
#1734=EDGE_CURVE('',#1533,#1496,#474,.T.);
#1735=EDGE_CURVE('',#1495,#1524,#475,.T.);
#1736=EDGE_CURVE('',#1545,#1545,#1973,.T.);
#1737=EDGE_CURVE('',#1546,#1546,#1974,.T.);
#1738=EDGE_CURVE('',#1497,#1532,#476,.T.);
#1739=EDGE_CURVE('',#1513,#1498,#477,.T.);
#1740=EDGE_CURVE('',#1525,#1493,#478,.T.);
#1741=EDGE_CURVE('',#1494,#1510,#479,.T.);
#1742=EDGE_CURVE('',#1499,#1512,#480,.T.);
#1743=EDGE_CURVE('',#1511,#1500,#481,.T.);
#1744=EDGE_CURVE('',#1539,#1547,#482,.T.);
#1745=EDGE_CURVE('',#1548,#1538,#483,.T.);
#1746=EDGE_CURVE('',#1547,#1548,#1975,.T.);
#1747=EDGE_CURVE('',#1543,#1547,#484,.T.);
#1748=EDGE_CURVE('',#1544,#1548,#485,.T.);
#1749=EDGE_CURVE('',#1536,#1549,#486,.T.);
#1750=EDGE_CURVE('',#1550,#1537,#487,.T.);
#1751=EDGE_CURVE('',#1549,#1550,#1976,.T.);
#1752=EDGE_CURVE('',#1541,#1549,#488,.T.);
#1753=EDGE_CURVE('',#1542,#1550,#489,.T.);
#1754=EDGE_CURVE('',#1551,#1551,#1977,.T.);
#1755=EDGE_CURVE('',#1552,#1552,#1978,.T.);
#1756=EDGE_CURVE('',#1553,#1553,#1979,.T.);
#1757=EDGE_CURVE('',#1554,#1554,#1980,.T.);
#1758=EDGE_CURVE('',#1555,#1555,#1981,.T.);
#1759=EDGE_CURVE('',#1556,#1556,#1982,.T.);
#1760=EDGE_CURVE('',#1557,#1557,#1983,.T.);
#1761=EDGE_CURVE('',#1508,#1507,#1984,.T.);
#1762=EDGE_CURVE('',#1558,#1558,#1985,.T.);
#1763=EDGE_CURVE('',#1505,#1506,#1986,.T.);
#1764=EDGE_CURVE('',#1559,#1559,#1987,.T.);
#1765=EDGE_CURVE('',#1560,#1561,#490,.T.);
#1766=EDGE_CURVE('',#1561,#1562,#1988,.T.);
#1767=EDGE_CURVE('',#1563,#1562,#491,.T.);
#1768=EDGE_CURVE('',#1563,#1560,#1989,.T.);
#1769=EDGE_CURVE('',#1564,#1563,#492,.T.);
#1770=EDGE_CURVE('',#1564,#1565,#493,.T.);
#1771=EDGE_CURVE('',#1560,#1565,#1990,.T.);
#1772=EDGE_CURVE('',#1566,#1567,#1991,.T.);
#1773=EDGE_CURVE('',#1567,#1568,#494,.T.);
#1774=EDGE_CURVE('',#1568,#1569,#495,.T.);
#1775=EDGE_CURVE('',#1569,#1566,#1992,.T.);
#1776=EDGE_CURVE('',#1570,#1571,#496,.T.);
#1777=EDGE_CURVE('',#1571,#1572,#497,.T.);
#1778=EDGE_CURVE('',#1572,#1573,#498,.T.);
#1779=EDGE_CURVE('',#1573,#1570,#499,.T.);
#1780=EDGE_CURVE('',#1562,#1574,#500,.T.);
#1781=EDGE_CURVE('',#1574,#1575,#1993,.T.);
#1782=EDGE_CURVE('',#1575,#1576,#501,.T.);
#1783=EDGE_CURVE('',#1576,#1577,#1994,.T.);
#1784=EDGE_CURVE('',#1577,#1578,#502,.T.);
#1785=EDGE_CURVE('',#1569,#1578,#503,.T.);
#1786=EDGE_CURVE('',#1568,#1573,#1995,.T.);
#1787=EDGE_CURVE('',#1572,#1564,#1996,.T.);
#1788=EDGE_CURVE('',#1579,#1580,#1997,.T.);
#1789=EDGE_CURVE('',#1580,#1581,#504,.T.);
#1790=EDGE_CURVE('',#1581,#1582,#1998,.T.);
#1791=EDGE_CURVE('',#1582,#1583,#505,.T.);
#1792=EDGE_CURVE('',#1583,#1584,#1999,.T.);
#1793=EDGE_CURVE('',#1584,#1585,#506,.T.);
#1794=EDGE_CURVE('',#1585,#1586,#2000,.T.);
#1795=EDGE_CURVE('',#1586,#1579,#507,.T.);
#1796=EDGE_CURVE('',#1587,#1587,#2001,.T.);
#1797=EDGE_CURVE('',#1588,#1589,#2002,.T.);
#1798=EDGE_CURVE('',#1588,#1590,#508,.T.);
#1799=EDGE_CURVE('',#1591,#1590,#2003,.T.);
#1800=EDGE_CURVE('',#1591,#1592,#509,.T.);
#1801=EDGE_CURVE('',#1592,#1593,#2004,.T.);
#1802=EDGE_CURVE('',#1593,#1594,#510,.T.);
#1803=EDGE_CURVE('',#1594,#1595,#2005,.T.);
#1804=EDGE_CURVE('',#1595,#1596,#511,.T.);
#1805=EDGE_CURVE('',#1597,#1596,#2006,.T.);
#1806=EDGE_CURVE('',#1597,#1598,#512,.T.);
#1807=EDGE_CURVE('',#1599,#1598,#2007,.T.);
#1808=EDGE_CURVE('',#1599,#1600,#513,.T.);
#1809=EDGE_CURVE('',#1600,#1601,#2008,.T.);
#1810=EDGE_CURVE('',#1601,#1602,#514,.T.);
#1811=EDGE_CURVE('',#1602,#1603,#2009,.T.);
#1812=EDGE_CURVE('',#1603,#1589,#515,.T.);
#1813=EDGE_CURVE('',#1604,#1604,#2010,.T.);
#1814=EDGE_CURVE('',#1605,#1605,#2011,.T.);
#1815=EDGE_CURVE('',#1606,#1606,#2012,.T.);
#1816=EDGE_CURVE('',#1607,#1607,#2013,.T.);
#1817=EDGE_CURVE('',#1608,#1608,#2014,.T.);
#1818=EDGE_CURVE('',#1609,#1609,#2015,.T.);
#1819=EDGE_CURVE('',#1610,#1610,#2016,.T.);
#1820=EDGE_CURVE('',#1611,#1611,#2017,.T.);
#1821=EDGE_CURVE('',#1612,#1612,#2018,.T.);
#1822=EDGE_CURVE('',#1613,#1613,#2019,.T.);
#1823=EDGE_CURVE('',#1614,#1615,#516,.T.);
#1824=EDGE_CURVE('',#1614,#1616,#2020,.T.);
#1825=EDGE_CURVE('',#1617,#1616,#517,.T.);
#1826=EDGE_CURVE('',#1617,#1618,#2021,.T.);
#1827=EDGE_CURVE('',#1619,#1618,#518,.T.);
#1828=EDGE_CURVE('',#1619,#1620,#2022,.T.);
#1829=EDGE_CURVE('',#1621,#1620,#519,.T.);
#1830=EDGE_CURVE('',#1621,#1615,#2023,.T.);
#1831=EDGE_CURVE('',#1622,#1623,#2024,.T.);
#1832=EDGE_CURVE('',#1623,#1624,#520,.T.);
#1833=EDGE_CURVE('',#1624,#1625,#521,.T.);
#1834=EDGE_CURVE('',#1625,#1626,#522,.T.);
#1835=EDGE_CURVE('',#1626,#1627,#523,.T.);
#1836=EDGE_CURVE('',#1627,#1622,#2025,.T.);
#1837=EDGE_CURVE('',#1628,#1629,#524,.T.);
#1838=EDGE_CURVE('',#1629,#1630,#525,.T.);
#1839=EDGE_CURVE('',#1630,#1631,#526,.T.);
#1840=EDGE_CURVE('',#1631,#1628,#527,.T.);
#1841=EDGE_CURVE('',#1632,#1633,#2026,.T.);
#1842=EDGE_CURVE('',#1633,#1634,#2027,.T.);
#1843=EDGE_CURVE('',#1634,#1635,#528,.T.);
#1844=EDGE_CURVE('',#1635,#1636,#529,.T.);
#1845=EDGE_CURVE('',#1636,#1637,#530,.T.);
#1846=EDGE_CURVE('',#1637,#1632,#531,.T.);
#1847=EDGE_CURVE('',#1638,#1639,#532,.T.);
#1848=EDGE_CURVE('',#1639,#1640,#533,.T.);
#1849=EDGE_CURVE('',#1640,#1641,#534,.T.);
#1850=EDGE_CURVE('',#1641,#1638,#535,.T.);
#1851=EDGE_CURVE('',#1615,#1642,#536,.T.);
#1852=EDGE_CURVE('',#1642,#1643,#537,.T.);
#1853=EDGE_CURVE('',#1643,#1614,#538,.T.);
#1854=EDGE_CURVE('',#1616,#1644,#539,.T.);
#1855=EDGE_CURVE('',#1644,#1645,#540,.T.);
#1856=EDGE_CURVE('',#1645,#1617,#541,.T.);
#1857=EDGE_CURVE('',#1618,#1646,#542,.T.);
#1858=EDGE_CURVE('',#1646,#1647,#543,.T.);
#1859=EDGE_CURVE('',#1647,#1619,#544,.T.);
#1860=EDGE_CURVE('',#1620,#1648,#545,.T.);
#1861=EDGE_CURVE('',#1648,#1649,#546,.T.);
#1862=EDGE_CURVE('',#1649,#1621,#547,.T.);
#1863=EDGE_CURVE('',#1643,#1644,#2028,.T.);
#1864=EDGE_CURVE('',#1645,#1646,#2029,.T.);
#1865=EDGE_CURVE('',#1647,#1648,#2030,.T.);
#1866=EDGE_CURVE('',#1649,#1642,#2031,.T.);
#1867=EDGE_CURVE('',#1624,#1639,#2032,.T.);
#1868=EDGE_CURVE('',#1638,#1625,#2033,.T.);
#1869=EDGE_CURVE('',#1640,#1637,#2034,.T.);
#1870=EDGE_CURVE('',#1636,#1641,#2035,.T.);
#1871=EDGE_CURVE('',#1650,#1651,#221,.T.);
#1872=EDGE_CURVE('',#1651,#1629,#96,.T.);
#1873=EDGE_CURVE('',#1628,#1635,#2036,.T.);
#1874=EDGE_CURVE('',#1634,#1650,#222,.T.);
#1875=EDGE_CURVE('',#1652,#1653,#223,.T.);
#1876=EDGE_CURVE('',#1653,#1627,#224,.T.);
#1877=EDGE_CURVE('',#1626,#1631,#2037,.T.);
#1878=EDGE_CURVE('',#1630,#1652,#97,.T.);
#1879=EDGE_CURVE('',#1641,#1602,#2038,.T.);
#1880=EDGE_CURVE('',#1603,#1636,#2039,.T.);
#1881=EDGE_CURVE('',#1589,#1588,#225,.T.);
#1882=EDGE_CURVE('',#1592,#1635,#2040,.T.);
#1883=EDGE_CURVE('',#1590,#1591,#226,.T.);
#1884=EDGE_CURVE('',#1638,#1601,#2041,.T.);
#1885=EDGE_CURVE('',#1593,#1628,#2042,.T.);
#1886=EDGE_CURVE('',#1625,#1600,#2043,.T.);
#1887=EDGE_CURVE('',#1594,#1631,#2044,.T.);
#1888=EDGE_CURVE('',#1596,#1597,#227,.T.);
#1889=EDGE_CURVE('',#1626,#1595,#2045,.T.);
#1890=EDGE_CURVE('',#1598,#1599,#228,.T.);
#1891=EDGE_CURVE('',#1654,#1654,#2046,.T.);
#1892=EDGE_CURVE('',#1655,#1655,#2047,.T.);
#1893=EDGE_CURVE('',#1656,#1656,#2048,.T.);
#1894=EDGE_CURVE('',#1657,#1657,#2049,.T.);
#1895=EDGE_CURVE('',#1658,#1658,#2050,.T.);
#1896=EDGE_CURVE('',#1585,#1642,#548,.T.);
#1897=EDGE_CURVE('',#1643,#1584,#549,.T.);
#1898=EDGE_CURVE('',#1644,#1583,#550,.T.);
#1899=EDGE_CURVE('',#1586,#1649,#551,.T.);
#1900=EDGE_CURVE('',#1645,#1582,#552,.T.);
#1901=EDGE_CURVE('',#1579,#1648,#553,.T.);
#1902=EDGE_CURVE('',#1646,#1581,#554,.T.);
#1903=EDGE_CURVE('',#1580,#1647,#555,.T.);
#1904=EDGE_CURVE('',#1578,#1659,#2051,.T.);
#1905=EDGE_CURVE('',#1659,#1566,#556,.T.);
#1906=EDGE_CURVE('',#1660,#1661,#557,.T.);
#1907=EDGE_CURVE('',#1661,#1662,#229,.T.);
#1908=EDGE_CURVE('',#1662,#1561,#2052,.T.);
#1909=EDGE_CURVE('',#1565,#1571,#230,.T.);
#1910=EDGE_CURVE('',#1570,#1567,#231,.T.);
#1911=EDGE_CURVE('',#1659,#1663,#2053,.T.);
#1912=EDGE_CURVE('',#1663,#1660,#232,.T.);
#1913=EDGE_CURVE('',#1664,#1665,#558,.T.);
#1914=EDGE_CURVE('',#1665,#1666,#98,.T.);
#1915=EDGE_CURVE('',#1666,#1667,#559,.T.);
#1916=EDGE_CURVE('',#1667,#1664,#99,.T.);
#1917=EDGE_CURVE('',#1666,#1661,#233,.T.);
#1918=EDGE_CURVE('',#1660,#1667,#234,.T.);
#1919=EDGE_CURVE('',#1577,#1624,#2054,.T.);
#1920=EDGE_CURVE('',#1639,#1576,#2055,.T.);
#1921=EDGE_CURVE('',#1640,#1575,#2056,.T.);
#1922=EDGE_CURVE('',#1578,#1623,#2057,.T.);
#1923=EDGE_CURVE('',#1637,#1574,#2058,.T.);
#1924=EDGE_CURVE('',#1659,#1622,#2059,.T.);
#1925=EDGE_CURVE('',#1632,#1562,#2060,.T.);
#1926=EDGE_CURVE('',#1663,#1627,#2061,.T.);
#1927=EDGE_CURVE('',#1633,#1561,#2062,.T.);
#1928=EDGE_CURVE('',#1660,#1653,#2063,.T.);
#1929=EDGE_CURVE('',#1634,#1662,#2064,.T.);
#1930=EDGE_CURVE('',#1667,#1652,#2065,.T.);
#1931=EDGE_CURVE('',#1650,#1661,#2066,.T.);
#1932=EDGE_CURVE('',#1664,#1630,#2067,.T.);
#1933=EDGE_CURVE('',#1651,#1666,#2068,.T.);
#1934=EDGE_CURVE('',#1665,#1629,#2069,.T.);
#1935=CIRCLE('',#2071,1.74999999999999);
#1936=CIRCLE('',#2072,1.74999999999999);
#1937=CIRCLE('',#2073,1.74999999999999);
#1938=CIRCLE('',#2074,1.74999999999999);
#1939=CIRCLE('',#2075,1.74999999999999);
#1940=CIRCLE('',#2076,2.);
#1941=CIRCLE('',#2077,2.);
#1942=CIRCLE('',#2078,2.);
#1943=CIRCLE('',#2079,2.);
#1944=CIRCLE('',#2081,1.25);
#1945=CIRCLE('',#2082,1.25);
#1946=CIRCLE('',#2083,1.25);
#1947=CIRCLE('',#2084,1.25);
#1948=CIRCLE('',#2085,1.25);
#1949=CIRCLE('',#2086,2.);
#1950=CIRCLE('',#2087,2.);
#1951=CIRCLE('',#2089,1.65);
#1952=CIRCLE('',#2090,1.65);
#1953=CIRCLE('',#2092,1.65);
#1954=CIRCLE('',#2093,1.65);
#1955=CIRCLE('',#2095,1.65);
#1956=CIRCLE('',#2096,1.65);
#1957=CIRCLE('',#2098,1.65);
#1958=CIRCLE('',#2099,1.65);
#1959=CIRCLE('',#2101,23.5000000000083);
#1960=CIRCLE('',#2102,2.);
#1961=CIRCLE('',#2103,25.5000000000083);
#1962=CIRCLE('',#2105,25.5000000000083);
#1963=CIRCLE('',#2106,23.5000000000083);
#1964=CIRCLE('',#2108,25.5000000000083);
#1965=CIRCLE('',#2109,2.);
#1966=CIRCLE('',#2110,23.5000000000083);
#1967=CIRCLE('',#2112,25.5000000000083);
#1968=CIRCLE('',#2114,25.5000000000083);
#1969=CIRCLE('',#2115,25.5000000000083);
#1970=CIRCLE('',#2117,16.);
#1971=CIRCLE('',#2118,3.1);
#1972=CIRCLE('',#2119,3.1);
#1973=CIRCLE('',#2120,3.1);
#1974=CIRCLE('',#2121,3.1);
#1975=CIRCLE('',#2130,3.1);
#1976=CIRCLE('',#2135,3.1);
#1977=CIRCLE('',#2140,3.1);
#1978=CIRCLE('',#2143,3.1);
#1979=CIRCLE('',#2146,15.);
#1980=CIRCLE('',#2147,15.);
#1981=CIRCLE('',#2151,1.25);
#1982=CIRCLE('',#2153,1.25);
#1983=CIRCLE('',#2155,1.25);
#1984=CIRCLE('',#2157,1.25);
#1985=CIRCLE('',#2159,1.25);
#1986=CIRCLE('',#2161,1.25);
#1987=CIRCLE('',#2163,1.25);
#1988=CIRCLE('',#2170,8.);
#1989=CIRCLE('',#2171,8.);
#1990=CIRCLE('',#2173,30.);
#1991=CIRCLE('',#2175,30.);
#1992=CIRCLE('',#2176,8.);
#1993=CIRCLE('',#2179,8.);
#1994=CIRCLE('',#2180,8.);
#1995=CIRCLE('',#2181,2.);
#1996=CIRCLE('',#2182,2.);
#1997=CIRCLE('',#2183,3.);
#1998=CIRCLE('',#2184,3.);
#1999=CIRCLE('',#2185,3.);
#2000=CIRCLE('',#2186,3.);
#2001=CIRCLE('',#2188,3.25);
#2002=CIRCLE('',#2189,3.25);
#2003=CIRCLE('',#2190,3.25);
#2004=CIRCLE('',#2191,2.);
#2005=CIRCLE('',#2192,2.);
#2006=CIRCLE('',#2193,3.25);
#2007=CIRCLE('',#2194,3.25);
#2008=CIRCLE('',#2195,2.);
#2009=CIRCLE('',#2196,2.);
#2010=CIRCLE('',#2198,1.65);
#2011=CIRCLE('',#2199,1.65);
#2012=CIRCLE('',#2201,1.65);
#2013=CIRCLE('',#2202,1.65);
#2014=CIRCLE('',#2204,1.65);
#2015=CIRCLE('',#2205,1.65);
#2016=CIRCLE('',#2207,1.65);
#2017=CIRCLE('',#2208,1.65);
#2018=CIRCLE('',#2210,1.65);
#2019=CIRCLE('',#2211,1.65);
#2020=CIRCLE('',#2213,2.5);
#2021=CIRCLE('',#2214,2.5);
#2022=CIRCLE('',#2215,2.5);
#2023=CIRCLE('',#2216,2.5);
#2024=CIRCLE('',#2218,10.);
#2025=CIRCLE('',#2219,28.);
#2026=CIRCLE('',#2222,10.);
#2027=CIRCLE('',#2223,28.);
#2028=CIRCLE('',#2230,2.5);
#2029=CIRCLE('',#2232,2.5);
#2030=CIRCLE('',#2234,2.5);
#2031=CIRCLE('',#2236,2.5);
#2032=CIRCLE('',#2238,10.);
#2033=CIRCLE('',#2239,10.);
#2034=CIRCLE('',#2241,10.);
#2035=CIRCLE('',#2242,10.);
#2036=CIRCLE('',#2245,10.);
#2037=CIRCLE('',#2247,10.);
#2038=CIRCLE('',#2250,8.);
#2039=CIRCLE('',#2251,8.);
#2040=CIRCLE('',#2252,8.);
#2041=CIRCLE('',#2254,8.);
#2042=CIRCLE('',#2256,8.);
#2043=CIRCLE('',#2257,8.);
#2044=CIRCLE('',#2258,8.);
#2045=CIRCLE('',#2260,8.);
#2046=CIRCLE('',#2262,3.25);
#2047=CIRCLE('',#2265,3.25);
#2048=CIRCLE('',#2268,3.25);
#2049=CIRCLE('',#2271,3.25);
#2050=CIRCLE('',#2274,3.25);
#2051=CIRCLE('',#2285,8.);
#2052=CIRCLE('',#2287,30.);
#2053=CIRCLE('',#2288,30.);
#2054=CIRCLE('',#2296,2.);
#2055=CIRCLE('',#2297,2.);
#2056=CIRCLE('',#2299,2.);
#2057=CIRCLE('',#2301,2.);
#2058=CIRCLE('',#2303,2.);
#2059=CIRCLE('',#2305,2.);
#2060=CIRCLE('',#2307,2.);
#2061=CIRCLE('',#2309,2.);
#2062=CIRCLE('',#2311,2.);
#2063=CIRCLE('',#2313,2.);
#2064=CIRCLE('',#2314,2.);
#2065=CIRCLE('',#2316,2.);
#2066=CIRCLE('',#2317,2.);
#2067=CIRCLE('',#2318,2.);
#2068=CIRCLE('',#2319,2.);
#2069=CIRCLE('',#2320,2.);
#2070=AXIS2_PLACEMENT_3D('',#2936,#2322,#2323);
#2071=AXIS2_PLACEMENT_3D('',#2937,#2324,#2325);
#2072=AXIS2_PLACEMENT_3D('',#2939,#2326,#2327);
#2073=AXIS2_PLACEMENT_3D('',#2941,#2328,#2329);
#2074=AXIS2_PLACEMENT_3D('',#2943,#2330,#2331);
#2075=AXIS2_PLACEMENT_3D('',#2945,#2332,#2333);
#2076=AXIS2_PLACEMENT_3D('',#2950,#2335,#2336);
#2077=AXIS2_PLACEMENT_3D('',#2954,#2338,#2339);
#2078=AXIS2_PLACEMENT_3D('',#2958,#2341,#2342);
#2079=AXIS2_PLACEMENT_3D('',#2962,#2344,#2345);
#2080=AXIS2_PLACEMENT_3D('',#2963,#2346,#2347);
#2081=AXIS2_PLACEMENT_3D('',#2964,#2348,#2349);
#2082=AXIS2_PLACEMENT_3D('',#2966,#2350,#2351);
#2083=AXIS2_PLACEMENT_3D('',#2968,#2352,#2353);
#2084=AXIS2_PLACEMENT_3D('',#2973,#2355,#2356);
#2085=AXIS2_PLACEMENT_3D('',#2977,#2358,#2359);
#2086=AXIS2_PLACEMENT_3D('',#2983,#2362,#2363);
#2087=AXIS2_PLACEMENT_3D('',#2987,#2365,#2366);
#2088=AXIS2_PLACEMENT_3D('',#2990,#2368,#2369);
#2089=AXIS2_PLACEMENT_3D('',#2991,#2370,#2371);
#2090=AXIS2_PLACEMENT_3D('',#2993,#2372,#2373);
#2091=AXIS2_PLACEMENT_3D('',#2995,#2374,#2375);
#2092=AXIS2_PLACEMENT_3D('',#2996,#2376,#2377);
#2093=AXIS2_PLACEMENT_3D('',#2998,#2378,#2379);
#2094=AXIS2_PLACEMENT_3D('',#3000,#2380,#2381);
#2095=AXIS2_PLACEMENT_3D('',#3001,#2382,#2383);
#2096=AXIS2_PLACEMENT_3D('',#3003,#2384,#2385);
#2097=AXIS2_PLACEMENT_3D('',#3005,#2386,#2387);
#2098=AXIS2_PLACEMENT_3D('',#3006,#2388,#2389);
#2099=AXIS2_PLACEMENT_3D('',#3008,#2390,#2391);
#2100=AXIS2_PLACEMENT_3D('',#3010,#2392,#2393);
#2101=AXIS2_PLACEMENT_3D('',#3032,#2394,#2395);
#2102=AXIS2_PLACEMENT_3D('',#3034,#2396,#2397);
#2103=AXIS2_PLACEMENT_3D('',#3036,#2398,#2399);
#2104=AXIS2_PLACEMENT_3D('',#3037,#2400,#2401);
#2105=AXIS2_PLACEMENT_3D('',#3056,#2402,#2403);
#2106=AXIS2_PLACEMENT_3D('',#3078,#2404,#2405);
#2107=AXIS2_PLACEMENT_3D('',#3079,#2406,#2407);
#2108=AXIS2_PLACEMENT_3D('',#3098,#2408,#2409);
#2109=AXIS2_PLACEMENT_3D('',#3100,#2410,#2411);
#2110=AXIS2_PLACEMENT_3D('',#3102,#2412,#2413);
#2111=AXIS2_PLACEMENT_3D('',#3103,#2414,#2415);
#2112=AXIS2_PLACEMENT_3D('',#3106,#2417,#2418);
#2113=AXIS2_PLACEMENT_3D('',#3111,#2422,#2423);
#2114=AXIS2_PLACEMENT_3D('',#3112,#2424,#2425);
#2115=AXIS2_PLACEMENT_3D('',#3120,#2430,#2431);
#2116=AXIS2_PLACEMENT_3D('',#3124,#2434,#2435);
#2117=AXIS2_PLACEMENT_3D('',#3125,#2436,#2437);
#2118=AXIS2_PLACEMENT_3D('',#3129,#2439,#2440);
#2119=AXIS2_PLACEMENT_3D('',#3134,#2443,#2444);
#2120=AXIS2_PLACEMENT_3D('',#3139,#2448,#2449);
#2121=AXIS2_PLACEMENT_3D('',#3141,#2450,#2451);
#2122=AXIS2_PLACEMENT_3D('',#3143,#2452,#2453);
#2123=AXIS2_PLACEMENT_3D('',#3146,#2456,#2457);
#2124=AXIS2_PLACEMENT_3D('',#3149,#2460,#2461);
#2125=AXIS2_PLACEMENT_3D('',#3152,#2464,#2465);
#2126=AXIS2_PLACEMENT_3D('',#3153,#2466,#2467);
#2127=AXIS2_PLACEMENT_3D('',#3154,#2468,#2469);
#2128=AXIS2_PLACEMENT_3D('',#3155,#2470,#2471);
#2129=AXIS2_PLACEMENT_3D('',#3156,#2472,#2473);
#2130=AXIS2_PLACEMENT_3D('',#3161,#2476,#2477);
#2131=AXIS2_PLACEMENT_3D('',#3162,#2478,#2479);
#2132=AXIS2_PLACEMENT_3D('',#3164,#2481,#2482);
#2133=AXIS2_PLACEMENT_3D('',#3166,#2484,#2485);
#2134=AXIS2_PLACEMENT_3D('',#3167,#2486,#2487);
#2135=AXIS2_PLACEMENT_3D('',#3172,#2490,#2491);
#2136=AXIS2_PLACEMENT_3D('',#3173,#2492,#2493);
#2137=AXIS2_PLACEMENT_3D('',#3175,#2495,#2496);
#2138=AXIS2_PLACEMENT_3D('',#3177,#2498,#2499);
#2139=AXIS2_PLACEMENT_3D('',#3178,#2500,#2501);
#2140=AXIS2_PLACEMENT_3D('',#3179,#2502,#2503);
#2141=AXIS2_PLACEMENT_3D('',#3181,#2504,#2505);
#2142=AXIS2_PLACEMENT_3D('',#3182,#2506,#2507);
#2143=AXIS2_PLACEMENT_3D('',#3183,#2508,#2509);
#2144=AXIS2_PLACEMENT_3D('',#3185,#2510,#2511);
#2145=AXIS2_PLACEMENT_3D('',#3186,#2512,#2513);
#2146=AXIS2_PLACEMENT_3D('',#3187,#2514,#2515);
#2147=AXIS2_PLACEMENT_3D('',#3189,#2516,#2517);
#2148=AXIS2_PLACEMENT_3D('',#3191,#2518,#2519);
#2149=AXIS2_PLACEMENT_3D('',#3192,#2520,#2521);
#2150=AXIS2_PLACEMENT_3D('',#3193,#2522,#2523);
#2151=AXIS2_PLACEMENT_3D('',#3194,#2524,#2525);
#2152=AXIS2_PLACEMENT_3D('',#3196,#2526,#2527);
#2153=AXIS2_PLACEMENT_3D('',#3197,#2528,#2529);
#2154=AXIS2_PLACEMENT_3D('',#3199,#2530,#2531);
#2155=AXIS2_PLACEMENT_3D('',#3200,#2532,#2533);
#2156=AXIS2_PLACEMENT_3D('',#3202,#2534,#2535);
#2157=AXIS2_PLACEMENT_3D('',#3203,#2536,#2537);
#2158=AXIS2_PLACEMENT_3D('',#3204,#2538,#2539);
#2159=AXIS2_PLACEMENT_3D('',#3205,#2540,#2541);
#2160=AXIS2_PLACEMENT_3D('',#3207,#2542,#2543);
#2161=AXIS2_PLACEMENT_3D('',#3208,#2544,#2545);
#2162=AXIS2_PLACEMENT_3D('',#3209,#2546,#2547);
#2163=AXIS2_PLACEMENT_3D('',#3210,#2548,#2549);
#2164=AXIS2_PLACEMENT_3D('',#3212,#2550,#2551);
#2165=AXIS2_PLACEMENT_3D('',#3213,#2552,#2553);
#2166=AXIS2_PLACEMENT_3D('',#3214,#2554,#2555);
#2167=AXIS2_PLACEMENT_3D('',#3215,#2556,#2557);
#2168=AXIS2_PLACEMENT_3D('',#3216,#2558,#2559);
#2169=AXIS2_PLACEMENT_3D('',#3217,#2560,#2561);
#2170=AXIS2_PLACEMENT_3D('',#3221,#2563,#2564);
#2171=AXIS2_PLACEMENT_3D('',#3225,#2566,#2567);
#2172=AXIS2_PLACEMENT_3D('',#3226,#2568,#2569);
#2173=AXIS2_PLACEMENT_3D('',#3231,#2572,#2573);
#2174=AXIS2_PLACEMENT_3D('',#3232,#2574,#2575);
#2175=AXIS2_PLACEMENT_3D('',#3233,#2576,#2577);
#2176=AXIS2_PLACEMENT_3D('',#3240,#2580,#2581);
#2177=AXIS2_PLACEMENT_3D('',#3241,#2582,#2583);
#2178=AXIS2_PLACEMENT_3D('',#3250,#2588,#2589);
#2179=AXIS2_PLACEMENT_3D('',#3253,#2591,#2592);
#2180=AXIS2_PLACEMENT_3D('',#3257,#2594,#2595);
#2181=AXIS2_PLACEMENT_3D('',#3262,#2598,#2599);
#2182=AXIS2_PLACEMENT_3D('',#3263,#2600,#2601);
#2183=AXIS2_PLACEMENT_3D('',#3264,#2602,#2603);
#2184=AXIS2_PLACEMENT_3D('',#3269,#2605,#2606);
#2185=AXIS2_PLACEMENT_3D('',#3273,#2608,#2609);
#2186=AXIS2_PLACEMENT_3D('',#3277,#2611,#2612);
#2187=AXIS2_PLACEMENT_3D('',#3280,#2614,#2615);
#2188=AXIS2_PLACEMENT_3D('',#3281,#2616,#2617);
#2189=AXIS2_PLACEMENT_3D('',#3283,#2618,#2619);
#2190=AXIS2_PLACEMENT_3D('',#3288,#2621,#2622);
#2191=AXIS2_PLACEMENT_3D('',#3292,#2624,#2625);
#2192=AXIS2_PLACEMENT_3D('',#3296,#2627,#2628);
#2193=AXIS2_PLACEMENT_3D('',#3300,#2630,#2631);
#2194=AXIS2_PLACEMENT_3D('',#3304,#2633,#2634);
#2195=AXIS2_PLACEMENT_3D('',#3308,#2636,#2637);
#2196=AXIS2_PLACEMENT_3D('',#3312,#2639,#2640);
#2197=AXIS2_PLACEMENT_3D('',#3315,#2642,#2643);
#2198=AXIS2_PLACEMENT_3D('',#3316,#2644,#2645);
#2199=AXIS2_PLACEMENT_3D('',#3318,#2646,#2647);
#2200=AXIS2_PLACEMENT_3D('',#3320,#2648,#2649);
#2201=AXIS2_PLACEMENT_3D('',#3321,#2650,#2651);
#2202=AXIS2_PLACEMENT_3D('',#3323,#2652,#2653);
#2203=AXIS2_PLACEMENT_3D('',#3325,#2654,#2655);
#2204=AXIS2_PLACEMENT_3D('',#3326,#2656,#2657);
#2205=AXIS2_PLACEMENT_3D('',#3328,#2658,#2659);
#2206=AXIS2_PLACEMENT_3D('',#3330,#2660,#2661);
#2207=AXIS2_PLACEMENT_3D('',#3331,#2662,#2663);
#2208=AXIS2_PLACEMENT_3D('',#3333,#2664,#2665);
#2209=AXIS2_PLACEMENT_3D('',#3335,#2666,#2667);
#2210=AXIS2_PLACEMENT_3D('',#3336,#2668,#2669);
#2211=AXIS2_PLACEMENT_3D('',#3338,#2670,#2671);
#2212=AXIS2_PLACEMENT_3D('',#3340,#2672,#2673);
#2213=AXIS2_PLACEMENT_3D('',#3344,#2675,#2676);
#2214=AXIS2_PLACEMENT_3D('',#3348,#2678,#2679);
#2215=AXIS2_PLACEMENT_3D('',#3352,#2681,#2682);
#2216=AXIS2_PLACEMENT_3D('',#3356,#2684,#2685);
#2217=AXIS2_PLACEMENT_3D('',#3357,#2686,#2687);
#2218=AXIS2_PLACEMENT_3D('',#3358,#2688,#2689);
#2219=AXIS2_PLACEMENT_3D('',#3369,#2694,#2695);
#2220=AXIS2_PLACEMENT_3D('',#3370,#2696,#2697);
#2221=AXIS2_PLACEMENT_3D('',#3379,#2702,#2703);
#2222=AXIS2_PLACEMENT_3D('',#3380,#2704,#2705);
#2223=AXIS2_PLACEMENT_3D('',#3383,#2706,#2707);
#2224=AXIS2_PLACEMENT_3D('',#3392,#2712,#2713);
#2225=AXIS2_PLACEMENT_3D('',#3401,#2718,#2719);
#2226=AXIS2_PLACEMENT_3D('',#3407,#2723,#2724);
#2227=AXIS2_PLACEMENT_3D('',#3413,#2728,#2729);
#2228=AXIS2_PLACEMENT_3D('',#3419,#2733,#2734);
#2229=AXIS2_PLACEMENT_3D('',#3425,#2738,#2739);
#2230=AXIS2_PLACEMENT_3D('',#3426,#2740,#2741);
#2231=AXIS2_PLACEMENT_3D('',#3427,#2742,#2743);
#2232=AXIS2_PLACEMENT_3D('',#3428,#2744,#2745);
#2233=AXIS2_PLACEMENT_3D('',#3429,#2746,#2747);
#2234=AXIS2_PLACEMENT_3D('',#3430,#2748,#2749);
#2235=AXIS2_PLACEMENT_3D('',#3431,#2750,#2751);
#2236=AXIS2_PLACEMENT_3D('',#3432,#2752,#2753);
#2237=AXIS2_PLACEMENT_3D('',#3433,#2754,#2755);
#2238=AXIS2_PLACEMENT_3D('',#3434,#2756,#2757);
#2239=AXIS2_PLACEMENT_3D('',#3435,#2758,#2759);
#2240=AXIS2_PLACEMENT_3D('',#3436,#2760,#2761);
#2241=AXIS2_PLACEMENT_3D('',#3437,#2762,#2763);
#2242=AXIS2_PLACEMENT_3D('',#3438,#2764,#2765);
#2243=AXIS2_PLACEMENT_3D('',#3439,#2766,#2767);
#2244=AXIS2_PLACEMENT_3D('',#3452,#2768,#2769);
#2245=AXIS2_PLACEMENT_3D('',#3453,#2770,#2771);
#2246=AXIS2_PLACEMENT_3D('',#3458,#2772,#2773);
#2247=AXIS2_PLACEMENT_3D('',#3475,#2774,#2775);
#2248=AXIS2_PLACEMENT_3D('',#3476,#2776,#2777);
#2249=AXIS2_PLACEMENT_3D('',#3477,#2778,#2779);
#2250=AXIS2_PLACEMENT_3D('',#3478,#2780,#2781);
#2251=AXIS2_PLACEMENT_3D('',#3479,#2782,#2783);
#2252=AXIS2_PLACEMENT_3D('',#3506,#2784,#2785);
#2253=AXIS2_PLACEMENT_3D('',#3517,#2786,#2787);
#2254=AXIS2_PLACEMENT_3D('',#3518,#2788,#2789);
#2255=AXIS2_PLACEMENT_3D('',#3519,#2790,#2791);
#2256=AXIS2_PLACEMENT_3D('',#3520,#2792,#2793);
#2257=AXIS2_PLACEMENT_3D('',#3537,#2794,#2795);
#2258=AXIS2_PLACEMENT_3D('',#3554,#2796,#2797);
#2259=AXIS2_PLACEMENT_3D('',#3555,#2798,#2799);
#2260=AXIS2_PLACEMENT_3D('',#3566,#2800,#2801);
#2261=AXIS2_PLACEMENT_3D('',#3577,#2802,#2803);
#2262=AXIS2_PLACEMENT_3D('',#3594,#2804,#2805);
#2263=AXIS2_PLACEMENT_3D('',#3596,#2806,#2807);
#2264=AXIS2_PLACEMENT_3D('',#3597,#2808,#2809);
#2265=AXIS2_PLACEMENT_3D('',#3598,#2810,#2811);
#2266=AXIS2_PLACEMENT_3D('',#3600,#2812,#2813);
#2267=AXIS2_PLACEMENT_3D('',#3601,#2814,#2815);
#2268=AXIS2_PLACEMENT_3D('',#3602,#2816,#2817);
#2269=AXIS2_PLACEMENT_3D('',#3604,#2818,#2819);
#2270=AXIS2_PLACEMENT_3D('',#3605,#2820,#2821);
#2271=AXIS2_PLACEMENT_3D('',#3606,#2822,#2823);
#2272=AXIS2_PLACEMENT_3D('',#3608,#2824,#2825);
#2273=AXIS2_PLACEMENT_3D('',#3609,#2826,#2827);
#2274=AXIS2_PLACEMENT_3D('',#3610,#2828,#2829);
#2275=AXIS2_PLACEMENT_3D('',#3612,#2830,#2831);
#2276=AXIS2_PLACEMENT_3D('',#3613,#2832,#2833);
#2277=AXIS2_PLACEMENT_3D('',#3616,#2836,#2837);
#2278=AXIS2_PLACEMENT_3D('',#3618,#2839,#2840);
#2279=AXIS2_PLACEMENT_3D('',#3620,#2842,#2843);
#2280=AXIS2_PLACEMENT_3D('',#3622,#2845,#2846);
#2281=AXIS2_PLACEMENT_3D('',#3624,#2848,#2849);
#2282=AXIS2_PLACEMENT_3D('',#3626,#2851,#2852);
#2283=AXIS2_PLACEMENT_3D('',#3628,#2854,#2855);
#2284=AXIS2_PLACEMENT_3D('',#3629,#2856,#2857);
#2285=AXIS2_PLACEMENT_3D('',#3630,#2858,#2859);
#2286=AXIS2_PLACEMENT_3D('',#3633,#2861,#2862);
#2287=AXIS2_PLACEMENT_3D('',#3642,#2864,#2865);
#2288=AXIS2_PLACEMENT_3D('',#3675,#2866,#2867);
#2289=AXIS2_PLACEMENT_3D('',#3681,#2868,#2869);
#2290=AXIS2_PLACEMENT_3D('',#3682,#2870,#2871);
#2291=AXIS2_PLACEMENT_3D('',#3683,#2872,#2873);
#2292=AXIS2_PLACEMENT_3D('',#3687,#2875,#2876);
#2293=AXIS2_PLACEMENT_3D('',#3691,#2878,#2879);
#2294=AXIS2_PLACEMENT_3D('',#3692,#2880,#2881);
#2295=AXIS2_PLACEMENT_3D('',#3701,#2882,#2883);
#2296=AXIS2_PLACEMENT_3D('',#3702,#2884,#2885);
#2297=AXIS2_PLACEMENT_3D('',#3703,#2886,#2887);
#2298=AXIS2_PLACEMENT_3D('',#3704,#2888,#2889);
#2299=AXIS2_PLACEMENT_3D('',#3705,#2890,#2891);
#2300=AXIS2_PLACEMENT_3D('',#3706,#2892,#2893);
#2301=AXIS2_PLACEMENT_3D('',#3707,#2894,#2895);
#2302=AXIS2_PLACEMENT_3D('',#3708,#2896,#2897);
#2303=AXIS2_PLACEMENT_3D('',#3709,#2898,#2899);
#2304=AXIS2_PLACEMENT_3D('',#3710,#2900,#2901);
#2305=AXIS2_PLACEMENT_3D('',#3711,#2902,#2903);
#2306=AXIS2_PLACEMENT_3D('',#3712,#2904,#2905);
#2307=AXIS2_PLACEMENT_3D('',#3713,#2906,#2907);
#2308=AXIS2_PLACEMENT_3D('',#3714,#2908,#2909);
#2309=AXIS2_PLACEMENT_3D('',#3715,#2910,#2911);
#2310=AXIS2_PLACEMENT_3D('',#3716,#2912,#2913);
#2311=AXIS2_PLACEMENT_3D('',#3717,#2914,#2915);
#2312=AXIS2_PLACEMENT_3D('',#3718,#2916,#2917);
#2313=AXIS2_PLACEMENT_3D('',#3719,#2918,#2919);
#2314=AXIS2_PLACEMENT_3D('',#3732,#2920,#2921);
#2315=AXIS2_PLACEMENT_3D('',#3733,#2922,#2923);
#2316=AXIS2_PLACEMENT_3D('',#3734,#2924,#2925);
#2317=AXIS2_PLACEMENT_3D('',#3753,#2926,#2927);
#2318=AXIS2_PLACEMENT_3D('',#3766,#2928,#2929);
#2319=AXIS2_PLACEMENT_3D('',#3785,#2930,#2931);
#2320=AXIS2_PLACEMENT_3D('',#3804,#2932,#2933);
#2321=AXIS2_PLACEMENT_3D('',#3805,#2934,#2935);
#2322=DIRECTION('',(0.,0.,1.));
#2323=DIRECTION('',(1.,0.,0.));
#2324=DIRECTION('',(0.,0.,1.));
#2325=DIRECTION('',(0.,0.999999999999998,0.));
#2326=DIRECTION('',(0.,0.,1.));
#2327=DIRECTION('',(0.,0.999999999999996,0.));
#2328=DIRECTION('',(0.,0.,1.));
#2329=DIRECTION('',(0.,1.,0.));
#2330=DIRECTION('',(0.,0.,1.));
#2331=DIRECTION('',(0.,0.999999999999996,0.));
#2332=DIRECTION('',(0.,0.,1.));
#2333=DIRECTION('',(0.,1.,0.));
#2334=DIRECTION('',(0.,1.,0.));
#2335=DIRECTION('',(0.,0.,-1.));
#2336=DIRECTION('',(0.,1.,0.));
#2337=DIRECTION('',(1.,0.,0.));
#2338=DIRECTION('',(0.,0.,-1.));
#2339=DIRECTION('',(0.,1.,0.));
#2340=DIRECTION('',(0.,1.,0.));
#2341=DIRECTION('',(0.,0.,-1.));
#2342=DIRECTION('',(0.,1.,0.));
#2343=DIRECTION('',(-1.,0.,0.));
#2344=DIRECTION('',(0.,0.,-1.));
#2345=DIRECTION('',(0.,1.,0.));
#2346=DIRECTION('',(0.,0.,1.));
#2347=DIRECTION('',(0.,1.,0.));
#2348=DIRECTION('',(0.,0.,1.));
#2349=DIRECTION('',(0.,-1.,0.));
#2350=DIRECTION('',(0.,0.,-1.));
#2351=DIRECTION('',(0.,-1.,0.));
#2352=DIRECTION('',(0.,0.,1.));
#2353=DIRECTION('',(0.,-1.,0.));
#2354=DIRECTION('',(1.,0.,0.));
#2355=DIRECTION('',(0.,0.,-1.));
#2356=DIRECTION('',(0.,-1.,0.));
#2357=DIRECTION('',(1.,0.,0.));
#2358=DIRECTION('',(0.,0.,1.));
#2359=DIRECTION('',(0.,-1.,0.));
#2360=DIRECTION('',(1.,0.,0.));
#2361=DIRECTION('',(0.,-1.,0.));
#2362=DIRECTION('',(0.,0.,1.));
#2363=DIRECTION('',(0.,-1.,0.));
#2364=DIRECTION('',(1.,0.,0.));
#2365=DIRECTION('',(0.,0.,1.));
#2366=DIRECTION('',(0.,-1.,0.));
#2367=DIRECTION('',(0.,-1.,0.));
#2368=DIRECTION('',(0.,0.,-1.));
#2369=DIRECTION('',(0.,-1.,0.));
#2370=DIRECTION('',(0.,1.,0.));
#2371=DIRECTION('',(-1.,0.,0.));
#2372=DIRECTION('',(0.,1.,0.));
#2373=DIRECTION('',(-1.,0.,0.));
#2374=DIRECTION('',(0.,-1.,0.));
#2375=DIRECTION('',(-1.,0.,0.));
#2376=DIRECTION('',(0.,1.,0.));
#2377=DIRECTION('',(-1.,0.,0.));
#2378=DIRECTION('',(0.,1.,0.));
#2379=DIRECTION('',(-1.,0.,0.));
#2380=DIRECTION('',(0.,-1.,0.));
#2381=DIRECTION('',(-1.,0.,0.));
#2382=DIRECTION('',(0.,1.,0.));
#2383=DIRECTION('',(-1.,0.,0.));
#2384=DIRECTION('',(0.,1.,0.));
#2385=DIRECTION('',(-1.,0.,0.));
#2386=DIRECTION('',(0.,-1.,0.));
#2387=DIRECTION('',(-1.,0.,0.));
#2388=DIRECTION('',(0.,1.,0.));
#2389=DIRECTION('',(-1.,0.,0.));
#2390=DIRECTION('',(0.,1.,0.));
#2391=DIRECTION('',(-1.,0.,0.));
#2392=DIRECTION('',(0.,-1.,0.));
#2393=DIRECTION('',(-1.,0.,0.));
#2394=DIRECTION('',(0.,-1.,0.));
#2395=DIRECTION('',(-1.,0.,0.));
#2396=DIRECTION('',(-9.75254735356682E-16,4.51851970756463E-15,-1.));
#2397=DIRECTION('',(0.,-1.,-6.93889390390723E-15));
#2398=DIRECTION('',(0.,1.,0.));
#2399=DIRECTION('',(-1.,0.,0.));
#2400=DIRECTION('',(0.,-1.,0.));
#2401=DIRECTION('',(-1.,0.,0.));
#2402=DIRECTION('',(0.,1.,0.));
#2403=DIRECTION('',(-1.,0.,0.));
#2404=DIRECTION('',(0.,-1.,0.));
#2405=DIRECTION('',(-1.,0.,0.));
#2406=DIRECTION('',(0.,-1.,0.));
#2407=DIRECTION('',(-1.,0.,0.));
#2408=DIRECTION('',(0.,1.,0.));
#2409=DIRECTION('',(-1.,0.,0.));
#2410=DIRECTION('',(-3.83853705322528E-15,-3.83853705322527E-15,1.));
#2411=DIRECTION('',(-1.,0.,-6.93889390390723E-15));
#2412=DIRECTION('',(0.,-1.,0.));
#2413=DIRECTION('',(-1.,0.,0.));
#2414=DIRECTION('',(0.,-1.,0.));
#2415=DIRECTION('',(-1.,0.,0.));
#2416=DIRECTION('',(-3.83853705322528E-15,0.,1.));
#2417=DIRECTION('',(0.,-1.,0.));
#2418=DIRECTION('',(-1.,0.,0.));
#2419=DIRECTION('',(3.54326497220795E-15,0.,-1.));
#2420=DIRECTION('',(1.,0.,0.));
#2421=DIRECTION('',(1.,0.,0.));
#2422=DIRECTION('',(0.,-1.,0.));
#2423=DIRECTION('',(-1.,0.,0.));
#2424=DIRECTION('',(0.,-1.,0.));
#2425=DIRECTION('',(1.,0.,0.));
#2426=DIRECTION('',(0.,-1.,0.));
#2427=DIRECTION('',(0.,1.,0.));
#2428=DIRECTION('',(0.,1.,0.));
#2429=DIRECTION('',(0.,-1.,0.));
#2430=DIRECTION('',(0.,-1.,0.));
#2431=DIRECTION('',(-1.,0.,0.));
#2432=DIRECTION('',(0.,-1.,0.));
#2433=DIRECTION('',(0.,-1.,0.));
#2434=DIRECTION('',(0.,1.,0.));
#2435=DIRECTION('',(1.,0.,0.));
#2436=DIRECTION('',(0.,1.,0.));
#2437=DIRECTION('',(-1.,0.,0.));
#2438=DIRECTION('',(0.707106781186543,0.,0.707106781186552));
#2439=DIRECTION('',(0.,-1.,0.));
#2440=DIRECTION('',(-1.,0.,0.));
#2441=DIRECTION('',(-0.707106781186544,0.,-0.707106781186551));
#2442=DIRECTION('',(-0.707106781186544,0.,0.707106781186551));
#2443=DIRECTION('',(0.,-1.,0.));
#2444=DIRECTION('',(1.,0.,0.));
#2445=DIRECTION('',(0.707106781186543,0.,-0.707106781186552));
#2446=DIRECTION('',(3.83853705322528E-15,0.,-1.));
#2447=DIRECTION('',(-3.54326497220795E-15,0.,1.));
#2448=DIRECTION('',(0.,-1.,0.));
#2449=DIRECTION('',(1.,0.,0.));
#2450=DIRECTION('',(0.,-1.,0.));
#2451=DIRECTION('',(0.999999999999999,0.,0.));
#2452=DIRECTION('',(0.,-1.,0.));
#2453=DIRECTION('',(-1.,0.,0.));
#2454=DIRECTION('',(-3.83853705322528E-15,0.,1.));
#2455=DIRECTION('',(3.83853705322528E-15,0.,-1.));
#2456=DIRECTION('',(-1.,0.,-3.83853705322528E-15));
#2457=DIRECTION('',(3.8372083288607E-15,0.,-1.));
#2458=DIRECTION('',(3.54326497220795E-15,0.,-1.));
#2459=DIRECTION('',(-3.54326497220795E-15,0.,1.));
#2460=DIRECTION('',(1.,0.,3.54326497220795E-15));
#2461=DIRECTION('',(-3.54230533794464E-15,0.,1.));
#2462=DIRECTION('',(-3.83853705322528E-15,0.,1.));
#2463=DIRECTION('',(3.54326497220795E-15,0.,-1.));
#2464=DIRECTION('',(0.,1.,0.));
#2465=DIRECTION('',(1.,0.,0.));
#2466=DIRECTION('',(-3.83853705322528E-15,0.,1.));
#2467=DIRECTION('',(-1.,0.,-6.93889390390723E-15));
#2468=DIRECTION('',(3.54326497220795E-15,0.,-1.));
#2469=DIRECTION('',(1.,0.,6.93889390390723E-15));
#2470=DIRECTION('',(-3.83853705322528E-15,0.,1.));
#2471=DIRECTION('',(-1.,0.,-6.93889390390723E-15));
#2472=DIRECTION('',(3.54326497220795E-15,0.,-1.));
#2473=DIRECTION('',(1.,0.,6.93889390390723E-15));
#2474=DIRECTION('',(0.707106781186544,0.,-0.707106781186551));
#2475=DIRECTION('',(-0.707106781186543,0.,0.707106781186552));
#2476=DIRECTION('',(0.,1.,0.));
#2477=DIRECTION('',(1.,0.,0.));
#2478=DIRECTION('',(0.,-1.,0.));
#2479=DIRECTION('',(-1.,0.,0.));
#2480=DIRECTION('',(0.,1.,0.));
#2481=DIRECTION('',(0.707106781186551,0.,0.707106781186544));
#2482=DIRECTION('',(-0.707106781186544,0.,0.707106781186551));
#2483=DIRECTION('',(0.,1.,0.));
#2484=DIRECTION('',(-0.707106781186552,0.,-0.707106781186543));
#2485=DIRECTION('',(0.707106781186543,0.,-0.707106781186552));
#2486=DIRECTION('',(0.,-1.,0.));
#2487=DIRECTION('',(-1.,0.,0.));
#2488=DIRECTION('',(-0.707106781186543,0.,-0.707106781186552));
#2489=DIRECTION('',(0.707106781186544,0.,0.707106781186551));
#2490=DIRECTION('',(0.,1.,0.));
#2491=DIRECTION('',(-1.,0.,0.));
#2492=DIRECTION('',(0.,-1.,0.));
#2493=DIRECTION('',(-1.,0.,0.));
#2494=DIRECTION('',(0.,1.,0.));
#2495=DIRECTION('',(0.707106781186552,0.,-0.707106781186543));
#2496=DIRECTION('',(0.707106781186543,0.,0.707106781186552));
#2497=DIRECTION('',(0.,1.,0.));
#2498=DIRECTION('',(-0.707106781186551,0.,0.707106781186544));
#2499=DIRECTION('',(-0.707106781186544,0.,-0.707106781186551));
#2500=DIRECTION('',(0.,-1.,0.));
#2501=DIRECTION('',(-1.,0.,0.));
#2502=DIRECTION('',(0.,1.,0.));
#2503=DIRECTION('',(0.999999999999999,0.,0.));
#2504=DIRECTION('',(0.,-1.,0.));
#2505=DIRECTION('',(-1.,0.,0.));
#2506=DIRECTION('',(0.,-1.,0.));
#2507=DIRECTION('',(-1.,0.,0.));
#2508=DIRECTION('',(0.,1.,0.));
#2509=DIRECTION('',(1.,0.,0.));
#2510=DIRECTION('',(0.,-1.,0.));
#2511=DIRECTION('',(-1.,0.,0.));
#2512=DIRECTION('',(0.,-1.,0.));
#2513=DIRECTION('',(-1.,0.,0.));
#2514=DIRECTION('',(0.,-1.,0.));
#2515=DIRECTION('',(-1.,0.,0.));
#2516=DIRECTION('',(0.,1.,0.));
#2517=DIRECTION('',(1.,0.,0.));
#2518=DIRECTION('',(0.,-1.,0.));
#2519=DIRECTION('',(-1.,0.,0.));
#2520=DIRECTION('',(0.,-1.,0.));
#2521=DIRECTION('',(-1.,0.,0.));
#2522=DIRECTION('',(0.,-1.,0.));
#2523=DIRECTION('',(-1.,-9.57088814332031E-17,0.));
#2524=DIRECTION('',(0.,0.,-1.));
#2525=DIRECTION('',(0.,1.,0.));
#2526=DIRECTION('',(0.,0.,-1.));
#2527=DIRECTION('',(0.,-1.,0.));
#2528=DIRECTION('',(0.,0.,-1.));
#2529=DIRECTION('',(0.,1.,0.));
#2530=DIRECTION('',(0.,0.,-1.));
#2531=DIRECTION('',(0.,-1.,0.));
#2532=DIRECTION('',(0.,0.,-1.));
#2533=DIRECTION('',(0.,1.,0.));
#2534=DIRECTION('',(0.,0.,-1.));
#2535=DIRECTION('',(0.,-1.,0.));
#2536=DIRECTION('',(0.,0.,-1.));
#2537=DIRECTION('',(0.,-1.,0.));
#2538=DIRECTION('',(0.,0.,-1.));
#2539=DIRECTION('',(0.,-1.,0.));
#2540=DIRECTION('',(0.,0.,-1.));
#2541=DIRECTION('',(0.,1.,0.));
#2542=DIRECTION('',(0.,0.,-1.));
#2543=DIRECTION('',(0.,-1.,0.));
#2544=DIRECTION('',(0.,0.,1.));
#2545=DIRECTION('',(0.,-1.,0.));
#2546=DIRECTION('',(0.,0.,-1.));
#2547=DIRECTION('',(0.,-1.,0.));
#2548=DIRECTION('',(0.,0.,-1.));
#2549=DIRECTION('',(0.,1.,0.));
#2550=DIRECTION('',(0.,0.,-1.));
#2551=DIRECTION('',(0.,-1.,0.));
#2552=DIRECTION('',(0.,0.,-1.));
#2553=DIRECTION('',(0.,-1.,2.7720924460054E-17));
#2554=DIRECTION('',(0.,0.,-1.));
#2555=DIRECTION('',(0.,-1.,8.31212646337775E-17));
#2556=DIRECTION('',(0.,0.,-1.));
#2557=DIRECTION('',(0.,-1.,2.77209244600538E-17));
#2558=DIRECTION('',(0.,0.,-1.));
#2559=DIRECTION('',(0.,-1.,2.77209244600538E-17));
#2560=DIRECTION('',(0.,0.,-1.));
#2561=DIRECTION('',(0.,-1.,8.31212646337775E-17));
#2562=DIRECTION('',(-1.95427007909643E-13,1.,0.));
#2563=DIRECTION('',(-1.95596249224373E-13,1.,0.));
#2564=DIRECTION('',(1.,1.96023752785379E-13,0.));
#2565=DIRECTION('',(-1.95427007909643E-13,1.,0.));
#2566=DIRECTION('',(1.95427007909643E-13,-1.,0.));
#2567=DIRECTION('',(-1.,-1.95156391047391E-13,0.));
#2568=DIRECTION('',(-1.95427007909643E-13,1.,0.));
#2569=DIRECTION('',(0.,0.,-1.));
#2570=DIRECTION('',(-1.,-1.95427007909643E-13,0.));
#2571=DIRECTION('',(0.,0.,1.));
#2572=DIRECTION('',(-1.95427007909643E-13,1.,0.));
#2573=DIRECTION('',(0.,0.,1.));
#2574=DIRECTION('',(1.95427007909643E-13,-1.,0.));
#2575=DIRECTION('',(0.,0.,1.));
#2576=DIRECTION('',(-1.95427007909643E-13,1.,0.));
#2577=DIRECTION('',(0.,0.,1.));
#2578=DIRECTION('',(0.,0.,-1.));
#2579=DIRECTION('',(-1.,-1.95427007909643E-13,0.));
#2580=DIRECTION('',(1.95427007909643E-13,-1.,0.));
#2581=DIRECTION('',(-1.,-1.96023752785379E-13,0.));
#2582=DIRECTION('',(1.95427007909643E-13,-1.,0.));
#2583=DIRECTION('',(0.,0.,1.));
#2584=DIRECTION('',(-1.95427007909643E-13,1.,0.));
#2585=DIRECTION('',(0.,0.,-1.));
#2586=DIRECTION('',(1.95226847508569E-13,-1.,0.));
#2587=DIRECTION('',(0.,0.,1.));
#2588=DIRECTION('',(1.,1.95226847508569E-13,0.));
#2589=DIRECTION('',(-1.9522577998643E-13,1.,0.));
#2590=DIRECTION('',(-1.,-1.95596249224373E-13,0.));
#2591=DIRECTION('',(0.,0.,1.));
#2592=DIRECTION('',(-1.95590071916385E-13,1.,0.));
#2593=DIRECTION('',(1.94359485770581E-13,-1.,0.));
#2594=DIRECTION('',(0.,0.,1.));
#2595=DIRECTION('',(-1.95590071916385E-13,0.999999999999999,0.));
#2596=DIRECTION('',(1.,1.95596249224373E-13,0.));
#2597=DIRECTION('',(1.95427007909643E-13,-1.,0.));
#2598=DIRECTION('',(0.,0.,1.));
#2599=DIRECTION('',(-1.96023752785379E-13,1.,0.));
#2600=DIRECTION('',(0.,0.,1.));
#2601=DIRECTION('',(-1.96023752785379E-13,1.,0.));
#2602=DIRECTION('',(0.,0.,-1.));
#2603=DIRECTION('',(-1.9544551162672E-13,1.,0.));
#2604=DIRECTION('',(1.,1.95627168310717E-13,0.));
#2605=DIRECTION('',(0.,0.,-1.));
#2606=DIRECTION('',(-1.9544551162672E-13,1.,0.));
#2607=DIRECTION('',(1.94270525592325E-13,-1.,0.));
#2608=DIRECTION('',(0.,0.,-1.));
#2609=DIRECTION('',(-1.9544551162672E-13,1.,0.));
#2610=DIRECTION('',(-1.,-1.95693888444409E-13,0.));
#2611=DIRECTION('',(0.,0.,-1.));
#2612=DIRECTION('',(-1.9544551162672E-13,1.,0.));
#2613=DIRECTION('',(-1.940227079529E-13,1.,0.));
#2614=DIRECTION('',(0.,0.,1.));
#2615=DIRECTION('',(-1.95427007909643E-13,1.,0.));
#2616=DIRECTION('',(0.,0.,-1.));
#2617=DIRECTION('',(1.,1.96424073587528E-13,0.));
#2618=DIRECTION('',(0.,0.,-1.));
#2619=DIRECTION('',(1.,1.96424073587528E-13,0.));
#2620=DIRECTION('',(1.,1.95596249224373E-13,0.));
#2621=DIRECTION('',(0.,0.,-1.));
#2622=DIRECTION('',(1.,1.96424073587528E-13,0.));
#2623=DIRECTION('',(1.,1.95596249224373E-13,0.));
#2624=DIRECTION('',(0.,0.,-1.));
#2625=DIRECTION('',(-1.94289029309402E-13,1.,0.));
#2626=DIRECTION('',(1.94492926037963E-13,-1.,0.));
#2627=DIRECTION('',(0.,0.,-1.));
#2628=DIRECTION('',(-1.94289029309402E-13,1.,0.));
#2629=DIRECTION('',(-1.,-1.95596249224373E-13,0.));
#2630=DIRECTION('',(0.,0.,-1.));
#2631=DIRECTION('',(1.,1.96424073587528E-13,0.));
#2632=DIRECTION('',(-1.,-1.95596249224373E-13,0.));
#2633=DIRECTION('',(0.,0.,-1.));
#2634=DIRECTION('',(1.,1.96424073587528E-13,0.));
#2635=DIRECTION('',(-1.,-1.95596249224373E-13,0.));
#2636=DIRECTION('',(0.,0.,-1.));
#2637=DIRECTION('',(-1.96023752785379E-13,1.,0.));
#2638=DIRECTION('',(-1.94359485770581E-13,1.,0.));
#2639=DIRECTION('',(0.,0.,-1.));
#2640=DIRECTION('',(-1.96023752785379E-13,1.,0.));
#2641=DIRECTION('',(1.,1.95596249224373E-13,0.));
#2642=DIRECTION('',(0.,0.,1.));
#2643=DIRECTION('',(-1.95427007909643E-13,1.,0.));
#2644=DIRECTION('',(0.,0.,-1.));
#2645=DIRECTION('',(-1.9555064638284E-13,0.999999999999999,0.));
#2646=DIRECTION('',(0.,0.,1.));
#2647=DIRECTION('',(1.9555064638284E-13,-0.999999999999999,0.));
#2648=DIRECTION('',(0.,0.,-1.));
#2649=DIRECTION('',(1.9555064638284E-13,-0.999999999999999,0.));
#2650=DIRECTION('',(0.,0.,1.));
#2651=DIRECTION('',(-1.9555064638284E-13,0.999999999999999,0.));
#2652=DIRECTION('',(0.,0.,-1.));
#2653=DIRECTION('',(1.9555064638284E-13,-0.999999999999999,0.));
#2654=DIRECTION('',(0.,0.,-1.));
#2655=DIRECTION('',(1.9555064638284E-13,-0.999999999999999,0.));
#2656=DIRECTION('',(0.,0.,-1.));
#2657=DIRECTION('',(-1.9555064638284E-13,0.999999999999999,0.));
#2658=DIRECTION('',(0.,0.,1.));
#2659=DIRECTION('',(1.9555064638284E-13,-0.999999999999999,0.));
#2660=DIRECTION('',(0.,0.,-1.));
#2661=DIRECTION('',(1.9555064638284E-13,-0.999999999999999,0.));
#2662=DIRECTION('',(0.,0.,1.));
#2663=DIRECTION('',(-1.9555064638284E-13,0.999999999999999,0.));
#2664=DIRECTION('',(0.,0.,-1.));
#2665=DIRECTION('',(1.9555064638284E-13,-0.999999999999999,0.));
#2666=DIRECTION('',(0.,0.,-1.));
#2667=DIRECTION('',(1.9555064638284E-13,-0.999999999999999,0.));
#2668=DIRECTION('',(0.,0.,-1.));
#2669=DIRECTION('',(-1.9555064638284E-13,0.999999999999999,0.));
#2670=DIRECTION('',(0.,0.,1.));
#2671=DIRECTION('',(1.9555064638284E-13,-0.999999999999999,0.));
#2672=DIRECTION('',(0.,0.,-1.));
#2673=DIRECTION('',(1.9555064638284E-13,-0.999999999999999,0.));
#2674=DIRECTION('',(-1.,-1.95693888444409E-13,0.));
#2675=DIRECTION('',(0.,0.,1.));
#2676=DIRECTION('',(-1.95676808090184E-13,1.,0.));
#2677=DIRECTION('',(1.94270525592325E-13,-1.,0.));
#2678=DIRECTION('',(0.,0.,1.));
#2679=DIRECTION('',(-1.95676808090184E-13,1.,0.));
#2680=DIRECTION('',(1.,1.95627168310717E-13,0.));
#2681=DIRECTION('',(0.,0.,1.));
#2682=DIRECTION('',(-1.95676808090184E-13,1.,0.));
#2683=DIRECTION('',(-1.940227079529E-13,1.,0.));
#2684=DIRECTION('',(0.,0.,1.));
#2685=DIRECTION('',(-1.95676808090184E-13,1.,0.));
#2686=DIRECTION('',(0.,0.,1.));
#2687=DIRECTION('',(-1.95427007909643E-13,1.,0.));
#2688=DIRECTION('',(-1.95596249224373E-13,1.,0.));
#2689=DIRECTION('',(-1.,-1.95676808090184E-13,0.));
#2690=DIRECTION('',(-1.,-1.95596249224373E-13,0.));
#2691=DIRECTION('',(0.,0.,-1.));
#2692=DIRECTION('',(1.,1.95596249224373E-13,0.));
#2693=DIRECTION('',(0.,0.,1.));
#2694=DIRECTION('',(1.95596249224373E-13,-1.,0.));
#2695=DIRECTION('',(-1.,-1.95775935145954E-13,0.));
#2696=DIRECTION('',(-1.95596249224373E-13,1.,0.));
#2697=DIRECTION('',(-1.,-1.95593541363337E-13,0.));
#2698=DIRECTION('',(0.,0.,1.));
#2699=DIRECTION('',(1.94492926037963E-13,-1.,1.85088216037148E-16));
#2700=DIRECTION('',(0.,0.,-1.));
#2701=DIRECTION('',(-1.94492926037963E-13,1.,0.));
#2702=DIRECTION('',(-1.,-1.94492926037963E-13,0.));
#2703=DIRECTION('',(1.94490257232616E-13,-1.,0.));
#2704=DIRECTION('',(1.95596249224373E-13,-1.,0.));
#2705=DIRECTION('',(1.,1.95676808090184E-13,0.));
#2706=DIRECTION('',(-1.95596249224373E-13,1.,0.));
#2707=DIRECTION('',(1.,1.95528117506529E-13,0.));
#2708=DIRECTION('',(0.,0.,-1.));
#2709=DIRECTION('',(-1.,-1.95596249224373E-13,0.));
#2710=DIRECTION('',(0.,0.,1.));
#2711=DIRECTION('',(1.,1.95596249224373E-13,0.));
#2712=DIRECTION('',(1.95596249224373E-13,-1.,0.));
#2713=DIRECTION('',(1.,1.95593541363337E-13,0.));
#2714=DIRECTION('',(0.,0.,1.));
#2715=DIRECTION('',(-1.94359485770581E-13,1.,0.));
#2716=DIRECTION('',(0.,0.,-1.));
#2717=DIRECTION('',(1.94359485770581E-13,-1.,0.));
#2718=DIRECTION('',(1.,1.94359485770581E-13,0.));
#2719=DIRECTION('',(-1.94358418248441E-13,1.,0.));
#2720=DIRECTION('',(0.,0.,1.));
#2721=DIRECTION('',(1.,1.95693888444409E-13,0.));
#2722=DIRECTION('',(0.,0.,-1.));
#2723=DIRECTION('',(1.95693888444409E-13,-1.,0.));
#2724=DIRECTION('',(1.,1.95690685877992E-13,0.));
#2725=DIRECTION('',(0.,0.,1.));
#2726=DIRECTION('',(-1.94270525592325E-13,1.,0.));
#2727=DIRECTION('',(0.,0.,-1.));
#2728=DIRECTION('',(1.,1.94270525592325E-13,0.));
#2729=DIRECTION('',(-1.94271682074643E-13,1.,0.));
#2730=DIRECTION('',(0.,0.,1.));
#2731=DIRECTION('',(-1.,-1.95627168310717E-13,0.));
#2732=DIRECTION('',(0.,0.,-1.));
#2733=DIRECTION('',(-1.95627168310717E-13,1.,0.));
#2734=DIRECTION('',(-1.,-1.95621296938953E-13,0.));
#2735=DIRECTION('',(0.,0.,1.));
#2736=DIRECTION('',(1.940227079529E-13,-1.,0.));
#2737=DIRECTION('',(0.,0.,-1.));
#2738=DIRECTION('',(-1.,-1.940227079529E-13,0.));
#2739=DIRECTION('',(1.94021881894102E-13,-1.,0.));
#2740=DIRECTION('',(0.,0.,1.));
#2741=DIRECTION('',(-1.95676808090184E-13,1.,0.));
#2742=DIRECTION('',(0.,0.,1.));
#2743=DIRECTION('',(-1.95676808090184E-13,1.,0.));
#2744=DIRECTION('',(0.,0.,1.));
#2745=DIRECTION('',(-1.95676808090184E-13,1.,0.));
#2746=DIRECTION('',(0.,0.,1.));
#2747=DIRECTION('',(-1.95676808090184E-13,1.,0.));
#2748=DIRECTION('',(0.,0.,1.));
#2749=DIRECTION('',(-1.95676808090184E-13,1.,0.));
#2750=DIRECTION('',(0.,0.,1.));
#2751=DIRECTION('',(-1.95676808090184E-13,1.,0.));
#2752=DIRECTION('',(0.,0.,1.));
#2753=DIRECTION('',(-1.95676808090184E-13,1.,0.));
#2754=DIRECTION('',(0.,0.,1.));
#2755=DIRECTION('',(-1.95676808090184E-13,1.,0.));
#2756=DIRECTION('',(0.,0.,-1.));
#2757=DIRECTION('',(-1.95329863394988E-13,0.999999999999999,0.));
#2758=DIRECTION('',(0.,0.,1.));
#2759=DIRECTION('',(-1.95329863394988E-13,0.999999999999999,0.));
#2760=DIRECTION('',(0.,0.,-1.));
#2761=DIRECTION('',(1.95329863394988E-13,-0.999999999999999,0.));
#2762=DIRECTION('',(0.,0.,-1.));
#2763=DIRECTION('',(-1.95329863394988E-13,1.,0.));
#2764=DIRECTION('',(0.,0.,1.));
#2765=DIRECTION('',(-1.95329863394988E-13,1.,0.));
#2766=DIRECTION('',(0.,0.,-1.));
#2767=DIRECTION('',(1.95329863394988E-13,-0.999999999999999,0.));
#2768=DIRECTION('',(-0.156564986950769,-3.05970269432011E-14,-0.987667659114697));
#2769=DIRECTION('',(0.987667659114697,1.93016935429907E-13,-0.156564986950769));
#2770=DIRECTION('',(0.,0.,1.));
#2771=DIRECTION('',(-1.95676808090184E-13,1.,0.));
#2772=DIRECTION('',(0.,0.,-1.));
#2773=DIRECTION('',(1.95676808090184E-13,-0.999999999999999,0.));
#2774=DIRECTION('',(0.,0.,1.));
#2775=DIRECTION('',(-1.95676808090184E-13,0.999999999999999,0.));
#2776=DIRECTION('',(-0.156564986950769,-3.05970269432011E-14,-0.987667659114697));
#2777=DIRECTION('',(0.987667659114697,1.93016935429907E-13,-0.156564986950769));
#2778=DIRECTION('',(0.,0.,-1.));
#2779=DIRECTION('',(1.95676808090184E-13,-0.999999999999999,0.));
#2780=DIRECTION('',(1.94559646171655E-13,-1.,0.));
#2781=DIRECTION('',(1.,1.94289029309402E-13,0.));
#2782=DIRECTION('',(1.,1.94993327040649E-13,0.));
#2783=DIRECTION('',(-1.95156391047391E-13,1.,0.));
#2784=DIRECTION('',(1.,1.95427007909643E-13,0.));
#2785=DIRECTION('',(0.,0.,-1.));
#2786=DIRECTION('',(-1.,-1.95596249224373E-13,0.));
#2787=DIRECTION('',(1.96023752785379E-13,-1.,0.));
#2788=DIRECTION('',(1.94559646171655E-13,-1.,7.51883050288777E-31));
#2789=DIRECTION('',(1.,1.94289029309402E-13,0.));
#2790=DIRECTION('',(1.94359485770581E-13,-1.,0.));
#2791=DIRECTION('',(1.,1.94289029309402E-13,0.));
#2792=DIRECTION('',(1.94559646171655E-13,-1.,0.));
#2793=DIRECTION('',(1.,1.94289029309402E-13,0.));
#2794=DIRECTION('',(1.,1.95427007909643E-13,0.));
#2795=DIRECTION('',(0.,0.,-1.));
#2796=DIRECTION('',(1.94559646171655E-13,-1.,0.));
#2797=DIRECTION('',(1.,1.94289029309402E-13,0.));
#2798=DIRECTION('',(-1.94492926037963E-13,1.,0.));
#2799=DIRECTION('',(-1.,-1.94289029309402E-13,0.));
#2800=DIRECTION('',(1.,1.95427007909643E-13,4.33680868994202E-16));
#2801=DIRECTION('',(0.,0.,-1.));
#2802=DIRECTION('',(1.,1.95596249224373E-13,0.));
#2803=DIRECTION('',(-1.96023752785379E-13,1.,0.));
#2804=DIRECTION('',(0.,0.,1.));
#2805=DIRECTION('',(1.,1.96424073587528E-13,0.));
#2806=DIRECTION('',(0.,0.,-1.));
#2807=DIRECTION('',(1.95427007909643E-13,-1.,0.));
#2808=DIRECTION('',(0.,0.,-1.));
#2809=DIRECTION('',(1.95356551448465E-13,-1.,0.));
#2810=DIRECTION('',(0.,0.,1.));
#2811=DIRECTION('',(1.,1.96424073587528E-13,0.));
#2812=DIRECTION('',(0.,0.,-1.));
#2813=DIRECTION('',(1.95356551448465E-13,-1.,0.));
#2814=DIRECTION('',(0.,0.,-1.));
#2815=DIRECTION('',(1.95427007909643E-13,-1.,0.));
#2816=DIRECTION('',(0.,0.,1.));
#2817=DIRECTION('',(1.,1.96424073587528E-13,0.));
#2818=DIRECTION('',(0.,0.,-1.));
#2819=DIRECTION('',(1.95427007909643E-13,-1.,0.));
#2820=DIRECTION('',(0.,0.,-1.));
#2821=DIRECTION('',(1.95356551448465E-13,-1.,0.));
#2822=DIRECTION('',(0.,0.,1.));
#2823=DIRECTION('',(1.,1.96424073587528E-13,0.));
#2824=DIRECTION('',(0.,0.,-1.));
#2825=DIRECTION('',(1.95356551448465E-13,-1.,0.));
#2826=DIRECTION('',(0.,0.,-1.));
#2827=DIRECTION('',(1.95427007909643E-13,-1.,0.));
#2828=DIRECTION('',(0.,0.,1.));
#2829=DIRECTION('',(1.,1.96424073587528E-13,0.));
#2830=DIRECTION('',(0.,0.,-1.));
#2831=DIRECTION('',(1.95427007909643E-13,-1.,0.));
#2832=DIRECTION('',(0.,0.,-1.));
#2833=DIRECTION('',(1.95489991715848E-13,-1.,0.));
#2834=DIRECTION('',(-1.38187762519906E-13,0.707106781186547,-0.707106781186547));
#2835=DIRECTION('',(1.38187762519906E-13,-0.707106781186547,0.707106781186547));
#2836=DIRECTION('',(-1.38376475555805E-13,0.707106781186547,0.707106781186547));
#2837=DIRECTION('',(-1.,-1.95690685877992E-13,0.));
#2838=DIRECTION('',(0.707106781186547,1.38187762519906E-13,0.707106781186547));
#2839=DIRECTION('',(0.,0.,1.));
#2840=DIRECTION('',(-1.9542706325476E-13,1.,-1.38362789709018E-17));
#2841=DIRECTION('',(0.707106781186547,1.38187762519906E-13,-0.707106781186547));
#2842=DIRECTION('',(0.,0.,1.));
#2843=DIRECTION('',(-1.9542706325476E-13,1.,-1.38362789709018E-17));
#2844=DIRECTION('',(0.707106781186547,1.38187762519906E-13,0.707106781186547));
#2845=DIRECTION('',(-0.707106781186547,-1.37370006031008E-13,0.707106781186547));
#2846=DIRECTION('',(1.94271682074643E-13,-1.,0.));
#2847=DIRECTION('',(0.707106781186545,1.38187762519905E-13,-0.70710678118655));
#2848=DIRECTION('',(0.707106781186549,1.37194772497673E-13,0.707106781186546));
#2849=DIRECTION('',(-1.94021881894102E-13,1.,0.));
#2850=DIRECTION('',(-1.38187762519906E-13,0.707106781186547,0.707106781186547));
#2851=DIRECTION('',(0.,0.,1.));
#2852=DIRECTION('',(-1.9542706325476E-13,1.,-1.38362789709018E-17));
#2853=DIRECTION('',(1.38187762519906E-13,-0.707106781186547,-0.707106781186547));
#2854=DIRECTION('',(0.,0.,1.));
#2855=DIRECTION('',(-1.9542706325476E-13,1.,-1.38362789709018E-17));
#2856=DIRECTION('',(1.38329297296831E-13,-0.707106781186549,0.707106781186546));
#2857=DIRECTION('',(1.,1.95621296938953E-13,0.));
#2858=DIRECTION('',(1.95596249224373E-13,-1.,0.));
#2859=DIRECTION('',(-1.,-1.96023752785379E-13,0.));
#2860=DIRECTION('',(-1.95427007909643E-13,1.,0.));
#2861=DIRECTION('',(1.95427007909643E-13,-1.,0.));
#2862=DIRECTION('',(0.,0.,1.));
#2863=DIRECTION('',(-1.95427007909643E-13,1.,0.));
#2864=DIRECTION('',(1.95596249224373E-13,-1.,0.));
#2865=DIRECTION('',(1.,1.95676808090184E-13,0.));
#2866=DIRECTION('',(-1.95596249224373E-13,1.,0.));
#2867=DIRECTION('',(-1.,-1.95676808090184E-13,0.));
#2868=DIRECTION('',(-1.95427007909643E-13,1.,0.));
#2869=DIRECTION('',(0.,0.,-1.));
#2870=DIRECTION('',(0.,0.,-1.));
#2871=DIRECTION('',(1.96023752785379E-13,-1.,0.));
#2872=DIRECTION('',(0.,0.,1.));
#2873=DIRECTION('',(-1.96023752785379E-13,1.,0.));
#2874=DIRECTION('',(-1.94492926037963E-13,1.,-1.85088216037148E-16));
#2875=DIRECTION('',(0.194370796487228,3.79853031825132E-14,0.980928128597055));
#2876=DIRECTION('',(0.980928128597055,1.91699849146128E-13,-0.194370796487228));
#2877=DIRECTION('',(1.95427007909643E-13,-1.,0.));
#2878=DIRECTION('',(0.194370796487228,3.79853031825132E-14,0.980928128597055));
#2879=DIRECTION('',(0.980928128597055,1.91699849146128E-13,-0.194370796487228));
#2880=DIRECTION('',(-0.194370796487228,-3.79853031825132E-14,-0.980928128597055));
#2881=DIRECTION('',(-1.95427007909643E-13,1.,0.));
#2882=DIRECTION('',(-1.95427007909643E-13,1.,0.));
#2883=DIRECTION('',(0.,0.,-1.));
#2884=DIRECTION('',(1.,1.95427007909643E-13,0.));
#2885=DIRECTION('',(0.,0.,-1.));
#2886=DIRECTION('',(-1.95427007909643E-13,1.,1.73472347597681E-15));
#2887=DIRECTION('',(0.,0.,-1.));
#2888=DIRECTION('',(0.,0.,1.));
#2889=DIRECTION('',(-1.95329863394988E-13,0.999999999999999,0.));
#2890=DIRECTION('',(-1.93692284433666E-13,1.,-6.01853107621011E-30));
#2891=DIRECTION('',(-1.,-1.94289029309402E-13,0.));
#2892=DIRECTION('',(-1.94359485770581E-13,1.,0.));
#2893=DIRECTION('',(-1.,-1.94289029309402E-13,0.));
#2894=DIRECTION('',(1.,1.95427007909643E-13,0.));
#2895=DIRECTION('',(0.,0.,-1.));
#2896=DIRECTION('',(-1.,-1.95596249224373E-13,0.));
#2897=DIRECTION('',(1.95590071916385E-13,-1.,0.));
#2898=DIRECTION('',(1.,1.95427007909643E-13,0.));
#2899=DIRECTION('',(0.,0.,-1.));
#2900=DIRECTION('',(0.,0.,1.));
#2901=DIRECTION('',(-1.95329863394988E-13,1.,0.));
#2902=DIRECTION('',(0.707106781186543,1.38187762519905E-13,0.707106781186552));
#2903=DIRECTION('',(0.707106781186552,1.38777878078145E-13,-0.707106781186545));
#2904=DIRECTION('',(-1.95596249224373E-13,1.,0.));
#2905=DIRECTION('',(-1.,-1.9544551162672E-13,0.));
#2906=DIRECTION('',(1.,1.95427007909643E-13,1.73472347597681E-15));
#2907=DIRECTION('',(1.73472347597681E-15,0.,-1.));
#2908=DIRECTION('',(1.,1.95596249224373E-13,0.));
#2909=DIRECTION('',(-1.95590071916385E-13,1.,0.));
#2910=DIRECTION('',(0.82386383505663,1.60559288332665E-13,0.566787774467465));
#2911=DIRECTION('',(0.566787774467465,1.11022302462516E-13,-0.823863835056629));
#2912=DIRECTION('',(-1.95596249224373E-13,1.,0.));
#2913=DIRECTION('',(-1.,-1.95676808090184E-13,0.));
#2914=DIRECTION('',(0.707106781186548,1.38187762519906E-13,0.707106781186547));
#2915=DIRECTION('',(0.707106781186547,1.38777878078145E-13,-0.707106781186545));
#2916=DIRECTION('',(1.95596249224373E-13,-1.,0.));
#2917=DIRECTION('',(1.,1.9544551162672E-13,0.));
#2918=DIRECTION('',(0.826808067608838,0.012740995206243,0.562339831754869));
#2919=DIRECTION('',(0.562385480457041,1.11022302462516E-13,-0.826875184880463));
#2920=DIRECTION('',(0.823863835056638,1.61005244210083E-13,0.566787774467453));
#2921=DIRECTION('',(0.566787774467455,1.11022302462516E-13,-0.823863835056636));
#2922=DIRECTION('',(1.95596249224373E-13,-1.,0.));
#2923=DIRECTION('',(1.,1.95676808090184E-13,0.));
#2924=DIRECTION('',(0.937581544558246,0.293983020316012,-0.185781675817744));
#2925=DIRECTION('',(-0.299191632890751,0.954193044833261,0.));
#2926=DIRECTION('',(0.826808067608842,-0.0127409952059156,0.56233983175487));
#2927=DIRECTION('',(0.562385480457044,1.11022302462516E-13,-0.826875184880463));
#2928=DIRECTION('',(-1.93692284433666E-13,1.,-3.43735258354706E-16));
#2929=DIRECTION('',(-1.,-1.94289029309402E-13,0.));
#2930=DIRECTION('',(0.937581544558363,-0.293983020315638,-0.185781675817745));
#2931=DIRECTION('',(0.299191632890369,0.954193044833379,0.));
#2932=DIRECTION('',(-1.93692284433666E-13,1.,-3.43735258354706E-16));
#2933=DIRECTION('',(-1.,-1.94289029309402E-13,0.));
#2934=DIRECTION('',(1.94492926037963E-13,-1.,1.85088216037148E-16));
#2935=DIRECTION('',(1.,1.94289029309402E-13,0.));
#2936=CARTESIAN_POINT('',(0.,0.,0.));
#2937=CARTESIAN_POINT('',(-17.7487373415376,-69.6000000000002,-123.014109145886));
#2938=CARTESIAN_POINT('',(-17.7487373415376,-67.8500000000002,-123.014109145886));
#2939=CARTESIAN_POINT('',(-17.7487373415375,-99.6000000000001,-123.014109145886));
#2940=CARTESIAN_POINT('',(-17.7487373415375,-97.8500000000001,-123.014109145886));
#2941=CARTESIAN_POINT('',(2.25126265847066,-84.6000000000002,-123.014109145886));
#2942=CARTESIAN_POINT('',(2.25126265847066,-82.8500000000002,-123.014109145886));
#2943=CARTESIAN_POINT('',(22.2512626584788,-99.6000000000001,-123.014109145886));
#2944=CARTESIAN_POINT('',(22.2512626584788,-97.8500000000001,-123.014109145886));
#2945=CARTESIAN_POINT('',(22.2512626584789,-69.6000000000002,-123.014109145886));
#2946=CARTESIAN_POINT('',(22.2512626584789,-67.8500000000002,-123.014109145886));
#2947=CARTESIAN_POINT('',(27.7512626584791,-158.5,-123.014109145886));
#2948=CARTESIAN_POINT('',(27.7512626584791,-103.1,-123.014109145886));
#2949=CARTESIAN_POINT('',(27.7512626584791,-66.1000000000002,-123.014109145886));
#2950=CARTESIAN_POINT('',(25.7512626584791,-103.1,-123.014109145886));
#2951=CARTESIAN_POINT('',(25.7512626584791,-105.1,-123.014109145886));
#2952=CARTESIAN_POINT('',(-7.64823227816245,-105.1,-123.014109145886));
#2953=CARTESIAN_POINT('',(-21.2487373415376,-105.1,-123.014109145886));
#2954=CARTESIAN_POINT('',(-21.2487373415376,-103.1,-123.014109145886));
#2955=CARTESIAN_POINT('',(-23.2487373415376,-103.1,-123.014109145886));
#2956=CARTESIAN_POINT('',(-23.2487373415376,-158.5,-123.014109145886));
#2957=CARTESIAN_POINT('',(-23.2487373415376,-66.1000000000002,-123.014109145886));
#2958=CARTESIAN_POINT('',(-21.2487373415376,-66.1000000000002,-123.014109145886));
#2959=CARTESIAN_POINT('',(-21.2487373415376,-64.1000000000002,-123.014109145886));
#2960=CARTESIAN_POINT('',(27.7512626584791,-64.1000000000002,-123.014109145886));
#2961=CARTESIAN_POINT('',(25.7512626584791,-64.1000000000002,-123.014109145886));
#2962=CARTESIAN_POINT('',(25.7512626584791,-66.1000000000002,-123.014109145886));
#2963=CARTESIAN_POINT('',(-7.64823227816245,-105.1,-123.014109145886));
#2964=CARTESIAN_POINT('',(2.25126265847066,-84.6000000000002,-117.014109145886));
#2965=CARTESIAN_POINT('',(2.25126265847066,-85.8500000000002,-117.014109145886));
#2966=CARTESIAN_POINT('',(22.2512626584789,-69.6000000000002,-117.014109145886));
#2967=CARTESIAN_POINT('',(22.2512626584789,-70.8500000000002,-117.014109145886));
#2968=CARTESIAN_POINT('',(-17.7487373415376,-69.6000000000002,-117.014109145886));
#2969=CARTESIAN_POINT('',(-17.7487373415376,-70.8500000000002,-117.014109145886));
#2970=CARTESIAN_POINT('',(-23.2487373415376,-99.1000000000002,-117.014109145886));
#2971=CARTESIAN_POINT('',(-23.2487373415376,-99.1000000000002,-117.014109145886));
#2972=CARTESIAN_POINT('',(-18.8943812652765,-99.1000000000002,-117.014109145886));
#2973=CARTESIAN_POINT('',(-17.7487373415375,-99.6000000000001,-117.014109145886));
#2974=CARTESIAN_POINT('',(-16.6030934177985,-99.1000000000002,-117.014109145886));
#2975=CARTESIAN_POINT('',(-23.2487373415376,-99.1000000000002,-117.014109145886));
#2976=CARTESIAN_POINT('',(21.1056187347398,-99.1000000000002,-117.014109145886));
#2977=CARTESIAN_POINT('',(22.2512626584788,-99.6000000000001,-117.014109145886));
#2978=CARTESIAN_POINT('',(23.3969065822178,-99.1000000000002,-117.014109145886));
#2979=CARTESIAN_POINT('',(-23.2487373415376,-99.1000000000002,-117.014109145886));
#2980=CARTESIAN_POINT('',(27.751262658479,-99.1000000000002,-117.014109145886));
#2981=CARTESIAN_POINT('',(27.751262658479,-64.1000000000002,-117.014109145886));
#2982=CARTESIAN_POINT('',(27.751262658479,-66.1000000000002,-117.014109145886));
#2983=CARTESIAN_POINT('',(25.751262658479,-66.1000000000002,-117.014109145886));
#2984=CARTESIAN_POINT('',(25.751262658479,-64.1000000000002,-117.014109145886));
#2985=CARTESIAN_POINT('',(-23.2487373415376,-64.1000000000002,-117.014109145886));
#2986=CARTESIAN_POINT('',(-21.2487373415376,-64.1000000000002,-117.014109145886));
#2987=CARTESIAN_POINT('',(-21.2487373415376,-66.1000000000002,-117.014109145886));
#2988=CARTESIAN_POINT('',(-23.2487373415376,-66.1000000000002,-117.014109145886));
#2989=CARTESIAN_POINT('',(-23.2487373415376,-64.1000000000002,-117.014109145886));
#2990=CARTESIAN_POINT('',(-23.2487373415376,-64.1000000000002,-117.014109145886));
#2991=CARTESIAN_POINT('',(-12.0676496605569,-99.1000000000002,-113.833021464914));
#2992=CARTESIAN_POINT('',(-13.7176496605569,-99.1000000000002,-113.833021464914));
#2993=CARTESIAN_POINT('',(-12.0676496605569,-102.1,-113.833021464914));
#2994=CARTESIAN_POINT('',(-13.7176496605569,-102.1,-113.833021464914));
#2995=CARTESIAN_POINT('',(-12.0676496605569,-45.7000000000002,-113.833021464914));
#2996=CARTESIAN_POINT('',(16.5701749774983,-99.1000000000002,-85.1951968268588));
#2997=CARTESIAN_POINT('',(14.9201749774983,-99.1000000000002,-85.1951968268588));
#2998=CARTESIAN_POINT('',(16.5701749774983,-102.1,-85.1951968268588));
#2999=CARTESIAN_POINT('',(14.9201749774983,-102.1,-85.1951968268588));
#3000=CARTESIAN_POINT('',(16.5701749774983,-45.7000000000002,-85.1951968268588));
#3001=CARTESIAN_POINT('',(16.5701749774982,-99.1000000000002,-113.833021464914));
#3002=CARTESIAN_POINT('',(14.9201749774982,-99.1000000000002,-113.833021464914));
#3003=CARTESIAN_POINT('',(16.5701749774982,-102.1,-113.833021464914));
#3004=CARTESIAN_POINT('',(14.9201749774982,-102.1,-113.833021464914));
#3005=CARTESIAN_POINT('',(16.5701749774982,-45.7000000000002,-113.833021464914));
#3006=CARTESIAN_POINT('',(-12.0676496605569,-99.1000000000002,-85.1951968268588));
#3007=CARTESIAN_POINT('',(-13.7176496605569,-99.1000000000002,-85.1951968268588));
#3008=CARTESIAN_POINT('',(-12.0676496605569,-102.1,-85.1951968268588));
#3009=CARTESIAN_POINT('',(-13.7176496605569,-102.1,-85.1951968268588));
#3010=CARTESIAN_POINT('',(-12.0676496605569,-45.7000000000002,-85.1951968268588));
#3011=CARTESIAN_POINT('',(20.9150877536613,-105.1,-85.2343460940523));
#3012=CARTESIAN_POINT('',(20.9667256125155,-105.1,-85.1827082351981));
#3013=CARTESIAN_POINT('',(21.0184381972735,-105.096058683112,-85.1309956504401));
#3014=CARTESIAN_POINT('',(21.0697767350853,-105.088207186135,-85.0796571126283));
#3015=CARTESIAN_POINT('',(21.2299300030009,-105.063714028507,-84.9195038447127));
#3016=CARTESIAN_POINT('',(21.3893262411205,-104.999747623508,-84.760107606593));
#3017=CARTESIAN_POINT('',(21.5346425972215,-104.901440113532,-84.614791250492));
#3018=CARTESIAN_POINT('',(21.6795214803506,-104.803428557017,-84.4699123673629));
#3019=CARTESIAN_POINT('',(21.8144326586547,-104.668528310931,-84.3350011890589));
#3020=CARTESIAN_POINT('',(21.9279266606906,-104.50782899616,-84.221507187023));
#3021=CARTESIAN_POINT('',(22.040637877914,-104.348238048182,-84.1087959697996));
#3022=CARTESIAN_POINT('',(22.1353589641418,-104.158738898052,-84.0140748835717));
#3023=CARTESIAN_POINT('',(22.2039743033342,-103.955119699283,-83.9454595443793));
#3024=CARTESIAN_POINT('',(22.2720617828918,-103.753066948441,-83.8773720648218));
#3025=CARTESIAN_POINT('',(22.3163312463861,-103.53149167408,-83.8331026013275));
#3026=CARTESIAN_POINT('',(22.3329853759538,-103.308910444403,-83.8164484717597));
#3027=CARTESIAN_POINT('',(22.3381740705584,-103.239563918618,-83.8112597771552));
#3028=CARTESIAN_POINT('',(22.3407795371125,-103.169733677244,-83.808654310601));
#3029=CARTESIAN_POINT('',(22.3407795371125,-103.1,-83.808654310601));
#3030=CARTESIAN_POINT('',(20.9150877536613,-105.1,-85.2343460940523));
#3031=CARTESIAN_POINT('',(22.3407795371125,-103.1,-83.808654310601));
#3032=CARTESIAN_POINT('',(2.25126265847066,-105.1,-99.5141091458864));
#3033=CARTESIAN_POINT('',(25.751262658479,-105.1,-99.5141091458864));
#3034=CARTESIAN_POINT('',(25.751262658479,-103.1,-99.5141091458864));
#3035=CARTESIAN_POINT('',(27.751262658479,-103.1,-99.5141091458864));
#3036=CARTESIAN_POINT('',(2.25126265847066,-103.1,-99.5141091458864));
#3037=CARTESIAN_POINT('',(2.25126265847066,-103.1,-99.5141091458864));
#3038=CARTESIAN_POINT('',(17.956717493756,-103.1,-79.4245922672444));
#3039=CARTESIAN_POINT('',(17.956717493756,-103.322520048486,-79.4245922672444));
#3040=CARTESIAN_POINT('',(17.9295006378718,-103.548105975909,-79.4518091231286));
#3041=CARTESIAN_POINT('',(17.8773813452834,-103.758063901834,-79.503928415717));
#3042=CARTESIAN_POINT('',(17.8252523440183,-103.968060938297,-79.5560574169822));
#3043=CARTESIAN_POINT('',(17.7467923551657,-104.168196646206,-79.6345174058348));
#3044=CARTESIAN_POINT('',(17.6485914133348,-104.342112634305,-79.7327183476656));
#3045=CARTESIAN_POINT('',(17.5500795637102,-104.516579246819,-79.8312301972902));
#3046=CARTESIAN_POINT('',(17.4290243449931,-104.669440503714,-79.9522854160074));
#3047=CARTESIAN_POINT('',(17.295439923041,-104.78842862219,-80.0858698379594));
#3048=CARTESIAN_POINT('',(17.1609016106931,-104.908266402788,-80.2204081503073));
#3049=CARTESIAN_POINT('',(17.0099895865588,-104.997031945055,-80.3713201744416));
#3050=CARTESIAN_POINT('',(16.8550795785992,-105.047707259612,-80.5262301824012));
#3051=CARTESIAN_POINT('',(16.7491575063461,-105.0823572761,-80.6321522546543));
#3052=CARTESIAN_POINT('',(16.6397446010813,-105.1,-80.7415651599191));
#3053=CARTESIAN_POINT('',(16.5310257103047,-105.1,-80.8502840506957));
#3054=CARTESIAN_POINT('',(17.956717493756,-103.1,-79.4245922672444));
#3055=CARTESIAN_POINT('',(16.5310257103047,-105.1,-80.8502840506957));
#3056=CARTESIAN_POINT('',(2.25126265847066,-103.1,-99.5141091458864));
#3057=CARTESIAN_POINT('',(-13.4541921768146,-103.1,-79.4245922672445));
#3058=CARTESIAN_POINT('',(-12.0285003933634,-105.1,-80.8502840506957));
#3059=CARTESIAN_POINT('',(-12.0801382522176,-105.1,-80.7986461918415));
#3060=CARTESIAN_POINT('',(-12.1318508369756,-105.096058683112,-80.7469336070835));
#3061=CARTESIAN_POINT('',(-12.1831893747874,-105.088207186135,-80.6955950692717));
#3062=CARTESIAN_POINT('',(-12.343342642703,-105.063714028507,-80.5354418013561));
#3063=CARTESIAN_POINT('',(-12.5027388808227,-104.999747623508,-80.3760455632364));
#3064=CARTESIAN_POINT('',(-12.6480552369237,-104.901440113532,-80.2307292071355));
#3065=CARTESIAN_POINT('',(-12.7929341200528,-104.803428557017,-80.0858503240063));
#3066=CARTESIAN_POINT('',(-12.9278452983568,-104.668528310931,-79.9509391457023));
#3067=CARTESIAN_POINT('',(-13.0413393003927,-104.50782899616,-79.8374451436664));
#3068=CARTESIAN_POINT('',(-13.1540505176161,-104.348238048182,-79.724733926443));
#3069=CARTESIAN_POINT('',(-13.248771603844,-104.158738898052,-79.6300128402151));
#3070=CARTESIAN_POINT('',(-13.3173869430364,-103.955119699283,-79.5613975010227));
#3071=CARTESIAN_POINT('',(-13.3854744225939,-103.753066948441,-79.4933100214652));
#3072=CARTESIAN_POINT('',(-13.4297438860882,-103.53149167408,-79.4490405579709));
#3073=CARTESIAN_POINT('',(-13.4463980156559,-103.308910444403,-79.4323864284032));
#3074=CARTESIAN_POINT('',(-13.4515867102605,-103.239563918618,-79.4271977337986));
#3075=CARTESIAN_POINT('',(-13.4541921768146,-103.169733677244,-79.4245922672445));
#3076=CARTESIAN_POINT('',(-13.4541921768146,-103.1,-79.4245922672445));
#3077=CARTESIAN_POINT('',(-12.0285003933634,-105.1,-80.8502840506957));
#3078=CARTESIAN_POINT('',(2.25126265847066,-105.1,-99.5141091458864));
#3079=CARTESIAN_POINT('',(2.25126265847066,-103.1,-99.5141091458864));
#3080=CARTESIAN_POINT('',(-17.8382542201712,-103.1,-83.808654310601));
#3081=CARTESIAN_POINT('',(-17.8382542201712,-103.322520048486,-83.808654310601));
#3082=CARTESIAN_POINT('',(-17.8110373642871,-103.548105975909,-83.8358711664852));
#3083=CARTESIAN_POINT('',(-17.7589180716987,-103.758063901834,-83.8879904590736));
#3084=CARTESIAN_POINT('',(-17.7067890704335,-103.968060938297,-83.9401194603387));
#3085=CARTESIAN_POINT('',(-17.6283290815809,-104.168196646206,-84.0185794491913));
#3086=CARTESIAN_POINT('',(-17.5301281397501,-104.342112634305,-84.1167803910222));
#3087=CARTESIAN_POINT('',(-17.4316162901255,-104.516579246819,-84.2152922406468));
#3088=CARTESIAN_POINT('',(-17.3105610714083,-104.669440503714,-84.3363474593639));
#3089=CARTESIAN_POINT('',(-17.1769766494563,-104.78842862219,-84.469931881316));
#3090=CARTESIAN_POINT('',(-17.0424383371084,-104.908266402788,-84.6044701936638));
#3091=CARTESIAN_POINT('',(-16.8915263129741,-104.997031945055,-84.7553822177982));
#3092=CARTESIAN_POINT('',(-16.7366163050145,-105.047707259612,-84.9102922257578));
#3093=CARTESIAN_POINT('',(-16.6306942327614,-105.0823572761,-85.0162142980109));
#3094=CARTESIAN_POINT('',(-16.5212813274966,-105.1,-85.1256272032757));
#3095=CARTESIAN_POINT('',(-16.4125624367199,-105.1,-85.2343460940523));
#3096=CARTESIAN_POINT('',(-17.8382542201712,-103.1,-83.808654310601));
#3097=CARTESIAN_POINT('',(-16.4125624367199,-105.1,-85.2343460940523));
#3098=CARTESIAN_POINT('',(2.25126265847066,-103.1,-99.5141091458864));
#3099=CARTESIAN_POINT('',(-23.2487373415377,-103.1,-99.5141091458864));
#3100=CARTESIAN_POINT('',(-21.2487373415377,-103.1,-99.5141091458864));
#3101=CARTESIAN_POINT('',(-21.2487373415377,-105.1,-99.5141091458864));
#3102=CARTESIAN_POINT('',(2.25126265847066,-105.1,-99.5141091458864));
#3103=CARTESIAN_POINT('',(2.25126265847066,-103.1,-99.5141091458864));
#3104=CARTESIAN_POINT('',(-23.2487373415376,-99.1000000000002,-123.014109145886));
#3105=CARTESIAN_POINT('',(-23.2487373415377,-99.1000000000002,-99.5141091458864));
#3106=CARTESIAN_POINT('',(2.25126265847066,-99.1000000000002,-99.5141091458864));
#3107=CARTESIAN_POINT('',(27.751262658479,-99.1000000000002,-99.5141091458863));
#3108=CARTESIAN_POINT('',(27.751262658479,-99.1000000000002,-99.5141091458864));
#3109=CARTESIAN_POINT('',(-23.2487373415376,-99.1000000000002,-117.014109145886));
#3110=CARTESIAN_POINT('',(-23.2487373415376,-99.1000000000002,-117.014109145886));
#3111=CARTESIAN_POINT('',(2.25126265847066,-99.1000000000002,-99.5141091458864));
#3112=CARTESIAN_POINT('',(2.25126265847066,-102.1,-99.5141091458864));
#3113=CARTESIAN_POINT('',(22.3407795371125,-102.1,-83.808654310601));
#3114=CARTESIAN_POINT('',(17.956717493688,-102.1,-79.4245922671913));
#3115=CARTESIAN_POINT('',(22.3407795371125,-102.1,-83.808654310601));
#3116=CARTESIAN_POINT('',(27.751262658479,-158.5,-99.5141091458864));
#3117=CARTESIAN_POINT('',(-23.2487373415377,-158.5,-99.5141091458864));
#3118=CARTESIAN_POINT('',(-17.8382542202033,-102.1,-83.808654310642));
#3119=CARTESIAN_POINT('',(-17.8382542202033,-102.1,-83.808654310642));
#3120=CARTESIAN_POINT('',(2.25126265847066,-102.1,-99.5141091458864));
#3121=CARTESIAN_POINT('',(-13.4541921768146,-102.1,-79.4245922672445));
#3122=CARTESIAN_POINT('',(-13.4541921768146,-102.1,-79.4245922672445));
#3123=CARTESIAN_POINT('',(17.956717493688,-102.1,-79.4245922671913));
#3124=CARTESIAN_POINT('',(2.25126265847066,-105.1,-99.5141091458864));
#3125=CARTESIAN_POINT('',(2.25126265847066,-105.1,-99.5141091458864));
#3126=CARTESIAN_POINT('',(-13.7487373415293,-105.1,-99.5141091458864));
#3127=CARTESIAN_POINT('',(18.7622059991766,-105.1,-87.387227848537));
#3128=CARTESIAN_POINT('',(18.7622059991766,-105.1,-87.387227848537));
#3129=CARTESIAN_POINT('',(16.5701749774982,-105.1,-85.1951968268588));
#3130=CARTESIAN_POINT('',(14.37814395582,-105.1,-83.0031658051805));
#3131=CARTESIAN_POINT('',(17.956717493756,-105.1,-79.4245922672445));
#3132=CARTESIAN_POINT('',(-9.87561863887864,-105.1,-83.0031658051805));
#3133=CARTESIAN_POINT('',(-9.87561863887864,-105.1,-83.0031658051805));
#3134=CARTESIAN_POINT('',(-12.0676496605569,-105.1,-85.1951968268587));
#3135=CARTESIAN_POINT('',(-14.2596806822352,-105.1,-87.387227848537));
#3136=CARTESIAN_POINT('',(-17.8382542201712,-105.1,-83.808654310601));
#3137=CARTESIAN_POINT('',(-21.2487373415377,-105.1,-99.5141091458865));
#3138=CARTESIAN_POINT('',(25.751262658479,-105.1,-99.5141091458863));
#3139=CARTESIAN_POINT('',(-12.0676496605569,-105.1,-113.833021464914));
#3140=CARTESIAN_POINT('',(-8.96764966055695,-105.1,-113.833021464914));
#3141=CARTESIAN_POINT('',(16.5701749774982,-105.1,-113.833021464914));
#3142=CARTESIAN_POINT('',(19.6701749774982,-105.1,-113.833021464914));
#3143=CARTESIAN_POINT('',(2.25126265847066,-105.1,-99.5141091458864));
#3144=CARTESIAN_POINT('',(-23.2487373415376,-103.1,-123.014109145886));
#3145=CARTESIAN_POINT('',(-23.2487373415376,-66.1000000000002,-123.014109145886));
#3146=CARTESIAN_POINT('',(-23.2487373415376,-158.5,-123.014109145886));
#3147=CARTESIAN_POINT('',(27.751262658479,-103.1,-99.5141091458864));
#3148=CARTESIAN_POINT('',(27.751262658479,-66.1000000000002,-99.5141091458864));
#3149=CARTESIAN_POINT('',(27.751262658479,-158.5,-99.5141091458864));
#3150=CARTESIAN_POINT('',(-21.2487373415377,-64.1000000000002,-99.5141091458865));
#3151=CARTESIAN_POINT('',(25.751262658479,-64.1000000000002,-99.5141091458863));
#3152=CARTESIAN_POINT('',(2.25126265847066,-64.1000000000002,-99.5141091458864));
#3153=CARTESIAN_POINT('',(-21.2487373415376,-103.1,-123.014109145886));
#3154=CARTESIAN_POINT('',(25.751262658479,-103.1,-99.5141091458864));
#3155=CARTESIAN_POINT('',(-21.2487373415377,-66.1000000000002,-99.5141091458865));
#3156=CARTESIAN_POINT('',(25.751262658479,-66.1000000000002,-99.5141091458863));
#3157=CARTESIAN_POINT('',(-9.87561863887864,-102.1,-83.0031658051805));
#3158=CARTESIAN_POINT('',(-9.87561863887864,-102.1,-83.0031658051805));
#3159=CARTESIAN_POINT('',(-17.8382542201712,-102.1,-83.808654310601));
#3160=CARTESIAN_POINT('',(-14.2596806822352,-102.1,-87.387227848537));
#3161=CARTESIAN_POINT('',(-12.0676496605569,-102.1,-85.1951968268587));
#3162=CARTESIAN_POINT('',(2.25126265847066,-102.1,-99.5141091458864));
#3163=CARTESIAN_POINT('',(-9.87561863887864,-102.1,-83.0031658051805));
#3164=CARTESIAN_POINT('',(-9.87561863887864,-102.1,-83.0031658051805));
#3165=CARTESIAN_POINT('',(-14.2596806822352,-102.1,-87.387227848537));
#3166=CARTESIAN_POINT('',(-17.8382542201712,-102.1,-83.808654310601));
#3167=CARTESIAN_POINT('',(-12.0676496605569,-102.1,-85.1951968268587));
#3168=CARTESIAN_POINT('',(18.7622059991766,-102.1,-87.387227848537));
#3169=CARTESIAN_POINT('',(18.7622059991766,-102.1,-87.387227848537));
#3170=CARTESIAN_POINT('',(17.956717493756,-102.1,-79.4245922672445));
#3171=CARTESIAN_POINT('',(14.37814395582,-102.1,-83.0031658051805));
#3172=CARTESIAN_POINT('',(16.5701749774982,-102.1,-85.1951968268588));
#3173=CARTESIAN_POINT('',(2.25126265847066,-102.1,-99.5141091458864));
#3174=CARTESIAN_POINT('',(18.7622059991766,-102.1,-87.387227848537));
#3175=CARTESIAN_POINT('',(18.7622059991766,-102.1,-87.387227848537));
#3176=CARTESIAN_POINT('',(14.37814395582,-102.1,-83.0031658051805));
#3177=CARTESIAN_POINT('',(17.956717493756,-102.1,-79.4245922672445));
#3178=CARTESIAN_POINT('',(16.5701749774982,-102.1,-85.1951968268588));
#3179=CARTESIAN_POINT('',(16.5701749774982,-102.1,-113.833021464914));
#3180=CARTESIAN_POINT('',(19.6701749774982,-102.1,-113.833021464914));
#3181=CARTESIAN_POINT('',(16.5701749774982,-102.1,-113.833021464914));
#3182=CARTESIAN_POINT('',(16.5701749774982,-102.1,-113.833021464914));
#3183=CARTESIAN_POINT('',(-12.0676496605569,-102.1,-113.833021464914));
#3184=CARTESIAN_POINT('',(-8.96764966055695,-102.1,-113.833021464914));
#3185=CARTESIAN_POINT('',(-12.0676496605569,-102.1,-113.833021464914));
#3186=CARTESIAN_POINT('',(-12.0676496605569,-102.1,-113.833021464914));
#3187=CARTESIAN_POINT('',(2.25126265847066,-104.1,-99.5141091458864));
#3188=CARTESIAN_POINT('',(-12.7487373415293,-104.1,-99.5141091458864));
#3189=CARTESIAN_POINT('',(2.25126265847066,-102.1,-99.5141091458864));
#3190=CARTESIAN_POINT('',(17.2512626584707,-102.1,-99.5141091458864));
#3191=CARTESIAN_POINT('',(2.25126265847066,-102.1,-99.5141091458864));
#3192=CARTESIAN_POINT('',(2.25126265847066,-102.1,-99.5141091458864));
#3193=CARTESIAN_POINT('',(2.25126265847066,-104.1,-99.5141091458864));
#3194=CARTESIAN_POINT('',(22.2512626584789,-69.6000000000002,-122.514109145886));
#3195=CARTESIAN_POINT('',(22.2512626584789,-68.3500000000002,-122.514109145886));
#3196=CARTESIAN_POINT('',(22.2512626584789,-69.6000000000002,-63.6141091458864));
#3197=CARTESIAN_POINT('',(2.25126265847066,-84.6000000000002,-122.514109145886));
#3198=CARTESIAN_POINT('',(2.25126265847066,-83.3500000000002,-122.514109145886));
#3199=CARTESIAN_POINT('',(2.25126265847066,-84.6000000000002,-63.6141091458864));
#3200=CARTESIAN_POINT('',(-17.7487373415376,-69.6000000000002,-122.514109145886));
#3201=CARTESIAN_POINT('',(-17.7487373415376,-68.3500000000002,-122.514109145886));
#3202=CARTESIAN_POINT('',(-17.7487373415376,-69.6000000000002,-63.6141091458864));
#3203=CARTESIAN_POINT('',(22.2512626584788,-99.6000000000001,-117.014109145886));
#3204=CARTESIAN_POINT('',(-23.2487373415376,-64.1000000000002,-117.014109145886));
#3205=CARTESIAN_POINT('',(22.2512626584788,-99.6000000000001,-122.514109145886));
#3206=CARTESIAN_POINT('',(22.2512626584788,-98.3500000000001,-122.514109145886));
#3207=CARTESIAN_POINT('',(22.2512626584788,-99.6000000000001,-63.6141091458864));
#3208=CARTESIAN_POINT('',(-17.7487373415375,-99.6000000000001,-117.014109145886));
#3209=CARTESIAN_POINT('',(-23.2487373415376,-64.1000000000002,-117.014109145886));
#3210=CARTESIAN_POINT('',(-17.7487373415375,-99.6000000000001,-122.514109145886));
#3211=CARTESIAN_POINT('',(-17.7487373415375,-98.3500000000001,-122.514109145886));
#3212=CARTESIAN_POINT('',(-17.7487373415375,-99.6000000000001,-63.6141091458864));
#3213=CARTESIAN_POINT('',(-17.7487373415376,-69.6000000000002,-122.514109145886));
#3214=CARTESIAN_POINT('',(-17.7487373415375,-99.6000000000001,-123.014109145886));
#3215=CARTESIAN_POINT('',(2.25126265847066,-84.6000000000002,-122.514109145886));
#3216=CARTESIAN_POINT('',(22.2512626584788,-99.6000000000001,-122.514109145886));
#3217=CARTESIAN_POINT('',(22.2512626584789,-69.6000000000002,-123.014109145886));
#3218=CARTESIAN_POINT('',(27.9081169080633,-573.400000000011,-116.670963395379));
#3219=CARTESIAN_POINT('',(27.9081169079633,-61.5999999999942,-116.670963395379));
#3220=CARTESIAN_POINT('',(27.9081169079631,-60.5999999999942,-116.670963395379));
#3221=CARTESIAN_POINT('',(22.2512626584707,-60.5999999999954,-111.014109145886));
#3222=CARTESIAN_POINT('',(22.2512626584707,-60.5999999999954,-119.014109145886));
#3223=CARTESIAN_POINT('',(22.2512626584709,-61.5999999999954,-119.014109145886));
#3224=CARTESIAN_POINT('',(22.2512626584709,-61.5999999999954,-119.014109145886));
#3225=CARTESIAN_POINT('',(22.2512626584709,-61.5999999999954,-111.014109145886));
#3226=CARTESIAN_POINT('',(22.2512626584709,-61.5999999999954,-111.014109145886));
#3227=CARTESIAN_POINT('',(30.2512626584709,-61.5999999999938,-119.014109145886));
#3228=CARTESIAN_POINT('',(28.2512626584709,-61.5999999999942,-119.014109145886));
#3229=CARTESIAN_POINT('',(28.2512626584709,-61.5999999999942,-111.014109145886));
#3230=CARTESIAN_POINT('',(28.2512626584709,-61.5999999999942,-116.333280718774));
#3231=CARTESIAN_POINT('',(49.1213203435597,-61.5999999999901,-137.884166830975));
#3232=CARTESIAN_POINT('',(22.2512626584709,-61.5999999999954,-111.014109145886));
#3233=CARTESIAN_POINT('',(49.1213203435687,-107.599999999992,-137.884166830975));
#3234=CARTESIAN_POINT('',(27.9081169079723,-107.599999999996,-116.670963395379));
#3235=CARTESIAN_POINT('',(28.2512626584799,-107.599999999996,-116.333280718774));
#3236=CARTESIAN_POINT('',(28.2512626584799,-107.599999999996,-119.014109145886));
#3237=CARTESIAN_POINT('',(28.2512626584799,-107.599999999996,-119.014109145886));
#3238=CARTESIAN_POINT('',(30.2512626584799,-107.599999999995,-119.014109145886));
#3239=CARTESIAN_POINT('',(22.2512626584799,-107.599999999997,-119.014109145886));
#3240=CARTESIAN_POINT('',(22.2512626584799,-107.599999999997,-111.014109145886));
#3241=CARTESIAN_POINT('',(22.2512626584799,-107.599999999997,-111.014109145886));
#3242=CARTESIAN_POINT('',(30.2512626585708,-573.400000000011,-114.562054513232));
#3243=CARTESIAN_POINT('',(30.2512626584794,-105.599999999995,-114.562054513232));
#3244=CARTESIAN_POINT('',(30.2512626584712,-63.5999999999938,-114.562054513232));
#3245=CARTESIAN_POINT('',(30.2512626584713,-63.5999999999938,-111.014109145886));
#3246=CARTESIAN_POINT('',(30.2512626584713,-63.5999999999938,-119.014109145886));
#3247=CARTESIAN_POINT('',(30.2512626584703,-58.5999999999938,-119.014109145886));
#3248=CARTESIAN_POINT('',(30.2512626584795,-105.599999999995,-119.014109145886));
#3249=CARTESIAN_POINT('',(30.2512626584795,-105.599999999995,-114.562054513232));
#3250=CARTESIAN_POINT('',(30.2512626584703,-58.5999999999938,-111.014109145886));
#3251=CARTESIAN_POINT('',(-28.7487373415387,-60.6000000000053,-119.014109145886));
#3252=CARTESIAN_POINT('',(-28.7487373415387,-60.6000000000053,-119.014109145886));
#3253=CARTESIAN_POINT('',(-28.7487373415371,-68.6000000000053,-119.014109145886));
#3254=CARTESIAN_POINT('',(-36.7487373415371,-68.6000000000069,-119.014109145886));
#3255=CARTESIAN_POINT('',(-36.7487373415309,-100.600000000009,-119.014109145886));
#3256=CARTESIAN_POINT('',(-36.7487373415309,-100.600000000009,-119.014109145886));
#3257=CARTESIAN_POINT('',(-28.7487373415309,-100.600000000007,-119.014109145886));
#3258=CARTESIAN_POINT('',(-28.7487373415294,-108.600000000007,-119.014109145886));
#3259=CARTESIAN_POINT('',(22.2512626584801,-108.599999999997,-119.014109145886));
#3260=CARTESIAN_POINT('',(22.2512626584801,-108.599999999997,-119.014109145886));
#3261=CARTESIAN_POINT('',(22.2512626584799,-107.599999999997,-119.014109145886));
#3262=CARTESIAN_POINT('',(28.2512626584795,-105.599999999996,-119.014109145886));
#3263=CARTESIAN_POINT('',(28.2512626584713,-63.5999999999942,-119.014109145886));
#3264=CARTESIAN_POINT('',(-21.2487373415329,-66.1000000000047,-119.014109145886));
#3265=CARTESIAN_POINT('',(-24.2487373415329,-66.1000000000053,-119.014109145886));
#3266=CARTESIAN_POINT('',(-21.2487373415335,-63.1000000000047,-119.014109145886));
#3267=CARTESIAN_POINT('',(25.7512626584665,-63.0999999999955,-119.014109145886));
#3268=CARTESIAN_POINT('',(25.7512626584665,-63.0999999999955,-119.014109145886));
#3269=CARTESIAN_POINT('',(25.7512626584671,-66.0999999999955,-119.014109145886));
#3270=CARTESIAN_POINT('',(28.7512626584671,-66.0999999999949,-119.014109145886));
#3271=CARTESIAN_POINT('',(28.7512626584743,-103.099999999995,-119.014109145886));
#3272=CARTESIAN_POINT('',(28.7512626584743,-103.099999999995,-119.014109145886));
#3273=CARTESIAN_POINT('',(25.7512626584743,-103.099999999996,-119.014109145886));
#3274=CARTESIAN_POINT('',(25.7512626584749,-106.099999999996,-119.014109145886));
#3275=CARTESIAN_POINT('',(-21.2487373415251,-106.100000000005,-119.014109145886));
#3276=CARTESIAN_POINT('',(-21.2487373415251,-106.100000000005,-119.014109145886));
#3277=CARTESIAN_POINT('',(-21.2487373415257,-103.100000000005,-119.014109145886));
#3278=CARTESIAN_POINT('',(-24.2487373415257,-103.100000000005,-119.014109145886));
#3279=CARTESIAN_POINT('',(-24.2487373415329,-66.1000000000053,-119.014109145886));
#3280=CARTESIAN_POINT('',(2.2512626584707,-84.6000000000001,-119.014109145886));
#3281=CARTESIAN_POINT('',(2.2512626584707,-84.6000000000001,-134.014109145886));
#3282=CARTESIAN_POINT('',(5.5012626584707,-84.5999999999995,-134.014109145886));
#3283=CARTESIAN_POINT('',(-17.7487373415322,-69.600000000004,-134.014109145886));
#3284=CARTESIAN_POINT('',(-16.4987373415348,-66.6000000000029,-134.014109145886));
#3285=CARTESIAN_POINT('',(-18.9987373415308,-66.6000000000034,-134.014109145886));
#3286=CARTESIAN_POINT('',(2.25126265846718,-66.5999999999993,-134.014109145886));
#3287=CARTESIAN_POINT('',(21.0012626584692,-66.5999999999956,-134.014109145886));
#3288=CARTESIAN_POINT('',(22.2512626584678,-69.5999999999962,-134.014109145886));
#3289=CARTESIAN_POINT('',(23.5012626584652,-66.5999999999951,-134.014109145886));
#3290=CARTESIAN_POINT('',(2.25126265846718,-66.5999999999993,-134.014109145886));
#3291=CARTESIAN_POINT('',(33.2512626584719,-66.5999999999932,-134.014109145886));
#3292=CARTESIAN_POINT('',(33.2512626584723,-68.5999999999932,-134.014109145886));
#3293=CARTESIAN_POINT('',(35.2512626584723,-68.5999999999928,-134.014109145886));
#3294=CARTESIAN_POINT('',(35.2512626584754,-84.5999999999937,-134.014109145886));
#3295=CARTESIAN_POINT('',(35.2512626584785,-100.599999999995,-134.014109145886));
#3296=CARTESIAN_POINT('',(33.2512626584785,-100.599999999995,-134.014109145886));
#3297=CARTESIAN_POINT('',(33.2512626584789,-102.599999999995,-134.014109145886));
#3298=CARTESIAN_POINT('',(2.25126265847422,-102.600000000001,-134.014109145886));
#3299=CARTESIAN_POINT('',(23.5012626584721,-102.599999999997,-134.014109145886));
#3300=CARTESIAN_POINT('',(22.2512626584736,-99.5999999999962,-134.014109145886));
#3301=CARTESIAN_POINT('',(21.0012626584763,-102.599999999997,-134.014109145886));
#3302=CARTESIAN_POINT('',(2.25126265847422,-102.600000000001,-134.014109145886));
#3303=CARTESIAN_POINT('',(-16.4987373415279,-102.600000000005,-134.014109145886));
#3304=CARTESIAN_POINT('',(-17.7487373415264,-99.600000000004,-134.014109145886));
#3305=CARTESIAN_POINT('',(-18.9987373415237,-102.600000000005,-134.014109145886));
#3306=CARTESIAN_POINT('',(2.25126265847422,-102.600000000001,-134.014109145886));
#3307=CARTESIAN_POINT('',(-28.7487373415305,-102.600000000007,-134.014109145886));
#3308=CARTESIAN_POINT('',(-28.7487373415309,-100.600000000007,-134.014109145886));
#3309=CARTESIAN_POINT('',(-30.7487373415309,-100.600000000007,-134.014109145886));
#3310=CARTESIAN_POINT('',(-30.748737341534,-84.6000000000065,-134.014109145886));
#3311=CARTESIAN_POINT('',(-30.7487373415371,-68.6000000000057,-134.014109145886));
#3312=CARTESIAN_POINT('',(-28.7487373415371,-68.6000000000053,-134.014109145886));
#3313=CARTESIAN_POINT('',(-28.7487373415375,-66.6000000000053,-134.014109145886));
#3314=CARTESIAN_POINT('',(2.25126265846718,-66.5999999999993,-134.014109145886));
#3315=CARTESIAN_POINT('',(2.2512626584707,-84.6000000000001,-134.014109145886));
#3316=CARTESIAN_POINT('',(2.2512626584707,-84.6000000000001,-123.014109145886));
#3317=CARTESIAN_POINT('',(2.25126265847038,-82.9500000000001,-123.014109145886));
#3318=CARTESIAN_POINT('',(2.2512626584707,-84.6000000000001,-128.014109145886));
#3319=CARTESIAN_POINT('',(2.25126265847102,-86.2500000000001,-128.014109145886));
#3320=CARTESIAN_POINT('',(2.2512626584707,-84.6000000000001,-25.1141091458864));
#3321=CARTESIAN_POINT('',(-17.7487373415264,-99.600000000004,-123.014109145886));
#3322=CARTESIAN_POINT('',(-17.7487373415267,-97.950000000004,-123.014109145886));
#3323=CARTESIAN_POINT('',(-17.7487373415264,-99.600000000004,-128.014109145886));
#3324=CARTESIAN_POINT('',(-17.748737341526,-101.250000000004,-128.014109145886));
#3325=CARTESIAN_POINT('',(-17.7487373415264,-99.600000000004,-25.1141091458864));
#3326=CARTESIAN_POINT('',(22.2512626584736,-99.5999999999962,-123.014109145886));
#3327=CARTESIAN_POINT('',(22.2512626584733,-97.9499999999962,-123.014109145886));
#3328=CARTESIAN_POINT('',(22.2512626584736,-99.5999999999962,-128.014109145886));
#3329=CARTESIAN_POINT('',(22.251262658474,-101.249999999996,-128.014109145886));
#3330=CARTESIAN_POINT('',(22.2512626584736,-99.5999999999962,-25.1141091458864));
#3331=CARTESIAN_POINT('',(22.2512626584678,-69.5999999999962,-123.014109145886));
#3332=CARTESIAN_POINT('',(22.2512626584674,-67.9499999999962,-123.014109145886));
#3333=CARTESIAN_POINT('',(22.2512626584678,-69.5999999999962,-128.014109145886));
#3334=CARTESIAN_POINT('',(22.2512626584681,-71.2499999999962,-128.014109145886));
#3335=CARTESIAN_POINT('',(22.2512626584678,-69.5999999999962,-25.1141091458864));
#3336=CARTESIAN_POINT('',(-17.7487373415322,-69.600000000004,-123.014109145886));
#3337=CARTESIAN_POINT('',(-17.7487373415326,-67.950000000004,-123.014109145886));
#3338=CARTESIAN_POINT('',(-17.7487373415322,-69.600000000004,-128.014109145886));
#3339=CARTESIAN_POINT('',(-17.7487373415319,-71.250000000004,-128.014109145886));
#3340=CARTESIAN_POINT('',(-17.7487373415322,-69.600000000004,-25.1141091458864));
#3341=CARTESIAN_POINT('',(-23.7487373415252,-105.600000000005,-123.014109145886));
#3342=CARTESIAN_POINT('',(25.7512626584748,-105.599999999996,-123.014109145886));
#3343=CARTESIAN_POINT('',(-21.2487373415252,-105.600000000005,-123.014109145886));
#3344=CARTESIAN_POINT('',(25.7512626584743,-103.099999999996,-123.014109145886));
#3345=CARTESIAN_POINT('',(28.2512626584743,-103.099999999995,-123.014109145886));
#3346=CARTESIAN_POINT('',(28.2512626584748,-105.599999999995,-123.014109145886));
#3347=CARTESIAN_POINT('',(28.2512626584671,-66.099999999995,-123.014109145886));
#3348=CARTESIAN_POINT('',(25.7512626584671,-66.0999999999955,-123.014109145886));
#3349=CARTESIAN_POINT('',(25.7512626584666,-63.5999999999955,-123.014109145886));
#3350=CARTESIAN_POINT('',(28.2512626584666,-63.599999999995,-123.014109145886));
#3351=CARTESIAN_POINT('',(-21.2487373415334,-63.6000000000047,-123.014109145886));
#3352=CARTESIAN_POINT('',(-21.2487373415329,-66.1000000000047,-123.014109145886));
#3353=CARTESIAN_POINT('',(-23.7487373415329,-66.1000000000052,-123.014109145886));
#3354=CARTESIAN_POINT('',(-23.7487373415334,-63.6000000000052,-123.014109145886));
#3355=CARTESIAN_POINT('',(-23.7487373415257,-103.100000000005,-123.014109145886));
#3356=CARTESIAN_POINT('',(-21.2487373415257,-103.100000000005,-123.014109145886));
#3357=CARTESIAN_POINT('',(2.2512626584707,-84.6000000000001,-123.014109145886));
#3358=CARTESIAN_POINT('',(22.2512626584805,-110.599999999997,-111.014109145886));
#3359=CARTESIAN_POINT('',(29.322330470346,-110.599999999996,-118.085176957752));
#3360=CARTESIAN_POINT('',(22.2512626584805,-110.599999999997,-121.014109145886));
#3361=CARTESIAN_POINT('',(-28.748737341529,-110.600000000007,-121.014109145886));
#3362=CARTESIAN_POINT('',(-28.748737341529,-110.600000000007,-121.014109145886));
#3363=CARTESIAN_POINT('',(-28.748737341529,-110.600000000007,-119.014109145886));
#3364=CARTESIAN_POINT('',(-28.748737341529,-110.600000000007,-126.014109145886));
#3365=CARTESIAN_POINT('',(-38.748737341529,-110.600000000009,-126.014109145886));
#3366=CARTESIAN_POINT('',(33.2512626584805,-110.599999999995,-126.014109145886));
#3367=CARTESIAN_POINT('',(33.2512626584805,-110.599999999995,-119.014109145886));
#3368=CARTESIAN_POINT('',(33.2512626584805,-110.599999999995,-114.81597944939));
#3369=CARTESIAN_POINT('',(49.1213203435693,-110.599999999992,-137.884166830975));
#3370=CARTESIAN_POINT('',(-38.748737341529,-110.600000000009,-119.014109145886));
#3371=CARTESIAN_POINT('',(43.2512626584723,-68.5999999999913,-119.014109145886));
#3372=CARTESIAN_POINT('',(43.2512626584723,-68.5999999999913,-126.014109145886));
#3373=CARTESIAN_POINT('',(43.2512626584723,-68.5999999999913,-115.380423605471));
#3374=CARTESIAN_POINT('',(43.2512626584785,-100.599999999993,-115.380423605471));
#3375=CARTESIAN_POINT('',(43.2512626584785,-100.599999999993,-115.380423605471));
#3376=CARTESIAN_POINT('',(43.2512626584785,-100.599999999993,-119.014109145886));
#3377=CARTESIAN_POINT('',(43.2512626584785,-100.599999999993,-126.014109145886));
#3378=CARTESIAN_POINT('',(43.2512626584804,-110.599999999993,-126.014109145886));
#3379=CARTESIAN_POINT('',(43.2512626584804,-110.599999999993,-119.014109145886));
#3380=CARTESIAN_POINT('',(22.2512626584703,-58.5999999999954,-111.014109145886));
#3381=CARTESIAN_POINT('',(22.2512626584703,-58.5999999999954,-121.014109145886));
#3382=CARTESIAN_POINT('',(29.3223304703358,-58.599999999994,-118.085176957752));
#3383=CARTESIAN_POINT('',(49.1213203435591,-58.5999999999901,-137.884166830975));
#3384=CARTESIAN_POINT('',(33.2512626584703,-58.5999999999932,-114.815979449389));
#3385=CARTESIAN_POINT('',(33.2512626584703,-58.5999999999932,-119.014109145886));
#3386=CARTESIAN_POINT('',(33.2512626584703,-58.5999999999932,-126.014109145886));
#3387=CARTESIAN_POINT('',(43.2512626584703,-58.5999999999913,-126.014109145886));
#3388=CARTESIAN_POINT('',(-28.7487373415391,-58.6000000000053,-126.014109145886));
#3389=CARTESIAN_POINT('',(-28.7487373415391,-58.6000000000053,-119.014109145886));
#3390=CARTESIAN_POINT('',(-28.7487373415391,-58.6000000000053,-121.014109145886));
#3391=CARTESIAN_POINT('',(22.2512626584703,-58.5999999999954,-121.014109145886));
#3392=CARTESIAN_POINT('',(43.2512626584703,-58.5999999999913,-119.014109145886));
#3393=CARTESIAN_POINT('',(-38.7487373415309,-100.600000000009,-119.014109145886));
#3394=CARTESIAN_POINT('',(-38.7487373415309,-100.600000000009,-126.014109145886));
#3395=CARTESIAN_POINT('',(-38.7487373415309,-100.600000000009,-121.014109145886));
#3396=CARTESIAN_POINT('',(-38.7487373415372,-68.6000000000073,-121.014109145886));
#3397=CARTESIAN_POINT('',(-38.7487373415372,-68.6000000000073,-121.014109145886));
#3398=CARTESIAN_POINT('',(-38.7487373415372,-68.6000000000073,-119.014109145886));
#3399=CARTESIAN_POINT('',(-38.7487373415372,-68.6000000000073,-126.014109145886));
#3400=CARTESIAN_POINT('',(-38.7487373415391,-58.6000000000073,-126.014109145886));
#3401=CARTESIAN_POINT('',(-38.7487373415391,-58.6000000000073,-119.014109145886));
#3402=CARTESIAN_POINT('',(-21.2487373415252,-105.600000000005,-119.014109145886));
#3403=CARTESIAN_POINT('',(-21.2487373415252,-105.600000000005,-119.514109145886));
#3404=CARTESIAN_POINT('',(25.7512626584748,-105.599999999996,-119.514109145886));
#3405=CARTESIAN_POINT('',(25.7512626584748,-105.599999999996,-119.514109145886));
#3406=CARTESIAN_POINT('',(25.7512626584748,-105.599999999996,-123.014109145886));
#3407=CARTESIAN_POINT('',(-23.7487373415252,-105.600000000005,-123.014109145886));
#3408=CARTESIAN_POINT('',(28.2512626584743,-103.099999999995,-119.014109145886));
#3409=CARTESIAN_POINT('',(28.2512626584743,-103.099999999995,-119.514109145886));
#3410=CARTESIAN_POINT('',(28.2512626584671,-66.099999999995,-119.514109145886));
#3411=CARTESIAN_POINT('',(28.2512626584671,-66.099999999995,-119.514109145886));
#3412=CARTESIAN_POINT('',(28.2512626584671,-66.099999999995,-123.014109145886));
#3413=CARTESIAN_POINT('',(28.2512626584748,-105.599999999995,-123.014109145886));
#3414=CARTESIAN_POINT('',(25.7512626584666,-63.5999999999955,-119.014109145886));
#3415=CARTESIAN_POINT('',(25.7512626584666,-63.5999999999955,-119.514109145886));
#3416=CARTESIAN_POINT('',(-21.2487373415334,-63.6000000000047,-119.514109145886));
#3417=CARTESIAN_POINT('',(-21.2487373415334,-63.6000000000047,-119.514109145886));
#3418=CARTESIAN_POINT('',(-21.2487373415334,-63.6000000000047,-123.014109145886));
#3419=CARTESIAN_POINT('',(28.2512626584666,-63.599999999995,-123.014109145886));
#3420=CARTESIAN_POINT('',(-23.7487373415329,-66.1000000000052,-119.014109145886));
#3421=CARTESIAN_POINT('',(-23.7487373415329,-66.1000000000052,-119.514109145886));
#3422=CARTESIAN_POINT('',(-23.7487373415257,-103.100000000005,-119.514109145886));
#3423=CARTESIAN_POINT('',(-23.7487373415257,-103.100000000005,-119.514109145886));
#3424=CARTESIAN_POINT('',(-23.7487373415257,-103.100000000005,-123.014109145886));
#3425=CARTESIAN_POINT('',(-23.7487373415334,-63.6000000000052,-123.014109145886));
#3426=CARTESIAN_POINT('',(25.7512626584743,-103.099999999996,-119.514109145886));
#3427=CARTESIAN_POINT('',(25.7512626584743,-103.099999999996,-123.014109145886));
#3428=CARTESIAN_POINT('',(25.7512626584671,-66.0999999999955,-119.514109145886));
#3429=CARTESIAN_POINT('',(25.7512626584671,-66.0999999999955,-123.014109145886));
#3430=CARTESIAN_POINT('',(-21.2487373415329,-66.1000000000047,-119.514109145886));
#3431=CARTESIAN_POINT('',(-21.2487373415329,-66.1000000000047,-123.014109145886));
#3432=CARTESIAN_POINT('',(-21.2487373415257,-103.100000000005,-119.514109145886));
#3433=CARTESIAN_POINT('',(-21.2487373415257,-103.100000000005,-123.014109145886));
#3434=CARTESIAN_POINT('',(-28.7487373415309,-100.600000000007,-121.014109145886));
#3435=CARTESIAN_POINT('',(-28.7487373415309,-100.600000000007,-126.014109145886));
#3436=CARTESIAN_POINT('',(-28.7487373415309,-100.600000000007,-119.014109145886));
#3437=CARTESIAN_POINT('',(-28.7487373415371,-68.6000000000053,-121.014109145886));
#3438=CARTESIAN_POINT('',(-28.7487373415371,-68.6000000000053,-126.014109145886));
#3439=CARTESIAN_POINT('',(-28.7487373415371,-68.6000000000053,-119.014109145886));
#3440=CARTESIAN_POINT('',(33.4053429488349,-58.6011871072483,-114.731661654322));
#3441=CARTESIAN_POINT('',(33.6916399440014,-58.6055989033903,-114.575885521601));
#3442=CARTESIAN_POINT('',(33.99944177316,-58.6230614587877,-114.455255478522));
#3443=CARTESIAN_POINT('',(34.3124257912781,-58.6564627618886,-114.370538335829));
#3444=CARTESIAN_POINT('',(34.6954324186649,-58.6973367992528,-114.266867780061));
#3445=CARTESIAN_POINT('',(35.0935323402016,-58.7630722401798,-114.215044676364));
#3446=CARTESIAN_POINT('',(35.4823580186986,-58.8520661936127,-114.21239596354));
#3447=CARTESIAN_POINT('',(35.7391398832698,-58.9108381177983,-114.210646744146));
#3448=CARTESIAN_POINT('',(35.9946452032399,-58.9801406366388,-114.230105270452));
#3449=CARTESIAN_POINT('',(36.243178987376,-59.0580695516594,-114.269502823172));
#3450=CARTESIAN_POINT('',(33.4053429488349,-58.6011871072483,-114.731661654322));
#3451=CARTESIAN_POINT('',(36.243178987376,-59.0580695516594,-114.269502823172));
#3452=CARTESIAN_POINT('',(33.2512626584723,-68.5999999999932,-113.795224520476));
#3453=CARTESIAN_POINT('',(33.2512626584723,-68.5999999999932,-126.014109145886));
#3454=CARTESIAN_POINT('',(33.2512626584703,-58.5999999999932,-114.815979449389));
#3455=CARTESIAN_POINT('',(33.3025560066131,-58.5999999999932,-114.787749111898));
#3456=CARTESIAN_POINT('',(33.353918834882,-58.6003946689364,-114.759641862761));
#3457=CARTESIAN_POINT('',(33.4053429488349,-58.6011871072483,-114.731661654322));
#3458=CARTESIAN_POINT('',(33.2512626584723,-68.5999999999932,-119.014109145886));
#3459=CARTESIAN_POINT('',(36.243178987386,-110.141930448327,-114.269502823172));
#3460=CARTESIAN_POINT('',(35.856872160282,-110.263058736805,-114.208265500287));
#3461=CARTESIAN_POINT('',(35.4520391534932,-110.363331666706,-114.195343490826));
#3462=CARTESIAN_POINT('',(35.05118700466,-110.436679945384,-114.235251152266));
#3463=CARTESIAN_POINT('',(34.6553533049826,-110.509109943823,-114.274659191662));
#3464=CARTESIAN_POINT('',(34.2554244569103,-110.556598764398,-114.366641412147));
#3465=CARTESIAN_POINT('',(33.8790743599814,-110.580273165969,-114.512530216705));
#3466=CARTESIAN_POINT('',(33.7170265448443,-110.590466826288,-114.575346626809));
#3467=CARTESIAN_POINT('',(33.5582533313683,-110.596456565404,-114.648462080297));
#3468=CARTESIAN_POINT('',(33.4053429488451,-110.59881289274,-114.731661654322));
#3469=CARTESIAN_POINT('',(36.243178987386,-110.141930448327,-114.269502823172));
#3470=CARTESIAN_POINT('',(33.4053429488451,-110.59881289274,-114.731661654322));
#3471=CARTESIAN_POINT('',(33.4053429488451,-110.59881289274,-114.731661654322));
#3472=CARTESIAN_POINT('',(33.3539188348921,-110.599605331052,-114.759641862761));
#3473=CARTESIAN_POINT('',(33.3025560066233,-110.599999999995,-114.787749111898));
#3474=CARTESIAN_POINT('',(33.2512626584805,-110.599999999995,-114.81597944939));
#3475=CARTESIAN_POINT('',(33.2512626584785,-100.599999999995,-126.014109145886));
#3476=CARTESIAN_POINT('',(33.2512626584785,-100.599999999995,-113.795224520476));
#3477=CARTESIAN_POINT('',(33.2512626584785,-100.599999999995,-119.014109145886));
#3478=CARTESIAN_POINT('',(-30.7487373415371,-68.6000000000057,-126.014109145886));
#3479=CARTESIAN_POINT('',(-28.7487373415375,-66.6000000000053,-126.014109145886));
#3480=CARTESIAN_POINT('',(-28.7487373415391,-58.6000000000053,-126.014109145886));
#3481=CARTESIAN_POINT('',(-34.6066017178081,-58.6000000000065,-126.014109145886));
#3482=CARTESIAN_POINT('',(-38.7487373415383,-62.7421356237382,-126.014109145886));
#3483=CARTESIAN_POINT('',(-38.7487373415372,-68.6000000000073,-126.014109145886));
#3484=CARTESIAN_POINT('',(-28.7487373415391,-58.6000000000053,-130.700400646902));
#3485=CARTESIAN_POINT('',(-34.6066017178081,-58.6000000000065,-130.700400646902));
#3486=CARTESIAN_POINT('',(-38.7487373415383,-62.7421356237382,-130.700400646902));
#3487=CARTESIAN_POINT('',(-38.7487373415372,-68.6000000000073,-130.700400646902));
#3488=CARTESIAN_POINT('',(-28.7487373415384,-61.9137084989901,-134.014109145886));
#3489=CARTESIAN_POINT('',(-32.6654762208532,-61.9137084989909,-134.014109145886));
#3490=CARTESIAN_POINT('',(-35.4350288425532,-64.6832611206919,-134.014109145886));
#3491=CARTESIAN_POINT('',(-35.4350288425524,-68.6000000000066,-134.014109145886));
#3492=CARTESIAN_POINT('',(-28.7487373415375,-66.6000000000053,-134.014109145886));
#3493=CARTESIAN_POINT('',(-29.9203102167913,-66.6000000000056,-134.014109145886));
#3494=CARTESIAN_POINT('',(-30.7487373415374,-67.4284271247519,-134.014109145886));
#3495=CARTESIAN_POINT('',(-30.7487373415371,-68.6000000000057,-134.014109145886));
#3496=CARTESIAN_POINT('',(-18.9987373415308,-66.6000000000034,-134.014109145886));
#3497=CARTESIAN_POINT('',(-18.6630013128909,-66.4601099880703,-134.014109145886));
#3498=CARTESIAN_POINT('',(-18.2984925914228,-66.3762511491741,-134.011006865992));
#3499=CARTESIAN_POINT('',(-17.9353793827828,-66.3553636955104,-134.010367838458));
#3500=CARTESIAN_POINT('',(-17.5722648442261,-66.3344761653456,-134.009728808583));
#3501=CARTESIAN_POINT('',(-17.2005371178154,-66.3759865117847,-134.011603410354));
#3502=CARTESIAN_POINT('',(-16.8509769480437,-66.4764561351154,-134.013155146095));
#3503=CARTESIAN_POINT('',(-16.7313932831525,-66.5108265434373,-134.013685991033));
#3504=CARTESIAN_POINT('',(-16.613592222778,-66.5521437994851,-134.014109145886));
#3505=CARTESIAN_POINT('',(-16.4987373415348,-66.6000000000029,-134.014109145886));
#3506=CARTESIAN_POINT('',(33.2512626584719,-66.5999999999932,-126.014109145886));
#3507=CARTESIAN_POINT('',(21.0012626584692,-66.5999999999956,-134.014109145886));
#3508=CARTESIAN_POINT('',(21.3369986871091,-66.4601099880625,-134.014109145886));
#3509=CARTESIAN_POINT('',(21.7015074085772,-66.3762511491663,-134.011006865992));
#3510=CARTESIAN_POINT('',(22.0646206172172,-66.3553636955026,-134.010367838458));
#3511=CARTESIAN_POINT('',(22.4277351557739,-66.3344761653378,-134.009728808583));
#3512=CARTESIAN_POINT('',(22.7994628821846,-66.3759865117769,-134.011603410354));
#3513=CARTESIAN_POINT('',(23.1490230519563,-66.4764561351076,-134.013155146095));
#3514=CARTESIAN_POINT('',(23.2686067168475,-66.5108265434295,-134.013685991033));
#3515=CARTESIAN_POINT('',(23.386407777222,-66.5521437994772,-134.014109145886));
#3516=CARTESIAN_POINT('',(23.5012626584652,-66.5999999999951,-134.014109145886));
#3517=CARTESIAN_POINT('',(43.2512626584719,-66.5999999999913,-126.014109145886));
#3518=CARTESIAN_POINT('',(-30.7487373415309,-100.600000000007,-126.014109145886));
#3519=CARTESIAN_POINT('',(-30.7487373415391,-58.6000000000057,-126.014109145886));
#3520=CARTESIAN_POINT('',(35.2512626584723,-68.5999999999928,-126.014109145886));
#3521=CARTESIAN_POINT('',(43.2512626584723,-68.5999999999913,-126.014109145886));
#3522=CARTESIAN_POINT('',(43.2512626584711,-62.7421356237222,-126.014109145886));
#3523=CARTESIAN_POINT('',(39.1091270347394,-58.5999999999921,-126.014109145886));
#3524=CARTESIAN_POINT('',(33.2512626584703,-58.5999999999932,-126.014109145886));
#3525=CARTESIAN_POINT('',(43.2512626584723,-68.5999999999913,-130.700400646902));
#3526=CARTESIAN_POINT('',(43.2512626584711,-62.7421356237222,-130.700400646902));
#3527=CARTESIAN_POINT('',(39.1091270347394,-58.599999999992,-130.700400646902));
#3528=CARTESIAN_POINT('',(33.2512626584703,-58.5999999999932,-130.700400646902));
#3529=CARTESIAN_POINT('',(39.9375541594875,-68.5999999999919,-134.014109145886));
#3530=CARTESIAN_POINT('',(39.9375541594868,-64.6832611206771,-134.014109145886));
#3531=CARTESIAN_POINT('',(37.1680015377857,-61.9137084989772,-134.014109145886));
#3532=CARTESIAN_POINT('',(33.251262658471,-61.913708498978,-134.014109145886));
#3533=CARTESIAN_POINT('',(35.2512626584723,-68.5999999999928,-134.014109145886));
#3534=CARTESIAN_POINT('',(35.251262658472,-67.428427124739,-134.014109145886));
#3535=CARTESIAN_POINT('',(34.4228355337257,-66.599999999993,-134.014109145886));
#3536=CARTESIAN_POINT('',(33.2512626584719,-66.5999999999932,-134.014109145886));
#3537=CARTESIAN_POINT('',(-28.7487373415305,-102.600000000007,-126.014109145886));
#3538=CARTESIAN_POINT('',(-38.7487373415309,-100.600000000009,-126.014109145886));
#3539=CARTESIAN_POINT('',(-38.7487373415298,-106.457864376278,-126.014109145886));
#3540=CARTESIAN_POINT('',(-34.606601717798,-110.600000000008,-126.014109145886));
#3541=CARTESIAN_POINT('',(-28.748737341529,-110.600000000007,-126.014109145886));
#3542=CARTESIAN_POINT('',(-38.7487373415309,-100.600000000009,-130.700400646902));
#3543=CARTESIAN_POINT('',(-38.7487373415298,-106.457864376278,-130.700400646902));
#3544=CARTESIAN_POINT('',(-34.606601717798,-110.600000000008,-130.700400646902));
#3545=CARTESIAN_POINT('',(-28.748737341529,-110.600000000007,-130.700400646902));
#3546=CARTESIAN_POINT('',(-35.4350288425462,-100.600000000008,-134.014109145886));
#3547=CARTESIAN_POINT('',(-35.4350288425454,-104.516738879323,-134.014109145886));
#3548=CARTESIAN_POINT('',(-32.6654762208444,-107.286291501023,-134.014109145886));
#3549=CARTESIAN_POINT('',(-28.7487373415296,-107.286291501022,-134.014109145886));
#3550=CARTESIAN_POINT('',(-30.7487373415309,-100.600000000007,-134.014109145886));
#3551=CARTESIAN_POINT('',(-30.7487373415307,-101.771572875261,-134.014109145886));
#3552=CARTESIAN_POINT('',(-29.9203102167844,-102.600000000007,-134.014109145886));
#3553=CARTESIAN_POINT('',(-28.7487373415305,-102.600000000007,-134.014109145886));
#3554=CARTESIAN_POINT('',(35.2512626584785,-100.599999999995,-126.014109145886));
#3555=CARTESIAN_POINT('',(35.2512626584804,-110.599999999995,-126.014109145886));
#3556=CARTESIAN_POINT('',(23.5012626584721,-102.599999999997,-134.014109145886));
#3557=CARTESIAN_POINT('',(23.1655266298322,-102.73989001193,-134.014109145886));
#3558=CARTESIAN_POINT('',(22.8010179083641,-102.823748850826,-134.011006865992));
#3559=CARTESIAN_POINT('',(22.4379046997241,-102.84463630449,-134.010367838458));
#3560=CARTESIAN_POINT('',(22.0747901611674,-102.865523834655,-134.009728808583));
#3561=CARTESIAN_POINT('',(21.7030624347567,-102.824013488215,-134.011603410354));
#3562=CARTESIAN_POINT('',(21.353502264985,-102.723543864885,-134.013155146095));
#3563=CARTESIAN_POINT('',(21.2339186000938,-102.689173456563,-134.013685991033));
#3564=CARTESIAN_POINT('',(21.1161175397194,-102.647856200515,-134.014109145886));
#3565=CARTESIAN_POINT('',(21.0012626584763,-102.599999999997,-134.014109145886));
#3566=CARTESIAN_POINT('',(33.2512626584789,-102.599999999995,-126.014109145886));
#3567=CARTESIAN_POINT('',(-16.4987373415279,-102.600000000005,-134.014109145886));
#3568=CARTESIAN_POINT('',(-16.8344733701678,-102.739890011938,-134.014109145886));
#3569=CARTESIAN_POINT('',(-17.1989820916359,-102.823748850834,-134.011006865992));
#3570=CARTESIAN_POINT('',(-17.5620953002759,-102.844636304498,-134.010367838458));
#3571=CARTESIAN_POINT('',(-17.9252098388326,-102.865523834662,-134.009728808583));
#3572=CARTESIAN_POINT('',(-18.2969375652433,-102.824013488223,-134.011603410354));
#3573=CARTESIAN_POINT('',(-18.646497735015,-102.723543864893,-134.013155146095));
#3574=CARTESIAN_POINT('',(-18.7660813999062,-102.689173456571,-134.013685991033));
#3575=CARTESIAN_POINT('',(-18.8838824602806,-102.647856200523,-134.014109145886));
#3576=CARTESIAN_POINT('',(-18.9987373415237,-102.600000000005,-134.014109145886));
#3577=CARTESIAN_POINT('',(-38.7487373415305,-102.600000000009,-126.014109145886));
#3578=CARTESIAN_POINT('',(33.2512626584804,-110.599999999995,-126.014109145886));
#3579=CARTESIAN_POINT('',(39.1091270347495,-110.599999999994,-126.014109145886));
#3580=CARTESIAN_POINT('',(43.2512626584796,-106.457864376262,-126.014109145886));
#3581=CARTESIAN_POINT('',(43.2512626584785,-100.599999999993,-126.014109145886));
#3582=CARTESIAN_POINT('',(33.2512626584804,-110.599999999995,-130.700400646902));
#3583=CARTESIAN_POINT('',(39.1091270347495,-110.599999999994,-130.700400646902));
#3584=CARTESIAN_POINT('',(43.2512626584796,-106.457864376262,-130.700400646902));
#3585=CARTESIAN_POINT('',(43.2512626584785,-100.599999999993,-130.700400646902));
#3586=CARTESIAN_POINT('',(33.2512626584798,-107.28629150101,-134.014109145886));
#3587=CARTESIAN_POINT('',(37.1680015377946,-107.286291501009,-134.014109145886));
#3588=CARTESIAN_POINT('',(39.9375541594945,-104.516738879308,-134.014109145886));
#3589=CARTESIAN_POINT('',(39.9375541594937,-100.599999999994,-134.014109145886));
#3590=CARTESIAN_POINT('',(33.2512626584789,-102.599999999995,-134.014109145886));
#3591=CARTESIAN_POINT('',(34.4228355337327,-102.599999999995,-134.014109145886));
#3592=CARTESIAN_POINT('',(35.2512626584787,-101.771572875248,-134.014109145886));
#3593=CARTESIAN_POINT('',(35.2512626584785,-100.599999999995,-134.014109145886));
#3594=CARTESIAN_POINT('',(-17.7487373415322,-69.600000000004,-128.014109145886));
#3595=CARTESIAN_POINT('',(-14.4987373415322,-69.6000000000034,-128.014109145886));
#3596=CARTESIAN_POINT('',(-17.7487373415322,-69.600000000004,-128.014109145886));
#3597=CARTESIAN_POINT('',(-17.7487373415322,-69.600000000004,-128.014109145886));
#3598=CARTESIAN_POINT('',(22.2512626584678,-69.5999999999962,-128.014109145886));
#3599=CARTESIAN_POINT('',(25.5012626584678,-69.5999999999956,-128.014109145886));
#3600=CARTESIAN_POINT('',(22.2512626584678,-69.5999999999962,-128.014109145886));
#3601=CARTESIAN_POINT('',(22.2512626584678,-69.5999999999962,-128.014109145886));
#3602=CARTESIAN_POINT('',(22.2512626584736,-99.5999999999962,-128.014109145886));
#3603=CARTESIAN_POINT('',(25.5012626584736,-99.5999999999955,-128.014109145886));
#3604=CARTESIAN_POINT('',(22.2512626584736,-99.5999999999962,-128.014109145886));
#3605=CARTESIAN_POINT('',(22.2512626584736,-99.5999999999962,-128.014109145886));
#3606=CARTESIAN_POINT('',(-17.7487373415264,-99.600000000004,-128.014109145886));
#3607=CARTESIAN_POINT('',(-14.4987373415264,-99.6000000000034,-128.014109145886));
#3608=CARTESIAN_POINT('',(-17.7487373415264,-99.600000000004,-128.014109145886));
#3609=CARTESIAN_POINT('',(-17.7487373415264,-99.600000000004,-128.014109145886));
#3610=CARTESIAN_POINT('',(2.2512626584707,-84.6000000000001,-128.014109145886));
#3611=CARTESIAN_POINT('',(5.5012626584707,-84.5999999999995,-128.014109145886));
#3612=CARTESIAN_POINT('',(2.2512626584707,-84.6000000000001,-128.014109145886));
#3613=CARTESIAN_POINT('',(2.2512626584707,-84.6000000000001,-128.014109145886));
#3614=CARTESIAN_POINT('',(-21.2487373415251,-106.100000000005,-119.014109145886));
#3615=CARTESIAN_POINT('',(25.7512626584748,-105.599999999996,-119.514109145886));
#3616=CARTESIAN_POINT('',(-23.7487373415252,-105.600000000005,-119.514109145886));
#3617=CARTESIAN_POINT('',(28.2512626584743,-103.099999999995,-119.514109145886));
#3618=CARTESIAN_POINT('',(25.7512626584743,-103.099999999996,-119.014109145886));
#3619=CARTESIAN_POINT('',(-24.2487373415257,-103.100000000005,-119.014109145886));
#3620=CARTESIAN_POINT('',(-21.2487373415257,-103.100000000005,-119.014109145886));
#3621=CARTESIAN_POINT('',(28.2512626584671,-66.099999999995,-119.514109145886));
#3622=CARTESIAN_POINT('',(28.2512626584748,-105.599999999995,-119.514109145886));
#3623=CARTESIAN_POINT('',(-24.2487373415329,-66.1000000000053,-119.014109145886));
#3624=CARTESIAN_POINT('',(-23.7487373415334,-63.6000000000052,-119.514109145886));
#3625=CARTESIAN_POINT('',(25.7512626584666,-63.5999999999955,-119.514109145886));
#3626=CARTESIAN_POINT('',(25.7512626584671,-66.0999999999955,-119.014109145886));
#3627=CARTESIAN_POINT('',(-21.2487373415335,-63.1000000000047,-119.014109145886));
#3628=CARTESIAN_POINT('',(-21.2487373415329,-66.1000000000047,-119.014109145886));
#3629=CARTESIAN_POINT('',(28.2512626584666,-63.599999999995,-119.514109145886));
#3630=CARTESIAN_POINT('',(22.2512626584801,-108.599999999997,-111.014109145886));
#3631=CARTESIAN_POINT('',(27.9081169079725,-108.599999999996,-116.670963395379));
#3632=CARTESIAN_POINT('',(27.9081169080633,-573.400000000011,-116.670963395379));
#3633=CARTESIAN_POINT('',(22.2512626584799,-107.599999999997,-111.014109145886));
#3634=CARTESIAN_POINT('',(32.2497559299485,-573.40000000001,-113.077911284561));
#3635=CARTESIAN_POINT('',(32.2497559298577,-108.599050314191,-113.077911284561));
#3636=CARTESIAN_POINT('',(32.2497559298483,-60.6009496857975,-113.077911284561));
#3637=CARTESIAN_POINT('',(32.2497559298483,-60.6009496857975,-113.077911284561));
#3638=CARTESIAN_POINT('',(32.2056551797852,-60.6003154052399,-113.107905680289));
#3639=CARTESIAN_POINT('',(32.1616303587624,-60.5999999999934,-113.138020452967));
#3640=CARTESIAN_POINT('',(32.1176871095357,-60.5999999999934,-113.168251779276));
#3641=CARTESIAN_POINT('',(32.1176871095357,-60.5999999999934,-113.168251779276));
#3642=CARTESIAN_POINT('',(49.1213203435595,-60.5999999999901,-137.884166830975));
#3643=CARTESIAN_POINT('',(28.2512626584709,-61.5999999999942,-116.333280718774));
#3644=CARTESIAN_POINT('',(28.4930182423948,-61.5999999999941,-116.099162596859));
#3645=CARTESIAN_POINT('',(28.7417032655381,-61.6440719400052,-115.866545523077));
#3646=CARTESIAN_POINT('',(28.9812232278478,-61.7379695042301,-115.649588171381));
#3647=CARTESIAN_POINT('',(29.1944599051651,-61.8215633909793,-115.456438237867));
#3648=CARTESIAN_POINT('',(29.4052605723462,-61.9470628507099,-115.271382898384));
#3649=CARTESIAN_POINT('',(29.5927646351797,-62.116634756203,-115.110596361137));
#3650=CARTESIAN_POINT('',(29.7390410364517,-62.2489218529066,-114.985162940196));
#3651=CARTESIAN_POINT('',(29.8742400007177,-62.4114919669947,-114.871787296938));
#3652=CARTESIAN_POINT('',(29.982360931814,-62.5983519739741,-114.782213826185));
#3653=CARTESIAN_POINT('',(30.0721439581172,-62.7535194956699,-114.707832508903));
#3654=CARTESIAN_POINT('',(30.1450632203166,-62.929348112631,-114.648306141723));
#3655=CARTESIAN_POINT('',(30.1913273305895,-63.1140482863446,-114.610676234829));
#3656=CARTESIAN_POINT('',(30.2304226086498,-63.2701283364421,-114.578877251455));
#3657=CARTESIAN_POINT('',(30.2512626584712,-63.435985981847,-114.562054513232));
#3658=CARTESIAN_POINT('',(30.2512626584712,-63.5999999999938,-114.562054513232));
#3659=CARTESIAN_POINT('',(30.2512626584794,-105.599999999995,-114.562054513232));
#3660=CARTESIAN_POINT('',(30.2512626584794,-105.786929286037,-114.562054513232));
#3661=CARTESIAN_POINT('',(30.223953528633,-105.976500992151,-114.584086579638));
#3662=CARTESIAN_POINT('',(30.1736348911337,-106.151801593977,-114.625077940918));
#3663=CARTESIAN_POINT('',(30.1234733147781,-106.326555024529,-114.665941354574));
#3664=CARTESIAN_POINT('',(30.0495523989352,-106.491875518984,-114.726425239348));
#3665=CARTESIAN_POINT('',(29.9607192592511,-106.638151304035,-114.80016011447));
#3666=CARTESIAN_POINT('',(29.8656566193497,-106.794684804146,-114.879065711039));
#3667=CARTESIAN_POINT('',(29.7517053969626,-106.933193122616,-114.974689501243));
#3668=CARTESIAN_POINT('',(29.6288181329759,-107.049945141953,-115.079729596743));
#3669=CARTESIAN_POINT('',(29.4423988986089,-107.227057247385,-115.239074784729));
#3670=CARTESIAN_POINT('',(29.2307385456359,-107.359142360806,-115.424238589613));
#3671=CARTESIAN_POINT('',(29.0161132704695,-107.447972819422,-115.618034509716));
#3672=CARTESIAN_POINT('',(28.7658659974004,-107.551546734549,-115.843995317455));
#3673=CARTESIAN_POINT('',(28.5046417178899,-107.599999999996,-116.087906326345));
#3674=CARTESIAN_POINT('',(28.2512626584799,-107.599999999996,-116.333280718774));
#3675=CARTESIAN_POINT('',(49.1213203435689,-108.599999999992,-137.884166830975));
#3676=CARTESIAN_POINT('',(32.117687109545,-108.599999999995,-113.168251779276));
#3677=CARTESIAN_POINT('',(32.117687109545,-108.599999999995,-113.168251779276));
#3678=CARTESIAN_POINT('',(32.1616303587717,-108.599999999995,-113.138020452967));
#3679=CARTESIAN_POINT('',(32.2056551797945,-108.599684594749,-113.107905680289));
#3680=CARTESIAN_POINT('',(32.2497559298577,-108.599050314191,-113.077911284561));
#3681=CARTESIAN_POINT('',(49.1213203436597,-573.400000000007,-137.884166830975));
#3682=CARTESIAN_POINT('',(28.2512626584713,-63.5999999999942,-111.014109145886));
#3683=CARTESIAN_POINT('',(28.2512626584795,-105.599999999996,-111.014109145886));
#3684=CARTESIAN_POINT('',(41.6400042514467,-68.5999999999916,-113.418567348277));
#3685=CARTESIAN_POINT('',(41.640004251453,-100.599999999993,-113.418567348277));
#3686=CARTESIAN_POINT('',(41.6400042514467,-68.5999999999916,-113.418567348277));
#3687=CARTESIAN_POINT('',(33.6400042514467,-68.5999999999931,-111.833368263282));
#3688=CARTESIAN_POINT('',(36.0335373145697,-60.9664556413261,-112.307646565978));
#3689=CARTESIAN_POINT('',(36.0335373145794,-110.557066734184,-112.307646565978));
#3690=CARTESIAN_POINT('',(36.0335373145789,-108.233544358661,-112.307646565978));
#3691=CARTESIAN_POINT('',(33.640004251453,-100.599999999995,-111.833368263282));
#3692=CARTESIAN_POINT('',(34.1769094869531,-573.40000000001,-111.939755974269));
#3693=CARTESIAN_POINT('',(36.0335373145697,-60.9664556413261,-112.307646565978));
#3694=CARTESIAN_POINT('',(34.7432329872585,-60.72370711531,-112.051972911101));
#3695=CARTESIAN_POINT('',(33.3558878164273,-60.6111768872117,-112.325593977358));
#3696=CARTESIAN_POINT('',(32.2497559298483,-60.6009496857975,-113.077911284561));
#3697=CARTESIAN_POINT('',(32.2497559298577,-108.599050314191,-113.077911284561));
#3698=CARTESIAN_POINT('',(33.3571971666186,-108.588811006636,-112.324703444488));
#3699=CARTESIAN_POINT('',(34.7418838417677,-108.476546703156,-112.051705578074));
#3700=CARTESIAN_POINT('',(36.0335373145789,-108.233544358661,-112.307646565978));
#3701=CARTESIAN_POINT('',(35.0616833322337,-573.40000000001,-117.212287208964));
#3702=CARTESIAN_POINT('',(-28.7487373415294,-108.600000000007,-121.014109145886));
#3703=CARTESIAN_POINT('',(-36.7487373415309,-100.600000000009,-121.014109145886));
#3704=CARTESIAN_POINT('',(-28.7487373415309,-100.600000000007,-121.014109145886));
#3705=CARTESIAN_POINT('',(-36.7487373415372,-68.6000000000069,-121.014109145886));
#3706=CARTESIAN_POINT('',(-36.748737341534,-84.6000000000077,-121.014109145886));
#3707=CARTESIAN_POINT('',(22.2512626584801,-108.599999999997,-121.014109145886));
#3708=CARTESIAN_POINT('',(2.25126265847539,-108.600000000001,-121.014109145886));
#3709=CARTESIAN_POINT('',(-28.7487373415387,-60.6000000000053,-121.014109145886));
#3710=CARTESIAN_POINT('',(-28.7487373415371,-68.6000000000053,-121.014109145886));
#3711=CARTESIAN_POINT('',(29.3223304703456,-108.599999999996,-118.085176957752));
#3712=CARTESIAN_POINT('',(22.2512626584801,-108.599999999997,-111.014109145886));
#3713=CARTESIAN_POINT('',(22.2512626584707,-60.5999999999954,-121.014109145886));
#3714=CARTESIAN_POINT('',(2.251262658466,-60.5999999999993,-121.014109145886));
#3715=CARTESIAN_POINT('',(33.2512626584799,-108.599999999995,-114.81597944939));
#3716=CARTESIAN_POINT('',(49.1213203435689,-108.599999999992,-137.884166830975));
#3717=CARTESIAN_POINT('',(29.3223304703362,-60.599999999994,-118.085176957752));
#3718=CARTESIAN_POINT('',(22.2512626584707,-60.5999999999954,-111.014109145886));
#3719=CARTESIAN_POINT('',(33.3745268907717,-108.599050314191,-114.731661654322));
#3720=CARTESIAN_POINT('',(33.2512626584804,-110.599999999995,-114.815979449389));
#3721=CARTESIAN_POINT('',(32.1176871095455,-110.599999999995,-113.168251779276));
#3722=CARTESIAN_POINT('',(32.1176871095451,-108.599999999995,-113.168251779276));
#3723=CARTESIAN_POINT('',(33.3025311348586,-110.599999999995,-114.787762800581));
#3724=CARTESIAN_POINT('',(32.1686652955362,-110.605820125313,-113.13318067722));
#3725=CARTESIAN_POINT('',(32.1616315178731,-108.600000000097,-113.138019655548));
#3726=CARTESIAN_POINT('',(33.353891247343,-110.599605756172,-114.759656873334));
#3727=CARTESIAN_POINT('',(32.2197722788014,-110.611252393868,-113.098248984085));
#3728=CARTESIAN_POINT('',(32.205654471345,-108.59968460483,-113.107906162129));
#3729=CARTESIAN_POINT('',(33.4053429488451,-110.59881289274,-114.731661654322));
#3730=CARTESIAN_POINT('',(32.2710097338871,-110.616292806906,-113.063455861289));
#3731=CARTESIAN_POINT('',(32.2497559298577,-108.599050314191,-113.077911284561));
#3732=CARTESIAN_POINT('',(33.2512626584706,-60.5999999999932,-114.815979449389));
#3733=CARTESIAN_POINT('',(49.1213203435595,-60.5999999999901,-137.884166830975));
#3734=CARTESIAN_POINT('',(35.6447957216045,-108.233544358661,-114.269502823172));
#3735=CARTESIAN_POINT('',(36.0335373145789,-108.233544358661,-112.307646565978));
#3736=CARTESIAN_POINT('',(36.5776700958018,-110.037049217578,-112.415466414342));
#3737=CARTESIAN_POINT('',(36.243178987386,-110.141930448327,-114.269502823172));
#3738=CARTESIAN_POINT('',(35.4071043797692,-108.351396921633,-112.183518951594));
#3739=CARTESIAN_POINT('',(35.9034380569859,-110.26692652081,-112.208124002574));
#3740=CARTESIAN_POINT('',(35.7732725704536,-110.289271774015,-114.195013303629));
#3741=CARTESIAN_POINT('',(34.7370735657005,-108.445067334524,-112.179113125586));
#3742=CARTESIAN_POINT('',(35.1462887321017,-110.44533218976,-112.139456167243));
#3743=CARTESIAN_POINT('',(35.2708311764124,-110.406334171106,-114.192382759852));
#3744=CARTESIAN_POINT('',(33.4384787215676,-108.565908189838,-112.436994584813));
#3745=CARTESIAN_POINT('',(33.6290454761159,-110.641066691436,-112.357094686201));
#3746=CARTESIAN_POINT('',(34.2968850419424,-110.557385234349,-114.347111633559));
#3747=CARTESIAN_POINT('',(32.812668608947,-108.593845678389,-112.695055536471));
#3748=CARTESIAN_POINT('',(32.9029962391576,-110.654953253414,-112.63789659233));
#3749=CARTESIAN_POINT('',(33.8275650470551,-110.592306510013,-114.501927757525));
#3750=CARTESIAN_POINT('',(32.2497559298577,-108.599050314191,-113.077911284561));
#3751=CARTESIAN_POINT('',(32.2710097338871,-110.616292806906,-113.063455861289));
#3752=CARTESIAN_POINT('',(33.4053429488451,-110.59881289274,-114.731661654322));
#3753=CARTESIAN_POINT('',(33.3745268907624,-60.6009496857973,-114.731661654322));
#3754=CARTESIAN_POINT('',(33.4053429488349,-58.6011871072483,-114.731661654322));
#3755=CARTESIAN_POINT('',(32.2710097338769,-58.5837071930821,-113.063455861289));
#3756=CARTESIAN_POINT('',(32.2497559298483,-60.6009496857975,-113.077911284561));
#3757=CARTESIAN_POINT('',(33.353891247333,-58.6003942438162,-114.759656873334));
#3758=CARTESIAN_POINT('',(32.2197722787907,-58.5887476061198,-113.098248984085));
#3759=CARTESIAN_POINT('',(32.2056544713356,-60.6003153951591,-113.107906162129));
#3760=CARTESIAN_POINT('',(33.3025311348484,-58.5999999999932,-114.787762800581));
#3761=CARTESIAN_POINT('',(32.1686652955261,-58.5941798746749,-113.13318067722));
#3762=CARTESIAN_POINT('',(32.161631517864,-60.599999999892,-113.138019655548));
#3763=CARTESIAN_POINT('',(33.2512626584701,-58.5999999999932,-114.81597944939));
#3764=CARTESIAN_POINT('',(32.1176871095352,-58.5999999999935,-113.168251779276));
#3765=CARTESIAN_POINT('',(32.1176871095356,-60.5999999999934,-113.168251779276));
#3766=CARTESIAN_POINT('',(41.2512626584785,-100.599999999993,-115.380423605471));
#3767=CARTESIAN_POINT('',(41.640004251453,-100.599999999993,-113.418567348277));
#3768=CARTESIAN_POINT('',(43.2512626584785,-100.599999999993,-113.73783801734));
#3769=CARTESIAN_POINT('',(43.2512626584785,-100.599999999993,-115.380423605471));
#3770=CARTESIAN_POINT('',(41.6400042514653,-102.291301150107,-113.418567348279));
#3771=CARTESIAN_POINT('',(43.2512626584902,-102.644513595403,-113.737838017364));
#3772=CARTESIAN_POINT('',(43.2512626584789,-102.714126437642,-115.380423605506));
#3773=CARTESIAN_POINT('',(41.087766100768,-103.974087967485,-113.309141421881));
#3774=CARTESIAN_POINT('',(42.5962797008155,-104.69929607622,-113.608053219197));
#3775=CARTESIAN_POINT('',(42.5609649701191,-104.817609959348,-115.270997679074));
#3776=CARTESIAN_POINT('',(39.0878435517563,-106.697103667666,-112.912856997537));
#3777=CARTESIAN_POINT('',(40.2364985752842,-108.054233346,-113.140462859067));
#3778=CARTESIAN_POINT('',(40.0610617838609,-108.221379584594,-114.874713254732));
#3779=CARTESIAN_POINT('',(37.647430730886,-107.727500629727,-112.627439361829));
#3780=CARTESIAN_POINT('',(38.5028909678942,-109.357118497362,-112.796948709968));
#3781=CARTESIAN_POINT('',(38.2605168883148,-109.509384839303,-114.589291042618));
#3782=CARTESIAN_POINT('',(36.0335373145789,-108.233544358661,-112.307646565978));
#3783=CARTESIAN_POINT('',(36.5776700958018,-110.037049217578,-112.415466414342));
#3784=CARTESIAN_POINT('',(36.243178987386,-110.141930448327,-114.269502823172));
#3785=CARTESIAN_POINT('',(35.6447957215952,-60.9664556413262,-114.269502823172));
#3786=CARTESIAN_POINT('',(32.2497559298483,-60.6009496857975,-113.077911284561));
#3787=CARTESIAN_POINT('',(32.2710097338769,-58.5837071930821,-113.063455861289));
#3788=CARTESIAN_POINT('',(33.4053429488349,-58.6011871072483,-114.731661654322));
#3789=CARTESIAN_POINT('',(32.7991847725287,-60.6060296518474,-112.704226344781));
#3790=CARTESIAN_POINT('',(32.8874549917019,-58.5459974509482,-112.64836157008));
#3791=CARTESIAN_POINT('',(33.8171174576917,-58.6075324941026,-114.507612363677));
#3792=CARTESIAN_POINT('',(33.4369788572518,-60.6340652904382,-112.437806389593));
#3793=CARTESIAN_POINT('',(33.627310540144,-58.5590064106097,-112.358017314152));
#3794=CARTESIAN_POINT('',(34.2957601446324,-58.6425816146512,-114.347598719316));
#3795=CARTESIAN_POINT('',(34.7311015167106,-60.7542645365171,-112.179788089386));
#3796=CARTESIAN_POINT('',(35.1394053335011,-58.7534877154176,-112.139780741867));
#3797=CARTESIAN_POINT('',(35.2663521387367,-58.7928306690461,-114.192787735241));
#3798=CARTESIAN_POINT('',(35.400917007299,-60.8474390299864,-112.182292924449));
#3799=CARTESIAN_POINT('',(35.8964867862187,-58.9307034627732,-112.205986316128));
#3800=CARTESIAN_POINT('',(35.7686324761278,-58.9092733029846,-114.194277753923));
#3801=CARTESIAN_POINT('',(36.0335373145697,-60.9664556413261,-112.307646565978));
#3802=CARTESIAN_POINT('',(36.5776700957919,-59.1629507824084,-112.415466414342));
#3803=CARTESIAN_POINT('',(36.243178987376,-59.0580695516594,-114.269502823172));
#3804=CARTESIAN_POINT('',(41.2512626584723,-68.5999999999917,-115.380423605471));
#3805=CARTESIAN_POINT('',(41.2512626584804,-110.599999999993,-115.380423605471));
#3806=CARTESIAN_POINT('',(36.0335373145697,-60.9664556413261,-112.307646565978));
#3807=CARTESIAN_POINT('',(36.5776700957919,-59.1629507824084,-112.415466414342));
#3808=CARTESIAN_POINT('',(36.243178987376,-59.0580695516594,-114.269502823172));
#3809=CARTESIAN_POINT('',(37.6474307308755,-61.4724993702611,-112.627439361829));
#3810=CARTESIAN_POINT('',(38.5028909678528,-59.8428815026584,-112.796948709957));
#3811=CARTESIAN_POINT('',(38.2605168882993,-59.6906151606816,-114.589291042661));
#3812=CARTESIAN_POINT('',(39.0878435517504,-62.5028963323142,-112.912856997537));
#3813=CARTESIAN_POINT('',(40.2364985752905,-61.1457666539715,-113.140462859077));
#3814=CARTESIAN_POINT('',(40.0610617838514,-60.9786204153911,-114.874713254731));
#3815=CARTESIAN_POINT('',(41.0877661007578,-65.2259120325052,-113.309141421881));
#3816=CARTESIAN_POINT('',(42.5962797007832,-64.5007039237639,-113.608053219186));
#3817=CARTESIAN_POINT('',(42.5609649701115,-64.3823900406367,-115.270997679075));
#3818=CARTESIAN_POINT('',(41.6400042514591,-66.9086988498744,-113.418567348279));
#3819=CARTESIAN_POINT('',(43.251262658484,-66.5554864045698,-113.737838017364));
#3820=CARTESIAN_POINT('',(43.2512626584719,-66.4858735623421,-115.380423605506));
#3821=CARTESIAN_POINT('',(41.6400042514467,-68.5999999999916,-113.418567348277));
#3822=CARTESIAN_POINT('',(43.2512626584723,-68.5999999999913,-113.73783801734));
#3823=CARTESIAN_POINT('',(43.2512626584723,-68.5999999999913,-115.380423605471));
#3824=MECHANICAL_DESIGN_GEOMETRIC_PRESENTATION_REPRESENTATION('',(#101,
#102),#3825);
#3825=(
GEOMETRIC_REPRESENTATION_CONTEXT(3)
GLOBAL_UNCERTAINTY_ASSIGNED_CONTEXT((#3826))
GLOBAL_UNIT_ASSIGNED_CONTEXT((#3832,#3828,#3827))
REPRESENTATION_CONTEXT('Right_feet','TOP_LEVEL_ASSEMBLY_PART')
);
#3826=UNCERTAINTY_MEASURE_WITH_UNIT(LENGTH_MEASURE(0.0508),#3832,
'DISTANCE_ACCURACY_VALUE','Maximum Tolerance applied to model');
#3827=(
NAMED_UNIT(*)
SI_UNIT($,.STERADIAN.)
SOLID_ANGLE_UNIT()
);
#3828=(
CONVERSION_BASED_UNIT('DEGREE',#3830)
NAMED_UNIT(#3829)
PLANE_ANGLE_UNIT()
);
#3829=DIMENSIONAL_EXPONENTS(0.,0.,0.,0.,0.,0.,0.);
#3830=PLANE_ANGLE_MEASURE_WITH_UNIT(PLANE_ANGLE_MEASURE(0.0174532925),#3831);
#3831=(
NAMED_UNIT(*)
PLANE_ANGLE_UNIT()
SI_UNIT($,.RADIAN.)
);
#3832=(
LENGTH_UNIT()
NAMED_UNIT(*)
SI_UNIT(.MILLI.,.METRE.)
);
ENDSEC;
END-ISO-10303-21;
