ISO-10303-21;
HEADER;
/* Generated by software containing ST-Developer
 * from STEP Tools, Inc. (www.steptools.com) 
 */
/* OPTION: using custom schema-name function */

FILE_DESCRIPTION(
/* description */ (''),
/* implementation_level */ '2;1');

FILE_NAME(
/* name */ 'WMD1012.stp',
/* time_stamp */ '2026-09-10T10:29:48+08:00',
/* author */ (''),
/* organization */ (''),
/* preprocessor_version */ 'ST-DEVELOPER v20',
/* originating_system */ 'SIEMENS PLM Software NX2406.1700',
/* authorisation */ '');

FILE_SCHEMA (('AP203_CONFIGURATION_CONTROLLED_3D_DESIGN_OF_MECHANICAL_PARTS_AND_ASSEMBLIES_MIM_LF { 1 0 10303 403 2 1 2}'));
ENDSEC;

DATA;
#10=PROPERTY_DEFINITION_REPRESENTATION(#14,#12);
#11=PROPERTY_DEFINITION_REPRESENTATION(#15,#13);
#12=REPRESENTATION('',(#16),#2529);
#13=REPRESENTATION('',(#17),#2529);
#14=PROPERTY_DEFINITION('pmi validation property','',#73);
#15=PROPERTY_DEFINITION('pmi validation property','',#73);
#16=VALUE_REPRESENTATION_ITEM('number of annotations',COUNT_MEASURE(0.));
#17=VALUE_REPRESENTATION_ITEM('number of views',COUNT_MEASURE(0.));
#18=SHAPE_REPRESENTATION_RELATIONSHIP('None',
'relationship between WMD1012_objects-None and WMD1012_objects-None',#84,
#19);
#19=ADVANCED_BREP_SHAPE_REPRESENTATION('WMD1012_objects-None',(#94),#2529);
#20=APPLIED_APPROVAL_ASSIGNMENT(#32,(#74));
#21=APPLIED_APPROVAL_ASSIGNMENT(#33,(#76));
#22=APPLIED_APPROVAL_ASSIGNMENT(#34,(#46));
#23=APPROVAL_PERSON_ORGANIZATION(#38,#32,#26);
#24=APPROVAL_PERSON_ORGANIZATION(#39,#33,#27);
#25=APPROVAL_PERSON_ORGANIZATION(#40,#34,#28);
#26=APPROVAL_ROLE('approver');
#27=APPROVAL_ROLE('approver');
#28=APPROVAL_ROLE('approver');
#29=APPROVAL_DATE_TIME(#54,#32);
#30=APPROVAL_DATE_TIME(#55,#33);
#31=APPROVAL_DATE_TIME(#56,#34);
#32=APPROVAL(#35,' ');
#33=APPROVAL(#36,' ');
#34=APPROVAL(#37,' ');
#35=APPROVAL_STATUS('not_yet_approved');
#36=APPROVAL_STATUS('not_yet_approved');
#37=APPROVAL_STATUS('not_yet_approved');
#38=PERSON_AND_ORGANIZATION(#44,#41);
#39=PERSON_AND_ORGANIZATION(#44,#42);
#40=PERSON_AND_ORGANIZATION(#44,#43);
#41=ORGANIZATION(' ',' ',' ');
#42=ORGANIZATION(' ',' ',' ');
#43=ORGANIZATION(' ',' ',' ');
#44=PERSON(' ',' ',' ',(' '),$,$);
#45=APPLIED_SECURITY_CLASSIFICATION_ASSIGNMENT(#46,(#76));
#46=SECURITY_CLASSIFICATION(' ',' ',#47);
#47=SECURITY_CLASSIFICATION_LEVEL('confidential');
#48=APPLIED_DATE_AND_TIME_ASSIGNMENT(#52,#50,(#74));
#49=APPLIED_DATE_AND_TIME_ASSIGNMENT(#53,#51,(#46));
#50=DATE_TIME_ROLE('creation_date');
#51=DATE_TIME_ROLE('classification_date');
#52=DATE_AND_TIME(#67,#57);
#53=DATE_AND_TIME(#68,#58);
#54=DATE_AND_TIME(#69,#59);
#55=DATE_AND_TIME(#70,#60);
#56=DATE_AND_TIME(#71,#61);
#57=LOCAL_TIME(0,0,0.,#62);
#58=LOCAL_TIME(0,0,0.,#63);
#59=LOCAL_TIME(0,0,0.,#64);
#60=LOCAL_TIME(0,0,0.,#65);
#61=LOCAL_TIME(0,0,0.,#66);
#62=COORDINATED_UNIVERSAL_TIME_OFFSET(0,0,.BEHIND.);
#63=COORDINATED_UNIVERSAL_TIME_OFFSET(0,0,.BEHIND.);
#64=COORDINATED_UNIVERSAL_TIME_OFFSET(0,0,.BEHIND.);
#65=COORDINATED_UNIVERSAL_TIME_OFFSET(0,0,.BEHIND.);
#66=COORDINATED_UNIVERSAL_TIME_OFFSET(0,0,.BEHIND.);
#67=CALENDAR_DATE(0,1,1);
#68=CALENDAR_DATE(0,1,1);
#69=CALENDAR_DATE(0,1,1);
#70=CALENDAR_DATE(0,1,1);
#71=CALENDAR_DATE(0,1,1);
#72=SHAPE_DEFINITION_REPRESENTATION(#73,#84);
#73=PRODUCT_DEFINITION_SHAPE('','',#74);
#74=PRODUCT_DEFINITION(' ','',#76,#75);
#75=PRODUCT_DEFINITION_CONTEXT('part definition',#83,'design');
#76=PRODUCT_DEFINITION_FORMATION_WITH_SPECIFIED_SOURCE(' ',' ',#78,
 .NOT_KNOWN.);
#77=PRODUCT_RELATED_PRODUCT_CATEGORY('detail','',(#78));
#78=PRODUCT('WMD1012_objects','WMD1012_objects',' ',(#81));
#79=PRODUCT_CATEGORY('part',' ');
#80=PRODUCT_CATEGORY(' ','');
#81=PRODUCT_CONTEXT(' ',#83,'mechanical');
#82=APPLICATION_PROTOCOL_DEFINITION('international standard',
'config_control_design',2010,#83);
#83=APPLICATION_CONTEXT(
'configuration controlled 3D designs of mechanical parts and assemblie
s');
#84=SHAPE_REPRESENTATION('WMD1012_objects-None',(#1422),#2529);
#85=PRESENTATION_LAYER_ASSIGNMENT('1','Layer 1',(#94));
#86=STYLED_ITEM('',(#87),#94);
#87=PRESENTATION_STYLE_ASSIGNMENT((#88));
#88=SURFACE_STYLE_USAGE(.BOTH.,#89);
#89=SURFACE_SIDE_STYLE('',(#90));
#90=SURFACE_STYLE_FILL_AREA(#91);
#91=FILL_AREA_STYLE('',(#92));
#92=FILL_AREA_STYLE_COLOUR('',#93);
#93=COLOUR_RGB('silver gray',0.6,0.6,0.6);
#94=MANIFOLD_SOLID_BREP('',#95);
#95=CLOSED_SHELL('',(#205,#206,#207,#208,#209,#210,#211,#212,#213,#214,
#215,#216,#217,#218,#219,#220,#221,#222,#223,#224,#225,#226,#227,#228,#229,
#230,#231,#232,#233,#234,#235,#236,#237,#238,#239,#240,#241,#242,#243,#244,
#245,#246,#247,#248,#249,#250,#251,#252,#253,#254,#255,#256,#257,#258,#259,
#260,#261,#262,#263,#264,#265,#266,#267,#268,#269,#270,#271,#272,#273,#274,
#275,#276,#277,#278,#279,#280,#281,#282));
#96=TOROIDAL_SURFACE('',#1559,23.5,2.);
#97=TOROIDAL_SURFACE('',#1561,23.5,2.);
#98=TOROIDAL_SURFACE('',#1564,23.5,2.);
#99=TOROIDAL_SURFACE('',#1565,23.5,2.);
#100=TOROIDAL_SURFACE('',#1567,23.5,2.);
#101=TOROIDAL_SURFACE('',#1570,23.5,2.);
#102=TOROIDAL_SURFACE('',#1581,3.,1.);
#103=TOROIDAL_SURFACE('',#1585,15.5,1.);
#104=TOROIDAL_SURFACE('',#1587,3.,1.);
#105=TOROIDAL_SURFACE('',#1589,3.,1.);
#106=TOROIDAL_SURFACE('',#1591,15.5,1.);
#107=TOROIDAL_SURFACE('',#1594,3.,1.);
#108=CONICAL_SURFACE('',#1553,14.55,45.);
#109=CONICAL_SURFACE('',#1554,14.55,45.);
#110=B_SPLINE_CURVE_WITH_KNOTS('',3,(#2229,#2230,#2231,#2232,#2233,#2234,
#2235,#2236,#2237,#2238,#2239,#2240,#2241,#2242,#2243,#2244),
 .UNSPECIFIED.,.F.,.F.,(4,3,3,3,3,4),(0.,0.217176685804513,0.434415910406309,
0.650679155798073,0.86523784316377,1.),.UNSPECIFIED.);
#111=B_SPLINE_CURVE_WITH_KNOTS('',3,(#2249,#2250,#2251,#2252,#2253,#2254,
#2255,#2256,#2257,#2258,#2259,#2260,#2261,#2262,#2263,#2264),
 .UNSPECIFIED.,.F.,.F.,(4,3,3,3,3,4),(0.,0.212853922950272,0.425666088607025,
0.63914194801794,0.854154880784691,1.),.UNSPECIFIED.);
#112=B_SPLINE_CURVE_WITH_KNOTS('',3,(#2272,#2273,#2274,#2275,#2276,#2277,
#2278,#2279,#2280,#2281,#2282,#2283,#2284,#2285,#2286,#2287),
 .UNSPECIFIED.,.F.,.F.,(4,3,3,3,3,4),(0.,0.212853922951034,0.42566608860758,
0.639141948018293,0.854154880784834,1.),.UNSPECIFIED.);
#113=B_SPLINE_CURVE_WITH_KNOTS('',3,(#2296,#2297,#2298,#2299,#2300,#2301,
#2302,#2303,#2304,#2305,#2306,#2307,#2308,#2309,#2310,#2311),
 .UNSPECIFIED.,.F.,.F.,(4,3,3,3,3,4),(0.,0.217176685804646,0.434415910406577,
0.650679155798475,0.865237843164305,1.),.UNSPECIFIED.);
#114=B_SPLINE_CURVE_WITH_KNOTS('',3,(#2324,#2325,#2326,#2327,#2328,#2329,
#2330,#2331,#2332,#2333,#2334,#2335,#2336,#2337,#2338,#2339),
 .UNSPECIFIED.,.F.,.F.,(4,3,3,3,3,4),(0.,0.217176685803918,0.434415910405117,
0.650679155796333,0.865237843161573,1.),.UNSPECIFIED.);
#115=B_SPLINE_CURVE_WITH_KNOTS('',3,(#2341,#2342,#2343,#2344,#2345,#2346,
#2347,#2348,#2349,#2350,#2351,#2352,#2353,#2354,#2355,#2356),
 .UNSPECIFIED.,.F.,.F.,(4,3,3,3,3,4),(0.,0.21285392295366,0.425666088609366,
0.639141948019266,0.854154880785064,1.),.UNSPECIFIED.);
#116=B_SPLINE_CURVE_WITH_KNOTS('',3,(#2364,#2365,#2366,#2367,#2368,#2369,
#2370,#2371,#2372,#2373,#2374,#2375,#2376,#2377,#2378,#2379),
 .UNSPECIFIED.,.F.,.F.,(4,3,3,3,3,4),(0.,0.217176685804136,0.434415910405562,
0.650679155796907,0.865237843162107,1.),.UNSPECIFIED.);
#117=B_SPLINE_CURVE_WITH_KNOTS('',3,(#2382,#2383,#2384,#2385,#2386,#2387,
#2388,#2389,#2390,#2391,#2392,#2393,#2394,#2395,#2396,#2397),
 .UNSPECIFIED.,.F.,.F.,(4,3,3,3,3,4),(0.,0.212853922953863,0.425666088609775,
0.63914194801982,0.854154880785612,1.),.UNSPECIFIED.);
#118=CYLINDRICAL_SURFACE('',#1446,16.5);
#119=CYLINDRICAL_SURFACE('',#1448,16.5);
#120=CYLINDRICAL_SURFACE('',#1451,16.5);
#121=CYLINDRICAL_SURFACE('',#1453,16.5);
#122=CYLINDRICAL_SURFACE('',#1457,1.65);
#123=CYLINDRICAL_SURFACE('',#1460,1.65);
#124=CYLINDRICAL_SURFACE('',#1463,1.65);
#125=CYLINDRICAL_SURFACE('',#1466,1.65);
#126=CYLINDRICAL_SURFACE('',#1473,25.5);
#127=CYLINDRICAL_SURFACE('',#1480,25.5);
#128=CYLINDRICAL_SURFACE('',#1489,1.65);
#129=CYLINDRICAL_SURFACE('',#1491,1.65);
#130=CYLINDRICAL_SURFACE('',#1493,1.65);
#131=CYLINDRICAL_SURFACE('',#1495,1.65);
#132=CYLINDRICAL_SURFACE('',#1501,3.1);
#133=CYLINDRICAL_SURFACE('',#1505,3.1);
#134=CYLINDRICAL_SURFACE('',#1510,3.1);
#135=CYLINDRICAL_SURFACE('',#1517,3.1);
#136=CYLINDRICAL_SURFACE('',#1521,3.1);
#137=CYLINDRICAL_SURFACE('',#1523,3.1);
#138=CYLINDRICAL_SURFACE('',#1528,3.1);
#139=CYLINDRICAL_SURFACE('',#1530,3.1);
#140=CYLINDRICAL_SURFACE('',#1543,13.55);
#141=CYLINDRICAL_SURFACE('',#1548,13.55);
#142=CYLINDRICAL_SURFACE('',#1551,12.);
#143=CYLINDRICAL_SURFACE('',#1552,12.);
#144=CYLINDRICAL_SURFACE('',#1563,2.);
#145=CYLINDRICAL_SURFACE('',#1569,2.);
#146=CYLINDRICAL_SURFACE('',#1572,2.);
#147=CYLINDRICAL_SURFACE('',#1574,2.);
#148=CYLINDRICAL_SURFACE('',#1576,2.);
#149=CYLINDRICAL_SURFACE('',#1578,2.);
#150=CYLINDRICAL_SURFACE('',#1583,1.);
#151=CYLINDRICAL_SURFACE('',#1593,1.);
#152=FACE_OUTER_BOUND('',#382,.T.);
#153=FACE_OUTER_BOUND('',#383,.T.);
#154=FACE_OUTER_BOUND('',#384,.T.);
#155=FACE_OUTER_BOUND('',#385,.T.);
#156=FACE_OUTER_BOUND('',#386,.T.);
#157=FACE_OUTER_BOUND('',#395,.T.);
#158=FACE_OUTER_BOUND('',#396,.T.);
#159=FACE_OUTER_BOUND('',#416,.T.);
#160=FACE_OUTER_BOUND('',#417,.T.);
#161=FACE_OUTER_BOUND('',#418,.T.);
#162=FACE_OUTER_BOUND('',#419,.T.);
#163=FACE_OUTER_BOUND('',#420,.T.);
#164=FACE_OUTER_BOUND('',#423,.T.);
#165=FACE_OUTER_BOUND('',#424,.T.);
#166=FACE_OUTER_BOUND('',#425,.T.);
#167=FACE_OUTER_BOUND('',#430,.T.);
#168=FACE_OUTER_BOUND('',#431,.T.);
#169=FACE_OUTER_BOUND('',#432,.T.);
#170=FACE_OUTER_BOUND('',#435,.T.);
#171=FACE_OUTER_BOUND('',#436,.T.);
#172=FACE_OUTER_BOUND('',#437,.T.);
#173=FACE_OUTER_BOUND('',#441,.T.);
#174=FACE_OUTER_BOUND('',#442,.T.);
#175=FACE_OUTER_BOUND('',#443,.T.);
#176=FACE_OUTER_BOUND('',#444,.T.);
#177=FACE_OUTER_BOUND('',#448,.T.);
#178=FACE_OUTER_BOUND('',#449,.T.);
#179=FACE_OUTER_BOUND('',#450,.T.);
#180=FACE_OUTER_BOUND('',#451,.T.);
#181=FACE_OUTER_BOUND('',#472,.T.);
#182=FACE_OUTER_BOUND('',#473,.T.);
#183=FACE_OUTER_BOUND('',#474,.T.);
#184=FACE_OUTER_BOUND('',#475,.T.);
#185=FACE_OUTER_BOUND('',#476,.T.);
#186=FACE_OUTER_BOUND('',#477,.T.);
#187=FACE_OUTER_BOUND('',#478,.T.);
#188=FACE_OUTER_BOUND('',#479,.T.);
#189=FACE_OUTER_BOUND('',#480,.T.);
#190=FACE_OUTER_BOUND('',#481,.T.);
#191=FACE_OUTER_BOUND('',#482,.T.);
#192=FACE_OUTER_BOUND('',#483,.T.);
#193=FACE_OUTER_BOUND('',#484,.T.);
#194=FACE_OUTER_BOUND('',#485,.T.);
#195=FACE_OUTER_BOUND('',#486,.T.);
#196=FACE_OUTER_BOUND('',#487,.T.);
#197=FACE_OUTER_BOUND('',#488,.T.);
#198=FACE_OUTER_BOUND('',#489,.T.);
#199=FACE_OUTER_BOUND('',#490,.T.);
#200=FACE_OUTER_BOUND('',#491,.T.);
#201=FACE_OUTER_BOUND('',#492,.T.);
#202=FACE_OUTER_BOUND('',#493,.T.);
#203=FACE_OUTER_BOUND('',#494,.T.);
#204=FACE_OUTER_BOUND('',#495,.T.);
#205=ADVANCED_FACE('',(#313,#314,#315,#316),#283,.F.);
#206=ADVANCED_FACE('',(#152),#118,.T.);
#207=ADVANCED_FACE('',(#153),#119,.T.);
#208=ADVANCED_FACE('',(#154),#120,.T.);
#209=ADVANCED_FACE('',(#155),#121,.T.);
#210=ADVANCED_FACE('',(#156),#284,.F.);
#211=ADVANCED_FACE('',(#317,#318),#122,.F.);
#212=ADVANCED_FACE('',(#319,#320),#123,.F.);
#213=ADVANCED_FACE('',(#321,#322),#124,.F.);
#214=ADVANCED_FACE('',(#323,#324),#125,.F.);
#215=ADVANCED_FACE('',(#157),#126,.T.);
#216=ADVANCED_FACE('',(#158),#127,.T.);
#217=ADVANCED_FACE('',(#325,#326,#327,#328,#329,#330,#331,#332,#333,#334,
#335),#285,.T.);
#218=ADVANCED_FACE('',(#336,#337),#128,.F.);
#219=ADVANCED_FACE('',(#338,#339),#129,.F.);
#220=ADVANCED_FACE('',(#340,#341),#130,.F.);
#221=ADVANCED_FACE('',(#342,#343),#131,.F.);
#222=ADVANCED_FACE('',(#159),#286,.T.);
#223=ADVANCED_FACE('',(#160),#287,.T.);
#224=ADVANCED_FACE('',(#161),#288,.F.);
#225=ADVANCED_FACE('',(#162),#289,.F.);
#226=ADVANCED_FACE('',(#163),#132,.F.);
#227=ADVANCED_FACE('',(#344,#345),#290,.T.);
#228=ADVANCED_FACE('',(#164),#291,.F.);
#229=ADVANCED_FACE('',(#165),#133,.F.);
#230=ADVANCED_FACE('',(#166),#292,.F.);
#231=ADVANCED_FACE('',(#346,#347),#293,.T.);
#232=ADVANCED_FACE('',(#348,#349),#294,.T.);
#233=ADVANCED_FACE('',(#167),#134,.F.);
#234=ADVANCED_FACE('',(#168),#295,.F.);
#235=ADVANCED_FACE('',(#169),#296,.F.);
#236=ADVANCED_FACE('',(#350,#351),#297,.T.);
#237=ADVANCED_FACE('',(#170),#298,.F.);
#238=ADVANCED_FACE('',(#171),#299,.F.);
#239=ADVANCED_FACE('',(#172),#135,.F.);
#240=ADVANCED_FACE('',(#352,#353,#354),#300,.F.);
#241=ADVANCED_FACE('',(#173),#136,.F.);
#242=ADVANCED_FACE('',(#174),#301,.T.);
#243=ADVANCED_FACE('',(#175),#137,.F.);
#244=ADVANCED_FACE('',(#176),#302,.T.);
#245=ADVANCED_FACE('',(#355,#356,#357),#303,.F.);
#246=ADVANCED_FACE('',(#177),#138,.F.);
#247=ADVANCED_FACE('',(#178),#304,.T.);
#248=ADVANCED_FACE('',(#179),#139,.F.);
#249=ADVANCED_FACE('',(#180),#305,.T.);
#250=ADVANCED_FACE('',(#358,#359,#360,#361),#306,.F.);
#251=ADVANCED_FACE('',(#362,#363),#140,.F.);
#252=ADVANCED_FACE('',(#364,#365),#307,.F.);
#253=ADVANCED_FACE('',(#366,#367),#141,.F.);
#254=ADVANCED_FACE('',(#368,#369),#308,.F.);
#255=ADVANCED_FACE('',(#370,#371),#142,.F.);
#256=ADVANCED_FACE('',(#372,#373),#143,.F.);
#257=ADVANCED_FACE('',(#374,#375),#108,.F.);
#258=ADVANCED_FACE('',(#376,#377),#109,.F.);
#259=ADVANCED_FACE('',(#181),#309,.T.);
#260=ADVANCED_FACE('',(#182),#310,.F.);
#261=ADVANCED_FACE('',(#183),#311,.F.);
#262=ADVANCED_FACE('',(#184),#312,.T.);
#263=ADVANCED_FACE('',(#185),#96,.T.);
#264=ADVANCED_FACE('',(#186),#97,.T.);
#265=ADVANCED_FACE('',(#187),#144,.T.);
#266=ADVANCED_FACE('',(#188),#98,.T.);
#267=ADVANCED_FACE('',(#189),#99,.T.);
#268=ADVANCED_FACE('',(#190),#100,.T.);
#269=ADVANCED_FACE('',(#191),#145,.T.);
#270=ADVANCED_FACE('',(#192),#101,.T.);
#271=ADVANCED_FACE('',(#193),#146,.F.);
#272=ADVANCED_FACE('',(#194),#147,.F.);
#273=ADVANCED_FACE('',(#195),#148,.F.);
#274=ADVANCED_FACE('',(#196),#149,.F.);
#275=ADVANCED_FACE('',(#197),#102,.T.);
#276=ADVANCED_FACE('',(#198),#150,.T.);
#277=ADVANCED_FACE('',(#199),#103,.T.);
#278=ADVANCED_FACE('',(#200),#104,.T.);
#279=ADVANCED_FACE('',(#201),#105,.T.);
#280=ADVANCED_FACE('',(#202),#106,.T.);
#281=ADVANCED_FACE('',(#203),#151,.T.);
#282=ADVANCED_FACE('',(#204),#107,.T.);
#283=PLANE('',#1443);
#284=PLANE('',#1454);
#285=PLANE('',#1487);
#286=PLANE('',#1496);
#287=PLANE('',#1497);
#288=PLANE('',#1498);
#289=PLANE('',#1499);
#290=PLANE('',#1502);
#291=PLANE('',#1503);
#292=PLANE('',#1506);
#293=PLANE('',#1507);
#294=PLANE('',#1509);
#295=PLANE('',#1511);
#296=PLANE('',#1512);
#297=PLANE('',#1514);
#298=PLANE('',#1515);
#299=PLANE('',#1516);
#300=PLANE('',#1520);
#301=PLANE('',#1522);
#302=PLANE('',#1524);
#303=PLANE('',#1527);
#304=PLANE('',#1529);
#305=PLANE('',#1531);
#306=PLANE('',#1540);
#307=PLANE('',#1545);
#308=PLANE('',#1550);
#309=PLANE('',#1555);
#310=PLANE('',#1556);
#311=PLANE('',#1557);
#312=PLANE('',#1558);
#313=FACE_BOUND('',#378,.T.);
#314=FACE_BOUND('',#379,.T.);
#315=FACE_BOUND('',#380,.T.);
#316=FACE_BOUND('',#381,.T.);
#317=FACE_BOUND('',#387,.T.);
#318=FACE_BOUND('',#388,.T.);
#319=FACE_BOUND('',#389,.T.);
#320=FACE_BOUND('',#390,.T.);
#321=FACE_BOUND('',#391,.T.);
#322=FACE_BOUND('',#392,.T.);
#323=FACE_BOUND('',#393,.T.);
#324=FACE_BOUND('',#394,.T.);
#325=FACE_BOUND('',#397,.T.);
#326=FACE_BOUND('',#398,.T.);
#327=FACE_BOUND('',#399,.T.);
#328=FACE_BOUND('',#400,.T.);
#329=FACE_BOUND('',#401,.T.);
#330=FACE_BOUND('',#402,.T.);
#331=FACE_BOUND('',#403,.T.);
#332=FACE_BOUND('',#404,.T.);
#333=FACE_BOUND('',#405,.T.);
#334=FACE_BOUND('',#406,.T.);
#335=FACE_BOUND('',#407,.T.);
#336=FACE_BOUND('',#408,.T.);
#337=FACE_BOUND('',#409,.T.);
#338=FACE_BOUND('',#410,.T.);
#339=FACE_BOUND('',#411,.T.);
#340=FACE_BOUND('',#412,.T.);
#341=FACE_BOUND('',#413,.T.);
#342=FACE_BOUND('',#414,.T.);
#343=FACE_BOUND('',#415,.T.);
#344=FACE_BOUND('',#421,.T.);
#345=FACE_BOUND('',#422,.T.);
#346=FACE_BOUND('',#426,.T.);
#347=FACE_BOUND('',#427,.T.);
#348=FACE_BOUND('',#428,.T.);
#349=FACE_BOUND('',#429,.T.);
#350=FACE_BOUND('',#433,.T.);
#351=FACE_BOUND('',#434,.T.);
#352=FACE_BOUND('',#438,.T.);
#353=FACE_BOUND('',#439,.T.);
#354=FACE_BOUND('',#440,.T.);
#355=FACE_BOUND('',#445,.T.);
#356=FACE_BOUND('',#446,.T.);
#357=FACE_BOUND('',#447,.T.);
#358=FACE_BOUND('',#452,.T.);
#359=FACE_BOUND('',#453,.T.);
#360=FACE_BOUND('',#454,.T.);
#361=FACE_BOUND('',#455,.T.);
#362=FACE_BOUND('',#456,.T.);
#363=FACE_BOUND('',#457,.T.);
#364=FACE_BOUND('',#458,.T.);
#365=FACE_BOUND('',#459,.T.);
#366=FACE_BOUND('',#460,.T.);
#367=FACE_BOUND('',#461,.T.);
#368=FACE_BOUND('',#462,.T.);
#369=FACE_BOUND('',#463,.T.);
#370=FACE_BOUND('',#464,.T.);
#371=FACE_BOUND('',#465,.T.);
#372=FACE_BOUND('',#466,.T.);
#373=FACE_BOUND('',#467,.T.);
#374=FACE_BOUND('',#468,.T.);
#375=FACE_BOUND('',#469,.T.);
#376=FACE_BOUND('',#470,.T.);
#377=FACE_BOUND('',#471,.T.);
#378=EDGE_LOOP('',(#590,#591,#592,#593,#594,#595,#596,#597,#598,#599,#600,
#601,#602,#603,#604,#605,#606,#607,#608,#609));
#379=EDGE_LOOP('',(#610,#611,#612,#613));
#380=EDGE_LOOP('',(#614,#615,#616,#617));
#381=EDGE_LOOP('',(#618,#619,#620,#621,#622,#623,#624,#625));
#382=EDGE_LOOP('',(#626,#627,#628,#629));
#383=EDGE_LOOP('',(#630,#631,#632,#633));
#384=EDGE_LOOP('',(#634,#635,#636,#637));
#385=EDGE_LOOP('',(#638,#639,#640,#641));
#386=EDGE_LOOP('',(#642,#643,#644,#645));
#387=EDGE_LOOP('',(#646));
#388=EDGE_LOOP('',(#647));
#389=EDGE_LOOP('',(#648));
#390=EDGE_LOOP('',(#649));
#391=EDGE_LOOP('',(#650));
#392=EDGE_LOOP('',(#651));
#393=EDGE_LOOP('',(#652));
#394=EDGE_LOOP('',(#653));
#395=EDGE_LOOP('',(#654,#655,#656,#657,#658,#659,#660,#661,#662,#663,#664,
#665));
#396=EDGE_LOOP('',(#666,#667,#668,#669,#670,#671,#672,#673,#674,#675,#676,
#677));
#397=EDGE_LOOP('',(#678));
#398=EDGE_LOOP('',(#679));
#399=EDGE_LOOP('',(#680,#681,#682,#683));
#400=EDGE_LOOP('',(#684));
#401=EDGE_LOOP('',(#685));
#402=EDGE_LOOP('',(#686));
#403=EDGE_LOOP('',(#687));
#404=EDGE_LOOP('',(#688));
#405=EDGE_LOOP('',(#689));
#406=EDGE_LOOP('',(#690));
#407=EDGE_LOOP('',(#691));
#408=EDGE_LOOP('',(#692));
#409=EDGE_LOOP('',(#693));
#410=EDGE_LOOP('',(#694));
#411=EDGE_LOOP('',(#695));
#412=EDGE_LOOP('',(#696));
#413=EDGE_LOOP('',(#697));
#414=EDGE_LOOP('',(#698));
#415=EDGE_LOOP('',(#699));
#416=EDGE_LOOP('',(#700,#701,#702,#703));
#417=EDGE_LOOP('',(#704,#705,#706,#707));
#418=EDGE_LOOP('',(#708,#709,#710,#711,#712));
#419=EDGE_LOOP('',(#713,#714,#715,#716,#717));
#420=EDGE_LOOP('',(#718,#719,#720,#721));
#421=EDGE_LOOP('',(#722));
#422=EDGE_LOOP('',(#723,#724,#725,#726));
#423=EDGE_LOOP('',(#727,#728,#729,#730,#731));
#424=EDGE_LOOP('',(#732,#733,#734,#735));
#425=EDGE_LOOP('',(#736,#737,#738,#739,#740));
#426=EDGE_LOOP('',(#741));
#427=EDGE_LOOP('',(#742,#743,#744,#745));
#428=EDGE_LOOP('',(#746,#747,#748,#749));
#429=EDGE_LOOP('',(#750));
#430=EDGE_LOOP('',(#751,#752,#753,#754));
#431=EDGE_LOOP('',(#755,#756,#757,#758,#759));
#432=EDGE_LOOP('',(#760,#761,#762,#763,#764));
#433=EDGE_LOOP('',(#765,#766,#767,#768));
#434=EDGE_LOOP('',(#769));
#435=EDGE_LOOP('',(#770,#771,#772,#773,#774));
#436=EDGE_LOOP('',(#775,#776,#777,#778,#779));
#437=EDGE_LOOP('',(#780,#781,#782,#783));
#438=EDGE_LOOP('',(#784));
#439=EDGE_LOOP('',(#785,#786,#787,#788));
#440=EDGE_LOOP('',(#789));
#441=EDGE_LOOP('',(#790,#791,#792,#793));
#442=EDGE_LOOP('',(#794,#795,#796,#797));
#443=EDGE_LOOP('',(#798,#799,#800,#801));
#444=EDGE_LOOP('',(#802,#803,#804,#805));
#445=EDGE_LOOP('',(#806,#807,#808,#809));
#446=EDGE_LOOP('',(#810));
#447=EDGE_LOOP('',(#811));
#448=EDGE_LOOP('',(#812,#813,#814,#815));
#449=EDGE_LOOP('',(#816,#817,#818,#819));
#450=EDGE_LOOP('',(#820,#821,#822,#823));
#451=EDGE_LOOP('',(#824,#825,#826,#827));
#452=EDGE_LOOP('',(#828,#829,#830,#831,#832,#833,#834,#835));
#453=EDGE_LOOP('',(#836,#837,#838,#839));
#454=EDGE_LOOP('',(#840));
#455=EDGE_LOOP('',(#841));
#456=EDGE_LOOP('',(#842));
#457=EDGE_LOOP('',(#843));
#458=EDGE_LOOP('',(#844));
#459=EDGE_LOOP('',(#845));
#460=EDGE_LOOP('',(#846));
#461=EDGE_LOOP('',(#847));
#462=EDGE_LOOP('',(#848));
#463=EDGE_LOOP('',(#849));
#464=EDGE_LOOP('',(#850));
#465=EDGE_LOOP('',(#851));
#466=EDGE_LOOP('',(#852));
#467=EDGE_LOOP('',(#853));
#468=EDGE_LOOP('',(#854));
#469=EDGE_LOOP('',(#855));
#470=EDGE_LOOP('',(#856));
#471=EDGE_LOOP('',(#857));
#472=EDGE_LOOP('',(#858,#859,#860,#861));
#473=EDGE_LOOP('',(#862,#863,#864,#865));
#474=EDGE_LOOP('',(#866,#867,#868,#869));
#475=EDGE_LOOP('',(#870,#871,#872,#873));
#476=EDGE_LOOP('',(#874,#875,#876,#877));
#477=EDGE_LOOP('',(#878,#879,#880,#881));
#478=EDGE_LOOP('',(#882,#883,#884,#885));
#479=EDGE_LOOP('',(#886,#887,#888,#889));
#480=EDGE_LOOP('',(#890,#891,#892,#893));
#481=EDGE_LOOP('',(#894,#895,#896,#897));
#482=EDGE_LOOP('',(#898,#899,#900,#901));
#483=EDGE_LOOP('',(#902,#903,#904,#905));
#484=EDGE_LOOP('',(#906,#907,#908,#909));
#485=EDGE_LOOP('',(#910,#911,#912,#913));
#486=EDGE_LOOP('',(#914,#915,#916,#917));
#487=EDGE_LOOP('',(#918,#919,#920,#921));
#488=EDGE_LOOP('',(#922,#923,#924,#925));
#489=EDGE_LOOP('',(#926,#927,#928,#929));
#490=EDGE_LOOP('',(#930,#931,#932,#933));
#491=EDGE_LOOP('',(#934,#935,#936,#937));
#492=EDGE_LOOP('',(#938,#939,#940,#941));
#493=EDGE_LOOP('',(#942,#943,#944,#945));
#494=EDGE_LOOP('',(#946,#947,#948,#949));
#495=EDGE_LOOP('',(#950,#951,#952,#953));
#496=CIRCLE('',#1423,23.5);
#497=CIRCLE('',#1424,3.1);
#498=CIRCLE('',#1425,23.5);
#499=CIRCLE('',#1426,23.5);
#500=CIRCLE('',#1427,3.1);
#501=CIRCLE('',#1428,23.5);
#502=CIRCLE('',#1429,3.1);
#503=CIRCLE('',#1430,23.5);
#504=CIRCLE('',#1431,23.5);
#505=CIRCLE('',#1432,3.1);
#506=CIRCLE('',#1433,3.1);
#507=CIRCLE('',#1434,3.1);
#508=CIRCLE('',#1435,3.1);
#509=CIRCLE('',#1436,3.1);
#510=CIRCLE('',#1437,2.);
#511=CIRCLE('',#1438,16.5);
#512=CIRCLE('',#1439,2.);
#513=CIRCLE('',#1440,2.);
#514=CIRCLE('',#1441,16.5);
#515=CIRCLE('',#1442,2.);
#516=CIRCLE('',#1444,16.5);
#517=CIRCLE('',#1445,16.5);
#518=CIRCLE('',#1447,16.5);
#519=CIRCLE('',#1449,16.5);
#520=CIRCLE('',#1450,16.5);
#521=CIRCLE('',#1452,16.5);
#522=CIRCLE('',#1455,1.65);
#523=CIRCLE('',#1456,1.65);
#524=CIRCLE('',#1458,1.65);
#525=CIRCLE('',#1459,1.65);
#526=CIRCLE('',#1461,1.65);
#527=CIRCLE('',#1462,1.65);
#528=CIRCLE('',#1464,1.65);
#529=CIRCLE('',#1465,1.65);
#530=CIRCLE('',#1467,25.5);
#531=CIRCLE('',#1468,25.5);
#532=CIRCLE('',#1469,25.5);
#533=CIRCLE('',#1470,25.5);
#534=CIRCLE('',#1471,25.5);
#535=CIRCLE('',#1472,25.5);
#536=CIRCLE('',#1474,25.5);
#537=CIRCLE('',#1475,25.5);
#538=CIRCLE('',#1476,25.5);
#539=CIRCLE('',#1477,25.5);
#540=CIRCLE('',#1478,25.5);
#541=CIRCLE('',#1479,25.5);
#542=CIRCLE('',#1481,14.55);
#543=CIRCLE('',#1482,14.55);
#544=CIRCLE('',#1483,1.65);
#545=CIRCLE('',#1484,1.65);
#546=CIRCLE('',#1485,1.65);
#547=CIRCLE('',#1486,1.65);
#548=CIRCLE('',#1488,1.65);
#549=CIRCLE('',#1490,1.65);
#550=CIRCLE('',#1492,1.65);
#551=CIRCLE('',#1494,1.65);
#552=CIRCLE('',#1500,3.1);
#553=CIRCLE('',#1504,3.1);
#554=CIRCLE('',#1508,3.1);
#555=CIRCLE('',#1513,3.1);
#556=CIRCLE('',#1518,3.1);
#557=CIRCLE('',#1519,3.1);
#558=CIRCLE('',#1525,3.1);
#559=CIRCLE('',#1526,3.1);
#560=CIRCLE('',#1532,15.5);
#561=CIRCLE('',#1533,3.);
#562=CIRCLE('',#1534,3.);
#563=CIRCLE('',#1535,15.5);
#564=CIRCLE('',#1536,3.);
#565=CIRCLE('',#1537,3.);
#566=CIRCLE('',#1538,12.);
#567=CIRCLE('',#1539,12.);
#568=CIRCLE('',#1541,13.55);
#569=CIRCLE('',#1542,13.55);
#570=CIRCLE('',#1544,12.);
#571=CIRCLE('',#1546,13.55);
#572=CIRCLE('',#1547,13.55);
#573=CIRCLE('',#1549,12.);
#574=CIRCLE('',#1560,2.);
#575=CIRCLE('',#1562,2.);
#576=CIRCLE('',#1566,2.);
#577=CIRCLE('',#1568,2.);
#578=CIRCLE('',#1571,2.);
#579=CIRCLE('',#1573,2.);
#580=CIRCLE('',#1575,2.);
#581=CIRCLE('',#1577,2.);
#582=CIRCLE('',#1579,1.);
#583=CIRCLE('',#1580,1.);
#584=CIRCLE('',#1582,1.);
#585=CIRCLE('',#1584,1.);
#586=CIRCLE('',#1586,1.);
#587=CIRCLE('',#1588,1.);
#588=CIRCLE('',#1590,1.);
#589=CIRCLE('',#1592,1.);
#590=ORIENTED_EDGE('',*,*,#1080,.F.);
#591=ORIENTED_EDGE('',*,*,#1081,.T.);
#592=ORIENTED_EDGE('',*,*,#1082,.F.);
#593=ORIENTED_EDGE('',*,*,#1083,.F.);
#594=ORIENTED_EDGE('',*,*,#1084,.F.);
#595=ORIENTED_EDGE('',*,*,#1085,.T.);
#596=ORIENTED_EDGE('',*,*,#1086,.T.);
#597=ORIENTED_EDGE('',*,*,#1087,.T.);
#598=ORIENTED_EDGE('',*,*,#1088,.F.);
#599=ORIENTED_EDGE('',*,*,#1089,.F.);
#600=ORIENTED_EDGE('',*,*,#1090,.F.);
#601=ORIENTED_EDGE('',*,*,#1091,.T.);
#602=ORIENTED_EDGE('',*,*,#1092,.F.);
#603=ORIENTED_EDGE('',*,*,#1093,.F.);
#604=ORIENTED_EDGE('',*,*,#1094,.F.);
#605=ORIENTED_EDGE('',*,*,#1095,.T.);
#606=ORIENTED_EDGE('',*,*,#1096,.T.);
#607=ORIENTED_EDGE('',*,*,#1097,.T.);
#608=ORIENTED_EDGE('',*,*,#1098,.F.);
#609=ORIENTED_EDGE('',*,*,#1099,.F.);
#610=ORIENTED_EDGE('',*,*,#1100,.T.);
#611=ORIENTED_EDGE('',*,*,#1101,.T.);
#612=ORIENTED_EDGE('',*,*,#1102,.T.);
#613=ORIENTED_EDGE('',*,*,#1103,.T.);
#614=ORIENTED_EDGE('',*,*,#1104,.T.);
#615=ORIENTED_EDGE('',*,*,#1105,.T.);
#616=ORIENTED_EDGE('',*,*,#1106,.T.);
#617=ORIENTED_EDGE('',*,*,#1107,.T.);
#618=ORIENTED_EDGE('',*,*,#1108,.T.);
#619=ORIENTED_EDGE('',*,*,#1109,.T.);
#620=ORIENTED_EDGE('',*,*,#1110,.T.);
#621=ORIENTED_EDGE('',*,*,#1111,.T.);
#622=ORIENTED_EDGE('',*,*,#1112,.T.);
#623=ORIENTED_EDGE('',*,*,#1113,.T.);
#624=ORIENTED_EDGE('',*,*,#1114,.T.);
#625=ORIENTED_EDGE('',*,*,#1115,.T.);
#626=ORIENTED_EDGE('',*,*,#1116,.T.);
#627=ORIENTED_EDGE('',*,*,#1117,.T.);
#628=ORIENTED_EDGE('',*,*,#1118,.F.);
#629=ORIENTED_EDGE('',*,*,#1119,.T.);
#630=ORIENTED_EDGE('',*,*,#1120,.T.);
#631=ORIENTED_EDGE('',*,*,#1121,.T.);
#632=ORIENTED_EDGE('',*,*,#1122,.T.);
#633=ORIENTED_EDGE('',*,*,#1110,.F.);
#634=ORIENTED_EDGE('',*,*,#1123,.F.);
#635=ORIENTED_EDGE('',*,*,#1124,.T.);
#636=ORIENTED_EDGE('',*,*,#1125,.T.);
#637=ORIENTED_EDGE('',*,*,#1126,.T.);
#638=ORIENTED_EDGE('',*,*,#1127,.T.);
#639=ORIENTED_EDGE('',*,*,#1128,.T.);
#640=ORIENTED_EDGE('',*,*,#1129,.T.);
#641=ORIENTED_EDGE('',*,*,#1114,.F.);
#642=ORIENTED_EDGE('',*,*,#1118,.T.);
#643=ORIENTED_EDGE('',*,*,#1130,.T.);
#644=ORIENTED_EDGE('',*,*,#1123,.T.);
#645=ORIENTED_EDGE('',*,*,#1131,.T.);
#646=ORIENTED_EDGE('',*,*,#1132,.T.);
#647=ORIENTED_EDGE('',*,*,#1133,.T.);
#648=ORIENTED_EDGE('',*,*,#1134,.F.);
#649=ORIENTED_EDGE('',*,*,#1135,.F.);
#650=ORIENTED_EDGE('',*,*,#1136,.F.);
#651=ORIENTED_EDGE('',*,*,#1137,.F.);
#652=ORIENTED_EDGE('',*,*,#1138,.T.);
#653=ORIENTED_EDGE('',*,*,#1139,.T.);
#654=ORIENTED_EDGE('',*,*,#1140,.T.);
#655=ORIENTED_EDGE('',*,*,#1141,.T.);
#656=ORIENTED_EDGE('',*,*,#1142,.F.);
#657=ORIENTED_EDGE('',*,*,#1143,.F.);
#658=ORIENTED_EDGE('',*,*,#1144,.T.);
#659=ORIENTED_EDGE('',*,*,#1145,.T.);
#660=ORIENTED_EDGE('',*,*,#1146,.T.);
#661=ORIENTED_EDGE('',*,*,#1147,.F.);
#662=ORIENTED_EDGE('',*,*,#1148,.F.);
#663=ORIENTED_EDGE('',*,*,#1149,.T.);
#664=ORIENTED_EDGE('',*,*,#1150,.F.);
#665=ORIENTED_EDGE('',*,*,#1151,.F.);
#666=ORIENTED_EDGE('',*,*,#1152,.T.);
#667=ORIENTED_EDGE('',*,*,#1153,.T.);
#668=ORIENTED_EDGE('',*,*,#1154,.T.);
#669=ORIENTED_EDGE('',*,*,#1155,.F.);
#670=ORIENTED_EDGE('',*,*,#1156,.F.);
#671=ORIENTED_EDGE('',*,*,#1157,.T.);
#672=ORIENTED_EDGE('',*,*,#1158,.F.);
#673=ORIENTED_EDGE('',*,*,#1159,.F.);
#674=ORIENTED_EDGE('',*,*,#1160,.T.);
#675=ORIENTED_EDGE('',*,*,#1161,.T.);
#676=ORIENTED_EDGE('',*,*,#1162,.F.);
#677=ORIENTED_EDGE('',*,*,#1163,.F.);
#678=ORIENTED_EDGE('',*,*,#1164,.T.);
#679=ORIENTED_EDGE('',*,*,#1165,.T.);
#680=ORIENTED_EDGE('',*,*,#1166,.T.);
#681=ORIENTED_EDGE('',*,*,#1147,.T.);
#682=ORIENTED_EDGE('',*,*,#1167,.T.);
#683=ORIENTED_EDGE('',*,*,#1155,.T.);
#684=ORIENTED_EDGE('',*,*,#1168,.F.);
#685=ORIENTED_EDGE('',*,*,#1169,.F.);
#686=ORIENTED_EDGE('',*,*,#1138,.F.);
#687=ORIENTED_EDGE('',*,*,#1132,.F.);
#688=ORIENTED_EDGE('',*,*,#1170,.T.);
#689=ORIENTED_EDGE('',*,*,#1134,.T.);
#690=ORIENTED_EDGE('',*,*,#1136,.T.);
#691=ORIENTED_EDGE('',*,*,#1171,.T.);
#692=ORIENTED_EDGE('',*,*,#1172,.T.);
#693=ORIENTED_EDGE('',*,*,#1170,.F.);
#694=ORIENTED_EDGE('',*,*,#1173,.F.);
#695=ORIENTED_EDGE('',*,*,#1169,.T.);
#696=ORIENTED_EDGE('',*,*,#1174,.F.);
#697=ORIENTED_EDGE('',*,*,#1168,.T.);
#698=ORIENTED_EDGE('',*,*,#1175,.T.);
#699=ORIENTED_EDGE('',*,*,#1171,.F.);
#700=ORIENTED_EDGE('',*,*,#1146,.F.);
#701=ORIENTED_EDGE('',*,*,#1176,.T.);
#702=ORIENTED_EDGE('',*,*,#1156,.T.);
#703=ORIENTED_EDGE('',*,*,#1167,.F.);
#704=ORIENTED_EDGE('',*,*,#1154,.F.);
#705=ORIENTED_EDGE('',*,*,#1177,.T.);
#706=ORIENTED_EDGE('',*,*,#1148,.T.);
#707=ORIENTED_EDGE('',*,*,#1166,.F.);
#708=ORIENTED_EDGE('',*,*,#1088,.T.);
#709=ORIENTED_EDGE('',*,*,#1178,.T.);
#710=ORIENTED_EDGE('',*,*,#1152,.F.);
#711=ORIENTED_EDGE('',*,*,#1179,.T.);
#712=ORIENTED_EDGE('',*,*,#1180,.F.);
#713=ORIENTED_EDGE('',*,*,#1162,.T.);
#714=ORIENTED_EDGE('',*,*,#1181,.T.);
#715=ORIENTED_EDGE('',*,*,#1090,.T.);
#716=ORIENTED_EDGE('',*,*,#1182,.T.);
#717=ORIENTED_EDGE('',*,*,#1183,.T.);
#718=ORIENTED_EDGE('',*,*,#1089,.T.);
#719=ORIENTED_EDGE('',*,*,#1180,.T.);
#720=ORIENTED_EDGE('',*,*,#1184,.T.);
#721=ORIENTED_EDGE('',*,*,#1182,.F.);
#722=ORIENTED_EDGE('',*,*,#1133,.F.);
#723=ORIENTED_EDGE('',*,*,#1179,.F.);
#724=ORIENTED_EDGE('',*,*,#1163,.T.);
#725=ORIENTED_EDGE('',*,*,#1183,.F.);
#726=ORIENTED_EDGE('',*,*,#1184,.F.);
#727=ORIENTED_EDGE('',*,*,#1158,.T.);
#728=ORIENTED_EDGE('',*,*,#1185,.T.);
#729=ORIENTED_EDGE('',*,*,#1094,.T.);
#730=ORIENTED_EDGE('',*,*,#1186,.T.);
#731=ORIENTED_EDGE('',*,*,#1187,.T.);
#732=ORIENTED_EDGE('',*,*,#1093,.T.);
#733=ORIENTED_EDGE('',*,*,#1188,.T.);
#734=ORIENTED_EDGE('',*,*,#1189,.T.);
#735=ORIENTED_EDGE('',*,*,#1186,.F.);
#736=ORIENTED_EDGE('',*,*,#1092,.T.);
#737=ORIENTED_EDGE('',*,*,#1190,.T.);
#738=ORIENTED_EDGE('',*,*,#1160,.F.);
#739=ORIENTED_EDGE('',*,*,#1191,.T.);
#740=ORIENTED_EDGE('',*,*,#1188,.F.);
#741=ORIENTED_EDGE('',*,*,#1139,.F.);
#742=ORIENTED_EDGE('',*,*,#1187,.F.);
#743=ORIENTED_EDGE('',*,*,#1189,.F.);
#744=ORIENTED_EDGE('',*,*,#1191,.F.);
#745=ORIENTED_EDGE('',*,*,#1159,.T.);
#746=ORIENTED_EDGE('',*,*,#1192,.F.);
#747=ORIENTED_EDGE('',*,*,#1193,.F.);
#748=ORIENTED_EDGE('',*,*,#1143,.T.);
#749=ORIENTED_EDGE('',*,*,#1194,.F.);
#750=ORIENTED_EDGE('',*,*,#1137,.T.);
#751=ORIENTED_EDGE('',*,*,#1099,.T.);
#752=ORIENTED_EDGE('',*,*,#1195,.T.);
#753=ORIENTED_EDGE('',*,*,#1192,.T.);
#754=ORIENTED_EDGE('',*,*,#1196,.F.);
#755=ORIENTED_EDGE('',*,*,#1098,.T.);
#756=ORIENTED_EDGE('',*,*,#1197,.T.);
#757=ORIENTED_EDGE('',*,*,#1144,.F.);
#758=ORIENTED_EDGE('',*,*,#1193,.T.);
#759=ORIENTED_EDGE('',*,*,#1195,.F.);
#760=ORIENTED_EDGE('',*,*,#1142,.T.);
#761=ORIENTED_EDGE('',*,*,#1198,.T.);
#762=ORIENTED_EDGE('',*,*,#1080,.T.);
#763=ORIENTED_EDGE('',*,*,#1196,.T.);
#764=ORIENTED_EDGE('',*,*,#1194,.T.);
#765=ORIENTED_EDGE('',*,*,#1199,.F.);
#766=ORIENTED_EDGE('',*,*,#1151,.T.);
#767=ORIENTED_EDGE('',*,*,#1200,.F.);
#768=ORIENTED_EDGE('',*,*,#1201,.F.);
#769=ORIENTED_EDGE('',*,*,#1135,.T.);
#770=ORIENTED_EDGE('',*,*,#1082,.T.);
#771=ORIENTED_EDGE('',*,*,#1202,.T.);
#772=ORIENTED_EDGE('',*,*,#1140,.F.);
#773=ORIENTED_EDGE('',*,*,#1199,.T.);
#774=ORIENTED_EDGE('',*,*,#1203,.F.);
#775=ORIENTED_EDGE('',*,*,#1150,.T.);
#776=ORIENTED_EDGE('',*,*,#1204,.T.);
#777=ORIENTED_EDGE('',*,*,#1084,.T.);
#778=ORIENTED_EDGE('',*,*,#1205,.T.);
#779=ORIENTED_EDGE('',*,*,#1200,.T.);
#780=ORIENTED_EDGE('',*,*,#1083,.T.);
#781=ORIENTED_EDGE('',*,*,#1203,.T.);
#782=ORIENTED_EDGE('',*,*,#1201,.T.);
#783=ORIENTED_EDGE('',*,*,#1205,.F.);
#784=ORIENTED_EDGE('',*,*,#1174,.T.);
#785=ORIENTED_EDGE('',*,*,#1206,.T.);
#786=ORIENTED_EDGE('',*,*,#1207,.T.);
#787=ORIENTED_EDGE('',*,*,#1208,.T.);
#788=ORIENTED_EDGE('',*,*,#1209,.T.);
#789=ORIENTED_EDGE('',*,*,#1175,.F.);
#790=ORIENTED_EDGE('',*,*,#1104,.F.);
#791=ORIENTED_EDGE('',*,*,#1210,.T.);
#792=ORIENTED_EDGE('',*,*,#1206,.F.);
#793=ORIENTED_EDGE('',*,*,#1211,.F.);
#794=ORIENTED_EDGE('',*,*,#1105,.F.);
#795=ORIENTED_EDGE('',*,*,#1211,.T.);
#796=ORIENTED_EDGE('',*,*,#1209,.F.);
#797=ORIENTED_EDGE('',*,*,#1212,.F.);
#798=ORIENTED_EDGE('',*,*,#1106,.F.);
#799=ORIENTED_EDGE('',*,*,#1212,.T.);
#800=ORIENTED_EDGE('',*,*,#1208,.F.);
#801=ORIENTED_EDGE('',*,*,#1213,.F.);
#802=ORIENTED_EDGE('',*,*,#1107,.F.);
#803=ORIENTED_EDGE('',*,*,#1213,.T.);
#804=ORIENTED_EDGE('',*,*,#1207,.F.);
#805=ORIENTED_EDGE('',*,*,#1210,.F.);
#806=ORIENTED_EDGE('',*,*,#1214,.T.);
#807=ORIENTED_EDGE('',*,*,#1215,.T.);
#808=ORIENTED_EDGE('',*,*,#1216,.T.);
#809=ORIENTED_EDGE('',*,*,#1217,.T.);
#810=ORIENTED_EDGE('',*,*,#1173,.T.);
#811=ORIENTED_EDGE('',*,*,#1172,.F.);
#812=ORIENTED_EDGE('',*,*,#1100,.F.);
#813=ORIENTED_EDGE('',*,*,#1218,.T.);
#814=ORIENTED_EDGE('',*,*,#1214,.F.);
#815=ORIENTED_EDGE('',*,*,#1219,.F.);
#816=ORIENTED_EDGE('',*,*,#1101,.F.);
#817=ORIENTED_EDGE('',*,*,#1219,.T.);
#818=ORIENTED_EDGE('',*,*,#1217,.F.);
#819=ORIENTED_EDGE('',*,*,#1220,.F.);
#820=ORIENTED_EDGE('',*,*,#1102,.F.);
#821=ORIENTED_EDGE('',*,*,#1220,.T.);
#822=ORIENTED_EDGE('',*,*,#1216,.F.);
#823=ORIENTED_EDGE('',*,*,#1221,.F.);
#824=ORIENTED_EDGE('',*,*,#1103,.F.);
#825=ORIENTED_EDGE('',*,*,#1221,.T.);
#826=ORIENTED_EDGE('',*,*,#1215,.F.);
#827=ORIENTED_EDGE('',*,*,#1218,.F.);
#828=ORIENTED_EDGE('',*,*,#1222,.T.);
#829=ORIENTED_EDGE('',*,*,#1223,.T.);
#830=ORIENTED_EDGE('',*,*,#1224,.T.);
#831=ORIENTED_EDGE('',*,*,#1225,.T.);
#832=ORIENTED_EDGE('',*,*,#1226,.T.);
#833=ORIENTED_EDGE('',*,*,#1227,.T.);
#834=ORIENTED_EDGE('',*,*,#1228,.T.);
#835=ORIENTED_EDGE('',*,*,#1229,.T.);
#836=ORIENTED_EDGE('',*,*,#1230,.T.);
#837=ORIENTED_EDGE('',*,*,#1116,.F.);
#838=ORIENTED_EDGE('',*,*,#1231,.F.);
#839=ORIENTED_EDGE('',*,*,#1125,.F.);
#840=ORIENTED_EDGE('',*,*,#1232,.T.);
#841=ORIENTED_EDGE('',*,*,#1233,.T.);
#842=ORIENTED_EDGE('',*,*,#1234,.T.);
#843=ORIENTED_EDGE('',*,*,#1235,.F.);
#844=ORIENTED_EDGE('',*,*,#1236,.F.);
#845=ORIENTED_EDGE('',*,*,#1235,.T.);
#846=ORIENTED_EDGE('',*,*,#1237,.T.);
#847=ORIENTED_EDGE('',*,*,#1238,.F.);
#848=ORIENTED_EDGE('',*,*,#1239,.F.);
#849=ORIENTED_EDGE('',*,*,#1238,.T.);
#850=ORIENTED_EDGE('',*,*,#1236,.T.);
#851=ORIENTED_EDGE('',*,*,#1232,.F.);
#852=ORIENTED_EDGE('',*,*,#1239,.T.);
#853=ORIENTED_EDGE('',*,*,#1233,.F.);
#854=ORIENTED_EDGE('',*,*,#1237,.F.);
#855=ORIENTED_EDGE('',*,*,#1164,.F.);
#856=ORIENTED_EDGE('',*,*,#1234,.F.);
#857=ORIENTED_EDGE('',*,*,#1165,.F.);
#858=ORIENTED_EDGE('',*,*,#1240,.T.);
#859=ORIENTED_EDGE('',*,*,#1241,.T.);
#860=ORIENTED_EDGE('',*,*,#1242,.T.);
#861=ORIENTED_EDGE('',*,*,#1112,.F.);
#862=ORIENTED_EDGE('',*,*,#1131,.F.);
#863=ORIENTED_EDGE('',*,*,#1126,.F.);
#864=ORIENTED_EDGE('',*,*,#1231,.T.);
#865=ORIENTED_EDGE('',*,*,#1119,.F.);
#866=ORIENTED_EDGE('',*,*,#1243,.T.);
#867=ORIENTED_EDGE('',*,*,#1244,.T.);
#868=ORIENTED_EDGE('',*,*,#1245,.T.);
#869=ORIENTED_EDGE('',*,*,#1108,.F.);
#870=ORIENTED_EDGE('',*,*,#1124,.F.);
#871=ORIENTED_EDGE('',*,*,#1130,.F.);
#872=ORIENTED_EDGE('',*,*,#1117,.F.);
#873=ORIENTED_EDGE('',*,*,#1230,.F.);
#874=ORIENTED_EDGE('',*,*,#1202,.F.);
#875=ORIENTED_EDGE('',*,*,#1081,.F.);
#876=ORIENTED_EDGE('',*,*,#1198,.F.);
#877=ORIENTED_EDGE('',*,*,#1141,.F.);
#878=ORIENTED_EDGE('',*,*,#1178,.F.);
#879=ORIENTED_EDGE('',*,*,#1087,.F.);
#880=ORIENTED_EDGE('',*,*,#1246,.F.);
#881=ORIENTED_EDGE('',*,*,#1153,.F.);
#882=ORIENTED_EDGE('',*,*,#1246,.T.);
#883=ORIENTED_EDGE('',*,*,#1086,.F.);
#884=ORIENTED_EDGE('',*,*,#1247,.F.);
#885=ORIENTED_EDGE('',*,*,#1177,.F.);
#886=ORIENTED_EDGE('',*,*,#1247,.T.);
#887=ORIENTED_EDGE('',*,*,#1085,.F.);
#888=ORIENTED_EDGE('',*,*,#1204,.F.);
#889=ORIENTED_EDGE('',*,*,#1149,.F.);
#890=ORIENTED_EDGE('',*,*,#1190,.F.);
#891=ORIENTED_EDGE('',*,*,#1091,.F.);
#892=ORIENTED_EDGE('',*,*,#1181,.F.);
#893=ORIENTED_EDGE('',*,*,#1161,.F.);
#894=ORIENTED_EDGE('',*,*,#1185,.F.);
#895=ORIENTED_EDGE('',*,*,#1157,.F.);
#896=ORIENTED_EDGE('',*,*,#1248,.F.);
#897=ORIENTED_EDGE('',*,*,#1095,.F.);
#898=ORIENTED_EDGE('',*,*,#1248,.T.);
#899=ORIENTED_EDGE('',*,*,#1176,.F.);
#900=ORIENTED_EDGE('',*,*,#1249,.F.);
#901=ORIENTED_EDGE('',*,*,#1096,.F.);
#902=ORIENTED_EDGE('',*,*,#1197,.F.);
#903=ORIENTED_EDGE('',*,*,#1097,.F.);
#904=ORIENTED_EDGE('',*,*,#1249,.T.);
#905=ORIENTED_EDGE('',*,*,#1145,.F.);
#906=ORIENTED_EDGE('',*,*,#1245,.F.);
#907=ORIENTED_EDGE('',*,*,#1250,.T.);
#908=ORIENTED_EDGE('',*,*,#1120,.F.);
#909=ORIENTED_EDGE('',*,*,#1109,.F.);
#910=ORIENTED_EDGE('',*,*,#1129,.F.);
#911=ORIENTED_EDGE('',*,*,#1251,.T.);
#912=ORIENTED_EDGE('',*,*,#1243,.F.);
#913=ORIENTED_EDGE('',*,*,#1115,.F.);
#914=ORIENTED_EDGE('',*,*,#1122,.F.);
#915=ORIENTED_EDGE('',*,*,#1252,.T.);
#916=ORIENTED_EDGE('',*,*,#1240,.F.);
#917=ORIENTED_EDGE('',*,*,#1111,.F.);
#918=ORIENTED_EDGE('',*,*,#1242,.F.);
#919=ORIENTED_EDGE('',*,*,#1253,.T.);
#920=ORIENTED_EDGE('',*,*,#1127,.F.);
#921=ORIENTED_EDGE('',*,*,#1113,.F.);
#922=ORIENTED_EDGE('',*,*,#1254,.F.);
#923=ORIENTED_EDGE('',*,*,#1250,.F.);
#924=ORIENTED_EDGE('',*,*,#1255,.F.);
#925=ORIENTED_EDGE('',*,*,#1227,.F.);
#926=ORIENTED_EDGE('',*,*,#1255,.T.);
#927=ORIENTED_EDGE('',*,*,#1244,.F.);
#928=ORIENTED_EDGE('',*,*,#1256,.F.);
#929=ORIENTED_EDGE('',*,*,#1228,.F.);
#930=ORIENTED_EDGE('',*,*,#1254,.T.);
#931=ORIENTED_EDGE('',*,*,#1226,.F.);
#932=ORIENTED_EDGE('',*,*,#1257,.F.);
#933=ORIENTED_EDGE('',*,*,#1121,.F.);
#934=ORIENTED_EDGE('',*,*,#1256,.T.);
#935=ORIENTED_EDGE('',*,*,#1251,.F.);
#936=ORIENTED_EDGE('',*,*,#1258,.F.);
#937=ORIENTED_EDGE('',*,*,#1229,.F.);
#938=ORIENTED_EDGE('',*,*,#1257,.T.);
#939=ORIENTED_EDGE('',*,*,#1225,.F.);
#940=ORIENTED_EDGE('',*,*,#1259,.F.);
#941=ORIENTED_EDGE('',*,*,#1252,.F.);
#942=ORIENTED_EDGE('',*,*,#1258,.T.);
#943=ORIENTED_EDGE('',*,*,#1128,.F.);
#944=ORIENTED_EDGE('',*,*,#1260,.F.);
#945=ORIENTED_EDGE('',*,*,#1222,.F.);
#946=ORIENTED_EDGE('',*,*,#1259,.T.);
#947=ORIENTED_EDGE('',*,*,#1224,.F.);
#948=ORIENTED_EDGE('',*,*,#1261,.F.);
#949=ORIENTED_EDGE('',*,*,#1241,.F.);
#950=ORIENTED_EDGE('',*,*,#1260,.T.);
#951=ORIENTED_EDGE('',*,*,#1253,.F.);
#952=ORIENTED_EDGE('',*,*,#1261,.T.);
#953=ORIENTED_EDGE('',*,*,#1223,.F.);
#954=VERTEX_POINT('',#2023);
#955=VERTEX_POINT('',#2024);
#956=VERTEX_POINT('',#2026);
#957=VERTEX_POINT('',#2028);
#958=VERTEX_POINT('',#2030);
#959=VERTEX_POINT('',#2032);
#960=VERTEX_POINT('',#2034);
#961=VERTEX_POINT('',#2036);
#962=VERTEX_POINT('',#2038);
#963=VERTEX_POINT('',#2040);
#964=VERTEX_POINT('',#2042);
#965=VERTEX_POINT('',#2044);
#966=VERTEX_POINT('',#2046);
#967=VERTEX_POINT('',#2048);
#968=VERTEX_POINT('',#2050);
#969=VERTEX_POINT('',#2052);
#970=VERTEX_POINT('',#2054);
#971=VERTEX_POINT('',#2056);
#972=VERTEX_POINT('',#2058);
#973=VERTEX_POINT('',#2060);
#974=VERTEX_POINT('',#2063);
#975=VERTEX_POINT('',#2064);
#976=VERTEX_POINT('',#2066);
#977=VERTEX_POINT('',#2068);
#978=VERTEX_POINT('',#2071);
#979=VERTEX_POINT('',#2072);
#980=VERTEX_POINT('',#2074);
#981=VERTEX_POINT('',#2076);
#982=VERTEX_POINT('',#2079);
#983=VERTEX_POINT('',#2080);
#984=VERTEX_POINT('',#2082);
#985=VERTEX_POINT('',#2084);
#986=VERTEX_POINT('',#2086);
#987=VERTEX_POINT('',#2088);
#988=VERTEX_POINT('',#2090);
#989=VERTEX_POINT('',#2092);
#990=VERTEX_POINT('',#2096);
#991=VERTEX_POINT('',#2097);
#992=VERTEX_POINT('',#2099);
#993=VERTEX_POINT('',#2101);
#994=VERTEX_POINT('',#2105);
#995=VERTEX_POINT('',#2107);
#996=VERTEX_POINT('',#2111);
#997=VERTEX_POINT('',#2112);
#998=VERTEX_POINT('',#2114);
#999=VERTEX_POINT('',#2116);
#1000=VERTEX_POINT('',#2120);
#1001=VERTEX_POINT('',#2122);
#1002=VERTEX_POINT('',#2129);
#1003=VERTEX_POINT('',#2131);
#1004=VERTEX_POINT('',#2134);
#1005=VERTEX_POINT('',#2136);
#1006=VERTEX_POINT('',#2139);
#1007=VERTEX_POINT('',#2141);
#1008=VERTEX_POINT('',#2144);
#1009=VERTEX_POINT('',#2146);
#1010=VERTEX_POINT('',#2149);
#1011=VERTEX_POINT('',#2150);
#1012=VERTEX_POINT('',#2152);
#1013=VERTEX_POINT('',#2154);
#1014=VERTEX_POINT('',#2156);
#1015=VERTEX_POINT('',#2158);
#1016=VERTEX_POINT('',#2160);
#1017=VERTEX_POINT('',#2162);
#1018=VERTEX_POINT('',#2164);
#1019=VERTEX_POINT('',#2166);
#1020=VERTEX_POINT('',#2168);
#1021=VERTEX_POINT('',#2170);
#1022=VERTEX_POINT('',#2174);
#1023=VERTEX_POINT('',#2175);
#1024=VERTEX_POINT('',#2177);
#1025=VERTEX_POINT('',#2179);
#1026=VERTEX_POINT('',#2181);
#1027=VERTEX_POINT('',#2183);
#1028=VERTEX_POINT('',#2185);
#1029=VERTEX_POINT('',#2187);
#1030=VERTEX_POINT('',#2189);
#1031=VERTEX_POINT('',#2191);
#1032=VERTEX_POINT('',#2193);
#1033=VERTEX_POINT('',#2195);
#1034=VERTEX_POINT('',#2199);
#1035=VERTEX_POINT('',#2201);
#1036=VERTEX_POINT('',#2205);
#1037=VERTEX_POINT('',#2207);
#1038=VERTEX_POINT('',#2209);
#1039=VERTEX_POINT('',#2211);
#1040=VERTEX_POINT('',#2214);
#1041=VERTEX_POINT('',#2217);
#1042=VERTEX_POINT('',#2220);
#1043=VERTEX_POINT('',#2223);
#1044=VERTEX_POINT('',#2246);
#1045=VERTEX_POINT('',#2266);
#1046=VERTEX_POINT('',#2289);
#1047=VERTEX_POINT('',#2293);
#1048=VERTEX_POINT('',#2316);
#1049=VERTEX_POINT('',#2317);
#1050=VERTEX_POINT('',#2359);
#1051=VERTEX_POINT('',#2361);
#1052=VERTEX_POINT('',#2402);
#1053=VERTEX_POINT('',#2403);
#1054=VERTEX_POINT('',#2405);
#1055=VERTEX_POINT('',#2407);
#1056=VERTEX_POINT('',#2419);
#1057=VERTEX_POINT('',#2420);
#1058=VERTEX_POINT('',#2422);
#1059=VERTEX_POINT('',#2424);
#1060=VERTEX_POINT('',#2436);
#1061=VERTEX_POINT('',#2437);
#1062=VERTEX_POINT('',#2439);
#1063=VERTEX_POINT('',#2441);
#1064=VERTEX_POINT('',#2443);
#1065=VERTEX_POINT('',#2445);
#1066=VERTEX_POINT('',#2447);
#1067=VERTEX_POINT('',#2449);
#1068=VERTEX_POINT('',#2454);
#1069=VERTEX_POINT('',#2456);
#1070=VERTEX_POINT('',#2459);
#1071=VERTEX_POINT('',#2461);
#1072=VERTEX_POINT('',#2464);
#1073=VERTEX_POINT('',#2467);
#1074=VERTEX_POINT('',#2469);
#1075=VERTEX_POINT('',#2472);
#1076=VERTEX_POINT('',#2479);
#1077=VERTEX_POINT('',#2481);
#1078=VERTEX_POINT('',#2486);
#1079=VERTEX_POINT('',#2488);
#1080=EDGE_CURVE('',#954,#955,#1262,.T.);
#1081=EDGE_CURVE('',#954,#956,#496,.T.);
#1082=EDGE_CURVE('',#957,#956,#1263,.T.);
#1083=EDGE_CURVE('',#958,#957,#497,.T.);
#1084=EDGE_CURVE('',#959,#958,#1264,.T.);
#1085=EDGE_CURVE('',#959,#960,#498,.T.);
#1086=EDGE_CURVE('',#960,#961,#1265,.T.);
#1087=EDGE_CURVE('',#961,#962,#499,.T.);
#1088=EDGE_CURVE('',#963,#962,#1266,.T.);
#1089=EDGE_CURVE('',#964,#963,#500,.T.);
#1090=EDGE_CURVE('',#965,#964,#1267,.T.);
#1091=EDGE_CURVE('',#965,#966,#501,.T.);
#1092=EDGE_CURVE('',#967,#966,#1268,.T.);
#1093=EDGE_CURVE('',#968,#967,#502,.T.);
#1094=EDGE_CURVE('',#969,#968,#1269,.T.);
#1095=EDGE_CURVE('',#969,#970,#503,.T.);
#1096=EDGE_CURVE('',#970,#971,#1270,.T.);
#1097=EDGE_CURVE('',#971,#972,#504,.T.);
#1098=EDGE_CURVE('',#973,#972,#1271,.T.);
#1099=EDGE_CURVE('',#955,#973,#505,.T.);
#1100=EDGE_CURVE('',#974,#975,#506,.T.);
#1101=EDGE_CURVE('',#975,#976,#1272,.T.);
#1102=EDGE_CURVE('',#976,#977,#507,.T.);
#1103=EDGE_CURVE('',#977,#974,#1273,.T.);
#1104=EDGE_CURVE('',#978,#979,#508,.T.);
#1105=EDGE_CURVE('',#979,#980,#1274,.T.);
#1106=EDGE_CURVE('',#980,#981,#509,.T.);
#1107=EDGE_CURVE('',#981,#978,#1275,.T.);
#1108=EDGE_CURVE('',#982,#983,#1276,.T.);
#1109=EDGE_CURVE('',#983,#984,#510,.T.);
#1110=EDGE_CURVE('',#984,#985,#511,.T.);
#1111=EDGE_CURVE('',#985,#986,#512,.T.);
#1112=EDGE_CURVE('',#986,#987,#1277,.T.);
#1113=EDGE_CURVE('',#987,#988,#513,.T.);
#1114=EDGE_CURVE('',#988,#989,#514,.T.);
#1115=EDGE_CURVE('',#989,#982,#515,.T.);
#1116=EDGE_CURVE('',#990,#991,#516,.T.);
#1117=EDGE_CURVE('',#991,#992,#1278,.T.);
#1118=EDGE_CURVE('',#993,#992,#517,.T.);
#1119=EDGE_CURVE('',#993,#990,#1279,.T.);
#1120=EDGE_CURVE('',#984,#994,#1280,.T.);
#1121=EDGE_CURVE('',#994,#995,#518,.T.);
#1122=EDGE_CURVE('',#995,#985,#1281,.T.);
#1123=EDGE_CURVE('',#996,#997,#519,.T.);
#1124=EDGE_CURVE('',#996,#998,#1282,.T.);
#1125=EDGE_CURVE('',#998,#999,#520,.T.);
#1126=EDGE_CURVE('',#999,#997,#1283,.T.);
#1127=EDGE_CURVE('',#988,#1000,#1284,.T.);
#1128=EDGE_CURVE('',#1000,#1001,#521,.T.);
#1129=EDGE_CURVE('',#1001,#989,#1285,.T.);
#1130=EDGE_CURVE('',#992,#996,#1286,.T.);
#1131=EDGE_CURVE('',#997,#993,#1287,.T.);
#1132=EDGE_CURVE('',#1002,#1002,#522,.T.);
#1133=EDGE_CURVE('',#1003,#1003,#523,.T.);
#1134=EDGE_CURVE('',#1004,#1004,#524,.T.);
#1135=EDGE_CURVE('',#1005,#1005,#525,.T.);
#1136=EDGE_CURVE('',#1006,#1006,#526,.T.);
#1137=EDGE_CURVE('',#1007,#1007,#527,.T.);
#1138=EDGE_CURVE('',#1008,#1008,#528,.T.);
#1139=EDGE_CURVE('',#1009,#1009,#529,.T.);
#1140=EDGE_CURVE('',#1010,#1011,#1288,.T.);
#1141=EDGE_CURVE('',#1011,#1012,#530,.T.);
#1142=EDGE_CURVE('',#1013,#1012,#1289,.T.);
#1143=EDGE_CURVE('',#1014,#1013,#531,.T.);
#1144=EDGE_CURVE('',#1014,#1015,#1290,.T.);
#1145=EDGE_CURVE('',#1015,#1016,#532,.T.);
#1146=EDGE_CURVE('',#1016,#1017,#1291,.T.);
#1147=EDGE_CURVE('',#1018,#1017,#533,.T.);
#1148=EDGE_CURVE('',#1019,#1018,#1292,.T.);
#1149=EDGE_CURVE('',#1019,#1020,#534,.T.);
#1150=EDGE_CURVE('',#1021,#1020,#1293,.T.);
#1151=EDGE_CURVE('',#1010,#1021,#535,.T.);
#1152=EDGE_CURVE('',#1022,#1023,#1294,.T.);
#1153=EDGE_CURVE('',#1023,#1024,#536,.T.);
#1154=EDGE_CURVE('',#1024,#1025,#1295,.T.);
#1155=EDGE_CURVE('',#1026,#1025,#537,.T.);
#1156=EDGE_CURVE('',#1027,#1026,#1296,.T.);
#1157=EDGE_CURVE('',#1027,#1028,#538,.T.);
#1158=EDGE_CURVE('',#1029,#1028,#1297,.T.);
#1159=EDGE_CURVE('',#1030,#1029,#539,.T.);
#1160=EDGE_CURVE('',#1030,#1031,#1298,.T.);
#1161=EDGE_CURVE('',#1031,#1032,#540,.T.);
#1162=EDGE_CURVE('',#1033,#1032,#1299,.T.);
#1163=EDGE_CURVE('',#1022,#1033,#541,.T.);
#1164=EDGE_CURVE('',#1034,#1034,#542,.T.);
#1165=EDGE_CURVE('',#1035,#1035,#543,.T.);
#1166=EDGE_CURVE('',#1025,#1018,#1300,.T.);
#1167=EDGE_CURVE('',#1017,#1026,#1301,.T.);
#1168=EDGE_CURVE('',#1036,#1036,#544,.T.);
#1169=EDGE_CURVE('',#1037,#1037,#545,.T.);
#1170=EDGE_CURVE('',#1038,#1038,#546,.T.);
#1171=EDGE_CURVE('',#1039,#1039,#547,.T.);
#1172=EDGE_CURVE('',#1040,#1040,#548,.T.);
#1173=EDGE_CURVE('',#1041,#1041,#549,.T.);
#1174=EDGE_CURVE('',#1042,#1042,#550,.T.);
#1175=EDGE_CURVE('',#1043,#1043,#551,.T.);
#1176=EDGE_CURVE('',#1016,#1027,#1302,.T.);
#1177=EDGE_CURVE('',#1024,#1019,#1303,.T.);
#1178=EDGE_CURVE('',#962,#1023,#110,.T.);
#1179=EDGE_CURVE('',#1022,#1044,#1304,.T.);
#1180=EDGE_CURVE('',#963,#1044,#1305,.T.);
#1181=EDGE_CURVE('',#1032,#965,#111,.T.);
#1182=EDGE_CURVE('',#964,#1045,#1306,.T.);
#1183=EDGE_CURVE('',#1045,#1033,#1307,.T.);
#1184=EDGE_CURVE('',#1044,#1045,#552,.T.);
#1185=EDGE_CURVE('',#1028,#969,#112,.T.);
#1186=EDGE_CURVE('',#968,#1046,#1308,.T.);
#1187=EDGE_CURVE('',#1046,#1029,#1309,.T.);
#1188=EDGE_CURVE('',#967,#1047,#1310,.T.);
#1189=EDGE_CURVE('',#1047,#1046,#553,.T.);
#1190=EDGE_CURVE('',#966,#1031,#113,.T.);
#1191=EDGE_CURVE('',#1030,#1047,#1311,.T.);
#1192=EDGE_CURVE('',#1048,#1049,#554,.T.);
#1193=EDGE_CURVE('',#1014,#1048,#1312,.T.);
#1194=EDGE_CURVE('',#1049,#1013,#1313,.T.);
#1195=EDGE_CURVE('',#973,#1048,#1314,.T.);
#1196=EDGE_CURVE('',#955,#1049,#1315,.T.);
#1197=EDGE_CURVE('',#972,#1015,#114,.T.);
#1198=EDGE_CURVE('',#1012,#954,#115,.T.);
#1199=EDGE_CURVE('',#1010,#1050,#1316,.T.);
#1200=EDGE_CURVE('',#1051,#1021,#1317,.T.);
#1201=EDGE_CURVE('',#1050,#1051,#555,.T.);
#1202=EDGE_CURVE('',#956,#1011,#116,.T.);
#1203=EDGE_CURVE('',#957,#1050,#1318,.T.);
#1204=EDGE_CURVE('',#1020,#959,#117,.T.);
#1205=EDGE_CURVE('',#958,#1051,#1319,.T.);
#1206=EDGE_CURVE('',#1052,#1053,#556,.T.);
#1207=EDGE_CURVE('',#1053,#1054,#1320,.T.);
#1208=EDGE_CURVE('',#1054,#1055,#557,.T.);
#1209=EDGE_CURVE('',#1055,#1052,#1321,.T.);
#1210=EDGE_CURVE('',#978,#1053,#1322,.T.);
#1211=EDGE_CURVE('',#979,#1052,#1323,.T.);
#1212=EDGE_CURVE('',#980,#1055,#1324,.T.);
#1213=EDGE_CURVE('',#981,#1054,#1325,.T.);
#1214=EDGE_CURVE('',#1056,#1057,#558,.T.);
#1215=EDGE_CURVE('',#1057,#1058,#1326,.T.);
#1216=EDGE_CURVE('',#1058,#1059,#559,.T.);
#1217=EDGE_CURVE('',#1059,#1056,#1327,.T.);
#1218=EDGE_CURVE('',#974,#1057,#1328,.T.);
#1219=EDGE_CURVE('',#975,#1056,#1329,.T.);
#1220=EDGE_CURVE('',#976,#1059,#1330,.T.);
#1221=EDGE_CURVE('',#977,#1058,#1331,.T.);
#1222=EDGE_CURVE('',#1060,#1061,#560,.T.);
#1223=EDGE_CURVE('',#1061,#1062,#561,.T.);
#1224=EDGE_CURVE('',#1062,#1063,#1332,.T.);
#1225=EDGE_CURVE('',#1063,#1064,#562,.T.);
#1226=EDGE_CURVE('',#1064,#1065,#563,.T.);
#1227=EDGE_CURVE('',#1065,#1066,#564,.T.);
#1228=EDGE_CURVE('',#1066,#1067,#1333,.T.);
#1229=EDGE_CURVE('',#1067,#1060,#565,.T.);
#1230=EDGE_CURVE('',#998,#991,#1334,.T.);
#1231=EDGE_CURVE('',#999,#990,#1335,.T.);
#1232=EDGE_CURVE('',#1068,#1068,#566,.T.);
#1233=EDGE_CURVE('',#1069,#1069,#567,.T.);
#1234=EDGE_CURVE('',#1070,#1070,#568,.T.);
#1235=EDGE_CURVE('',#1071,#1071,#569,.T.);
#1236=EDGE_CURVE('',#1072,#1072,#570,.T.);
#1237=EDGE_CURVE('',#1073,#1073,#571,.T.);
#1238=EDGE_CURVE('',#1074,#1074,#572,.T.);
#1239=EDGE_CURVE('',#1075,#1075,#573,.T.);
#1240=EDGE_CURVE('',#986,#1076,#1336,.T.);
#1241=EDGE_CURVE('',#1076,#1077,#1337,.T.);
#1242=EDGE_CURVE('',#1077,#987,#1338,.T.);
#1243=EDGE_CURVE('',#982,#1078,#1339,.T.);
#1244=EDGE_CURVE('',#1078,#1079,#1340,.T.);
#1245=EDGE_CURVE('',#1079,#983,#1341,.T.);
#1246=EDGE_CURVE('',#1024,#961,#574,.T.);
#1247=EDGE_CURVE('',#1019,#960,#575,.T.);
#1248=EDGE_CURVE('',#970,#1027,#576,.T.);
#1249=EDGE_CURVE('',#971,#1016,#577,.T.);
#1250=EDGE_CURVE('',#1079,#994,#578,.T.);
#1251=EDGE_CURVE('',#1001,#1078,#579,.T.);
#1252=EDGE_CURVE('',#995,#1076,#580,.T.);
#1253=EDGE_CURVE('',#1077,#1000,#581,.T.);
#1254=EDGE_CURVE('',#994,#1065,#582,.T.);
#1255=EDGE_CURVE('',#1066,#1079,#583,.T.);
#1256=EDGE_CURVE('',#1067,#1078,#584,.T.);
#1257=EDGE_CURVE('',#995,#1064,#585,.T.);
#1258=EDGE_CURVE('',#1060,#1001,#586,.T.);
#1259=EDGE_CURVE('',#1076,#1063,#587,.T.);
#1260=EDGE_CURVE('',#1061,#1000,#588,.T.);
#1261=EDGE_CURVE('',#1077,#1062,#589,.T.);
#1262=LINE('',#2022,#1342);
#1263=LINE('',#2027,#1343);
#1264=LINE('',#2031,#1344);
#1265=LINE('',#2035,#1345);
#1266=LINE('',#2039,#1346);
#1267=LINE('',#2043,#1347);
#1268=LINE('',#2047,#1348);
#1269=LINE('',#2051,#1349);
#1270=LINE('',#2055,#1350);
#1271=LINE('',#2059,#1351);
#1272=LINE('',#2065,#1352);
#1273=LINE('',#2069,#1353);
#1274=LINE('',#2073,#1354);
#1275=LINE('',#2077,#1355);
#1276=LINE('',#2078,#1356);
#1277=LINE('',#2087,#1357);
#1278=LINE('',#2098,#1358);
#1279=LINE('',#2102,#1359);
#1280=LINE('',#2104,#1360);
#1281=LINE('',#2108,#1361);
#1282=LINE('',#2113,#1362);
#1283=LINE('',#2117,#1363);
#1284=LINE('',#2119,#1364);
#1285=LINE('',#2123,#1365);
#1286=LINE('',#2125,#1366);
#1287=LINE('',#2126,#1367);
#1288=LINE('',#2148,#1368);
#1289=LINE('',#2153,#1369);
#1290=LINE('',#2157,#1370);
#1291=LINE('',#2161,#1371);
#1292=LINE('',#2165,#1372);
#1293=LINE('',#2169,#1373);
#1294=LINE('',#2173,#1374);
#1295=LINE('',#2178,#1375);
#1296=LINE('',#2182,#1376);
#1297=LINE('',#2186,#1377);
#1298=LINE('',#2190,#1378);
#1299=LINE('',#2194,#1379);
#1300=LINE('',#2202,#1380);
#1301=LINE('',#2203,#1381);
#1302=LINE('',#2225,#1382);
#1303=LINE('',#2227,#1383);
#1304=LINE('',#2245,#1384);
#1305=LINE('',#2247,#1385);
#1306=LINE('',#2265,#1386);
#1307=LINE('',#2267,#1387);
#1308=LINE('',#2288,#1388);
#1309=LINE('',#2290,#1389);
#1310=LINE('',#2292,#1390);
#1311=LINE('',#2312,#1391);
#1312=LINE('',#2318,#1392);
#1313=LINE('',#2319,#1393);
#1314=LINE('',#2321,#1394);
#1315=LINE('',#2322,#1395);
#1316=LINE('',#2358,#1396);
#1317=LINE('',#2360,#1397);
#1318=LINE('',#2380,#1398);
#1319=LINE('',#2398,#1399);
#1320=LINE('',#2404,#1400);
#1321=LINE('',#2408,#1401);
#1322=LINE('',#2410,#1402);
#1323=LINE('',#2411,#1403);
#1324=LINE('',#2413,#1404);
#1325=LINE('',#2415,#1405);
#1326=LINE('',#2421,#1406);
#1327=LINE('',#2425,#1407);
#1328=LINE('',#2427,#1408);
#1329=LINE('',#2428,#1409);
#1330=LINE('',#2430,#1410);
#1331=LINE('',#2432,#1411);
#1332=LINE('',#2440,#1412);
#1333=LINE('',#2448,#1413);
#1334=LINE('',#2451,#1414);
#1335=LINE('',#2452,#1415);
#1336=LINE('',#2478,#1416);
#1337=LINE('',#2480,#1417);
#1338=LINE('',#2482,#1418);
#1339=LINE('',#2485,#1419);
#1340=LINE('',#2487,#1420);
#1341=LINE('',#2489,#1421);
#1342=VECTOR('',#1597,1.);
#1343=VECTOR('',#1600,1.);
#1344=VECTOR('',#1603,1.);
#1345=VECTOR('',#1606,1.);
#1346=VECTOR('',#1609,1.);
#1347=VECTOR('',#1612,1.);
#1348=VECTOR('',#1615,1.);
#1349=VECTOR('',#1618,1.);
#1350=VECTOR('',#1621,1.);
#1351=VECTOR('',#1624,1.);
#1352=VECTOR('',#1629,1.);
#1353=VECTOR('',#1632,1.);
#1354=VECTOR('',#1635,1.);
#1355=VECTOR('',#1638,1.);
#1356=VECTOR('',#1639,1.);
#1357=VECTOR('',#1646,1.);
#1358=VECTOR('',#1657,1.);
#1359=VECTOR('',#1660,1.);
#1360=VECTOR('',#1663,1.);
#1361=VECTOR('',#1666,1.);
#1362=VECTOR('',#1671,1.);
#1363=VECTOR('',#1674,1.);
#1364=VECTOR('',#1677,1.);
#1365=VECTOR('',#1680,1.);
#1366=VECTOR('',#1683,1.);
#1367=VECTOR('',#1684,1.);
#1368=VECTOR('',#1711,1.);
#1369=VECTOR('',#1714,1.);
#1370=VECTOR('',#1717,1.);
#1371=VECTOR('',#1720,1.);
#1372=VECTOR('',#1723,1.);
#1373=VECTOR('',#1726,1.);
#1374=VECTOR('',#1731,1.);
#1375=VECTOR('',#1734,1.);
#1376=VECTOR('',#1737,1.);
#1377=VECTOR('',#1740,1.);
#1378=VECTOR('',#1743,1.);
#1379=VECTOR('',#1746,1.);
#1380=VECTOR('',#1755,1.);
#1381=VECTOR('',#1756,1.);
#1382=VECTOR('',#1783,1.);
#1383=VECTOR('',#1786,1.);
#1384=VECTOR('',#1789,1.);
#1385=VECTOR('',#1790,1.);
#1386=VECTOR('',#1793,1.);
#1387=VECTOR('',#1794,1.);
#1388=VECTOR('',#1803,1.);
#1389=VECTOR('',#1804,1.);
#1390=VECTOR('',#1807,1.);
#1391=VECTOR('',#1812,1.);
#1392=VECTOR('',#1819,1.);
#1393=VECTOR('',#1820,1.);
#1394=VECTOR('',#1823,1.);
#1395=VECTOR('',#1824,1.);
#1396=VECTOR('',#1831,1.);
#1397=VECTOR('',#1832,1.);
#1398=VECTOR('',#1837,1.);
#1399=VECTOR('',#1840,1.);
#1400=VECTOR('',#1847,1.);
#1401=VECTOR('',#1850,1.);
#1402=VECTOR('',#1853,1.);
#1403=VECTOR('',#1854,1.);
#1404=VECTOR('',#1857,1.);
#1405=VECTOR('',#1860,1.);
#1406=VECTOR('',#1867,1.);
#1407=VECTOR('',#1870,1.);
#1408=VECTOR('',#1873,1.);
#1409=VECTOR('',#1874,1.);
#1410=VECTOR('',#1877,1.);
#1411=VECTOR('',#1880,1.);
#1412=VECTOR('',#1889,1.);
#1413=VECTOR('',#1896,1.);
#1414=VECTOR('',#1899,1.);
#1415=VECTOR('',#1900,1.);
#1416=VECTOR('',#1935,1.);
#1417=VECTOR('',#1936,1.);
#1418=VECTOR('',#1937,1.);
#1419=VECTOR('',#1942,1.);
#1420=VECTOR('',#1943,1.);
#1421=VECTOR('',#1944,1.);
#1422=AXIS2_PLACEMENT_3D('',#2021,#1595,#1596);
#1423=AXIS2_PLACEMENT_3D('',#2025,#1598,#1599);
#1424=AXIS2_PLACEMENT_3D('',#2029,#1601,#1602);
#1425=AXIS2_PLACEMENT_3D('',#2033,#1604,#1605);
#1426=AXIS2_PLACEMENT_3D('',#2037,#1607,#1608);
#1427=AXIS2_PLACEMENT_3D('',#2041,#1610,#1611);
#1428=AXIS2_PLACEMENT_3D('',#2045,#1613,#1614);
#1429=AXIS2_PLACEMENT_3D('',#2049,#1616,#1617);
#1430=AXIS2_PLACEMENT_3D('',#2053,#1619,#1620);
#1431=AXIS2_PLACEMENT_3D('',#2057,#1622,#1623);
#1432=AXIS2_PLACEMENT_3D('',#2061,#1625,#1626);
#1433=AXIS2_PLACEMENT_3D('',#2062,#1627,#1628);
#1434=AXIS2_PLACEMENT_3D('',#2067,#1630,#1631);
#1435=AXIS2_PLACEMENT_3D('',#2070,#1633,#1634);
#1436=AXIS2_PLACEMENT_3D('',#2075,#1636,#1637);
#1437=AXIS2_PLACEMENT_3D('',#2081,#1640,#1641);
#1438=AXIS2_PLACEMENT_3D('',#2083,#1642,#1643);
#1439=AXIS2_PLACEMENT_3D('',#2085,#1644,#1645);
#1440=AXIS2_PLACEMENT_3D('',#2089,#1647,#1648);
#1441=AXIS2_PLACEMENT_3D('',#2091,#1649,#1650);
#1442=AXIS2_PLACEMENT_3D('',#2093,#1651,#1652);
#1443=AXIS2_PLACEMENT_3D('',#2094,#1653,#1654);
#1444=AXIS2_PLACEMENT_3D('',#2095,#1655,#1656);
#1445=AXIS2_PLACEMENT_3D('',#2100,#1658,#1659);
#1446=AXIS2_PLACEMENT_3D('',#2103,#1661,#1662);
#1447=AXIS2_PLACEMENT_3D('',#2106,#1664,#1665);
#1448=AXIS2_PLACEMENT_3D('',#2109,#1667,#1668);
#1449=AXIS2_PLACEMENT_3D('',#2110,#1669,#1670);
#1450=AXIS2_PLACEMENT_3D('',#2115,#1672,#1673);
#1451=AXIS2_PLACEMENT_3D('',#2118,#1675,#1676);
#1452=AXIS2_PLACEMENT_3D('',#2121,#1678,#1679);
#1453=AXIS2_PLACEMENT_3D('',#2124,#1681,#1682);
#1454=AXIS2_PLACEMENT_3D('',#2127,#1685,#1686);
#1455=AXIS2_PLACEMENT_3D('',#2128,#1687,#1688);
#1456=AXIS2_PLACEMENT_3D('',#2130,#1689,#1690);
#1457=AXIS2_PLACEMENT_3D('',#2132,#1691,#1692);
#1458=AXIS2_PLACEMENT_3D('',#2133,#1693,#1694);
#1459=AXIS2_PLACEMENT_3D('',#2135,#1695,#1696);
#1460=AXIS2_PLACEMENT_3D('',#2137,#1697,#1698);
#1461=AXIS2_PLACEMENT_3D('',#2138,#1699,#1700);
#1462=AXIS2_PLACEMENT_3D('',#2140,#1701,#1702);
#1463=AXIS2_PLACEMENT_3D('',#2142,#1703,#1704);
#1464=AXIS2_PLACEMENT_3D('',#2143,#1705,#1706);
#1465=AXIS2_PLACEMENT_3D('',#2145,#1707,#1708);
#1466=AXIS2_PLACEMENT_3D('',#2147,#1709,#1710);
#1467=AXIS2_PLACEMENT_3D('',#2151,#1712,#1713);
#1468=AXIS2_PLACEMENT_3D('',#2155,#1715,#1716);
#1469=AXIS2_PLACEMENT_3D('',#2159,#1718,#1719);
#1470=AXIS2_PLACEMENT_3D('',#2163,#1721,#1722);
#1471=AXIS2_PLACEMENT_3D('',#2167,#1724,#1725);
#1472=AXIS2_PLACEMENT_3D('',#2171,#1727,#1728);
#1473=AXIS2_PLACEMENT_3D('',#2172,#1729,#1730);
#1474=AXIS2_PLACEMENT_3D('',#2176,#1732,#1733);
#1475=AXIS2_PLACEMENT_3D('',#2180,#1735,#1736);
#1476=AXIS2_PLACEMENT_3D('',#2184,#1738,#1739);
#1477=AXIS2_PLACEMENT_3D('',#2188,#1741,#1742);
#1478=AXIS2_PLACEMENT_3D('',#2192,#1744,#1745);
#1479=AXIS2_PLACEMENT_3D('',#2196,#1747,#1748);
#1480=AXIS2_PLACEMENT_3D('',#2197,#1749,#1750);
#1481=AXIS2_PLACEMENT_3D('',#2198,#1751,#1752);
#1482=AXIS2_PLACEMENT_3D('',#2200,#1753,#1754);
#1483=AXIS2_PLACEMENT_3D('',#2204,#1757,#1758);
#1484=AXIS2_PLACEMENT_3D('',#2206,#1759,#1760);
#1485=AXIS2_PLACEMENT_3D('',#2208,#1761,#1762);
#1486=AXIS2_PLACEMENT_3D('',#2210,#1763,#1764);
#1487=AXIS2_PLACEMENT_3D('',#2212,#1765,#1766);
#1488=AXIS2_PLACEMENT_3D('',#2213,#1767,#1768);
#1489=AXIS2_PLACEMENT_3D('',#2215,#1769,#1770);
#1490=AXIS2_PLACEMENT_3D('',#2216,#1771,#1772);
#1491=AXIS2_PLACEMENT_3D('',#2218,#1773,#1774);
#1492=AXIS2_PLACEMENT_3D('',#2219,#1775,#1776);
#1493=AXIS2_PLACEMENT_3D('',#2221,#1777,#1778);
#1494=AXIS2_PLACEMENT_3D('',#2222,#1779,#1780);
#1495=AXIS2_PLACEMENT_3D('',#2224,#1781,#1782);
#1496=AXIS2_PLACEMENT_3D('',#2226,#1784,#1785);
#1497=AXIS2_PLACEMENT_3D('',#2228,#1787,#1788);
#1498=AXIS2_PLACEMENT_3D('',#2248,#1791,#1792);
#1499=AXIS2_PLACEMENT_3D('',#2268,#1795,#1796);
#1500=AXIS2_PLACEMENT_3D('',#2269,#1797,#1798);
#1501=AXIS2_PLACEMENT_3D('',#2270,#1799,#1800);
#1502=AXIS2_PLACEMENT_3D('',#2271,#1801,#1802);
#1503=AXIS2_PLACEMENT_3D('',#2291,#1805,#1806);
#1504=AXIS2_PLACEMENT_3D('',#2294,#1808,#1809);
#1505=AXIS2_PLACEMENT_3D('',#2295,#1810,#1811);
#1506=AXIS2_PLACEMENT_3D('',#2313,#1813,#1814);
#1507=AXIS2_PLACEMENT_3D('',#2314,#1815,#1816);
#1508=AXIS2_PLACEMENT_3D('',#2315,#1817,#1818);
#1509=AXIS2_PLACEMENT_3D('',#2320,#1821,#1822);
#1510=AXIS2_PLACEMENT_3D('',#2323,#1825,#1826);
#1511=AXIS2_PLACEMENT_3D('',#2340,#1827,#1828);
#1512=AXIS2_PLACEMENT_3D('',#2357,#1829,#1830);
#1513=AXIS2_PLACEMENT_3D('',#2362,#1833,#1834);
#1514=AXIS2_PLACEMENT_3D('',#2363,#1835,#1836);
#1515=AXIS2_PLACEMENT_3D('',#2381,#1838,#1839);
#1516=AXIS2_PLACEMENT_3D('',#2399,#1841,#1842);
#1517=AXIS2_PLACEMENT_3D('',#2400,#1843,#1844);
#1518=AXIS2_PLACEMENT_3D('',#2401,#1845,#1846);
#1519=AXIS2_PLACEMENT_3D('',#2406,#1848,#1849);
#1520=AXIS2_PLACEMENT_3D('',#2409,#1851,#1852);
#1521=AXIS2_PLACEMENT_3D('',#2412,#1855,#1856);
#1522=AXIS2_PLACEMENT_3D('',#2414,#1858,#1859);
#1523=AXIS2_PLACEMENT_3D('',#2416,#1861,#1862);
#1524=AXIS2_PLACEMENT_3D('',#2417,#1863,#1864);
#1525=AXIS2_PLACEMENT_3D('',#2418,#1865,#1866);
#1526=AXIS2_PLACEMENT_3D('',#2423,#1868,#1869);
#1527=AXIS2_PLACEMENT_3D('',#2426,#1871,#1872);
#1528=AXIS2_PLACEMENT_3D('',#2429,#1875,#1876);
#1529=AXIS2_PLACEMENT_3D('',#2431,#1878,#1879);
#1530=AXIS2_PLACEMENT_3D('',#2433,#1881,#1882);
#1531=AXIS2_PLACEMENT_3D('',#2434,#1883,#1884);
#1532=AXIS2_PLACEMENT_3D('',#2435,#1885,#1886);
#1533=AXIS2_PLACEMENT_3D('',#2438,#1887,#1888);
#1534=AXIS2_PLACEMENT_3D('',#2442,#1890,#1891);
#1535=AXIS2_PLACEMENT_3D('',#2444,#1892,#1893);
#1536=AXIS2_PLACEMENT_3D('',#2446,#1894,#1895);
#1537=AXIS2_PLACEMENT_3D('',#2450,#1897,#1898);
#1538=AXIS2_PLACEMENT_3D('',#2453,#1901,#1902);
#1539=AXIS2_PLACEMENT_3D('',#2455,#1903,#1904);
#1540=AXIS2_PLACEMENT_3D('',#2457,#1905,#1906);
#1541=AXIS2_PLACEMENT_3D('',#2458,#1907,#1908);
#1542=AXIS2_PLACEMENT_3D('',#2460,#1909,#1910);
#1543=AXIS2_PLACEMENT_3D('',#2462,#1911,#1912);
#1544=AXIS2_PLACEMENT_3D('',#2463,#1913,#1914);
#1545=AXIS2_PLACEMENT_3D('',#2465,#1915,#1916);
#1546=AXIS2_PLACEMENT_3D('',#2466,#1917,#1918);
#1547=AXIS2_PLACEMENT_3D('',#2468,#1919,#1920);
#1548=AXIS2_PLACEMENT_3D('',#2470,#1921,#1922);
#1549=AXIS2_PLACEMENT_3D('',#2471,#1923,#1924);
#1550=AXIS2_PLACEMENT_3D('',#2473,#1925,#1926);
#1551=AXIS2_PLACEMENT_3D('',#2474,#1927,#1928);
#1552=AXIS2_PLACEMENT_3D('',#2475,#1929,#1930);
#1553=AXIS2_PLACEMENT_3D('',#2476,#1931,#1932);
#1554=AXIS2_PLACEMENT_3D('',#2477,#1933,#1934);
#1555=AXIS2_PLACEMENT_3D('',#2483,#1938,#1939);
#1556=AXIS2_PLACEMENT_3D('',#2484,#1940,#1941);
#1557=AXIS2_PLACEMENT_3D('',#2490,#1945,#1946);
#1558=AXIS2_PLACEMENT_3D('',#2491,#1947,#1948);
#1559=AXIS2_PLACEMENT_3D('',#2492,#1949,#1950);
#1560=AXIS2_PLACEMENT_3D('',#2493,#1951,#1952);
#1561=AXIS2_PLACEMENT_3D('',#2494,#1953,#1954);
#1562=AXIS2_PLACEMENT_3D('',#2495,#1955,#1956);
#1563=AXIS2_PLACEMENT_3D('',#2496,#1957,#1958);
#1564=AXIS2_PLACEMENT_3D('',#2497,#1959,#1960);
#1565=AXIS2_PLACEMENT_3D('',#2498,#1961,#1962);
#1566=AXIS2_PLACEMENT_3D('',#2499,#1963,#1964);
#1567=AXIS2_PLACEMENT_3D('',#2500,#1965,#1966);
#1568=AXIS2_PLACEMENT_3D('',#2501,#1967,#1968);
#1569=AXIS2_PLACEMENT_3D('',#2502,#1969,#1970);
#1570=AXIS2_PLACEMENT_3D('',#2503,#1971,#1972);
#1571=AXIS2_PLACEMENT_3D('',#2504,#1973,#1974);
#1572=AXIS2_PLACEMENT_3D('',#2505,#1975,#1976);
#1573=AXIS2_PLACEMENT_3D('',#2506,#1977,#1978);
#1574=AXIS2_PLACEMENT_3D('',#2507,#1979,#1980);
#1575=AXIS2_PLACEMENT_3D('',#2508,#1981,#1982);
#1576=AXIS2_PLACEMENT_3D('',#2509,#1983,#1984);
#1577=AXIS2_PLACEMENT_3D('',#2510,#1985,#1986);
#1578=AXIS2_PLACEMENT_3D('',#2511,#1987,#1988);
#1579=AXIS2_PLACEMENT_3D('',#2512,#1989,#1990);
#1580=AXIS2_PLACEMENT_3D('',#2513,#1991,#1992);
#1581=AXIS2_PLACEMENT_3D('',#2514,#1993,#1994);
#1582=AXIS2_PLACEMENT_3D('',#2515,#1995,#1996);
#1583=AXIS2_PLACEMENT_3D('',#2516,#1997,#1998);
#1584=AXIS2_PLACEMENT_3D('',#2517,#1999,#2000);
#1585=AXIS2_PLACEMENT_3D('',#2518,#2001,#2002);
#1586=AXIS2_PLACEMENT_3D('',#2519,#2003,#2004);
#1587=AXIS2_PLACEMENT_3D('',#2520,#2005,#2006);
#1588=AXIS2_PLACEMENT_3D('',#2521,#2007,#2008);
#1589=AXIS2_PLACEMENT_3D('',#2522,#2009,#2010);
#1590=AXIS2_PLACEMENT_3D('',#2523,#2011,#2012);
#1591=AXIS2_PLACEMENT_3D('',#2524,#2013,#2014);
#1592=AXIS2_PLACEMENT_3D('',#2525,#2015,#2016);
#1593=AXIS2_PLACEMENT_3D('',#2526,#2017,#2018);
#1594=AXIS2_PLACEMENT_3D('',#2527,#2019,#2020);
#1595=DIRECTION('',(0.,0.,1.));
#1596=DIRECTION('',(1.,0.,0.));
#1597=DIRECTION('',(0.707106781183931,0.707106781189163,0.));
#1598=DIRECTION('',(0.,0.,-1.));
#1599=DIRECTION('',(1.,0.,0.));
#1600=DIRECTION('',(-0.707106781183931,0.707106781189163,0.));
#1601=DIRECTION('',(0.,0.,-1.));
#1602=DIRECTION('',(0.999999999999999,0.,0.));
#1603=DIRECTION('',(0.707106781183933,-0.707106781189162,0.));
#1604=DIRECTION('',(0.,0.,-1.));
#1605=DIRECTION('',(1.,0.,0.));
#1606=DIRECTION('',(1.,0.,0.));
#1607=DIRECTION('',(0.,0.,-1.));
#1608=DIRECTION('',(1.,0.,0.));
#1609=DIRECTION('',(0.707106781183933,0.707106781189162,0.));
#1610=DIRECTION('',(0.,0.,-1.));
#1611=DIRECTION('',(-0.999999999999999,0.,0.));
#1612=DIRECTION('',(-0.707106781183931,-0.707106781189163,0.));
#1613=DIRECTION('',(0.,0.,-1.));
#1614=DIRECTION('',(1.,0.,0.));
#1615=DIRECTION('',(0.707106781183931,-0.707106781189163,0.));
#1616=DIRECTION('',(0.,0.,-1.));
#1617=DIRECTION('',(-0.999999999999999,0.,0.));
#1618=DIRECTION('',(-0.707106781183933,0.707106781189162,0.));
#1619=DIRECTION('',(0.,0.,-1.));
#1620=DIRECTION('',(1.,0.,0.));
#1621=DIRECTION('',(-1.,0.,0.));
#1622=DIRECTION('',(0.,0.,-1.));
#1623=DIRECTION('',(1.,0.,0.));
#1624=DIRECTION('',(-0.707106781183933,-0.707106781189162,0.));
#1625=DIRECTION('',(0.,0.,-1.));
#1626=DIRECTION('',(0.999999999999999,0.,0.));
#1627=DIRECTION('',(0.,0.,1.));
#1628=DIRECTION('',(1.,0.,0.));
#1629=DIRECTION('',(1.,0.,0.));
#1630=DIRECTION('',(0.,0.,1.));
#1631=DIRECTION('',(1.,0.,0.));
#1632=DIRECTION('',(-1.,0.,0.));
#1633=DIRECTION('',(0.,0.,1.));
#1634=DIRECTION('',(1.,0.,0.));
#1635=DIRECTION('',(1.,0.,0.));
#1636=DIRECTION('',(0.,0.,1.));
#1637=DIRECTION('',(1.,0.,0.));
#1638=DIRECTION('',(-1.,0.,0.));
#1639=DIRECTION('',(-1.,0.,0.));
#1640=DIRECTION('',(0.,0.,-1.));
#1641=DIRECTION('',(1.,0.,0.));
#1642=DIRECTION('',(0.,0.,1.));
#1643=DIRECTION('',(1.,0.,0.));
#1644=DIRECTION('',(0.,0.,-1.));
#1645=DIRECTION('',(1.,0.,0.));
#1646=DIRECTION('',(1.,0.,0.));
#1647=DIRECTION('',(0.,0.,-1.));
#1648=DIRECTION('',(1.,0.,0.));
#1649=DIRECTION('',(0.,0.,1.));
#1650=DIRECTION('',(1.,0.,0.));
#1651=DIRECTION('',(0.,0.,-1.));
#1652=DIRECTION('',(1.,0.,0.));
#1653=DIRECTION('',(0.,0.,1.));
#1654=DIRECTION('',(1.,0.,0.));
#1655=DIRECTION('',(0.,0.,1.));
#1656=DIRECTION('',(-1.,1.22464679914735E-16,0.));
#1657=DIRECTION('',(0.,0.,1.));
#1658=DIRECTION('',(0.,0.,1.));
#1659=DIRECTION('',(1.,0.,0.));
#1660=DIRECTION('',(0.,0.,-1.));
#1661=DIRECTION('',(0.,0.,1.));
#1662=DIRECTION('',(1.,0.,0.));
#1663=DIRECTION('',(0.,0.,-1.));
#1664=DIRECTION('',(0.,0.,1.));
#1665=DIRECTION('',(1.,0.,0.));
#1666=DIRECTION('',(0.,0.,1.));
#1667=DIRECTION('',(0.,0.,1.));
#1668=DIRECTION('',(1.,0.,0.));
#1669=DIRECTION('',(0.,0.,1.));
#1670=DIRECTION('',(1.,0.,0.));
#1671=DIRECTION('',(0.,0.,-1.));
#1672=DIRECTION('',(0.,0.,1.));
#1673=DIRECTION('',(-1.,1.22464679914735E-16,0.));
#1674=DIRECTION('',(0.,0.,1.));
#1675=DIRECTION('',(0.,0.,1.));
#1676=DIRECTION('',(1.,0.,0.));
#1677=DIRECTION('',(0.,0.,-1.));
#1678=DIRECTION('',(0.,0.,1.));
#1679=DIRECTION('',(1.,0.,0.));
#1680=DIRECTION('',(0.,0.,1.));
#1681=DIRECTION('',(0.,0.,1.));
#1682=DIRECTION('',(1.,0.,0.));
#1683=DIRECTION('',(1.,0.,0.));
#1684=DIRECTION('',(-1.,0.,0.));
#1685=DIRECTION('',(0.,0.,1.));
#1686=DIRECTION('',(1.,0.,0.));
#1687=DIRECTION('',(0.,0.,1.));
#1688=DIRECTION('',(0.,-1.,0.));
#1689=DIRECTION('',(0.,0.,-1.));
#1690=DIRECTION('',(-0.999999999999999,0.,0.));
#1691=DIRECTION('',(0.,0.,-1.));
#1692=DIRECTION('',(-0.999999999999999,0.,0.));
#1693=DIRECTION('',(0.,0.,-1.));
#1694=DIRECTION('',(0.,-1.,0.));
#1695=DIRECTION('',(0.,0.,1.));
#1696=DIRECTION('',(-0.999999999999999,0.,0.));
#1697=DIRECTION('',(0.,0.,-1.));
#1698=DIRECTION('',(-0.999999999999999,0.,0.));
#1699=DIRECTION('',(0.,0.,-1.));
#1700=DIRECTION('',(0.999999999999999,0.,0.));
#1701=DIRECTION('',(0.,0.,1.));
#1702=DIRECTION('',(-0.999999999999999,0.,0.));
#1703=DIRECTION('',(0.,0.,-1.));
#1704=DIRECTION('',(-0.999999999999999,0.,0.));
#1705=DIRECTION('',(0.,0.,1.));
#1706=DIRECTION('',(-0.999999999999999,0.,0.));
#1707=DIRECTION('',(0.,0.,-1.));
#1708=DIRECTION('',(-0.999999999999999,0.,0.));
#1709=DIRECTION('',(0.,0.,-1.));
#1710=DIRECTION('',(-0.999999999999999,0.,0.));
#1711=DIRECTION('',(0.,0.,-1.));
#1712=DIRECTION('',(0.,0.,1.));
#1713=DIRECTION('',(1.,0.,0.));
#1714=DIRECTION('',(0.,0.,-1.));
#1715=DIRECTION('',(0.,0.,-1.));
#1716=DIRECTION('',(-1.,0.,0.));
#1717=DIRECTION('',(0.,0.,-1.));
#1718=DIRECTION('',(0.,0.,1.));
#1719=DIRECTION('',(1.,0.,0.));
#1720=DIRECTION('',(0.,0.,1.));
#1721=DIRECTION('',(0.,0.,1.));
#1722=DIRECTION('',(1.,0.,0.));
#1723=DIRECTION('',(0.,0.,1.));
#1724=DIRECTION('',(0.,0.,1.));
#1725=DIRECTION('',(1.,0.,0.));
#1726=DIRECTION('',(0.,0.,-1.));
#1727=DIRECTION('',(0.,0.,-1.));
#1728=DIRECTION('',(-1.,0.,0.));
#1729=DIRECTION('',(0.,0.,1.));
#1730=DIRECTION('',(1.,0.,0.));
#1731=DIRECTION('',(0.,0.,-1.));
#1732=DIRECTION('',(0.,0.,1.));
#1733=DIRECTION('',(1.,0.,0.));
#1734=DIRECTION('',(0.,0.,1.));
#1735=DIRECTION('',(0.,0.,1.));
#1736=DIRECTION('',(1.,0.,0.));
#1737=DIRECTION('',(0.,0.,1.));
#1738=DIRECTION('',(0.,0.,1.));
#1739=DIRECTION('',(1.,0.,0.));
#1740=DIRECTION('',(0.,0.,-1.));
#1741=DIRECTION('',(0.,0.,-1.));
#1742=DIRECTION('',(1.,1.22464679914735E-16,0.));
#1743=DIRECTION('',(0.,0.,-1.));
#1744=DIRECTION('',(0.,0.,1.));
#1745=DIRECTION('',(1.,0.,0.));
#1746=DIRECTION('',(0.,0.,-1.));
#1747=DIRECTION('',(0.,0.,-1.));
#1748=DIRECTION('',(1.,1.22464679914735E-16,0.));
#1749=DIRECTION('',(0.,0.,1.));
#1750=DIRECTION('',(1.,0.,0.));
#1751=DIRECTION('',(0.,0.,-1.));
#1752=DIRECTION('',(1.,0.,0.));
#1753=DIRECTION('',(0.,0.,-1.));
#1754=DIRECTION('',(1.,0.,0.));
#1755=DIRECTION('',(-1.,0.,0.));
#1756=DIRECTION('',(1.,0.,0.));
#1757=DIRECTION('',(0.,0.,1.));
#1758=DIRECTION('',(0.,1.,0.));
#1759=DIRECTION('',(0.,0.,1.));
#1760=DIRECTION('',(1.,0.,0.));
#1761=DIRECTION('',(0.,0.,-1.));
#1762=DIRECTION('',(-1.,0.,0.));
#1763=DIRECTION('',(0.,0.,-1.));
#1764=DIRECTION('',(0.,1.,0.));
#1765=DIRECTION('',(0.,0.,1.));
#1766=DIRECTION('',(1.,0.,0.));
#1767=DIRECTION('',(0.,0.,-1.));
#1768=DIRECTION('',(1.,0.,0.));
#1769=DIRECTION('',(0.,0.,-1.));
#1770=DIRECTION('',(-1.,0.,0.));
#1771=DIRECTION('',(0.,0.,1.));
#1772=DIRECTION('',(1.,0.,0.));
#1773=DIRECTION('',(0.,0.,-1.));
#1774=DIRECTION('',(-1.,0.,0.));
#1775=DIRECTION('',(0.,0.,1.));
#1776=DIRECTION('',(1.,0.,0.));
#1777=DIRECTION('',(0.,0.,-1.));
#1778=DIRECTION('',(-1.,0.,0.));
#1779=DIRECTION('',(0.,0.,-1.));
#1780=DIRECTION('',(1.,0.,0.));
#1781=DIRECTION('',(0.,0.,-1.));
#1782=DIRECTION('',(-1.,0.,0.));
#1783=DIRECTION('',(1.,0.,0.));
#1784=DIRECTION('',(0.,-1.,0.));
#1785=DIRECTION('',(0.,0.,-1.));
#1786=DIRECTION('',(-1.,0.,0.));
#1787=DIRECTION('',(0.,1.,0.));
#1788=DIRECTION('',(0.,0.,1.));
#1789=DIRECTION('',(-0.707106781183933,-0.707106781189162,0.));
#1790=DIRECTION('',(0.,0.,1.));
#1791=DIRECTION('',(-0.707106781189162,0.707106781183933,0.));
#1792=DIRECTION('',(-0.707106781183933,-0.707106781189162,0.));
#1793=DIRECTION('',(0.,0.,1.));
#1794=DIRECTION('',(0.707106781183931,0.707106781189163,0.));
#1795=DIRECTION('',(0.707106781189163,-0.707106781183932,0.));
#1796=DIRECTION('',(0.707106781183932,0.707106781189163,0.));
#1797=DIRECTION('',(0.,0.,1.));
#1798=DIRECTION('',(-0.999999999999999,0.,0.));
#1799=DIRECTION('',(0.,0.,-1.));
#1800=DIRECTION('',(-0.999999999999999,0.,0.));
#1801=DIRECTION('',(0.,0.,-1.));
#1802=DIRECTION('',(-1.,0.,0.));
#1803=DIRECTION('',(0.,0.,1.));
#1804=DIRECTION('',(0.707106781183933,-0.707106781189162,0.));
#1805=DIRECTION('',(-0.707106781189162,-0.707106781183933,0.));
#1806=DIRECTION('',(0.707106781183933,-0.707106781189162,0.));
#1807=DIRECTION('',(0.,0.,1.));
#1808=DIRECTION('',(0.,0.,1.));
#1809=DIRECTION('',(-0.999999999999999,0.,0.));
#1810=DIRECTION('',(0.,0.,-1.));
#1811=DIRECTION('',(-0.999999999999999,0.,0.));
#1812=DIRECTION('',(-0.707106781183931,0.707106781189163,0.));
#1813=DIRECTION('',(0.707106781189163,0.707106781183932,0.));
#1814=DIRECTION('',(-0.707106781183932,0.707106781189163,0.));
#1815=DIRECTION('',(0.,0.,-1.));
#1816=DIRECTION('',(-1.,0.,0.));
#1817=DIRECTION('',(0.,0.,1.));
#1818=DIRECTION('',(0.999999999999999,0.,0.));
#1819=DIRECTION('',(0.707106781183933,0.707106781189162,0.));
#1820=DIRECTION('',(-0.707106781183931,-0.707106781189163,0.));
#1821=DIRECTION('',(0.,0.,-1.));
#1822=DIRECTION('',(-1.,0.,0.));
#1823=DIRECTION('',(0.,0.,1.));
#1824=DIRECTION('',(0.,0.,1.));
#1825=DIRECTION('',(0.,0.,-1.));
#1826=DIRECTION('',(-0.999999999999999,0.,0.));
#1827=DIRECTION('',(0.707106781189162,-0.707106781183933,0.));
#1828=DIRECTION('',(0.707106781183933,0.707106781189162,0.));
#1829=DIRECTION('',(-0.707106781189163,0.707106781183932,0.));
#1830=DIRECTION('',(-0.707106781183932,-0.707106781189163,0.));
#1831=DIRECTION('',(0.707106781183931,-0.707106781189163,0.));
#1832=DIRECTION('',(-0.707106781183933,0.707106781189162,0.));
#1833=DIRECTION('',(0.,0.,1.));
#1834=DIRECTION('',(0.999999999999999,0.,0.));
#1835=DIRECTION('',(0.,0.,-1.));
#1836=DIRECTION('',(-1.,0.,0.));
#1837=DIRECTION('',(0.,0.,1.));
#1838=DIRECTION('',(-0.707106781189163,-0.707106781183932,0.));
#1839=DIRECTION('',(0.707106781183932,-0.707106781189163,0.));
#1840=DIRECTION('',(0.,0.,1.));
#1841=DIRECTION('',(0.707106781189162,0.707106781183933,0.));
#1842=DIRECTION('',(-0.707106781183933,0.707106781189162,0.));
#1843=DIRECTION('',(0.,0.,-1.));
#1844=DIRECTION('',(-0.999999999999999,0.,0.));
#1845=DIRECTION('',(0.,0.,-1.));
#1846=DIRECTION('',(1.,0.,0.));
#1847=DIRECTION('',(1.,0.,0.));
#1848=DIRECTION('',(0.,0.,-1.));
#1849=DIRECTION('',(1.,0.,0.));
#1850=DIRECTION('',(-1.,0.,0.));
#1851=DIRECTION('',(0.,0.,1.));
#1852=DIRECTION('',(1.,0.,0.));
#1853=DIRECTION('',(0.,0.,1.));
#1854=DIRECTION('',(0.,0.,1.));
#1855=DIRECTION('',(0.,0.,-1.));
#1856=DIRECTION('',(-1.,0.,0.));
#1857=DIRECTION('',(0.,0.,1.));
#1858=DIRECTION('',(0.,1.,0.));
#1859=DIRECTION('',(0.,0.,1.));
#1860=DIRECTION('',(0.,0.,1.));
#1861=DIRECTION('',(0.,0.,-1.));
#1862=DIRECTION('',(-1.,0.,0.));
#1863=DIRECTION('',(0.,-1.,0.));
#1864=DIRECTION('',(0.,0.,-1.));
#1865=DIRECTION('',(0.,0.,-1.));
#1866=DIRECTION('',(1.,0.,0.));
#1867=DIRECTION('',(1.,0.,0.));
#1868=DIRECTION('',(0.,0.,-1.));
#1869=DIRECTION('',(1.,0.,0.));
#1870=DIRECTION('',(-1.,0.,0.));
#1871=DIRECTION('',(0.,0.,1.));
#1872=DIRECTION('',(1.,0.,0.));
#1873=DIRECTION('',(0.,0.,1.));
#1874=DIRECTION('',(0.,0.,1.));
#1875=DIRECTION('',(0.,0.,-1.));
#1876=DIRECTION('',(-1.,0.,0.));
#1877=DIRECTION('',(0.,0.,1.));
#1878=DIRECTION('',(0.,1.,0.));
#1879=DIRECTION('',(0.,0.,1.));
#1880=DIRECTION('',(0.,0.,1.));
#1881=DIRECTION('',(0.,0.,-1.));
#1882=DIRECTION('',(-1.,0.,0.));
#1883=DIRECTION('',(0.,-1.,0.));
#1884=DIRECTION('',(0.,0.,-1.));
#1885=DIRECTION('',(0.,0.,-1.));
#1886=DIRECTION('',(1.,0.,0.));
#1887=DIRECTION('',(0.,0.,1.));
#1888=DIRECTION('',(1.,0.,0.));
#1889=DIRECTION('',(-1.,0.,0.));
#1890=DIRECTION('',(0.,0.,1.));
#1891=DIRECTION('',(1.,0.,0.));
#1892=DIRECTION('',(0.,0.,-1.));
#1893=DIRECTION('',(1.,0.,0.));
#1894=DIRECTION('',(0.,0.,1.));
#1895=DIRECTION('',(1.,0.,0.));
#1896=DIRECTION('',(1.,0.,0.));
#1897=DIRECTION('',(0.,0.,1.));
#1898=DIRECTION('',(1.,0.,0.));
#1899=DIRECTION('',(-1.,0.,0.));
#1900=DIRECTION('',(-1.,0.,0.));
#1901=DIRECTION('',(0.,0.,1.));
#1902=DIRECTION('',(1.,0.,0.));
#1903=DIRECTION('',(0.,0.,1.));
#1904=DIRECTION('',(1.,0.,0.));
#1905=DIRECTION('',(0.,0.,1.));
#1906=DIRECTION('',(1.,0.,0.));
#1907=DIRECTION('',(0.,0.,1.));
#1908=DIRECTION('',(1.,0.,0.));
#1909=DIRECTION('',(0.,0.,1.));
#1910=DIRECTION('',(1.,1.22464679914735E-16,0.));
#1911=DIRECTION('',(0.,0.,-1.));
#1912=DIRECTION('',(-1.,0.,0.));
#1913=DIRECTION('',(0.,0.,1.));
#1914=DIRECTION('',(1.,0.,0.));
#1915=DIRECTION('',(0.,0.,-1.));
#1916=DIRECTION('',(-1.,0.,0.));
#1917=DIRECTION('',(0.,0.,1.));
#1918=DIRECTION('',(1.,0.,0.));
#1919=DIRECTION('',(0.,0.,1.));
#1920=DIRECTION('',(1.,1.22464679914735E-16,0.));
#1921=DIRECTION('',(0.,0.,-1.));
#1922=DIRECTION('',(-1.,0.,0.));
#1923=DIRECTION('',(0.,0.,1.));
#1924=DIRECTION('',(1.,0.,0.));
#1925=DIRECTION('',(0.,0.,-1.));
#1926=DIRECTION('',(-1.,0.,0.));
#1927=DIRECTION('',(0.,0.,1.));
#1928=DIRECTION('',(1.,0.,0.));
#1929=DIRECTION('',(0.,0.,1.));
#1930=DIRECTION('',(1.,0.,0.));
#1931=DIRECTION('',(0.,0.,1.));
#1932=DIRECTION('',(1.,0.,5.12953568373213E-18));
#1933=DIRECTION('',(0.,0.,1.));
#1934=DIRECTION('',(1.,0.,5.12953568373213E-18));
#1935=DIRECTION('',(0.,0.,-1.));
#1936=DIRECTION('',(1.,0.,0.));
#1937=DIRECTION('',(0.,0.,1.));
#1938=DIRECTION('',(0.,-1.,0.));
#1939=DIRECTION('',(0.,0.,-1.));
#1940=DIRECTION('',(0.,-1.,0.));
#1941=DIRECTION('',(0.,0.,-1.));
#1942=DIRECTION('',(0.,0.,-1.));
#1943=DIRECTION('',(-1.,0.,0.));
#1944=DIRECTION('',(0.,0.,1.));
#1945=DIRECTION('',(0.,-1.,0.));
#1946=DIRECTION('',(0.,0.,-1.));
#1947=DIRECTION('',(0.,-1.,0.));
#1948=DIRECTION('',(0.,0.,-1.));
#1949=DIRECTION('',(0.,0.,1.));
#1950=DIRECTION('',(1.,0.,0.));
#1951=DIRECTION('',(-1.,0.,0.));
#1952=DIRECTION('',(0.,0.,1.));
#1953=DIRECTION('',(0.,0.,1.));
#1954=DIRECTION('',(1.,0.,0.));
#1955=DIRECTION('',(-1.,0.,0.));
#1956=DIRECTION('',(0.,0.,1.));
#1957=DIRECTION('',(1.,0.,0.));
#1958=DIRECTION('',(0.,0.,-1.));
#1959=DIRECTION('',(0.,0.,1.));
#1960=DIRECTION('',(1.,0.,0.));
#1961=DIRECTION('',(0.,0.,1.));
#1962=DIRECTION('',(1.,0.,0.));
#1963=DIRECTION('',(-1.,0.,0.));
#1964=DIRECTION('',(0.,0.,1.));
#1965=DIRECTION('',(0.,0.,1.));
#1966=DIRECTION('',(1.,0.,0.));
#1967=DIRECTION('',(-1.,3.99159871822263E-12,0.));
#1968=DIRECTION('',(-3.99159871822263E-12,-1.,0.));
#1969=DIRECTION('',(-1.,0.,0.));
#1970=DIRECTION('',(0.,0.,1.));
#1971=DIRECTION('',(0.,0.,1.));
#1972=DIRECTION('',(1.,0.,0.));
#1973=DIRECTION('',(0.,0.,-1.));
#1974=DIRECTION('',(1.,0.,0.));
#1975=DIRECTION('',(0.,0.,1.));
#1976=DIRECTION('',(1.,0.,0.));
#1977=DIRECTION('',(0.,0.,-1.));
#1978=DIRECTION('',(1.,0.,0.));
#1979=DIRECTION('',(0.,0.,1.));
#1980=DIRECTION('',(1.,0.,0.));
#1981=DIRECTION('',(0.,0.,-1.));
#1982=DIRECTION('',(1.,0.,0.));
#1983=DIRECTION('',(0.,0.,1.));
#1984=DIRECTION('',(1.,0.,0.));
#1985=DIRECTION('',(0.,0.,-1.));
#1986=DIRECTION('',(1.,0.,0.));
#1987=DIRECTION('',(0.,0.,1.));
#1988=DIRECTION('',(1.,0.,0.));
#1989=DIRECTION('',(-0.513513513513515,0.858081506291218,1.93393610682653E-15));
#1990=DIRECTION('',(-0.858081506291218,-0.513513513513515,0.));
#1991=DIRECTION('',(1.,1.73472347597681E-15,0.));
#1992=DIRECTION('',(-1.73472347597681E-15,1.,0.));
#1993=DIRECTION('',(0.,0.,1.));
#1994=DIRECTION('',(1.,0.,0.));
#1995=DIRECTION('',(1.,0.,0.));
#1996=DIRECTION('',(0.,0.,-1.));
#1997=DIRECTION('',(-1.,0.,0.));
#1998=DIRECTION('',(0.,0.,1.));
#1999=DIRECTION('',(0.513513513513513,0.858081506291219,0.));
#2000=DIRECTION('',(-0.858081506291219,0.513513513513513,0.));
#2001=DIRECTION('',(0.,0.,1.));
#2002=DIRECTION('',(1.,0.,0.));
#2003=DIRECTION('',(0.513513513513513,0.858081506291219,0.));
#2004=DIRECTION('',(-0.858081506291219,0.513513513513513,0.));
#2005=DIRECTION('',(0.,0.,1.));
#2006=DIRECTION('',(1.,0.,0.));
#2007=DIRECTION('',(1.,0.,0.));
#2008=DIRECTION('',(0.,0.,-1.));
#2009=DIRECTION('',(0.,0.,1.));
#2010=DIRECTION('',(1.,0.,0.));
#2011=DIRECTION('',(-0.513513513513513,0.858081506291219,0.));
#2012=DIRECTION('',(-0.858081506291219,-0.513513513513513,0.));
#2013=DIRECTION('',(0.,0.,1.));
#2014=DIRECTION('',(1.,0.,0.));
#2015=DIRECTION('',(1.,0.,0.));
#2016=DIRECTION('',(0.,0.,-1.));
#2017=DIRECTION('',(1.,0.,0.));
#2018=DIRECTION('',(0.,0.,-1.));
#2019=DIRECTION('',(0.,0.,1.));
#2020=DIRECTION('',(1.,0.,0.));
#2021=CARTESIAN_POINT('',(0.,0.,0.));
#2022=CARTESIAN_POINT('',(-37.5895168785185,-15.7054548352943,0.));
#2023=CARTESIAN_POINT('',(-36.163825095072,-14.2797630518372,0.));
#2024=CARTESIAN_POINT('',(-34.0109433406099,-12.1268812973591,0.));
#2025=CARTESIAN_POINT('',(-17.4999999998942,0.,0.));
#2026=CARTESIAN_POINT('',(-36.163825095072,14.2797630518372,0.));
#2027=CARTESIAN_POINT('',(-34.0109433406082,12.1268812973575,0.));
#2028=CARTESIAN_POINT('',(-34.0109433406082,12.1268812973575,0.));
#2029=CARTESIAN_POINT('',(-31.8189123189218,14.3189123190276,0.));
#2030=CARTESIAN_POINT('',(-29.6268812972354,16.5109433406978,0.));
#2031=CARTESIAN_POINT('',(-33.2054548351588,20.0895168786476,0.));
#2032=CARTESIAN_POINT('',(-31.7797630517133,18.6638250951916,0.));
#2033=CARTESIAN_POINT('',(-17.4999999998942,0.,0.));
#2034=CARTESIAN_POINT('',(-17.4999999998942,23.5,0.));
#2035=CARTESIAN_POINT('',(17.5,23.5,0.));
#2036=CARTESIAN_POINT('',(17.5,23.5,0.));
#2037=CARTESIAN_POINT('',(17.5,1.06581410364015E-14,0.));
#2038=CARTESIAN_POINT('',(31.7797630517592,18.6638250952374,0.));
#2039=CARTESIAN_POINT('',(29.6268812972354,16.5109433406978,0.));
#2040=CARTESIAN_POINT('',(29.6268812972354,16.5109433406978,0.));
#2041=CARTESIAN_POINT('',(31.8189123189218,14.3189123190276,0.));
#2042=CARTESIAN_POINT('',(34.0109433406082,12.1268812973575,0.));
#2043=CARTESIAN_POINT('',(37.5895168785185,15.7054548352943,0.));
#2044=CARTESIAN_POINT('',(36.1638250951319,14.2797630518971,0.));
#2045=CARTESIAN_POINT('',(17.5,1.06581410364015E-14,0.));
#2046=CARTESIAN_POINT('',(36.1638250951319,-14.2797630518971,0.));
#2047=CARTESIAN_POINT('',(34.0109433406082,-12.1268812973575,0.));
#2048=CARTESIAN_POINT('',(34.0109433406099,-12.1268812973591,0.));
#2049=CARTESIAN_POINT('',(31.8189123189218,-14.3189123190276,0.));
#2050=CARTESIAN_POINT('',(29.6268812972354,-16.5109433406978,0.));
#2051=CARTESIAN_POINT('',(33.2054548351588,-20.0895168786476,0.));
#2052=CARTESIAN_POINT('',(31.7797630517592,-18.6638250952374,0.));
#2053=CARTESIAN_POINT('',(17.5,1.06581410364015E-14,0.));
#2054=CARTESIAN_POINT('',(17.5,-23.5,0.));
#2055=CARTESIAN_POINT('',(-17.499999999996,-23.5,0.));
#2056=CARTESIAN_POINT('',(-17.499999999988,-23.5,0.));
#2057=CARTESIAN_POINT('',(-17.4999999998942,0.,0.));
#2058=CARTESIAN_POINT('',(-31.7797630517133,-18.6638250951916,0.));
#2059=CARTESIAN_POINT('',(-29.6268812972354,-16.5109433406978,0.));
#2060=CARTESIAN_POINT('',(-29.6268812972399,-16.5109433407023,0.));
#2061=CARTESIAN_POINT('',(-31.8189123189218,-14.3189123190276,0.));
#2062=CARTESIAN_POINT('',(-3.18108768086664,14.3189123190275,0.));
#2063=CARTESIAN_POINT('',(-3.18108768084757,17.4189123190276,0.));
#2064=CARTESIAN_POINT('',(-3.18108768084757,11.2189123190275,0.));
#2065=CARTESIAN_POINT('',(-3.18108768086664,11.2189123190276,0.));
#2066=CARTESIAN_POINT('',(3.18108768086663,11.2189123190276,0.));
#2067=CARTESIAN_POINT('',(3.18108768086663,14.3189123190276,0.));
#2068=CARTESIAN_POINT('',(3.1810876808857,17.4189123190276,0.));
#2069=CARTESIAN_POINT('',(3.18108768086663,17.4189123190276,0.));
#2070=CARTESIAN_POINT('',(-3.1810876808667,-14.3189123190276,0.));
#2071=CARTESIAN_POINT('',(-3.18108768084763,-11.2189123190276,0.));
#2072=CARTESIAN_POINT('',(-3.18108768084763,-17.4189123190276,0.));
#2073=CARTESIAN_POINT('',(-3.1810876808667,-17.4189123190276,0.));
#2074=CARTESIAN_POINT('',(3.18108768086659,-17.4189123190276,0.));
#2075=CARTESIAN_POINT('',(3.18108768086659,-14.3189123190276,0.));
#2076=CARTESIAN_POINT('',(3.18108768088566,-11.2189123190276,0.));
#2077=CARTESIAN_POINT('',(3.18108768086659,-11.2189123190276,0.));
#2078=CARTESIAN_POINT('',(75.4412022703625,7.5,0.));
#2079=CARTESIAN_POINT('',(1.62549213361245,7.5,0.));
#2080=CARTESIAN_POINT('',(-1.62549213350667,7.5,0.));
#2081=CARTESIAN_POINT('',(-1.62549213350667,9.5,0.));
#2082=CARTESIAN_POINT('',(-3.34165514608911,8.47297297297297,0.));
#2083=CARTESIAN_POINT('',(-17.4999999998942,0.,0.));
#2084=CARTESIAN_POINT('',(-3.34165514608911,-8.47297297297297,0.));
#2085=CARTESIAN_POINT('',(-1.62549213350667,-9.5,0.));
#2086=CARTESIAN_POINT('',(-1.62549213350667,-7.5,0.));
#2087=CARTESIAN_POINT('',(-2.33424911179112,-7.5,0.));
#2088=CARTESIAN_POINT('',(1.62549213361245,-7.5,0.));
#2089=CARTESIAN_POINT('',(1.62549213361245,-9.5,0.));
#2090=CARTESIAN_POINT('',(3.34165514619489,-8.47297297297297,0.));
#2091=CARTESIAN_POINT('',(17.5,0.,0.));
#2092=CARTESIAN_POINT('',(3.34165514619489,8.47297297297297,0.));
#2093=CARTESIAN_POINT('',(1.62549213361245,9.5,0.));
#2094=CARTESIAN_POINT('',(-17.5,0.,0.));
#2095=CARTESIAN_POINT('',(-17.4999999998942,0.,-5.));
#2096=CARTESIAN_POINT('',(-1.94365081379017,-5.5,-5.));
#2097=CARTESIAN_POINT('',(-1.94365081379017,5.5,-5.));
#2098=CARTESIAN_POINT('',(-1.94365081379017,5.5,-5.));
#2099=CARTESIAN_POINT('',(-1.94365081379017,5.5,0.));
#2100=CARTESIAN_POINT('',(-17.4999999998942,0.,0.));
#2101=CARTESIAN_POINT('',(-1.94365081379017,-5.5,0.));
#2102=CARTESIAN_POINT('',(-1.94365081379017,-5.5,-5.));
#2103=CARTESIAN_POINT('',(-17.4999999998942,0.,-5.));
#2104=CARTESIAN_POINT('',(-3.34165514608911,8.47297297297298,-5.));
#2105=CARTESIAN_POINT('',(-3.34165514608911,8.47297297297298,-4.));
#2106=CARTESIAN_POINT('',(-17.4999999998942,0.,-4.));
#2107=CARTESIAN_POINT('',(-3.34165514608911,-8.47297297297298,-4.));
#2108=CARTESIAN_POINT('',(-3.34165514608911,-8.47297297297298,-5.));
#2109=CARTESIAN_POINT('',(-17.4999999998942,0.,-5.));
#2110=CARTESIAN_POINT('',(17.5,0.,0.));
#2111=CARTESIAN_POINT('',(1.94365081389595,5.5,0.));
#2112=CARTESIAN_POINT('',(1.94365081389595,-5.5,0.));
#2113=CARTESIAN_POINT('',(1.94365081389595,5.5,-5.));
#2114=CARTESIAN_POINT('',(1.94365081389595,5.5,-5.));
#2115=CARTESIAN_POINT('',(17.5,0.,-5.));
#2116=CARTESIAN_POINT('',(1.94365081389595,-5.5,-5.));
#2117=CARTESIAN_POINT('',(1.94365081389595,-5.5,-5.));
#2118=CARTESIAN_POINT('',(17.5,0.,-5.));
#2119=CARTESIAN_POINT('',(3.34165514619489,-8.47297297297298,-5.));
#2120=CARTESIAN_POINT('',(3.34165514619489,-8.47297297297298,-4.));
#2121=CARTESIAN_POINT('',(17.5,0.,-4.));
#2122=CARTESIAN_POINT('',(3.34165514619489,8.47297297297298,-4.));
#2123=CARTESIAN_POINT('',(3.34165514619489,8.47297297297298,-5.));
#2124=CARTESIAN_POINT('',(17.5,0.,-5.));
#2125=CARTESIAN_POINT('',(2.3342491118961,5.5,0.));
#2126=CARTESIAN_POINT('',(2.3342491118969,-5.5,0.));
#2127=CARTESIAN_POINT('',(-17.5,0.,0.));
#2128=CARTESIAN_POINT('',(31.8189123189218,14.3189123190276,6.));
#2129=CARTESIAN_POINT('',(31.8189123189218,12.6689123190276,6.));
#2130=CARTESIAN_POINT('',(31.8189123189218,14.3189123190276,3.));
#2131=CARTESIAN_POINT('',(30.1689123189218,14.3189123190276,3.));
#2132=CARTESIAN_POINT('',(31.8189123189218,14.3189123190276,6.));
#2133=CARTESIAN_POINT('',(-31.8189123189218,14.3189123190276,6.));
#2134=CARTESIAN_POINT('',(-31.8189123189218,12.6689123190276,6.));
#2135=CARTESIAN_POINT('',(-31.8189123189218,14.3189123190276,3.));
#2136=CARTESIAN_POINT('',(-33.4689123189218,14.3189123190276,3.));
#2137=CARTESIAN_POINT('',(-31.8189123189218,14.3189123190276,6.));
#2138=CARTESIAN_POINT('',(-31.8189123189218,-14.3189123190276,6.));
#2139=CARTESIAN_POINT('',(-30.1689123189218,-14.3189123190276,6.));
#2140=CARTESIAN_POINT('',(-31.8189123189218,-14.3189123190276,3.));
#2141=CARTESIAN_POINT('',(-33.4689123189218,-14.3189123190276,3.));
#2142=CARTESIAN_POINT('',(-31.8189123189218,-14.3189123190276,6.));
#2143=CARTESIAN_POINT('',(31.8189123189218,-14.3189123190276,6.));
#2144=CARTESIAN_POINT('',(30.1689123189218,-14.3189123190276,6.));
#2145=CARTESIAN_POINT('',(31.8189123189218,-14.3189123190276,3.));
#2146=CARTESIAN_POINT('',(30.1689123189218,-14.3189123190276,3.));
#2147=CARTESIAN_POINT('',(31.8189123189218,-14.3189123190276,6.));
#2148=CARTESIAN_POINT('',(-37.5895168785185,15.7054548352943,3.));
#2149=CARTESIAN_POINT('',(-37.5895168785185,15.7054548352943,3.));
#2150=CARTESIAN_POINT('',(-37.5895168785185,15.7054548352943,2.));
#2151=CARTESIAN_POINT('',(-17.4999999998942,0.,2.));
#2152=CARTESIAN_POINT('',(-37.5895168785322,-15.7054548352768,2.));
#2153=CARTESIAN_POINT('',(-37.5895168785322,-15.7054548352768,3.));
#2154=CARTESIAN_POINT('',(-37.5895168785322,-15.7054548352768,3.));
#2155=CARTESIAN_POINT('',(-17.4999999998942,0.,3.));
#2156=CARTESIAN_POINT('',(-33.2054548351588,-20.0895168786476,3.));
#2157=CARTESIAN_POINT('',(-33.2054548351588,-20.0895168786476,3.));
#2158=CARTESIAN_POINT('',(-33.2054548351588,-20.0895168786476,2.));
#2159=CARTESIAN_POINT('',(-17.4999999998942,0.,2.));
#2160=CARTESIAN_POINT('',(-17.499999999996,-25.5,2.));
#2161=CARTESIAN_POINT('',(-17.499999999996,-25.5,0.));
#2162=CARTESIAN_POINT('',(-17.499999999996,-25.5,6.));
#2163=CARTESIAN_POINT('',(-17.4999999998942,0.,6.));
#2164=CARTESIAN_POINT('',(-17.4999999998942,25.5,6.));
#2165=CARTESIAN_POINT('',(-17.4999999998942,25.5,0.));
#2166=CARTESIAN_POINT('',(-17.4999999998942,25.5,2.));
#2167=CARTESIAN_POINT('',(-17.4999999998942,0.,2.));
#2168=CARTESIAN_POINT('',(-33.2054548351125,20.0895168786837,2.));
#2169=CARTESIAN_POINT('',(-33.2054548351125,20.0895168786837,3.));
#2170=CARTESIAN_POINT('',(-33.2054548351125,20.0895168786837,3.));
#2171=CARTESIAN_POINT('',(-17.4999999998942,0.,3.));
#2172=CARTESIAN_POINT('',(-17.4999999998942,0.,0.));
#2173=CARTESIAN_POINT('',(33.2054548351588,20.0895168786476,3.));
#2174=CARTESIAN_POINT('',(33.2054548352052,20.089516878694,3.));
#2175=CARTESIAN_POINT('',(33.2054548351588,20.0895168786476,2.));
#2176=CARTESIAN_POINT('',(17.5,1.06581410364015E-14,2.));
#2177=CARTESIAN_POINT('',(17.5,25.5,2.));
#2178=CARTESIAN_POINT('',(17.5,25.5,0.));
#2179=CARTESIAN_POINT('',(17.5,25.5,6.));
#2180=CARTESIAN_POINT('',(17.5,1.06581410364015E-14,6.));
#2181=CARTESIAN_POINT('',(17.5,-25.5,6.));
#2182=CARTESIAN_POINT('',(17.5,-25.5,0.));
#2183=CARTESIAN_POINT('',(17.5,-25.5,2.));
#2184=CARTESIAN_POINT('',(17.5,1.06581410364015E-14,2.));
#2185=CARTESIAN_POINT('',(33.2054548351588,-20.0895168786476,2.));
#2186=CARTESIAN_POINT('',(33.2054548351588,-20.0895168786476,3.));
#2187=CARTESIAN_POINT('',(33.2054548351588,-20.0895168786476,3.));
#2188=CARTESIAN_POINT('',(17.4999999998942,0.,3.));
#2189=CARTESIAN_POINT('',(37.5895168785842,-15.7054548353456,3.));
#2190=CARTESIAN_POINT('',(37.5895168785185,-15.7054548352943,3.));
#2191=CARTESIAN_POINT('',(37.5895168785185,-15.7054548352943,2.));
#2192=CARTESIAN_POINT('',(17.5,1.06581410364015E-14,2.));
#2193=CARTESIAN_POINT('',(37.5895168785322,15.7054548352768,2.));
#2194=CARTESIAN_POINT('',(37.5895168785322,15.7054548352768,3.));
#2195=CARTESIAN_POINT('',(37.5895168785322,15.7054548352768,3.));
#2196=CARTESIAN_POINT('',(17.4999999998942,0.,3.));
#2197=CARTESIAN_POINT('',(17.5,1.06581410364015E-14,0.));
#2198=CARTESIAN_POINT('',(-17.4999999998942,0.,6.));
#2199=CARTESIAN_POINT('',(-2.94999999989422,0.,6.));
#2200=CARTESIAN_POINT('',(17.5,0.,6.));
#2201=CARTESIAN_POINT('',(32.05,0.,6.));
#2202=CARTESIAN_POINT('',(17.5,25.5,6.));
#2203=CARTESIAN_POINT('',(-17.499999999996,-25.5,6.));
#2204=CARTESIAN_POINT('',(3.18108768086659,-14.3189123190276,6.));
#2205=CARTESIAN_POINT('',(3.18108768086659,-12.6689123190276,6.));
#2206=CARTESIAN_POINT('',(3.18108768086664,14.3189123190276,6.));
#2207=CARTESIAN_POINT('',(4.83108768086664,14.3189123190276,6.));
#2208=CARTESIAN_POINT('',(-3.18108768086664,14.3189123190275,6.));
#2209=CARTESIAN_POINT('',(-4.83108768086664,14.3189123190275,6.));
#2210=CARTESIAN_POINT('',(-3.1810876808667,-14.3189123190276,6.));
#2211=CARTESIAN_POINT('',(-3.1810876808667,-12.6689123190276,6.));
#2212=CARTESIAN_POINT('',(-17.5,0.,6.));
#2213=CARTESIAN_POINT('',(-3.18108768086664,14.3189123190275,3.));
#2214=CARTESIAN_POINT('',(-1.53108768086664,14.3189123190275,3.));
#2215=CARTESIAN_POINT('',(-3.18108768086664,14.3189123190275,6.));
#2216=CARTESIAN_POINT('',(3.18108768086664,14.3189123190276,3.));
#2217=CARTESIAN_POINT('',(4.83108768086664,14.3189123190276,3.));
#2218=CARTESIAN_POINT('',(3.18108768086664,14.3189123190276,6.));
#2219=CARTESIAN_POINT('',(3.18108768086659,-14.3189123190276,3.));
#2220=CARTESIAN_POINT('',(4.83108768086659,-14.3189123190276,3.));
#2221=CARTESIAN_POINT('',(3.18108768086659,-14.3189123190276,6.));
#2222=CARTESIAN_POINT('',(-3.1810876808667,-14.3189123190276,3.));
#2223=CARTESIAN_POINT('',(-1.5310876808667,-14.3189123190276,3.));
#2224=CARTESIAN_POINT('',(-3.1810876808667,-14.3189123190276,6.));
#2225=CARTESIAN_POINT('',(17.5,-25.5,2.));
#2226=CARTESIAN_POINT('',(-17.499999999996,-25.5,0.));
#2227=CARTESIAN_POINT('',(-17.4999999998942,25.5,2.));
#2228=CARTESIAN_POINT('',(17.5,25.5,0.));
#2229=CARTESIAN_POINT('',(31.7797630517592,18.6638250952374,0.));
#2230=CARTESIAN_POINT('',(31.9403525854815,18.824414628961,4.17867651218623E-16));
#2231=CARTESIAN_POINT('',(32.1031599656101,18.9872220090907,0.0390726254000902));
#2232=CARTESIAN_POINT('',(32.2547228499588,19.1387848934406,0.114141799220999));
#2233=CARTESIAN_POINT('',(32.4063105662231,19.290372609706,0.189223272302315));
#2234=CARTESIAN_POINT('',(32.5508456085484,19.4349076520324,0.30242224384109));
#2235=CARTESIAN_POINT('',(32.6761517612443,19.5602138047292,0.444519517698619));
#2236=CARTESIAN_POINT('',(32.8008921867325,19.6849542302183,0.585975256466136));
#2237=CARTESIAN_POINT('',(32.9100417026544,19.794103746141,0.760031420255365));
#2238=CARTESIAN_POINT('',(32.9942693333633,19.8783313768505,0.952233100744108));
#2239=CARTESIAN_POINT('',(33.0778415824042,19.9619036258921,1.14293924518518));
#2240=CARTESIAN_POINT('',(33.1391971766976,20.0232592201859,1.35682364462279));
#2241=CARTESIAN_POINT('',(33.173070214066,20.0571322575546,1.57601011734879));
#2242=CARTESIAN_POINT('',(33.1945317931869,20.0785938366757,1.71488422466531));
#2243=CARTESIAN_POINT('',(33.2054548351587,20.0895168786476,1.85784791088523));
#2244=CARTESIAN_POINT('',(33.2054548351588,20.0895168786476,2.));
#2245=CARTESIAN_POINT('',(29.6268812972354,16.5109433406978,3.));
#2246=CARTESIAN_POINT('',(29.6268812972354,16.5109433406978,3.));
#2247=CARTESIAN_POINT('',(29.6268812972354,16.5109433406978,3.));
#2248=CARTESIAN_POINT('',(29.6268812972354,16.5109433406978,3.));
#2249=CARTESIAN_POINT('',(37.5895168785322,15.7054548352768,2.));
#2250=CARTESIAN_POINT('',(37.5895168785322,15.7054548352768,1.77741400947506));
#2251=CARTESIAN_POINT('',(37.5622834358725,15.678221392648,1.55175946107897));
#2252=CARTESIAN_POINT('',(37.5101337201237,15.6260716768989,1.34174675319544));
#2253=CARTESIAN_POINT('',(37.4579896918839,15.5739276486586,1.13175694954315));
#2254=CARTESIAN_POINT('',(37.3795153675793,15.4954533243535,0.931632241223922));
#2255=CARTESIAN_POINT('',(37.2813019627712,15.3972399195447,0.75773005253156));
#2256=CARTESIAN_POINT('',(37.1827775294489,15.2987154862217,0.583277139226021));
#2257=CARTESIAN_POINT('',(37.0617112356645,15.1776491924364,0.43043281703073));
#2258=CARTESIAN_POINT('',(36.928118128046,15.0440560848168,0.311463450901137));
#2259=CARTESIAN_POINT('',(36.7935709943159,14.9095089510857,0.191644490928075));
#2260=CARTESIAN_POINT('',(36.6426523137044,14.7585902704731,0.102900163370038));
#2261=CARTESIAN_POINT('',(36.4877383420105,14.6036762987781,0.0522467497932596));
#2262=CARTESIAN_POINT('',(36.3818603794759,14.4977983362427,0.0176270175231847));
#2263=CARTESIAN_POINT('',(36.2724961854996,14.3884341422656,-2.82771437432073E-16));
#2264=CARTESIAN_POINT('',(36.1638250951319,14.2797630518971,0.));
#2265=CARTESIAN_POINT('',(34.0109433406082,12.1268812973575,3.));
#2266=CARTESIAN_POINT('',(34.0109433406082,12.1268812973575,3.));
#2267=CARTESIAN_POINT('',(37.5895168785185,15.7054548352943,3.));
#2268=CARTESIAN_POINT('',(37.5895168785185,15.7054548352943,3.));
#2269=CARTESIAN_POINT('',(31.8189123189218,14.3189123190276,3.));
#2270=CARTESIAN_POINT('',(31.8189123189218,14.3189123190276,3.));
#2271=CARTESIAN_POINT('',(17.4999999998942,0.,3.));
#2272=CARTESIAN_POINT('',(33.2054548351588,-20.0895168786476,2.));
#2273=CARTESIAN_POINT('',(33.2054548351588,-20.0895168786476,1.77741400947388));
#2274=CARTESIAN_POINT('',(33.1782213925,-20.0622834359886,1.55175946108008));
#2275=CARTESIAN_POINT('',(33.126071676751,-20.0101337202392,1.34174675319544));
#2276=CARTESIAN_POINT('',(33.0739276485111,-19.9579896919989,1.13175694954315));
#2277=CARTESIAN_POINT('',(32.9954533242066,-19.8795153676938,0.931632241223921));
#2278=CARTESIAN_POINT('',(32.8972399193985,-19.781301962885,0.757730052531559));
#2279=CARTESIAN_POINT('',(32.7987154860762,-19.682777529562,0.583277139226017));
#2280=CARTESIAN_POINT('',(32.6776491922918,-19.5617112357767,0.430432817030725));
#2281=CARTESIAN_POINT('',(32.5440560846732,-19.4281181281571,0.311463450901131));
#2282=CARTESIAN_POINT('',(32.4095089509431,-19.293570994426,0.191644490928071));
#2283=CARTESIAN_POINT('',(32.2585902703316,-19.1426523138134,0.102900163370035));
#2284=CARTESIAN_POINT('',(32.1036762986378,-18.9877383421184,0.052246749793258));
#2285=CARTESIAN_POINT('',(31.9977983361031,-18.881860379583,0.0176270175231838));
#2286=CARTESIAN_POINT('',(31.8884341421269,-18.772496185606,3.77028583243225E-16));
#2287=CARTESIAN_POINT('',(31.7797630517592,-18.6638250952374,0.));
#2288=CARTESIAN_POINT('',(29.6268812972354,-16.5109433406978,3.));
#2289=CARTESIAN_POINT('',(29.6268812972354,-16.5109433406978,3.));
#2290=CARTESIAN_POINT('',(33.2054548351588,-20.0895168786476,3.));
#2291=CARTESIAN_POINT('',(33.2054548351588,-20.0895168786476,3.));
#2292=CARTESIAN_POINT('',(34.0109433406099,-12.1268812973591,3.));
#2293=CARTESIAN_POINT('',(34.0109433406099,-12.1268812973591,3.));
#2294=CARTESIAN_POINT('',(31.8189123189218,-14.3189123190276,3.));
#2295=CARTESIAN_POINT('',(31.8189123189218,-14.3189123190276,3.));
#2296=CARTESIAN_POINT('',(36.1638250951319,-14.2797630518971,0.));
#2297=CARTESIAN_POINT('',(36.3244146288543,-14.4403525856207,0.));
#2298=CARTESIAN_POINT('',(36.4872220089828,-14.6031599657504,0.0390726254000888));
#2299=CARTESIAN_POINT('',(36.6387848933316,-14.7547228501003,0.114141799220997));
#2300=CARTESIAN_POINT('',(36.7903726095958,-14.9063105663657,0.189223272302312));
#2301=CARTESIAN_POINT('',(36.9349076519212,-15.0508456086921,0.302422243841086));
#2302=CARTESIAN_POINT('',(37.060213804617,-15.1761517613888,0.444519517698614));
#2303=CARTESIAN_POINT('',(37.1849542301052,-15.300892186878,0.585975256466131));
#2304=CARTESIAN_POINT('',(37.2941037460271,-15.4100417028007,0.760031420255359));
#2305=CARTESIAN_POINT('',(37.378331376736,-15.4942693335102,0.952233100744101));
#2306=CARTESIAN_POINT('',(37.4619036257769,-15.5778415825517,1.14293924518518));
#2307=CARTESIAN_POINT('',(37.5232592200703,-15.6391971768456,1.35682364462278));
#2308=CARTESIAN_POINT('',(37.5571322574388,-15.6730702142143,1.57601011734878));
#2309=CARTESIAN_POINT('',(37.5785938365596,-15.6945317933352,1.71488422466467));
#2310=CARTESIAN_POINT('',(37.5895168785185,-15.7054548352943,1.85784791088588));
#2311=CARTESIAN_POINT('',(37.5895168785185,-15.7054548352943,2.));
#2312=CARTESIAN_POINT('',(34.0109433406082,-12.1268812973575,3.));
#2313=CARTESIAN_POINT('',(34.0109433406082,-12.1268812973575,3.));
#2314=CARTESIAN_POINT('',(31.8189123189218,-14.3189123190276,3.));
#2315=CARTESIAN_POINT('',(-31.8189123189218,-14.3189123190276,3.));
#2316=CARTESIAN_POINT('',(-29.6268812972399,-16.5109433407023,3.));
#2317=CARTESIAN_POINT('',(-34.0109433406099,-12.1268812973591,3.));
#2318=CARTESIAN_POINT('',(-29.6268812972354,-16.5109433406978,3.));
#2319=CARTESIAN_POINT('',(-37.5895168785185,-15.7054548352943,3.));
#2320=CARTESIAN_POINT('',(-31.8189123189218,-14.3189123190276,3.));
#2321=CARTESIAN_POINT('',(-29.6268812972399,-16.5109433407023,3.));
#2322=CARTESIAN_POINT('',(-34.0109433406099,-12.1268812973591,3.));
#2323=CARTESIAN_POINT('',(-31.8189123189218,-14.3189123190276,3.));
#2324=CARTESIAN_POINT('',(-31.7797630517133,-18.6638250951916,0.));
#2325=CARTESIAN_POINT('',(-31.9403525854356,-18.824414628915,0.));
#2326=CARTESIAN_POINT('',(-32.103159965564,-18.9872220090447,0.0390726254000683));
#2327=CARTESIAN_POINT('',(-32.2547228499126,-19.1387848933944,0.114141799220928));
#2328=CARTESIAN_POINT('',(-32.4063105661768,-19.2903726096597,0.189223272302194));
#2329=CARTESIAN_POINT('',(-32.550845608502,-19.434907651986,0.30242224384089));
#2330=CARTESIAN_POINT('',(-32.6761517611978,-19.5602138046827,0.444519517698306));
#2331=CARTESIAN_POINT('',(-32.8008921866859,-19.6849542301718,0.585975256465742));
#2332=CARTESIAN_POINT('',(-32.9100417026078,-19.7941037460944,0.760031420254868));
#2333=CARTESIAN_POINT('',(-32.9942693333167,-19.8783313768039,0.952233100743492));
#2334=CARTESIAN_POINT('',(-33.0778415823576,-19.9619036258455,1.14293924518452));
#2335=CARTESIAN_POINT('',(-33.139197176651,-20.0232592201393,1.35682364462209));
#2336=CARTESIAN_POINT('',(-33.1730702140195,-20.0571322575081,1.57601011734805));
#2337=CARTESIAN_POINT('',(-33.1945317931408,-20.0785938366296,1.7148842246671));
#2338=CARTESIAN_POINT('',(-33.2054548351588,-20.0895168786476,1.85784791088263));
#2339=CARTESIAN_POINT('',(-33.2054548351588,-20.0895168786476,2.));
#2340=CARTESIAN_POINT('',(-29.6268812972354,-16.5109433406978,3.));
#2341=CARTESIAN_POINT('',(-37.5895168785322,-15.7054548352768,2.));
#2342=CARTESIAN_POINT('',(-37.5895168785322,-15.7054548352768,1.77741400947042));
#2343=CARTESIAN_POINT('',(-37.5622834358142,-15.6782213925898,1.55175946108353));
#2344=CARTESIAN_POINT('',(-37.5101337200644,-15.6260716768395,1.34174675319562));
#2345=CARTESIAN_POINT('',(-37.4579896918245,-15.5739276485993,1.13175694954339));
#2346=CARTESIAN_POINT('',(-37.37951536752,-15.4954533242942,0.931632241224223));
#2347=CARTESIAN_POINT('',(-37.2813019627119,-15.3972399194854,0.757730052531905));
#2348=CARTESIAN_POINT('',(-37.1827775293896,-15.2987154861624,0.58327713922638));
#2349=CARTESIAN_POINT('',(-37.0617112356053,-15.1776491923771,0.430432817031099));
#2350=CARTESIAN_POINT('',(-36.9281181279867,-15.0440560847576,0.31146345090149));
#2351=CARTESIAN_POINT('',(-36.7935709942566,-14.9095089510265,0.191644490928374));
#2352=CARTESIAN_POINT('',(-36.6426523136451,-14.7585902704139,0.10290016337028));
#2353=CARTESIAN_POINT('',(-36.4877383419512,-14.6036762987188,0.0522467497934298));
#2354=CARTESIAN_POINT('',(-36.3818603794164,-14.4977983361832,0.0176270175232418));
#2355=CARTESIAN_POINT('',(-36.2724961854399,-14.3884341422059,-3.77028583244001E-16));
#2356=CARTESIAN_POINT('',(-36.163825095072,-14.2797630518372,0.));
#2357=CARTESIAN_POINT('',(-37.5895168785185,-15.7054548352943,3.));
#2358=CARTESIAN_POINT('',(-34.0109433406082,12.1268812973575,3.));
#2359=CARTESIAN_POINT('',(-34.0109433406082,12.1268812973575,3.));
#2360=CARTESIAN_POINT('',(-33.2054548351588,20.0895168786476,3.));
#2361=CARTESIAN_POINT('',(-29.6268812972354,16.5109433406978,3.));
#2362=CARTESIAN_POINT('',(-31.8189123189218,14.3189123190276,3.));
#2363=CARTESIAN_POINT('',(-17.4999999998942,0.,3.));
#2364=CARTESIAN_POINT('',(-36.163825095072,14.2797630518372,0.));
#2365=CARTESIAN_POINT('',(-36.3244146287944,14.4403525855608,0.));
#2366=CARTESIAN_POINT('',(-36.4872220089231,14.6031599656907,0.0390726254001098));
#2367=CARTESIAN_POINT('',(-36.638784893272,14.7547228500407,0.114141799221065));
#2368=CARTESIAN_POINT('',(-36.7903726095364,14.9063105663062,0.189223272302429));
#2369=CARTESIAN_POINT('',(-36.9349076518618,15.0508456086327,0.302422243841287));
#2370=CARTESIAN_POINT('',(-37.0602138045577,15.1761517613295,0.444519517698928));
#2371=CARTESIAN_POINT('',(-37.184954230046,15.3008921868187,0.585975256466524));
#2372=CARTESIAN_POINT('',(-37.2941037459679,15.4100417027415,0.760031420255854));
#2373=CARTESIAN_POINT('',(-37.3783313766768,15.494269333451,0.952233100744713));
#2374=CARTESIAN_POINT('',(-37.4619036257177,15.5778415824926,1.14293924518583));
#2375=CARTESIAN_POINT('',(-37.5232592200111,15.6391971767864,1.35682364462349));
#2376=CARTESIAN_POINT('',(-37.5571322573795,15.673070214155,1.57601011734952));
#2377=CARTESIAN_POINT('',(-37.5785938365007,15.6945317932764,1.71488422466811));
#2378=CARTESIAN_POINT('',(-37.5895168785185,15.7054548352943,1.85784791088313));
#2379=CARTESIAN_POINT('',(-37.5895168785185,15.7054548352943,2.));
#2380=CARTESIAN_POINT('',(-34.0109433406082,12.1268812973575,3.));
#2381=CARTESIAN_POINT('',(-34.0109433406082,12.1268812973575,3.));
#2382=CARTESIAN_POINT('',(-33.2054548351125,20.0895168786837,2.));
#2383=CARTESIAN_POINT('',(-33.2054548351125,20.0895168786837,1.77741400947054));
#2384=CARTESIAN_POINT('',(-33.1782213924544,20.062283435943,1.55175946108305));
#2385=CARTESIAN_POINT('',(-33.1260716767046,20.0101337201928,1.34174675319526));
#2386=CARTESIAN_POINT('',(-33.0739276484647,19.9579896919525,1.1317569495429));
#2387=CARTESIAN_POINT('',(-32.9954533241601,19.8795153676474,0.931632241223619));
#2388=CARTESIAN_POINT('',(-32.897239919352,19.7813019628385,0.757730052531214));
#2389=CARTESIAN_POINT('',(-32.7987154860297,19.6827775295155,0.583277139225655));
#2390=CARTESIAN_POINT('',(-32.6776491922452,19.5617112357301,0.430432817030352));
#2391=CARTESIAN_POINT('',(-32.5440560846267,19.4281181281106,0.311463450900772));
#2392=CARTESIAN_POINT('',(-32.4095089508966,19.2935709943795,0.191644490927769));
#2393=CARTESIAN_POINT('',(-32.2585902702851,19.1426523137669,0.102900163369792));
#2394=CARTESIAN_POINT('',(-32.1036762985913,18.9877383420719,0.0522467497930881));
#2395=CARTESIAN_POINT('',(-31.9977983360568,18.8818603795367,0.0176270175231272));
#2396=CARTESIAN_POINT('',(-31.8884341420808,18.7724961855599,-5.65542874864377E-16));
#2397=CARTESIAN_POINT('',(-31.7797630517133,18.6638250951916,0.));
#2398=CARTESIAN_POINT('',(-29.6268812972354,16.5109433406978,3.));
#2399=CARTESIAN_POINT('',(-33.2054548351588,20.0895168786476,3.));
#2400=CARTESIAN_POINT('',(-31.8189123189218,14.3189123190276,3.));
#2401=CARTESIAN_POINT('',(-3.1810876808667,-14.3189123190276,3.));
#2402=CARTESIAN_POINT('',(-3.18108768084763,-17.4189123190276,3.));
#2403=CARTESIAN_POINT('',(-3.18108768084763,-11.2189123190276,3.));
#2404=CARTESIAN_POINT('',(3.18108768086659,-11.2189123190276,3.));
#2405=CARTESIAN_POINT('',(3.18108768088566,-11.2189123190276,3.));
#2406=CARTESIAN_POINT('',(3.18108768086659,-14.3189123190276,3.));
#2407=CARTESIAN_POINT('',(3.18108768086659,-17.4189123190276,3.));
#2408=CARTESIAN_POINT('',(-3.1810876808667,-17.4189123190276,3.));
#2409=CARTESIAN_POINT('',(-3.1810876808667,-14.3189123190276,3.));
#2410=CARTESIAN_POINT('',(-3.18108768084763,-11.2189123190276,3.));
#2411=CARTESIAN_POINT('',(-3.18108768084763,-17.4189123190276,3.));
#2412=CARTESIAN_POINT('',(-3.1810876808667,-14.3189123190276,3.));
#2413=CARTESIAN_POINT('',(3.18108768086659,-17.4189123190276,3.));
#2414=CARTESIAN_POINT('',(-3.1810876808667,-17.4189123190276,3.));
#2415=CARTESIAN_POINT('',(3.18108768088566,-11.2189123190276,3.));
#2416=CARTESIAN_POINT('',(3.18108768086659,-14.3189123190276,3.));
#2417=CARTESIAN_POINT('',(3.18108768086659,-11.2189123190276,3.));
#2418=CARTESIAN_POINT('',(-3.18108768086664,14.3189123190275,3.));
#2419=CARTESIAN_POINT('',(-3.18108768084757,11.2189123190275,3.));
#2420=CARTESIAN_POINT('',(-3.18108768084757,17.4189123190275,3.));
#2421=CARTESIAN_POINT('',(3.18108768086663,17.4189123190276,3.));
#2422=CARTESIAN_POINT('',(3.1810876808857,17.4189123190276,3.));
#2423=CARTESIAN_POINT('',(3.18108768086663,14.3189123190276,3.));
#2424=CARTESIAN_POINT('',(3.18108768086663,11.2189123190276,3.));
#2425=CARTESIAN_POINT('',(-3.18108768086664,11.2189123190276,3.));
#2426=CARTESIAN_POINT('',(-3.18108768086664,14.3189123190275,3.));
#2427=CARTESIAN_POINT('',(-3.18108768084757,17.4189123190275,3.));
#2428=CARTESIAN_POINT('',(-3.18108768084757,11.2189123190275,3.));
#2429=CARTESIAN_POINT('',(-3.18108768086664,14.3189123190275,3.));
#2430=CARTESIAN_POINT('',(3.18108768086663,11.2189123190276,3.));
#2431=CARTESIAN_POINT('',(-3.18108768086664,11.2189123190276,3.));
#2432=CARTESIAN_POINT('',(3.1810876808857,17.4189123190276,3.));
#2433=CARTESIAN_POINT('',(3.18108768086663,14.3189123190276,3.));
#2434=CARTESIAN_POINT('',(3.18108768086663,17.4189123190276,3.));
#2435=CARTESIAN_POINT('',(17.5,0.,-5.));
#2436=CARTESIAN_POINT('',(4.19973665248611,7.95945945945946,-5.));
#2437=CARTESIAN_POINT('',(4.19973665248611,-7.95945945945946,-5.));
#2438=CARTESIAN_POINT('',(1.62549213361245,-9.5,-5.));
#2439=CARTESIAN_POINT('',(1.62549213361245,-6.5,-5.));
#2440=CARTESIAN_POINT('',(-1.62549213350667,-6.5,-5.));
#2441=CARTESIAN_POINT('',(-1.62549213350667,-6.5,-5.));
#2442=CARTESIAN_POINT('',(-1.62549213350667,-9.5,-5.));
#2443=CARTESIAN_POINT('',(-4.19973665238033,-7.95945945945946,-5.));
#2444=CARTESIAN_POINT('',(-17.4999999998942,0.,-5.));
#2445=CARTESIAN_POINT('',(-4.19973665238033,7.95945945945946,-5.));
#2446=CARTESIAN_POINT('',(-1.62549213350667,9.5,-5.));
#2447=CARTESIAN_POINT('',(-1.62549213350667,6.5,-5.));
#2448=CARTESIAN_POINT('',(17.5,6.5,-5.));
#2449=CARTESIAN_POINT('',(1.62549213361245,6.5,-5.));
#2450=CARTESIAN_POINT('',(1.62549213361245,9.5,-5.));
#2451=CARTESIAN_POINT('',(2.3342491118961,5.5,-5.));
#2452=CARTESIAN_POINT('',(2.3342491118969,-5.5,-5.));
#2453=CARTESIAN_POINT('',(17.5,0.,-5.));
#2454=CARTESIAN_POINT('',(29.5,0.,-5.));
#2455=CARTESIAN_POINT('',(-17.4999999998942,0.,-5.));
#2456=CARTESIAN_POINT('',(-5.49999999989422,0.,-5.));
#2457=CARTESIAN_POINT('',(17.5,0.,-5.));
#2458=CARTESIAN_POINT('',(17.5,0.,5.));
#2459=CARTESIAN_POINT('',(31.05,0.,5.));
#2460=CARTESIAN_POINT('',(17.5,0.,-2.));
#2461=CARTESIAN_POINT('',(31.05,1.65939641284466E-15,-2.));
#2462=CARTESIAN_POINT('',(17.5,0.,6.));
#2463=CARTESIAN_POINT('',(17.5,0.,-2.));
#2464=CARTESIAN_POINT('',(29.5,0.,-2.));
#2465=CARTESIAN_POINT('',(17.5,0.,-2.));
#2466=CARTESIAN_POINT('',(-17.4999999998942,0.,5.));
#2467=CARTESIAN_POINT('',(-3.94999999989422,0.,5.));
#2468=CARTESIAN_POINT('',(-17.4999999998942,0.,-2.));
#2469=CARTESIAN_POINT('',(-3.94999999989422,1.65939641284466E-15,-2.));
#2470=CARTESIAN_POINT('',(-17.4999999998942,0.,6.));
#2471=CARTESIAN_POINT('',(-17.4999999998942,0.,-2.));
#2472=CARTESIAN_POINT('',(-5.49999999989422,0.,-2.));
#2473=CARTESIAN_POINT('',(-17.4999999998942,0.,-2.));
#2474=CARTESIAN_POINT('',(17.5,0.,-13.));
#2475=CARTESIAN_POINT('',(-17.4999999998942,0.,-13.));
#2476=CARTESIAN_POINT('',(-17.4999999998942,0.,6.));
#2477=CARTESIAN_POINT('',(17.5,0.,6.));
#2478=CARTESIAN_POINT('',(-1.62549213350667,-7.5,-5.));
#2479=CARTESIAN_POINT('',(-1.62549213350667,-7.5,-4.));
#2480=CARTESIAN_POINT('',(1.62549213361245,-7.5,-4.));
#2481=CARTESIAN_POINT('',(1.62549213361245,-7.5,-4.));
#2482=CARTESIAN_POINT('',(1.62549213361245,-7.5,0.));
#2483=CARTESIAN_POINT('',(75.4412022703625,-7.5,95.5882696937461));
#2484=CARTESIAN_POINT('',(2.3342491118969,-5.5,95.5882696937461));
#2485=CARTESIAN_POINT('',(1.62549213361245,7.5,95.5882696937461));
#2486=CARTESIAN_POINT('',(1.62549213361245,7.5,-4.));
#2487=CARTESIAN_POINT('',(75.4412022703625,7.5,-4.));
#2488=CARTESIAN_POINT('',(-1.62549213350667,7.5,-4.));
#2489=CARTESIAN_POINT('',(-1.62549213350667,7.5,95.5882696937461));
#2490=CARTESIAN_POINT('',(75.4412022703625,7.5,95.5882696937461));
#2491=CARTESIAN_POINT('',(2.3342491118961,5.5,95.5882696937461));
#2492=CARTESIAN_POINT('',(-17.4999999998942,0.,2.));
#2493=CARTESIAN_POINT('',(17.5,23.5,2.));
#2494=CARTESIAN_POINT('',(17.5,1.06581410364015E-14,2.));
#2495=CARTESIAN_POINT('',(-17.4999999998942,23.5,2.));
#2496=CARTESIAN_POINT('',(17.5,23.5,2.));
#2497=CARTESIAN_POINT('',(-17.4999999998942,0.,2.));
#2498=CARTESIAN_POINT('',(17.5,1.06581410364015E-14,2.));
#2499=CARTESIAN_POINT('',(17.5,-23.5,2.));
#2500=CARTESIAN_POINT('',(17.5,1.06581410364015E-14,2.));
#2501=CARTESIAN_POINT('',(-17.499999999988,-23.5,2.));
#2502=CARTESIAN_POINT('',(-17.499999999996,-23.5,2.));
#2503=CARTESIAN_POINT('',(-17.4999999998942,0.,2.));
#2504=CARTESIAN_POINT('',(-1.62549213350667,9.5,-4.));
#2505=CARTESIAN_POINT('',(-1.62549213350667,9.5,-5.));
#2506=CARTESIAN_POINT('',(1.62549213361245,9.5,-4.));
#2507=CARTESIAN_POINT('',(1.62549213361245,9.5,-5.));
#2508=CARTESIAN_POINT('',(-1.62549213350667,-9.5,-4.));
#2509=CARTESIAN_POINT('',(-1.62549213350667,-9.5,-5.));
#2510=CARTESIAN_POINT('',(1.62549213361245,-9.5,-4.));
#2511=CARTESIAN_POINT('',(1.62549213361245,-9.5,-5.));
#2512=CARTESIAN_POINT('',(-4.19973665238033,7.95945945945946,-4.));
#2513=CARTESIAN_POINT('',(-1.62549213350667,6.5,-4.));
#2514=CARTESIAN_POINT('',(-1.62549213350667,9.5,-4.));
#2515=CARTESIAN_POINT('',(1.62549213361245,6.5,-4.));
#2516=CARTESIAN_POINT('',(75.4412022703625,6.5,-4.));
#2517=CARTESIAN_POINT('',(-4.19973665238033,-7.95945945945946,-4.));
#2518=CARTESIAN_POINT('',(-17.4999999998942,0.,-4.));
#2519=CARTESIAN_POINT('',(4.19973665248611,7.95945945945946,-4.));
#2520=CARTESIAN_POINT('',(1.62549213361245,9.5,-4.));
#2521=CARTESIAN_POINT('',(-1.62549213350667,-6.5,-4.));
#2522=CARTESIAN_POINT('',(-1.62549213350667,-9.5,-4.));
#2523=CARTESIAN_POINT('',(4.19973665248611,-7.95945945945946,-4.));
#2524=CARTESIAN_POINT('',(17.5,0.,-4.));
#2525=CARTESIAN_POINT('',(1.62549213361245,-6.5,-4.));
#2526=CARTESIAN_POINT('',(17.5,-6.5,-4.));
#2527=CARTESIAN_POINT('',(1.62549213361245,-9.5,-4.));
#2528=MECHANICAL_DESIGN_GEOMETRIC_PRESENTATION_REPRESENTATION('',(#86),
#2529);
#2529=(
GEOMETRIC_REPRESENTATION_CONTEXT(3)
GLOBAL_UNCERTAINTY_ASSIGNED_CONTEXT((#2530))
GLOBAL_UNIT_ASSIGNED_CONTEXT((#2536,#2532,#2531))
REPRESENTATION_CONTEXT('WMD1012','TOP_LEVEL_ASSEMBLY_PART')
);
#2530=UNCERTAINTY_MEASURE_WITH_UNIT(LENGTH_MEASURE(0.0508),#2536,
'DISTANCE_ACCURACY_VALUE','Maximum Tolerance applied to model');
#2531=(
NAMED_UNIT(*)
SI_UNIT($,.STERADIAN.)
SOLID_ANGLE_UNIT()
);
#2532=(
CONVERSION_BASED_UNIT('DEGREE',#2534)
NAMED_UNIT(#2533)
PLANE_ANGLE_UNIT()
);
#2533=DIMENSIONAL_EXPONENTS(0.,0.,0.,0.,0.,0.,0.);
#2534=PLANE_ANGLE_MEASURE_WITH_UNIT(PLANE_ANGLE_MEASURE(0.0174532925),#2535);
#2535=(
NAMED_UNIT(*)
PLANE_ANGLE_UNIT()
SI_UNIT($,.RADIAN.)
);
#2536=(
LENGTH_UNIT()
NAMED_UNIT(*)
SI_UNIT(.MILLI.,.METRE.)
);
ENDSEC;
END-ISO-10303-21;
