# Wamoduck reference quasi-static gait / 参考准静态步态 | units: q in rad, tau in N.m, position in m | step_len=0.01 m, step_time=1.0 s, speed=0.01 m/s, foot_lift=0.0045 m, swing_window=0.3, stance_width=0.165 m | kinematic IK plan, not a trained policy and not hardware data
t_s,q_left_hip_yaw,q_left_hip_roll,q_left_hip_pitch,q_left_knee,q_left_ankle,q_right_hip_yaw,q_right_hip_roll,q_right_hip_pitch,q_right_knee,q_right_ankle,q_neck_pitch,q_head_pitch,q_head_yaw,q_head_roll,q_mouth,tau_left_hip_yaw,tau_left_hip_roll,tau_left_hip_pitch,tau_left_knee,tau_left_ankle,tau_right_hip_yaw,tau_right_hip_roll,tau_right_hip_pitch,tau_right_knee,tau_right_ankle,tau_neck_pitch,tau_head_pitch,tau_head_yaw,tau_head_roll,tau_mouth,base_x,base_y,base_z,base_roll_rad
0.000000,0.000319,0.000069,0.001031,-0.001897,0.000708,-0.000467,-0.000050,0.001812,-0.003294,0.001354,0.000000,0.000000,0.000000,-0.000000,0.000000,-0.003398,0.000555,-0.013613,0.024680,-0.010290,0.004221,-0.000675,-0.017753,0.032099,-0.013661,0.000000,0.000000,-0.000000,0.000000,0.000000,0.000000,0.000000,0.177616,0.000000
0.100000,0.000638,-0.000106,0.002476,-0.004499,0.001848,-0.000846,0.000146,0.003588,-0.006486,0.002770,0.000000,0.000000,0.000000,-0.000000,0.000000,-0.006630,0.002233,-0.028519,0.051474,-0.022113,0.007762,-0.002506,-0.034415,0.062018,-0.026949,0.000000,0.000000,-0.000000,0.000000,0.000000,0.000000,0.000000,0.177547,0.000000
0.200000,0.001573,-0.000578,0.006976,-0.012572,0.005469,-0.001787,0.000610,0.007943,-0.014314,0.006226,0.000000,0.000000,0.000000,-0.000000,0.000000,-0.013642,0.005761,-0.061977,0.111496,-0.048949,0.014817,-0.006057,-0.067269,0.121022,-0.053051,0.000000,0.000000,0.000000,0.000000,0.000000,0.000000,0.000000,0.177382,0.000000
0.300000,0.003032,-0.001279,0.013775,-0.024783,0.010880,-0.003256,0.001354,0.014830,-0.026677,0.011710,0.000000,0.000000,0.000000,-0.000000,0.000000,-0.023481,0.010473,-0.107679,0.193530,-0.085244,0.024653,-0.011048,-0.113170,0.203380,-0.089500,-0.000000,0.000000,-0.000000,0.000000,0.000000,0.000000,0.000000,0.177123,0.000000
0.400000,0.004950,-0.002235,0.022775,-0.040925,0.018049,-0.005186,0.002365,0.023929,-0.042990,0.018956,0.000000,0.000000,0.000000,-0.000000,0.000000,-0.035225,0.016414,-0.162717,0.292159,-0.129011,0.036473,-0.017369,-0.169007,0.303384,-0.133945,-0.000000,-0.000000,0.000000,-0.000000,0.000000,0.000000,0.000000,0.176779,0.000000
0.500000,0.007316,-0.003382,0.033672,-0.060464,0.026660,-0.007567,0.003578,0.034932,-0.062713,0.027645,0.000000,0.000000,0.000000,-0.000000,0.000000,-0.048995,0.023195,-0.226001,0.405541,-0.178964,0.050340,-0.024532,-0.232867,0.417770,-0.184321,-0.000000,-0.000000,-0.000000,-0.000000,0.000000,0.000000,0.000000,0.176356,0.000000
0.600000,0.009983,-0.004783,0.046228,-0.082920,0.036633,-0.010252,0.005057,0.047614,-0.085386,0.037714,0.000000,0.000000,0.000000,-0.000000,0.000000,-0.063915,0.031130,-0.295874,0.530401,-0.234353,0.065347,-0.032938,-0.303584,0.544054,-0.240364,0.000000,0.000000,0.000000,0.000000,0.000000,0.000000,0.000000,0.175866,0.000000
0.700000,0.012976,-0.006320,0.059996,-0.107546,0.047500,-0.013270,0.006681,0.061505,-0.110230,0.048676,0.000000,0.000000,0.000000,-0.000000,0.000000,-0.080100,0.039645,-0.370197,0.663195,-0.292988,0.081668,-0.041898,-0.378443,0.677801,-0.299370,-0.000000,0.000000,0.000000,-0.000000,0.000000,0.000000,0.000000,0.175321,0.000000
0.800000,0.016193,-0.007996,0.074649,-0.133739,0.059048,-0.016502,0.008501,0.076548,-0.137072,0.060573,0.000000,0.000000,0.000000,-0.000000,0.000000,-0.096984,0.048590,-0.447053,0.800295,-0.353239,0.098825,-0.051632,-0.457252,0.818418,-0.361688,0.000000,0.000000,0.000000,0.000000,0.000000,0.000000,0.000000,0.174734,0.000000
0.900000,0.019514,-0.009832,0.089955,-0.161036,0.071153,-0.019843,0.010389,0.091777,-0.164237,0.072540,0.000000,0.000000,0.000000,-0.000000,0.000000,-0.116905,0.058366,-0.522915,0.939921,-0.417773,0.119045,-0.061677,-0.532453,0.957213,-0.425605,-0.000000,0.000000,0.000000,0.000000,0.000000,0.000000,0.000000,0.174119,0.000000
1.000000,0.022799,-0.011684,0.105415,-0.188415,0.083114,-0.023135,0.012344,0.107404,-0.191869,0.084590,0.000000,0.000000,0.000000,-0.000000,0.000000,-0.136357,0.067987,-0.597448,1.076466,-0.480122,0.138681,-0.071805,-0.607830,1.095219,-0.488537,-0.000000,-0.000000,0.000000,-0.000000,0.000000,0.000000,0.000000,0.173492,0.000000
1.100000,0.028315,-0.013696,0.118767,-0.215555,0.097068,-0.029020,0.014479,0.120604,-0.219273,0.098976,0.000000,0.000000,0.000000,-0.000000,0.000000,-0.166497,0.078195,-0.659821,1.208857,-0.551090,0.170586,-0.082661,-0.669462,1.228891,-0.561671,0.000000,0.000000,0.000000,0.000000,0.000000,0.000000,0.000000,0.172868,0.000000
1.200000,0.034080,-0.015668,0.131101,-0.241475,0.110771,-0.034925,0.016562,0.133209,-0.245788,0.113009,0.000000,0.000000,0.000000,-0.000000,0.000000,-0.197264,0.087968,-0.715627,1.332229,-0.619366,0.202094,-0.092975,-0.726465,1.355062,-0.631581,-0.000000,0.000000,-0.000000,0.000000,0.000000,0.000000,0.000000,0.172263,0.000000
1.300000,0.039595,-0.017625,0.142754,-0.266099,0.123950,-0.040365,0.018621,0.144856,-0.270312,0.126111,0.000000,0.000000,0.000000,-0.000000,0.000000,-0.223779,0.097287,-0.768467,1.445889,-0.681239,0.227772,-0.102796,-0.779734,1.468324,-0.692759,0.000000,-0.000000,0.000000,-0.000000,0.000000,0.000000,0.000000,0.171691,0.000000
1.400000,0.044571,-0.019416,0.153407,-0.288505,0.135850,-0.045410,0.020508,0.155622,-0.292983,0.138169,0.000000,0.000000,0.000000,-0.000000,0.000000,-0.245898,0.105532,-0.816230,1.546164,-0.734554,0.249751,-0.111423,-0.828078,1.569256,-0.746125,-0.000000,0.000000,-0.000000,0.000000,0.000000,0.000000,0.000000,0.171166,0.000000
1.500000,0.049006,-0.021018,0.162526,-0.307923,0.146275,-0.049824,0.022253,0.165054,-0.312875,0.148853,0.000000,0.000000,0.000000,-0.000000,0.000000,-0.263517,0.112416,-0.856097,1.628643,-0.777653,0.267131,-0.118950,-0.869806,1.654341,-0.790434,-0.000000,0.000000,-0.000000,-0.000000,0.000000,0.000000,0.000000,0.170702,0.000000
1.600000,0.052618,-0.022456,0.170482,-0.324566,0.155181,-0.053211,0.023698,0.173179,-0.329430,0.157423,0.000000,0.000000,0.000000,-0.000000,0.000000,-0.277067,0.118309,-0.888788,1.695325,-0.812623,0.279853,-0.124832,-0.902936,1.720378,-0.823937,-0.000000,-0.000000,0.000000,0.000000,0.000000,0.000000,0.000000,0.170310,0.000000
1.700000,0.054510,-0.023509,0.177503,-0.337463,0.161145,-0.054776,0.024785,0.180576,-0.342427,0.163102,0.000000,0.000000,0.000000,-0.000000,0.000000,-0.282179,0.122130,-0.915865,1.742114,-0.832665,0.283323,-0.128714,-0.931692,1.767329,-0.842356,0.000000,0.000000,0.000000,-0.000000,0.000000,0.000000,0.000000,0.169999,0.000000
1.800000,0.055719,-0.024252,0.182609,-0.346604,0.165233,-0.056391,0.025594,0.185380,-0.351676,0.167616,0.000000,0.000000,0.000000,-0.000000,0.000000,-0.285399,0.124217,-0.933173,1.769016,-0.842308,0.288996,-0.131085,-0.947494,1.794766,-0.854171,0.000000,-0.000000,-0.000000,0.000000,0.000000,0.000000,0.000000,0.169777,0.000000
1.900000,0.056635,-0.024694,0.185330,-0.351845,0.167791,-0.057303,0.026061,0.188143,-0.356972,0.170191,0.000000,0.000000,0.000000,-0.000000,0.000000,-0.300927,0.125139,-0.946371,1.781929,-0.842429,0.305180,-0.132065,-0.960093,1.806907,-0.854168,0.000000,0.000000,-0.000000,0.000000,0.000000,0.000000,0.000000,0.169650,0.000000
2.000000,0.056860,-0.024804,0.186005,-0.353142,0.168423,-0.057768,0.026178,0.188970,-0.358318,0.170726,0.000000,0.000000,0.000000,-0.000000,0.000000,-0.301017,0.125753,-0.966157,1.828264,-0.869072,0.319109,-0.131442,-0.965631,1.803136,-0.845190,-0.000000,-0.000000,0.000000,-0.000000,0.000000,0.000000,-0.000000,0.169618,0.000000
2.100000,0.068288,-0.024809,0.192556,-0.354499,0.163507,-0.069189,0.026180,0.195546,-0.359690,0.165817,0.000000,0.000000,0.000000,-0.000000,0.000000,-0.328909,0.126009,-1.018920,1.907003,-0.895707,0.388491,-0.130445,-1.002046,1.803562,-0.810925,0.000000,-0.000000,-0.000000,-0.000000,0.000000,0.001000,-0.000000,0.169618,0.000000
2.200000,0.070594,-0.025517,0.210092,-0.391606,0.183222,-0.080551,0.026016,0.201825,-0.360552,0.160679,0.000000,0.000000,0.000000,-0.000000,0.000000,-0.292301,0.126651,-1.079893,2.106584,-1.033749,0.456539,-0.128772,-1.040515,1.805515,-0.776018,-0.000000,0.000000,0.000000,0.000000,0.000000,0.002000,-0.000000,0.169618,0.000000
2.300000,0.049378,-0.026350,0.231914,-0.459439,0.228725,-0.091852,0.025689,0.207797,-0.360893,0.155309,0.000000,0.000000,0.000000,-0.000000,0.000000,-0.107790,0.122442,-1.118674,2.370805,-1.255193,0.512114,-0.126258,-1.071217,1.804724,-0.745699,0.000000,0.000000,0.000000,0.000000,0.000000,0.003000,-0.000000,0.169618,0.000000
2.400000,0.010979,-0.024510,0.214829,-0.480617,0.265947,-0.101865,0.025142,0.214576,-0.360671,0.148508,0.000000,0.000000,0.000000,-0.000000,0.000000,0.135816,0.105043,-0.942323,2.333623,-1.388847,0.560407,-0.122674,-1.104831,1.800912,-0.709095,-0.000000,-0.000000,-0.000000,-0.000000,0.000000,0.004000,-0.000000,0.169618,0.000000
2.500000,-0.043764,-0.017845,0.163319,-0.425122,0.260923,-0.111488,0.024431,0.221322,-0.359900,0.141152,0.000000,0.000000,0.000000,-0.000000,0.000000,0.392846,0.069753,-0.636500,1.937402,-1.293759,0.608305,-0.118332,-1.136809,1.794373,-0.671232,-0.000000,-0.000000,-0.000000,0.000000,0.000000,0.005000,-0.000000,0.169618,0.000000
2.600000,-0.086948,-0.011066,0.101801,-0.334340,0.231516,-0.121211,0.023578,0.227578,-0.358590,0.133720,0.000000,0.000000,0.000000,-0.000000,0.000000,0.551767,0.040001,-0.355980,1.458534,-1.095814,0.657942,-0.113346,-1.165150,1.785152,-0.634203,-0.000000,-0.000000,0.000000,0.000000,0.000000,0.006000,-0.000000,0.169618,0.000000
2.700000,-0.094930,-0.009765,0.078243,-0.294389,0.215137,-0.132343,0.022623,0.232143,-0.356788,0.127492,0.000000,0.000000,0.000000,-0.000000,0.000000,0.515670,0.043022,-0.309822,1.324735,-1.009474,0.715201,-0.107873,-1.184460,1.773460,-0.603746,-0.000000,-0.000000,-0.000000,0.000000,0.000000,0.007000,-0.000000,0.169618,0.000000
2.800000,-0.083999,-0.011794,0.088942,-0.301914,0.211886,-0.143385,0.021510,0.236375,-0.354433,0.120999,0.000000,0.000000,0.000000,-0.000000,0.000000,0.392989,0.063780,-0.448915,1.478134,-1.023820,0.771885,-0.101594,-1.202172,1.758978,-0.571848,-0.000000,0.000000,-0.000000,0.000000,0.000000,0.008000,-0.000000,0.169618,0.000000
2.900000,-0.073207,-0.013659,0.099474,-0.308884,0.208302,-0.154360,0.020240,0.240243,-0.351522,0.114266,0.000000,0.000000,0.000000,-0.000000,0.000000,0.312813,0.077220,-0.548957,1.577161,-1.022747,0.825664,-0.094493,-1.220626,1.742336,-0.536718,-0.000000,0.000000,0.000000,0.000000,0.000000,0.009000,-0.000000,0.169618,0.000000
3.000000,-0.062508,-0.015426,0.110042,-0.315694,0.204630,-0.165266,0.018816,0.243738,-0.348046,0.107288,0.000000,0.000000,0.000000,-0.000000,0.000000,0.259465,0.085333,-0.601732,1.609712,-1.003186,0.873781,-0.088639,-1.266958,1.778721,-0.526760,0.000000,0.000000,-0.000000,-0.000000,0.000000,0.010000,-0.000000,0.169618,0.000000
3.100000,-0.051967,-0.016973,0.120211,-0.321583,0.200427,-0.175598,0.017232,0.247122,-0.343716,0.099500,0.000000,0.000000,0.000000,0.000000,0.000000,0.205296,0.092437,-0.649588,1.636286,-0.982533,0.913151,-0.084843,-1.325724,1.851362,-0.540659,-0.000000,-0.000000,0.000000,0.000000,0.000000,0.011000,0.000000,0.169618,-0.000000
3.200000,-0.041538,-0.018360,0.130173,-0.326925,0.195921,-0.181483,0.016932,0.272692,-0.379861,0.110163,0.000000,0.000000,0.000000,0.000000,0.000000,0.150627,0.098771,-0.695245,1.659908,-0.961279,0.912935,-0.088245,-1.464301,2.077026,-0.628460,-0.000000,-0.000000,0.000000,0.000000,0.000000,0.012000,0.000000,0.169618,-0.000000
3.300000,-0.029747,-0.019706,0.138482,-0.331613,0.192472,-0.183800,0.019000,0.312059,-0.456780,0.148101,0.000000,0.000000,0.000000,0.000000,0.000000,0.089085,0.104877,-0.732547,1.680271,-0.945384,0.887165,-0.102121,-1.619445,2.421483,-0.819443,0.000000,0.000000,0.000000,-0.000000,0.000000,0.013000,0.000000,0.169618,-0.000000
3.400000,-0.016936,-0.020969,0.145501,-0.335733,0.189798,-0.170458,0.021743,0.329483,-0.497996,0.172138,0.000000,0.000000,0.000000,0.000000,0.000000,0.022309,0.110592,-0.763670,1.698453,-0.933772,0.795489,-0.116504,-1.622473,2.508150,-0.903859,0.000000,0.000000,-0.000000,0.000000,0.000000,0.014000,0.000000,0.169618,-0.000000
3.500000,-0.004178,-0.022057,0.152256,-0.339341,0.186906,-0.150261,0.023324,0.300851,-0.466328,0.168853,0.000000,0.000000,0.000000,0.000000,0.000000,-0.042891,0.115309,-0.795113,1.714763,-0.920078,0.691073,-0.121123,-1.413987,2.221274,-0.823581,-0.000000,-0.000000,-0.000000,0.000000,0.000000,0.015000,0.000000,0.169618,-0.000000
3.600000,0.008537,-0.022974,0.158892,-0.342679,0.183888,-0.134686,0.023463,0.251310,-0.394991,0.146736,0.000000,0.000000,0.000000,0.000000,0.000000,-0.106271,0.119036,-0.827517,1.729861,-0.904282,0.640624,-0.117199,-1.145865,1.805269,-0.673884,-0.000000,0.000000,-0.000000,-0.000000,0.000000,0.016000,0.000000,0.169618,-0.000000
3.700000,0.021279,-0.023726,0.165534,-0.346036,0.180903,-0.132343,0.022623,0.232143,-0.356788,0.127492,0.000000,0.000000,0.000000,0.000000,0.000000,-0.168662,0.121873,-0.860967,1.745051,-0.887572,0.665081,-0.109388,-1.084137,1.640022,-0.569621,0.000000,-0.000000,0.000000,-0.000000,0.000000,0.017000,0.000000,0.169618,-0.000000
3.800000,0.033933,-0.024303,0.171951,-0.348914,0.177676,-0.143385,0.021510,0.236375,-0.354433,0.120999,0.000000,0.000000,0.000000,0.000000,0.000000,-0.230080,0.123807,-0.893633,1.757641,-0.869057,0.752709,-0.101784,-1.168407,1.707544,-0.553713,-0.000000,0.000000,-0.000000,-0.000000,0.000000,0.018000,0.000000,0.169618,-0.000000
3.900000,0.045752,-0.024657,0.178820,-0.351289,0.173480,-0.154360,0.020240,0.240243,-0.351522,0.114266,0.000000,0.000000,0.000000,0.000000,0.000000,-0.287388,0.124666,-0.928110,1.767964,-0.846354,0.825407,-0.094467,-1.219462,1.740349,-0.535889,-0.000000,-0.000000,-0.000000,0.000000,0.000000,0.019000,0.000000,0.169618,-0.000000
4.000000,0.056860,-0.024804,0.186005,-0.353142,0.168423,-0.165266,0.018816,0.243738,-0.348046,0.107288,0.000000,0.000000,0.000000,-0.000000,0.000000,-0.328295,0.125676,-0.979128,1.824927,-0.853420,0.878415,-0.086565,-1.237126,1.721153,-0.498696,-0.000000,-0.000000,-0.000000,0.000000,0.000000,0.020000,-0.000000,0.169618,0.000000
4.100000,0.068288,-0.024809,0.192556,-0.354499,0.163507,-0.175598,0.017232,0.247122,-0.343716,0.099500,0.000000,0.000000,0.000000,-0.000000,0.000000,-0.343104,0.126044,-1.027331,1.907487,-0.888127,0.928238,-0.077885,-1.253498,1.696634,-0.457112,-0.000000,-0.000000,0.000000,-0.000000,0.000000,0.021000,-0.000000,0.169618,0.000000
4.200000,0.070594,-0.025517,0.210092,-0.391606,0.183222,-0.185088,0.015495,0.251082,-0.339159,0.090835,0.000000,0.000000,0.000000,-0.000000,0.000000,-0.293666,0.126663,-1.080694,2.106781,-1.033180,0.974157,-0.068465,-1.272413,1.670937,-0.411423,0.000000,0.000000,0.000000,0.000000,0.000000,0.022000,-0.000000,0.169618,0.000000
4.300000,0.049378,-0.026350,0.231914,-0.459439,0.228725,-0.194532,0.013619,0.254576,-0.333958,0.081927,0.000000,0.000000,0.000000,-0.000000,0.000000,-0.107790,0.122442,-1.118674,2.370805,-1.255193,1.021450,-0.058376,-1.287718,1.642360,-0.366149,0.000000,0.000000,-0.000000,-0.000000,0.000000,0.023000,-0.000000,0.169618,0.000000
4.400000,0.010979,-0.024510,0.214829,-0.480617,0.265947,-0.204043,0.011606,0.257521,-0.328152,0.072898,0.000000,0.000000,0.000000,-0.000000,0.000000,0.135816,0.105043,-0.942323,2.333623,-1.388847,1.070138,-0.047626,-1.299009,1.610391,-0.321164,-0.000000,-0.000000,0.000000,-0.000000,0.000000,0.024000,-0.000000,0.169618,0.000000
4.500000,-0.043764,-0.017845,0.163319,-0.425122,0.260923,-0.214582,0.009458,0.259036,-0.321768,0.064663,0.000000,0.000000,0.000000,-0.000000,0.000000,0.392846,0.069753,-0.636500,1.937402,-1.293759,1.123914,-0.036135,-1.302866,1.575001,-0.279727,0.000000,0.000000,-0.000000,0.000000,0.000000,0.025000,-0.000000,0.169618,0.000000
4.600000,-0.086948,-0.011066,0.101801,-0.334340,0.231516,-0.225037,0.007171,0.260196,-0.314861,0.056183,0.000000,0.000000,0.000000,-0.000000,0.000000,0.551767,0.040001,-0.355980,1.458534,-1.095814,1.177093,-0.024029,-1.305383,1.537515,-0.237300,-0.000000,-0.000000,-0.000000,-0.000000,0.000000,0.026000,-0.000000,0.169618,0.000000
4.700000,-0.094930,-0.009765,0.078243,-0.294389,0.215137,-0.235404,0.004691,0.260652,-0.306871,0.047109,0.000000,0.000000,0.000000,-0.000000,0.000000,0.515670,0.043022,-0.309822,1.324735,-1.009474,1.228970,-0.010953,-1.307242,1.497448,-0.191818,0.000000,0.000000,0.000000,-0.000000,0.000000,0.027000,-0.000000,0.169618,0.000000
4.800000,-0.083999,-0.011794,0.088942,-0.301914,0.211886,-0.245634,0.002143,0.260980,-0.298705,0.038051,0.000000,0.000000,0.000000,-0.000000,0.000000,0.392989,0.063780,-0.448915,1.478134,-1.023820,1.280627,0.002485,-1.311810,1.461709,-0.148225,0.000000,0.000000,-0.000000,0.000000,0.000000,0.028000,-0.000000,0.169618,0.000000
4.900000,-0.073207,-0.013659,0.099474,-0.308884,0.208302,-0.256042,-0.000546,0.261906,-0.291676,0.029428,0.000000,0.000000,0.000000,-0.000000,0.000000,0.312813,0.077220,-0.548957,1.577161,-1.022747,1.331498,0.016467,-1.321765,1.433533,-0.106391,0.000000,0.000000,-0.000000,0.000000,0.000000,0.029000,-0.000000,0.169618,0.000000
5.000000,-0.062508,-0.015426,0.110042,-0.315694,0.204630,-0.267103,-0.003393,0.265426,-0.289126,0.022572,0.000000,0.000000,0.000000,-0.000000,0.000000,0.259465,0.085333,-0.601732,1.609712,-1.003186,1.373726,0.025706,-1.368525,1.485079,-0.108586,-0.000000,0.000000,-0.000000,0.000000,0.000000,0.030000,-0.000000,0.169618,0.000000
5.100000,-0.051967,-0.016973,0.120211,-0.321583,0.200427,-0.276658,-0.006349,0.270139,-0.286358,0.014217,0.000000,0.000000,0.000000,0.000000,0.000000,0.205296,0.092437,-0.649588,1.636286,-0.982533,1.386440,0.027727,-1.434011,1.582762,-0.139828,-0.000000,-0.000000,-0.000000,0.000000,0.000000,0.031000,0.000000,0.169618,-0.000000
5.200000,-0.041538,-0.018360,0.130173,-0.326925,0.195921,-0.277499,-0.005463,0.292302,-0.325040,0.031025,0.000000,0.000000,0.000000,0.000000,0.000000,0.150627,0.098771,-0.695245,1.659908,-0.961279,1.330503,0.007877,-1.556543,1.847863,-0.287305,0.000000,-0.000000,-0.000000,0.000000,0.000000,0.032000,0.000000,0.169618,-0.000000
5.300000,-0.029747,-0.019706,0.138482,-0.331613,0.192472,-0.260478,0.002075,0.327938,-0.409486,0.081886,0.000000,0.000000,0.000000,0.000000,0.000000,0.089085,0.104877,-0.732547,1.680271,-0.945384,1.180640,-0.041710,-1.682114,2.245522,-0.571431,0.000000,-0.000000,0.000000,-0.000000,0.000000,0.033000,0.000000,0.169618,-0.000000
5.400000,-0.016936,-0.020969,0.145501,-0.335733,0.189798,-0.222969,0.012275,0.345952,-0.474558,0.131181,0.000000,0.000000,0.000000,0.000000,0.000000,0.022309,0.110592,-0.763670,1.698453,-0.933772,0.950019,-0.095509,-1.683420,2.455066,-0.790365,-0.000000,-0.000000,0.000000,-0.000000,0.000000,0.034000,0.000000,0.169618,-0.000000
5.500000,-0.004178,-0.022057,0.152256,-0.339341,0.186906,-0.178246,0.019821,0.310440,-0.458726,0.151704,0.000000,0.000000,0.000000,0.000000,0.000000,-0.042891,0.115309,-0.795113,1.714763,-0.920078,0.737127,-0.124556,-1.443403,2.242175,-0.819125,-0.000000,-0.000000,0.000000,-0.000000,0.000000,0.035000,0.000000,0.169618,-0.000000
5.600000,0.008537,-0.022974,0.158892,-0.342679,0.183888,-0.142132,0.022747,0.254308,-0.393604,0.142428,0.000000,0.000000,0.000000,0.000000,0.000000,-0.106271,0.119036,-0.827517,1.729861,-0.904282,0.611858,-0.125750,-1.141373,1.828785,-0.703713,-0.000000,0.000000,-0.000000,-0.000000,0.000000,0.036000,0.000000,0.169618,-0.000000
5.700000,0.021279,-0.023726,0.165534,-0.346036,0.180903,-0.132343,0.022623,0.232143,-0.356788,0.127492,0.000000,0.000000,0.000000,0.000000,0.000000,-0.168662,0.121873,-0.860967,1.745051,-0.887572,0.629522,-0.114135,-1.071275,1.650608,-0.593095,0.000000,0.000000,-0.000000,0.000000,0.000000,0.037000,0.000000,0.169618,-0.000000
5.800000,0.033933,-0.024303,0.171951,-0.348914,0.177676,-0.143385,0.021510,0.236375,-0.354433,0.120999,0.000000,0.000000,0.000000,0.000000,0.000000,-0.230080,0.123807,-0.893633,1.757641,-0.869057,0.742728,-0.102874,-1.163388,1.709642,-0.560750,-0.000000,0.000000,0.000000,-0.000000,0.000000,0.038000,0.000000,0.169618,-0.000000
5.900000,0.045752,-0.024657,0.178820,-0.351289,0.173480,-0.154360,0.020240,0.240243,-0.351522,0.114266,0.000000,0.000000,0.000000,0.000000,0.000000,-0.287388,0.124666,-0.928110,1.767964,-0.846354,0.825226,-0.094483,-1.219389,1.740382,-0.535992,0.000000,-0.000000,0.000000,0.000000,0.000000,0.039000,0.000000,0.169618,-0.000000
6.000000,0.056860,-0.024804,0.186005,-0.353142,0.168423,-0.165266,0.018816,0.243738,-0.348046,0.107288,0.000000,0.000000,0.000000,-0.000000,0.000000,-0.328295,0.125676,-0.979128,1.824927,-0.853420,0.878415,-0.086565,-1.237126,1.721153,-0.498696,0.000000,0.000000,0.000000,-0.000000,0.000000,0.040000,-0.000000,0.169618,0.000000
6.100000,0.068288,-0.024809,0.192556,-0.354499,0.163507,-0.175598,0.017232,0.247122,-0.343716,0.099500,0.000000,0.000000,0.000000,-0.000000,0.000000,-0.343104,0.126044,-1.027331,1.907487,-0.888127,0.928238,-0.077885,-1.253498,1.696634,-0.457112,0.000000,-0.000000,-0.000000,-0.000000,0.000000,0.041000,-0.000000,0.169618,0.000000
6.200000,0.070594,-0.025517,0.210092,-0.391606,0.183222,-0.185088,0.015495,0.251082,-0.339159,0.090835,0.000000,0.000000,0.000000,-0.000000,0.000000,-0.293666,0.126663,-1.080694,2.106781,-1.033180,0.974157,-0.068465,-1.272413,1.670937,-0.411423,0.000000,0.000000,-0.000000,0.000000,0.000000,0.042000,-0.000000,0.169618,0.000000
6.300000,0.049378,-0.026350,0.231914,-0.459439,0.228725,-0.194532,0.013619,0.254576,-0.333958,0.081927,0.000000,0.000000,0.000000,-0.000000,0.000000,-0.107790,0.122442,-1.118674,2.370805,-1.255193,1.021450,-0.058376,-1.287718,1.642360,-0.366149,0.000000,0.000000,-0.000000,-0.000000,0.000000,0.043000,-0.000000,0.169618,0.000000
6.400000,0.010979,-0.024510,0.214829,-0.480617,0.265947,-0.204043,0.011606,0.257521,-0.328152,0.072898,0.000000,0.000000,0.000000,-0.000000,0.000000,0.135816,0.105043,-0.942323,2.333623,-1.388847,1.070138,-0.047626,-1.299009,1.610391,-0.321164,0.000000,-0.000000,-0.000000,0.000000,0.000000,0.044000,-0.000000,0.169618,0.000000
6.500000,-0.043764,-0.017845,0.163319,-0.425122,0.260923,-0.214582,0.009458,0.259036,-0.321768,0.064663,0.000000,0.000000,0.000000,-0.000000,0.000000,0.392846,0.069753,-0.636500,1.937402,-1.293759,1.123914,-0.036135,-1.302866,1.575001,-0.279727,-0.000000,0.000000,-0.000000,0.000000,0.000000,0.045000,-0.000000,0.169618,0.000000
6.600000,-0.086948,-0.011066,0.101801,-0.334340,0.231516,-0.225037,0.007171,0.260196,-0.314861,0.056183,0.000000,0.000000,0.000000,-0.000000,0.000000,0.551767,0.040001,-0.355980,1.458534,-1.095814,1.177093,-0.024029,-1.305383,1.537515,-0.237300,0.000000,0.000000,-0.000000,-0.000000,0.000000,0.046000,-0.000000,0.169618,0.000000
6.700000,-0.094930,-0.009765,0.078243,-0.294389,0.215137,-0.235404,0.004691,0.260652,-0.306871,0.047109,0.000000,0.000000,0.000000,-0.000000,0.000000,0.515670,0.043022,-0.309822,1.324735,-1.009474,1.228970,-0.010953,-1.307242,1.497448,-0.191818,0.000000,0.000000,-0.000000,-0.000000,0.000000,0.047000,-0.000000,0.169618,0.000000
6.800000,-0.083999,-0.011794,0.088942,-0.301914,0.211886,-0.245634,0.002143,0.260980,-0.298705,0.038051,0.000000,0.000000,0.000000,-0.000000,0.000000,0.392989,0.063780,-0.448915,1.478134,-1.023820,1.280627,0.002485,-1.311810,1.461709,-0.148225,0.000000,-0.000000,0.000000,-0.000000,0.000000,0.048000,-0.000000,0.169618,0.000000
6.900000,-0.073207,-0.013659,0.099474,-0.308884,0.208302,-0.256042,-0.000546,0.261906,-0.291676,0.029428,0.000000,0.000000,0.000000,-0.000000,0.000000,0.312813,0.077220,-0.548957,1.577161,-1.022747,1.331498,0.016467,-1.321765,1.433533,-0.106391,0.000000,-0.000000,0.000000,0.000000,0.000000,0.049000,-0.000000,0.169618,0.000000
7.000000,-0.062508,-0.015426,0.110042,-0.315694,0.204630,-0.267103,-0.003393,0.265426,-0.289126,0.022572,0.000000,0.000000,0.000000,-0.000000,0.000000,0.259465,0.085333,-0.601732,1.609712,-1.003186,1.373726,0.025706,-1.368525,1.485079,-0.108586,0.000000,-0.000000,-0.000000,0.000000,0.000000,0.050000,-0.000000,0.169618,0.000000
7.100000,-0.051967,-0.016973,0.120211,-0.321583,0.200427,-0.276658,-0.006349,0.270139,-0.286358,0.014217,0.000000,0.000000,0.000000,0.000000,0.000000,0.205296,0.092437,-0.649588,1.636286,-0.982533,1.386440,0.027727,-1.434011,1.582762,-0.139828,-0.000000,0.000000,-0.000000,0.000000,0.000000,0.051000,0.000000,0.169618,-0.000000
7.200000,-0.041538,-0.018360,0.130173,-0.326925,0.195921,-0.277499,-0.005463,0.292302,-0.325040,0.031025,0.000000,0.000000,0.000000,0.000000,0.000000,0.150627,0.098771,-0.695245,1.659908,-0.961279,1.330503,0.007877,-1.556543,1.847863,-0.287305,-0.000000,-0.000000,0.000000,0.000000,0.000000,0.052000,0.000000,0.169618,-0.000000
7.300000,-0.029747,-0.019706,0.138482,-0.331613,0.192472,-0.260478,0.002075,0.327938,-0.409486,0.081886,0.000000,0.000000,0.000000,0.000000,0.000000,0.089085,0.104877,-0.732547,1.680271,-0.945384,1.180640,-0.041710,-1.682114,2.245522,-0.571431,0.000000,-0.000000,-0.000000,0.000000,0.000000,0.053000,0.000000,0.169618,-0.000000
7.400000,-0.016936,-0.020969,0.145501,-0.335733,0.189798,-0.222969,0.012275,0.345952,-0.474558,0.131181,0.000000,0.000000,0.000000,0.000000,0.000000,0.022309,0.110592,-0.763670,1.698453,-0.933772,0.950019,-0.095509,-1.683420,2.455066,-0.790365,-0.000000,-0.000000,0.000000,0.000000,0.000000,0.054000,0.000000,0.169618,-0.000000
7.500000,-0.004178,-0.022057,0.152256,-0.339341,0.186906,-0.178246,0.019821,0.310440,-0.458726,0.151704,0.000000,0.000000,0.000000,0.000000,0.000000,-0.042891,0.115309,-0.795113,1.714763,-0.920078,0.737127,-0.124556,-1.443403,2.242175,-0.819125,-0.000000,-0.000000,0.000000,0.000000,0.000000,0.055000,0.000000,0.169618,-0.000000
7.600000,0.008537,-0.022974,0.158892,-0.342679,0.183888,-0.142132,0.022747,0.254308,-0.393604,0.142428,0.000000,0.000000,0.000000,0.000000,0.000000,-0.106271,0.119036,-0.827517,1.729861,-0.904282,0.611858,-0.125750,-1.141373,1.828785,-0.703713,0.000000,0.000000,0.000000,0.000000,0.000000,0.056000,0.000000,0.169618,-0.000000
7.700000,0.021279,-0.023726,0.165534,-0.346036,0.180903,-0.132343,0.022623,0.232143,-0.356788,0.127492,0.000000,0.000000,0.000000,0.000000,0.000000,-0.168662,0.121873,-0.860967,1.745051,-0.887572,0.629522,-0.114135,-1.071275,1.650608,-0.593095,0.000000,0.000000,-0.000000,0.000000,0.000000,0.057000,0.000000,0.169618,-0.000000
7.800000,0.033933,-0.024303,0.171951,-0.348914,0.177676,-0.143385,0.021510,0.236375,-0.354433,0.120999,0.000000,0.000000,0.000000,0.000000,0.000000,-0.230080,0.123807,-0.893633,1.757641,-0.869057,0.742728,-0.102874,-1.163388,1.709642,-0.560750,0.000000,0.000000,0.000000,0.000000,0.000000,0.058000,0.000000,0.169618,-0.000000
7.900000,0.045752,-0.024657,0.178820,-0.351289,0.173480,-0.154360,0.020240,0.240243,-0.351522,0.114266,0.000000,0.000000,0.000000,0.000000,0.000000,-0.287388,0.124666,-0.928110,1.767964,-0.846354,0.825226,-0.094483,-1.219389,1.740382,-0.535992,0.000000,0.000000,0.000000,-0.000000,0.000000,0.059000,0.000000,0.169618,-0.000000
8.000000,0.056860,-0.024804,0.186005,-0.353142,0.168423,-0.165266,0.018816,0.243738,-0.348046,0.107288,0.000000,0.000000,0.000000,-0.000000,0.000000,-0.328295,0.125676,-0.979128,1.824927,-0.853420,0.878415,-0.086565,-1.237126,1.721153,-0.498696,0.000000,0.000000,0.000000,-0.000000,0.000000,0.060000,-0.000000,0.169618,0.000000
8.100000,0.068288,-0.024809,0.192556,-0.354499,0.163507,-0.175598,0.017232,0.247122,-0.343716,0.099500,0.000000,0.000000,0.000000,-0.000000,0.000000,-0.343104,0.126044,-1.027331,1.907487,-0.888127,0.928238,-0.077885,-1.253498,1.696634,-0.457112,0.000000,0.000000,-0.000000,0.000000,0.000000,0.061000,-0.000000,0.169618,0.000000
8.200000,0.070594,-0.025517,0.210092,-0.391606,0.183222,-0.185088,0.015495,0.251082,-0.339159,0.090835,0.000000,0.000000,0.000000,-0.000000,0.000000,-0.293666,0.126663,-1.080694,2.106781,-1.033180,0.974157,-0.068465,-1.272413,1.670937,-0.411423,0.000000,-0.000000,0.000000,-0.000000,0.000000,0.062000,-0.000000,0.169618,0.000000
8.300000,0.049378,-0.026350,0.231914,-0.459439,0.228725,-0.194532,0.013619,0.254576,-0.333958,0.081927,0.000000,0.000000,0.000000,-0.000000,0.000000,-0.107790,0.122442,-1.118674,2.370805,-1.255193,1.021450,-0.058376,-1.287718,1.642360,-0.366149,0.000000,0.000000,0.000000,0.000000,0.000000,0.063000,-0.000000,0.169618,0.000000
8.400000,0.010979,-0.024510,0.214829,-0.480617,0.265947,-0.204043,0.011606,0.257521,-0.328152,0.072898,0.000000,0.000000,0.000000,-0.000000,0.000000,0.135816,0.105043,-0.942323,2.333623,-1.388847,1.070138,-0.047626,-1.299009,1.610391,-0.321164,0.000000,-0.000000,-0.000000,0.000000,0.000000,0.064000,-0.000000,0.169618,0.000000
8.500000,-0.043764,-0.017845,0.163319,-0.425122,0.260923,-0.214582,0.009458,0.259036,-0.321768,0.064663,0.000000,0.000000,0.000000,-0.000000,0.000000,0.392846,0.069753,-0.636500,1.937402,-1.293759,1.123914,-0.036135,-1.302866,1.575001,-0.279727,-0.000000,0.000000,-0.000000,-0.000000,0.000000,0.065000,-0.000000,0.169618,0.000000
8.600000,-0.086948,-0.011066,0.101801,-0.334340,0.231516,-0.225037,0.007171,0.260196,-0.314861,0.056183,0.000000,0.000000,0.000000,-0.000000,0.000000,0.551767,0.040001,-0.355980,1.458534,-1.095814,1.177093,-0.024029,-1.305383,1.537515,-0.237300,-0.000000,-0.000000,-0.000000,-0.000000,0.000000,0.066000,-0.000000,0.169618,0.000000
8.700000,-0.094930,-0.009765,0.078243,-0.294389,0.215137,-0.235404,0.004691,0.260652,-0.306871,0.047109,0.000000,0.000000,0.000000,-0.000000,0.000000,0.515670,0.043022,-0.309822,1.324735,-1.009474,1.228970,-0.010953,-1.307242,1.497448,-0.191818,0.000000,0.000000,-0.000000,0.000000,0.000000,0.067000,-0.000000,0.169618,0.000000
8.800000,-0.083999,-0.011794,0.088942,-0.301914,0.211886,-0.245634,0.002143,0.260980,-0.298705,0.038051,0.000000,0.000000,0.000000,-0.000000,0.000000,0.392989,0.063780,-0.448915,1.478134,-1.023820,1.280627,0.002485,-1.311810,1.461709,-0.148225,0.000000,0.000000,0.000000,-0.000000,0.000000,0.068000,-0.000000,0.169618,0.000000
8.900000,-0.073207,-0.013659,0.099474,-0.308884,0.208302,-0.256042,-0.000546,0.261906,-0.291676,0.029428,0.000000,0.000000,0.000000,-0.000000,0.000000,0.312813,0.077220,-0.548957,1.577161,-1.022747,1.331498,0.016467,-1.321765,1.433533,-0.106391,0.000000,0.000000,-0.000000,-0.000000,0.000000,0.069000,-0.000000,0.169618,0.000000
9.000000,-0.062508,-0.015426,0.110042,-0.315694,0.204630,-0.267103,-0.003393,0.265426,-0.289126,0.022572,0.000000,0.000000,0.000000,-0.000000,0.000000,0.259465,0.085333,-0.601732,1.609712,-1.003186,1.373726,0.025706,-1.368525,1.485079,-0.108586,0.000000,0.000000,-0.000000,0.000000,0.000000,0.070000,-0.000000,0.169618,0.000000
9.100000,-0.051967,-0.016973,0.120211,-0.321583,0.200427,-0.276658,-0.006349,0.270139,-0.286358,0.014217,0.000000,0.000000,0.000000,0.000000,0.000000,0.205296,0.092437,-0.649588,1.636286,-0.982533,1.386440,0.027727,-1.434011,1.582762,-0.139828,-0.000000,0.000000,-0.000000,0.000000,0.000000,0.071000,0.000000,0.169618,-0.000000
9.200000,-0.041538,-0.018360,0.130173,-0.326925,0.195921,-0.277499,-0.005463,0.292302,-0.325040,0.031025,0.000000,0.000000,0.000000,0.000000,0.000000,0.150627,0.098771,-0.695245,1.659908,-0.961279,1.330503,0.007877,-1.556543,1.847863,-0.287305,-0.000000,-0.000000,0.000000,0.000000,0.000000,0.072000,0.000000,0.169618,-0.000000
9.300000,-0.029747,-0.019706,0.138482,-0.331613,0.192472,-0.260478,0.002075,0.327938,-0.409486,0.081886,0.000000,0.000000,0.000000,0.000000,0.000000,0.089085,0.104877,-0.732547,1.680271,-0.945384,1.180640,-0.041710,-1.682114,2.245522,-0.571431,0.000000,0.000000,0.000000,-0.000000,0.000000,0.073000,0.000000,0.169618,-0.000000
9.400000,-0.016936,-0.020969,0.145501,-0.335733,0.189798,-0.222969,0.012275,0.345952,-0.474558,0.131181,0.000000,0.000000,0.000000,0.000000,0.000000,0.022309,0.110592,-0.763670,1.698453,-0.933772,0.950019,-0.095509,-1.683420,2.455066,-0.790365,0.000000,0.000000,-0.000000,-0.000000,0.000000,0.074000,0.000000,0.169618,-0.000000
9.500000,-0.004178,-0.022057,0.152256,-0.339341,0.186906,-0.178246,0.019821,0.310440,-0.458726,0.151704,0.000000,0.000000,0.000000,0.000000,0.000000,-0.042891,0.115309,-0.795113,1.714763,-0.920078,0.737127,-0.124556,-1.443403,2.242175,-0.819125,0.000000,-0.000000,-0.000000,0.000000,0.000000,0.075000,0.000000,0.169618,-0.000000
9.600000,0.008537,-0.022974,0.158892,-0.342679,0.183888,-0.142132,0.022747,0.254308,-0.393604,0.142428,0.000000,0.000000,0.000000,0.000000,0.000000,-0.106271,0.119036,-0.827517,1.729861,-0.904282,0.611858,-0.125750,-1.141373,1.828785,-0.703713,0.000000,0.000000,0.000000,-0.000000,0.000000,0.076000,0.000000,0.169618,-0.000000
9.700000,0.021279,-0.023726,0.165534,-0.346036,0.180903,-0.132343,0.022623,0.232143,-0.356788,0.127492,0.000000,0.000000,0.000000,0.000000,0.000000,-0.168662,0.121873,-0.860967,1.745051,-0.887572,0.629522,-0.114135,-1.071275,1.650608,-0.593095,0.000000,0.000000,0.000000,0.000000,0.000000,0.077000,0.000000,0.169618,-0.000000
9.800000,0.033933,-0.024303,0.171951,-0.348914,0.177676,-0.143385,0.021510,0.236375,-0.354433,0.120999,0.000000,0.000000,0.000000,0.000000,0.000000,-0.230080,0.123807,-0.893633,1.757641,-0.869057,0.742728,-0.102874,-1.163388,1.709642,-0.560750,0.000000,0.000000,-0.000000,0.000000,0.000000,0.078000,0.000000,0.169618,-0.000000
9.900000,0.045752,-0.024657,0.178820,-0.351289,0.173480,-0.154360,0.020240,0.240243,-0.351522,0.114266,0.000000,0.000000,0.000000,0.000000,0.000000,-0.287388,0.124666,-0.928110,1.767964,-0.846354,0.825226,-0.094483,-1.219389,1.740382,-0.535992,0.000000,0.000000,-0.000000,0.000000,0.000000,0.079000,0.000000,0.169618,-0.000000
10.000000,0.056860,-0.024804,0.186005,-0.353142,0.168423,-0.165266,0.018816,0.243738,-0.348046,0.107288,0.000000,0.000000,0.000000,-0.000000,0.000000,-0.328295,0.125676,-0.979128,1.824927,-0.853420,0.878415,-0.086565,-1.237126,1.721153,-0.498696,0.000000,0.000000,0.000000,0.000000,0.000000,0.080000,-0.000000,0.169618,0.000000
10.100000,0.068288,-0.024809,0.192556,-0.354499,0.163507,-0.175598,0.017232,0.247122,-0.343716,0.099500,0.000000,0.000000,0.000000,-0.000000,0.000000,-0.343104,0.126044,-1.027331,1.907487,-0.888127,0.928238,-0.077885,-1.253498,1.696634,-0.457112,0.000000,0.000000,-0.000000,-0.000000,0.000000,0.081000,-0.000000,0.169618,0.000000
10.200000,0.070594,-0.025517,0.210092,-0.391606,0.183222,-0.185088,0.015495,0.251082,-0.339159,0.090835,0.000000,0.000000,0.000000,-0.000000,0.000000,-0.293666,0.126663,-1.080694,2.106781,-1.033180,0.974157,-0.068465,-1.272413,1.670937,-0.411423,-0.000000,-0.000000,0.000000,-0.000000,0.000000,0.082000,-0.000000,0.169618,0.000000
10.300000,0.049378,-0.026350,0.231914,-0.459439,0.228725,-0.194532,0.013619,0.254576,-0.333958,0.081927,0.000000,0.000000,0.000000,-0.000000,0.000000,-0.107790,0.122442,-1.118674,2.370805,-1.255193,1.021450,-0.058376,-1.287718,1.642360,-0.366149,0.000000,0.000000,0.000000,-0.000000,0.000000,0.083000,-0.000000,0.169618,0.000000
10.400000,0.010979,-0.024510,0.214829,-0.480617,0.265947,-0.204043,0.011606,0.257521,-0.328152,0.072898,0.000000,0.000000,0.000000,-0.000000,0.000000,0.135816,0.105043,-0.942323,2.333623,-1.388847,1.070138,-0.047626,-1.299009,1.610391,-0.321164,-0.000000,-0.000000,-0.000000,-0.000000,0.000000,0.084000,-0.000000,0.169618,0.000000
10.500000,-0.043764,-0.017845,0.163319,-0.425122,0.260923,-0.214582,0.009458,0.259036,-0.321768,0.064663,0.000000,0.000000,0.000000,-0.000000,0.000000,0.392846,0.069753,-0.636500,1.937402,-1.293759,1.123914,-0.036135,-1.302866,1.575001,-0.279727,-0.000000,-0.000000,0.000000,-0.000000,0.000000,0.085000,-0.000000,0.169618,0.000000
10.600000,-0.086948,-0.011066,0.101801,-0.334340,0.231516,-0.225037,0.007171,0.260196,-0.314861,0.056183,0.000000,0.000000,0.000000,-0.000000,0.000000,0.551767,0.040001,-0.355980,1.458534,-1.095814,1.177093,-0.024029,-1.305383,1.537515,-0.237300,-0.000000,-0.000000,0.000000,0.000000,0.000000,0.086000,-0.000000,0.169618,0.000000
10.700000,-0.094930,-0.009765,0.078243,-0.294389,0.215137,-0.235404,0.004691,0.260652,-0.306871,0.047109,0.000000,0.000000,0.000000,-0.000000,0.000000,0.515670,0.043022,-0.309822,1.324735,-1.009474,1.228970,-0.010953,-1.307242,1.497448,-0.191818,0.000000,0.000000,0.000000,-0.000000,0.000000,0.087000,-0.000000,0.169618,0.000000
10.800000,-0.083999,-0.011794,0.088942,-0.301914,0.211886,-0.245634,0.002143,0.260980,-0.298705,0.038051,0.000000,0.000000,0.000000,-0.000000,0.000000,0.392989,0.063780,-0.448915,1.478134,-1.023820,1.280627,0.002485,-1.311810,1.461709,-0.148225,-0.000000,0.000000,0.000000,0.000000,0.000000,0.088000,-0.000000,0.169618,0.000000
10.900000,-0.073207,-0.013659,0.099474,-0.308884,0.208302,-0.256042,-0.000546,0.261906,-0.291676,0.029428,0.000000,0.000000,0.000000,-0.000000,0.000000,0.312813,0.077220,-0.548957,1.577161,-1.022747,1.331498,0.016467,-1.321765,1.433533,-0.106391,0.000000,-0.000000,0.000000,-0.000000,0.000000,0.089000,-0.000000,0.169618,0.000000
11.000000,-0.062508,-0.015426,0.110042,-0.315694,0.204630,-0.267103,-0.003393,0.265426,-0.289126,0.022572,0.000000,0.000000,0.000000,-0.000000,0.000000,0.259465,0.085333,-0.601732,1.609712,-1.003186,1.373726,0.025706,-1.368525,1.485079,-0.108586,-0.000000,-0.000000,-0.000000,0.000000,0.000000,0.090000,-0.000000,0.169618,0.000000
11.100000,-0.051967,-0.016973,0.120211,-0.321583,0.200427,-0.276658,-0.006349,0.270139,-0.286358,0.014217,0.000000,0.000000,0.000000,0.000000,0.000000,0.205296,0.092437,-0.649588,1.636286,-0.982533,1.386440,0.027727,-1.434011,1.582762,-0.139828,0.000000,0.000000,-0.000000,0.000000,0.000000,0.091000,0.000000,0.169618,-0.000000
11.200000,-0.041538,-0.018360,0.130173,-0.326925,0.195921,-0.277499,-0.005463,0.292302,-0.325040,0.031025,0.000000,0.000000,0.000000,0.000000,0.000000,0.150627,0.098771,-0.695245,1.659908,-0.961279,1.330503,0.007877,-1.556543,1.847863,-0.287305,0.000000,0.000000,-0.000000,0.000000,0.000000,0.092000,0.000000,0.169618,-0.000000
11.300000,-0.029747,-0.019706,0.138482,-0.331613,0.192472,-0.260478,0.002075,0.327938,-0.409486,0.081886,0.000000,0.000000,0.000000,0.000000,0.000000,0.089085,0.104877,-0.732547,1.680271,-0.945384,1.180640,-0.041710,-1.682114,2.245522,-0.571431,-0.000000,-0.000000,0.000000,0.000000,0.000000,0.093000,0.000000,0.169618,-0.000000
11.400000,-0.016936,-0.020969,0.145501,-0.335733,0.189798,-0.222969,0.012275,0.345952,-0.474558,0.131181,0.000000,0.000000,0.000000,0.000000,0.000000,0.022309,0.110592,-0.763670,1.698453,-0.933772,0.950019,-0.095509,-1.683420,2.455066,-0.790365,0.000000,-0.000000,0.000000,-0.000000,0.000000,0.094000,0.000000,0.169618,-0.000000
11.500000,-0.004178,-0.022057,0.152256,-0.339341,0.186906,-0.178246,0.019821,0.310440,-0.458726,0.151704,0.000000,0.000000,0.000000,0.000000,0.000000,-0.042891,0.115309,-0.795113,1.714763,-0.920078,0.737127,-0.124556,-1.443403,2.242175,-0.819125,0.000000,0.000000,-0.000000,-0.000000,0.000000,0.095000,0.000000,0.169618,-0.000000
11.600000,0.008537,-0.022974,0.158892,-0.342679,0.183888,-0.142132,0.022747,0.254308,-0.393604,0.142428,0.000000,0.000000,0.000000,0.000000,0.000000,-0.106271,0.119036,-0.827517,1.729861,-0.904282,0.611858,-0.125750,-1.141373,1.828785,-0.703713,0.000000,-0.000000,0.000000,-0.000000,0.000000,0.096000,0.000000,0.169618,-0.000000
11.700000,0.021279,-0.023726,0.165534,-0.346036,0.180903,-0.132343,0.022623,0.232143,-0.356788,0.127492,0.000000,0.000000,0.000000,0.000000,0.000000,-0.168662,0.121873,-0.860967,1.745051,-0.887572,0.629522,-0.114135,-1.071275,1.650608,-0.593095,0.000000,-0.000000,-0.000000,-0.000000,0.000000,0.097000,0.000000,0.169618,-0.000000
11.800000,0.033933,-0.024303,0.171951,-0.348914,0.177676,-0.143385,0.021510,0.236375,-0.354433,0.120999,0.000000,0.000000,0.000000,0.000000,0.000000,-0.230080,0.123807,-0.893633,1.757641,-0.869057,0.742728,-0.102874,-1.163388,1.709642,-0.560750,0.000000,0.000000,0.000000,0.000000,0.000000,0.098000,0.000000,0.169618,-0.000000
11.900000,0.045752,-0.024657,0.178820,-0.351289,0.173480,-0.154360,0.020240,0.240243,-0.351522,0.114266,0.000000,0.000000,0.000000,0.000000,0.000000,-0.287388,0.124666,-0.928110,1.767964,-0.846354,0.825226,-0.094483,-1.219389,1.740382,-0.535992,0.000000,-0.000000,-0.000000,0.000000,0.000000,0.099000,0.000000,0.169618,-0.000000
12.000000,0.056860,-0.024804,0.186005,-0.353142,0.168423,-0.165266,0.018816,0.243738,-0.348046,0.107288,0.000000,0.000000,0.000000,-0.000000,0.000000,-0.328295,0.125676,-0.979128,1.824927,-0.853420,0.878415,-0.086565,-1.237126,1.721153,-0.498696,-0.000000,-0.000000,0.000000,0.000000,0.000000,0.100000,-0.000000,0.169618,0.000000
12.100000,0.068288,-0.024809,0.192556,-0.354499,0.163507,-0.175598,0.017232,0.247122,-0.343716,0.099500,0.000000,0.000000,0.000000,-0.000000,0.000000,-0.343104,0.126044,-1.027331,1.907487,-0.888127,0.928238,-0.077885,-1.253498,1.696634,-0.457112,0.000000,0.000000,-0.000000,0.000000,0.000000,0.101000,-0.000000,0.169618,0.000000
12.200000,0.070594,-0.025517,0.210092,-0.391606,0.183222,-0.185088,0.015495,0.251082,-0.339159,0.090835,0.000000,0.000000,0.000000,-0.000000,0.000000,-0.293666,0.126663,-1.080694,2.106781,-1.033180,0.974157,-0.068465,-1.272413,1.670937,-0.411423,-0.000000,0.000000,0.000000,-0.000000,0.000000,0.102000,-0.000000,0.169618,0.000000
12.300000,0.049378,-0.026350,0.231914,-0.459439,0.228725,-0.194532,0.013619,0.254576,-0.333958,0.081927,0.000000,0.000000,0.000000,-0.000000,0.000000,-0.107790,0.122442,-1.118674,2.370805,-1.255193,1.021450,-0.058376,-1.287718,1.642360,-0.366149,-0.000000,-0.000000,-0.000000,-0.000000,0.000000,0.103000,-0.000000,0.169618,0.000000
12.400000,0.010979,-0.024510,0.214829,-0.480617,0.265947,-0.204043,0.011606,0.257521,-0.328152,0.072898,0.000000,0.000000,0.000000,-0.000000,0.000000,0.135816,0.105043,-0.942323,2.333623,-1.388847,1.070138,-0.047626,-1.299009,1.610391,-0.321164,-0.000000,-0.000000,-0.000000,0.000000,0.000000,0.104000,-0.000000,0.169618,0.000000
12.500000,-0.043764,-0.017845,0.163319,-0.425122,0.260923,-0.214582,0.009458,0.259036,-0.321768,0.064663,0.000000,0.000000,0.000000,-0.000000,0.000000,0.392846,0.069753,-0.636500,1.937402,-1.293759,1.123914,-0.036135,-1.302866,1.575001,-0.279727,0.000000,0.000000,-0.000000,0.000000,0.000000,0.105000,-0.000000,0.169618,0.000000
12.600000,-0.086948,-0.011066,0.101801,-0.334340,0.231516,-0.225037,0.007171,0.260196,-0.314861,0.056183,0.000000,0.000000,0.000000,-0.000000,0.000000,0.551767,0.040001,-0.355980,1.458534,-1.095814,1.177093,-0.024029,-1.305383,1.537515,-0.237300,0.000000,0.000000,-0.000000,-0.000000,0.000000,0.106000,-0.000000,0.169618,0.000000
12.700000,-0.094930,-0.009765,0.078243,-0.294389,0.215137,-0.235404,0.004691,0.260652,-0.306871,0.047109,0.000000,0.000000,0.000000,-0.000000,0.000000,0.515670,0.043022,-0.309822,1.324735,-1.009474,1.228970,-0.010953,-1.307242,1.497448,-0.191818,-0.000000,-0.000000,-0.000000,0.000000,0.000000,0.107000,-0.000000,0.169618,0.000000
12.800000,-0.083999,-0.011794,0.088942,-0.301914,0.211886,-0.245634,0.002143,0.260980,-0.298705,0.038051,0.000000,0.000000,0.000000,-0.000000,0.000000,0.392989,0.063780,-0.448915,1.478134,-1.023820,1.280627,0.002485,-1.311810,1.461709,-0.148225,0.000000,0.000000,0.000000,0.000000,0.000000,0.108000,-0.000000,0.169618,0.000000
12.900000,-0.073207,-0.013659,0.099474,-0.308884,0.208302,-0.256042,-0.000546,0.261906,-0.291676,0.029428,0.000000,0.000000,0.000000,-0.000000,0.000000,0.312813,0.077220,-0.548957,1.577161,-1.022747,1.331498,0.016467,-1.321765,1.433533,-0.106391,0.000000,-0.000000,0.000000,-0.000000,0.000000,0.109000,-0.000000,0.169618,0.000000
13.000000,-0.062508,-0.015426,0.110042,-0.315694,0.204630,-0.267103,-0.003393,0.265426,-0.289126,0.022572,0.000000,0.000000,0.000000,-0.000000,0.000000,0.259465,0.085333,-0.601732,1.609712,-1.003186,1.373726,0.025706,-1.368525,1.485079,-0.108586,0.000000,-0.000000,-0.000000,0.000000,0.000000,0.110000,-0.000000,0.169618,0.000000
13.100000,-0.051967,-0.016973,0.120211,-0.321583,0.200427,-0.276658,-0.006349,0.270139,-0.286358,0.014217,0.000000,0.000000,0.000000,0.000000,0.000000,0.205296,0.092437,-0.649588,1.636286,-0.982533,1.386440,0.027727,-1.434011,1.582762,-0.139828,-0.000000,-0.000000,-0.000000,0.000000,0.000000,0.111000,0.000000,0.169618,-0.000000
13.200000,-0.041538,-0.018360,0.130173,-0.326925,0.195921,-0.277499,-0.005463,0.292302,-0.325040,0.031025,0.000000,0.000000,0.000000,0.000000,0.000000,0.150627,0.098771,-0.695245,1.659908,-0.961279,1.330503,0.007877,-1.556543,1.847863,-0.287305,0.000000,-0.000000,0.000000,-0.000000,0.000000,0.112000,0.000000,0.169618,-0.000000
13.300000,-0.029747,-0.019706,0.138482,-0.331613,0.192472,-0.260478,0.002075,0.327938,-0.409486,0.081886,0.000000,0.000000,0.000000,0.000000,0.000000,0.089085,0.104877,-0.732547,1.680271,-0.945384,1.180640,-0.041710,-1.682114,2.245522,-0.571431,0.000000,0.000000,-0.000000,-0.000000,0.000000,0.113000,0.000000,0.169618,-0.000000
13.400000,-0.016936,-0.020969,0.145501,-0.335733,0.189798,-0.222969,0.012275,0.345952,-0.474558,0.131181,0.000000,0.000000,0.000000,0.000000,0.000000,0.022309,0.110592,-0.763670,1.698453,-0.933772,0.950019,-0.095509,-1.683420,2.455066,-0.790365,-0.000000,0.000000,-0.000000,0.000000,0.000000,0.114000,0.000000,0.169618,-0.000000
13.500000,-0.004178,-0.022057,0.152256,-0.339341,0.186906,-0.178246,0.019821,0.310440,-0.458726,0.151704,0.000000,0.000000,0.000000,0.000000,0.000000,-0.042891,0.115309,-0.795113,1.714763,-0.920078,0.737127,-0.124556,-1.443403,2.242175,-0.819125,0.000000,0.000000,0.000000,-0.000000,0.000000,0.115000,0.000000,0.169618,-0.000000
13.600000,0.008537,-0.022974,0.158892,-0.342679,0.183888,-0.142132,0.022747,0.254308,-0.393604,0.142428,0.000000,0.000000,0.000000,0.000000,0.000000,-0.106271,0.119036,-0.827517,1.729861,-0.904282,0.611858,-0.125750,-1.141373,1.828785,-0.703713,0.000000,0.000000,0.000000,-0.000000,0.000000,0.116000,0.000000,0.169618,-0.000000
13.700000,0.021279,-0.023726,0.165534,-0.346036,0.180903,-0.132343,0.022623,0.232143,-0.356788,0.127492,0.000000,0.000000,0.000000,0.000000,0.000000,-0.168662,0.121873,-0.860967,1.745051,-0.887572,0.629522,-0.114135,-1.071275,1.650608,-0.593095,0.000000,0.000000,0.000000,0.000000,0.000000,0.117000,0.000000,0.169618,-0.000000
13.800000,0.033933,-0.024303,0.171951,-0.348914,0.177676,-0.143385,0.021510,0.236375,-0.354433,0.120999,0.000000,0.000000,0.000000,0.000000,0.000000,-0.230080,0.123807,-0.893633,1.757641,-0.869057,0.742728,-0.102874,-1.163388,1.709642,-0.560750,0.000000,0.000000,-0.000000,0.000000,0.000000,0.118000,0.000000,0.169618,-0.000000
13.900000,0.045752,-0.024657,0.178820,-0.351289,0.173480,-0.154360,0.020240,0.240243,-0.351522,0.114266,0.000000,0.000000,0.000000,0.000000,0.000000,-0.287388,0.124666,-0.928110,1.767964,-0.846354,0.825226,-0.094483,-1.219389,1.740382,-0.535992,0.000000,0.000000,0.000000,0.000000,0.000000,0.119000,0.000000,0.169618,-0.000000
14.000000,0.056860,-0.024804,0.186005,-0.353142,0.168423,-0.165266,0.018816,0.243738,-0.348046,0.107288,0.000000,0.000000,0.000000,-0.000000,0.000000,-0.328295,0.125676,-0.979128,1.824927,-0.853420,0.878415,-0.086565,-1.237126,1.721153,-0.498696,0.000000,-0.000000,0.000000,0.000000,0.000000,0.120000,-0.000000,0.169618,0.000000
14.100000,0.068288,-0.024809,0.192556,-0.354499,0.163507,-0.175598,0.017232,0.247122,-0.343716,0.099500,0.000000,0.000000,0.000000,-0.000000,0.000000,-0.343104,0.126044,-1.027331,1.907487,-0.888127,0.928238,-0.077885,-1.253498,1.696634,-0.457112,-0.000000,-0.000000,-0.000000,-0.000000,0.000000,0.121000,-0.000000,0.169618,0.000000
14.200000,0.070594,-0.025517,0.210092,-0.391606,0.183222,-0.185088,0.015495,0.251082,-0.339159,0.090835,0.000000,0.000000,0.000000,-0.000000,0.000000,-0.293666,0.126663,-1.080694,2.106781,-1.033180,0.974157,-0.068465,-1.272413,1.670937,-0.411423,-0.000000,0.000000,0.000000,-0.000000,0.000000,0.122000,-0.000000,0.169618,0.000000
14.300000,0.049378,-0.026350,0.231914,-0.459439,0.228725,-0.194532,0.013619,0.254576,-0.333958,0.081927,0.000000,0.000000,0.000000,-0.000000,0.000000,-0.107790,0.122442,-1.118674,2.370805,-1.255193,1.021450,-0.058376,-1.287718,1.642360,-0.366149,0.000000,-0.000000,0.000000,0.000000,0.000000,0.123000,-0.000000,0.169618,0.000000
14.400000,0.010979,-0.024510,0.214829,-0.480617,0.265947,-0.204043,0.011606,0.257521,-0.328152,0.072898,0.000000,0.000000,0.000000,-0.000000,0.000000,0.135816,0.105043,-0.942323,2.333623,-1.388847,1.070138,-0.047626,-1.299009,1.610391,-0.321164,-0.000000,-0.000000,-0.000000,0.000000,0.000000,0.124000,-0.000000,0.169618,0.000000
14.500000,-0.043764,-0.017845,0.163319,-0.425122,0.260923,-0.214582,0.009458,0.259036,-0.321768,0.064663,0.000000,0.000000,0.000000,-0.000000,0.000000,0.392846,0.069753,-0.636500,1.937402,-1.293759,1.123914,-0.036135,-1.302866,1.575001,-0.279727,-0.000000,0.000000,-0.000000,0.000000,0.000000,0.125000,-0.000000,0.169618,0.000000
14.600000,-0.086948,-0.011066,0.101801,-0.334340,0.231516,-0.225037,0.007171,0.260196,-0.314861,0.056183,0.000000,0.000000,0.000000,-0.000000,0.000000,0.551767,0.040001,-0.355980,1.458534,-1.095814,1.177093,-0.024029,-1.305383,1.537515,-0.237300,0.000000,0.000000,0.000000,0.000000,0.000000,0.126000,-0.000000,0.169618,0.000000
14.700000,-0.094930,-0.009765,0.078243,-0.294389,0.215137,-0.235404,0.004691,0.260652,-0.306871,0.047109,0.000000,0.000000,0.000000,-0.000000,0.000000,0.515670,0.043022,-0.309822,1.324735,-1.009474,1.228970,-0.010953,-1.307242,1.497448,-0.191818,-0.000000,0.000000,-0.000000,-0.000000,0.000000,0.127000,-0.000000,0.169618,0.000000
14.800000,-0.083999,-0.011794,0.088942,-0.301914,0.211886,-0.245634,0.002143,0.260980,-0.298705,0.038051,0.000000,0.000000,0.000000,-0.000000,0.000000,0.392989,0.063780,-0.448915,1.478134,-1.023820,1.280627,0.002485,-1.311810,1.461709,-0.148225,0.000000,0.000000,0.000000,0.000000,0.000000,0.128000,-0.000000,0.169618,0.000000
14.900000,-0.073207,-0.013659,0.099474,-0.308884,0.208302,-0.256042,-0.000546,0.261906,-0.291676,0.029428,0.000000,0.000000,0.000000,-0.000000,0.000000,0.312813,0.077220,-0.548957,1.577161,-1.022747,1.331498,0.016467,-1.321765,1.433533,-0.106391,0.000000,0.000000,-0.000000,-0.000000,0.000000,0.129000,-0.000000,0.169618,0.000000
15.000000,-0.062508,-0.015426,0.110042,-0.315694,0.204630,-0.267103,-0.003393,0.265426,-0.289126,0.022572,0.000000,0.000000,0.000000,-0.000000,0.000000,0.259465,0.085333,-0.601732,1.609712,-1.003186,1.373726,0.025706,-1.368525,1.485079,-0.108586,0.000000,0.000000,-0.000000,0.000000,0.000000,0.130000,-0.000000,0.169618,0.000000
15.100000,-0.051967,-0.016973,0.120211,-0.321583,0.200427,-0.276658,-0.006349,0.270139,-0.286358,0.014217,0.000000,0.000000,0.000000,0.000000,0.000000,0.205296,0.092437,-0.649588,1.636286,-0.982533,1.386440,0.027727,-1.434011,1.582762,-0.139828,-0.000000,0.000000,-0.000000,0.000000,0.000000,0.131000,0.000000,0.169618,-0.000000
15.200000,-0.041538,-0.018360,0.130173,-0.326925,0.195921,-0.277499,-0.005463,0.292302,-0.325040,0.031025,0.000000,0.000000,0.000000,0.000000,0.000000,0.150627,0.098771,-0.695245,1.659908,-0.961279,1.330503,0.007877,-1.556543,1.847863,-0.287305,-0.000000,-0.000000,0.000000,0.000000,0.000000,0.132000,0.000000,0.169618,-0.000000
15.300000,-0.029747,-0.019706,0.138482,-0.331613,0.192472,-0.260478,0.002075,0.327938,-0.409486,0.081886,0.000000,0.000000,0.000000,0.000000,0.000000,0.089085,0.104877,-0.732547,1.680271,-0.945384,1.180640,-0.041710,-1.682114,2.245522,-0.571431,0.000000,0.000000,-0.000000,0.000000,0.000000,0.133000,0.000000,0.169618,-0.000000
15.400000,-0.016936,-0.020969,0.145501,-0.335733,0.189798,-0.222969,0.012275,0.345952,-0.474558,0.131181,0.000000,0.000000,0.000000,0.000000,0.000000,0.022309,0.110592,-0.763670,1.698453,-0.933772,0.950019,-0.095509,-1.683420,2.455066,-0.790365,0.000000,0.000000,0.000000,0.000000,0.000000,0.134000,0.000000,0.169618,-0.000000
15.500000,-0.004178,-0.022057,0.152256,-0.339341,0.186906,-0.178246,0.019821,0.310440,-0.458726,0.151704,0.000000,0.000000,0.000000,0.000000,0.000000,-0.042891,0.115309,-0.795113,1.714763,-0.920078,0.737127,-0.124556,-1.443403,2.242175,-0.819125,0.000000,-0.000000,0.000000,-0.000000,0.000000,0.135000,0.000000,0.169618,-0.000000
15.600000,0.008537,-0.022974,0.158892,-0.342679,0.183888,-0.142132,0.022747,0.254308,-0.393604,0.142428,0.000000,0.000000,0.000000,0.000000,0.000000,-0.106271,0.119036,-0.827517,1.729861,-0.904282,0.611858,-0.125750,-1.141373,1.828785,-0.703713,0.000000,0.000000,0.000000,0.000000,0.000000,0.136000,0.000000,0.169618,-0.000000
15.700000,0.021279,-0.023726,0.165534,-0.346036,0.180903,-0.132343,0.022623,0.232143,-0.356788,0.127492,0.000000,0.000000,0.000000,0.000000,0.000000,-0.168662,0.121873,-0.860967,1.745051,-0.887572,0.629522,-0.114135,-1.071275,1.650608,-0.593095,-0.000000,-0.000000,0.000000,-0.000000,0.000000,0.137000,0.000000,0.169618,-0.000000
15.800000,0.033933,-0.024303,0.171951,-0.348914,0.177676,-0.143385,0.021510,0.236375,-0.354433,0.120999,0.000000,0.000000,0.000000,0.000000,0.000000,-0.230080,0.123807,-0.893633,1.757641,-0.869057,0.742728,-0.102874,-1.163388,1.709642,-0.560750,-0.000000,0.000000,0.000000,0.000000,0.000000,0.138000,0.000000,0.169618,-0.000000
15.900000,0.045752,-0.024657,0.178820,-0.351289,0.173480,-0.154360,0.020240,0.240243,-0.351522,0.114266,0.000000,0.000000,0.000000,0.000000,0.000000,-0.287388,0.124666,-0.928110,1.767964,-0.846354,0.825226,-0.094483,-1.219389,1.740382,-0.535992,-0.000000,0.000000,0.000000,0.000000,0.000000,0.139000,0.000000,0.169618,-0.000000
16.000000,0.056860,-0.024804,0.186005,-0.353142,0.168423,-0.165266,0.018816,0.243738,-0.348046,0.107288,0.000000,0.000000,0.000000,-0.000000,0.000000,-0.328295,0.125676,-0.979128,1.824927,-0.853420,0.878415,-0.086565,-1.237126,1.721153,-0.498696,-0.000000,0.000000,-0.000000,-0.000000,0.000000,0.140000,-0.000000,0.169618,0.000000
16.100000,0.068288,-0.024809,0.192556,-0.354499,0.163507,-0.175598,0.017232,0.247122,-0.343716,0.099500,0.000000,0.000000,0.000000,-0.000000,0.000000,-0.343104,0.126044,-1.027331,1.907487,-0.888127,0.928238,-0.077885,-1.253498,1.696634,-0.457112,0.000000,0.000000,0.000000,-0.000000,0.000000,0.141000,-0.000000,0.169618,0.000000
16.200000,0.070594,-0.025517,0.210092,-0.391606,0.183222,-0.185088,0.015495,0.251082,-0.339159,0.090835,0.000000,0.000000,0.000000,-0.000000,0.000000,-0.293666,0.126663,-1.080694,2.106781,-1.033180,0.974157,-0.068465,-1.272413,1.670937,-0.411423,-0.000000,-0.000000,0.000000,-0.000000,0.000000,0.142000,-0.000000,0.169618,0.000000
16.300000,0.049378,-0.026350,0.231914,-0.459439,0.228725,-0.194532,0.013619,0.254576,-0.333958,0.081927,0.000000,0.000000,0.000000,-0.000000,0.000000,-0.107790,0.122442,-1.118674,2.370805,-1.255193,1.021450,-0.058376,-1.287718,1.642360,-0.366149,0.000000,0.000000,0.000000,0.000000,0.000000,0.143000,-0.000000,0.169618,0.000000
16.400000,0.010979,-0.024510,0.214829,-0.480617,0.265947,-0.204043,0.011606,0.257521,-0.328152,0.072898,0.000000,0.000000,0.000000,-0.000000,0.000000,0.135816,0.105043,-0.942323,2.333623,-1.388847,1.070138,-0.047626,-1.299009,1.610391,-0.321164,-0.000000,-0.000000,0.000000,-0.000000,0.000000,0.144000,-0.000000,0.169618,0.000000
16.500000,-0.043764,-0.017845,0.163319,-0.425122,0.260923,-0.214582,0.009458,0.259036,-0.321768,0.064663,0.000000,0.000000,0.000000,-0.000000,0.000000,0.392846,0.069753,-0.636500,1.937402,-1.293759,1.123914,-0.036135,-1.302866,1.575001,-0.279727,0.000000,0.000000,-0.000000,0.000000,0.000000,0.145000,-0.000000,0.169618,0.000000
16.600000,-0.086948,-0.011066,0.101801,-0.334340,0.231516,-0.225037,0.007171,0.260196,-0.314861,0.056183,0.000000,0.000000,0.000000,-0.000000,0.000000,0.551767,0.040001,-0.355980,1.458534,-1.095814,1.177093,-0.024029,-1.305383,1.537515,-0.237300,0.000000,-0.000000,0.000000,-0.000000,0.000000,0.146000,-0.000000,0.169618,0.000000
16.700000,-0.094930,-0.009765,0.078243,-0.294389,0.215137,-0.235404,0.004691,0.260652,-0.306871,0.047109,0.000000,0.000000,0.000000,-0.000000,0.000000,0.515670,0.043022,-0.309822,1.324735,-1.009474,1.228970,-0.010953,-1.307242,1.497448,-0.191818,0.000000,0.000000,-0.000000,-0.000000,0.000000,0.147000,-0.000000,0.169618,0.000000
16.800000,-0.083999,-0.011794,0.088942,-0.301914,0.211886,-0.245634,0.002143,0.260980,-0.298705,0.038051,0.000000,0.000000,0.000000,-0.000000,0.000000,0.392989,0.063780,-0.448915,1.478134,-1.023820,1.280627,0.002485,-1.311810,1.461709,-0.148225,-0.000000,-0.000000,0.000000,-0.000000,0.000000,0.148000,-0.000000,0.169618,0.000000
16.900000,-0.073207,-0.013659,0.099474,-0.308884,0.208302,-0.256042,-0.000546,0.261906,-0.291676,0.029428,0.000000,0.000000,0.000000,-0.000000,0.000000,0.312813,0.077220,-0.548957,1.577161,-1.022747,1.331498,0.016467,-1.321765,1.433533,-0.106391,0.000000,0.000000,-0.000000,-0.000000,0.000000,0.149000,-0.000000,0.169618,0.000000
17.000000,-0.062508,-0.015426,0.110042,-0.315694,0.204630,-0.267103,-0.003393,0.265426,-0.289126,0.022572,0.000000,0.000000,0.000000,-0.000000,0.000000,0.259465,0.085333,-0.601732,1.609712,-1.003186,1.373726,0.025706,-1.368525,1.485079,-0.108586,-0.000000,-0.000000,-0.000000,0.000000,0.000000,0.150000,-0.000000,0.169618,0.000000
17.100000,-0.051967,-0.016973,0.120211,-0.321583,0.200427,-0.276658,-0.006349,0.270139,-0.286358,0.014217,0.000000,0.000000,0.000000,0.000000,0.000000,0.205296,0.092437,-0.649588,1.636286,-0.982533,1.386440,0.027727,-1.434011,1.582762,-0.139828,-0.000000,-0.000000,-0.000000,0.000000,0.000000,0.151000,0.000000,0.169618,-0.000000
17.200000,-0.041538,-0.018360,0.130173,-0.326925,0.195921,-0.277499,-0.005463,0.292302,-0.325040,0.031025,0.000000,0.000000,0.000000,0.000000,0.000000,0.150627,0.098771,-0.695245,1.659908,-0.961279,1.330503,0.007877,-1.556543,1.847863,-0.287305,0.000000,-0.000000,-0.000000,-0.000000,0.000000,0.152000,0.000000,0.169618,-0.000000
17.300000,-0.029747,-0.019706,0.138482,-0.331613,0.192472,-0.260478,0.002075,0.327938,-0.409486,0.081886,0.000000,0.000000,0.000000,0.000000,0.000000,0.089085,0.104877,-0.732547,1.680271,-0.945384,1.180640,-0.041710,-1.682114,2.245522,-0.571431,-0.000000,-0.000000,-0.000000,0.000000,0.000000,0.153000,0.000000,0.169618,-0.000000
17.400000,-0.016936,-0.020969,0.145501,-0.335733,0.189798,-0.222969,0.012275,0.345952,-0.474558,0.131181,0.000000,0.000000,0.000000,0.000000,0.000000,0.022309,0.110592,-0.763670,1.698453,-0.933772,0.950019,-0.095509,-1.683420,2.455066,-0.790365,0.000000,0.000000,0.000000,0.000000,0.000000,0.154000,0.000000,0.169618,-0.000000
17.500000,-0.004178,-0.022057,0.152256,-0.339341,0.186906,-0.178246,0.019821,0.310440,-0.458726,0.151704,0.000000,0.000000,0.000000,0.000000,0.000000,-0.042891,0.115309,-0.795113,1.714763,-0.920078,0.737127,-0.124556,-1.443403,2.242175,-0.819125,-0.000000,0.000000,0.000000,0.000000,0.000000,0.155000,0.000000,0.169618,-0.000000
17.600000,0.008537,-0.022974,0.158892,-0.342679,0.183888,-0.142132,0.022747,0.254308,-0.393604,0.142428,0.000000,0.000000,0.000000,0.000000,0.000000,-0.106271,0.119036,-0.827517,1.729861,-0.904282,0.611858,-0.125750,-1.141373,1.828785,-0.703713,0.000000,-0.000000,0.000000,0.000000,0.000000,0.156000,0.000000,0.169618,-0.000000
17.700000,0.021279,-0.023726,0.165534,-0.346036,0.180903,-0.132343,0.022623,0.232143,-0.356788,0.127492,0.000000,0.000000,0.000000,0.000000,0.000000,-0.168662,0.121873,-0.860967,1.745051,-0.887572,0.629522,-0.114135,-1.071275,1.650608,-0.593095,0.000000,0.000000,0.000000,0.000000,0.000000,0.157000,0.000000,0.169618,-0.000000
17.800000,0.033933,-0.024303,0.171951,-0.348914,0.177676,-0.143385,0.021510,0.236375,-0.354433,0.120999,0.000000,0.000000,0.000000,0.000000,0.000000,-0.230080,0.123807,-0.893633,1.757641,-0.869057,0.742728,-0.102874,-1.163388,1.709642,-0.560750,-0.000000,-0.000000,-0.000000,0.000000,0.000000,0.158000,0.000000,0.169618,-0.000000
17.900000,0.045752,-0.024657,0.178820,-0.351289,0.173480,-0.154360,0.020240,0.240243,-0.351522,0.114266,0.000000,0.000000,0.000000,0.000000,0.000000,-0.287388,0.124666,-0.928110,1.767964,-0.846354,0.825226,-0.094483,-1.219389,1.740382,-0.535992,-0.000000,0.000000,0.000000,0.000000,0.000000,0.159000,0.000000,0.169618,-0.000000
18.000000,0.056860,-0.024804,0.186005,-0.353142,0.168423,-0.165266,0.018816,0.243738,-0.348046,0.107288,0.000000,0.000000,0.000000,-0.000000,0.000000,-0.328295,0.125676,-0.979128,1.824927,-0.853420,0.878415,-0.086565,-1.237126,1.721153,-0.498696,-0.000000,-0.000000,-0.000000,-0.000000,0.000000,0.160000,-0.000000,0.169618,0.000000
18.100000,0.068288,-0.024809,0.192556,-0.354499,0.163507,-0.175598,0.017232,0.247122,-0.343716,0.099500,0.000000,0.000000,0.000000,-0.000000,0.000000,-0.343104,0.126044,-1.027331,1.907487,-0.888127,0.928238,-0.077885,-1.253498,1.696634,-0.457112,0.000000,0.000000,0.000000,-0.000000,0.000000,0.161000,-0.000000,0.169618,0.000000
18.200000,0.070594,-0.025517,0.210092,-0.391606,0.183222,-0.185088,0.015495,0.251082,-0.339159,0.090835,0.000000,0.000000,0.000000,-0.000000,0.000000,-0.293666,0.126663,-1.080694,2.106781,-1.033180,0.974157,-0.068465,-1.272413,1.670937,-0.411423,-0.000000,0.000000,0.000000,0.000000,0.000000,0.162000,-0.000000,0.169618,0.000000
18.300000,0.049378,-0.026350,0.231914,-0.459439,0.228725,-0.194532,0.013619,0.254576,-0.333958,0.081927,0.000000,0.000000,0.000000,-0.000000,0.000000,-0.107790,0.122442,-1.118674,2.370805,-1.255193,1.021450,-0.058376,-1.287718,1.642360,-0.366149,0.000000,0.000000,-0.000000,-0.000000,0.000000,0.163000,-0.000000,0.169618,0.000000
18.400000,0.010979,-0.024510,0.214829,-0.480617,0.265947,-0.204043,0.011606,0.257521,-0.328152,0.072898,0.000000,0.000000,0.000000,-0.000000,0.000000,0.135816,0.105043,-0.942323,2.333623,-1.388847,1.070138,-0.047626,-1.299009,1.610391,-0.321164,-0.000000,-0.000000,-0.000000,-0.000000,0.000000,0.164000,-0.000000,0.169618,0.000000
18.500000,-0.043764,-0.017845,0.163319,-0.425122,0.260923,-0.214582,0.009458,0.259036,-0.321768,0.064663,0.000000,0.000000,0.000000,-0.000000,0.000000,0.392846,0.069753,-0.636500,1.937402,-1.293759,1.123914,-0.036135,-1.302866,1.575001,-0.279727,-0.000000,0.000000,-0.000000,0.000000,0.000000,0.165000,-0.000000,0.169618,0.000000
18.600000,-0.086948,-0.011066,0.101801,-0.334340,0.231516,-0.225037,0.007171,0.260196,-0.314861,0.056183,0.000000,0.000000,0.000000,-0.000000,0.000000,0.551767,0.040001,-0.355980,1.458534,-1.095814,1.177093,-0.024029,-1.305383,1.537515,-0.237300,-0.000000,-0.000000,-0.000000,-0.000000,0.000000,0.166000,-0.000000,0.169618,0.000000
18.700000,-0.094930,-0.009765,0.078243,-0.294389,0.215137,-0.235404,0.004691,0.260652,-0.306871,0.047109,0.000000,0.000000,0.000000,-0.000000,0.000000,0.515670,0.043022,-0.309822,1.324735,-1.009474,1.228970,-0.010953,-1.307242,1.497448,-0.191818,-0.000000,0.000000,-0.000000,-0.000000,0.000000,0.167000,-0.000000,0.169618,0.000000
18.800000,-0.083999,-0.011794,0.088942,-0.301914,0.211886,-0.245634,0.002143,0.260980,-0.298705,0.038051,0.000000,0.000000,0.000000,-0.000000,0.000000,0.392989,0.063780,-0.448915,1.478134,-1.023820,1.280627,0.002485,-1.311810,1.461709,-0.148225,0.000000,0.000000,-0.000000,0.000000,0.000000,0.168000,-0.000000,0.169618,0.000000
18.900000,-0.073207,-0.013659,0.099474,-0.308884,0.208302,-0.256042,-0.000546,0.261906,-0.291676,0.029428,0.000000,0.000000,0.000000,-0.000000,0.000000,0.312813,0.077220,-0.548957,1.577161,-1.022747,1.331498,0.016467,-1.321765,1.433533,-0.106391,0.000000,-0.000000,-0.000000,-0.000000,0.000000,0.169000,-0.000000,0.169618,0.000000
19.000000,-0.062508,-0.015426,0.110042,-0.315694,0.204630,-0.267103,-0.003393,0.265426,-0.289126,0.022572,0.000000,0.000000,0.000000,-0.000000,0.000000,0.259465,0.085333,-0.601732,1.609712,-1.003186,1.373726,0.025706,-1.368525,1.485079,-0.108586,0.000000,0.000000,-0.000000,-0.000000,0.000000,0.170000,-0.000000,0.169618,0.000000
19.100000,-0.051967,-0.016973,0.120211,-0.321583,0.200427,-0.276658,-0.006349,0.270139,-0.286358,0.014217,0.000000,0.000000,0.000000,0.000000,0.000000,0.205296,0.092437,-0.649588,1.636286,-0.982533,1.386440,0.027727,-1.434011,1.582762,-0.139828,0.000000,0.000000,0.000000,0.000000,0.000000,0.171000,0.000000,0.169618,-0.000000
19.200000,-0.041538,-0.018360,0.130173,-0.326925,0.195921,-0.277499,-0.005463,0.292302,-0.325040,0.031025,0.000000,0.000000,0.000000,0.000000,0.000000,0.150627,0.098771,-0.695245,1.659908,-0.961279,1.330503,0.007877,-1.556543,1.847863,-0.287305,0.000000,0.000000,-0.000000,-0.000000,0.000000,0.172000,0.000000,0.169618,-0.000000
19.300000,-0.029747,-0.019706,0.138482,-0.331613,0.192472,-0.260478,0.002075,0.327938,-0.409486,0.081886,0.000000,0.000000,0.000000,0.000000,0.000000,0.089085,0.104877,-0.732547,1.680271,-0.945384,1.180640,-0.041710,-1.682114,2.245522,-0.571431,-0.000000,-0.000000,-0.000000,-0.000000,0.000000,0.173000,0.000000,0.169618,-0.000000
19.400000,-0.016936,-0.020969,0.145501,-0.335733,0.189798,-0.222969,0.012275,0.345952,-0.474558,0.131181,0.000000,0.000000,0.000000,0.000000,0.000000,0.022309,0.110592,-0.763670,1.698453,-0.933772,0.950019,-0.095509,-1.683420,2.455066,-0.790365,-0.000000,-0.000000,0.000000,-0.000000,0.000000,0.174000,0.000000,0.169618,-0.000000
19.500000,-0.004178,-0.022057,0.152256,-0.339341,0.186906,-0.178246,0.019821,0.310440,-0.458726,0.151704,0.000000,0.000000,0.000000,0.000000,0.000000,-0.042891,0.115309,-0.795113,1.714763,-0.920078,0.737127,-0.124556,-1.443403,2.242175,-0.819125,-0.000000,-0.000000,0.000000,-0.000000,0.000000,0.175000,0.000000,0.169618,-0.000000
19.600000,0.008537,-0.022974,0.158892,-0.342679,0.183888,-0.142132,0.022747,0.254308,-0.393604,0.142428,0.000000,0.000000,0.000000,0.000000,0.000000,-0.106271,0.119036,-0.827517,1.729861,-0.904282,0.611858,-0.125750,-1.141373,1.828785,-0.703713,-0.000000,0.000000,-0.000000,0.000000,0.000000,0.176000,0.000000,0.169618,-0.000000
19.700000,0.021279,-0.023726,0.165534,-0.346036,0.180903,-0.132343,0.022623,0.232143,-0.356788,0.127492,0.000000,0.000000,0.000000,0.000000,0.000000,-0.168662,0.121873,-0.860967,1.745051,-0.887572,0.629522,-0.114135,-1.071275,1.650608,-0.593095,0.000000,-0.000000,0.000000,-0.000000,0.000000,0.177000,0.000000,0.169618,-0.000000
19.800000,0.033933,-0.024303,0.171951,-0.348914,0.177676,-0.143385,0.021510,0.236375,-0.354433,0.120999,0.000000,0.000000,0.000000,0.000000,0.000000,-0.230080,0.123807,-0.893633,1.757641,-0.869057,0.742728,-0.102874,-1.163388,1.709642,-0.560750,0.000000,0.000000,0.000000,-0.000000,0.000000,0.178000,0.000000,0.169618,-0.000000
19.900000,0.045752,-0.024657,0.178820,-0.351289,0.173480,-0.154360,0.020240,0.240243,-0.351522,0.114266,0.000000,0.000000,0.000000,0.000000,0.000000,-0.287388,0.124666,-0.928110,1.767964,-0.846354,0.825226,-0.094483,-1.219389,1.740382,-0.535992,0.000000,-0.000000,0.000000,0.000000,0.000000,0.179000,0.000000,0.169618,-0.000000
20.000000,0.056860,-0.024804,0.186005,-0.353142,0.168423,-0.165266,0.018816,0.243738,-0.348046,0.107288,0.000000,0.000000,0.000000,-0.000000,0.000000,-0.328295,0.125676,-0.979128,1.824927,-0.853420,0.878415,-0.086565,-1.237126,1.721153,-0.498696,0.000000,0.000000,-0.000000,-0.000000,0.000000,0.180000,-0.000000,0.169618,0.000000
20.100000,0.068288,-0.024809,0.192556,-0.354499,0.163507,-0.175598,0.017232,0.247122,-0.343716,0.099500,0.000000,0.000000,0.000000,-0.000000,0.000000,-0.343104,0.126044,-1.027331,1.907487,-0.888127,0.928238,-0.077885,-1.253498,1.696634,-0.457112,-0.000000,-0.000000,0.000000,-0.000000,0.000000,0.181000,-0.000000,0.169618,0.000000
20.200000,0.070594,-0.025517,0.210092,-0.391606,0.183222,-0.185088,0.015495,0.251082,-0.339159,0.090835,0.000000,0.000000,0.000000,-0.000000,0.000000,-0.293666,0.126663,-1.080694,2.106781,-1.033180,0.974157,-0.068465,-1.272413,1.670937,-0.411423,0.000000,-0.000000,0.000000,-0.000000,0.000000,0.182000,-0.000000,0.169618,0.000000
20.300000,0.049378,-0.026350,0.231914,-0.459439,0.228725,-0.194532,0.013619,0.254576,-0.333958,0.081927,0.000000,0.000000,0.000000,-0.000000,0.000000,-0.107790,0.122442,-1.118674,2.370805,-1.255193,1.021450,-0.058376,-1.287718,1.642360,-0.366149,0.000000,0.000000,-0.000000,-0.000000,0.000000,0.183000,-0.000000,0.169618,0.000000
20.400000,0.010979,-0.024510,0.214829,-0.480617,0.265947,-0.204043,0.011606,0.257521,-0.328152,0.072898,0.000000,0.000000,0.000000,-0.000000,0.000000,0.135816,0.105043,-0.942323,2.333623,-1.388847,1.070138,-0.047626,-1.299009,1.610391,-0.321164,0.000000,-0.000000,0.000000,0.000000,0.000000,0.184000,-0.000000,0.169618,0.000000
20.500000,-0.043764,-0.017845,0.163319,-0.425122,0.260923,-0.214582,0.009458,0.259036,-0.321768,0.064663,0.000000,0.000000,0.000000,-0.000000,0.000000,0.392846,0.069753,-0.636500,1.937402,-1.293759,1.123914,-0.036135,-1.302866,1.575001,-0.279727,-0.000000,0.000000,0.000000,0.000000,0.000000,0.185000,-0.000000,0.169618,0.000000
20.600000,-0.086948,-0.011066,0.101801,-0.334340,0.231516,-0.225037,0.007171,0.260196,-0.314861,0.056183,0.000000,0.000000,0.000000,-0.000000,0.000000,0.551767,0.040001,-0.355980,1.458534,-1.095814,1.177093,-0.024029,-1.305383,1.537515,-0.237300,0.000000,0.000000,0.000000,-0.000000,0.000000,0.186000,-0.000000,0.169618,0.000000
20.700000,-0.094930,-0.009765,0.078243,-0.294389,0.215137,-0.235404,0.004691,0.260652,-0.306871,0.047109,0.000000,0.000000,0.000000,-0.000000,0.000000,0.515670,0.043022,-0.309822,1.324735,-1.009474,1.228970,-0.010953,-1.307242,1.497448,-0.191818,0.000000,0.000000,0.000000,-0.000000,0.000000,0.187000,-0.000000,0.169618,0.000000
20.800000,-0.083999,-0.011794,0.088942,-0.301914,0.211886,-0.245634,0.002143,0.260980,-0.298705,0.038051,0.000000,0.000000,0.000000,-0.000000,0.000000,0.392989,0.063780,-0.448915,1.478134,-1.023820,1.280627,0.002485,-1.311810,1.461709,-0.148225,0.000000,-0.000000,-0.000000,0.000000,0.000000,0.188000,-0.000000,0.169618,0.000000
20.900000,-0.073207,-0.013659,0.099474,-0.308884,0.208302,-0.256042,-0.000546,0.261906,-0.291676,0.029428,0.000000,0.000000,0.000000,-0.000000,0.000000,0.312813,0.077220,-0.548957,1.577161,-1.022747,1.331498,0.016467,-1.321765,1.433533,-0.106391,0.000000,0.000000,-0.000000,0.000000,0.000000,0.189000,-0.000000,0.169618,0.000000
21.000000,-0.062508,-0.015426,0.110042,-0.315694,0.204630,-0.267103,-0.003393,0.265426,-0.289126,0.022572,0.000000,0.000000,0.000000,-0.000000,0.000000,0.259465,0.085333,-0.601732,1.609712,-1.003186,1.373726,0.025706,-1.368525,1.485079,-0.108586,0.000000,0.000000,-0.000000,0.000000,0.000000,0.190000,-0.000000,0.169618,0.000000
21.100000,-0.051967,-0.016973,0.120211,-0.321583,0.200427,-0.276658,-0.006349,0.270139,-0.286358,0.014217,0.000000,0.000000,0.000000,0.000000,0.000000,0.205296,0.092437,-0.649588,1.636286,-0.982533,1.386440,0.027727,-1.434011,1.582762,-0.139828,0.000000,0.000000,0.000000,-0.000000,0.000000,0.191000,0.000000,0.169618,-0.000000
21.200000,-0.041538,-0.018360,0.130173,-0.326925,0.195921,-0.277499,-0.005463,0.292302,-0.325040,0.031025,0.000000,0.000000,0.000000,0.000000,0.000000,0.150627,0.098771,-0.695245,1.659908,-0.961279,1.330503,0.007877,-1.556543,1.847863,-0.287305,-0.000000,-0.000000,-0.000000,0.000000,0.000000,0.192000,0.000000,0.169618,-0.000000
21.300000,-0.029747,-0.019706,0.138482,-0.331613,0.192472,-0.260478,0.002075,0.327938,-0.409486,0.081886,0.000000,0.000000,0.000000,0.000000,0.000000,0.089085,0.104877,-0.732547,1.680271,-0.945384,1.180640,-0.041710,-1.682114,2.245522,-0.571431,0.000000,-0.000000,0.000000,-0.000000,0.000000,0.193000,0.000000,0.169618,-0.000000
21.400000,-0.016936,-0.020969,0.145501,-0.335733,0.189798,-0.222969,0.012275,0.345952,-0.474558,0.131181,0.000000,0.000000,0.000000,0.000000,0.000000,0.022309,0.110592,-0.763670,1.698453,-0.933772,0.950019,-0.095509,-1.683420,2.455066,-0.790365,0.000000,-0.000000,-0.000000,-0.000000,0.000000,0.194000,0.000000,0.169618,-0.000000
21.500000,-0.004178,-0.022057,0.152256,-0.339341,0.186906,-0.178246,0.019821,0.310440,-0.458726,0.151704,0.000000,0.000000,0.000000,0.000000,0.000000,-0.042891,0.115309,-0.795113,1.714763,-0.920078,0.737127,-0.124556,-1.443403,2.242175,-0.819125,-0.000000,-0.000000,0.000000,-0.000000,0.000000,0.195000,0.000000,0.169618,-0.000000
21.600000,0.008537,-0.022974,0.158892,-0.342679,0.183888,-0.142132,0.022747,0.254308,-0.393604,0.142428,0.000000,0.000000,0.000000,0.000000,0.000000,-0.106271,0.119036,-0.827517,1.729861,-0.904282,0.611858,-0.125750,-1.141373,1.828785,-0.703713,0.000000,-0.000000,0.000000,-0.000000,0.000000,0.196000,0.000000,0.169618,-0.000000
21.700000,0.021279,-0.023726,0.165534,-0.346036,0.180903,-0.132343,0.022623,0.232143,-0.356788,0.127492,0.000000,0.000000,0.000000,0.000000,0.000000,-0.168662,0.121873,-0.860967,1.745051,-0.887572,0.629522,-0.114135,-1.071275,1.650608,-0.593095,0.000000,0.000000,0.000000,-0.000000,0.000000,0.197000,0.000000,0.169618,-0.000000
21.800000,0.033933,-0.024303,0.171951,-0.348914,0.177676,-0.143385,0.021510,0.236375,-0.354433,0.120999,0.000000,0.000000,0.000000,0.000000,0.000000,-0.230080,0.123807,-0.893633,1.757641,-0.869057,0.742728,-0.102874,-1.163388,1.709642,-0.560750,-0.000000,-0.000000,-0.000000,-0.000000,0.000000,0.198000,0.000000,0.169618,-0.000000
21.900000,0.045752,-0.024657,0.178820,-0.351289,0.173480,-0.154360,0.020240,0.240243,-0.351522,0.114266,0.000000,0.000000,0.000000,0.000000,0.000000,-0.287388,0.124666,-0.928110,1.767964,-0.846354,0.825226,-0.094483,-1.219389,1.740382,-0.535992,-0.000000,0.000000,-0.000000,0.000000,0.000000,0.199000,0.000000,0.169618,-0.000000
22.000000,0.056860,-0.024804,0.186005,-0.353142,0.168423,-0.165266,0.018816,0.243738,-0.348046,0.107288,0.000000,0.000000,0.000000,-0.000000,0.000000,-0.328295,0.125676,-0.979128,1.824927,-0.853420,0.878415,-0.086565,-1.237126,1.721153,-0.498696,0.000000,-0.000000,0.000000,-0.000000,0.000000,0.200000,-0.000000,0.169618,0.000000
22.100000,0.068288,-0.024809,0.192556,-0.354499,0.163507,-0.175598,0.017232,0.247122,-0.343716,0.099500,0.000000,0.000000,0.000000,-0.000000,0.000000,-0.343104,0.126044,-1.027331,1.907487,-0.888127,0.928238,-0.077885,-1.253498,1.696634,-0.457112,0.000000,0.000000,-0.000000,0.000000,0.000000,0.201000,-0.000000,0.169618,0.000000
22.200000,0.070594,-0.025517,0.210092,-0.391606,0.183222,-0.185088,0.015495,0.251082,-0.339159,0.090835,0.000000,0.000000,0.000000,-0.000000,0.000000,-0.293666,0.126663,-1.080694,2.106781,-1.033180,0.974157,-0.068465,-1.272413,1.670937,-0.411423,-0.000000,0.000000,0.000000,-0.000000,0.000000,0.202000,-0.000000,0.169618,0.000000
22.300000,0.049378,-0.026350,0.231914,-0.459439,0.228725,-0.194532,0.013619,0.254576,-0.333958,0.081927,0.000000,0.000000,0.000000,-0.000000,0.000000,-0.107790,0.122442,-1.118674,2.370805,-1.255193,1.021450,-0.058376,-1.287718,1.642360,-0.366149,-0.000000,-0.000000,0.000000,-0.000000,0.000000,0.203000,-0.000000,0.169618,0.000000
22.400000,0.010979,-0.024510,0.214829,-0.480617,0.265947,-0.204043,0.011606,0.257521,-0.328152,0.072898,0.000000,0.000000,0.000000,-0.000000,0.000000,0.135816,0.105043,-0.942323,2.333623,-1.388847,1.070138,-0.047626,-1.299009,1.610391,-0.321164,-0.000000,-0.000000,0.000000,-0.000000,0.000000,0.204000,-0.000000,0.169618,0.000000
22.500000,-0.043764,-0.017845,0.163319,-0.425122,0.260923,-0.214582,0.009458,0.259036,-0.321768,0.064663,0.000000,0.000000,0.000000,-0.000000,0.000000,0.392846,0.069753,-0.636500,1.937402,-1.293759,1.123914,-0.036135,-1.302866,1.575001,-0.279727,0.000000,0.000000,0.000000,0.000000,0.000000,0.205000,-0.000000,0.169618,0.000000
22.600000,-0.086948,-0.011066,0.101801,-0.334340,0.231516,-0.225037,0.007171,0.260196,-0.314861,0.056183,0.000000,0.000000,0.000000,-0.000000,0.000000,0.551767,0.040001,-0.355980,1.458534,-1.095814,1.177093,-0.024029,-1.305383,1.537515,-0.237300,0.000000,0.000000,-0.000000,-0.000000,0.000000,0.206000,-0.000000,0.169618,0.000000
22.700000,-0.094930,-0.009765,0.078243,-0.294389,0.215137,-0.235404,0.004691,0.260652,-0.306871,0.047109,0.000000,0.000000,0.000000,-0.000000,0.000000,0.515670,0.043022,-0.309822,1.324735,-1.009474,1.228970,-0.010953,-1.307242,1.497448,-0.191818,-0.000000,-0.000000,-0.000000,0.000000,0.000000,0.207000,-0.000000,0.169618,0.000000
22.800000,-0.083999,-0.011794,0.088942,-0.301914,0.211886,-0.245634,0.002143,0.260980,-0.298705,0.038051,0.000000,0.000000,0.000000,-0.000000,0.000000,0.392989,0.063780,-0.448915,1.478134,-1.023820,1.280627,0.002485,-1.311810,1.461709,-0.148225,-0.000000,-0.000000,0.000000,0.000000,0.000000,0.208000,-0.000000,0.169618,0.000000
22.900000,-0.073207,-0.013659,0.099474,-0.308884,0.208302,-0.256042,-0.000546,0.261906,-0.291676,0.029428,0.000000,0.000000,0.000000,-0.000000,0.000000,0.312813,0.077220,-0.548957,1.577161,-1.022747,1.331498,0.016467,-1.321765,1.433533,-0.106391,0.000000,0.000000,-0.000000,-0.000000,0.000000,0.209000,-0.000000,0.169618,0.000000
23.000000,-0.062508,-0.015426,0.110042,-0.315694,0.204630,-0.267103,-0.003393,0.265426,-0.289126,0.022572,0.000000,0.000000,0.000000,-0.000000,0.000000,0.259465,0.085333,-0.601732,1.609712,-1.003186,1.373726,0.025706,-1.368525,1.485079,-0.108586,-0.000000,-0.000000,-0.000000,0.000000,0.000000,0.210000,-0.000000,0.169618,0.000000
23.100000,-0.051967,-0.016973,0.120211,-0.321583,0.200427,-0.276658,-0.006349,0.270139,-0.286358,0.014217,0.000000,0.000000,0.000000,0.000000,0.000000,0.205296,0.092437,-0.649588,1.636286,-0.982533,1.386440,0.027727,-1.434011,1.582762,-0.139828,-0.000000,-0.000000,0.000000,-0.000000,0.000000,0.211000,0.000000,0.169618,-0.000000
23.200000,-0.041538,-0.018360,0.130173,-0.326925,0.195921,-0.277499,-0.005463,0.292302,-0.325040,0.031025,0.000000,0.000000,0.000000,0.000000,0.000000,0.150627,0.098771,-0.695245,1.659908,-0.961279,1.330503,0.007877,-1.556543,1.847863,-0.287305,-0.000000,-0.000000,0.000000,-0.000000,0.000000,0.212000,0.000000,0.169618,-0.000000
23.300000,-0.029747,-0.019706,0.138482,-0.331613,0.192472,-0.260478,0.002075,0.327938,-0.409486,0.081886,0.000000,0.000000,0.000000,0.000000,0.000000,0.089085,0.104877,-0.732547,1.680271,-0.945384,1.180640,-0.041710,-1.682114,2.245522,-0.571431,0.000000,0.000000,0.000000,-0.000000,0.000000,0.213000,0.000000,0.169618,-0.000000
23.400000,-0.016936,-0.020969,0.145501,-0.335733,0.189798,-0.222969,0.012275,0.345952,-0.474558,0.131181,0.000000,0.000000,0.000000,0.000000,0.000000,0.022309,0.110592,-0.763670,1.698453,-0.933772,0.950019,-0.095509,-1.683420,2.455066,-0.790365,-0.000000,0.000000,-0.000000,-0.000000,0.000000,0.214000,0.000000,0.169618,-0.000000
23.500000,-0.004178,-0.022057,0.152256,-0.339341,0.186906,-0.178246,0.019821,0.310440,-0.458726,0.151704,0.000000,0.000000,0.000000,0.000000,0.000000,-0.042891,0.115309,-0.795113,1.714763,-0.920078,0.737127,-0.124556,-1.443403,2.242175,-0.819125,0.000000,0.000000,0.000000,0.000000,0.000000,0.215000,0.000000,0.169618,-0.000000
23.600000,0.008537,-0.022974,0.158892,-0.342679,0.183888,-0.142132,0.022747,0.254308,-0.393604,0.142428,0.000000,0.000000,0.000000,0.000000,0.000000,-0.106271,0.119036,-0.827517,1.729861,-0.904282,0.611858,-0.125750,-1.141373,1.828785,-0.703713,0.000000,0.000000,-0.000000,-0.000000,0.000000,0.216000,0.000000,0.169618,-0.000000
23.700000,0.021279,-0.023726,0.165534,-0.346036,0.180903,-0.132343,0.022623,0.232143,-0.356788,0.127492,0.000000,0.000000,0.000000,0.000000,0.000000,-0.168662,0.121873,-0.860967,1.745051,-0.887572,0.629522,-0.114135,-1.071275,1.650608,-0.593095,0.000000,-0.000000,-0.000000,0.000000,0.000000,0.217000,0.000000,0.169618,-0.000000
23.800000,0.033933,-0.024303,0.171951,-0.348914,0.177676,-0.143385,0.021510,0.236375,-0.354433,0.120999,0.000000,0.000000,0.000000,0.000000,0.000000,-0.230080,0.123807,-0.893633,1.757641,-0.869057,0.742728,-0.102874,-1.163388,1.709642,-0.560750,0.000000,0.000000,-0.000000,0.000000,0.000000,0.218000,0.000000,0.169618,-0.000000
23.900000,0.045752,-0.024657,0.178820,-0.351289,0.173480,-0.154360,0.020240,0.240243,-0.351522,0.114266,0.000000,0.000000,0.000000,0.000000,0.000000,-0.287388,0.124666,-0.928110,1.767964,-0.846354,0.825226,-0.094483,-1.219389,1.740382,-0.535992,0.000000,-0.000000,0.000000,0.000000,0.000000,0.219000,0.000000,0.169618,-0.000000
24.000000,0.056860,-0.024804,0.186005,-0.353142,0.168423,-0.165266,0.018816,0.243738,-0.348046,0.107288,0.000000,0.000000,0.000000,-0.000000,0.000000,-0.328295,0.125676,-0.979128,1.824927,-0.853420,0.878415,-0.086565,-1.237126,1.721153,-0.498696,0.000000,0.000000,0.000000,0.000000,0.000000,0.220000,-0.000000,0.169618,0.000000
24.100000,0.068288,-0.024809,0.192556,-0.354499,0.163507,-0.175598,0.017232,0.247122,-0.343716,0.099500,0.000000,0.000000,0.000000,-0.000000,0.000000,-0.343104,0.126044,-1.027331,1.907487,-0.888127,0.928238,-0.077885,-1.253498,1.696634,-0.457112,-0.000000,-0.000000,-0.000000,-0.000000,0.000000,0.221000,-0.000000,0.169618,0.000000
24.200000,0.070594,-0.025517,0.210092,-0.391606,0.183222,-0.185088,0.015495,0.251082,-0.339159,0.090835,0.000000,0.000000,0.000000,-0.000000,0.000000,-0.293666,0.126663,-1.080694,2.106781,-1.033180,0.974157,-0.068465,-1.272413,1.670937,-0.411423,0.000000,0.000000,-0.000000,-0.000000,0.000000,0.222000,-0.000000,0.169618,0.000000
24.300000,0.049378,-0.026350,0.231914,-0.459439,0.228725,-0.194532,0.013619,0.254576,-0.333958,0.081927,0.000000,0.000000,0.000000,-0.000000,0.000000,-0.107790,0.122442,-1.118674,2.370805,-1.255193,1.021450,-0.058376,-1.287718,1.642360,-0.366149,0.000000,0.000000,-0.000000,0.000000,0.000000,0.223000,-0.000000,0.169618,0.000000
24.400000,0.010979,-0.024510,0.214829,-0.480617,0.265947,-0.204043,0.011606,0.257521,-0.328152,0.072898,0.000000,0.000000,0.000000,-0.000000,0.000000,0.135816,0.105043,-0.942323,2.333623,-1.388847,1.070138,-0.047626,-1.299009,1.610391,-0.321164,-0.000000,-0.000000,-0.000000,0.000000,0.000000,0.224000,-0.000000,0.169618,0.000000
24.500000,-0.043764,-0.017845,0.163319,-0.425122,0.260923,-0.214582,0.009458,0.259036,-0.321768,0.064663,0.000000,0.000000,0.000000,-0.000000,0.000000,0.392846,0.069753,-0.636500,1.937402,-1.293759,1.123914,-0.036135,-1.302866,1.575001,-0.279727,0.000000,0.000000,0.000000,0.000000,0.000000,0.225000,-0.000000,0.169618,0.000000
24.600000,-0.086948,-0.011066,0.101801,-0.334340,0.231516,-0.225037,0.007171,0.260196,-0.314861,0.056183,0.000000,0.000000,0.000000,-0.000000,0.000000,0.551767,0.040001,-0.355980,1.458534,-1.095814,1.177093,-0.024029,-1.305383,1.537515,-0.237300,-0.000000,-0.000000,-0.000000,-0.000000,0.000000,0.226000,-0.000000,0.169618,0.000000
24.700000,-0.094930,-0.009765,0.078243,-0.294389,0.215137,-0.235404,0.004691,0.260652,-0.306871,0.047109,0.000000,0.000000,0.000000,-0.000000,0.000000,0.515670,0.043022,-0.309822,1.324735,-1.009474,1.228970,-0.010953,-1.307242,1.497448,-0.191818,-0.000000,-0.000000,0.000000,-0.000000,0.000000,0.227000,-0.000000,0.169618,0.000000
24.800000,-0.083999,-0.011794,0.088942,-0.301914,0.211886,-0.245634,0.002143,0.260980,-0.298705,0.038051,0.000000,0.000000,0.000000,-0.000000,0.000000,0.392989,0.063780,-0.448915,1.478134,-1.023820,1.280627,0.002485,-1.311810,1.461709,-0.148225,0.000000,0.000000,0.000000,-0.000000,0.000000,0.228000,-0.000000,0.169618,0.000000
24.900000,-0.073207,-0.013659,0.099474,-0.308884,0.208302,-0.256042,-0.000546,0.261906,-0.291676,0.029428,0.000000,0.000000,0.000000,-0.000000,0.000000,0.312813,0.077220,-0.548957,1.577161,-1.022747,1.331498,0.016467,-1.321765,1.433533,-0.106391,-0.000000,0.000000,0.000000,-0.000000,0.000000,0.229000,-0.000000,0.169618,0.000000
25.000000,-0.062508,-0.015426,0.110042,-0.315694,0.204630,-0.267103,-0.003393,0.265426,-0.289126,0.022572,0.000000,0.000000,0.000000,-0.000000,0.000000,0.259465,0.085333,-0.601732,1.609712,-1.003186,1.373726,0.025706,-1.368525,1.485079,-0.108586,-0.000000,-0.000000,-0.000000,0.000000,0.000000,0.230000,-0.000000,0.169618,0.000000
25.100000,-0.051967,-0.016973,0.120211,-0.321583,0.200427,-0.276658,-0.006349,0.270139,-0.286358,0.014217,0.000000,0.000000,0.000000,0.000000,0.000000,0.205296,0.092437,-0.649588,1.636286,-0.982533,1.386440,0.027727,-1.434011,1.582762,-0.139828,-0.000000,-0.000000,-0.000000,0.000000,0.000000,0.231000,0.000000,0.169618,-0.000000
25.200000,-0.041538,-0.018360,0.130173,-0.326925,0.195921,-0.277499,-0.005463,0.292302,-0.325040,0.031025,0.000000,0.000000,0.000000,0.000000,0.000000,0.150627,0.098771,-0.695245,1.659908,-0.961279,1.330503,0.007877,-1.556543,1.847863,-0.287305,-0.000000,-0.000000,0.000000,-0.000000,0.000000,0.232000,0.000000,0.169618,-0.000000
25.300000,-0.029747,-0.019706,0.138482,-0.331613,0.192472,-0.260478,0.002075,0.327938,-0.409486,0.081886,0.000000,0.000000,0.000000,0.000000,0.000000,0.089085,0.104877,-0.732547,1.680271,-0.945384,1.180640,-0.041710,-1.682114,2.245522,-0.571431,0.000000,0.000000,0.000000,-0.000000,0.000000,0.233000,0.000000,0.169618,-0.000000
25.400000,-0.016936,-0.020969,0.145501,-0.335733,0.189798,-0.222969,0.012275,0.345952,-0.474558,0.131181,0.000000,0.000000,0.000000,0.000000,0.000000,0.022309,0.110592,-0.763670,1.698453,-0.933772,0.950019,-0.095509,-1.683420,2.455066,-0.790365,0.000000,0.000000,-0.000000,0.000000,0.000000,0.234000,0.000000,0.169618,-0.000000
25.500000,-0.004178,-0.022057,0.152256,-0.339341,0.186906,-0.178246,0.019821,0.310440,-0.458726,0.151704,0.000000,0.000000,0.000000,0.000000,0.000000,-0.042891,0.115309,-0.795113,1.714763,-0.920078,0.737127,-0.124556,-1.443403,2.242175,-0.819125,0.000000,0.000000,-0.000000,-0.000000,0.000000,0.235000,0.000000,0.169618,-0.000000
25.600000,0.008537,-0.022974,0.158892,-0.342679,0.183888,-0.142132,0.022747,0.254308,-0.393604,0.142428,0.000000,0.000000,0.000000,0.000000,0.000000,-0.106271,0.119036,-0.827517,1.729861,-0.904282,0.611858,-0.125750,-1.141373,1.828785,-0.703713,0.000000,-0.000000,-0.000000,0.000000,0.000000,0.236000,0.000000,0.169618,-0.000000
25.700000,0.021279,-0.023726,0.165534,-0.346036,0.180903,-0.132343,0.022623,0.232143,-0.356788,0.127492,0.000000,0.000000,0.000000,0.000000,0.000000,-0.168662,0.121873,-0.860967,1.745051,-0.887572,0.629522,-0.114135,-1.071275,1.650608,-0.593095,0.000000,0.000000,-0.000000,-0.000000,0.000000,0.237000,0.000000,0.169618,-0.000000
25.800000,0.033933,-0.024303,0.171951,-0.348914,0.177676,-0.143385,0.021510,0.236375,-0.354433,0.120999,0.000000,0.000000,0.000000,0.000000,0.000000,-0.230080,0.123807,-0.893633,1.757641,-0.869057,0.742728,-0.102874,-1.163388,1.709642,-0.560750,-0.000000,0.000000,0.000000,-0.000000,0.000000,0.238000,0.000000,0.169618,-0.000000
25.900000,0.045752,-0.024657,0.178820,-0.351289,0.173480,-0.154360,0.020240,0.240243,-0.351522,0.114266,0.000000,0.000000,0.000000,0.000000,0.000000,-0.287388,0.124666,-0.928110,1.767964,-0.846354,0.825226,-0.094483,-1.219389,1.740382,-0.535992,-0.000000,-0.000000,-0.000000,0.000000,0.000000,0.239000,0.000000,0.169618,-0.000000
26.000000,0.056860,-0.024804,0.186005,-0.353142,0.168423,-0.165266,0.018816,0.243738,-0.348046,0.107288,0.000000,0.000000,0.000000,-0.000000,0.000000,-0.328295,0.125676,-0.979128,1.824927,-0.853420,0.878415,-0.086565,-1.237126,1.721153,-0.498696,-0.000000,-0.000000,-0.000000,-0.000000,0.000000,0.240000,-0.000000,0.169618,0.000000
26.100000,0.068288,-0.024809,0.192556,-0.354499,0.163507,-0.175598,0.017232,0.247122,-0.343716,0.099500,0.000000,0.000000,0.000000,-0.000000,0.000000,-0.343104,0.126044,-1.027331,1.907487,-0.888127,0.928238,-0.077885,-1.253498,1.696634,-0.457112,-0.000000,-0.000000,-0.000000,-0.000000,0.000000,0.241000,-0.000000,0.169618,0.000000
26.200000,0.070594,-0.025517,0.210092,-0.391606,0.183222,-0.185088,0.015495,0.251082,-0.339159,0.090835,0.000000,0.000000,0.000000,-0.000000,0.000000,-0.293666,0.126663,-1.080694,2.106781,-1.033180,0.974157,-0.068465,-1.272413,1.670937,-0.411423,-0.000000,-0.000000,0.000000,-0.000000,0.000000,0.242000,-0.000000,0.169618,0.000000
26.300000,0.049378,-0.026350,0.231914,-0.459439,0.228725,-0.194532,0.013619,0.254576,-0.333958,0.081927,0.000000,0.000000,0.000000,-0.000000,0.000000,-0.107790,0.122442,-1.118674,2.370805,-1.255193,1.021450,-0.058376,-1.287718,1.642360,-0.366149,-0.000000,0.000000,-0.000000,-0.000000,0.000000,0.243000,-0.000000,0.169618,0.000000
26.400000,0.010979,-0.024510,0.214829,-0.480617,0.265947,-0.204043,0.011606,0.257521,-0.328152,0.072898,0.000000,0.000000,0.000000,-0.000000,0.000000,0.135816,0.105043,-0.942323,2.333623,-1.388847,1.070138,-0.047626,-1.299009,1.610391,-0.321164,-0.000000,-0.000000,0.000000,-0.000000,0.000000,0.244000,-0.000000,0.169618,0.000000
26.500000,-0.043764,-0.017845,0.163319,-0.425122,0.260923,-0.214582,0.009458,0.259036,-0.321768,0.064663,0.000000,0.000000,0.000000,-0.000000,0.000000,0.392846,0.069753,-0.636500,1.937402,-1.293759,1.123914,-0.036135,-1.302866,1.575001,-0.279727,-0.000000,0.000000,-0.000000,-0.000000,0.000000,0.245000,-0.000000,0.169618,0.000000
26.600000,-0.086948,-0.011066,0.101801,-0.334340,0.231516,-0.225037,0.007171,0.260196,-0.314861,0.056183,0.000000,0.000000,0.000000,-0.000000,0.000000,0.551767,0.040001,-0.355980,1.458534,-1.095814,1.177093,-0.024029,-1.305383,1.537515,-0.237300,-0.000000,0.000000,-0.000000,0.000000,0.000000,0.246000,-0.000000,0.169618,0.000000
26.700000,-0.094930,-0.009765,0.078243,-0.294389,0.215137,-0.235404,0.004691,0.260652,-0.306871,0.047109,0.000000,0.000000,0.000000,-0.000000,0.000000,0.515670,0.043022,-0.309822,1.324735,-1.009474,1.228970,-0.010953,-1.307242,1.497448,-0.191818,-0.000000,-0.000000,-0.000000,-0.000000,0.000000,0.247000,-0.000000,0.169618,0.000000
26.800000,-0.083999,-0.011794,0.088942,-0.301914,0.211886,-0.245634,0.002143,0.260980,-0.298705,0.038051,0.000000,0.000000,0.000000,-0.000000,0.000000,0.392989,0.063780,-0.448915,1.478134,-1.023820,1.280627,0.002485,-1.311810,1.461709,-0.148225,0.000000,0.000000,0.000000,-0.000000,0.000000,0.248000,-0.000000,0.169618,0.000000
26.900000,-0.073207,-0.013659,0.099474,-0.308884,0.208302,-0.256042,-0.000546,0.261906,-0.291676,0.029428,0.000000,0.000000,0.000000,-0.000000,0.000000,0.312813,0.077220,-0.548957,1.577161,-1.022747,1.331498,0.016467,-1.321765,1.433533,-0.106391,0.000000,-0.000000,0.000000,-0.000000,0.000000,0.249000,-0.000000,0.169618,0.000000
27.000000,-0.062508,-0.015426,0.110042,-0.315694,0.204630,-0.267103,-0.003393,0.265426,-0.289126,0.022572,0.000000,0.000000,0.000000,-0.000000,0.000000,0.259465,0.085333,-0.601732,1.609712,-1.003186,1.373726,0.025706,-1.368525,1.485079,-0.108586,-0.000000,-0.000000,0.000000,-0.000000,0.000000,0.250000,-0.000000,0.169618,0.000000
27.100000,-0.051967,-0.016973,0.120211,-0.321583,0.200427,-0.276658,-0.006349,0.270139,-0.286358,0.014217,0.000000,0.000000,0.000000,0.000000,0.000000,0.205296,0.092437,-0.649588,1.636286,-0.982533,1.386440,0.027727,-1.434011,1.582762,-0.139828,0.000000,-0.000000,0.000000,0.000000,0.000000,0.251000,0.000000,0.169618,-0.000000
27.200000,-0.041538,-0.018360,0.130173,-0.326925,0.195921,-0.277499,-0.005463,0.292302,-0.325040,0.031025,0.000000,0.000000,0.000000,0.000000,0.000000,0.150627,0.098771,-0.695245,1.659908,-0.961279,1.330503,0.007877,-1.556543,1.847863,-0.287305,0.000000,-0.000000,-0.000000,0.000000,0.000000,0.252000,0.000000,0.169618,-0.000000
27.300000,-0.029747,-0.019706,0.138482,-0.331613,0.192472,-0.260478,0.002075,0.327938,-0.409486,0.081886,0.000000,0.000000,0.000000,0.000000,0.000000,0.089085,0.104877,-0.732547,1.680271,-0.945384,1.180640,-0.041710,-1.682114,2.245522,-0.571431,0.000000,0.000000,0.000000,0.000000,0.000000,0.253000,0.000000,0.169618,-0.000000
27.400000,-0.016936,-0.020969,0.145501,-0.335733,0.189798,-0.222969,0.012275,0.345952,-0.474558,0.131181,0.000000,0.000000,0.000000,0.000000,0.000000,0.022309,0.110592,-0.763670,1.698453,-0.933772,0.950019,-0.095509,-1.683420,2.455066,-0.790365,-0.000000,0.000000,-0.000000,0.000000,0.000000,0.254000,0.000000,0.169618,-0.000000
27.500000,-0.004178,-0.022057,0.152256,-0.339341,0.186906,-0.178246,0.019821,0.310440,-0.458726,0.151704,0.000000,0.000000,0.000000,0.000000,0.000000,-0.042891,0.115309,-0.795113,1.714763,-0.920078,0.737127,-0.124556,-1.443403,2.242175,-0.819125,0.000000,0.000000,-0.000000,-0.000000,0.000000,0.255000,0.000000,0.169618,-0.000000
27.600000,0.008537,-0.022974,0.158892,-0.342679,0.183888,-0.142132,0.022747,0.254308,-0.393604,0.142428,0.000000,0.000000,0.000000,0.000000,0.000000,-0.106271,0.119036,-0.827517,1.729861,-0.904282,0.611858,-0.125750,-1.141373,1.828785,-0.703713,-0.000000,-0.000000,-0.000000,-0.000000,0.000000,0.256000,0.000000,0.169618,-0.000000
27.700000,0.021279,-0.023726,0.165534,-0.346036,0.180903,-0.132343,0.022623,0.232143,-0.356788,0.127492,0.000000,0.000000,0.000000,0.000000,0.000000,-0.168662,0.121873,-0.860967,1.745051,-0.887572,0.629522,-0.114135,-1.071275,1.650608,-0.593095,0.000000,-0.000000,-0.000000,0.000000,0.000000,0.257000,0.000000,0.169618,-0.000000
27.800000,0.033933,-0.024303,0.171951,-0.348914,0.177676,-0.143385,0.021510,0.236375,-0.354433,0.120999,0.000000,0.000000,0.000000,0.000000,0.000000,-0.230080,0.123807,-0.893633,1.757641,-0.869057,0.742728,-0.102874,-1.163388,1.709642,-0.560750,-0.000000,-0.000000,0.000000,0.000000,0.000000,0.258000,0.000000,0.169618,-0.000000
27.900000,0.045752,-0.024657,0.178820,-0.351289,0.173480,-0.154360,0.020240,0.240243,-0.351522,0.114266,0.000000,0.000000,0.000000,0.000000,0.000000,-0.287388,0.124666,-0.928110,1.767964,-0.846354,0.825226,-0.094483,-1.219389,1.740382,-0.535992,-0.000000,0.000000,0.000000,-0.000000,0.000000,0.259000,0.000000,0.169618,-0.000000
28.000000,0.056860,-0.024804,0.186005,-0.353142,0.168423,-0.165266,0.018816,0.243738,-0.348046,0.107288,0.000000,0.000000,0.000000,-0.000000,0.000000,-0.328295,0.125676,-0.979128,1.824927,-0.853420,0.878415,-0.086565,-1.237126,1.721153,-0.498696,0.000000,0.000000,0.000000,-0.000000,0.000000,0.260000,-0.000000,0.169618,0.000000
28.100000,0.068288,-0.024809,0.192556,-0.354499,0.163507,-0.175598,0.017232,0.247122,-0.343716,0.099500,0.000000,0.000000,0.000000,-0.000000,0.000000,-0.343104,0.126044,-1.027331,1.907487,-0.888127,0.928238,-0.077885,-1.253498,1.696634,-0.457112,0.000000,0.000000,0.000000,-0.000000,0.000000,0.261000,-0.000000,0.169618,0.000000
28.200000,0.070594,-0.025517,0.210092,-0.391606,0.183222,-0.185088,0.015495,0.251082,-0.339159,0.090835,0.000000,0.000000,0.000000,-0.000000,0.000000,-0.293666,0.126663,-1.080694,2.106781,-1.033180,0.974157,-0.068465,-1.272413,1.670937,-0.411423,0.000000,0.000000,0.000000,0.000000,0.000000,0.262000,-0.000000,0.169618,0.000000
28.300000,0.049378,-0.026350,0.231914,-0.459439,0.228725,-0.194532,0.013619,0.254576,-0.333958,0.081927,0.000000,0.000000,0.000000,-0.000000,0.000000,-0.107790,0.122442,-1.118674,2.370805,-1.255193,1.021450,-0.058376,-1.287718,1.642360,-0.366149,-0.000000,-0.000000,-0.000000,0.000000,0.000000,0.263000,-0.000000,0.169618,0.000000
28.400000,0.010979,-0.024510,0.214829,-0.480617,0.265947,-0.204043,0.011606,0.257521,-0.328152,0.072898,0.000000,0.000000,0.000000,-0.000000,0.000000,0.135816,0.105043,-0.942323,2.333623,-1.388847,1.070138,-0.047626,-1.299009,1.610391,-0.321164,0.000000,0.000000,-0.000000,-0.000000,0.000000,0.264000,-0.000000,0.169618,0.000000
28.500000,-0.043764,-0.017845,0.163319,-0.425122,0.260923,-0.214582,0.009458,0.259036,-0.321768,0.064663,0.000000,0.000000,0.000000,-0.000000,0.000000,0.392846,0.069753,-0.636500,1.937402,-1.293759,1.123914,-0.036135,-1.302866,1.575001,-0.279727,0.000000,0.000000,-0.000000,-0.000000,0.000000,0.265000,-0.000000,0.169618,0.000000
28.600000,-0.086948,-0.011066,0.101801,-0.334340,0.231516,-0.225037,0.007171,0.260196,-0.314861,0.056183,0.000000,0.000000,0.000000,-0.000000,0.000000,0.551767,0.040001,-0.355980,1.458534,-1.095814,1.177093,-0.024029,-1.305383,1.537515,-0.237300,0.000000,0.000000,0.000000,-0.000000,0.000000,0.266000,-0.000000,0.169618,0.000000
28.700000,-0.094930,-0.009765,0.078243,-0.294389,0.215137,-0.235404,0.004691,0.260652,-0.306871,0.047109,0.000000,0.000000,0.000000,-0.000000,0.000000,0.515670,0.043022,-0.309822,1.324735,-1.009474,1.228970,-0.010953,-1.307242,1.497448,-0.191818,-0.000000,0.000000,0.000000,-0.000000,0.000000,0.267000,-0.000000,0.169618,0.000000
28.800000,-0.083999,-0.011794,0.088942,-0.301914,0.211886,-0.245634,0.002143,0.260980,-0.298705,0.038051,0.000000,0.000000,0.000000,-0.000000,0.000000,0.392989,0.063780,-0.448915,1.478134,-1.023820,1.280627,0.002485,-1.311810,1.461709,-0.148225,0.000000,0.000000,0.000000,0.000000,0.000000,0.268000,-0.000000,0.169618,0.000000
28.900000,-0.073207,-0.013659,0.099474,-0.308884,0.208302,-0.256042,-0.000546,0.261906,-0.291676,0.029428,0.000000,0.000000,0.000000,-0.000000,0.000000,0.312813,0.077220,-0.548957,1.577161,-1.022747,1.331498,0.016467,-1.321765,1.433533,-0.106391,0.000000,-0.000000,-0.000000,-0.000000,0.000000,0.269000,-0.000000,0.169618,0.000000
29.000000,-0.062508,-0.015426,0.110042,-0.315694,0.204630,-0.267103,-0.003393,0.265426,-0.289126,0.022572,0.000000,0.000000,0.000000,-0.000000,0.000000,0.259465,0.085333,-0.601732,1.609712,-1.003186,1.373726,0.025706,-1.368525,1.485079,-0.108586,0.000000,-0.000000,0.000000,0.000000,0.000000,0.270000,-0.000000,0.169618,0.000000
29.100000,-0.051967,-0.016973,0.120211,-0.321583,0.200427,-0.276658,-0.006349,0.270139,-0.286358,0.014217,0.000000,0.000000,0.000000,0.000000,0.000000,0.205296,0.092437,-0.649588,1.636286,-0.982533,1.386440,0.027727,-1.434011,1.582762,-0.139828,-0.000000,-0.000000,-0.000000,0.000000,0.000000,0.271000,0.000000,0.169618,-0.000000
29.200000,-0.041538,-0.018360,0.130173,-0.326925,0.195921,-0.277499,-0.005463,0.292302,-0.325040,0.031025,0.000000,0.000000,0.000000,0.000000,0.000000,0.150627,0.098771,-0.695245,1.659908,-0.961279,1.330503,0.007877,-1.556543,1.847863,-0.287305,0.000000,0.000000,-0.000000,0.000000,0.000000,0.272000,0.000000,0.169618,-0.000000
29.300000,-0.029747,-0.019706,0.138482,-0.331613,0.192472,-0.260478,0.002075,0.327938,-0.409486,0.081886,0.000000,0.000000,0.000000,0.000000,0.000000,0.089085,0.104877,-0.732547,1.680271,-0.945384,1.180640,-0.041710,-1.682114,2.245522,-0.571431,0.000000,0.000000,0.000000,-0.000000,0.000000,0.273000,0.000000,0.169618,-0.000000
29.400000,-0.016936,-0.020969,0.145501,-0.335733,0.189798,-0.222969,0.012275,0.345952,-0.474558,0.131181,0.000000,0.000000,0.000000,0.000000,0.000000,0.022309,0.110592,-0.763670,1.698453,-0.933772,0.950019,-0.095509,-1.683420,2.455066,-0.790365,-0.000000,-0.000000,0.000000,0.000000,0.000000,0.274000,0.000000,0.169618,-0.000000
29.500000,-0.004178,-0.022057,0.152256,-0.339341,0.186906,-0.178246,0.019821,0.310440,-0.458726,0.151704,0.000000,0.000000,0.000000,0.000000,0.000000,-0.042891,0.115309,-0.795113,1.714763,-0.920078,0.737127,-0.124556,-1.443403,2.242175,-0.819125,0.000000,-0.000000,-0.000000,-0.000000,0.000000,0.275000,0.000000,0.169618,-0.000000
29.600000,0.008537,-0.022974,0.158892,-0.342679,0.183888,-0.142132,0.022747,0.254308,-0.393604,0.142428,0.000000,0.000000,0.000000,0.000000,0.000000,-0.106271,0.119036,-0.827517,1.729861,-0.904282,0.611858,-0.125750,-1.141373,1.828785,-0.703713,0.000000,0.000000,0.000000,0.000000,0.000000,0.276000,0.000000,0.169618,-0.000000
29.700000,0.021279,-0.023726,0.165534,-0.346036,0.180903,-0.132343,0.022623,0.232143,-0.356788,0.127492,0.000000,0.000000,0.000000,0.000000,0.000000,-0.168662,0.121873,-0.860967,1.745051,-0.887572,0.629522,-0.114135,-1.071275,1.650608,-0.593095,0.000000,-0.000000,-0.000000,0.000000,0.000000,0.277000,0.000000,0.169618,-0.000000
29.800000,0.033933,-0.024303,0.171951,-0.348914,0.177676,-0.143385,0.021510,0.236375,-0.354433,0.120999,0.000000,0.000000,0.000000,0.000000,0.000000,-0.230080,0.123807,-0.893633,1.757641,-0.869057,0.742728,-0.102874,-1.163388,1.709642,-0.560750,0.000000,0.000000,0.000000,-0.000000,0.000000,0.278000,0.000000,0.169618,-0.000000
29.900000,0.045752,-0.024657,0.178820,-0.351289,0.173480,-0.154360,0.020240,0.240243,-0.351522,0.114266,0.000000,0.000000,0.000000,0.000000,0.000000,-0.287388,0.124666,-0.928110,1.767964,-0.846354,0.825226,-0.094483,-1.219389,1.740382,-0.535992,0.000000,-0.000000,-0.000000,0.000000,0.000000,0.279000,0.000000,0.169618,-0.000000
30.000000,0.056860,-0.024804,0.186005,-0.353142,0.168423,-0.165266,0.018816,0.243738,-0.348046,0.107288,0.000000,0.000000,0.000000,-0.000000,0.000000,-0.328295,0.125676,-0.979128,1.824927,-0.853420,0.878415,-0.086565,-1.237126,1.721153,-0.498696,0.000000,0.000000,0.000000,0.000000,0.000000,0.280000,-0.000000,0.169618,0.000000
30.100000,0.068288,-0.024809,0.192556,-0.354499,0.163507,-0.175598,0.017232,0.247122,-0.343716,0.099500,0.000000,0.000000,0.000000,-0.000000,0.000000,-0.343104,0.126044,-1.027331,1.907487,-0.888127,0.928238,-0.077885,-1.253498,1.696634,-0.457112,-0.000000,-0.000000,0.000000,-0.000000,0.000000,0.281000,-0.000000,0.169618,0.000000
30.200000,0.070594,-0.025517,0.210092,-0.391606,0.183222,-0.185088,0.015495,0.251082,-0.339159,0.090835,0.000000,0.000000,0.000000,-0.000000,0.000000,-0.293666,0.126663,-1.080694,2.106781,-1.033180,0.974157,-0.068465,-1.272413,1.670937,-0.411423,0.000000,0.000000,0.000000,0.000000,0.000000,0.282000,-0.000000,0.169618,0.000000
30.300000,0.049378,-0.026350,0.231914,-0.459439,0.228725,-0.194532,0.013619,0.254576,-0.333958,0.081927,0.000000,0.000000,0.000000,-0.000000,0.000000,-0.107790,0.122442,-1.118674,2.370805,-1.255193,1.021450,-0.058376,-1.287718,1.642360,-0.366149,-0.000000,-0.000000,-0.000000,0.000000,0.000000,0.283000,-0.000000,0.169618,0.000000
30.400000,0.010979,-0.024510,0.214829,-0.480617,0.265947,-0.204043,0.011606,0.257521,-0.328152,0.072898,0.000000,0.000000,0.000000,-0.000000,0.000000,0.135816,0.105043,-0.942323,2.333623,-1.388847,1.070138,-0.047626,-1.299009,1.610391,-0.321164,-0.000000,-0.000000,0.000000,0.000000,0.000000,0.284000,-0.000000,0.169618,0.000000
30.500000,-0.043764,-0.017845,0.163319,-0.425122,0.260923,-0.214582,0.009458,0.259036,-0.321768,0.064663,0.000000,0.000000,0.000000,-0.000000,0.000000,0.392846,0.069753,-0.636500,1.937402,-1.293759,1.123914,-0.036135,-1.302866,1.575001,-0.279727,-0.000000,0.000000,-0.000000,-0.000000,0.000000,0.285000,-0.000000,0.169618,0.000000
30.600000,-0.086948,-0.011066,0.101801,-0.334340,0.231516,-0.225037,0.007171,0.260196,-0.314861,0.056183,0.000000,0.000000,0.000000,-0.000000,0.000000,0.551767,0.040001,-0.355980,1.458534,-1.095814,1.177093,-0.024029,-1.305383,1.537515,-0.237300,-0.000000,-0.000000,-0.000000,-0.000000,0.000000,0.286000,-0.000000,0.169618,0.000000
30.700000,-0.094930,-0.009765,0.078243,-0.294389,0.215137,-0.235404,0.004691,0.260652,-0.306871,0.047109,0.000000,0.000000,0.000000,-0.000000,0.000000,0.515670,0.043022,-0.309822,1.324735,-1.009474,1.228970,-0.010953,-1.307242,1.497448,-0.191818,0.000000,-0.000000,-0.000000,-0.000000,0.000000,0.287000,-0.000000,0.169618,0.000000
30.800000,-0.083999,-0.011794,0.088942,-0.301914,0.211886,-0.245634,0.002143,0.260980,-0.298705,0.038051,0.000000,0.000000,0.000000,-0.000000,0.000000,0.392989,0.063780,-0.448915,1.478134,-1.023820,1.280627,0.002485,-1.311810,1.461709,-0.148225,0.000000,0.000000,0.000000,-0.000000,0.000000,0.288000,-0.000000,0.169618,0.000000
30.900000,-0.073207,-0.013659,0.099474,-0.308884,0.208302,-0.256042,-0.000546,0.261906,-0.291676,0.029428,0.000000,0.000000,0.000000,-0.000000,0.000000,0.312813,0.077220,-0.548957,1.577161,-1.022747,1.331498,0.016467,-1.321765,1.433533,-0.106391,0.000000,0.000000,-0.000000,-0.000000,0.000000,0.289000,-0.000000,0.169618,0.000000
31.000000,-0.062508,-0.015426,0.110042,-0.315694,0.204630,-0.267103,-0.003393,0.265426,-0.289126,0.022572,0.000000,0.000000,0.000000,-0.000000,0.000000,0.259465,0.085333,-0.601732,1.609712,-1.003186,1.373726,0.025706,-1.368525,1.485079,-0.108586,-0.000000,-0.000000,-0.000000,0.000000,0.000000,0.290000,-0.000000,0.169618,0.000000
31.100000,-0.051967,-0.016973,0.120211,-0.321583,0.200427,-0.276658,-0.006349,0.270139,-0.286358,0.014217,0.000000,0.000000,0.000000,0.000000,0.000000,0.205296,0.092437,-0.649588,1.636286,-0.982533,1.386440,0.027727,-1.434011,1.582762,-0.139828,-0.000000,0.000000,0.000000,-0.000000,0.000000,0.291000,0.000000,0.169618,-0.000000
31.200000,-0.041538,-0.018360,0.130173,-0.326925,0.195921,-0.277499,-0.005463,0.292302,-0.325040,0.031025,0.000000,0.000000,0.000000,0.000000,0.000000,0.150627,0.098771,-0.695245,1.659908,-0.961279,1.330503,0.007877,-1.556543,1.847863,-0.287305,0.000000,-0.000000,-0.000000,0.000000,0.000000,0.292000,0.000000,0.169618,-0.000000
31.300000,-0.029747,-0.019706,0.138482,-0.331613,0.192472,-0.260478,0.002075,0.327938,-0.409486,0.081886,0.000000,0.000000,0.000000,0.000000,0.000000,0.089085,0.104877,-0.732547,1.680271,-0.945384,1.180640,-0.041710,-1.682114,2.245522,-0.571431,0.000000,0.000000,0.000000,-0.000000,0.000000,0.293000,0.000000,0.169618,-0.000000
31.400000,-0.016936,-0.020969,0.145501,-0.335733,0.189798,-0.222969,0.012275,0.345952,-0.474558,0.131181,0.000000,0.000000,0.000000,0.000000,0.000000,0.022309,0.110592,-0.763670,1.698453,-0.933772,0.950019,-0.095509,-1.683420,2.455066,-0.790365,-0.000000,-0.000000,-0.000000,0.000000,0.000000,0.294000,0.000000,0.169618,-0.000000
31.500000,-0.004178,-0.022057,0.152256,-0.339341,0.186906,-0.178246,0.019821,0.310440,-0.458726,0.151704,0.000000,0.000000,0.000000,0.000000,0.000000,-0.042891,0.115309,-0.795113,1.714763,-0.920078,0.737127,-0.124556,-1.443403,2.242175,-0.819125,-0.000000,-0.000000,0.000000,0.000000,0.000000,0.295000,0.000000,0.169618,-0.000000
31.600000,0.008537,-0.022974,0.158892,-0.342679,0.183888,-0.142132,0.022747,0.254308,-0.393604,0.142428,0.000000,0.000000,0.000000,0.000000,0.000000,-0.106271,0.119036,-0.827517,1.729861,-0.904282,0.611858,-0.125750,-1.141373,1.828785,-0.703713,-0.000000,-0.000000,0.000000,-0.000000,0.000000,0.296000,0.000000,0.169618,-0.000000
31.700000,0.021279,-0.023726,0.165534,-0.346036,0.180903,-0.132343,0.022623,0.232143,-0.356788,0.127492,0.000000,0.000000,0.000000,0.000000,0.000000,-0.168662,0.121873,-0.860967,1.745051,-0.887572,0.629522,-0.114135,-1.071275,1.650608,-0.593095,-0.000000,-0.000000,0.000000,-0.000000,0.000000,0.297000,0.000000,0.169618,-0.000000
31.800000,0.033933,-0.024303,0.171951,-0.348914,0.177676,-0.143385,0.021510,0.236375,-0.354433,0.120999,0.000000,0.000000,0.000000,0.000000,0.000000,-0.230080,0.123807,-0.893633,1.757641,-0.869057,0.742728,-0.102874,-1.163388,1.709642,-0.560750,0.000000,0.000000,-0.000000,0.000000,0.000000,0.298000,0.000000,0.169618,-0.000000
31.900000,0.045752,-0.024657,0.178820,-0.351289,0.173480,-0.154360,0.020240,0.240243,-0.351522,0.114266,0.000000,0.000000,0.000000,0.000000,0.000000,-0.287388,0.124666,-0.928110,1.767964,-0.846354,0.825226,-0.094483,-1.219389,1.740382,-0.535992,0.000000,0.000000,0.000000,0.000000,0.000000,0.299000,0.000000,0.169618,-0.000000
32.000000,0.056860,-0.024804,0.186005,-0.353142,0.168423,-0.165266,0.018816,0.243738,-0.348046,0.107288,0.000000,0.000000,0.000000,-0.000000,0.000000,-0.328295,0.125676,-0.979128,1.824927,-0.853420,0.878415,-0.086565,-1.237126,1.721153,-0.498696,-0.000000,-0.000000,-0.000000,0.000000,0.000000,0.300000,-0.000000,0.169618,0.000000
32.100000,0.068288,-0.024809,0.192556,-0.354499,0.163507,-0.175598,0.017232,0.247122,-0.343716,0.099500,0.000000,0.000000,0.000000,-0.000000,0.000000,-0.343104,0.126044,-1.027331,1.907487,-0.888127,0.928238,-0.077885,-1.253498,1.696634,-0.457112,0.000000,0.000000,-0.000000,0.000000,0.000000,0.301000,-0.000000,0.169618,0.000000
32.200000,0.070594,-0.025517,0.210092,-0.391606,0.183222,-0.185088,0.015495,0.251082,-0.339159,0.090835,0.000000,0.000000,0.000000,-0.000000,0.000000,-0.293666,0.126663,-1.080694,2.106781,-1.033180,0.974157,-0.068465,-1.272413,1.670937,-0.411423,0.000000,0.000000,0.000000,-0.000000,0.000000,0.302000,-0.000000,0.169618,0.000000
32.300000,0.049378,-0.026350,0.231914,-0.459439,0.228725,-0.194532,0.013619,0.254576,-0.333958,0.081927,0.000000,0.000000,0.000000,-0.000000,0.000000,-0.107790,0.122442,-1.118674,2.370805,-1.255193,1.021450,-0.058376,-1.287718,1.642360,-0.366149,-0.000000,-0.000000,0.000000,-0.000000,0.000000,0.303000,-0.000000,0.169618,0.000000
32.400000,0.010979,-0.024510,0.214829,-0.480617,0.265947,-0.204043,0.011606,0.257521,-0.328152,0.072898,0.000000,0.000000,0.000000,-0.000000,0.000000,0.135816,0.105043,-0.942323,2.333623,-1.388847,1.070138,-0.047626,-1.299009,1.610391,-0.321164,0.000000,-0.000000,0.000000,-0.000000,0.000000,0.304000,-0.000000,0.169618,0.000000
32.500000,-0.043764,-0.017845,0.163319,-0.425122,0.260923,-0.214582,0.009458,0.259036,-0.321768,0.064663,0.000000,0.000000,0.000000,-0.000000,0.000000,0.392846,0.069753,-0.636500,1.937402,-1.293759,1.123914,-0.036135,-1.302866,1.575001,-0.279727,0.000000,-0.000000,-0.000000,0.000000,0.000000,0.305000,-0.000000,0.169618,0.000000
32.600000,-0.086948,-0.011066,0.101801,-0.334340,0.231516,-0.225037,0.007171,0.260196,-0.314861,0.056183,0.000000,0.000000,0.000000,-0.000000,0.000000,0.551767,0.040001,-0.355980,1.458534,-1.095814,1.177093,-0.024029,-1.305383,1.537515,-0.237300,-0.000000,-0.000000,-0.000000,-0.000000,0.000000,0.306000,-0.000000,0.169618,0.000000
32.700000,-0.094930,-0.009765,0.078243,-0.294389,0.215137,-0.235404,0.004691,0.260652,-0.306871,0.047109,0.000000,0.000000,0.000000,-0.000000,0.000000,0.515670,0.043022,-0.309822,1.324735,-1.009474,1.228970,-0.010953,-1.307242,1.497448,-0.191818,0.000000,-0.000000,0.000000,-0.000000,0.000000,0.307000,-0.000000,0.169618,0.000000
32.800000,-0.083999,-0.011794,0.088942,-0.301914,0.211886,-0.245634,0.002143,0.260980,-0.298705,0.038051,0.000000,0.000000,0.000000,-0.000000,0.000000,0.392989,0.063780,-0.448915,1.478134,-1.023820,1.280627,0.002485,-1.311810,1.461709,-0.148225,0.000000,0.000000,0.000000,-0.000000,0.000000,0.308000,-0.000000,0.169618,0.000000
32.900000,-0.073207,-0.013659,0.099474,-0.308884,0.208302,-0.256042,-0.000546,0.261906,-0.291676,0.029428,0.000000,0.000000,0.000000,-0.000000,0.000000,0.312813,0.077220,-0.548957,1.577161,-1.022747,1.331498,0.016467,-1.321765,1.433533,-0.106391,0.000000,0.000000,-0.000000,0.000000,0.000000,0.309000,-0.000000,0.169618,0.000000
33.000000,-0.062508,-0.015426,0.110042,-0.315694,0.204630,-0.267103,-0.003393,0.265426,-0.289126,0.022572,0.000000,0.000000,0.000000,-0.000000,0.000000,0.259465,0.085333,-0.601732,1.609712,-1.003186,1.373726,0.025706,-1.368525,1.485079,-0.108586,-0.000000,-0.000000,-0.000000,0.000000,0.000000,0.310000,-0.000000,0.169618,0.000000
33.100000,-0.051967,-0.016973,0.120211,-0.321583,0.200427,-0.276658,-0.006349,0.270139,-0.286358,0.014217,0.000000,0.000000,0.000000,0.000000,0.000000,0.205296,0.092437,-0.649588,1.636286,-0.982533,1.386440,0.027727,-1.434011,1.582762,-0.139828,-0.000000,-0.000000,0.000000,-0.000000,0.000000,0.311000,0.000000,0.169618,-0.000000
33.200000,-0.041538,-0.018360,0.130173,-0.326925,0.195921,-0.277499,-0.005463,0.292302,-0.325040,0.031025,0.000000,0.000000,0.000000,0.000000,0.000000,0.150627,0.098771,-0.695245,1.659908,-0.961279,1.330503,0.007877,-1.556543,1.847863,-0.287305,-0.000000,-0.000000,0.000000,-0.000000,0.000000,0.312000,0.000000,0.169618,-0.000000
33.300000,-0.029747,-0.019706,0.138482,-0.331613,0.192472,-0.260478,0.002075,0.327938,-0.409486,0.081886,0.000000,0.000000,0.000000,0.000000,0.000000,0.089085,0.104877,-0.732547,1.680271,-0.945384,1.180640,-0.041710,-1.682114,2.245522,-0.571431,0.000000,0.000000,0.000000,0.000000,0.000000,0.313000,0.000000,0.169618,-0.000000
33.400000,-0.016936,-0.020969,0.145501,-0.335733,0.189798,-0.222969,0.012275,0.345952,-0.474558,0.131181,0.000000,0.000000,0.000000,0.000000,0.000000,0.022309,0.110592,-0.763670,1.698453,-0.933772,0.950019,-0.095509,-1.683420,2.455066,-0.790365,-0.000000,-0.000000,-0.000000,-0.000000,0.000000,0.314000,0.000000,0.169618,-0.000000
33.500000,-0.004178,-0.022057,0.152256,-0.339341,0.186906,-0.178246,0.019821,0.310440,-0.458726,0.151704,0.000000,0.000000,0.000000,0.000000,0.000000,-0.042891,0.115309,-0.795113,1.714763,-0.920078,0.737127,-0.124556,-1.443403,2.242175,-0.819125,0.000000,0.000000,0.000000,-0.000000,0.000000,0.315000,0.000000,0.169618,-0.000000
33.600000,0.008537,-0.022974,0.158892,-0.342679,0.183888,-0.142132,0.022747,0.254308,-0.393604,0.142428,0.000000,0.000000,0.000000,0.000000,0.000000,-0.106271,0.119036,-0.827517,1.729861,-0.904282,0.611858,-0.125750,-1.141373,1.828785,-0.703713,0.000000,0.000000,-0.000000,0.000000,0.000000,0.316000,0.000000,0.169618,-0.000000
33.700000,0.021279,-0.023726,0.165534,-0.346036,0.180903,-0.132343,0.022623,0.232143,-0.356788,0.127492,0.000000,0.000000,0.000000,0.000000,0.000000,-0.168662,0.121873,-0.860967,1.745051,-0.887572,0.629522,-0.114135,-1.071275,1.650608,-0.593095,0.000000,-0.000000,0.000000,-0.000000,0.000000,0.317000,0.000000,0.169618,-0.000000
33.800000,0.033933,-0.024303,0.171951,-0.348914,0.177676,-0.143385,0.021510,0.236375,-0.354433,0.120999,0.000000,0.000000,0.000000,0.000000,0.000000,-0.230080,0.123807,-0.893633,1.757641,-0.869057,0.742728,-0.102874,-1.163388,1.709642,-0.560750,0.000000,0.000000,-0.000000,0.000000,0.000000,0.318000,0.000000,0.169618,-0.000000
33.900000,0.045752,-0.024657,0.178820,-0.351289,0.173480,-0.154360,0.020240,0.240243,-0.351522,0.114266,0.000000,0.000000,0.000000,0.000000,0.000000,-0.287388,0.124666,-0.928110,1.767964,-0.846354,0.825226,-0.094483,-1.219389,1.740382,-0.535992,0.000000,0.000000,-0.000000,0.000000,0.000000,0.319000,0.000000,0.169618,-0.000000
34.000000,0.056860,-0.024804,0.186005,-0.353142,0.168423,-0.165266,0.018816,0.243738,-0.348046,0.107288,0.000000,0.000000,0.000000,-0.000000,0.000000,-0.328295,0.125676,-0.979128,1.824927,-0.853420,0.878415,-0.086565,-1.237126,1.721153,-0.498696,-0.000000,0.000000,-0.000000,0.000000,0.000000,0.320000,-0.000000,0.169618,0.000000
34.100000,0.068288,-0.024809,0.192556,-0.354499,0.163507,-0.175598,0.017232,0.247122,-0.343716,0.099500,0.000000,0.000000,0.000000,-0.000000,0.000000,-0.343104,0.126044,-1.027331,1.907487,-0.888127,0.928238,-0.077885,-1.253498,1.696634,-0.457112,-0.000000,0.000000,-0.000000,-0.000000,0.000000,0.321000,-0.000000,0.169618,0.000000
34.200000,0.070594,-0.025517,0.210092,-0.391606,0.183222,-0.185088,0.015495,0.251082,-0.339159,0.090835,0.000000,0.000000,0.000000,-0.000000,0.000000,-0.293666,0.126663,-1.080694,2.106781,-1.033180,0.974157,-0.068465,-1.272413,1.670937,-0.411423,0.000000,0.000000,-0.000000,-0.000000,0.000000,0.322000,-0.000000,0.169618,0.000000
34.300000,0.049378,-0.026350,0.231914,-0.459439,0.228725,-0.194532,0.013619,0.254576,-0.333958,0.081927,0.000000,0.000000,0.000000,-0.000000,0.000000,-0.107790,0.122442,-1.118674,2.370805,-1.255193,1.021450,-0.058376,-1.287718,1.642360,-0.366149,0.000000,0.000000,-0.000000,0.000000,0.000000,0.323000,-0.000000,0.169618,0.000000
34.400000,0.010979,-0.024510,0.214829,-0.480617,0.265947,-0.204043,0.011606,0.257521,-0.328152,0.072898,0.000000,0.000000,0.000000,-0.000000,0.000000,0.135816,0.105043,-0.942323,2.333623,-1.388847,1.070138,-0.047626,-1.299009,1.610391,-0.321164,-0.000000,-0.000000,0.000000,-0.000000,0.000000,0.324000,-0.000000,0.169618,0.000000
34.500000,-0.043764,-0.017845,0.163319,-0.425122,0.260923,-0.214582,0.009458,0.259036,-0.321768,0.064663,0.000000,0.000000,0.000000,-0.000000,0.000000,0.392846,0.069753,-0.636500,1.937402,-1.293759,1.123914,-0.036135,-1.302866,1.575001,-0.279727,-0.000000,0.000000,0.000000,-0.000000,0.000000,0.325000,-0.000000,0.169618,0.000000
34.600000,-0.086948,-0.011066,0.101801,-0.334340,0.231516,-0.225037,0.007171,0.260196,-0.314861,0.056183,0.000000,0.000000,0.000000,-0.000000,0.000000,0.551767,0.040001,-0.355980,1.458534,-1.095814,1.177093,-0.024029,-1.305383,1.537515,-0.237300,-0.000000,-0.000000,0.000000,-0.000000,0.000000,0.326000,-0.000000,0.169618,0.000000
34.700000,-0.094930,-0.009765,0.078243,-0.294389,0.215137,-0.235404,0.004691,0.260652,-0.306871,0.047109,0.000000,0.000000,0.000000,-0.000000,0.000000,0.515670,0.043022,-0.309822,1.324735,-1.009474,1.228970,-0.010953,-1.307242,1.497448,-0.191818,0.000000,-0.000000,0.000000,-0.000000,0.000000,0.327000,-0.000000,0.169618,0.000000
34.800000,-0.083999,-0.011794,0.088942,-0.301914,0.211886,-0.245634,0.002143,0.260980,-0.298705,0.038051,0.000000,0.000000,0.000000,-0.000000,0.000000,0.392989,0.063780,-0.448915,1.478134,-1.023820,1.280627,0.002485,-1.311810,1.461709,-0.148225,0.000000,-0.000000,0.000000,-0.000000,0.000000,0.328000,-0.000000,0.169618,0.000000
34.900000,-0.073207,-0.013659,0.099474,-0.308884,0.208302,-0.256042,-0.000546,0.261906,-0.291676,0.029428,0.000000,0.000000,0.000000,-0.000000,0.000000,0.312813,0.077220,-0.548957,1.577161,-1.022747,1.331498,0.016467,-1.321765,1.433533,-0.106391,-0.000000,-0.000000,0.000000,-0.000000,0.000000,0.329000,-0.000000,0.169618,0.000000
35.000000,-0.062508,-0.015426,0.110042,-0.315694,0.204630,-0.267103,-0.003393,0.265426,-0.289126,0.022572,0.000000,0.000000,0.000000,-0.000000,0.000000,0.259465,0.085333,-0.601732,1.609712,-1.003186,1.373726,0.025706,-1.368525,1.485079,-0.108586,-0.000000,-0.000000,0.000000,0.000000,0.000000,0.330000,-0.000000,0.169618,0.000000
35.100000,-0.051967,-0.016973,0.120211,-0.321583,0.200427,-0.276658,-0.006349,0.270139,-0.286358,0.014217,0.000000,0.000000,0.000000,0.000000,0.000000,0.205296,0.092437,-0.649588,1.636286,-0.982533,1.386440,0.027727,-1.434011,1.582762,-0.139828,0.000000,-0.000000,-0.000000,0.000000,0.000000,0.331000,0.000000,0.169618,-0.000000
35.200000,-0.041538,-0.018360,0.130173,-0.326925,0.195921,-0.277499,-0.005463,0.292302,-0.325040,0.031025,0.000000,0.000000,0.000000,0.000000,0.000000,0.150627,0.098771,-0.695245,1.659908,-0.961279,1.330503,0.007877,-1.556543,1.847863,-0.287305,0.000000,-0.000000,0.000000,-0.000000,0.000000,0.332000,0.000000,0.169618,-0.000000
35.300000,-0.029747,-0.019706,0.138482,-0.331613,0.192472,-0.260478,0.002075,0.327938,-0.409486,0.081886,0.000000,0.000000,0.000000,0.000000,0.000000,0.089085,0.104877,-0.732547,1.680271,-0.945384,1.180640,-0.041710,-1.682114,2.245522,-0.571431,0.000000,0.000000,0.000000,-0.000000,0.000000,0.333000,0.000000,0.169618,-0.000000
35.400000,-0.016936,-0.020969,0.145501,-0.335733,0.189798,-0.222969,0.012275,0.345952,-0.474558,0.131181,0.000000,0.000000,0.000000,0.000000,0.000000,0.022309,0.110592,-0.763670,1.698453,-0.933772,0.950019,-0.095509,-1.683420,2.455066,-0.790365,0.000000,-0.000000,-0.000000,0.000000,0.000000,0.334000,0.000000,0.169618,-0.000000
35.500000,-0.004178,-0.022057,0.152256,-0.339341,0.186906,-0.178246,0.019821,0.310440,-0.458726,0.151704,0.000000,0.000000,0.000000,0.000000,0.000000,-0.042891,0.115309,-0.795113,1.714763,-0.920078,0.737127,-0.124556,-1.443403,2.242175,-0.819125,0.000000,0.000000,0.000000,-0.000000,0.000000,0.335000,0.000000,0.169618,-0.000000
35.600000,0.008537,-0.022974,0.158892,-0.342679,0.183888,-0.142132,0.022747,0.254308,-0.393604,0.142428,0.000000,0.000000,0.000000,0.000000,0.000000,-0.106271,0.119036,-0.827517,1.729861,-0.904282,0.611858,-0.125750,-1.141373,1.828785,-0.703713,0.000000,0.000000,0.000000,0.000000,0.000000,0.336000,0.000000,0.169618,-0.000000
35.700000,0.021279,-0.023726,0.165534,-0.346036,0.180903,-0.132343,0.022623,0.232143,-0.356788,0.127492,0.000000,0.000000,0.000000,0.000000,0.000000,-0.168662,0.121873,-0.860967,1.745051,-0.887572,0.629522,-0.114135,-1.071275,1.650608,-0.593095,0.000000,0.000000,0.000000,0.000000,0.000000,0.337000,0.000000,0.169618,-0.000000
35.800000,0.033933,-0.024303,0.171951,-0.348914,0.177676,-0.143385,0.021510,0.236375,-0.354433,0.120999,0.000000,0.000000,0.000000,0.000000,0.000000,-0.230080,0.123807,-0.893633,1.757641,-0.869057,0.742728,-0.102874,-1.163388,1.709642,-0.560750,0.000000,-0.000000,0.000000,-0.000000,0.000000,0.338000,0.000000,0.169618,-0.000000
35.900000,0.045752,-0.024657,0.178820,-0.351289,0.173480,-0.154360,0.020240,0.240243,-0.351522,0.114266,0.000000,0.000000,0.000000,0.000000,0.000000,-0.287388,0.124666,-0.928110,1.767964,-0.846354,0.825226,-0.094483,-1.219389,1.740382,-0.535992,-0.000000,-0.000000,0.000000,0.000000,0.000000,0.339000,0.000000,0.169618,-0.000000
36.000000,0.056860,-0.024804,0.186005,-0.353142,0.168423,-0.165266,0.018816,0.243738,-0.348046,0.107288,0.000000,0.000000,0.000000,-0.000000,0.000000,-0.328295,0.125676,-0.979128,1.824927,-0.853420,0.878415,-0.086565,-1.237126,1.721153,-0.498696,0.000000,0.000000,0.000000,-0.000000,0.000000,0.340000,-0.000000,0.169618,0.000000
36.100000,0.068288,-0.024809,0.192556,-0.354499,0.163507,-0.175598,0.017232,0.247122,-0.343716,0.099500,0.000000,0.000000,0.000000,-0.000000,0.000000,-0.343104,0.126044,-1.027331,1.907487,-0.888127,0.928238,-0.077885,-1.253498,1.696634,-0.457112,-0.000000,-0.000000,-0.000000,-0.000000,0.000000,0.341000,-0.000000,0.169618,0.000000
36.200000,0.070594,-0.025517,0.210092,-0.391606,0.183222,-0.185088,0.015495,0.251082,-0.339159,0.090835,0.000000,0.000000,0.000000,-0.000000,0.000000,-0.293666,0.126663,-1.080694,2.106781,-1.033180,0.974157,-0.068465,-1.272413,1.670937,-0.411423,-0.000000,0.000000,0.000000,0.000000,0.000000,0.342000,-0.000000,0.169618,0.000000
36.300000,0.049378,-0.026350,0.231914,-0.459439,0.228725,-0.194532,0.013619,0.254576,-0.333958,0.081927,0.000000,0.000000,0.000000,-0.000000,0.000000,-0.107790,0.122442,-1.118674,2.370805,-1.255193,1.021450,-0.058376,-1.287718,1.642360,-0.366149,-0.000000,-0.000000,0.000000,-0.000000,0.000000,0.343000,-0.000000,0.169618,0.000000
36.400000,0.010979,-0.024510,0.214829,-0.480617,0.265947,-0.204043,0.011606,0.257521,-0.328152,0.072898,0.000000,0.000000,0.000000,-0.000000,0.000000,0.135816,0.105043,-0.942323,2.333623,-1.388847,1.070138,-0.047626,-1.299009,1.610391,-0.321164,0.000000,-0.000000,0.000000,0.000000,0.000000,0.344000,-0.000000,0.169618,0.000000
36.500000,-0.043764,-0.017845,0.163319,-0.425122,0.260923,-0.214582,0.009458,0.259036,-0.321768,0.064663,0.000000,0.000000,0.000000,-0.000000,0.000000,0.392846,0.069753,-0.636500,1.937402,-1.293759,1.123914,-0.036135,-1.302866,1.575001,-0.279727,-0.000000,0.000000,-0.000000,0.000000,0.000000,0.345000,-0.000000,0.169618,0.000000
36.600000,-0.086948,-0.011066,0.101801,-0.334340,0.231516,-0.225037,0.007171,0.260196,-0.314861,0.056183,0.000000,0.000000,0.000000,-0.000000,0.000000,0.551767,0.040001,-0.355980,1.458534,-1.095814,1.177093,-0.024029,-1.305383,1.537515,-0.237300,0.000000,-0.000000,0.000000,-0.000000,0.000000,0.346000,-0.000000,0.169618,0.000000
36.700000,-0.094930,-0.009765,0.078243,-0.294389,0.215137,-0.235404,0.004691,0.260652,-0.306871,0.047109,0.000000,0.000000,0.000000,-0.000000,0.000000,0.515670,0.043022,-0.309822,1.324735,-1.009474,1.228970,-0.010953,-1.307242,1.497448,-0.191818,0.000000,0.000000,-0.000000,-0.000000,0.000000,0.347000,-0.000000,0.169618,0.000000
36.800000,-0.083999,-0.011794,0.088942,-0.301914,0.211886,-0.245634,0.002143,0.260980,-0.298705,0.038051,0.000000,0.000000,0.000000,-0.000000,0.000000,0.392989,0.063780,-0.448915,1.478134,-1.023820,1.280627,0.002485,-1.311810,1.461709,-0.148225,0.000000,0.000000,-0.000000,0.000000,0.000000,0.348000,-0.000000,0.169618,0.000000
36.900000,-0.073207,-0.013659,0.099474,-0.308884,0.208302,-0.256042,-0.000546,0.261906,-0.291676,0.029428,0.000000,0.000000,0.000000,-0.000000,0.000000,0.312813,0.077220,-0.548957,1.577161,-1.022747,1.331498,0.016467,-1.321765,1.433533,-0.106391,-0.000000,0.000000,-0.000000,0.000000,0.000000,0.349000,-0.000000,0.169618,0.000000
37.000000,-0.062508,-0.015426,0.110042,-0.315694,0.204630,-0.267103,-0.003393,0.265426,-0.289126,0.022572,0.000000,0.000000,0.000000,-0.000000,0.000000,0.259465,0.085333,-0.601732,1.609712,-1.003186,1.373726,0.025706,-1.368525,1.485079,-0.108586,0.000000,0.000000,-0.000000,0.000000,0.000000,0.350000,-0.000000,0.169618,0.000000
37.100000,-0.051967,-0.016973,0.120211,-0.321583,0.200427,-0.276658,-0.006349,0.270139,-0.286358,0.014217,0.000000,0.000000,0.000000,0.000000,0.000000,0.205296,0.092437,-0.649588,1.636286,-0.982533,1.386440,0.027727,-1.434011,1.582762,-0.139828,-0.000000,-0.000000,-0.000000,-0.000000,0.000000,0.351000,0.000000,0.169618,-0.000000
37.200000,-0.041538,-0.018360,0.130173,-0.326925,0.195921,-0.277499,-0.005463,0.292302,-0.325040,0.031025,0.000000,0.000000,0.000000,0.000000,0.000000,0.150627,0.098771,-0.695245,1.659908,-0.961279,1.330503,0.007877,-1.556543,1.847863,-0.287305,0.000000,0.000000,-0.000000,-0.000000,0.000000,0.352000,0.000000,0.169618,-0.000000
37.300000,-0.029747,-0.019706,0.138482,-0.331613,0.192472,-0.260478,0.002075,0.327938,-0.409486,0.081886,0.000000,0.000000,0.000000,0.000000,0.000000,0.089085,0.104877,-0.732547,1.680271,-0.945384,1.180640,-0.041710,-1.682114,2.245522,-0.571431,0.000000,0.000000,-0.000000,0.000000,0.000000,0.353000,0.000000,0.169618,-0.000000
37.400000,-0.016936,-0.020969,0.145501,-0.335733,0.189798,-0.222969,0.012275,0.345952,-0.474558,0.131181,0.000000,0.000000,0.000000,0.000000,0.000000,0.022309,0.110592,-0.763670,1.698453,-0.933772,0.950019,-0.095509,-1.683420,2.455066,-0.790365,-0.000000,-0.000000,-0.000000,-0.000000,0.000000,0.354000,0.000000,0.169618,-0.000000
37.500000,-0.004178,-0.022057,0.152256,-0.339341,0.186906,-0.178246,0.019821,0.310440,-0.458726,0.151704,0.000000,0.000000,0.000000,0.000000,0.000000,-0.042891,0.115309,-0.795113,1.714763,-0.920078,0.737127,-0.124556,-1.443403,2.242175,-0.819125,0.000000,-0.000000,0.000000,0.000000,0.000000,0.355000,0.000000,0.169618,-0.000000
37.600000,0.008537,-0.022974,0.158892,-0.342679,0.183888,-0.142132,0.022747,0.254308,-0.393604,0.142428,0.000000,0.000000,0.000000,0.000000,0.000000,-0.106271,0.119036,-0.827517,1.729861,-0.904282,0.611858,-0.125750,-1.141373,1.828785,-0.703713,0.000000,-0.000000,0.000000,-0.000000,0.000000,0.356000,0.000000,0.169618,-0.000000
37.700000,0.021279,-0.023726,0.165534,-0.346036,0.180903,-0.132343,0.022623,0.232143,-0.356788,0.127492,0.000000,0.000000,0.000000,0.000000,0.000000,-0.168662,0.121873,-0.860967,1.745051,-0.887572,0.629522,-0.114135,-1.071275,1.650608,-0.593095,-0.000000,0.000000,0.000000,0.000000,0.000000,0.357000,0.000000,0.169618,-0.000000
37.800000,0.033933,-0.024303,0.171951,-0.348914,0.177676,-0.143385,0.021510,0.236375,-0.354433,0.120999,0.000000,0.000000,0.000000,0.000000,0.000000,-0.230080,0.123807,-0.893633,1.757641,-0.869057,0.742728,-0.102874,-1.163388,1.709642,-0.560750,-0.000000,0.000000,0.000000,0.000000,0.000000,0.358000,0.000000,0.169618,-0.000000
37.900000,0.045752,-0.024657,0.178820,-0.351289,0.173480,-0.154360,0.020240,0.240243,-0.351522,0.114266,0.000000,0.000000,0.000000,0.000000,0.000000,-0.287388,0.124666,-0.928110,1.767964,-0.846354,0.825226,-0.094483,-1.219389,1.740382,-0.535992,-0.000000,-0.000000,0.000000,-0.000000,0.000000,0.359000,0.000000,0.169618,-0.000000
38.000000,0.056860,-0.024804,0.186005,-0.353142,0.168423,-0.165266,0.018816,0.243738,-0.348046,0.107288,0.000000,0.000000,0.000000,-0.000000,0.000000,-0.328295,0.125676,-0.979128,1.824927,-0.853420,0.878415,-0.086565,-1.237126,1.721153,-0.498696,0.000000,-0.000000,0.000000,-0.000000,0.000000,0.360000,-0.000000,0.169618,0.000000
38.100000,0.068288,-0.024809,0.192556,-0.354499,0.163507,-0.175598,0.017232,0.247122,-0.343716,0.099500,0.000000,0.000000,0.000000,-0.000000,0.000000,-0.343104,0.126044,-1.027331,1.907487,-0.888127,0.928238,-0.077885,-1.253498,1.696634,-0.457112,0.000000,0.000000,-0.000000,-0.000000,0.000000,0.361000,-0.000000,0.169618,0.000000
38.200000,0.070594,-0.025517,0.210092,-0.391606,0.183222,-0.185088,0.015495,0.251082,-0.339159,0.090835,0.000000,0.000000,0.000000,-0.000000,0.000000,-0.293666,0.126663,-1.080694,2.106781,-1.033180,0.974157,-0.068465,-1.272413,1.670937,-0.411423,0.000000,0.000000,0.000000,0.000000,0.000000,0.362000,-0.000000,0.169618,0.000000
38.300000,0.049378,-0.026350,0.231914,-0.459439,0.228725,-0.194532,0.013619,0.254576,-0.333958,0.081927,0.000000,0.000000,0.000000,-0.000000,0.000000,-0.107790,0.122442,-1.118674,2.370805,-1.255193,1.021450,-0.058376,-1.287718,1.642360,-0.366149,0.000000,0.000000,-0.000000,-0.000000,0.000000,0.363000,-0.000000,0.169618,0.000000
38.400000,0.010979,-0.024510,0.214829,-0.480617,0.265947,-0.204043,0.011606,0.257521,-0.328152,0.072898,0.000000,0.000000,0.000000,-0.000000,0.000000,0.135816,0.105043,-0.942323,2.333623,-1.388847,1.070138,-0.047626,-1.299009,1.610391,-0.321164,-0.000000,-0.000000,-0.000000,-0.000000,0.000000,0.364000,-0.000000,0.169618,0.000000
38.500000,-0.043764,-0.017845,0.163319,-0.425122,0.260923,-0.214582,0.009458,0.259036,-0.321768,0.064663,0.000000,0.000000,0.000000,-0.000000,0.000000,0.392846,0.069753,-0.636500,1.937402,-1.293759,1.123914,-0.036135,-1.302866,1.575001,-0.279727,0.000000,0.000000,0.000000,0.000000,0.000000,0.365000,-0.000000,0.169618,0.000000
38.600000,-0.086948,-0.011066,0.101801,-0.334340,0.231516,-0.225037,0.007171,0.260196,-0.314861,0.056183,0.000000,0.000000,0.000000,-0.000000,0.000000,0.551767,0.040001,-0.355980,1.458534,-1.095814,1.177093,-0.024029,-1.305383,1.537515,-0.237300,-0.000000,-0.000000,0.000000,-0.000000,0.000000,0.366000,-0.000000,0.169618,0.000000
38.700000,-0.094930,-0.009765,0.078243,-0.294389,0.215137,-0.235404,0.004691,0.260652,-0.306871,0.047109,0.000000,0.000000,0.000000,-0.000000,0.000000,0.515670,0.043022,-0.309822,1.324735,-1.009474,1.228970,-0.010953,-1.307242,1.497448,-0.191818,0.000000,-0.000000,-0.000000,0.000000,0.000000,0.367000,-0.000000,0.169618,0.000000
38.800000,-0.083999,-0.011794,0.088942,-0.301914,0.211886,-0.245634,0.002143,0.260980,-0.298705,0.038051,0.000000,0.000000,0.000000,-0.000000,0.000000,0.392989,0.063780,-0.448915,1.478134,-1.023820,1.280627,0.002485,-1.311810,1.461709,-0.148225,0.000000,-0.000000,0.000000,0.000000,0.000000,0.368000,-0.000000,0.169618,0.000000
38.900000,-0.073207,-0.013659,0.099474,-0.308884,0.208302,-0.256042,-0.000546,0.261906,-0.291676,0.029428,0.000000,0.000000,0.000000,-0.000000,0.000000,0.312813,0.077220,-0.548957,1.577161,-1.022747,1.331498,0.016467,-1.321765,1.433533,-0.106391,-0.000000,-0.000000,-0.000000,0.000000,0.000000,0.369000,-0.000000,0.169618,0.000000
39.000000,-0.062508,-0.015426,0.110042,-0.315694,0.204630,-0.267103,-0.003393,0.265426,-0.289126,0.022572,0.000000,0.000000,0.000000,-0.000000,0.000000,0.259465,0.085333,-0.601732,1.609712,-1.003186,1.373726,0.025706,-1.368525,1.485079,-0.108586,0.000000,0.000000,-0.000000,0.000000,0.000000,0.370000,-0.000000,0.169618,0.000000
39.100000,-0.051967,-0.016973,0.120211,-0.321583,0.200427,-0.276658,-0.006349,0.270139,-0.286358,0.014217,0.000000,0.000000,0.000000,0.000000,0.000000,0.205296,0.092437,-0.649588,1.636286,-0.982533,1.386440,0.027727,-1.434011,1.582762,-0.139828,-0.000000,-0.000000,0.000000,0.000000,0.000000,0.371000,0.000000,0.169618,-0.000000
39.200000,-0.041538,-0.018360,0.130173,-0.326925,0.195921,-0.277499,-0.005463,0.292302,-0.325040,0.031025,0.000000,0.000000,0.000000,0.000000,0.000000,0.150627,0.098771,-0.695245,1.659908,-0.961279,1.330503,0.007877,-1.556543,1.847863,-0.287305,-0.000000,-0.000000,0.000000,0.000000,0.000000,0.372000,0.000000,0.169618,-0.000000
39.300000,-0.029747,-0.019706,0.138482,-0.331613,0.192472,-0.260478,0.002075,0.327938,-0.409486,0.081886,0.000000,0.000000,0.000000,0.000000,0.000000,0.089085,0.104877,-0.732547,1.680271,-0.945384,1.180640,-0.041710,-1.682114,2.245522,-0.571431,0.000000,-0.000000,-0.000000,0.000000,0.000000,0.373000,0.000000,0.169618,-0.000000
39.400000,-0.016936,-0.020969,0.145501,-0.335733,0.189798,-0.222969,0.012275,0.345952,-0.474558,0.131181,0.000000,0.000000,0.000000,0.000000,0.000000,0.022309,0.110592,-0.763670,1.698453,-0.933772,0.950019,-0.095509,-1.683420,2.455066,-0.790365,-0.000000,-0.000000,-0.000000,-0.000000,0.000000,0.374000,0.000000,0.169618,-0.000000
39.500000,-0.004178,-0.022057,0.152256,-0.339341,0.186906,-0.178246,0.019821,0.310440,-0.458726,0.151704,0.000000,0.000000,0.000000,0.000000,0.000000,-0.042891,0.115309,-0.795113,1.714763,-0.920078,0.737127,-0.124556,-1.443403,2.242175,-0.819125,0.000000,0.000000,0.000000,-0.000000,0.000000,0.375000,0.000000,0.169618,-0.000000
39.600000,0.008537,-0.022974,0.158892,-0.342679,0.183888,-0.142132,0.022747,0.254308,-0.393604,0.142428,0.000000,0.000000,0.000000,0.000000,0.000000,-0.106271,0.119036,-0.827517,1.729861,-0.904282,0.611858,-0.125750,-1.141373,1.828785,-0.703713,-0.000000,0.000000,0.000000,-0.000000,0.000000,0.376000,0.000000,0.169618,-0.000000
39.700000,0.021279,-0.023726,0.165534,-0.346036,0.180903,-0.132343,0.022623,0.232143,-0.356788,0.127492,0.000000,0.000000,0.000000,0.000000,0.000000,-0.168662,0.121873,-0.860967,1.745051,-0.887572,0.629522,-0.114135,-1.071275,1.650608,-0.593095,-0.000000,0.000000,-0.000000,0.000000,0.000000,0.377000,0.000000,0.169618,-0.000000
39.800000,0.033933,-0.024303,0.171951,-0.348914,0.177676,-0.143385,0.021510,0.236375,-0.354433,0.120999,0.000000,0.000000,0.000000,0.000000,0.000000,-0.230080,0.123807,-0.893633,1.757641,-0.869057,0.742728,-0.102874,-1.163388,1.709642,-0.560750,-0.000000,-0.000000,0.000000,0.000000,0.000000,0.378000,0.000000,0.169618,-0.000000
39.900000,0.045752,-0.024657,0.178820,-0.351289,0.173480,-0.154360,0.020240,0.240243,-0.351522,0.114266,0.000000,0.000000,0.000000,0.000000,0.000000,-0.287388,0.124666,-0.928110,1.767964,-0.846354,0.825226,-0.094483,-1.219389,1.740382,-0.535992,0.000000,0.000000,-0.000000,-0.000000,0.000000,0.379000,0.000000,0.169618,-0.000000
40.000000,0.056860,-0.024804,0.186005,-0.353142,0.168423,-0.165266,0.018816,0.243738,-0.348046,0.107288,0.000000,0.000000,0.000000,-0.000000,0.000000,-0.328295,0.125676,-0.979128,1.824927,-0.853420,0.878415,-0.086565,-1.237126,1.721153,-0.498696,0.000000,0.000000,0.000000,0.000000,0.000000,0.380000,-0.000000,0.169618,0.000000
40.100000,0.068288,-0.024809,0.192556,-0.354499,0.163507,-0.175598,0.017232,0.247122,-0.343716,0.099500,0.000000,0.000000,0.000000,-0.000000,0.000000,-0.343104,0.126044,-1.027331,1.907487,-0.888127,0.928238,-0.077885,-1.253498,1.696634,-0.457112,-0.000000,-0.000000,0.000000,-0.000000,0.000000,0.381000,-0.000000,0.169618,0.000000
40.200000,0.070594,-0.025517,0.210092,-0.391606,0.183222,-0.185088,0.015495,0.251082,-0.339159,0.090835,0.000000,0.000000,0.000000,-0.000000,0.000000,-0.293666,0.126663,-1.080694,2.106781,-1.033180,0.974157,-0.068465,-1.272413,1.670937,-0.411423,-0.000000,-0.000000,0.000000,-0.000000,0.000000,0.382000,-0.000000,0.169618,0.000000
40.300000,0.049378,-0.026350,0.231914,-0.459439,0.228725,-0.194532,0.013619,0.254576,-0.333958,0.081927,0.000000,0.000000,0.000000,-0.000000,0.000000,-0.107790,0.122442,-1.118674,2.370805,-1.255193,1.021450,-0.058376,-1.287718,1.642360,-0.366149,0.000000,-0.000000,-0.000000,0.000000,0.000000,0.383000,-0.000000,0.169618,0.000000
40.400000,0.010979,-0.024510,0.214829,-0.480617,0.265947,-0.204043,0.011606,0.257521,-0.328152,0.072898,0.000000,0.000000,0.000000,-0.000000,0.000000,0.135816,0.105043,-0.942323,2.333623,-1.388847,1.070138,-0.047626,-1.299009,1.610391,-0.321164,-0.000000,-0.000000,-0.000000,-0.000000,0.000000,0.384000,-0.000000,0.169618,0.000000
40.500000,-0.043764,-0.017845,0.163319,-0.425122,0.260923,-0.214582,0.009458,0.259036,-0.321768,0.064663,0.000000,0.000000,0.000000,-0.000000,0.000000,0.392846,0.069753,-0.636500,1.937402,-1.293759,1.123914,-0.036135,-1.302866,1.575001,-0.279727,0.000000,0.000000,-0.000000,0.000000,0.000000,0.385000,-0.000000,0.169618,0.000000
40.600000,-0.086948,-0.011066,0.101801,-0.334340,0.231516,-0.225037,0.007171,0.260196,-0.314861,0.056183,0.000000,0.000000,0.000000,-0.000000,0.000000,0.551767,0.040001,-0.355980,1.458534,-1.095814,1.177093,-0.024029,-1.305383,1.537515,-0.237300,-0.000000,-0.000000,-0.000000,-0.000000,0.000000,0.386000,-0.000000,0.169618,0.000000
40.700000,-0.094930,-0.009765,0.078243,-0.294389,0.215137,-0.235404,0.004691,0.260652,-0.306871,0.047109,0.000000,0.000000,0.000000,-0.000000,0.000000,0.515670,0.043022,-0.309822,1.324735,-1.009474,1.228970,-0.010953,-1.307242,1.497448,-0.191818,0.000000,0.000000,-0.000000,-0.000000,0.000000,0.387000,-0.000000,0.169618,0.000000
40.800000,-0.083999,-0.011794,0.088942,-0.301914,0.211886,-0.245634,0.002143,0.260980,-0.298705,0.038051,0.000000,0.000000,0.000000,-0.000000,0.000000,0.392989,0.063780,-0.448915,1.478134,-1.023820,1.280627,0.002485,-1.311810,1.461709,-0.148225,0.000000,0.000000,0.000000,0.000000,0.000000,0.388000,-0.000000,0.169618,0.000000
40.900000,-0.073207,-0.013659,0.099474,-0.308884,0.208302,-0.256042,-0.000546,0.261906,-0.291676,0.029428,0.000000,0.000000,0.000000,-0.000000,0.000000,0.312813,0.077220,-0.548957,1.577161,-1.022747,1.331498,0.016467,-1.321765,1.433533,-0.106391,0.000000,0.000000,-0.000000,0.000000,0.000000,0.389000,-0.000000,0.169618,0.000000
41.000000,-0.062508,-0.015426,0.110042,-0.315694,0.204630,-0.267103,-0.003393,0.265426,-0.289126,0.022572,0.000000,0.000000,0.000000,-0.000000,0.000000,0.259465,0.085333,-0.601732,1.609712,-1.003186,1.373726,0.025706,-1.368525,1.485079,-0.108586,0.000000,0.000000,-0.000000,0.000000,0.000000,0.390000,-0.000000,0.169618,0.000000
41.100000,-0.051967,-0.016973,0.120211,-0.321583,0.200427,-0.276658,-0.006349,0.270139,-0.286358,0.014217,0.000000,0.000000,0.000000,0.000000,0.000000,0.205296,0.092437,-0.649588,1.636286,-0.982533,1.386440,0.027727,-1.434011,1.582762,-0.139828,0.000000,0.000000,-0.000000,0.000000,0.000000,0.391000,0.000000,0.169618,-0.000000
41.200000,-0.041538,-0.018360,0.130173,-0.326925,0.195921,-0.277499,-0.005463,0.292302,-0.325040,0.031025,0.000000,0.000000,0.000000,0.000000,0.000000,0.150627,0.098771,-0.695245,1.659908,-0.961279,1.330503,0.007877,-1.556543,1.847863,-0.287305,-0.000000,-0.000000,-0.000000,-0.000000,0.000000,0.392000,0.000000,0.169618,-0.000000
41.300000,-0.029747,-0.019706,0.138482,-0.331613,0.192472,-0.260478,0.002075,0.327938,-0.409486,0.081886,0.000000,0.000000,0.000000,0.000000,0.000000,0.089085,0.104877,-0.732547,1.680271,-0.945384,1.180640,-0.041710,-1.682114,2.245522,-0.571431,0.000000,-0.000000,-0.000000,-0.000000,0.000000,0.393000,0.000000,0.169618,-0.000000
41.400000,-0.016936,-0.020969,0.145501,-0.335733,0.189798,-0.222969,0.012275,0.345952,-0.474558,0.131181,0.000000,0.000000,0.000000,0.000000,0.000000,0.022309,0.110592,-0.763670,1.698453,-0.933772,0.950019,-0.095509,-1.683420,2.455066,-0.790365,0.000000,0.000000,-0.000000,0.000000,0.000000,0.394000,0.000000,0.169618,-0.000000
41.500000,-0.004178,-0.022057,0.152256,-0.339341,0.186906,-0.178246,0.019821,0.310440,-0.458726,0.151704,0.000000,0.000000,0.000000,0.000000,0.000000,-0.042891,0.115309,-0.795113,1.714763,-0.920078,0.737127,-0.124556,-1.443403,2.242175,-0.819125,-0.000000,0.000000,-0.000000,0.000000,0.000000,0.395000,0.000000,0.169618,-0.000000
41.600000,0.008537,-0.022974,0.158892,-0.342679,0.183888,-0.142132,0.022747,0.254308,-0.393604,0.142428,0.000000,0.000000,0.000000,0.000000,0.000000,-0.106271,0.119036,-0.827517,1.729861,-0.904282,0.611858,-0.125750,-1.141373,1.828785,-0.703713,-0.000000,-0.000000,0.000000,-0.000000,0.000000,0.396000,0.000000,0.169618,-0.000000
41.700000,0.021279,-0.023726,0.165534,-0.346036,0.180903,-0.132343,0.022623,0.232143,-0.356788,0.127492,0.000000,0.000000,0.000000,0.000000,0.000000,-0.168662,0.121873,-0.860967,1.745051,-0.887572,0.629522,-0.114135,-1.071275,1.650608,-0.593095,-0.000000,-0.000000,-0.000000,0.000000,0.000000,0.397000,0.000000,0.169618,-0.000000
41.800000,0.033933,-0.024303,0.171951,-0.348914,0.177676,-0.143385,0.021510,0.236375,-0.354433,0.120999,0.000000,0.000000,0.000000,0.000000,0.000000,-0.230080,0.123807,-0.893633,1.757641,-0.869057,0.742728,-0.102874,-1.163388,1.709642,-0.560750,-0.000000,-0.000000,0.000000,-0.000000,0.000000,0.398000,0.000000,0.169618,-0.000000
41.900000,0.045752,-0.024657,0.178820,-0.351289,0.173480,-0.154360,0.020240,0.240243,-0.351522,0.114266,0.000000,0.000000,0.000000,0.000000,0.000000,-0.287388,0.124666,-0.928110,1.767964,-0.846354,0.825226,-0.094483,-1.219389,1.740382,-0.535992,0.000000,-0.000000,0.000000,-0.000000,0.000000,0.399000,0.000000,0.169618,-0.000000
42.000000,0.056860,-0.024804,0.186005,-0.353142,0.168423,-0.165266,0.018816,0.243738,-0.348046,0.107288,0.000000,0.000000,0.000000,-0.000000,0.000000,-0.328295,0.125676,-0.979128,1.824927,-0.853420,0.878415,-0.086565,-1.237126,1.721153,-0.498696,0.000000,-0.000000,-0.000000,-0.000000,0.000000,0.400000,-0.000000,0.169618,0.000000
42.100000,0.068288,-0.024809,0.192556,-0.354499,0.163507,-0.175598,0.017232,0.247122,-0.343716,0.099500,0.000000,0.000000,0.000000,-0.000000,0.000000,-0.343104,0.126044,-1.027331,1.907487,-0.888127,0.928238,-0.077885,-1.253498,1.696634,-0.457112,0.000000,0.000000,-0.000000,-0.000000,0.000000,0.401000,-0.000000,0.169618,0.000000
42.200000,0.070594,-0.025517,0.210092,-0.391606,0.183222,-0.185088,0.015495,0.251082,-0.339159,0.090835,0.000000,0.000000,0.000000,-0.000000,0.000000,-0.293666,0.126663,-1.080694,2.106781,-1.033180,0.974157,-0.068465,-1.272413,1.670937,-0.411423,0.000000,0.000000,0.000000,0.000000,0.000000,0.402000,-0.000000,0.169618,0.000000
42.300000,0.049378,-0.026350,0.231914,-0.459439,0.228725,-0.194532,0.013619,0.254576,-0.333958,0.081927,0.000000,0.000000,0.000000,-0.000000,0.000000,-0.107790,0.122442,-1.118674,2.370805,-1.255193,1.021450,-0.058376,-1.287718,1.642360,-0.366149,0.000000,0.000000,0.000000,-0.000000,0.000000,0.403000,-0.000000,0.169618,0.000000
42.400000,0.010979,-0.024510,0.214829,-0.480617,0.265947,-0.204043,0.011606,0.257521,-0.328152,0.072898,0.000000,0.000000,0.000000,-0.000000,0.000000,0.135816,0.105043,-0.942323,2.333623,-1.388847,1.070138,-0.047626,-1.299009,1.610391,-0.321164,0.000000,-0.000000,-0.000000,0.000000,0.000000,0.404000,-0.000000,0.169618,0.000000
42.500000,-0.043764,-0.017845,0.163319,-0.425122,0.260923,-0.214582,0.009458,0.259036,-0.321768,0.064663,0.000000,0.000000,0.000000,-0.000000,0.000000,0.392846,0.069753,-0.636500,1.937402,-1.293759,1.123914,-0.036135,-1.302866,1.575001,-0.279727,0.000000,0.000000,-0.000000,0.000000,0.000000,0.405000,-0.000000,0.169618,0.000000
42.600000,-0.086948,-0.011066,0.101801,-0.334340,0.231516,-0.225037,0.007171,0.260196,-0.314861,0.056183,0.000000,0.000000,0.000000,-0.000000,0.000000,0.551767,0.040001,-0.355980,1.458534,-1.095814,1.177093,-0.024029,-1.305383,1.537515,-0.237300,0.000000,0.000000,0.000000,-0.000000,0.000000,0.406000,-0.000000,0.169618,0.000000
42.700000,-0.094930,-0.009765,0.078243,-0.294389,0.215137,-0.235404,0.004691,0.260652,-0.306871,0.047109,0.000000,0.000000,0.000000,-0.000000,0.000000,0.515670,0.043022,-0.309822,1.324735,-1.009474,1.228970,-0.010953,-1.307242,1.497448,-0.191818,0.000000,-0.000000,0.000000,-0.000000,0.000000,0.407000,-0.000000,0.169618,0.000000
42.800000,-0.083999,-0.011794,0.088942,-0.301914,0.211886,-0.245634,0.002143,0.260980,-0.298705,0.038051,0.000000,0.000000,0.000000,-0.000000,0.000000,0.392989,0.063780,-0.448915,1.478134,-1.023820,1.280627,0.002485,-1.311810,1.461709,-0.148225,0.000000,-0.000000,0.000000,-0.000000,0.000000,0.408000,-0.000000,0.169618,0.000000
42.900000,-0.073207,-0.013659,0.099474,-0.308884,0.208302,-0.256042,-0.000546,0.261906,-0.291676,0.029428,0.000000,0.000000,0.000000,-0.000000,0.000000,0.312813,0.077220,-0.548957,1.577161,-1.022747,1.331498,0.016467,-1.321765,1.433533,-0.106391,0.000000,0.000000,-0.000000,0.000000,0.000000,0.409000,-0.000000,0.169618,0.000000
43.000000,-0.062508,-0.015426,0.110042,-0.315694,0.204630,-0.267103,-0.003393,0.265426,-0.289126,0.022572,0.000000,0.000000,0.000000,-0.000000,0.000000,0.259465,0.085333,-0.601732,1.609712,-1.003186,1.373726,0.025706,-1.368525,1.485079,-0.108586,-0.000000,-0.000000,-0.000000,-0.000000,0.000000,0.410000,-0.000000,0.169618,0.000000
43.100000,-0.051967,-0.016973,0.120211,-0.321583,0.200427,-0.276658,-0.006349,0.270139,-0.286358,0.014217,0.000000,0.000000,0.000000,0.000000,0.000000,0.205296,0.092437,-0.649588,1.636286,-0.982533,1.386440,0.027727,-1.434011,1.582762,-0.139828,-0.000000,-0.000000,0.000000,0.000000,0.000000,0.411000,0.000000,0.169618,-0.000000
43.200000,-0.041538,-0.018360,0.130173,-0.326925,0.195921,-0.277499,-0.005463,0.292302,-0.325040,0.031025,0.000000,0.000000,0.000000,0.000000,0.000000,0.150627,0.098771,-0.695245,1.659908,-0.961279,1.330503,0.007877,-1.556543,1.847863,-0.287305,-0.000000,-0.000000,0.000000,0.000000,0.000000,0.412000,0.000000,0.169618,-0.000000
43.300000,-0.029747,-0.019706,0.138482,-0.331613,0.192472,-0.260478,0.002075,0.327938,-0.409486,0.081886,0.000000,0.000000,0.000000,0.000000,0.000000,0.089085,0.104877,-0.732547,1.680271,-0.945384,1.180640,-0.041710,-1.682114,2.245522,-0.571431,0.000000,0.000000,0.000000,0.000000,0.000000,0.413000,0.000000,0.169618,-0.000000
43.400000,-0.016936,-0.020969,0.145501,-0.335733,0.189798,-0.222969,0.012275,0.345952,-0.474558,0.131181,0.000000,0.000000,0.000000,0.000000,0.000000,0.022309,0.110592,-0.763670,1.698453,-0.933772,0.950019,-0.095509,-1.683420,2.455066,-0.790365,0.000000,-0.000000,0.000000,-0.000000,0.000000,0.414000,0.000000,0.169618,-0.000000
43.500000,-0.004178,-0.022057,0.152256,-0.339341,0.186906,-0.178246,0.019821,0.310440,-0.458726,0.151704,0.000000,0.000000,0.000000,0.000000,0.000000,-0.042891,0.115309,-0.795113,1.714763,-0.920078,0.737127,-0.124556,-1.443403,2.242175,-0.819125,-0.000000,0.000000,-0.000000,-0.000000,0.000000,0.415000,0.000000,0.169618,-0.000000
43.600000,0.008537,-0.022974,0.158892,-0.342679,0.183888,-0.142132,0.022747,0.254308,-0.393604,0.142428,0.000000,0.000000,0.000000,0.000000,0.000000,-0.106271,0.119036,-0.827517,1.729861,-0.904282,0.611858,-0.125750,-1.141373,1.828785,-0.703713,-0.000000,-0.000000,-0.000000,0.000000,0.000000,0.416000,0.000000,0.169618,-0.000000
43.700000,0.021279,-0.023726,0.165534,-0.346036,0.180903,-0.132343,0.022623,0.232143,-0.356788,0.127492,0.000000,0.000000,0.000000,0.000000,0.000000,-0.168662,0.121873,-0.860967,1.745051,-0.887572,0.629522,-0.114135,-1.071275,1.650608,-0.593095,-0.000000,-0.000000,-0.000000,0.000000,0.000000,0.417000,0.000000,0.169618,-0.000000
43.800000,0.033933,-0.024303,0.171951,-0.348914,0.177676,-0.143385,0.021510,0.236375,-0.354433,0.120999,0.000000,0.000000,0.000000,0.000000,0.000000,-0.230080,0.123807,-0.893633,1.757641,-0.869057,0.742728,-0.102874,-1.163388,1.709642,-0.560750,-0.000000,-0.000000,0.000000,-0.000000,0.000000,0.418000,0.000000,0.169618,-0.000000
43.900000,0.045752,-0.024657,0.178820,-0.351289,0.173480,-0.154360,0.020240,0.240243,-0.351522,0.114266,0.000000,0.000000,0.000000,0.000000,0.000000,-0.287388,0.124666,-0.928110,1.767964,-0.846354,0.825226,-0.094483,-1.219389,1.740382,-0.535992,0.000000,0.000000,-0.000000,-0.000000,0.000000,0.419000,0.000000,0.169618,-0.000000
44.000000,0.056860,-0.024804,0.186005,-0.353142,0.168423,-0.165266,0.018816,0.243738,-0.348046,0.107288,0.000000,0.000000,0.000000,-0.000000,0.000000,-0.328295,0.125676,-0.979128,1.824927,-0.853420,0.878415,-0.086565,-1.237126,1.721153,-0.498696,-0.000000,-0.000000,0.000000,-0.000000,0.000000,0.420000,-0.000000,0.169618,0.000000
44.100000,0.068288,-0.024809,0.192556,-0.354499,0.163507,-0.175598,0.017232,0.247122,-0.343716,0.099500,0.000000,0.000000,0.000000,-0.000000,0.000000,-0.343104,0.126044,-1.027331,1.907487,-0.888127,0.928238,-0.077885,-1.253498,1.696634,-0.457112,-0.000000,-0.000000,-0.000000,-0.000000,0.000000,0.421000,-0.000000,0.169618,0.000000
44.200000,0.070594,-0.025517,0.210092,-0.391606,0.183222,-0.185088,0.015495,0.251082,-0.339159,0.090835,0.000000,0.000000,0.000000,-0.000000,0.000000,-0.293666,0.126663,-1.080694,2.106781,-1.033180,0.974157,-0.068465,-1.272413,1.670937,-0.411423,0.000000,0.000000,0.000000,-0.000000,0.000000,0.422000,-0.000000,0.169618,0.000000
44.300000,0.049378,-0.026350,0.231914,-0.459439,0.228725,-0.194532,0.013619,0.254576,-0.333958,0.081927,0.000000,0.000000,0.000000,-0.000000,0.000000,-0.107790,0.122442,-1.118674,2.370805,-1.255193,1.021450,-0.058376,-1.287718,1.642360,-0.366149,0.000000,-0.000000,-0.000000,0.000000,0.000000,0.423000,-0.000000,0.169618,0.000000
44.400000,0.010979,-0.024510,0.214829,-0.480617,0.265947,-0.204043,0.011606,0.257521,-0.328152,0.072898,0.000000,0.000000,0.000000,-0.000000,0.000000,0.135816,0.105043,-0.942323,2.333623,-1.388847,1.070138,-0.047626,-1.299009,1.610391,-0.321164,-0.000000,-0.000000,0.000000,0.000000,0.000000,0.424000,-0.000000,0.169618,0.000000
44.500000,-0.043764,-0.017845,0.163319,-0.425122,0.260923,-0.214582,0.009458,0.259036,-0.321768,0.064663,0.000000,0.000000,0.000000,-0.000000,0.000000,0.392846,0.069753,-0.636500,1.937402,-1.293759,1.123914,-0.036135,-1.302866,1.575001,-0.279727,0.000000,0.000000,-0.000000,0.000000,0.000000,0.425000,-0.000000,0.169618,0.000000
44.600000,-0.086948,-0.011066,0.101801,-0.334340,0.231516,-0.225037,0.007171,0.260196,-0.314861,0.056183,0.000000,0.000000,0.000000,-0.000000,0.000000,0.551767,0.040001,-0.355980,1.458534,-1.095814,1.177093,-0.024029,-1.305383,1.537515,-0.237300,0.000000,0.000000,0.000000,-0.000000,0.000000,0.426000,-0.000000,0.169618,0.000000
44.700000,-0.094930,-0.009765,0.078243,-0.294389,0.215137,-0.235404,0.004691,0.260652,-0.306871,0.047109,0.000000,0.000000,0.000000,-0.000000,0.000000,0.515670,0.043022,-0.309822,1.324735,-1.009474,1.228970,-0.010953,-1.307242,1.497448,-0.191818,0.000000,-0.000000,-0.000000,0.000000,0.000000,0.427000,-0.000000,0.169618,0.000000
44.800000,-0.083999,-0.011794,0.088942,-0.301914,0.211886,-0.245634,0.002143,0.260980,-0.298705,0.038051,0.000000,0.000000,0.000000,-0.000000,0.000000,0.392989,0.063780,-0.448915,1.478134,-1.023820,1.280627,0.002485,-1.311810,1.461709,-0.148225,-0.000000,-0.000000,-0.000000,-0.000000,0.000000,0.428000,-0.000000,0.169618,0.000000
44.900000,-0.073207,-0.013659,0.099474,-0.308884,0.208302,-0.256042,-0.000546,0.261906,-0.291676,0.029428,0.000000,0.000000,0.000000,-0.000000,0.000000,0.312813,0.077220,-0.548957,1.577161,-1.022747,1.331498,0.016467,-1.321765,1.433533,-0.106391,0.000000,-0.000000,-0.000000,0.000000,0.000000,0.429000,-0.000000,0.169618,0.000000
45.000000,-0.062508,-0.015426,0.110042,-0.315694,0.204630,-0.267103,-0.003393,0.265426,-0.289126,0.022572,0.000000,0.000000,0.000000,-0.000000,0.000000,0.259465,0.085333,-0.601732,1.609712,-1.003186,1.373726,0.025706,-1.368525,1.485079,-0.108586,0.000000,-0.000000,-0.000000,-0.000000,0.000000,0.430000,-0.000000,0.169618,0.000000
45.100000,-0.051967,-0.016973,0.120211,-0.321583,0.200427,-0.276658,-0.006349,0.270139,-0.286358,0.014217,0.000000,0.000000,0.000000,0.000000,0.000000,0.205296,0.092437,-0.649588,1.636286,-0.982533,1.386440,0.027727,-1.434011,1.582762,-0.139828,0.000000,0.000000,-0.000000,0.000000,0.000000,0.431000,0.000000,0.169618,-0.000000
45.200000,-0.041538,-0.018360,0.130173,-0.326925,0.195921,-0.277499,-0.005463,0.292302,-0.325040,0.031025,0.000000,0.000000,0.000000,0.000000,0.000000,0.150627,0.098771,-0.695245,1.659908,-0.961279,1.330503,0.007877,-1.556543,1.847863,-0.287305,0.000000,0.000000,0.000000,-0.000000,0.000000,0.432000,0.000000,0.169618,-0.000000
45.300000,-0.029747,-0.019706,0.138482,-0.331613,0.192472,-0.260478,0.002075,0.327938,-0.409486,0.081886,0.000000,0.000000,0.000000,0.000000,0.000000,0.089085,0.104877,-0.732547,1.680271,-0.945384,1.180640,-0.041710,-1.682114,2.245522,-0.571431,-0.000000,-0.000000,-0.000000,0.000000,0.000000,0.433000,0.000000,0.169618,-0.000000
45.400000,-0.016936,-0.020969,0.145501,-0.335733,0.189798,-0.222969,0.012275,0.345952,-0.474558,0.131181,0.000000,0.000000,0.000000,0.000000,0.000000,0.022309,0.110592,-0.763670,1.698453,-0.933772,0.950019,-0.095509,-1.683420,2.455066,-0.790365,-0.000000,-0.000000,0.000000,-0.000000,0.000000,0.434000,0.000000,0.169618,-0.000000
45.500000,-0.004178,-0.022057,0.152256,-0.339341,0.186906,-0.178246,0.019821,0.310440,-0.458726,0.151704,0.000000,0.000000,0.000000,0.000000,0.000000,-0.042891,0.115309,-0.795113,1.714763,-0.920078,0.737127,-0.124556,-1.443403,2.242175,-0.819125,-0.000000,-0.000000,0.000000,-0.000000,0.000000,0.435000,0.000000,0.169618,-0.000000
45.600000,0.008537,-0.022974,0.158892,-0.342679,0.183888,-0.142132,0.022747,0.254308,-0.393604,0.142428,0.000000,0.000000,0.000000,0.000000,0.000000,-0.106271,0.119036,-0.827517,1.729861,-0.904282,0.611858,-0.125750,-1.141373,1.828785,-0.703713,-0.000000,-0.000000,0.000000,-0.000000,0.000000,0.436000,0.000000,0.169618,-0.000000
45.700000,0.021279,-0.023726,0.165534,-0.346036,0.180903,-0.132343,0.022623,0.232143,-0.356788,0.127492,0.000000,0.000000,0.000000,0.000000,0.000000,-0.168662,0.121873,-0.860967,1.745051,-0.887572,0.629522,-0.114135,-1.071275,1.650608,-0.593095,0.000000,0.000000,0.000000,-0.000000,0.000000,0.437000,0.000000,0.169618,-0.000000
45.800000,0.033933,-0.024303,0.171951,-0.348914,0.177676,-0.143385,0.021510,0.236375,-0.354433,0.120999,0.000000,0.000000,0.000000,0.000000,0.000000,-0.230080,0.123807,-0.893633,1.757641,-0.869057,0.742728,-0.102874,-1.163388,1.709642,-0.560750,-0.000000,0.000000,-0.000000,-0.000000,0.000000,0.438000,0.000000,0.169618,-0.000000
45.900000,0.045752,-0.024657,0.178820,-0.351289,0.173480,-0.154360,0.020240,0.240243,-0.351522,0.114266,0.000000,0.000000,0.000000,0.000000,0.000000,-0.287388,0.124666,-0.928110,1.767964,-0.846354,0.825226,-0.094483,-1.219389,1.740382,-0.535992,0.000000,-0.000000,0.000000,-0.000000,0.000000,0.439000,0.000000,0.169618,-0.000000
46.000000,0.056860,-0.024804,0.186005,-0.353142,0.168423,-0.165266,0.018816,0.243738,-0.348046,0.107288,0.000000,0.000000,0.000000,-0.000000,0.000000,-0.328295,0.125676,-0.979128,1.824927,-0.853420,0.878415,-0.086565,-1.237126,1.721153,-0.498696,0.000000,0.000000,0.000000,-0.000000,0.000000,0.440000,-0.000000,0.169618,0.000000
46.100000,0.068288,-0.024809,0.192556,-0.354499,0.163507,-0.175598,0.017232,0.247122,-0.343716,0.099500,0.000000,0.000000,0.000000,-0.000000,0.000000,-0.343104,0.126044,-1.027331,1.907487,-0.888127,0.928238,-0.077885,-1.253498,1.696634,-0.457112,-0.000000,-0.000000,-0.000000,0.000000,0.000000,0.441000,-0.000000,0.169618,0.000000
46.200000,0.070594,-0.025517,0.210092,-0.391606,0.183222,-0.185088,0.015495,0.251082,-0.339159,0.090835,0.000000,0.000000,0.000000,-0.000000,0.000000,-0.293666,0.126663,-1.080694,2.106781,-1.033180,0.974157,-0.068465,-1.272413,1.670937,-0.411423,0.000000,0.000000,0.000000,-0.000000,0.000000,0.442000,-0.000000,0.169618,0.000000
46.300000,0.049378,-0.026350,0.231914,-0.459439,0.228725,-0.194532,0.013619,0.254576,-0.333958,0.081927,0.000000,0.000000,0.000000,-0.000000,0.000000,-0.107790,0.122442,-1.118674,2.370805,-1.255193,1.021450,-0.058376,-1.287718,1.642360,-0.366149,-0.000000,0.000000,-0.000000,-0.000000,0.000000,0.443000,-0.000000,0.169618,0.000000
46.400000,0.010979,-0.024510,0.214829,-0.480617,0.265947,-0.204043,0.011606,0.257521,-0.328152,0.072898,0.000000,0.000000,0.000000,-0.000000,0.000000,0.135816,0.105043,-0.942323,2.333623,-1.388847,1.070138,-0.047626,-1.299009,1.610391,-0.321164,-0.000000,-0.000000,0.000000,-0.000000,0.000000,0.444000,-0.000000,0.169618,0.000000
46.500000,-0.043764,-0.017845,0.163319,-0.425122,0.260923,-0.214582,0.009458,0.259036,-0.321768,0.064663,0.000000,0.000000,0.000000,-0.000000,0.000000,0.392846,0.069753,-0.636500,1.937402,-1.293759,1.123914,-0.036135,-1.302866,1.575001,-0.279727,0.000000,-0.000000,-0.000000,-0.000000,0.000000,0.445000,-0.000000,0.169618,0.000000
46.600000,-0.086948,-0.011066,0.101801,-0.334340,0.231516,-0.225037,0.007171,0.260196,-0.314861,0.056183,0.000000,0.000000,0.000000,-0.000000,0.000000,0.551767,0.040001,-0.355980,1.458534,-1.095814,1.177093,-0.024029,-1.305383,1.537515,-0.237300,-0.000000,-0.000000,0.000000,-0.000000,0.000000,0.446000,-0.000000,0.169618,0.000000
46.700000,-0.094930,-0.009765,0.078243,-0.294389,0.215137,-0.235404,0.004691,0.260652,-0.306871,0.047109,0.000000,0.000000,0.000000,-0.000000,0.000000,0.515670,0.043022,-0.309822,1.324735,-1.009474,1.228970,-0.010953,-1.307242,1.497448,-0.191818,-0.000000,0.000000,-0.000000,-0.000000,0.000000,0.447000,-0.000000,0.169618,0.000000
46.800000,-0.083999,-0.011794,0.088942,-0.301914,0.211886,-0.245634,0.002143,0.260980,-0.298705,0.038051,0.000000,0.000000,0.000000,-0.000000,0.000000,0.392989,0.063780,-0.448915,1.478134,-1.023820,1.280627,0.002485,-1.311810,1.461709,-0.148225,0.000000,0.000000,0.000000,0.000000,0.000000,0.448000,-0.000000,0.169618,0.000000
46.900000,-0.073207,-0.013659,0.099474,-0.308884,0.208302,-0.256042,-0.000546,0.261906,-0.291676,0.029428,0.000000,0.000000,0.000000,-0.000000,0.000000,0.312813,0.077220,-0.548957,1.577161,-1.022747,1.331498,0.016467,-1.321765,1.433533,-0.106391,0.000000,-0.000000,-0.000000,0.000000,0.000000,0.449000,-0.000000,0.169618,0.000000
47.000000,-0.062508,-0.015426,0.110042,-0.315694,0.204630,-0.267103,-0.003393,0.265426,-0.289126,0.022572,0.000000,0.000000,0.000000,-0.000000,0.000000,0.259465,0.085333,-0.601732,1.609712,-1.003186,1.373726,0.025706,-1.368525,1.485079,-0.108586,-0.000000,-0.000000,0.000000,0.000000,0.000000,0.450000,-0.000000,0.169618,0.000000
47.100000,-0.051967,-0.016973,0.120211,-0.321583,0.200427,-0.276658,-0.006349,0.270139,-0.286358,0.014217,0.000000,0.000000,0.000000,0.000000,0.000000,0.205296,0.092437,-0.649588,1.636286,-0.982533,1.386440,0.027727,-1.434011,1.582762,-0.139828,-0.000000,-0.000000,-0.000000,0.000000,0.000000,0.451000,0.000000,0.169618,-0.000000
47.200000,-0.041538,-0.018360,0.130173,-0.326925,0.195921,-0.277499,-0.005463,0.292302,-0.325040,0.031025,0.000000,0.000000,0.000000,0.000000,0.000000,0.150627,0.098771,-0.695245,1.659908,-0.961279,1.330503,0.007877,-1.556543,1.847863,-0.287305,0.000000,0.000000,-0.000000,0.000000,0.000000,0.452000,0.000000,0.169618,-0.000000
47.300000,-0.029747,-0.019706,0.138482,-0.331613,0.192472,-0.260478,0.002075,0.327938,-0.409486,0.081886,0.000000,0.000000,0.000000,0.000000,0.000000,0.089085,0.104877,-0.732547,1.680271,-0.945384,1.180640,-0.041710,-1.682114,2.245522,-0.571431,0.000000,-0.000000,0.000000,-0.000000,0.000000,0.453000,0.000000,0.169618,-0.000000
47.400000,-0.016936,-0.020969,0.145501,-0.335733,0.189798,-0.222969,0.012275,0.345952,-0.474558,0.131181,0.000000,0.000000,0.000000,0.000000,0.000000,0.022309,0.110592,-0.763670,1.698453,-0.933772,0.950019,-0.095509,-1.683420,2.455066,-0.790365,-0.000000,-0.000000,0.000000,0.000000,0.000000,0.454000,0.000000,0.169618,-0.000000
47.500000,-0.004178,-0.022057,0.152256,-0.339341,0.186906,-0.178246,0.019821,0.310440,-0.458726,0.151704,0.000000,0.000000,0.000000,0.000000,0.000000,-0.042891,0.115309,-0.795113,1.714763,-0.920078,0.737127,-0.124556,-1.443403,2.242175,-0.819125,0.000000,0.000000,0.000000,0.000000,0.000000,0.455000,0.000000,0.169618,-0.000000
47.600000,0.008537,-0.022974,0.158892,-0.342679,0.183888,-0.142132,0.022747,0.254308,-0.393604,0.142428,0.000000,0.000000,0.000000,0.000000,0.000000,-0.106271,0.119036,-0.827517,1.729861,-0.904282,0.611858,-0.125750,-1.141373,1.828785,-0.703713,-0.000000,-0.000000,-0.000000,0.000000,0.000000,0.456000,0.000000,0.169618,-0.000000
47.700000,0.021279,-0.023726,0.165534,-0.346036,0.180903,-0.132343,0.022623,0.232143,-0.356788,0.127492,0.000000,0.000000,0.000000,0.000000,0.000000,-0.168662,0.121873,-0.860967,1.745051,-0.887572,0.629522,-0.114135,-1.071275,1.650608,-0.593095,0.000000,0.000000,0.000000,0.000000,0.000000,0.457000,0.000000,0.169618,-0.000000
47.800000,0.033933,-0.024303,0.171951,-0.348914,0.177676,-0.143385,0.021510,0.236375,-0.354433,0.120999,0.000000,0.000000,0.000000,0.000000,0.000000,-0.230080,0.123807,-0.893633,1.757641,-0.869057,0.742728,-0.102874,-1.163388,1.709642,-0.560750,0.000000,0.000000,0.000000,0.000000,0.000000,0.458000,0.000000,0.169618,-0.000000
47.900000,0.045752,-0.024657,0.178820,-0.351289,0.173480,-0.154360,0.020240,0.240243,-0.351522,0.114266,0.000000,0.000000,0.000000,0.000000,0.000000,-0.287388,0.124666,-0.928110,1.767964,-0.846354,0.825226,-0.094483,-1.219389,1.740382,-0.535992,-0.000000,-0.000000,0.000000,-0.000000,0.000000,0.459000,0.000000,0.169618,-0.000000
48.000000,0.056860,-0.024804,0.186005,-0.353142,0.168423,-0.165266,0.018816,0.243738,-0.348046,0.107288,0.000000,0.000000,0.000000,-0.000000,0.000000,-0.328295,0.125676,-0.979128,1.824927,-0.853420,0.878415,-0.086565,-1.237126,1.721153,-0.498696,0.000000,0.000000,-0.000000,0.000000,0.000000,0.460000,-0.000000,0.169618,0.000000
48.100000,0.068288,-0.024809,0.192556,-0.354499,0.163507,-0.175598,0.017232,0.247122,-0.343716,0.099500,0.000000,0.000000,0.000000,-0.000000,0.000000,-0.343104,0.126044,-1.027331,1.907487,-0.888127,0.928238,-0.077885,-1.253498,1.696634,-0.457112,-0.000000,-0.000000,-0.000000,-0.000000,0.000000,0.461000,-0.000000,0.169618,0.000000
48.200000,0.070594,-0.025517,0.210092,-0.391606,0.183222,-0.185088,0.015495,0.251082,-0.339159,0.090835,0.000000,0.000000,0.000000,-0.000000,0.000000,-0.293666,0.126663,-1.080694,2.106781,-1.033180,0.974157,-0.068465,-1.272413,1.670937,-0.411423,-0.000000,0.000000,-0.000000,0.000000,0.000000,0.462000,-0.000000,0.169618,0.000000
48.300000,0.049378,-0.026350,0.231914,-0.459439,0.228725,-0.194532,0.013619,0.254576,-0.333958,0.081927,0.000000,0.000000,0.000000,-0.000000,0.000000,-0.107790,0.122442,-1.118674,2.370805,-1.255193,1.021450,-0.058376,-1.287718,1.642360,-0.366149,0.000000,0.000000,-0.000000,-0.000000,0.000000,0.463000,-0.000000,0.169618,0.000000
48.400000,0.010979,-0.024510,0.214829,-0.480617,0.265947,-0.204043,0.011606,0.257521,-0.328152,0.072898,0.000000,0.000000,0.000000,-0.000000,0.000000,0.135816,0.105043,-0.942323,2.333623,-1.388847,1.070138,-0.047626,-1.299009,1.610391,-0.321164,0.000000,-0.000000,0.000000,-0.000000,0.000000,0.464000,-0.000000,0.169618,0.000000
48.500000,-0.043764,-0.017845,0.163319,-0.425122,0.260923,-0.214582,0.009458,0.259036,-0.321768,0.064663,0.000000,0.000000,0.000000,-0.000000,0.000000,0.392846,0.069753,-0.636500,1.937402,-1.293759,1.123914,-0.036135,-1.302866,1.575001,-0.279727,-0.000000,0.000000,0.000000,0.000000,0.000000,0.465000,-0.000000,0.169618,0.000000
48.600000,-0.086948,-0.011066,0.101801,-0.334340,0.231516,-0.225037,0.007171,0.260196,-0.314861,0.056183,0.000000,0.000000,0.000000,-0.000000,0.000000,0.551767,0.040001,-0.355980,1.458534,-1.095814,1.177093,-0.024029,-1.305383,1.537515,-0.237300,0.000000,0.000000,-0.000000,-0.000000,0.000000,0.466000,-0.000000,0.169618,0.000000
48.700000,-0.094930,-0.009765,0.078243,-0.294389,0.215137,-0.235404,0.004691,0.260652,-0.306871,0.047109,0.000000,0.000000,0.000000,-0.000000,0.000000,0.515670,0.043022,-0.309822,1.324735,-1.009474,1.228970,-0.010953,-1.307242,1.497448,-0.191818,0.000000,-0.000000,0.000000,-0.000000,0.000000,0.467000,-0.000000,0.169618,0.000000
48.800000,-0.083999,-0.011794,0.088942,-0.301914,0.211886,-0.245634,0.002143,0.260980,-0.298705,0.038051,0.000000,0.000000,0.000000,-0.000000,0.000000,0.392989,0.063780,-0.448915,1.478134,-1.023820,1.280627,0.002485,-1.311810,1.461709,-0.148225,0.000000,0.000000,-0.000000,0.000000,0.000000,0.468000,-0.000000,0.169618,0.000000
48.900000,-0.073207,-0.013659,0.099474,-0.308884,0.208302,-0.256042,-0.000546,0.261906,-0.291676,0.029428,0.000000,0.000000,0.000000,-0.000000,0.000000,0.312813,0.077220,-0.548957,1.577161,-1.022747,1.331498,0.016467,-1.321765,1.433533,-0.106391,0.000000,0.000000,0.000000,0.000000,0.000000,0.469000,-0.000000,0.169618,0.000000
49.000000,-0.062508,-0.015426,0.110042,-0.315694,0.204630,-0.267103,-0.003393,0.265426,-0.289126,0.022572,0.000000,0.000000,0.000000,-0.000000,0.000000,0.259465,0.085333,-0.601732,1.609712,-1.003186,1.373726,0.025706,-1.368525,1.485079,-0.108586,-0.000000,0.000000,-0.000000,0.000000,0.000000,0.470000,-0.000000,0.169618,0.000000
49.100000,-0.051967,-0.016973,0.120211,-0.321583,0.200427,-0.276658,-0.006349,0.270139,-0.286358,0.014217,0.000000,0.000000,0.000000,0.000000,0.000000,0.205296,0.092437,-0.649588,1.636286,-0.982533,1.386440,0.027727,-1.434011,1.582762,-0.139828,0.000000,-0.000000,0.000000,-0.000000,0.000000,0.471000,0.000000,0.169618,-0.000000
49.200000,-0.041538,-0.018360,0.130173,-0.326925,0.195921,-0.277499,-0.005463,0.292302,-0.325040,0.031025,0.000000,0.000000,0.000000,0.000000,0.000000,0.150627,0.098771,-0.695245,1.659908,-0.961279,1.330503,0.007877,-1.556543,1.847863,-0.287305,-0.000000,-0.000000,0.000000,-0.000000,0.000000,0.472000,0.000000,0.169618,-0.000000
49.300000,-0.029747,-0.019706,0.138482,-0.331613,0.192472,-0.260478,0.002075,0.327938,-0.409486,0.081886,0.000000,0.000000,0.000000,0.000000,0.000000,0.089085,0.104877,-0.732547,1.680271,-0.945384,1.180640,-0.041710,-1.682114,2.245522,-0.571431,0.000000,0.000000,0.000000,0.000000,0.000000,0.473000,0.000000,0.169618,-0.000000
49.400000,-0.016936,-0.020969,0.145501,-0.335733,0.189798,-0.222969,0.012275,0.345952,-0.474558,0.131181,0.000000,0.000000,0.000000,0.000000,0.000000,0.022309,0.110592,-0.763670,1.698453,-0.933772,0.950019,-0.095509,-1.683420,2.455066,-0.790365,-0.000000,0.000000,-0.000000,-0.000000,0.000000,0.474000,0.000000,0.169618,-0.000000
49.500000,-0.004178,-0.022057,0.152256,-0.339341,0.186906,-0.178246,0.019821,0.310440,-0.458726,0.151704,0.000000,0.000000,0.000000,0.000000,0.000000,-0.042891,0.115309,-0.795113,1.714763,-0.920078,0.737127,-0.124556,-1.443403,2.242175,-0.819125,-0.000000,0.000000,-0.000000,-0.000000,0.000000,0.475000,0.000000,0.169618,-0.000000
49.600000,0.008537,-0.022974,0.158892,-0.342679,0.183888,-0.142132,0.022747,0.254308,-0.393604,0.142428,0.000000,0.000000,0.000000,0.000000,0.000000,-0.106271,0.119036,-0.827517,1.729861,-0.904282,0.611858,-0.125750,-1.141373,1.828785,-0.703713,-0.000000,-0.000000,-0.000000,-0.000000,0.000000,0.476000,0.000000,0.169618,-0.000000
49.700000,0.021279,-0.023726,0.165534,-0.346036,0.180903,-0.132343,0.022623,0.232143,-0.356788,0.127492,0.000000,0.000000,0.000000,0.000000,0.000000,-0.168662,0.121873,-0.860967,1.745051,-0.887572,0.629522,-0.114135,-1.071275,1.650608,-0.593095,-0.000000,0.000000,0.000000,0.000000,0.000000,0.477000,0.000000,0.169618,-0.000000
49.800000,0.033933,-0.024303,0.171951,-0.348914,0.177676,-0.143385,0.021510,0.236375,-0.354433,0.120999,0.000000,0.000000,0.000000,0.000000,0.000000,-0.230080,0.123807,-0.893633,1.757641,-0.869057,0.742728,-0.102874,-1.163388,1.709642,-0.560750,-0.000000,-0.000000,0.000000,0.000000,0.000000,0.478000,0.000000,0.169618,-0.000000
49.900000,0.045752,-0.024657,0.178820,-0.351289,0.173480,-0.154360,0.020240,0.240243,-0.351522,0.114266,0.000000,0.000000,0.000000,0.000000,0.000000,-0.287388,0.124666,-0.928110,1.767964,-0.846354,0.825226,-0.094483,-1.219389,1.740382,-0.535992,0.000000,-0.000000,0.000000,-0.000000,0.000000,0.479000,0.000000,0.169618,-0.000000
50.000000,0.056860,-0.024804,0.186005,-0.353142,0.168423,-0.165266,0.018816,0.243738,-0.348046,0.107288,0.000000,0.000000,0.000000,-0.000000,0.000000,-0.328295,0.125676,-0.979128,1.824927,-0.853420,0.878415,-0.086565,-1.237126,1.721153,-0.498696,-0.000000,-0.000000,0.000000,-0.000000,0.000000,0.480000,-0.000000,0.169618,0.000000
50.100000,0.068288,-0.024809,0.192556,-0.354499,0.163507,-0.175598,0.017232,0.247122,-0.343716,0.099500,0.000000,0.000000,0.000000,-0.000000,0.000000,-0.343104,0.126044,-1.027331,1.907487,-0.888127,0.928238,-0.077885,-1.253498,1.696634,-0.457112,-0.000000,-0.000000,-0.000000,-0.000000,0.000000,0.481000,-0.000000,0.169618,0.000000
50.200000,0.070594,-0.025517,0.210092,-0.391606,0.183222,-0.185088,0.015495,0.251082,-0.339159,0.090835,0.000000,0.000000,0.000000,-0.000000,0.000000,-0.293666,0.126663,-1.080694,2.106781,-1.033180,0.974157,-0.068465,-1.272413,1.670937,-0.411423,0.000000,0.000000,-0.000000,0.000000,0.000000,0.482000,-0.000000,0.169618,0.000000
50.300000,0.049378,-0.026350,0.231914,-0.459439,0.228725,-0.194532,0.013619,0.254576,-0.333958,0.081927,0.000000,0.000000,0.000000,-0.000000,0.000000,-0.107790,0.122442,-1.118674,2.370805,-1.255193,1.021450,-0.058376,-1.287718,1.642360,-0.366149,0.000000,-0.000000,-0.000000,0.000000,0.000000,0.483000,-0.000000,0.169618,0.000000
50.400000,0.010979,-0.024510,0.214829,-0.480617,0.265947,-0.204043,0.011606,0.257521,-0.328152,0.072898,0.000000,0.000000,0.000000,-0.000000,0.000000,0.135816,0.105043,-0.942323,2.333623,-1.388847,1.070138,-0.047626,-1.299009,1.610391,-0.321164,0.000000,0.000000,-0.000000,0.000000,0.000000,0.484000,-0.000000,0.169618,0.000000
50.500000,-0.043764,-0.017845,0.163319,-0.425122,0.260923,-0.214582,0.009458,0.259036,-0.321768,0.064663,0.000000,0.000000,0.000000,-0.000000,0.000000,0.392846,0.069753,-0.636500,1.937402,-1.293759,1.123914,-0.036135,-1.302866,1.575001,-0.279727,-0.000000,-0.000000,-0.000000,-0.000000,0.000000,0.485000,-0.000000,0.169618,0.000000
50.600000,-0.086948,-0.011066,0.101801,-0.334340,0.231516,-0.225037,0.007171,0.260196,-0.314861,0.056183,0.000000,0.000000,0.000000,-0.000000,0.000000,0.551767,0.040001,-0.355980,1.458534,-1.095814,1.177093,-0.024029,-1.305383,1.537515,-0.237300,0.000000,0.000000,-0.000000,0.000000,0.000000,0.486000,-0.000000,0.169618,0.000000
50.700000,-0.094930,-0.009765,0.078243,-0.294389,0.215137,-0.235404,0.004691,0.260652,-0.306871,0.047109,0.000000,0.000000,0.000000,-0.000000,0.000000,0.515670,0.043022,-0.309822,1.324735,-1.009474,1.228970,-0.010953,-1.307242,1.497448,-0.191818,0.000000,-0.000000,0.000000,-0.000000,0.000000,0.487000,-0.000000,0.169618,0.000000
50.800000,-0.083999,-0.011794,0.088942,-0.301914,0.211886,-0.245634,0.002143,0.260980,-0.298705,0.038051,0.000000,0.000000,0.000000,-0.000000,0.000000,0.392989,0.063780,-0.448915,1.478134,-1.023820,1.280627,0.002485,-1.311810,1.461709,-0.148225,-0.000000,-0.000000,0.000000,-0.000000,0.000000,0.488000,-0.000000,0.169618,0.000000
50.900000,-0.073207,-0.013659,0.099474,-0.308884,0.208302,-0.256042,-0.000546,0.261906,-0.291676,0.029428,0.000000,0.000000,0.000000,-0.000000,0.000000,0.312813,0.077220,-0.548957,1.577161,-1.022747,1.331498,0.016467,-1.321765,1.433533,-0.106391,0.000000,0.000000,-0.000000,-0.000000,0.000000,0.489000,-0.000000,0.169618,0.000000
51.000000,-0.062508,-0.015426,0.110042,-0.315694,0.204630,-0.267103,-0.003393,0.265426,-0.289126,0.022572,0.000000,0.000000,0.000000,-0.000000,0.000000,0.259465,0.085333,-0.601732,1.609712,-1.003186,1.373726,0.025706,-1.368525,1.485079,-0.108586,-0.000000,-0.000000,-0.000000,-0.000000,0.000000,0.490000,-0.000000,0.169618,0.000000
51.100000,-0.051967,-0.016973,0.120211,-0.321583,0.200427,-0.276658,-0.006349,0.270139,-0.286358,0.014217,0.000000,0.000000,0.000000,0.000000,0.000000,0.205296,0.092437,-0.649588,1.636286,-0.982533,1.386440,0.027727,-1.434011,1.582762,-0.139828,-0.000000,-0.000000,0.000000,0.000000,0.000000,0.491000,0.000000,0.169618,-0.000000
51.200000,-0.041538,-0.018360,0.130173,-0.326925,0.195921,-0.277499,-0.005463,0.292302,-0.325040,0.031025,0.000000,0.000000,0.000000,0.000000,0.000000,0.150627,0.098771,-0.695245,1.659908,-0.961279,1.330503,0.007877,-1.556543,1.847863,-0.287305,0.000000,0.000000,-0.000000,0.000000,0.000000,0.492000,0.000000,0.169618,-0.000000
51.300000,-0.029747,-0.019706,0.138482,-0.331613,0.192472,-0.260478,0.002075,0.327938,-0.409486,0.081886,0.000000,0.000000,0.000000,0.000000,0.000000,0.089085,0.104877,-0.732547,1.680271,-0.945384,1.180640,-0.041710,-1.682114,2.245522,-0.571431,0.000000,0.000000,-0.000000,0.000000,0.000000,0.493000,0.000000,0.169618,-0.000000
51.400000,-0.016936,-0.020969,0.145501,-0.335733,0.189798,-0.222969,0.012275,0.345952,-0.474558,0.131181,0.000000,0.000000,0.000000,0.000000,0.000000,0.022309,0.110592,-0.763670,1.698453,-0.933772,0.950019,-0.095509,-1.683420,2.455066,-0.790365,0.000000,-0.000000,0.000000,-0.000000,0.000000,0.494000,0.000000,0.169618,-0.000000
51.500000,-0.004178,-0.022057,0.152256,-0.339341,0.186906,-0.178246,0.019821,0.310440,-0.458726,0.151704,0.000000,0.000000,0.000000,0.000000,0.000000,-0.042891,0.115309,-0.795113,1.714763,-0.920078,0.737127,-0.124556,-1.443403,2.242175,-0.819125,0.000000,0.000000,-0.000000,0.000000,0.000000,0.495000,0.000000,0.169618,-0.000000
51.600000,0.008537,-0.022974,0.158892,-0.342679,0.183888,-0.142132,0.022747,0.254308,-0.393604,0.142428,0.000000,0.000000,0.000000,0.000000,0.000000,-0.106271,0.119036,-0.827517,1.729861,-0.904282,0.611858,-0.125750,-1.141373,1.828785,-0.703713,-0.000000,0.000000,0.000000,-0.000000,0.000000,0.496000,0.000000,0.169618,-0.000000
51.700000,0.021279,-0.023726,0.165534,-0.346036,0.180903,-0.132343,0.022623,0.232143,-0.356788,0.127492,0.000000,0.000000,0.000000,0.000000,0.000000,-0.168662,0.121873,-0.860967,1.745051,-0.887572,0.629522,-0.114135,-1.071275,1.650608,-0.593095,0.000000,0.000000,0.000000,-0.000000,0.000000,0.497000,0.000000,0.169618,-0.000000
51.800000,0.033933,-0.024303,0.171951,-0.348914,0.177676,-0.143385,0.021510,0.236375,-0.354433,0.120999,0.000000,0.000000,0.000000,0.000000,0.000000,-0.230080,0.123807,-0.893633,1.757641,-0.869057,0.742728,-0.102874,-1.163388,1.709642,-0.560750,0.000000,-0.000000,-0.000000,-0.000000,0.000000,0.498000,0.000000,0.169618,-0.000000
51.900000,0.045752,-0.024657,0.178820,-0.351289,0.173480,-0.154360,0.020240,0.240243,-0.351522,0.114266,0.000000,0.000000,0.000000,0.000000,0.000000,-0.287388,0.124666,-0.928110,1.767964,-0.846354,0.825226,-0.094483,-1.219389,1.740382,-0.535992,0.000000,0.000000,0.000000,-0.000000,0.000000,0.499000,0.000000,0.169618,-0.000000
52.000000,0.056860,-0.024804,0.186005,-0.353142,0.168423,-0.165266,0.018816,0.243738,-0.348046,0.107288,0.000000,0.000000,0.000000,-0.000000,0.000000,-0.328295,0.125676,-0.979128,1.824927,-0.853420,0.878415,-0.086565,-1.237126,1.721153,-0.498696,0.000000,0.000000,-0.000000,-0.000000,0.000000,0.500000,-0.000000,0.169618,0.000000
52.100000,0.068288,-0.024809,0.192556,-0.354499,0.163507,-0.175598,0.017232,0.247122,-0.343716,0.099500,0.000000,0.000000,0.000000,-0.000000,0.000000,-0.343104,0.126044,-1.027331,1.907487,-0.888127,0.928238,-0.077885,-1.253498,1.696634,-0.457112,0.000000,0.000000,0.000000,0.000000,0.000000,0.501000,-0.000000,0.169618,0.000000
52.200000,0.070594,-0.025517,0.210092,-0.391606,0.183222,-0.185088,0.015495,0.251082,-0.339159,0.090835,0.000000,0.000000,0.000000,-0.000000,0.000000,-0.293666,0.126663,-1.080694,2.106781,-1.033180,0.974157,-0.068465,-1.272413,1.670937,-0.411423,0.000000,0.000000,0.000000,-0.000000,0.000000,0.502000,-0.000000,0.169618,0.000000
52.300000,0.049378,-0.026350,0.231914,-0.459439,0.228725,-0.194532,0.013619,0.254576,-0.333958,0.081927,0.000000,0.000000,0.000000,-0.000000,0.000000,-0.107790,0.122442,-1.118674,2.370805,-1.255193,1.021450,-0.058376,-1.287718,1.642360,-0.366149,0.000000,0.000000,0.000000,-0.000000,0.000000,0.503000,-0.000000,0.169618,0.000000
52.400000,0.010979,-0.024510,0.214829,-0.480617,0.265947,-0.204043,0.011606,0.257521,-0.328152,0.072898,0.000000,0.000000,0.000000,-0.000000,0.000000,0.135816,0.105043,-0.942323,2.333623,-1.388847,1.070138,-0.047626,-1.299009,1.610391,-0.321164,0.000000,0.000000,-0.000000,0.000000,0.000000,0.504000,-0.000000,0.169618,0.000000
52.500000,-0.043764,-0.017845,0.163319,-0.425122,0.260923,-0.214582,0.009458,0.259036,-0.321768,0.064663,0.000000,0.000000,0.000000,-0.000000,0.000000,0.392846,0.069753,-0.636500,1.937402,-1.293759,1.123914,-0.036135,-1.302866,1.575001,-0.279727,-0.000000,0.000000,0.000000,0.000000,0.000000,0.505000,-0.000000,0.169618,0.000000
52.600000,-0.086948,-0.011066,0.101801,-0.334340,0.231516,-0.225037,0.007171,0.260196,-0.314861,0.056183,0.000000,0.000000,0.000000,-0.000000,0.000000,0.551767,0.040001,-0.355980,1.458534,-1.095814,1.177093,-0.024029,-1.305383,1.537515,-0.237300,0.000000,0.000000,0.000000,-0.000000,0.000000,0.506000,-0.000000,0.169618,0.000000
52.700000,-0.094930,-0.009765,0.078243,-0.294389,0.215137,-0.235404,0.004691,0.260652,-0.306871,0.047109,0.000000,0.000000,0.000000,-0.000000,0.000000,0.515670,0.043022,-0.309822,1.324735,-1.009474,1.228970,-0.010953,-1.307242,1.497448,-0.191818,-0.000000,-0.000000,-0.000000,0.000000,0.000000,0.507000,-0.000000,0.169618,0.000000
52.800000,-0.083999,-0.011794,0.088942,-0.301914,0.211886,-0.245634,0.002143,0.260980,-0.298705,0.038051,0.000000,0.000000,0.000000,-0.000000,0.000000,0.392989,0.063780,-0.448915,1.478134,-1.023820,1.280627,0.002485,-1.311810,1.461709,-0.148225,0.000000,-0.000000,-0.000000,-0.000000,0.000000,0.508000,-0.000000,0.169618,0.000000
52.900000,-0.073207,-0.013659,0.099474,-0.308884,0.208302,-0.256042,-0.000546,0.261906,-0.291676,0.029428,0.000000,0.000000,0.000000,-0.000000,0.000000,0.312813,0.077220,-0.548957,1.577161,-1.022747,1.331498,0.016467,-1.321765,1.433533,-0.106391,0.000000,-0.000000,-0.000000,0.000000,0.000000,0.509000,-0.000000,0.169618,0.000000
53.000000,-0.062508,-0.015426,0.110042,-0.315694,0.204630,-0.267103,-0.003393,0.265426,-0.289126,0.022572,0.000000,0.000000,0.000000,-0.000000,0.000000,0.259465,0.085333,-0.601732,1.609712,-1.003186,1.373726,0.025706,-1.368525,1.485079,-0.108586,-0.000000,-0.000000,-0.000000,-0.000000,0.000000,0.510000,-0.000000,0.169618,0.000000
53.100000,-0.051967,-0.016973,0.120211,-0.321583,0.200427,-0.276658,-0.006349,0.270139,-0.286358,0.014217,0.000000,0.000000,0.000000,0.000000,0.000000,0.205296,0.092437,-0.649588,1.636286,-0.982533,1.386440,0.027727,-1.434011,1.582762,-0.139828,0.000000,-0.000000,-0.000000,0.000000,0.000000,0.511000,0.000000,0.169618,-0.000000
53.200000,-0.041538,-0.018360,0.130173,-0.326925,0.195921,-0.277499,-0.005463,0.292302,-0.325040,0.031025,0.000000,0.000000,0.000000,0.000000,0.000000,0.150627,0.098771,-0.695245,1.659908,-0.961279,1.330503,0.007877,-1.556543,1.847863,-0.287305,0.000000,-0.000000,0.000000,0.000000,0.000000,0.512000,0.000000,0.169618,-0.000000
53.300000,-0.029747,-0.019706,0.138482,-0.331613,0.192472,-0.260478,0.002075,0.327938,-0.409486,0.081886,0.000000,0.000000,0.000000,0.000000,0.000000,0.089085,0.104877,-0.732547,1.680271,-0.945384,1.180640,-0.041710,-1.682114,2.245522,-0.571431,-0.000000,-0.000000,0.000000,0.000000,0.000000,0.513000,0.000000,0.169618,-0.000000
53.400000,-0.016936,-0.020969,0.145501,-0.335733,0.189798,-0.222969,0.012275,0.345952,-0.474558,0.131181,0.000000,0.000000,0.000000,0.000000,0.000000,0.022309,0.110592,-0.763670,1.698453,-0.933772,0.950019,-0.095509,-1.683420,2.455066,-0.790365,0.000000,0.000000,-0.000000,0.000000,0.000000,0.514000,0.000000,0.169618,-0.000000
53.500000,-0.004178,-0.022057,0.152256,-0.339341,0.186906,-0.178246,0.019821,0.310440,-0.458726,0.151704,0.000000,0.000000,0.000000,0.000000,0.000000,-0.042891,0.115309,-0.795113,1.714763,-0.920078,0.737127,-0.124556,-1.443403,2.242175,-0.819125,0.000000,0.000000,0.000000,-0.000000,0.000000,0.515000,0.000000,0.169618,-0.000000
53.600000,0.008537,-0.022974,0.158892,-0.342679,0.183888,-0.142132,0.022747,0.254308,-0.393604,0.142428,0.000000,0.000000,0.000000,0.000000,0.000000,-0.106271,0.119036,-0.827517,1.729861,-0.904282,0.611858,-0.125750,-1.141373,1.828785,-0.703713,-0.000000,-0.000000,-0.000000,0.000000,0.000000,0.516000,0.000000,0.169618,-0.000000
53.700000,0.021279,-0.023726,0.165534,-0.346036,0.180903,-0.132343,0.022623,0.232143,-0.356788,0.127492,0.000000,0.000000,0.000000,0.000000,0.000000,-0.168662,0.121873,-0.860967,1.745051,-0.887572,0.629522,-0.114135,-1.071275,1.650608,-0.593095,0.000000,0.000000,-0.000000,-0.000000,0.000000,0.517000,0.000000,0.169618,-0.000000
53.800000,0.033933,-0.024303,0.171951,-0.348914,0.177676,-0.143385,0.021510,0.236375,-0.354433,0.120999,0.000000,0.000000,0.000000,0.000000,0.000000,-0.230080,0.123807,-0.893633,1.757641,-0.869057,0.742728,-0.102874,-1.163388,1.709642,-0.560750,-0.000000,-0.000000,0.000000,0.000000,0.000000,0.518000,0.000000,0.169618,-0.000000
53.900000,0.045752,-0.024657,0.178820,-0.351289,0.173480,-0.154360,0.020240,0.240243,-0.351522,0.114266,0.000000,0.000000,0.000000,0.000000,0.000000,-0.287388,0.124666,-0.928110,1.767964,-0.846354,0.825226,-0.094483,-1.219389,1.740382,-0.535992,0.000000,0.000000,-0.000000,-0.000000,0.000000,0.519000,0.000000,0.169618,-0.000000
54.000000,0.056860,-0.024804,0.186005,-0.353142,0.168423,-0.165266,0.018816,0.243738,-0.348046,0.107288,0.000000,0.000000,0.000000,-0.000000,0.000000,-0.328295,0.125676,-0.979128,1.824927,-0.853420,0.878415,-0.086565,-1.237126,1.721153,-0.498696,0.000000,0.000000,-0.000000,0.000000,0.000000,0.520000,-0.000000,0.169618,0.000000
54.100000,0.068288,-0.024809,0.192556,-0.354499,0.163507,-0.175598,0.017232,0.247122,-0.343716,0.099500,0.000000,0.000000,0.000000,-0.000000,0.000000,-0.343104,0.126044,-1.027331,1.907487,-0.888127,0.928238,-0.077885,-1.253498,1.696634,-0.457112,0.000000,0.000000,-0.000000,0.000000,0.000000,0.521000,-0.000000,0.169618,0.000000
54.200000,0.070594,-0.025517,0.210092,-0.391606,0.183222,-0.185088,0.015495,0.251082,-0.339159,0.090835,0.000000,0.000000,0.000000,-0.000000,0.000000,-0.293666,0.126663,-1.080694,2.106781,-1.033180,0.974157,-0.068465,-1.272413,1.670937,-0.411423,0.000000,0.000000,-0.000000,-0.000000,0.000000,0.522000,-0.000000,0.169618,0.000000
54.300000,0.049378,-0.026350,0.231914,-0.459439,0.228725,-0.194532,0.013619,0.254576,-0.333958,0.081927,0.000000,0.000000,0.000000,-0.000000,0.000000,-0.107790,0.122442,-1.118674,2.370805,-1.255193,1.021450,-0.058376,-1.287718,1.642360,-0.366149,0.000000,0.000000,0.000000,-0.000000,0.000000,0.523000,-0.000000,0.169618,0.000000
54.400000,0.010979,-0.024510,0.214829,-0.480617,0.265947,-0.204043,0.011606,0.257521,-0.328152,0.072898,0.000000,0.000000,0.000000,-0.000000,0.000000,0.135816,0.105043,-0.942323,2.333623,-1.388847,1.070138,-0.047626,-1.299009,1.610391,-0.321164,-0.000000,0.000000,-0.000000,-0.000000,0.000000,0.524000,-0.000000,0.169618,0.000000
54.500000,-0.043764,-0.017845,0.163319,-0.425122,0.260923,-0.214582,0.009458,0.259036,-0.321768,0.064663,0.000000,0.000000,0.000000,-0.000000,0.000000,0.392846,0.069753,-0.636500,1.937402,-1.293759,1.123914,-0.036135,-1.302866,1.575001,-0.279727,-0.000000,0.000000,-0.000000,-0.000000,0.000000,0.525000,-0.000000,0.169618,0.000000
54.600000,-0.086948,-0.011066,0.101801,-0.334340,0.231516,-0.225037,0.007171,0.260196,-0.314861,0.056183,0.000000,0.000000,0.000000,-0.000000,0.000000,0.551767,0.040001,-0.355980,1.458534,-1.095814,1.177093,-0.024029,-1.305383,1.537515,-0.237300,0.000000,-0.000000,-0.000000,0.000000,0.000000,0.526000,-0.000000,0.169618,0.000000
54.700000,-0.094930,-0.009765,0.078243,-0.294389,0.215137,-0.235404,0.004691,0.260652,-0.306871,0.047109,0.000000,0.000000,0.000000,-0.000000,0.000000,0.515670,0.043022,-0.309822,1.324735,-1.009474,1.228970,-0.010953,-1.307242,1.497448,-0.191818,-0.000000,-0.000000,0.000000,-0.000000,0.000000,0.527000,-0.000000,0.169618,0.000000
54.800000,-0.083999,-0.011794,0.088942,-0.301914,0.211886,-0.245634,0.002143,0.260980,-0.298705,0.038051,0.000000,0.000000,0.000000,-0.000000,0.000000,0.392989,0.063780,-0.448915,1.478134,-1.023820,1.280627,0.002485,-1.311810,1.461709,-0.148225,0.000000,0.000000,-0.000000,0.000000,0.000000,0.528000,-0.000000,0.169618,0.000000
54.900000,-0.073207,-0.013659,0.099474,-0.308884,0.208302,-0.256042,-0.000546,0.261906,-0.291676,0.029428,0.000000,0.000000,0.000000,-0.000000,0.000000,0.312813,0.077220,-0.548957,1.577161,-1.022747,1.331498,0.016467,-1.321765,1.433533,-0.106391,0.000000,-0.000000,0.000000,0.000000,0.000000,0.529000,-0.000000,0.169618,0.000000
55.000000,-0.062508,-0.015426,0.110042,-0.315694,0.204630,-0.267103,-0.003393,0.265426,-0.289126,0.022572,0.000000,0.000000,0.000000,-0.000000,0.000000,0.259465,0.085333,-0.601732,1.609712,-1.003186,1.373726,0.025706,-1.368525,1.485079,-0.108586,0.000000,-0.000000,0.000000,-0.000000,0.000000,0.530000,-0.000000,0.169618,0.000000
55.100000,-0.051967,-0.016973,0.120211,-0.321583,0.200427,-0.276658,-0.006349,0.270139,-0.286358,0.014217,0.000000,0.000000,0.000000,0.000000,0.000000,0.205296,0.092437,-0.649588,1.636286,-0.982533,1.386440,0.027727,-1.434011,1.582762,-0.139828,0.000000,0.000000,0.000000,-0.000000,0.000000,0.531000,0.000000,0.169618,-0.000000
55.200000,-0.041538,-0.018360,0.130173,-0.326925,0.195921,-0.277499,-0.005463,0.292302,-0.325040,0.031025,0.000000,0.000000,0.000000,0.000000,0.000000,0.150627,0.098771,-0.695245,1.659908,-0.961279,1.330503,0.007877,-1.556543,1.847863,-0.287305,0.000000,-0.000000,0.000000,-0.000000,0.000000,0.532000,0.000000,0.169618,-0.000000
55.300000,-0.029747,-0.019706,0.138482,-0.331613,0.192472,-0.260478,0.002075,0.327938,-0.409486,0.081886,0.000000,0.000000,0.000000,0.000000,0.000000,0.089085,0.104877,-0.732547,1.680271,-0.945384,1.180640,-0.041710,-1.682114,2.245522,-0.571431,0.000000,0.000000,-0.000000,0.000000,0.000000,0.533000,0.000000,0.169618,-0.000000
55.400000,-0.016936,-0.020969,0.145501,-0.335733,0.189798,-0.222969,0.012275,0.345952,-0.474558,0.131181,0.000000,0.000000,0.000000,0.000000,0.000000,0.022309,0.110592,-0.763670,1.698453,-0.933772,0.950019,-0.095509,-1.683420,2.455066,-0.790365,-0.000000,-0.000000,0.000000,-0.000000,0.000000,0.534000,0.000000,0.169618,-0.000000
55.500000,-0.004178,-0.022057,0.152256,-0.339341,0.186906,-0.178246,0.019821,0.310440,-0.458726,0.151704,0.000000,0.000000,0.000000,0.000000,0.000000,-0.042891,0.115309,-0.795113,1.714763,-0.920078,0.737127,-0.124556,-1.443403,2.242175,-0.819125,0.000000,0.000000,-0.000000,-0.000000,0.000000,0.535000,0.000000,0.169618,-0.000000
55.600000,0.008537,-0.022974,0.158892,-0.342679,0.183888,-0.142132,0.022747,0.254308,-0.393604,0.142428,0.000000,0.000000,0.000000,0.000000,0.000000,-0.106271,0.119036,-0.827517,1.729861,-0.904282,0.611858,-0.125750,-1.141373,1.828785,-0.703713,0.000000,0.000000,0.000000,-0.000000,0.000000,0.536000,0.000000,0.169618,-0.000000
55.700000,0.021279,-0.023726,0.165534,-0.346036,0.180903,-0.132343,0.022623,0.232143,-0.356788,0.127492,0.000000,0.000000,0.000000,0.000000,0.000000,-0.168662,0.121873,-0.860967,1.745051,-0.887572,0.629522,-0.114135,-1.071275,1.650608,-0.593095,0.000000,0.000000,-0.000000,-0.000000,0.000000,0.537000,0.000000,0.169618,-0.000000
55.800000,0.033933,-0.024303,0.171951,-0.348914,0.177676,-0.143385,0.021510,0.236375,-0.354433,0.120999,0.000000,0.000000,0.000000,0.000000,0.000000,-0.230080,0.123807,-0.893633,1.757641,-0.869057,0.742728,-0.102874,-1.163388,1.709642,-0.560750,-0.000000,-0.000000,0.000000,-0.000000,0.000000,0.538000,0.000000,0.169618,-0.000000
55.900000,0.045752,-0.024657,0.178820,-0.351289,0.173480,-0.154360,0.020240,0.240243,-0.351522,0.114266,0.000000,0.000000,0.000000,0.000000,0.000000,-0.287388,0.124666,-0.928110,1.767964,-0.846354,0.825226,-0.094483,-1.219389,1.740382,-0.535992,0.000000,0.000000,-0.000000,0.000000,0.000000,0.539000,0.000000,0.169618,-0.000000
56.000000,0.056860,-0.024804,0.186005,-0.353142,0.168423,-0.165266,0.018816,0.243738,-0.348046,0.107288,0.000000,0.000000,0.000000,-0.000000,0.000000,-0.328295,0.125676,-0.979128,1.824927,-0.853420,0.878415,-0.086565,-1.237126,1.721153,-0.498696,0.000000,0.000000,-0.000000,0.000000,0.000000,0.540000,-0.000000,0.169618,0.000000
56.100000,0.068288,-0.024809,0.192556,-0.354499,0.163507,-0.175598,0.017232,0.247122,-0.343716,0.099500,0.000000,0.000000,0.000000,-0.000000,0.000000,-0.343104,0.126044,-1.027331,1.907487,-0.888127,0.928238,-0.077885,-1.253498,1.696634,-0.457112,0.000000,0.000000,-0.000000,-0.000000,0.000000,0.541000,-0.000000,0.169618,0.000000
56.200000,0.070594,-0.025517,0.210092,-0.391606,0.183222,-0.185088,0.015495,0.251082,-0.339159,0.090835,0.000000,0.000000,0.000000,-0.000000,0.000000,-0.293666,0.126663,-1.080694,2.106781,-1.033180,0.974157,-0.068465,-1.272413,1.670937,-0.411423,0.000000,0.000000,0.000000,-0.000000,0.000000,0.542000,-0.000000,0.169618,0.000000
56.300000,0.049378,-0.026350,0.231914,-0.459439,0.228725,-0.194532,0.013619,0.254576,-0.333958,0.081927,0.000000,0.000000,0.000000,-0.000000,0.000000,-0.107790,0.122442,-1.118674,2.370805,-1.255193,1.021450,-0.058376,-1.287718,1.642360,-0.366149,0.000000,0.000000,0.000000,0.000000,0.000000,0.543000,-0.000000,0.169618,0.000000
56.400000,0.010979,-0.024510,0.214829,-0.480617,0.265947,-0.204043,0.011606,0.257521,-0.328152,0.072898,0.000000,0.000000,0.000000,-0.000000,0.000000,0.135816,0.105043,-0.942323,2.333623,-1.388847,1.070138,-0.047626,-1.299009,1.610391,-0.321164,-0.000000,-0.000000,-0.000000,-0.000000,0.000000,0.544000,-0.000000,0.169618,0.000000
56.500000,-0.043764,-0.017845,0.163319,-0.425122,0.260923,-0.214582,0.009458,0.259036,-0.321768,0.064663,0.000000,0.000000,0.000000,-0.000000,0.000000,0.392846,0.069753,-0.636500,1.937402,-1.293759,1.123914,-0.036135,-1.302866,1.575001,-0.279727,0.000000,-0.000000,-0.000000,0.000000,0.000000,0.545000,-0.000000,0.169618,0.000000
56.600000,-0.086948,-0.011066,0.101801,-0.334340,0.231516,-0.225037,0.007171,0.260196,-0.314861,0.056183,0.000000,0.000000,0.000000,-0.000000,0.000000,0.551767,0.040001,-0.355980,1.458534,-1.095814,1.177093,-0.024029,-1.305383,1.537515,-0.237300,-0.000000,-0.000000,0.000000,0.000000,0.000000,0.546000,-0.000000,0.169618,0.000000
56.700000,-0.094930,-0.009765,0.078243,-0.294389,0.215137,-0.235404,0.004691,0.260652,-0.306871,0.047109,0.000000,0.000000,0.000000,-0.000000,0.000000,0.515670,0.043022,-0.309822,1.324735,-1.009474,1.228970,-0.010953,-1.307242,1.497448,-0.191818,-0.000000,0.000000,0.000000,-0.000000,0.000000,0.547000,-0.000000,0.169618,0.000000
56.800000,-0.083999,-0.011794,0.088942,-0.301914,0.211886,-0.245634,0.002143,0.260980,-0.298705,0.038051,0.000000,0.000000,0.000000,-0.000000,0.000000,0.392989,0.063780,-0.448915,1.478134,-1.023820,1.280627,0.002485,-1.311810,1.461709,-0.148225,0.000000,0.000000,-0.000000,0.000000,0.000000,0.548000,-0.000000,0.169618,0.000000
56.900000,-0.073207,-0.013659,0.099474,-0.308884,0.208302,-0.256042,-0.000546,0.261906,-0.291676,0.029428,0.000000,0.000000,0.000000,-0.000000,0.000000,0.312813,0.077220,-0.548957,1.577161,-1.022747,1.331498,0.016467,-1.321765,1.433533,-0.106391,0.000000,0.000000,-0.000000,-0.000000,0.000000,0.549000,-0.000000,0.169618,0.000000
57.000000,-0.062508,-0.015426,0.110042,-0.315694,0.204630,-0.267103,-0.003393,0.265426,-0.289126,0.022572,0.000000,0.000000,0.000000,-0.000000,0.000000,0.259465,0.085333,-0.601732,1.609712,-1.003186,1.373726,0.025706,-1.368525,1.485079,-0.108586,-0.000000,-0.000000,-0.000000,0.000000,0.000000,0.550000,-0.000000,0.169618,0.000000
57.100000,-0.051967,-0.016973,0.120211,-0.321583,0.200427,-0.276658,-0.006349,0.270139,-0.286358,0.014217,0.000000,0.000000,0.000000,0.000000,0.000000,0.205296,0.092437,-0.649588,1.636286,-0.982533,1.386440,0.027727,-1.434011,1.582762,-0.139828,0.000000,-0.000000,0.000000,-0.000000,0.000000,0.551000,0.000000,0.169618,-0.000000
57.200000,-0.041538,-0.018360,0.130173,-0.326925,0.195921,-0.277499,-0.005463,0.292302,-0.325040,0.031025,0.000000,0.000000,0.000000,0.000000,0.000000,0.150627,0.098771,-0.695245,1.659908,-0.961279,1.330503,0.007877,-1.556543,1.847863,-0.287305,0.000000,0.000000,0.000000,-0.000000,0.000000,0.552000,0.000000,0.169618,-0.000000
57.300000,-0.029747,-0.019706,0.138482,-0.331613,0.192472,-0.260478,0.002075,0.327938,-0.409486,0.081886,0.000000,0.000000,0.000000,0.000000,0.000000,0.089085,0.104877,-0.732547,1.680271,-0.945384,1.180640,-0.041710,-1.682114,2.245522,-0.571431,0.000000,-0.000000,0.000000,-0.000000,0.000000,0.553000,0.000000,0.169618,-0.000000
57.400000,-0.016936,-0.020969,0.145501,-0.335733,0.189798,-0.222969,0.012275,0.345952,-0.474558,0.131181,0.000000,0.000000,0.000000,0.000000,0.000000,0.022309,0.110592,-0.763670,1.698453,-0.933772,0.950019,-0.095509,-1.683420,2.455066,-0.790365,0.000000,-0.000000,0.000000,-0.000000,0.000000,0.554000,0.000000,0.169618,-0.000000
57.500000,-0.004178,-0.022057,0.152256,-0.339341,0.186906,-0.178246,0.019821,0.310440,-0.458726,0.151704,0.000000,0.000000,0.000000,0.000000,0.000000,-0.042891,0.115309,-0.795113,1.714763,-0.920078,0.737127,-0.124556,-1.443403,2.242175,-0.819125,-0.000000,-0.000000,0.000000,-0.000000,0.000000,0.555000,0.000000,0.169618,-0.000000
57.600000,0.008537,-0.022974,0.158892,-0.342679,0.183888,-0.142132,0.022747,0.254308,-0.393604,0.142428,0.000000,0.000000,0.000000,0.000000,0.000000,-0.106271,0.119036,-0.827517,1.729861,-0.904282,0.611858,-0.125750,-1.141373,1.828785,-0.703713,0.000000,-0.000000,-0.000000,-0.000000,0.000000,0.556000,0.000000,0.169618,-0.000000
57.700000,0.021279,-0.023726,0.165534,-0.346036,0.180903,-0.132343,0.022623,0.232143,-0.356788,0.127492,0.000000,0.000000,0.000000,0.000000,0.000000,-0.168662,0.121873,-0.860967,1.745051,-0.887572,0.629522,-0.114135,-1.071275,1.650608,-0.593095,-0.000000,0.000000,0.000000,0.000000,0.000000,0.557000,0.000000,0.169618,-0.000000
57.800000,0.033933,-0.024303,0.171951,-0.348914,0.177676,-0.143385,0.021510,0.236375,-0.354433,0.120999,0.000000,0.000000,0.000000,0.000000,0.000000,-0.230080,0.123807,-0.893633,1.757641,-0.869057,0.742728,-0.102874,-1.163388,1.709642,-0.560750,-0.000000,-0.000000,-0.000000,0.000000,0.000000,0.558000,0.000000,0.169618,-0.000000
57.900000,0.045752,-0.024657,0.178820,-0.351289,0.173480,-0.154360,0.020240,0.240243,-0.351522,0.114266,0.000000,0.000000,0.000000,0.000000,0.000000,-0.287388,0.124666,-0.928110,1.767964,-0.846354,0.825226,-0.094483,-1.219389,1.740382,-0.535992,0.000000,0.000000,-0.000000,0.000000,0.000000,0.559000,0.000000,0.169618,-0.000000
58.000000,0.056860,-0.024804,0.186005,-0.353142,0.168423,-0.165266,0.018816,0.243738,-0.348046,0.107288,0.000000,0.000000,0.000000,-0.000000,0.000000,-0.328295,0.125676,-0.979128,1.824927,-0.853420,0.878415,-0.086565,-1.237126,1.721153,-0.498696,0.000000,0.000000,0.000000,-0.000000,0.000000,0.560000,-0.000000,0.169618,0.000000
58.100000,0.068288,-0.024809,0.192556,-0.354499,0.163507,-0.175598,0.017232,0.247122,-0.343716,0.099500,0.000000,0.000000,0.000000,-0.000000,0.000000,-0.343104,0.126044,-1.027331,1.907487,-0.888127,0.928238,-0.077885,-1.253498,1.696634,-0.457112,-0.000000,-0.000000,-0.000000,-0.000000,0.000000,0.561000,-0.000000,0.169618,0.000000
58.200000,0.070594,-0.025517,0.210092,-0.391606,0.183222,-0.185088,0.015495,0.251082,-0.339159,0.090835,0.000000,0.000000,0.000000,-0.000000,0.000000,-0.293666,0.126663,-1.080694,2.106781,-1.033180,0.974157,-0.068465,-1.272413,1.670937,-0.411423,-0.000000,-0.000000,0.000000,-0.000000,0.000000,0.562000,-0.000000,0.169618,0.000000
58.300000,0.049378,-0.026350,0.231914,-0.459439,0.228725,-0.194532,0.013619,0.254576,-0.333958,0.081927,0.000000,0.000000,0.000000,-0.000000,0.000000,-0.107790,0.122442,-1.118674,2.370805,-1.255193,1.021450,-0.058376,-1.287718,1.642360,-0.366149,0.000000,0.000000,0.000000,0.000000,0.000000,0.563000,-0.000000,0.169618,0.000000
58.400000,0.010979,-0.024510,0.214829,-0.480617,0.265947,-0.204043,0.011606,0.257521,-0.328152,0.072898,0.000000,0.000000,0.000000,-0.000000,0.000000,0.135816,0.105043,-0.942323,2.333623,-1.388847,1.070138,-0.047626,-1.299009,1.610391,-0.321164,0.000000,0.000000,0.000000,-0.000000,0.000000,0.564000,-0.000000,0.169618,0.000000
58.500000,-0.043764,-0.017845,0.163319,-0.425122,0.260923,-0.214582,0.009458,0.259036,-0.321768,0.064663,0.000000,0.000000,0.000000,-0.000000,0.000000,0.392846,0.069753,-0.636500,1.937402,-1.293759,1.123914,-0.036135,-1.302866,1.575001,-0.279727,-0.000000,-0.000000,0.000000,0.000000,0.000000,0.565000,-0.000000,0.169618,0.000000
58.600000,-0.086948,-0.011066,0.101801,-0.334340,0.231516,-0.225037,0.007171,0.260196,-0.314861,0.056183,0.000000,0.000000,0.000000,-0.000000,0.000000,0.551767,0.040001,-0.355980,1.458534,-1.095814,1.177093,-0.024029,-1.305383,1.537515,-0.237300,-0.000000,-0.000000,-0.000000,0.000000,0.000000,0.566000,-0.000000,0.169618,0.000000
58.700000,-0.094930,-0.009765,0.078243,-0.294389,0.215137,-0.235404,0.004691,0.260652,-0.306871,0.047109,0.000000,0.000000,0.000000,-0.000000,0.000000,0.515670,0.043022,-0.309822,1.324735,-1.009474,1.228970,-0.010953,-1.307242,1.497448,-0.191818,-0.000000,-0.000000,0.000000,-0.000000,0.000000,0.567000,-0.000000,0.169618,0.000000
58.800000,-0.083999,-0.011794,0.088942,-0.301914,0.211886,-0.245634,0.002143,0.260980,-0.298705,0.038051,0.000000,0.000000,0.000000,-0.000000,0.000000,0.392989,0.063780,-0.448915,1.478134,-1.023820,1.280627,0.002485,-1.311810,1.461709,-0.148225,0.000000,-0.000000,0.000000,0.000000,0.000000,0.568000,-0.000000,0.169618,0.000000
58.900000,-0.073207,-0.013659,0.099474,-0.308884,0.208302,-0.256042,-0.000546,0.261906,-0.291676,0.029428,0.000000,0.000000,0.000000,-0.000000,0.000000,0.312813,0.077220,-0.548957,1.577161,-1.022747,1.331498,0.016467,-1.321765,1.433533,-0.106391,0.000000,0.000000,0.000000,-0.000000,0.000000,0.569000,-0.000000,0.169618,0.000000
59.000000,-0.062508,-0.015426,0.110042,-0.315694,0.204630,-0.267103,-0.003393,0.265426,-0.289126,0.022572,0.000000,0.000000,0.000000,-0.000000,0.000000,0.259465,0.085333,-0.601732,1.609712,-1.003186,1.373726,0.025706,-1.368525,1.485079,-0.108586,0.000000,0.000000,-0.000000,0.000000,0.000000,0.570000,-0.000000,0.169618,0.000000
59.100000,-0.051967,-0.016973,0.120211,-0.321583,0.200427,-0.276658,-0.006349,0.270139,-0.286358,0.014217,0.000000,0.000000,0.000000,0.000000,0.000000,0.205296,0.092437,-0.649588,1.636286,-0.982533,1.386440,0.027727,-1.434011,1.582762,-0.139828,0.000000,0.000000,0.000000,-0.000000,0.000000,0.571000,0.000000,0.169618,-0.000000
59.200000,-0.041538,-0.018360,0.130173,-0.326925,0.195921,-0.277499,-0.005463,0.292302,-0.325040,0.031025,0.000000,0.000000,0.000000,0.000000,0.000000,0.150627,0.098771,-0.695245,1.659908,-0.961279,1.330503,0.007877,-1.556543,1.847863,-0.287305,-0.000000,-0.000000,0.000000,-0.000000,0.000000,0.572000,0.000000,0.169618,-0.000000
59.300000,-0.029747,-0.019706,0.138482,-0.331613,0.192472,-0.260478,0.002075,0.327938,-0.409486,0.081886,0.000000,0.000000,0.000000,0.000000,0.000000,0.089085,0.104877,-0.732547,1.680271,-0.945384,1.180640,-0.041710,-1.682114,2.245522,-0.571431,0.000000,0.000000,0.000000,0.000000,0.000000,0.573000,0.000000,0.169618,-0.000000
59.400000,-0.016936,-0.020969,0.145501,-0.335733,0.189798,-0.222969,0.012275,0.345952,-0.474558,0.131181,0.000000,0.000000,0.000000,0.000000,0.000000,0.022309,0.110592,-0.763670,1.698453,-0.933772,0.950019,-0.095509,-1.683420,2.455066,-0.790365,-0.000000,-0.000000,0.000000,-0.000000,0.000000,0.574000,0.000000,0.169618,-0.000000
59.500000,-0.004178,-0.022057,0.152256,-0.339341,0.186906,-0.178246,0.019821,0.310440,-0.458726,0.151704,0.000000,0.000000,0.000000,0.000000,0.000000,-0.042891,0.115309,-0.795113,1.714763,-0.920078,0.737127,-0.124556,-1.443403,2.242175,-0.819125,-0.000000,0.000000,-0.000000,0.000000,0.000000,0.575000,0.000000,0.169618,-0.000000
59.600000,0.008537,-0.022974,0.158892,-0.342679,0.183888,-0.142132,0.022747,0.254308,-0.393604,0.142428,0.000000,0.000000,0.000000,0.000000,0.000000,-0.106271,0.119036,-0.827517,1.729861,-0.904282,0.611858,-0.125750,-1.141373,1.828785,-0.703713,-0.000000,-0.000000,-0.000000,-0.000000,0.000000,0.576000,0.000000,0.169618,-0.000000
59.700000,0.021279,-0.023726,0.165534,-0.346036,0.180903,-0.132343,0.022623,0.232143,-0.356788,0.127492,0.000000,0.000000,0.000000,0.000000,0.000000,-0.168662,0.121873,-0.860967,1.745051,-0.887572,0.629522,-0.114135,-1.071275,1.650608,-0.593095,-0.000000,-0.000000,-0.000000,0.000000,0.000000,0.577000,0.000000,0.169618,-0.000000
59.800000,0.033933,-0.024303,0.171951,-0.348914,0.177676,-0.143385,0.021510,0.236375,-0.354433,0.120999,0.000000,0.000000,0.000000,0.000000,0.000000,-0.230080,0.123807,-0.893633,1.757641,-0.869057,0.742728,-0.102874,-1.163388,1.709642,-0.560750,-0.000000,0.000000,0.000000,0.000000,0.000000,0.578000,0.000000,0.169618,-0.000000
59.900000,0.045752,-0.024657,0.178820,-0.351289,0.173480,-0.154360,0.020240,0.240243,-0.351522,0.114266,0.000000,0.000000,0.000000,0.000000,0.000000,-0.287388,0.124666,-0.928110,1.767964,-0.846354,0.825226,-0.094483,-1.219389,1.740382,-0.535992,-0.000000,-0.000000,-0.000000,0.000000,0.000000,0.579000,0.000000,0.169618,-0.000000
60.000000,0.056860,-0.024804,0.186005,-0.353142,0.168423,-0.165266,0.018816,0.243738,-0.348046,0.107288,0.000000,0.000000,0.000000,-0.000000,0.000000,-0.328295,0.125676,-0.979128,1.824927,-0.853420,0.878415,-0.086565,-1.237126,1.721153,-0.498696,0.000000,0.000000,0.000000,-0.000000,0.000000,0.580000,-0.000000,0.169618,0.000000
60.100000,0.068288,-0.024809,0.192556,-0.354499,0.163507,-0.175598,0.017232,0.247122,-0.343716,0.099500,0.000000,0.000000,0.000000,-0.000000,0.000000,-0.343104,0.126044,-1.027331,1.907487,-0.888127,0.928238,-0.077885,-1.253498,1.696634,-0.457112,0.000000,-0.000000,-0.000000,-0.000000,0.000000,0.581000,-0.000000,0.169618,0.000000
60.200000,0.070594,-0.025517,0.210092,-0.391606,0.183222,-0.185088,0.015495,0.251082,-0.339159,0.090835,0.000000,0.000000,0.000000,-0.000000,0.000000,-0.293666,0.126663,-1.080694,2.106781,-1.033180,0.974157,-0.068465,-1.272413,1.670937,-0.411423,0.000000,-0.000000,-0.000000,0.000000,0.000000,0.582000,-0.000000,0.169618,0.000000
60.300000,0.049378,-0.026350,0.231914,-0.459439,0.228725,-0.194532,0.013619,0.254576,-0.333958,0.081927,0.000000,0.000000,0.000000,-0.000000,0.000000,-0.107790,0.122442,-1.118674,2.370805,-1.255193,1.021450,-0.058376,-1.287718,1.642360,-0.366149,0.000000,0.000000,0.000000,0.000000,0.000000,0.583000,-0.000000,0.169618,0.000000
60.400000,0.010979,-0.024510,0.214829,-0.480617,0.265947,-0.204043,0.011606,0.257521,-0.328152,0.072898,0.000000,0.000000,0.000000,-0.000000,0.000000,0.135816,0.105043,-0.942323,2.333623,-1.388847,1.070138,-0.047626,-1.299009,1.610391,-0.321164,0.000000,0.000000,0.000000,0.000000,0.000000,0.584000,-0.000000,0.169618,0.000000
60.500000,-0.043764,-0.017845,0.163319,-0.425122,0.260923,-0.214582,0.009458,0.259036,-0.321768,0.064663,0.000000,0.000000,0.000000,-0.000000,0.000000,0.392846,0.069753,-0.636500,1.937402,-1.293759,1.123914,-0.036135,-1.302866,1.575001,-0.279727,-0.000000,-0.000000,0.000000,-0.000000,0.000000,0.585000,-0.000000,0.169618,0.000000
60.600000,-0.086948,-0.011066,0.101801,-0.334340,0.231516,-0.225037,0.007171,0.260196,-0.314861,0.056183,0.000000,0.000000,0.000000,-0.000000,0.000000,0.551767,0.040001,-0.355980,1.458534,-1.095814,1.177093,-0.024029,-1.305383,1.537515,-0.237300,0.000000,-0.000000,-0.000000,0.000000,0.000000,0.586000,-0.000000,0.169618,0.000000
60.700000,-0.094930,-0.009765,0.078243,-0.294389,0.215137,-0.235404,0.004691,0.260652,-0.306871,0.047109,0.000000,0.000000,0.000000,-0.000000,0.000000,0.515670,0.043022,-0.309822,1.324735,-1.009474,1.228970,-0.010953,-1.307242,1.497448,-0.191818,-0.000000,-0.000000,-0.000000,-0.000000,0.000000,0.587000,-0.000000,0.169618,0.000000
60.800000,-0.083999,-0.011794,0.088942,-0.301914,0.211886,-0.245634,0.002143,0.260980,-0.298705,0.038051,0.000000,0.000000,0.000000,-0.000000,0.000000,0.392989,0.063780,-0.448915,1.478134,-1.023820,1.280627,0.002485,-1.311810,1.461709,-0.148225,0.000000,0.000000,0.000000,-0.000000,0.000000,0.588000,-0.000000,0.169618,0.000000
60.900000,-0.073207,-0.013659,0.099474,-0.308884,0.208302,-0.256042,-0.000546,0.261906,-0.291676,0.029428,0.000000,0.000000,0.000000,-0.000000,0.000000,0.312813,0.077220,-0.548957,1.577161,-1.022747,1.331498,0.016467,-1.321765,1.433533,-0.106391,0.000000,0.000000,-0.000000,-0.000000,0.000000,0.589000,-0.000000,0.169618,0.000000
61.000000,-0.062508,-0.015426,0.110042,-0.315694,0.204630,-0.267103,-0.003393,0.265426,-0.289126,0.022572,0.000000,0.000000,0.000000,-0.000000,0.000000,0.259465,0.085333,-0.601732,1.609712,-1.003186,1.373726,0.025706,-1.368525,1.485079,-0.108586,0.000000,0.000000,-0.000000,-0.000000,0.000000,0.590000,-0.000000,0.169618,0.000000
61.100000,-0.051967,-0.016973,0.120211,-0.321583,0.200427,-0.276658,-0.006349,0.270139,-0.286358,0.014217,0.000000,0.000000,0.000000,0.000000,0.000000,0.205296,0.092437,-0.649588,1.636286,-0.982533,1.386440,0.027727,-1.434011,1.582762,-0.139828,-0.000000,-0.000000,0.000000,-0.000000,0.000000,0.591000,0.000000,0.169618,-0.000000
61.200000,-0.041538,-0.018360,0.130173,-0.326925,0.195921,-0.277499,-0.005463,0.292302,-0.325040,0.031025,0.000000,0.000000,0.000000,0.000000,0.000000,0.150627,0.098771,-0.695245,1.659908,-0.961279,1.330503,0.007877,-1.556543,1.847863,-0.287305,0.000000,-0.000000,-0.000000,0.000000,0.000000,0.592000,0.000000,0.169618,-0.000000
61.300000,-0.029747,-0.019706,0.138482,-0.331613,0.192472,-0.260478,0.002075,0.327938,-0.409486,0.081886,0.000000,0.000000,0.000000,0.000000,0.000000,0.089085,0.104877,-0.732547,1.680271,-0.945384,1.180640,-0.041710,-1.682114,2.245522,-0.571431,-0.000000,-0.000000,-0.000000,0.000000,0.000000,0.593000,0.000000,0.169618,-0.000000
61.400000,-0.016936,-0.020969,0.145501,-0.335733,0.189798,-0.222969,0.012275,0.345952,-0.474558,0.131181,0.000000,0.000000,0.000000,0.000000,0.000000,0.022309,0.110592,-0.763670,1.698453,-0.933772,0.950019,-0.095509,-1.683420,2.455066,-0.790365,-0.000000,0.000000,0.000000,-0.000000,0.000000,0.594000,0.000000,0.169618,-0.000000
61.500000,-0.004178,-0.022057,0.152256,-0.339341,0.186906,-0.178246,0.019821,0.310440,-0.458726,0.151704,0.000000,0.000000,0.000000,0.000000,0.000000,-0.042891,0.115309,-0.795113,1.714763,-0.920078,0.737127,-0.124556,-1.443403,2.242175,-0.819125,0.000000,-0.000000,0.000000,0.000000,0.000000,0.595000,0.000000,0.169618,-0.000000
61.600000,0.008537,-0.022974,0.158892,-0.342679,0.183888,-0.142132,0.022747,0.254308,-0.393604,0.142428,0.000000,0.000000,0.000000,0.000000,0.000000,-0.106271,0.119036,-0.827517,1.729861,-0.904282,0.611858,-0.125750,-1.141373,1.828785,-0.703713,0.000000,0.000000,-0.000000,-0.000000,0.000000,0.596000,0.000000,0.169618,-0.000000
61.700000,0.021279,-0.023726,0.165534,-0.346036,0.180903,-0.132343,0.022623,0.232143,-0.356788,0.127492,0.000000,0.000000,0.000000,0.000000,0.000000,-0.168662,0.121873,-0.860967,1.745051,-0.887572,0.629522,-0.114135,-1.071275,1.650608,-0.593095,0.000000,0.000000,-0.000000,0.000000,0.000000,0.597000,0.000000,0.169618,-0.000000
61.800000,0.033933,-0.024303,0.171951,-0.348914,0.177676,-0.143385,0.021510,0.236375,-0.354433,0.120999,0.000000,0.000000,0.000000,0.000000,0.000000,-0.230080,0.123807,-0.893633,1.757641,-0.869057,0.742728,-0.102874,-1.163388,1.709642,-0.560750,-0.000000,-0.000000,-0.000000,0.000000,0.000000,0.598000,0.000000,0.169618,-0.000000
61.900000,0.045752,-0.024657,0.178820,-0.351289,0.173480,-0.154360,0.020240,0.240243,-0.351522,0.114266,0.000000,0.000000,0.000000,0.000000,0.000000,-0.287388,0.124666,-0.928110,1.767964,-0.846354,0.825226,-0.094483,-1.219389,1.740382,-0.535992,0.000000,-0.000000,0.000000,0.000000,0.000000,0.599000,0.000000,0.169618,-0.000000
62.000000,0.056860,-0.024804,0.186005,-0.353142,0.168423,-0.165266,0.018816,0.243738,-0.348046,0.107288,0.000000,0.000000,0.000000,-0.000000,0.000000,-0.328295,0.125676,-0.979128,1.824927,-0.853420,0.878415,-0.086565,-1.237126,1.721153,-0.498696,-0.000000,-0.000000,0.000000,-0.000000,0.000000,0.600000,-0.000000,0.169618,0.000000
62.100000,0.068288,-0.024809,0.192556,-0.354499,0.163507,-0.175598,0.017232,0.247122,-0.343716,0.099500,0.000000,0.000000,0.000000,-0.000000,0.000000,-0.343104,0.126044,-1.027331,1.907487,-0.888127,0.928238,-0.077885,-1.253498,1.696634,-0.457112,-0.000000,0.000000,-0.000000,0.000000,0.000000,0.601000,-0.000000,0.169618,0.000000
62.200000,0.070594,-0.025517,0.210092,-0.391606,0.183222,-0.185088,0.015495,0.251082,-0.339159,0.090835,0.000000,0.000000,0.000000,-0.000000,0.000000,-0.293666,0.126663,-1.080694,2.106781,-1.033180,0.974157,-0.068465,-1.272413,1.670937,-0.411423,-0.000000,-0.000000,0.000000,-0.000000,0.000000,0.602000,-0.000000,0.169618,0.000000
62.300000,0.049378,-0.026350,0.231914,-0.459439,0.228725,-0.194532,0.013619,0.254576,-0.333958,0.081927,0.000000,0.000000,0.000000,-0.000000,0.000000,-0.107790,0.122442,-1.118674,2.370805,-1.255193,1.021450,-0.058376,-1.287718,1.642360,-0.366149,0.000000,-0.000000,0.000000,-0.000000,0.000000,0.603000,-0.000000,0.169618,0.000000
62.400000,0.010979,-0.024510,0.214829,-0.480617,0.265947,-0.204043,0.011606,0.257521,-0.328152,0.072898,0.000000,0.000000,0.000000,-0.000000,0.000000,0.135816,0.105043,-0.942323,2.333623,-1.388847,1.070138,-0.047626,-1.299009,1.610391,-0.321164,-0.000000,0.000000,0.000000,0.000000,0.000000,0.604000,-0.000000,0.169618,0.000000
62.500000,-0.043764,-0.017845,0.163319,-0.425122,0.260923,-0.214582,0.009458,0.259036,-0.321768,0.064663,0.000000,0.000000,0.000000,-0.000000,0.000000,0.392846,0.069753,-0.636500,1.937402,-1.293759,1.123914,-0.036135,-1.302866,1.575001,-0.279727,0.000000,0.000000,-0.000000,0.000000,0.000000,0.605000,-0.000000,0.169618,0.000000
62.600000,-0.086948,-0.011066,0.101801,-0.334340,0.231516,-0.225037,0.007171,0.260196,-0.314861,0.056183,0.000000,0.000000,0.000000,-0.000000,0.000000,0.551767,0.040001,-0.355980,1.458534,-1.095814,1.177093,-0.024029,-1.305383,1.537515,-0.237300,-0.000000,-0.000000,0.000000,-0.000000,0.000000,0.606000,-0.000000,0.169618,0.000000
62.700000,-0.094930,-0.009765,0.078243,-0.294389,0.215137,-0.235404,0.004691,0.260652,-0.306871,0.047109,0.000000,0.000000,0.000000,-0.000000,0.000000,0.515670,0.043022,-0.309822,1.324735,-1.009474,1.228970,-0.010953,-1.307242,1.497448,-0.191818,-0.000000,-0.000000,0.000000,0.000000,0.000000,0.607000,-0.000000,0.169618,0.000000
62.800000,-0.083999,-0.011794,0.088942,-0.301914,0.211886,-0.245634,0.002143,0.260980,-0.298705,0.038051,0.000000,0.000000,0.000000,-0.000000,0.000000,0.392989,0.063780,-0.448915,1.478134,-1.023820,1.280627,0.002485,-1.311810,1.461709,-0.148225,0.000000,0.000000,-0.000000,0.000000,0.000000,0.608000,-0.000000,0.169618,0.000000
62.900000,-0.073207,-0.013659,0.099474,-0.308884,0.208302,-0.256042,-0.000546,0.261906,-0.291676,0.029428,0.000000,0.000000,0.000000,-0.000000,0.000000,0.312813,0.077220,-0.548957,1.577161,-1.022747,1.331498,0.016467,-1.321765,1.433533,-0.106391,0.000000,0.000000,0.000000,-0.000000,0.000000,0.609000,-0.000000,0.169618,0.000000
63.000000,-0.062508,-0.015426,0.110042,-0.315694,0.204630,-0.267103,-0.003393,0.265426,-0.289126,0.022572,0.000000,0.000000,0.000000,-0.000000,0.000000,0.259465,0.085333,-0.601732,1.609712,-1.003186,1.373726,0.025706,-1.368525,1.485079,-0.108586,-0.000000,-0.000000,-0.000000,0.000000,0.000000,0.610000,-0.000000,0.169618,0.000000
63.100000,-0.051967,-0.016973,0.120211,-0.321583,0.200427,-0.276658,-0.006349,0.270139,-0.286358,0.014217,0.000000,0.000000,0.000000,0.000000,0.000000,0.205296,0.092437,-0.649588,1.636286,-0.982533,1.386440,0.027727,-1.434011,1.582762,-0.139828,-0.000000,-0.000000,-0.000000,0.000000,0.000000,0.611000,0.000000,0.169618,-0.000000
63.200000,-0.041538,-0.018360,0.130173,-0.326925,0.195921,-0.277499,-0.005463,0.292302,-0.325040,0.031025,0.000000,0.000000,0.000000,0.000000,0.000000,0.150627,0.098771,-0.695245,1.659908,-0.961279,1.330503,0.007877,-1.556543,1.847863,-0.287305,0.000000,0.000000,-0.000000,-0.000000,0.000000,0.612000,0.000000,0.169618,-0.000000
63.300000,-0.029747,-0.019706,0.138482,-0.331613,0.192472,-0.260478,0.002075,0.327938,-0.409486,0.081886,0.000000,0.000000,0.000000,0.000000,0.000000,0.089085,0.104877,-0.732547,1.680271,-0.945384,1.180640,-0.041710,-1.682114,2.245522,-0.571431,-0.000000,-0.000000,-0.000000,-0.000000,0.000000,0.613000,0.000000,0.169618,-0.000000
63.400000,-0.016936,-0.020969,0.145501,-0.335733,0.189798,-0.222969,0.012275,0.345952,-0.474558,0.131181,0.000000,0.000000,0.000000,0.000000,0.000000,0.022309,0.110592,-0.763670,1.698453,-0.933772,0.950019,-0.095509,-1.683420,2.455066,-0.790365,0.000000,0.000000,0.000000,0.000000,0.000000,0.614000,0.000000,0.169618,-0.000000
63.500000,-0.004178,-0.022057,0.152256,-0.339341,0.186906,-0.178246,0.019821,0.310440,-0.458726,0.151704,0.000000,0.000000,0.000000,0.000000,0.000000,-0.042891,0.115309,-0.795113,1.714763,-0.920078,0.737127,-0.124556,-1.443403,2.242175,-0.819125,0.000000,-0.000000,0.000000,0.000000,0.000000,0.615000,0.000000,0.169618,-0.000000
63.600000,0.008537,-0.022974,0.158892,-0.342679,0.183888,-0.142132,0.022747,0.254308,-0.393604,0.142428,0.000000,0.000000,0.000000,0.000000,0.000000,-0.106271,0.119036,-0.827517,1.729861,-0.904282,0.611858,-0.125750,-1.141373,1.828785,-0.703713,0.000000,-0.000000,-0.000000,-0.000000,0.000000,0.616000,0.000000,0.169618,-0.000000
63.700000,0.021279,-0.023726,0.165534,-0.346036,0.180903,-0.132343,0.022623,0.232143,-0.356788,0.127492,0.000000,0.000000,0.000000,0.000000,0.000000,-0.168662,0.121873,-0.860967,1.745051,-0.887572,0.629522,-0.114135,-1.071275,1.650608,-0.593095,0.000000,-0.000000,-0.000000,0.000000,0.000000,0.617000,0.000000,0.169618,-0.000000
63.800000,0.033933,-0.024303,0.171951,-0.348914,0.177676,-0.143385,0.021510,0.236375,-0.354433,0.120999,0.000000,0.000000,0.000000,0.000000,0.000000,-0.230080,0.123807,-0.893633,1.757641,-0.869057,0.742728,-0.102874,-1.163388,1.709642,-0.560750,-0.000000,-0.000000,-0.000000,0.000000,0.000000,0.618000,0.000000,0.169618,-0.000000
63.900000,0.045752,-0.024657,0.178820,-0.351289,0.173480,-0.154360,0.020240,0.240243,-0.351522,0.114266,0.000000,0.000000,0.000000,0.000000,0.000000,-0.287388,0.124666,-0.928110,1.767964,-0.846354,0.825226,-0.094483,-1.219389,1.740382,-0.535992,0.000000,-0.000000,0.000000,0.000000,0.000000,0.619000,0.000000,0.169618,-0.000000
64.000000,0.056860,-0.024804,0.186005,-0.353142,0.168423,-0.165266,0.018816,0.243738,-0.348046,0.107288,0.000000,0.000000,0.000000,-0.000000,0.000000,-0.328295,0.125676,-0.979128,1.824927,-0.853420,0.878415,-0.086565,-1.237126,1.721153,-0.498696,-0.000000,-0.000000,-0.000000,0.000000,0.000000,0.620000,-0.000000,0.169618,0.000000
64.100000,0.068288,-0.024809,0.192556,-0.354499,0.163507,-0.175598,0.017232,0.247122,-0.343716,0.099500,0.000000,0.000000,0.000000,-0.000000,0.000000,-0.343104,0.126044,-1.027331,1.907487,-0.888127,0.928238,-0.077885,-1.253498,1.696634,-0.457112,0.000000,0.000000,0.000000,-0.000000,0.000000,0.621000,-0.000000,0.169618,0.000000
64.200000,0.070594,-0.025517,0.210092,-0.391606,0.183222,-0.185088,0.015495,0.251082,-0.339159,0.090835,0.000000,0.000000,0.000000,-0.000000,0.000000,-0.293666,0.126663,-1.080694,2.106781,-1.033180,0.974157,-0.068465,-1.272413,1.670937,-0.411423,0.000000,0.000000,-0.000000,0.000000,0.000000,0.622000,-0.000000,0.169618,0.000000
64.300000,0.049378,-0.026350,0.231914,-0.459439,0.228725,-0.194532,0.013619,0.254576,-0.333958,0.081927,0.000000,0.000000,0.000000,-0.000000,0.000000,-0.107790,0.122442,-1.118674,2.370805,-1.255193,1.021450,-0.058376,-1.287718,1.642360,-0.366149,0.000000,0.000000,-0.000000,0.000000,0.000000,0.623000,-0.000000,0.169618,0.000000
64.400000,0.010979,-0.024510,0.214829,-0.480617,0.265947,-0.204043,0.011606,0.257521,-0.328152,0.072898,0.000000,0.000000,0.000000,-0.000000,0.000000,0.135816,0.105043,-0.942323,2.333623,-1.388847,1.070138,-0.047626,-1.299009,1.610391,-0.321164,0.000000,0.000000,0.000000,0.000000,0.000000,0.624000,-0.000000,0.169618,0.000000
64.500000,-0.043764,-0.017845,0.163319,-0.425122,0.260923,-0.214582,0.009458,0.259036,-0.321768,0.064663,0.000000,0.000000,0.000000,-0.000000,0.000000,0.392846,0.069753,-0.636500,1.937402,-1.293759,1.123914,-0.036135,-1.302866,1.575001,-0.279727,0.000000,0.000000,-0.000000,-0.000000,0.000000,0.625000,-0.000000,0.169618,0.000000
64.600000,-0.086948,-0.011066,0.101801,-0.334340,0.231516,-0.225037,0.007171,0.260196,-0.314861,0.056183,0.000000,0.000000,0.000000,-0.000000,0.000000,0.551767,0.040001,-0.355980,1.458534,-1.095814,1.177093,-0.024029,-1.305383,1.537515,-0.237300,0.000000,0.000000,-0.000000,-0.000000,0.000000,0.626000,-0.000000,0.169618,0.000000
64.700000,-0.094930,-0.009765,0.078243,-0.294389,0.215137,-0.235404,0.004691,0.260652,-0.306871,0.047109,0.000000,0.000000,0.000000,-0.000000,0.000000,0.515670,0.043022,-0.309822,1.324735,-1.009474,1.228970,-0.010953,-1.307242,1.497448,-0.191818,-0.000000,-0.000000,-0.000000,-0.000000,0.000000,0.627000,-0.000000,0.169618,0.000000
64.800000,-0.083999,-0.011794,0.088942,-0.301914,0.211886,-0.245634,0.002143,0.260980,-0.298705,0.038051,0.000000,0.000000,0.000000,-0.000000,0.000000,0.392989,0.063780,-0.448915,1.478134,-1.023820,1.280627,0.002485,-1.311810,1.461709,-0.148225,0.000000,-0.000000,0.000000,-0.000000,0.000000,0.628000,-0.000000,0.169618,0.000000
64.900000,-0.073207,-0.013659,0.099474,-0.308884,0.208302,-0.256042,-0.000546,0.261906,-0.291676,0.029428,0.000000,0.000000,0.000000,-0.000000,0.000000,0.312813,0.077220,-0.548957,1.577161,-1.022747,1.331498,0.016467,-1.321765,1.433533,-0.106391,0.000000,0.000000,-0.000000,0.000000,0.000000,0.629000,-0.000000,0.169618,0.000000
65.000000,-0.062508,-0.015426,0.110042,-0.315694,0.204630,-0.267103,-0.003393,0.265426,-0.289126,0.022572,0.000000,0.000000,0.000000,-0.000000,0.000000,0.259465,0.085333,-0.601732,1.609712,-1.003186,1.373726,0.025706,-1.368525,1.485079,-0.108586,0.000000,-0.000000,-0.000000,-0.000000,0.000000,0.630000,-0.000000,0.169618,0.000000
65.100000,-0.051967,-0.016973,0.120211,-0.321583,0.200427,-0.276658,-0.006349,0.270139,-0.286358,0.014217,0.000000,0.000000,0.000000,0.000000,0.000000,0.205296,0.092437,-0.649588,1.636286,-0.982533,1.386440,0.027727,-1.434011,1.582762,-0.139828,0.000000,0.000000,0.000000,0.000000,0.000000,0.631000,0.000000,0.169618,-0.000000
65.200000,-0.041538,-0.018360,0.130173,-0.326925,0.195921,-0.277499,-0.005463,0.292302,-0.325040,0.031025,0.000000,0.000000,0.000000,0.000000,0.000000,0.150627,0.098771,-0.695245,1.659908,-0.961279,1.330503,0.007877,-1.556543,1.847863,-0.287305,-0.000000,-0.000000,-0.000000,0.000000,0.000000,0.632000,0.000000,0.169618,-0.000000
65.300000,-0.029747,-0.019706,0.138482,-0.331613,0.192472,-0.260478,0.002075,0.327938,-0.409486,0.081886,0.000000,0.000000,0.000000,0.000000,0.000000,0.089085,0.104877,-0.732547,1.680271,-0.945384,1.180640,-0.041710,-1.682114,2.245522,-0.571431,0.000000,0.000000,0.000000,0.000000,0.000000,0.633000,0.000000,0.169618,-0.000000
65.400000,-0.016936,-0.020969,0.145501,-0.335733,0.189798,-0.222969,0.012275,0.345952,-0.474558,0.131181,0.000000,0.000000,0.000000,0.000000,0.000000,0.022309,0.110592,-0.763670,1.698453,-0.933772,0.950019,-0.095509,-1.683420,2.455066,-0.790365,0.000000,0.000000,0.000000,0.000000,0.000000,0.634000,0.000000,0.169618,-0.000000
65.500000,-0.004178,-0.022057,0.152256,-0.339341,0.186906,-0.178246,0.019821,0.310440,-0.458726,0.151704,0.000000,0.000000,0.000000,0.000000,0.000000,-0.042891,0.115309,-0.795113,1.714763,-0.920078,0.737127,-0.124556,-1.443403,2.242175,-0.819125,0.000000,-0.000000,0.000000,-0.000000,0.000000,0.635000,0.000000,0.169618,-0.000000
65.600000,0.008537,-0.022974,0.158892,-0.342679,0.183888,-0.142132,0.022747,0.254308,-0.393604,0.142428,0.000000,0.000000,0.000000,0.000000,0.000000,-0.106271,0.119036,-0.827517,1.729861,-0.904282,0.611858,-0.125750,-1.141373,1.828785,-0.703713,-0.000000,-0.000000,0.000000,-0.000000,0.000000,0.636000,0.000000,0.169618,-0.000000
65.700000,0.021279,-0.023726,0.165534,-0.346036,0.180903,-0.132343,0.022623,0.232143,-0.356788,0.127492,0.000000,0.000000,0.000000,0.000000,0.000000,-0.168662,0.121873,-0.860967,1.745051,-0.887572,0.629522,-0.114135,-1.071275,1.650608,-0.593095,0.000000,0.000000,0.000000,-0.000000,0.000000,0.637000,0.000000,0.169618,-0.000000
65.800000,0.033933,-0.024303,0.171951,-0.348914,0.177676,-0.143385,0.021510,0.236375,-0.354433,0.120999,0.000000,0.000000,0.000000,0.000000,0.000000,-0.230080,0.123807,-0.893633,1.757641,-0.869057,0.742728,-0.102874,-1.163388,1.709642,-0.560750,-0.000000,0.000000,-0.000000,0.000000,0.000000,0.638000,0.000000,0.169618,-0.000000
65.900000,0.045752,-0.024657,0.178820,-0.351289,0.173480,-0.154360,0.020240,0.240243,-0.351522,0.114266,0.000000,0.000000,0.000000,0.000000,0.000000,-0.287388,0.124666,-0.928110,1.767964,-0.846354,0.825226,-0.094483,-1.219389,1.740382,-0.535992,-0.000000,-0.000000,-0.000000,0.000000,0.000000,0.639000,0.000000,0.169618,-0.000000
66.000000,0.056860,-0.024804,0.186005,-0.353142,0.168423,-0.165266,0.018816,0.243738,-0.348046,0.107288,0.000000,0.000000,0.000000,-0.000000,0.000000,-0.328295,0.125676,-0.979128,1.824927,-0.853420,0.878415,-0.086565,-1.237126,1.721153,-0.498696,0.000000,0.000000,0.000000,0.000000,0.000000,0.640000,-0.000000,0.169618,0.000000
66.100000,0.068288,-0.024809,0.192556,-0.354499,0.163507,-0.175598,0.017232,0.247122,-0.343716,0.099500,0.000000,0.000000,0.000000,-0.000000,0.000000,-0.343104,0.126044,-1.027331,1.907487,-0.888127,0.928238,-0.077885,-1.253498,1.696634,-0.457112,-0.000000,0.000000,-0.000000,-0.000000,0.000000,0.641000,-0.000000,0.169618,0.000000
66.200000,0.070594,-0.025517,0.210092,-0.391606,0.183222,-0.185088,0.015495,0.251082,-0.339159,0.090835,0.000000,0.000000,0.000000,-0.000000,0.000000,-0.293666,0.126663,-1.080694,2.106781,-1.033180,0.974157,-0.068465,-1.272413,1.670937,-0.411423,0.000000,0.000000,-0.000000,0.000000,0.000000,0.642000,-0.000000,0.169618,0.000000
66.300000,0.049378,-0.026350,0.231914,-0.459439,0.228725,-0.194532,0.013619,0.254576,-0.333958,0.081927,0.000000,0.000000,0.000000,-0.000000,0.000000,-0.107790,0.122442,-1.118674,2.370805,-1.255193,1.021450,-0.058376,-1.287718,1.642360,-0.366149,-0.000000,-0.000000,0.000000,0.000000,0.000000,0.643000,-0.000000,0.169618,0.000000
66.400000,0.010979,-0.024510,0.214829,-0.480617,0.265947,-0.204043,0.011606,0.257521,-0.328152,0.072898,0.000000,0.000000,0.000000,-0.000000,0.000000,0.135816,0.105043,-0.942323,2.333623,-1.388847,1.070138,-0.047626,-1.299009,1.610391,-0.321164,0.000000,0.000000,-0.000000,0.000000,0.000000,0.644000,-0.000000,0.169618,0.000000
66.500000,-0.043764,-0.017845,0.163319,-0.425122,0.260923,-0.214582,0.009458,0.259036,-0.321768,0.064663,0.000000,0.000000,0.000000,-0.000000,0.000000,0.392846,0.069753,-0.636500,1.937402,-1.293759,1.123914,-0.036135,-1.302866,1.575001,-0.279727,0.000000,0.000000,-0.000000,-0.000000,0.000000,0.645000,-0.000000,0.169618,0.000000
66.600000,-0.086948,-0.011066,0.101801,-0.334340,0.231516,-0.225037,0.007171,0.260196,-0.314861,0.056183,0.000000,0.000000,0.000000,-0.000000,0.000000,0.551767,0.040001,-0.355980,1.458534,-1.095814,1.177093,-0.024029,-1.305383,1.537515,-0.237300,-0.000000,0.000000,-0.000000,-0.000000,0.000000,0.646000,-0.000000,0.169618,0.000000
66.700000,-0.094930,-0.009765,0.078243,-0.294389,0.215137,-0.235404,0.004691,0.260652,-0.306871,0.047109,0.000000,0.000000,0.000000,-0.000000,0.000000,0.515670,0.043022,-0.309822,1.324735,-1.009474,1.228970,-0.010953,-1.307242,1.497448,-0.191818,-0.000000,-0.000000,0.000000,-0.000000,0.000000,0.647000,-0.000000,0.169618,0.000000
66.800000,-0.083999,-0.011794,0.088942,-0.301914,0.211886,-0.245634,0.002143,0.260980,-0.298705,0.038051,0.000000,0.000000,0.000000,-0.000000,0.000000,0.392989,0.063780,-0.448915,1.478134,-1.023820,1.280627,0.002485,-1.311810,1.461709,-0.148225,0.000000,-0.000000,0.000000,-0.000000,0.000000,0.648000,-0.000000,0.169618,0.000000
66.900000,-0.073207,-0.013659,0.099474,-0.308884,0.208302,-0.256042,-0.000546,0.261906,-0.291676,0.029428,0.000000,0.000000,0.000000,-0.000000,0.000000,0.312813,0.077220,-0.548957,1.577161,-1.022747,1.331498,0.016467,-1.321765,1.433533,-0.106391,0.000000,-0.000000,0.000000,-0.000000,0.000000,0.649000,-0.000000,0.169618,0.000000
67.000000,-0.062508,-0.015426,0.110042,-0.315694,0.204630,-0.267103,-0.003393,0.265426,-0.289126,0.022572,0.000000,0.000000,0.000000,-0.000000,0.000000,0.259465,0.085333,-0.601732,1.609712,-1.003186,1.373726,0.025706,-1.368525,1.485079,-0.108586,-0.000000,-0.000000,-0.000000,0.000000,0.000000,0.650000,-0.000000,0.169618,0.000000
67.100000,-0.051967,-0.016973,0.120211,-0.321583,0.200427,-0.276658,-0.006349,0.270139,-0.286358,0.014217,0.000000,0.000000,0.000000,0.000000,0.000000,0.205296,0.092437,-0.649588,1.636286,-0.982533,1.386440,0.027727,-1.434011,1.582762,-0.139828,0.000000,0.000000,-0.000000,0.000000,0.000000,0.651000,0.000000,0.169618,-0.000000
67.200000,-0.041538,-0.018360,0.130173,-0.326925,0.195921,-0.277499,-0.005463,0.292302,-0.325040,0.031025,0.000000,0.000000,0.000000,0.000000,0.000000,0.150627,0.098771,-0.695245,1.659908,-0.961279,1.330503,0.007877,-1.556543,1.847863,-0.287305,0.000000,-0.000000,-0.000000,0.000000,0.000000,0.652000,0.000000,0.169618,-0.000000
67.300000,-0.029747,-0.019706,0.138482,-0.331613,0.192472,-0.260478,0.002075,0.327938,-0.409486,0.081886,0.000000,0.000000,0.000000,0.000000,0.000000,0.089085,0.104877,-0.732547,1.680271,-0.945384,1.180640,-0.041710,-1.682114,2.245522,-0.571431,0.000000,0.000000,-0.000000,-0.000000,0.000000,0.653000,0.000000,0.169618,-0.000000
67.400000,-0.016936,-0.020969,0.145501,-0.335733,0.189798,-0.222969,0.012275,0.345952,-0.474558,0.131181,0.000000,0.000000,0.000000,0.000000,0.000000,0.022309,0.110592,-0.763670,1.698453,-0.933772,0.950019,-0.095509,-1.683420,2.455066,-0.790365,-0.000000,0.000000,0.000000,0.000000,0.000000,0.654000,0.000000,0.169618,-0.000000
67.500000,-0.004178,-0.022057,0.152256,-0.339341,0.186906,-0.178246,0.019821,0.310440,-0.458726,0.151704,0.000000,0.000000,0.000000,0.000000,0.000000,-0.042891,0.115309,-0.795113,1.714763,-0.920078,0.737127,-0.124556,-1.443403,2.242175,-0.819125,-0.000000,0.000000,-0.000000,0.000000,0.000000,0.655000,0.000000,0.169618,-0.000000
67.600000,0.008537,-0.022974,0.158892,-0.342679,0.183888,-0.142132,0.022747,0.254308,-0.393604,0.142428,0.000000,0.000000,0.000000,0.000000,0.000000,-0.106271,0.119036,-0.827517,1.729861,-0.904282,0.611858,-0.125750,-1.141373,1.828785,-0.703713,-0.000000,-0.000000,0.000000,-0.000000,0.000000,0.656000,0.000000,0.169618,-0.000000
67.700000,0.021279,-0.023726,0.165534,-0.346036,0.180903,-0.132343,0.022623,0.232143,-0.356788,0.127492,0.000000,0.000000,0.000000,0.000000,0.000000,-0.168662,0.121873,-0.860967,1.745051,-0.887572,0.629522,-0.114135,-1.071275,1.650608,-0.593095,-0.000000,-0.000000,0.000000,-0.000000,0.000000,0.657000,0.000000,0.169618,-0.000000
67.800000,0.033933,-0.024303,0.171951,-0.348914,0.177676,-0.143385,0.021510,0.236375,-0.354433,0.120999,0.000000,0.000000,0.000000,0.000000,0.000000,-0.230080,0.123807,-0.893633,1.757641,-0.869057,0.742728,-0.102874,-1.163388,1.709642,-0.560750,-0.000000,-0.000000,0.000000,0.000000,0.000000,0.658000,0.000000,0.169618,-0.000000
67.900000,0.045752,-0.024657,0.178820,-0.351289,0.173480,-0.154360,0.020240,0.240243,-0.351522,0.114266,0.000000,0.000000,0.000000,0.000000,0.000000,-0.287388,0.124666,-0.928110,1.767964,-0.846354,0.825226,-0.094483,-1.219389,1.740382,-0.535992,0.000000,-0.000000,-0.000000,-0.000000,0.000000,0.659000,0.000000,0.169618,-0.000000
68.000000,0.056860,-0.024804,0.186005,-0.353142,0.168423,-0.165266,0.018816,0.243738,-0.348046,0.107288,0.000000,0.000000,0.000000,-0.000000,0.000000,-0.328295,0.125676,-0.979128,1.824927,-0.853420,0.878415,-0.086565,-1.237126,1.721153,-0.498696,-0.000000,-0.000000,0.000000,-0.000000,0.000000,0.660000,-0.000000,0.169618,0.000000
68.100000,0.068288,-0.024809,0.192556,-0.354499,0.163507,-0.175598,0.017232,0.247122,-0.343716,0.099500,0.000000,0.000000,0.000000,-0.000000,0.000000,-0.343104,0.126044,-1.027331,1.907487,-0.888127,0.928238,-0.077885,-1.253498,1.696634,-0.457112,0.000000,0.000000,0.000000,0.000000,0.000000,0.661000,-0.000000,0.169618,0.000000
68.200000,0.070594,-0.025517,0.210092,-0.391606,0.183222,-0.185088,0.015495,0.251082,-0.339159,0.090835,0.000000,0.000000,0.000000,-0.000000,0.000000,-0.293666,0.126663,-1.080694,2.106781,-1.033180,0.974157,-0.068465,-1.272413,1.670937,-0.411423,0.000000,0.000000,0.000000,0.000000,0.000000,0.662000,-0.000000,0.169618,0.000000
68.300000,0.049378,-0.026350,0.231914,-0.459439,0.228725,-0.194532,0.013619,0.254576,-0.333958,0.081927,0.000000,0.000000,0.000000,-0.000000,0.000000,-0.107790,0.122442,-1.118674,2.370805,-1.255193,1.021450,-0.058376,-1.287718,1.642360,-0.366149,0.000000,0.000000,-0.000000,-0.000000,0.000000,0.663000,-0.000000,0.169618,0.000000
68.400000,0.010979,-0.024510,0.214829,-0.480617,0.265947,-0.204043,0.011606,0.257521,-0.328152,0.072898,0.000000,0.000000,0.000000,-0.000000,0.000000,0.135816,0.105043,-0.942323,2.333623,-1.388847,1.070138,-0.047626,-1.299009,1.610391,-0.321164,0.000000,0.000000,0.000000,0.000000,0.000000,0.664000,-0.000000,0.169618,0.000000
68.500000,-0.043764,-0.017845,0.163319,-0.425122,0.260923,-0.214582,0.009458,0.259036,-0.321768,0.064663,0.000000,0.000000,0.000000,-0.000000,0.000000,0.392846,0.069753,-0.636500,1.937402,-1.293759,1.123914,-0.036135,-1.302866,1.575001,-0.279727,-0.000000,0.000000,-0.000000,0.000000,0.000000,0.665000,-0.000000,0.169618,0.000000
68.600000,-0.086948,-0.011066,0.101801,-0.334340,0.231516,-0.225037,0.007171,0.260196,-0.314861,0.056183,0.000000,0.000000,0.000000,-0.000000,0.000000,0.551767,0.040001,-0.355980,1.458534,-1.095814,1.177093,-0.024029,-1.305383,1.537515,-0.237300,-0.000000,-0.000000,0.000000,-0.000000,0.000000,0.666000,-0.000000,0.169618,0.000000
68.700000,-0.094930,-0.009765,0.078243,-0.294389,0.215137,-0.235404,0.004691,0.260652,-0.306871,0.047109,0.000000,0.000000,0.000000,-0.000000,0.000000,0.515670,0.043022,-0.309822,1.324735,-1.009474,1.228970,-0.010953,-1.307242,1.497448,-0.191818,-0.000000,-0.000000,0.000000,0.000000,0.000000,0.667000,-0.000000,0.169618,0.000000
68.800000,-0.083999,-0.011794,0.088942,-0.301914,0.211886,-0.245634,0.002143,0.260980,-0.298705,0.038051,0.000000,0.000000,0.000000,-0.000000,0.000000,0.392989,0.063780,-0.448915,1.478134,-1.023820,1.280627,0.002485,-1.311810,1.461709,-0.148225,0.000000,0.000000,0.000000,-0.000000,0.000000,0.668000,-0.000000,0.169618,0.000000
68.900000,-0.073207,-0.013659,0.099474,-0.308884,0.208302,-0.256042,-0.000546,0.261906,-0.291676,0.029428,0.000000,0.000000,0.000000,-0.000000,0.000000,0.312813,0.077220,-0.548957,1.577161,-1.022747,1.331498,0.016467,-1.321765,1.433533,-0.106391,0.000000,0.000000,0.000000,-0.000000,0.000000,0.669000,-0.000000,0.169618,0.000000
69.000000,-0.062508,-0.015426,0.110042,-0.315694,0.204630,-0.267103,-0.003393,0.265426,-0.289126,0.022572,0.000000,0.000000,0.000000,-0.000000,0.000000,0.259465,0.085333,-0.601732,1.609712,-1.003186,1.373726,0.025706,-1.368525,1.485079,-0.108586,-0.000000,0.000000,-0.000000,-0.000000,0.000000,0.670000,-0.000000,0.169618,0.000000
69.100000,-0.051967,-0.016973,0.120211,-0.321583,0.200427,-0.276658,-0.006349,0.270139,-0.286358,0.014217,0.000000,0.000000,0.000000,0.000000,0.000000,0.205296,0.092437,-0.649588,1.636286,-0.982533,1.386440,0.027727,-1.434011,1.582762,-0.139828,-0.000000,-0.000000,-0.000000,0.000000,0.000000,0.671000,0.000000,0.169618,-0.000000
69.200000,-0.041538,-0.018360,0.130173,-0.326925,0.195921,-0.277499,-0.005463,0.292302,-0.325040,0.031025,0.000000,0.000000,0.000000,0.000000,0.000000,0.150627,0.098771,-0.695245,1.659908,-0.961279,1.330503,0.007877,-1.556543,1.847863,-0.287305,0.000000,0.000000,0.000000,-0.000000,0.000000,0.672000,0.000000,0.169618,-0.000000
69.300000,-0.029747,-0.019706,0.138482,-0.331613,0.192472,-0.260478,0.002075,0.327938,-0.409486,0.081886,0.000000,0.000000,0.000000,0.000000,0.000000,0.089085,0.104877,-0.732547,1.680271,-0.945384,1.180640,-0.041710,-1.682114,2.245522,-0.571431,-0.000000,-0.000000,-0.000000,-0.000000,0.000000,0.673000,0.000000,0.169618,-0.000000
69.400000,-0.016936,-0.020969,0.145501,-0.335733,0.189798,-0.222969,0.012275,0.345952,-0.474558,0.131181,0.000000,0.000000,0.000000,0.000000,0.000000,0.022309,0.110592,-0.763670,1.698453,-0.933772,0.950019,-0.095509,-1.683420,2.455066,-0.790365,-0.000000,-0.000000,-0.000000,0.000000,0.000000,0.674000,0.000000,0.169618,-0.000000
69.500000,-0.004178,-0.022057,0.152256,-0.339341,0.186906,-0.178246,0.019821,0.310440,-0.458726,0.151704,0.000000,0.000000,0.000000,0.000000,0.000000,-0.042891,0.115309,-0.795113,1.714763,-0.920078,0.737127,-0.124556,-1.443403,2.242175,-0.819125,-0.000000,0.000000,0.000000,-0.000000,0.000000,0.675000,0.000000,0.169618,-0.000000
69.600000,0.008537,-0.022974,0.158892,-0.342679,0.183888,-0.142132,0.022747,0.254308,-0.393604,0.142428,0.000000,0.000000,0.000000,0.000000,0.000000,-0.106271,0.119036,-0.827517,1.729861,-0.904282,0.611858,-0.125750,-1.141373,1.828785,-0.703713,0.000000,0.000000,0.000000,-0.000000,0.000000,0.676000,0.000000,0.169618,-0.000000
69.700000,0.021279,-0.023726,0.165534,-0.346036,0.180903,-0.132343,0.022623,0.232143,-0.356788,0.127492,0.000000,0.000000,0.000000,0.000000,0.000000,-0.168662,0.121873,-0.860967,1.745051,-0.887572,0.629522,-0.114135,-1.071275,1.650608,-0.593095,-0.000000,-0.000000,0.000000,-0.000000,0.000000,0.677000,0.000000,0.169618,-0.000000
69.800000,0.033933,-0.024303,0.171951,-0.348914,0.177676,-0.143385,0.021510,0.236375,-0.354433,0.120999,0.000000,0.000000,0.000000,0.000000,0.000000,-0.230080,0.123807,-0.893633,1.757641,-0.869057,0.742728,-0.102874,-1.163388,1.709642,-0.560750,-0.000000,0.000000,0.000000,-0.000000,0.000000,0.678000,0.000000,0.169618,-0.000000
69.900000,0.045752,-0.024657,0.178820,-0.351289,0.173480,-0.154360,0.020240,0.240243,-0.351522,0.114266,0.000000,0.000000,0.000000,0.000000,0.000000,-0.287388,0.124666,-0.928110,1.767964,-0.846354,0.825226,-0.094483,-1.219389,1.740382,-0.535992,-0.000000,-0.000000,-0.000000,0.000000,0.000000,0.679000,0.000000,0.169618,-0.000000
70.000000,0.056860,-0.024804,0.186005,-0.353142,0.168423,-0.165266,0.018816,0.243738,-0.348046,0.107288,0.000000,0.000000,0.000000,-0.000000,0.000000,-0.328295,0.125676,-0.979128,1.824927,-0.853420,0.878415,-0.086565,-1.237126,1.721153,-0.498696,-0.000000,-0.000000,-0.000000,-0.000000,0.000000,0.680000,-0.000000,0.169618,0.000000
70.100000,0.068288,-0.024809,0.192556,-0.354499,0.163507,-0.175598,0.017232,0.247122,-0.343716,0.099500,0.000000,0.000000,0.000000,-0.000000,0.000000,-0.343104,0.126044,-1.027331,1.907487,-0.888127,0.928238,-0.077885,-1.253498,1.696634,-0.457112,0.000000,0.000000,-0.000000,-0.000000,0.000000,0.681000,-0.000000,0.169618,0.000000
70.200000,0.070594,-0.025517,0.210092,-0.391606,0.183222,-0.185088,0.015495,0.251082,-0.339159,0.090835,0.000000,0.000000,0.000000,-0.000000,0.000000,-0.293666,0.126663,-1.080694,2.106781,-1.033180,0.974157,-0.068465,-1.272413,1.670937,-0.411423,-0.000000,-0.000000,-0.000000,0.000000,0.000000,0.682000,-0.000000,0.169618,0.000000
70.300000,0.049378,-0.026350,0.231914,-0.459439,0.228725,-0.194532,0.013619,0.254576,-0.333958,0.081927,0.000000,0.000000,0.000000,-0.000000,0.000000,-0.107790,0.122442,-1.118674,2.370805,-1.255193,1.021450,-0.058376,-1.287718,1.642360,-0.366149,-0.000000,-0.000000,-0.000000,0.000000,0.000000,0.683000,-0.000000,0.169618,0.000000
70.400000,0.010979,-0.024510,0.214829,-0.480617,0.265947,-0.204043,0.011606,0.257521,-0.328152,0.072898,0.000000,0.000000,0.000000,-0.000000,0.000000,0.135816,0.105043,-0.942323,2.333623,-1.388847,1.070138,-0.047626,-1.299009,1.610391,-0.321164,-0.000000,0.000000,-0.000000,-0.000000,0.000000,0.684000,-0.000000,0.169618,0.000000
70.500000,-0.043764,-0.017845,0.163319,-0.425122,0.260923,-0.214582,0.009458,0.259036,-0.321768,0.064663,0.000000,0.000000,0.000000,-0.000000,0.000000,0.392846,0.069753,-0.636500,1.937402,-1.293759,1.123914,-0.036135,-1.302866,1.575001,-0.279727,-0.000000,-0.000000,-0.000000,0.000000,0.000000,0.685000,-0.000000,0.169618,0.000000
70.600000,-0.086948,-0.011066,0.101801,-0.334340,0.231516,-0.225037,0.007171,0.260196,-0.314861,0.056183,0.000000,0.000000,0.000000,-0.000000,0.000000,0.551767,0.040001,-0.355980,1.458534,-1.095814,1.177093,-0.024029,-1.305383,1.537515,-0.237300,-0.000000,-0.000000,-0.000000,0.000000,0.000000,0.686000,-0.000000,0.169618,0.000000
70.700000,-0.094930,-0.009765,0.078243,-0.294389,0.215137,-0.235404,0.004691,0.260652,-0.306871,0.047109,0.000000,0.000000,0.000000,-0.000000,0.000000,0.515670,0.043022,-0.309822,1.324735,-1.009474,1.228970,-0.010953,-1.307242,1.497448,-0.191818,-0.000000,0.000000,0.000000,0.000000,0.000000,0.687000,-0.000000,0.169618,0.000000
70.800000,-0.083999,-0.011794,0.088942,-0.301914,0.211886,-0.245634,0.002143,0.260980,-0.298705,0.038051,0.000000,0.000000,0.000000,-0.000000,0.000000,0.392989,0.063780,-0.448915,1.478134,-1.023820,1.280627,0.002485,-1.311810,1.461709,-0.148225,0.000000,0.000000,-0.000000,-0.000000,0.000000,0.688000,-0.000000,0.169618,0.000000
70.900000,-0.073207,-0.013659,0.099474,-0.308884,0.208302,-0.256042,-0.000546,0.261906,-0.291676,0.029428,0.000000,0.000000,0.000000,-0.000000,0.000000,0.312813,0.077220,-0.548957,1.577161,-1.022747,1.331498,0.016467,-1.321765,1.433533,-0.106391,-0.000000,-0.000000,-0.000000,0.000000,0.000000,0.689000,-0.000000,0.169618,0.000000
71.000000,-0.062508,-0.015426,0.110042,-0.315694,0.204630,-0.267103,-0.003393,0.265426,-0.289126,0.022572,0.000000,0.000000,0.000000,-0.000000,0.000000,0.259465,0.085333,-0.601732,1.609712,-1.003186,1.373726,0.025706,-1.368525,1.485079,-0.108586,-0.000000,-0.000000,-0.000000,-0.000000,0.000000,0.690000,-0.000000,0.169618,0.000000
71.100000,-0.051967,-0.016973,0.120211,-0.321583,0.200427,-0.276658,-0.006349,0.270139,-0.286358,0.014217,0.000000,0.000000,0.000000,0.000000,0.000000,0.205296,0.092437,-0.649588,1.636286,-0.982533,1.386440,0.027727,-1.434011,1.582762,-0.139828,0.000000,0.000000,-0.000000,-0.000000,0.000000,0.691000,0.000000,0.169618,-0.000000
71.200000,-0.041538,-0.018360,0.130173,-0.326925,0.195921,-0.277499,-0.005463,0.292302,-0.325040,0.031025,0.000000,0.000000,0.000000,0.000000,0.000000,0.150627,0.098771,-0.695245,1.659908,-0.961279,1.330503,0.007877,-1.556543,1.847863,-0.287305,0.000000,0.000000,-0.000000,-0.000000,0.000000,0.692000,0.000000,0.169618,-0.000000
71.300000,-0.029747,-0.019706,0.138482,-0.331613,0.192472,-0.260478,0.002075,0.327938,-0.409486,0.081886,0.000000,0.000000,0.000000,0.000000,0.000000,0.089085,0.104877,-0.732547,1.680271,-0.945384,1.180640,-0.041710,-1.682114,2.245522,-0.571431,0.000000,0.000000,-0.000000,-0.000000,0.000000,0.693000,0.000000,0.169618,-0.000000
71.400000,-0.016936,-0.020969,0.145501,-0.335733,0.189798,-0.222969,0.012275,0.345952,-0.474558,0.131181,0.000000,0.000000,0.000000,0.000000,0.000000,0.022309,0.110592,-0.763670,1.698453,-0.933772,0.950019,-0.095509,-1.683420,2.455066,-0.790365,-0.000000,0.000000,-0.000000,0.000000,0.000000,0.694000,0.000000,0.169618,-0.000000
71.500000,-0.004178,-0.022057,0.152256,-0.339341,0.186906,-0.178246,0.019821,0.310440,-0.458726,0.151704,0.000000,0.000000,0.000000,0.000000,0.000000,-0.042891,0.115309,-0.795113,1.714763,-0.920078,0.737127,-0.124556,-1.443403,2.242175,-0.819125,0.000000,0.000000,-0.000000,0.000000,0.000000,0.695000,0.000000,0.169618,-0.000000
71.600000,0.008537,-0.022974,0.158892,-0.342679,0.183888,-0.142132,0.022747,0.254308,-0.393604,0.142428,0.000000,0.000000,0.000000,0.000000,0.000000,-0.106271,0.119036,-0.827517,1.729861,-0.904282,0.611858,-0.125750,-1.141373,1.828785,-0.703713,-0.000000,-0.000000,0.000000,0.000000,0.000000,0.696000,0.000000,0.169618,-0.000000
71.700000,0.021279,-0.023726,0.165534,-0.346036,0.180903,-0.132343,0.022623,0.232143,-0.356788,0.127492,0.000000,0.000000,0.000000,0.000000,0.000000,-0.168662,0.121873,-0.860967,1.745051,-0.887572,0.629522,-0.114135,-1.071275,1.650608,-0.593095,0.000000,0.000000,-0.000000,0.000000,0.000000,0.697000,0.000000,0.169618,-0.000000
71.800000,0.033933,-0.024303,0.171951,-0.348914,0.177676,-0.143385,0.021510,0.236375,-0.354433,0.120999,0.000000,0.000000,0.000000,0.000000,0.000000,-0.230080,0.123807,-0.893633,1.757641,-0.869057,0.742728,-0.102874,-1.163388,1.709642,-0.560750,-0.000000,0.000000,-0.000000,-0.000000,0.000000,0.698000,0.000000,0.169618,-0.000000
71.900000,0.045752,-0.024657,0.178820,-0.351289,0.173480,-0.154360,0.020240,0.240243,-0.351522,0.114266,0.000000,0.000000,0.000000,0.000000,0.000000,-0.287388,0.124666,-0.928110,1.767964,-0.846354,0.825226,-0.094483,-1.219389,1.740382,-0.535992,0.000000,-0.000000,0.000000,0.000000,0.000000,0.699000,0.000000,0.169618,-0.000000
72.000000,0.056860,-0.024804,0.186005,-0.353142,0.168423,-0.165266,0.018816,0.243738,-0.348046,0.107288,0.000000,0.000000,0.000000,-0.000000,0.000000,-0.328295,0.125676,-0.979128,1.824927,-0.853420,0.878415,-0.086565,-1.237126,1.721153,-0.498696,0.000000,-0.000000,0.000000,0.000000,0.000000,0.700000,-0.000000,0.169618,0.000000
72.100000,0.068288,-0.024809,0.192556,-0.354499,0.163507,-0.175598,0.017232,0.247122,-0.343716,0.099500,0.000000,0.000000,0.000000,-0.000000,0.000000,-0.343104,0.126044,-1.027331,1.907487,-0.888127,0.928238,-0.077885,-1.253498,1.696634,-0.457112,-0.000000,0.000000,0.000000,-0.000000,0.000000,0.701000,-0.000000,0.169618,0.000000
72.200000,0.070594,-0.025517,0.210092,-0.391606,0.183222,-0.185088,0.015495,0.251082,-0.339159,0.090835,0.000000,0.000000,0.000000,-0.000000,0.000000,-0.293666,0.126663,-1.080694,2.106781,-1.033180,0.974157,-0.068465,-1.272413,1.670937,-0.411423,-0.000000,0.000000,0.000000,-0.000000,0.000000,0.702000,-0.000000,0.169618,0.000000
72.300000,0.049378,-0.026350,0.231914,-0.459439,0.228725,-0.194532,0.013619,0.254576,-0.333958,0.081927,0.000000,0.000000,0.000000,-0.000000,0.000000,-0.107790,0.122442,-1.118674,2.370805,-1.255193,1.021450,-0.058376,-1.287718,1.642360,-0.366149,0.000000,0.000000,0.000000,-0.000000,0.000000,0.703000,-0.000000,0.169618,0.000000
72.400000,0.010979,-0.024510,0.214829,-0.480617,0.265947,-0.204043,0.011606,0.257521,-0.328152,0.072898,0.000000,0.000000,0.000000,-0.000000,0.000000,0.135816,0.105043,-0.942323,2.333623,-1.388847,1.070138,-0.047626,-1.299009,1.610391,-0.321164,0.000000,0.000000,0.000000,-0.000000,0.000000,0.704000,-0.000000,0.169618,0.000000
72.500000,-0.043764,-0.017845,0.163319,-0.425122,0.260923,-0.214582,0.009458,0.259036,-0.321768,0.064663,0.000000,0.000000,0.000000,-0.000000,0.000000,0.392846,0.069753,-0.636500,1.937402,-1.293759,1.123914,-0.036135,-1.302866,1.575001,-0.279727,-0.000000,-0.000000,-0.000000,0.000000,0.000000,0.705000,-0.000000,0.169618,0.000000
72.600000,-0.086948,-0.011066,0.101801,-0.334340,0.231516,-0.225037,0.007171,0.260196,-0.314861,0.056183,0.000000,0.000000,0.000000,-0.000000,0.000000,0.551767,0.040001,-0.355980,1.458534,-1.095814,1.177093,-0.024029,-1.305383,1.537515,-0.237300,0.000000,-0.000000,-0.000000,-0.000000,0.000000,0.706000,-0.000000,0.169618,0.000000
72.700000,-0.094930,-0.009765,0.078243,-0.294389,0.215137,-0.235404,0.004691,0.260652,-0.306871,0.047109,0.000000,0.000000,0.000000,-0.000000,0.000000,0.515670,0.043022,-0.309822,1.324735,-1.009474,1.228970,-0.010953,-1.307242,1.497448,-0.191818,-0.000000,0.000000,0.000000,-0.000000,0.000000,0.707000,-0.000000,0.169618,0.000000
72.800000,-0.083999,-0.011794,0.088942,-0.301914,0.211886,-0.245634,0.002143,0.260980,-0.298705,0.038051,0.000000,0.000000,0.000000,-0.000000,0.000000,0.392989,0.063780,-0.448915,1.478134,-1.023820,1.280627,0.002485,-1.311810,1.461709,-0.148225,0.000000,-0.000000,0.000000,-0.000000,0.000000,0.708000,-0.000000,0.169618,0.000000
72.900000,-0.073207,-0.013659,0.099474,-0.308884,0.208302,-0.256042,-0.000546,0.261906,-0.291676,0.029428,0.000000,0.000000,0.000000,-0.000000,0.000000,0.312813,0.077220,-0.548957,1.577161,-1.022747,1.331498,0.016467,-1.321765,1.433533,-0.106391,0.000000,-0.000000,-0.000000,0.000000,0.000000,0.709000,-0.000000,0.169618,0.000000
73.000000,-0.062508,-0.015426,0.110042,-0.315694,0.204630,-0.267103,-0.003393,0.265426,-0.289126,0.022572,0.000000,0.000000,0.000000,-0.000000,0.000000,0.259465,0.085333,-0.601732,1.609712,-1.003186,1.373726,0.025706,-1.368525,1.485079,-0.108586,0.000000,-0.000000,0.000000,0.000000,0.000000,0.710000,-0.000000,0.169618,0.000000
73.100000,-0.051967,-0.016973,0.120211,-0.321583,0.200427,-0.276658,-0.006349,0.270139,-0.286358,0.014217,0.000000,0.000000,0.000000,0.000000,0.000000,0.205296,0.092437,-0.649588,1.636286,-0.982533,1.386440,0.027727,-1.434011,1.582762,-0.139828,-0.000000,0.000000,0.000000,0.000000,0.000000,0.711000,0.000000,0.169618,-0.000000
73.200000,-0.041538,-0.018360,0.130173,-0.326925,0.195921,-0.277499,-0.005463,0.292302,-0.325040,0.031025,0.000000,0.000000,0.000000,0.000000,0.000000,0.150627,0.098771,-0.695245,1.659908,-0.961279,1.330503,0.007877,-1.556543,1.847863,-0.287305,-0.000000,-0.000000,0.000000,-0.000000,0.000000,0.712000,0.000000,0.169618,-0.000000
73.300000,-0.029747,-0.019706,0.138482,-0.331613,0.192472,-0.260478,0.002075,0.327938,-0.409486,0.081886,0.000000,0.000000,0.000000,0.000000,0.000000,0.089085,0.104877,-0.732547,1.680271,-0.945384,1.180640,-0.041710,-1.682114,2.245522,-0.571431,0.000000,-0.000000,-0.000000,0.000000,0.000000,0.713000,0.000000,0.169618,-0.000000
73.400000,-0.016936,-0.020969,0.145501,-0.335733,0.189798,-0.222969,0.012275,0.345952,-0.474558,0.131181,0.000000,0.000000,0.000000,0.000000,0.000000,0.022309,0.110592,-0.763670,1.698453,-0.933772,0.950019,-0.095509,-1.683420,2.455066,-0.790365,-0.000000,-0.000000,-0.000000,-0.000000,0.000000,0.714000,0.000000,0.169618,-0.000000
73.500000,-0.004178,-0.022057,0.152256,-0.339341,0.186906,-0.178246,0.019821,0.310440,-0.458726,0.151704,0.000000,0.000000,0.000000,0.000000,0.000000,-0.042891,0.115309,-0.795113,1.714763,-0.920078,0.737127,-0.124556,-1.443403,2.242175,-0.819125,-0.000000,0.000000,0.000000,-0.000000,0.000000,0.715000,0.000000,0.169618,-0.000000
73.600000,0.008537,-0.022974,0.158892,-0.342679,0.183888,-0.142132,0.022747,0.254308,-0.393604,0.142428,0.000000,0.000000,0.000000,0.000000,0.000000,-0.106271,0.119036,-0.827517,1.729861,-0.904282,0.611858,-0.125750,-1.141373,1.828785,-0.703713,-0.000000,-0.000000,0.000000,0.000000,0.000000,0.716000,0.000000,0.169618,-0.000000
73.700000,0.021279,-0.023726,0.165534,-0.346036,0.180903,-0.132343,0.022623,0.232143,-0.356788,0.127492,0.000000,0.000000,0.000000,0.000000,0.000000,-0.168662,0.121873,-0.860967,1.745051,-0.887572,0.629522,-0.114135,-1.071275,1.650608,-0.593095,0.000000,0.000000,-0.000000,-0.000000,0.000000,0.717000,0.000000,0.169618,-0.000000
73.800000,0.033933,-0.024303,0.171951,-0.348914,0.177676,-0.143385,0.021510,0.236375,-0.354433,0.120999,0.000000,0.000000,0.000000,0.000000,0.000000,-0.230080,0.123807,-0.893633,1.757641,-0.869057,0.742728,-0.102874,-1.163388,1.709642,-0.560750,0.000000,0.000000,0.000000,-0.000000,0.000000,0.718000,0.000000,0.169618,-0.000000
73.900000,0.045752,-0.024657,0.178820,-0.351289,0.173480,-0.154360,0.020240,0.240243,-0.351522,0.114266,0.000000,0.000000,0.000000,0.000000,0.000000,-0.287388,0.124666,-0.928110,1.767964,-0.846354,0.825226,-0.094483,-1.219389,1.740382,-0.535992,-0.000000,-0.000000,0.000000,-0.000000,0.000000,0.719000,0.000000,0.169618,-0.000000
74.000000,0.056860,-0.024804,0.186005,-0.353142,0.168423,-0.165266,0.018816,0.243738,-0.348046,0.107288,0.000000,0.000000,0.000000,-0.000000,0.000000,-0.328295,0.125676,-0.979128,1.824927,-0.853420,0.878415,-0.086565,-1.237126,1.721153,-0.498696,0.000000,0.000000,0.000000,0.000000,0.000000,0.720000,-0.000000,0.169618,0.000000
74.100000,0.068288,-0.024809,0.192556,-0.354499,0.163507,-0.175598,0.017232,0.247122,-0.343716,0.099500,0.000000,0.000000,0.000000,-0.000000,0.000000,-0.343104,0.126044,-1.027331,1.907487,-0.888127,0.928238,-0.077885,-1.253498,1.696634,-0.457112,-0.000000,-0.000000,-0.000000,-0.000000,0.000000,0.721000,-0.000000,0.169618,0.000000
74.200000,0.070594,-0.025517,0.210092,-0.391606,0.183222,-0.185088,0.015495,0.251082,-0.339159,0.090835,0.000000,0.000000,0.000000,-0.000000,0.000000,-0.293666,0.126663,-1.080694,2.106781,-1.033180,0.974157,-0.068465,-1.272413,1.670937,-0.411423,-0.000000,-0.000000,-0.000000,0.000000,0.000000,0.722000,-0.000000,0.169618,0.000000
74.300000,0.049378,-0.026350,0.231914,-0.459439,0.228725,-0.194532,0.013619,0.254576,-0.333958,0.081927,0.000000,0.000000,0.000000,-0.000000,0.000000,-0.107790,0.122442,-1.118674,2.370805,-1.255193,1.021450,-0.058376,-1.287718,1.642360,-0.366149,-0.000000,-0.000000,-0.000000,-0.000000,0.000000,0.723000,-0.000000,0.169618,0.000000
74.400000,0.010979,-0.024510,0.214829,-0.480617,0.265947,-0.204043,0.011606,0.257521,-0.328152,0.072898,0.000000,0.000000,0.000000,-0.000000,0.000000,0.135816,0.105043,-0.942323,2.333623,-1.388847,1.070138,-0.047626,-1.299009,1.610391,-0.321164,0.000000,-0.000000,-0.000000,-0.000000,0.000000,0.724000,-0.000000,0.169618,0.000000
74.500000,-0.043764,-0.017845,0.163319,-0.425122,0.260923,-0.214582,0.009458,0.259036,-0.321768,0.064663,0.000000,0.000000,0.000000,-0.000000,0.000000,0.392846,0.069753,-0.636500,1.937402,-1.293759,1.123914,-0.036135,-1.302866,1.575001,-0.279727,-0.000000,-0.000000,0.000000,-0.000000,0.000000,0.725000,-0.000000,0.169618,0.000000
74.600000,-0.086948,-0.011066,0.101801,-0.334340,0.231516,-0.225037,0.007171,0.260196,-0.314861,0.056183,0.000000,0.000000,0.000000,-0.000000,0.000000,0.551767,0.040001,-0.355980,1.458534,-1.095814,1.177093,-0.024029,-1.305383,1.537515,-0.237300,0.000000,0.000000,0.000000,0.000000,0.000000,0.726000,-0.000000,0.169618,0.000000
74.700000,-0.094930,-0.009765,0.078243,-0.294389,0.215137,-0.235404,0.004691,0.260652,-0.306871,0.047109,0.000000,0.000000,0.000000,-0.000000,0.000000,0.515670,0.043022,-0.309822,1.324735,-1.009474,1.228970,-0.010953,-1.307242,1.497448,-0.191818,0.000000,0.000000,-0.000000,0.000000,0.000000,0.727000,-0.000000,0.169618,0.000000
74.800000,-0.083999,-0.011794,0.088942,-0.301914,0.211886,-0.245634,0.002143,0.260980,-0.298705,0.038051,0.000000,0.000000,0.000000,-0.000000,0.000000,0.392989,0.063780,-0.448915,1.478134,-1.023820,1.280627,0.002485,-1.311810,1.461709,-0.148225,0.000000,0.000000,0.000000,-0.000000,0.000000,0.728000,-0.000000,0.169618,0.000000
74.900000,-0.073207,-0.013659,0.099474,-0.308884,0.208302,-0.256042,-0.000546,0.261906,-0.291676,0.029428,0.000000,0.000000,0.000000,-0.000000,0.000000,0.312813,0.077220,-0.548957,1.577161,-1.022747,1.331498,0.016467,-1.321765,1.433533,-0.106391,0.000000,0.000000,0.000000,-0.000000,0.000000,0.729000,-0.000000,0.169618,0.000000
75.000000,-0.062508,-0.015426,0.110042,-0.315694,0.204630,-0.267103,-0.003393,0.265426,-0.289126,0.022572,0.000000,0.000000,0.000000,-0.000000,0.000000,0.259465,0.085333,-0.601732,1.609712,-1.003186,1.373726,0.025706,-1.368525,1.485079,-0.108586,-0.000000,-0.000000,-0.000000,0.000000,0.000000,0.730000,-0.000000,0.169618,0.000000
75.100000,-0.051967,-0.016973,0.120211,-0.321583,0.200427,-0.276658,-0.006349,0.270139,-0.286358,0.014217,0.000000,0.000000,0.000000,0.000000,0.000000,0.205296,0.092437,-0.649588,1.636286,-0.982533,1.386440,0.027727,-1.434011,1.582762,-0.139828,-0.000000,-0.000000,-0.000000,0.000000,0.000000,0.731000,0.000000,0.169618,-0.000000
75.200000,-0.041538,-0.018360,0.130173,-0.326925,0.195921,-0.277499,-0.005463,0.292302,-0.325040,0.031025,0.000000,0.000000,0.000000,0.000000,0.000000,0.150627,0.098771,-0.695245,1.659908,-0.961279,1.330503,0.007877,-1.556543,1.847863,-0.287305,-0.000000,-0.000000,0.000000,-0.000000,0.000000,0.732000,0.000000,0.169618,-0.000000
75.300000,-0.029747,-0.019706,0.138482,-0.331613,0.192472,-0.260478,0.002075,0.327938,-0.409486,0.081886,0.000000,0.000000,0.000000,0.000000,0.000000,0.089085,0.104877,-0.732547,1.680271,-0.945384,1.180640,-0.041710,-1.682114,2.245522,-0.571431,-0.000000,-0.000000,-0.000000,-0.000000,0.000000,0.733000,0.000000,0.169618,-0.000000
75.400000,-0.016936,-0.020969,0.145501,-0.335733,0.189798,-0.222969,0.012275,0.345952,-0.474558,0.131181,0.000000,0.000000,0.000000,0.000000,0.000000,0.022309,0.110592,-0.763670,1.698453,-0.933772,0.950019,-0.095509,-1.683420,2.455066,-0.790365,0.000000,-0.000000,-0.000000,0.000000,0.000000,0.734000,0.000000,0.169618,-0.000000
75.500000,-0.004178,-0.022057,0.152256,-0.339341,0.186906,-0.178246,0.019821,0.310440,-0.458726,0.151704,0.000000,0.000000,0.000000,0.000000,0.000000,-0.042891,0.115309,-0.795113,1.714763,-0.920078,0.737127,-0.124556,-1.443403,2.242175,-0.819125,0.000000,-0.000000,-0.000000,-0.000000,0.000000,0.735000,0.000000,0.169618,-0.000000
75.600000,0.008537,-0.022974,0.158892,-0.342679,0.183888,-0.142132,0.022747,0.254308,-0.393604,0.142428,0.000000,0.000000,0.000000,0.000000,0.000000,-0.106271,0.119036,-0.827517,1.729861,-0.904282,0.611858,-0.125750,-1.141373,1.828785,-0.703713,0.000000,0.000000,0.000000,-0.000000,0.000000,0.736000,0.000000,0.169618,-0.000000
75.700000,0.021279,-0.023726,0.165534,-0.346036,0.180903,-0.132343,0.022623,0.232143,-0.356788,0.127492,0.000000,0.000000,0.000000,0.000000,0.000000,-0.168662,0.121873,-0.860967,1.745051,-0.887572,0.629522,-0.114135,-1.071275,1.650608,-0.593095,0.000000,-0.000000,0.000000,-0.000000,0.000000,0.737000,0.000000,0.169618,-0.000000
75.800000,0.033933,-0.024303,0.171951,-0.348914,0.177676,-0.143385,0.021510,0.236375,-0.354433,0.120999,0.000000,0.000000,0.000000,0.000000,0.000000,-0.230080,0.123807,-0.893633,1.757641,-0.869057,0.742728,-0.102874,-1.163388,1.709642,-0.560750,-0.000000,-0.000000,0.000000,-0.000000,0.000000,0.738000,0.000000,0.169618,-0.000000
75.900000,0.045752,-0.024657,0.178820,-0.351289,0.173480,-0.154360,0.020240,0.240243,-0.351522,0.114266,0.000000,0.000000,0.000000,0.000000,0.000000,-0.287388,0.124666,-0.928110,1.767964,-0.846354,0.825226,-0.094483,-1.219389,1.740382,-0.535992,-0.000000,-0.000000,-0.000000,-0.000000,0.000000,0.739000,0.000000,0.169618,-0.000000
76.000000,0.056860,-0.024804,0.186005,-0.353142,0.168423,-0.165266,0.018816,0.243738,-0.348046,0.107288,0.000000,0.000000,0.000000,-0.000000,0.000000,-0.328295,0.125676,-0.979128,1.824927,-0.853420,0.878415,-0.086565,-1.237126,1.721153,-0.498696,0.000000,0.000000,0.000000,0.000000,0.000000,0.740000,-0.000000,0.169618,0.000000
76.100000,0.068288,-0.024809,0.192556,-0.354499,0.163507,-0.175598,0.017232,0.247122,-0.343716,0.099500,0.000000,0.000000,0.000000,-0.000000,0.000000,-0.343104,0.126044,-1.027331,1.907487,-0.888127,0.928238,-0.077885,-1.253498,1.696634,-0.457112,0.000000,-0.000000,-0.000000,-0.000000,0.000000,0.741000,-0.000000,0.169618,0.000000
76.200000,0.070594,-0.025517,0.210092,-0.391606,0.183222,-0.185088,0.015495,0.251082,-0.339159,0.090835,0.000000,0.000000,0.000000,-0.000000,0.000000,-0.293666,0.126663,-1.080694,2.106781,-1.033180,0.974157,-0.068465,-1.272413,1.670937,-0.411423,-0.000000,0.000000,0.000000,0.000000,0.000000,0.742000,-0.000000,0.169618,0.000000
76.300000,0.049378,-0.026350,0.231914,-0.459439,0.228725,-0.194532,0.013619,0.254576,-0.333958,0.081927,0.000000,0.000000,0.000000,-0.000000,0.000000,-0.107790,0.122442,-1.118674,2.370805,-1.255193,1.021450,-0.058376,-1.287718,1.642360,-0.366149,-0.000000,-0.000000,0.000000,-0.000000,0.000000,0.743000,-0.000000,0.169618,0.000000
76.400000,0.010979,-0.024510,0.214829,-0.480617,0.265947,-0.204043,0.011606,0.257521,-0.328152,0.072898,0.000000,0.000000,0.000000,-0.000000,0.000000,0.135816,0.105043,-0.942323,2.333623,-1.388847,1.070138,-0.047626,-1.299009,1.610391,-0.321164,0.000000,-0.000000,0.000000,0.000000,0.000000,0.744000,-0.000000,0.169618,0.000000
76.500000,-0.043764,-0.017845,0.163319,-0.425122,0.260923,-0.214582,0.009458,0.259036,-0.321768,0.064663,0.000000,0.000000,0.000000,-0.000000,0.000000,0.392846,0.069753,-0.636500,1.937402,-1.293759,1.123914,-0.036135,-1.302866,1.575001,-0.279727,0.000000,0.000000,-0.000000,0.000000,0.000000,0.745000,-0.000000,0.169618,0.000000
76.600000,-0.086948,-0.011066,0.101801,-0.334340,0.231516,-0.225037,0.007171,0.260196,-0.314861,0.056183,0.000000,0.000000,0.000000,-0.000000,0.000000,0.551767,0.040001,-0.355980,1.458534,-1.095814,1.177093,-0.024029,-1.305383,1.537515,-0.237300,0.000000,0.000000,-0.000000,0.000000,0.000000,0.746000,-0.000000,0.169618,0.000000
76.700000,-0.094930,-0.009765,0.078243,-0.294389,0.215137,-0.235404,0.004691,0.260652,-0.306871,0.047109,0.000000,0.000000,0.000000,-0.000000,0.000000,0.515670,0.043022,-0.309822,1.324735,-1.009474,1.228970,-0.010953,-1.307242,1.497448,-0.191818,0.000000,0.000000,-0.000000,-0.000000,0.000000,0.747000,-0.000000,0.169618,0.000000
76.800000,-0.083999,-0.011794,0.088942,-0.301914,0.211886,-0.245634,0.002143,0.260980,-0.298705,0.038051,0.000000,0.000000,0.000000,-0.000000,0.000000,0.392989,0.063780,-0.448915,1.478134,-1.023820,1.280627,0.002485,-1.311810,1.461709,-0.148225,-0.000000,-0.000000,0.000000,0.000000,0.000000,0.748000,-0.000000,0.169618,0.000000
76.900000,-0.073207,-0.013659,0.099474,-0.308884,0.208302,-0.256042,-0.000546,0.261906,-0.291676,0.029428,0.000000,0.000000,0.000000,-0.000000,0.000000,0.312813,0.077220,-0.548957,1.577161,-1.022747,1.331498,0.016467,-1.321765,1.433533,-0.106391,-0.000000,0.000000,-0.000000,0.000000,0.000000,0.749000,-0.000000,0.169618,0.000000
77.000000,-0.062508,-0.015426,0.110042,-0.315694,0.204630,-0.267103,-0.003393,0.265426,-0.289126,0.022572,0.000000,0.000000,0.000000,-0.000000,0.000000,0.259465,0.085333,-0.601732,1.609712,-1.003186,1.373726,0.025706,-1.368525,1.485079,-0.108586,-0.000000,-0.000000,0.000000,0.000000,0.000000,0.750000,-0.000000,0.169618,0.000000
77.100000,-0.051967,-0.016973,0.120211,-0.321583,0.200427,-0.276658,-0.006349,0.270139,-0.286358,0.014217,0.000000,0.000000,0.000000,0.000000,0.000000,0.205296,0.092437,-0.649588,1.636286,-0.982533,1.386440,0.027727,-1.434011,1.582762,-0.139828,-0.000000,-0.000000,0.000000,0.000000,0.000000,0.751000,0.000000,0.169618,-0.000000
77.200000,-0.041538,-0.018360,0.130173,-0.326925,0.195921,-0.277499,-0.005463,0.292302,-0.325040,0.031025,0.000000,0.000000,0.000000,0.000000,0.000000,0.150627,0.098771,-0.695245,1.659908,-0.961279,1.330503,0.007877,-1.556543,1.847863,-0.287305,0.000000,0.000000,0.000000,-0.000000,0.000000,0.752000,0.000000,0.169618,-0.000000
77.300000,-0.029747,-0.019706,0.138482,-0.331613,0.192472,-0.260478,0.002075,0.327938,-0.409486,0.081886,0.000000,0.000000,0.000000,0.000000,0.000000,0.089085,0.104877,-0.732547,1.680271,-0.945384,1.180640,-0.041710,-1.682114,2.245522,-0.571431,-0.000000,-0.000000,0.000000,0.000000,0.000000,0.753000,0.000000,0.169618,-0.000000
77.400000,-0.016936,-0.020969,0.145501,-0.335733,0.189798,-0.222969,0.012275,0.345952,-0.474558,0.131181,0.000000,0.000000,0.000000,0.000000,0.000000,0.022309,0.110592,-0.763670,1.698453,-0.933772,0.950019,-0.095509,-1.683420,2.455066,-0.790365,0.000000,0.000000,0.000000,0.000000,0.000000,0.754000,0.000000,0.169618,-0.000000
77.500000,-0.004178,-0.022057,0.152256,-0.339341,0.186906,-0.178246,0.019821,0.310440,-0.458726,0.151704,0.000000,0.000000,0.000000,0.000000,0.000000,-0.042891,0.115309,-0.795113,1.714763,-0.920078,0.737127,-0.124556,-1.443403,2.242175,-0.819125,-0.000000,-0.000000,0.000000,-0.000000,0.000000,0.755000,0.000000,0.169618,-0.000000
77.600000,0.008537,-0.022974,0.158892,-0.342679,0.183888,-0.142132,0.022747,0.254308,-0.393604,0.142428,0.000000,0.000000,0.000000,0.000000,0.000000,-0.106271,0.119036,-0.827517,1.729861,-0.904282,0.611858,-0.125750,-1.141373,1.828785,-0.703713,0.000000,0.000000,0.000000,0.000000,0.000000,0.756000,0.000000,0.169618,-0.000000
77.700000,0.021279,-0.023726,0.165534,-0.346036,0.180903,-0.132343,0.022623,0.232143,-0.356788,0.127492,0.000000,0.000000,0.000000,0.000000,0.000000,-0.168662,0.121873,-0.860967,1.745051,-0.887572,0.629522,-0.114135,-1.071275,1.650608,-0.593095,-0.000000,-0.000000,0.000000,-0.000000,0.000000,0.757000,0.000000,0.169618,-0.000000
77.800000,0.033933,-0.024303,0.171951,-0.348914,0.177676,-0.143385,0.021510,0.236375,-0.354433,0.120999,0.000000,0.000000,0.000000,0.000000,0.000000,-0.230080,0.123807,-0.893633,1.757641,-0.869057,0.742728,-0.102874,-1.163388,1.709642,-0.560750,-0.000000,-0.000000,0.000000,-0.000000,0.000000,0.758000,0.000000,0.169618,-0.000000
77.900000,0.045752,-0.024657,0.178820,-0.351289,0.173480,-0.154360,0.020240,0.240243,-0.351522,0.114266,0.000000,0.000000,0.000000,0.000000,0.000000,-0.287388,0.124666,-0.928110,1.767964,-0.846354,0.825226,-0.094483,-1.219389,1.740382,-0.535992,0.000000,-0.000000,0.000000,0.000000,0.000000,0.759000,0.000000,0.169618,-0.000000
78.000000,0.056860,-0.024804,0.186005,-0.353142,0.168423,-0.165266,0.018816,0.243738,-0.348046,0.107288,0.000000,0.000000,0.000000,-0.000000,0.000000,-0.328295,0.125676,-0.979128,1.824927,-0.853420,0.878415,-0.086565,-1.237126,1.721153,-0.498696,-0.000000,-0.000000,-0.000000,0.000000,0.000000,0.760000,-0.000000,0.169618,0.000000
78.100000,0.068288,-0.024809,0.192556,-0.354499,0.163507,-0.175598,0.017232,0.247122,-0.343716,0.099500,0.000000,0.000000,0.000000,-0.000000,0.000000,-0.343104,0.126044,-1.027331,1.907487,-0.888127,0.928238,-0.077885,-1.253498,1.696634,-0.457112,-0.000000,-0.000000,-0.000000,-0.000000,0.000000,0.761000,-0.000000,0.169618,0.000000
78.200000,0.070594,-0.025517,0.210092,-0.391606,0.183222,-0.185088,0.015495,0.251082,-0.339159,0.090835,0.000000,0.000000,0.000000,-0.000000,0.000000,-0.293666,0.126663,-1.080694,2.106781,-1.033180,0.974157,-0.068465,-1.272413,1.670937,-0.411423,-0.000000,0.000000,0.000000,0.000000,0.000000,0.762000,-0.000000,0.169618,0.000000
78.300000,0.049378,-0.026350,0.231914,-0.459439,0.228725,-0.194532,0.013619,0.254576,-0.333958,0.081927,0.000000,0.000000,0.000000,-0.000000,0.000000,-0.107790,0.122442,-1.118674,2.370805,-1.255193,1.021450,-0.058376,-1.287718,1.642360,-0.366149,-0.000000,0.000000,-0.000000,-0.000000,0.000000,0.763000,-0.000000,0.169618,0.000000
78.400000,0.010979,-0.024510,0.214829,-0.480617,0.265947,-0.204043,0.011606,0.257521,-0.328152,0.072898,0.000000,0.000000,0.000000,-0.000000,0.000000,0.135816,0.105043,-0.942323,2.333623,-1.388847,1.070138,-0.047626,-1.299009,1.610391,-0.321164,0.000000,-0.000000,-0.000000,-0.000000,0.000000,0.764000,-0.000000,0.169618,0.000000
78.500000,-0.043764,-0.017845,0.163319,-0.425122,0.260923,-0.214582,0.009458,0.259036,-0.321768,0.064663,0.000000,0.000000,0.000000,-0.000000,0.000000,0.392846,0.069753,-0.636500,1.937402,-1.293759,1.123914,-0.036135,-1.302866,1.575001,-0.279727,-0.000000,-0.000000,0.000000,-0.000000,0.000000,0.765000,-0.000000,0.169618,0.000000
78.600000,-0.086948,-0.011066,0.101801,-0.334340,0.231516,-0.225037,0.007171,0.260196,-0.314861,0.056183,0.000000,0.000000,0.000000,-0.000000,0.000000,0.551767,0.040001,-0.355980,1.458534,-1.095814,1.177093,-0.024029,-1.305383,1.537515,-0.237300,-0.000000,0.000000,-0.000000,0.000000,0.000000,0.766000,-0.000000,0.169618,0.000000
78.700000,-0.094930,-0.009765,0.078243,-0.294389,0.215137,-0.235404,0.004691,0.260652,-0.306871,0.047109,0.000000,0.000000,0.000000,-0.000000,0.000000,0.515670,0.043022,-0.309822,1.324735,-1.009474,1.228970,-0.010953,-1.307242,1.497448,-0.191818,-0.000000,0.000000,0.000000,-0.000000,0.000000,0.767000,-0.000000,0.169618,0.000000
78.800000,-0.083999,-0.011794,0.088942,-0.301914,0.211886,-0.245634,0.002143,0.260980,-0.298705,0.038051,0.000000,0.000000,0.000000,-0.000000,0.000000,0.392989,0.063780,-0.448915,1.478134,-1.023820,1.280627,0.002485,-1.311810,1.461709,-0.148225,-0.000000,-0.000000,-0.000000,-0.000000,0.000000,0.768000,-0.000000,0.169618,0.000000
78.900000,-0.073207,-0.013659,0.099474,-0.308884,0.208302,-0.256042,-0.000546,0.261906,-0.291676,0.029428,0.000000,0.000000,0.000000,-0.000000,0.000000,0.312813,0.077220,-0.548957,1.577161,-1.022747,1.331498,0.016467,-1.321765,1.433533,-0.106391,0.000000,0.000000,-0.000000,0.000000,0.000000,0.769000,-0.000000,0.169618,0.000000
79.000000,-0.062508,-0.015426,0.110042,-0.315694,0.204630,-0.267103,-0.003393,0.265426,-0.289126,0.022572,0.000000,0.000000,0.000000,-0.000000,0.000000,0.259465,0.085333,-0.601732,1.609712,-1.003186,1.373726,0.025706,-1.368525,1.485079,-0.108586,-0.000000,-0.000000,-0.000000,0.000000,0.000000,0.770000,-0.000000,0.169618,0.000000
79.100000,-0.051967,-0.016973,0.120211,-0.321583,0.200427,-0.276658,-0.006349,0.270139,-0.286358,0.014217,0.000000,0.000000,0.000000,0.000000,0.000000,0.205296,0.092437,-0.649588,1.636286,-0.982533,1.386440,0.027727,-1.434011,1.582762,-0.139828,0.000000,0.000000,-0.000000,0.000000,0.000000,0.771000,0.000000,0.169618,-0.000000
79.200000,-0.041538,-0.018360,0.130173,-0.326925,0.195921,-0.277499,-0.005463,0.292302,-0.325040,0.031025,0.000000,0.000000,0.000000,0.000000,0.000000,0.150627,0.098771,-0.695245,1.659908,-0.961279,1.330503,0.007877,-1.556543,1.847863,-0.287305,0.000000,0.000000,0.000000,-0.000000,0.000000,0.772000,0.000000,0.169618,-0.000000
79.300000,-0.029747,-0.019706,0.138482,-0.331613,0.192472,-0.260478,0.002075,0.327938,-0.409486,0.081886,0.000000,0.000000,0.000000,0.000000,0.000000,0.089085,0.104877,-0.732547,1.680271,-0.945384,1.180640,-0.041710,-1.682114,2.245522,-0.571431,-0.000000,-0.000000,0.000000,0.000000,0.000000,0.773000,0.000000,0.169618,-0.000000
79.400000,-0.016936,-0.020969,0.145501,-0.335733,0.189798,-0.222969,0.012275,0.345952,-0.474558,0.131181,0.000000,0.000000,0.000000,0.000000,0.000000,0.022309,0.110592,-0.763670,1.698453,-0.933772,0.950019,-0.095509,-1.683420,2.455066,-0.790365,-0.000000,0.000000,-0.000000,0.000000,0.000000,0.774000,0.000000,0.169618,-0.000000
79.500000,-0.004178,-0.022057,0.152256,-0.339341,0.186906,-0.178246,0.019821,0.310440,-0.458726,0.151704,0.000000,0.000000,0.000000,0.000000,0.000000,-0.042891,0.115309,-0.795113,1.714763,-0.920078,0.737127,-0.124556,-1.443403,2.242175,-0.819125,0.000000,0.000000,-0.000000,0.000000,0.000000,0.775000,0.000000,0.169618,-0.000000
79.600000,0.008537,-0.022974,0.158892,-0.342679,0.183888,-0.142132,0.022747,0.254308,-0.393604,0.142428,0.000000,0.000000,0.000000,0.000000,0.000000,-0.106271,0.119036,-0.827517,1.729861,-0.904282,0.611858,-0.125750,-1.141373,1.828785,-0.703713,-0.000000,-0.000000,0.000000,0.000000,0.000000,0.776000,0.000000,0.169618,-0.000000
79.700000,0.021279,-0.023726,0.165534,-0.346036,0.180903,-0.132343,0.022623,0.232143,-0.356788,0.127492,0.000000,0.000000,0.000000,0.000000,0.000000,-0.168662,0.121873,-0.860967,1.745051,-0.887572,0.629522,-0.114135,-1.071275,1.650608,-0.593095,-0.000000,-0.000000,0.000000,-0.000000,0.000000,0.777000,0.000000,0.169618,-0.000000
79.800000,0.033933,-0.024303,0.171951,-0.348914,0.177676,-0.143385,0.021510,0.236375,-0.354433,0.120999,0.000000,0.000000,0.000000,0.000000,0.000000,-0.230080,0.123807,-0.893633,1.757641,-0.869057,0.742728,-0.102874,-1.163388,1.709642,-0.560750,-0.000000,-0.000000,0.000000,0.000000,0.000000,0.778000,0.000000,0.169618,-0.000000
79.900000,0.045752,-0.024657,0.178820,-0.351289,0.173480,-0.154360,0.020240,0.240243,-0.351522,0.114266,0.000000,0.000000,0.000000,0.000000,0.000000,-0.287388,0.124666,-0.928110,1.767964,-0.846354,0.825226,-0.094483,-1.219389,1.740382,-0.535992,-0.000000,-0.000000,-0.000000,-0.000000,0.000000,0.779000,0.000000,0.169618,-0.000000
80.000000,0.056860,-0.024804,0.186005,-0.353142,0.168423,-0.165266,0.018816,0.243738,-0.348046,0.107288,0.000000,0.000000,0.000000,-0.000000,0.000000,-0.328295,0.125676,-0.979128,1.824927,-0.853420,0.878415,-0.086565,-1.237126,1.721153,-0.498696,0.000000,0.000000,0.000000,-0.000000,0.000000,0.780000,-0.000000,0.169618,0.000000
80.100000,0.068288,-0.024809,0.192556,-0.354499,0.163507,-0.175598,0.017232,0.247122,-0.343716,0.099500,0.000000,0.000000,0.000000,-0.000000,0.000000,-0.343104,0.126044,-1.027331,1.907487,-0.888127,0.928238,-0.077885,-1.253498,1.696634,-0.457112,-0.000000,-0.000000,-0.000000,0.000000,0.000000,0.781000,-0.000000,0.169618,0.000000
80.200000,0.070594,-0.025517,0.210092,-0.391606,0.183222,-0.185088,0.015495,0.251082,-0.339159,0.090835,0.000000,0.000000,0.000000,-0.000000,0.000000,-0.293666,0.126663,-1.080694,2.106781,-1.033180,0.974157,-0.068465,-1.272413,1.670937,-0.411423,-0.000000,-0.000000,-0.000000,0.000000,0.000000,0.782000,-0.000000,0.169618,0.000000
80.300000,0.049378,-0.026350,0.231914,-0.459439,0.228725,-0.194532,0.013619,0.254576,-0.333958,0.081927,0.000000,0.000000,0.000000,-0.000000,0.000000,-0.107790,0.122442,-1.118674,2.370805,-1.255193,1.021450,-0.058376,-1.287718,1.642360,-0.366149,0.000000,-0.000000,-0.000000,-0.000000,0.000000,0.783000,-0.000000,0.169618,0.000000
80.400000,0.010979,-0.024510,0.214829,-0.480617,0.265947,-0.204043,0.011606,0.257521,-0.328152,0.072898,0.000000,0.000000,0.000000,-0.000000,0.000000,0.135816,0.105043,-0.942323,2.333623,-1.388847,1.070138,-0.047626,-1.299009,1.610391,-0.321164,-0.000000,-0.000000,0.000000,0.000000,0.000000,0.784000,-0.000000,0.169618,0.000000
80.500000,-0.043764,-0.017845,0.163319,-0.425122,0.260923,-0.214582,0.009458,0.259036,-0.321768,0.064663,0.000000,0.000000,0.000000,-0.000000,0.000000,0.392846,0.069753,-0.636500,1.937402,-1.293759,1.123914,-0.036135,-1.302866,1.575001,-0.279727,-0.000000,-0.000000,-0.000000,0.000000,0.000000,0.785000,-0.000000,0.169618,0.000000
80.600000,-0.086948,-0.011066,0.101801,-0.334340,0.231516,-0.225037,0.007171,0.260196,-0.314861,0.056183,0.000000,0.000000,0.000000,-0.000000,0.000000,0.551767,0.040001,-0.355980,1.458534,-1.095814,1.177093,-0.024029,-1.305383,1.537515,-0.237300,0.000000,0.000000,-0.000000,-0.000000,0.000000,0.786000,-0.000000,0.169618,0.000000
80.700000,-0.094930,-0.009765,0.078243,-0.294389,0.215137,-0.235404,0.004691,0.260652,-0.306871,0.047109,0.000000,0.000000,0.000000,-0.000000,0.000000,0.515670,0.043022,-0.309822,1.324735,-1.009474,1.228970,-0.010953,-1.307242,1.497448,-0.191818,-0.000000,0.000000,0.000000,-0.000000,0.000000,0.787000,-0.000000,0.169618,0.000000
80.800000,-0.083999,-0.011794,0.088942,-0.301914,0.211886,-0.245634,0.002143,0.260980,-0.298705,0.038051,0.000000,0.000000,0.000000,-0.000000,0.000000,0.392989,0.063780,-0.448915,1.478134,-1.023820,1.280627,0.002485,-1.311810,1.461709,-0.148225,0.000000,0.000000,0.000000,0.000000,0.000000,0.788000,-0.000000,0.169618,0.000000
80.900000,-0.073207,-0.013659,0.099474,-0.308884,0.208302,-0.256042,-0.000546,0.261906,-0.291676,0.029428,0.000000,0.000000,0.000000,-0.000000,0.000000,0.312813,0.077220,-0.548957,1.577161,-1.022747,1.331498,0.016467,-1.321765,1.433533,-0.106391,0.000000,0.000000,-0.000000,-0.000000,0.000000,0.789000,-0.000000,0.169618,0.000000
81.000000,-0.062508,-0.015426,0.110042,-0.315694,0.204630,-0.267103,-0.003393,0.265426,-0.289126,0.022572,0.000000,0.000000,0.000000,-0.000000,0.000000,0.259465,0.085333,-0.601732,1.609712,-1.003186,1.373726,0.025706,-1.368525,1.485079,-0.108586,0.000000,0.000000,-0.000000,0.000000,0.000000,0.790000,-0.000000,0.169618,0.000000
81.100000,-0.051967,-0.016973,0.120211,-0.321583,0.200427,-0.276658,-0.006349,0.270139,-0.286358,0.014217,0.000000,0.000000,0.000000,0.000000,0.000000,0.205296,0.092437,-0.649588,1.636286,-0.982533,1.386440,0.027727,-1.434011,1.582762,-0.139828,-0.000000,-0.000000,0.000000,0.000000,0.000000,0.791000,0.000000,0.169618,-0.000000
81.200000,-0.041538,-0.018360,0.130173,-0.326925,0.195921,-0.277499,-0.005463,0.292302,-0.325040,0.031025,0.000000,0.000000,0.000000,0.000000,0.000000,0.150627,0.098771,-0.695245,1.659908,-0.961279,1.330503,0.007877,-1.556543,1.847863,-0.287305,0.000000,0.000000,-0.000000,-0.000000,0.000000,0.792000,0.000000,0.169618,-0.000000
81.300000,-0.029747,-0.019706,0.138482,-0.331613,0.192472,-0.260478,0.002075,0.327938,-0.409486,0.081886,0.000000,0.000000,0.000000,0.000000,0.000000,0.089085,0.104877,-0.732547,1.680271,-0.945384,1.180640,-0.041710,-1.682114,2.245522,-0.571431,0.000000,-0.000000,0.000000,-0.000000,0.000000,0.793000,0.000000,0.169618,-0.000000
81.400000,-0.016936,-0.020969,0.145501,-0.335733,0.189798,-0.222969,0.012275,0.345952,-0.474558,0.131181,0.000000,0.000000,0.000000,0.000000,0.000000,0.022309,0.110592,-0.763670,1.698453,-0.933772,0.950019,-0.095509,-1.683420,2.455066,-0.790365,-0.000000,-0.000000,-0.000000,0.000000,0.000000,0.794000,0.000000,0.169618,-0.000000
81.500000,-0.004178,-0.022057,0.152256,-0.339341,0.186906,-0.178246,0.019821,0.310440,-0.458726,0.151704,0.000000,0.000000,0.000000,0.000000,0.000000,-0.042891,0.115309,-0.795113,1.714763,-0.920078,0.737127,-0.124556,-1.443403,2.242175,-0.819125,-0.000000,-0.000000,0.000000,-0.000000,0.000000,0.795000,0.000000,0.169618,-0.000000
81.600000,0.008537,-0.022974,0.158892,-0.342679,0.183888,-0.142132,0.022747,0.254308,-0.393604,0.142428,0.000000,0.000000,0.000000,0.000000,0.000000,-0.106271,0.119036,-0.827517,1.729861,-0.904282,0.611858,-0.125750,-1.141373,1.828785,-0.703713,0.000000,-0.000000,-0.000000,0.000000,0.000000,0.796000,0.000000,0.169618,-0.000000
81.700000,0.021279,-0.023726,0.165534,-0.346036,0.180903,-0.132343,0.022623,0.232143,-0.356788,0.127492,0.000000,0.000000,0.000000,0.000000,0.000000,-0.168662,0.121873,-0.860967,1.745051,-0.887572,0.629522,-0.114135,-1.071275,1.650608,-0.593095,0.000000,0.000000,-0.000000,-0.000000,0.000000,0.797000,0.000000,0.169618,-0.000000
81.800000,0.033933,-0.024303,0.171951,-0.348914,0.177676,-0.143385,0.021510,0.236375,-0.354433,0.120999,0.000000,0.000000,0.000000,0.000000,0.000000,-0.230080,0.123807,-0.893633,1.757641,-0.869057,0.742728,-0.102874,-1.163388,1.709642,-0.560750,-0.000000,0.000000,0.000000,-0.000000,0.000000,0.798000,0.000000,0.169618,-0.000000
81.900000,0.045752,-0.024657,0.178820,-0.351289,0.173480,-0.154360,0.020240,0.240243,-0.351522,0.114266,0.000000,0.000000,0.000000,0.000000,0.000000,-0.287388,0.124666,-0.928110,1.767964,-0.846354,0.825226,-0.094483,-1.219389,1.740382,-0.535992,0.000000,-0.000000,-0.000000,-0.000000,0.000000,0.799000,0.000000,0.169618,-0.000000
82.000000,0.056860,-0.024804,0.186005,-0.353142,0.168423,-0.165266,0.018816,0.243738,-0.348046,0.107288,0.000000,0.000000,0.000000,-0.000000,0.000000,-0.328295,0.125676,-0.979128,1.824927,-0.853420,0.878415,-0.086565,-1.237126,1.721153,-0.498696,-0.000000,0.000000,0.000000,-0.000000,0.000000,0.800000,-0.000000,0.169618,0.000000
82.100000,0.068288,-0.024809,0.192556,-0.354499,0.163507,-0.175598,0.017232,0.247122,-0.343716,0.099500,0.000000,0.000000,0.000000,-0.000000,0.000000,-0.343104,0.126044,-1.027331,1.907487,-0.888127,0.928238,-0.077885,-1.253498,1.696634,-0.457112,0.000000,0.000000,-0.000000,0.000000,0.000000,0.801000,-0.000000,0.169618,0.000000
82.200000,0.070594,-0.025517,0.210092,-0.391606,0.183222,-0.185088,0.015495,0.251082,-0.339159,0.090835,0.000000,0.000000,0.000000,-0.000000,0.000000,-0.293666,0.126663,-1.080694,2.106781,-1.033180,0.974157,-0.068465,-1.272413,1.670937,-0.411423,-0.000000,0.000000,0.000000,0.000000,0.000000,0.802000,-0.000000,0.169618,0.000000
82.300000,0.049378,-0.026350,0.231914,-0.459439,0.228725,-0.194532,0.013619,0.254576,-0.333958,0.081927,0.000000,0.000000,0.000000,-0.000000,0.000000,-0.107790,0.122442,-1.118674,2.370805,-1.255193,1.021450,-0.058376,-1.287718,1.642360,-0.366149,0.000000,0.000000,-0.000000,0.000000,0.000000,0.803000,-0.000000,0.169618,0.000000
82.400000,0.010979,-0.024510,0.214829,-0.480617,0.265947,-0.204043,0.011606,0.257521,-0.328152,0.072898,0.000000,0.000000,0.000000,-0.000000,0.000000,0.135816,0.105043,-0.942323,2.333623,-1.388847,1.070138,-0.047626,-1.299009,1.610391,-0.321164,0.000000,-0.000000,-0.000000,-0.000000,0.000000,0.804000,-0.000000,0.169618,0.000000
82.500000,-0.043764,-0.017845,0.163319,-0.425122,0.260923,-0.214582,0.009458,0.259036,-0.321768,0.064663,0.000000,0.000000,0.000000,-0.000000,0.000000,0.392846,0.069753,-0.636500,1.937402,-1.293759,1.123914,-0.036135,-1.302866,1.575001,-0.279727,-0.000000,-0.000000,-0.000000,-0.000000,0.000000,0.805000,-0.000000,0.169618,0.000000
82.600000,-0.086948,-0.011066,0.101801,-0.334340,0.231516,-0.225037,0.007171,0.260196,-0.314861,0.056183,0.000000,0.000000,0.000000,-0.000000,0.000000,0.551767,0.040001,-0.355980,1.458534,-1.095814,1.177093,-0.024029,-1.305383,1.537515,-0.237300,0.000000,0.000000,-0.000000,-0.000000,0.000000,0.806000,-0.000000,0.169618,0.000000
82.700000,-0.094930,-0.009765,0.078243,-0.294389,0.215137,-0.235404,0.004691,0.260652,-0.306871,0.047109,0.000000,0.000000,0.000000,-0.000000,0.000000,0.515670,0.043022,-0.309822,1.324735,-1.009474,1.228970,-0.010953,-1.307242,1.497448,-0.191818,-0.000000,-0.000000,0.000000,-0.000000,0.000000,0.807000,-0.000000,0.169618,0.000000
82.800000,-0.083999,-0.011794,0.088942,-0.301914,0.211886,-0.245634,0.002143,0.260980,-0.298705,0.038051,0.000000,0.000000,0.000000,-0.000000,0.000000,0.392989,0.063780,-0.448915,1.478134,-1.023820,1.280627,0.002485,-1.311810,1.461709,-0.148225,0.000000,0.000000,0.000000,-0.000000,0.000000,0.808000,-0.000000,0.169618,0.000000
82.900000,-0.073207,-0.013659,0.099474,-0.308884,0.208302,-0.256042,-0.000546,0.261906,-0.291676,0.029428,0.000000,0.000000,0.000000,-0.000000,0.000000,0.312813,0.077220,-0.548957,1.577161,-1.022747,1.331498,0.016467,-1.321765,1.433533,-0.106391,0.000000,0.000000,-0.000000,0.000000,0.000000,0.809000,-0.000000,0.169618,0.000000
83.000000,-0.062508,-0.015426,0.110042,-0.315694,0.204630,-0.267103,-0.003393,0.265426,-0.289126,0.022572,0.000000,0.000000,0.000000,-0.000000,0.000000,0.259465,0.085333,-0.601732,1.609712,-1.003186,1.373726,0.025706,-1.368525,1.485079,-0.108586,0.000000,0.000000,-0.000000,0.000000,0.000000,0.810000,-0.000000,0.169618,0.000000
83.100000,-0.051967,-0.016973,0.120211,-0.321583,0.200427,-0.276658,-0.006349,0.270139,-0.286358,0.014217,0.000000,0.000000,0.000000,0.000000,0.000000,0.205296,0.092437,-0.649588,1.636286,-0.982533,1.386440,0.027727,-1.434011,1.582762,-0.139828,-0.000000,-0.000000,0.000000,-0.000000,0.000000,0.811000,0.000000,0.169618,-0.000000
83.200000,-0.041538,-0.018360,0.130173,-0.326925,0.195921,-0.277499,-0.005463,0.292302,-0.325040,0.031025,0.000000,0.000000,0.000000,0.000000,0.000000,0.150627,0.098771,-0.695245,1.659908,-0.961279,1.330503,0.007877,-1.556543,1.847863,-0.287305,0.000000,-0.000000,0.000000,-0.000000,0.000000,0.812000,0.000000,0.169618,-0.000000
83.300000,-0.029747,-0.019706,0.138482,-0.331613,0.192472,-0.260478,0.002075,0.327938,-0.409486,0.081886,0.000000,0.000000,0.000000,0.000000,0.000000,0.089085,0.104877,-0.732547,1.680271,-0.945384,1.180640,-0.041710,-1.682114,2.245522,-0.571431,0.000000,0.000000,-0.000000,-0.000000,0.000000,0.813000,0.000000,0.169618,-0.000000
83.400000,-0.016936,-0.020969,0.145501,-0.335733,0.189798,-0.222969,0.012275,0.345952,-0.474558,0.131181,0.000000,0.000000,0.000000,0.000000,0.000000,0.022309,0.110592,-0.763670,1.698453,-0.933772,0.950019,-0.095509,-1.683420,2.455066,-0.790365,0.000000,0.000000,0.000000,-0.000000,0.000000,0.814000,0.000000,0.169618,-0.000000
83.500000,-0.004178,-0.022057,0.152256,-0.339341,0.186906,-0.178246,0.019821,0.310440,-0.458726,0.151704,0.000000,0.000000,0.000000,0.000000,0.000000,-0.042891,0.115309,-0.795113,1.714763,-0.920078,0.737127,-0.124556,-1.443403,2.242175,-0.819125,-0.000000,0.000000,0.000000,-0.000000,0.000000,0.815000,0.000000,0.169618,-0.000000
83.600000,0.008537,-0.022974,0.158892,-0.342679,0.183888,-0.142132,0.022747,0.254308,-0.393604,0.142428,0.000000,0.000000,0.000000,0.000000,0.000000,-0.106271,0.119036,-0.827517,1.729861,-0.904282,0.611858,-0.125750,-1.141373,1.828785,-0.703713,-0.000000,-0.000000,-0.000000,-0.000000,0.000000,0.816000,0.000000,0.169618,-0.000000
83.700000,0.021279,-0.023726,0.165534,-0.346036,0.180903,-0.132343,0.022623,0.232143,-0.356788,0.127492,0.000000,0.000000,0.000000,0.000000,0.000000,-0.168662,0.121873,-0.860967,1.745051,-0.887572,0.629522,-0.114135,-1.071275,1.650608,-0.593095,-0.000000,0.000000,-0.000000,-0.000000,0.000000,0.817000,0.000000,0.169618,-0.000000
83.800000,0.033933,-0.024303,0.171951,-0.348914,0.177676,-0.143385,0.021510,0.236375,-0.354433,0.120999,0.000000,0.000000,0.000000,0.000000,0.000000,-0.230080,0.123807,-0.893633,1.757641,-0.869057,0.742728,-0.102874,-1.163388,1.709642,-0.560750,0.000000,0.000000,0.000000,-0.000000,0.000000,0.818000,0.000000,0.169618,-0.000000
83.900000,0.045752,-0.024657,0.178820,-0.351289,0.173480,-0.154360,0.020240,0.240243,-0.351522,0.114266,0.000000,0.000000,0.000000,0.000000,0.000000,-0.287388,0.124666,-0.928110,1.767964,-0.846354,0.825226,-0.094483,-1.219389,1.740382,-0.535992,-0.000000,-0.000000,0.000000,-0.000000,0.000000,0.819000,0.000000,0.169618,-0.000000
84.000000,0.056860,-0.024804,0.186005,-0.353142,0.168423,-0.165266,0.018816,0.243738,-0.348046,0.107288,0.000000,0.000000,0.000000,-0.000000,0.000000,-0.328295,0.125676,-0.979128,1.824927,-0.853420,0.878415,-0.086565,-1.237126,1.721153,-0.498696,-0.000000,-0.000000,0.000000,-0.000000,0.000000,0.820000,-0.000000,0.169618,0.000000
84.100000,0.068288,-0.024809,0.192556,-0.354499,0.163507,-0.175598,0.017232,0.247122,-0.343716,0.099500,0.000000,0.000000,0.000000,-0.000000,0.000000,-0.343104,0.126044,-1.027331,1.907487,-0.888127,0.928238,-0.077885,-1.253498,1.696634,-0.457112,0.000000,0.000000,0.000000,-0.000000,0.000000,0.821000,-0.000000,0.169618,0.000000
84.200000,0.070594,-0.025517,0.210092,-0.391606,0.183222,-0.185088,0.015495,0.251082,-0.339159,0.090835,0.000000,0.000000,0.000000,-0.000000,0.000000,-0.293666,0.126663,-1.080694,2.106781,-1.033180,0.974157,-0.068465,-1.272413,1.670937,-0.411423,0.000000,0.000000,0.000000,-0.000000,0.000000,0.822000,-0.000000,0.169618,0.000000
84.300000,0.049378,-0.026350,0.231914,-0.459439,0.228725,-0.194532,0.013619,0.254576,-0.333958,0.081927,0.000000,0.000000,0.000000,-0.000000,0.000000,-0.107790,0.122442,-1.118674,2.370805,-1.255193,1.021450,-0.058376,-1.287718,1.642360,-0.366149,0.000000,0.000000,0.000000,-0.000000,0.000000,0.823000,-0.000000,0.169618,0.000000
84.400000,0.010979,-0.024510,0.214829,-0.480617,0.265947,-0.204043,0.011606,0.257521,-0.328152,0.072898,0.000000,0.000000,0.000000,-0.000000,0.000000,0.135816,0.105043,-0.942323,2.333623,-1.388847,1.070138,-0.047626,-1.299009,1.610391,-0.321164,0.000000,0.000000,-0.000000,0.000000,0.000000,0.824000,-0.000000,0.169618,0.000000
84.500000,-0.043764,-0.017845,0.163319,-0.425122,0.260923,-0.214582,0.009458,0.259036,-0.321768,0.064663,0.000000,0.000000,0.000000,-0.000000,0.000000,0.392846,0.069753,-0.636500,1.937402,-1.293759,1.123914,-0.036135,-1.302866,1.575001,-0.279727,-0.000000,0.000000,0.000000,0.000000,0.000000,0.825000,-0.000000,0.169618,0.000000
84.600000,-0.086948,-0.011066,0.101801,-0.334340,0.231516,-0.225037,0.007171,0.260196,-0.314861,0.056183,0.000000,0.000000,0.000000,-0.000000,0.000000,0.551767,0.040001,-0.355980,1.458534,-1.095814,1.177093,-0.024029,-1.305383,1.537515,-0.237300,-0.000000,-0.000000,-0.000000,-0.000000,0.000000,0.826000,-0.000000,0.169618,0.000000
84.700000,-0.094930,-0.009765,0.078243,-0.294389,0.215137,-0.235404,0.004691,0.260652,-0.306871,0.047109,0.000000,0.000000,0.000000,-0.000000,0.000000,0.515670,0.043022,-0.309822,1.324735,-1.009474,1.228970,-0.010953,-1.307242,1.497448,-0.191818,-0.000000,-0.000000,-0.000000,-0.000000,0.000000,0.827000,-0.000000,0.169618,0.000000
84.800000,-0.083999,-0.011794,0.088942,-0.301914,0.211886,-0.245634,0.002143,0.260980,-0.298705,0.038051,0.000000,0.000000,0.000000,-0.000000,0.000000,0.392989,0.063780,-0.448915,1.478134,-1.023820,1.280627,0.002485,-1.311810,1.461709,-0.148225,0.000000,0.000000,0.000000,-0.000000,0.000000,0.828000,-0.000000,0.169618,0.000000
84.900000,-0.073207,-0.013659,0.099474,-0.308884,0.208302,-0.256042,-0.000546,0.261906,-0.291676,0.029428,0.000000,0.000000,0.000000,-0.000000,0.000000,0.312813,0.077220,-0.548957,1.577161,-1.022747,1.331498,0.016467,-1.321765,1.433533,-0.106391,0.000000,0.000000,-0.000000,0.000000,0.000000,0.829000,-0.000000,0.169618,0.000000
85.000000,-0.062508,-0.015426,0.110042,-0.315694,0.204630,-0.267103,-0.003393,0.265426,-0.289126,0.022572,0.000000,0.000000,0.000000,-0.000000,0.000000,0.259465,0.085333,-0.601732,1.609712,-1.003186,1.373726,0.025706,-1.368525,1.485079,-0.108586,-0.000000,-0.000000,-0.000000,0.000000,0.000000,0.830000,-0.000000,0.169618,0.000000
85.100000,-0.051967,-0.016973,0.120211,-0.321583,0.200427,-0.276658,-0.006349,0.270139,-0.286358,0.014217,0.000000,0.000000,0.000000,0.000000,0.000000,0.205296,0.092437,-0.649588,1.636286,-0.982533,1.386440,0.027727,-1.434011,1.582762,-0.139828,0.000000,0.000000,0.000000,-0.000000,0.000000,0.831000,0.000000,0.169618,-0.000000
85.200000,-0.041538,-0.018360,0.130173,-0.326925,0.195921,-0.277499,-0.005463,0.292302,-0.325040,0.031025,0.000000,0.000000,0.000000,0.000000,0.000000,0.150627,0.098771,-0.695245,1.659908,-0.961279,1.330503,0.007877,-1.556543,1.847863,-0.287305,-0.000000,-0.000000,-0.000000,-0.000000,0.000000,0.832000,0.000000,0.169618,-0.000000
85.300000,-0.029747,-0.019706,0.138482,-0.331613,0.192472,-0.260478,0.002075,0.327938,-0.409486,0.081886,0.000000,0.000000,0.000000,0.000000,0.000000,0.089085,0.104877,-0.732547,1.680271,-0.945384,1.180640,-0.041710,-1.682114,2.245522,-0.571431,-0.000000,-0.000000,0.000000,-0.000000,0.000000,0.833000,0.000000,0.169618,-0.000000
85.400000,-0.016936,-0.020969,0.145501,-0.335733,0.189798,-0.222969,0.012275,0.345952,-0.474558,0.131181,0.000000,0.000000,0.000000,0.000000,0.000000,0.022309,0.110592,-0.763670,1.698453,-0.933772,0.950019,-0.095509,-1.683420,2.455066,-0.790365,0.000000,0.000000,-0.000000,0.000000,0.000000,0.834000,0.000000,0.169618,-0.000000
85.500000,-0.004178,-0.022057,0.152256,-0.339341,0.186906,-0.178246,0.019821,0.310440,-0.458726,0.151704,0.000000,0.000000,0.000000,0.000000,0.000000,-0.042891,0.115309,-0.795113,1.714763,-0.920078,0.737127,-0.124556,-1.443403,2.242175,-0.819125,-0.000000,-0.000000,-0.000000,-0.000000,0.000000,0.835000,0.000000,0.169618,-0.000000
85.600000,0.008537,-0.022974,0.158892,-0.342679,0.183888,-0.142132,0.022747,0.254308,-0.393604,0.142428,0.000000,0.000000,0.000000,0.000000,0.000000,-0.106271,0.119036,-0.827517,1.729861,-0.904282,0.611858,-0.125750,-1.141373,1.828785,-0.703713,0.000000,0.000000,-0.000000,0.000000,0.000000,0.836000,0.000000,0.169618,-0.000000
85.700000,0.021279,-0.023726,0.165534,-0.346036,0.180903,-0.132343,0.022623,0.232143,-0.356788,0.127492,0.000000,0.000000,0.000000,0.000000,0.000000,-0.168662,0.121873,-0.860967,1.745051,-0.887572,0.629522,-0.114135,-1.071275,1.650608,-0.593095,0.000000,0.000000,0.000000,-0.000000,0.000000,0.837000,0.000000,0.169618,-0.000000
85.800000,0.033933,-0.024303,0.171951,-0.348914,0.177676,-0.143385,0.021510,0.236375,-0.354433,0.120999,0.000000,0.000000,0.000000,0.000000,0.000000,-0.230080,0.123807,-0.893633,1.757641,-0.869057,0.742728,-0.102874,-1.163388,1.709642,-0.560750,-0.000000,0.000000,-0.000000,-0.000000,0.000000,0.838000,0.000000,0.169618,-0.000000
85.900000,0.045752,-0.024657,0.178820,-0.351289,0.173480,-0.154360,0.020240,0.240243,-0.351522,0.114266,0.000000,0.000000,0.000000,0.000000,0.000000,-0.287388,0.124666,-0.928110,1.767964,-0.846354,0.825226,-0.094483,-1.219389,1.740382,-0.535992,-0.000000,-0.000000,-0.000000,0.000000,0.000000,0.839000,0.000000,0.169618,-0.000000
86.000000,0.056860,-0.024804,0.186005,-0.353142,0.168423,-0.165266,0.018816,0.243738,-0.348046,0.107288,0.000000,0.000000,0.000000,-0.000000,0.000000,-0.328295,0.125676,-0.979128,1.824927,-0.853420,0.878415,-0.086565,-1.237126,1.721153,-0.498696,-0.000000,0.000000,-0.000000,-0.000000,0.000000,0.840000,-0.000000,0.169618,0.000000
86.100000,0.068288,-0.024809,0.192556,-0.354499,0.163507,-0.175598,0.017232,0.247122,-0.343716,0.099500,0.000000,0.000000,0.000000,-0.000000,0.000000,-0.343104,0.126044,-1.027331,1.907487,-0.888127,0.928238,-0.077885,-1.253498,1.696634,-0.457112,0.000000,0.000000,0.000000,-0.000000,0.000000,0.841000,-0.000000,0.169618,0.000000
86.200000,0.070594,-0.025517,0.210092,-0.391606,0.183222,-0.185088,0.015495,0.251082,-0.339159,0.090835,0.000000,0.000000,0.000000,-0.000000,0.000000,-0.293666,0.126663,-1.080694,2.106781,-1.033180,0.974157,-0.068465,-1.272413,1.670937,-0.411423,-0.000000,0.000000,-0.000000,0.000000,0.000000,0.842000,-0.000000,0.169618,0.000000
86.300000,0.049378,-0.026350,0.231914,-0.459439,0.228725,-0.194532,0.013619,0.254576,-0.333958,0.081927,0.000000,0.000000,0.000000,-0.000000,0.000000,-0.107790,0.122442,-1.118674,2.370805,-1.255193,1.021450,-0.058376,-1.287718,1.642360,-0.366149,0.000000,0.000000,-0.000000,-0.000000,0.000000,0.843000,-0.000000,0.169618,0.000000
86.400000,0.010979,-0.024510,0.214829,-0.480617,0.265947,-0.204043,0.011606,0.257521,-0.328152,0.072898,0.000000,0.000000,0.000000,-0.000000,0.000000,0.135816,0.105043,-0.942323,2.333623,-1.388847,1.070138,-0.047626,-1.299009,1.610391,-0.321164,-0.000000,-0.000000,0.000000,-0.000000,0.000000,0.844000,-0.000000,0.169618,0.000000
86.500000,-0.043764,-0.017845,0.163319,-0.425122,0.260923,-0.214582,0.009458,0.259036,-0.321768,0.064663,0.000000,0.000000,0.000000,-0.000000,0.000000,0.392846,0.069753,-0.636500,1.937402,-1.293759,1.123914,-0.036135,-1.302866,1.575001,-0.279727,-0.000000,-0.000000,0.000000,0.000000,0.000000,0.845000,-0.000000,0.169618,0.000000
86.600000,-0.086948,-0.011066,0.101801,-0.334340,0.231516,-0.225037,0.007171,0.260196,-0.314861,0.056183,0.000000,0.000000,0.000000,-0.000000,0.000000,0.551767,0.040001,-0.355980,1.458534,-1.095814,1.177093,-0.024029,-1.305383,1.537515,-0.237300,-0.000000,-0.000000,0.000000,0.000000,0.000000,0.846000,-0.000000,0.169618,0.000000
86.700000,-0.094930,-0.009765,0.078243,-0.294389,0.215137,-0.235404,0.004691,0.260652,-0.306871,0.047109,0.000000,0.000000,0.000000,-0.000000,0.000000,0.515670,0.043022,-0.309822,1.324735,-1.009474,1.228970,-0.010953,-1.307242,1.497448,-0.191818,0.000000,0.000000,-0.000000,-0.000000,0.000000,0.847000,-0.000000,0.169618,0.000000
86.800000,-0.083999,-0.011794,0.088942,-0.301914,0.211886,-0.245634,0.002143,0.260980,-0.298705,0.038051,0.000000,0.000000,0.000000,-0.000000,0.000000,0.392989,0.063780,-0.448915,1.478134,-1.023820,1.280627,0.002485,-1.311810,1.461709,-0.148225,-0.000000,-0.000000,0.000000,-0.000000,0.000000,0.848000,-0.000000,0.169618,0.000000
86.900000,-0.073207,-0.013659,0.099474,-0.308884,0.208302,-0.256042,-0.000546,0.261906,-0.291676,0.029428,0.000000,0.000000,0.000000,-0.000000,0.000000,0.312813,0.077220,-0.548957,1.577161,-1.022747,1.331498,0.016467,-1.321765,1.433533,-0.106391,0.000000,-0.000000,-0.000000,0.000000,0.000000,0.849000,-0.000000,0.169618,0.000000
87.000000,-0.062508,-0.015426,0.110042,-0.315694,0.204630,-0.267103,-0.003393,0.265426,-0.289126,0.022572,0.000000,0.000000,0.000000,-0.000000,0.000000,0.259465,0.085333,-0.601732,1.609712,-1.003186,1.373726,0.025706,-1.368525,1.485079,-0.108586,0.000000,0.000000,-0.000000,0.000000,0.000000,0.850000,-0.000000,0.169618,0.000000
87.100000,-0.051967,-0.016973,0.120211,-0.321583,0.200427,-0.276658,-0.006349,0.270139,-0.286358,0.014217,0.000000,0.000000,0.000000,0.000000,0.000000,0.205296,0.092437,-0.649588,1.636286,-0.982533,1.386440,0.027727,-1.434011,1.582762,-0.139828,0.000000,0.000000,-0.000000,0.000000,0.000000,0.851000,0.000000,0.169618,-0.000000
87.200000,-0.041538,-0.018360,0.130173,-0.326925,0.195921,-0.277499,-0.005463,0.292302,-0.325040,0.031025,0.000000,0.000000,0.000000,0.000000,0.000000,0.150627,0.098771,-0.695245,1.659908,-0.961279,1.330503,0.007877,-1.556543,1.847863,-0.287305,0.000000,0.000000,0.000000,0.000000,0.000000,0.852000,0.000000,0.169618,-0.000000
87.300000,-0.029747,-0.019706,0.138482,-0.331613,0.192472,-0.260478,0.002075,0.327938,-0.409486,0.081886,0.000000,0.000000,0.000000,0.000000,0.000000,0.089085,0.104877,-0.732547,1.680271,-0.945384,1.180640,-0.041710,-1.682114,2.245522,-0.571431,0.000000,-0.000000,0.000000,-0.000000,0.000000,0.853000,0.000000,0.169618,-0.000000
87.400000,-0.016936,-0.020969,0.145501,-0.335733,0.189798,-0.222969,0.012275,0.345952,-0.474558,0.131181,0.000000,0.000000,0.000000,0.000000,0.000000,0.022309,0.110592,-0.763670,1.698453,-0.933772,0.950019,-0.095509,-1.683420,2.455066,-0.790365,-0.000000,-0.000000,-0.000000,0.000000,0.000000,0.854000,0.000000,0.169618,-0.000000
87.500000,-0.004178,-0.022057,0.152256,-0.339341,0.186906,-0.178246,0.019821,0.310440,-0.458726,0.151704,0.000000,0.000000,0.000000,0.000000,0.000000,-0.042891,0.115309,-0.795113,1.714763,-0.920078,0.737127,-0.124556,-1.443403,2.242175,-0.819125,0.000000,0.000000,0.000000,0.000000,0.000000,0.855000,0.000000,0.169618,-0.000000
87.600000,0.008537,-0.022974,0.158892,-0.342679,0.183888,-0.142132,0.022747,0.254308,-0.393604,0.142428,0.000000,0.000000,0.000000,0.000000,0.000000,-0.106271,0.119036,-0.827517,1.729861,-0.904282,0.611858,-0.125750,-1.141373,1.828785,-0.703713,-0.000000,-0.000000,0.000000,-0.000000,0.000000,0.856000,0.000000,0.169618,-0.000000
87.700000,0.021279,-0.023726,0.165534,-0.346036,0.180903,-0.132343,0.022623,0.232143,-0.356788,0.127492,0.000000,0.000000,0.000000,0.000000,0.000000,-0.168662,0.121873,-0.860967,1.745051,-0.887572,0.629522,-0.114135,-1.071275,1.650608,-0.593095,0.000000,0.000000,-0.000000,-0.000000,0.000000,0.857000,0.000000,0.169618,-0.000000
87.800000,0.033933,-0.024303,0.171951,-0.348914,0.177676,-0.143385,0.021510,0.236375,-0.354433,0.120999,0.000000,0.000000,0.000000,0.000000,0.000000,-0.230080,0.123807,-0.893633,1.757641,-0.869057,0.742728,-0.102874,-1.163388,1.709642,-0.560750,0.000000,0.000000,-0.000000,0.000000,0.000000,0.858000,0.000000,0.169618,-0.000000
87.900000,0.045752,-0.024657,0.178820,-0.351289,0.173480,-0.154360,0.020240,0.240243,-0.351522,0.114266,0.000000,0.000000,0.000000,0.000000,0.000000,-0.287388,0.124666,-0.928110,1.767964,-0.846354,0.825226,-0.094483,-1.219389,1.740382,-0.535992,0.000000,-0.000000,-0.000000,-0.000000,0.000000,0.859000,0.000000,0.169618,-0.000000
88.000000,0.056860,-0.024804,0.186005,-0.353142,0.168423,-0.165266,0.018816,0.243738,-0.348046,0.107288,0.000000,0.000000,0.000000,-0.000000,0.000000,-0.328295,0.125676,-0.979128,1.824927,-0.853420,0.878415,-0.086565,-1.237126,1.721153,-0.498696,0.000000,0.000000,0.000000,-0.000000,0.000000,0.860000,-0.000000,0.169618,0.000000
88.100000,0.068288,-0.024809,0.192556,-0.354499,0.163507,-0.175598,0.017232,0.247122,-0.343716,0.099500,0.000000,0.000000,0.000000,-0.000000,0.000000,-0.343104,0.126044,-1.027331,1.907487,-0.888127,0.928238,-0.077885,-1.253498,1.696634,-0.457112,-0.000000,-0.000000,-0.000000,-0.000000,0.000000,0.861000,-0.000000,0.169618,0.000000
88.200000,0.070594,-0.025517,0.210092,-0.391606,0.183222,-0.185088,0.015495,0.251082,-0.339159,0.090835,0.000000,0.000000,0.000000,-0.000000,0.000000,-0.293666,0.126663,-1.080694,2.106781,-1.033180,0.974157,-0.068465,-1.272413,1.670937,-0.411423,-0.000000,-0.000000,0.000000,0.000000,0.000000,0.862000,-0.000000,0.169618,0.000000
88.300000,0.049378,-0.026350,0.231914,-0.459439,0.228725,-0.194532,0.013619,0.254576,-0.333958,0.081927,0.000000,0.000000,0.000000,-0.000000,0.000000,-0.107790,0.122442,-1.118674,2.370805,-1.255193,1.021450,-0.058376,-1.287718,1.642360,-0.366149,0.000000,-0.000000,-0.000000,-0.000000,0.000000,0.863000,-0.000000,0.169618,0.000000
88.400000,0.010979,-0.024510,0.214829,-0.480617,0.265947,-0.204043,0.011606,0.257521,-0.328152,0.072898,0.000000,0.000000,0.000000,-0.000000,0.000000,0.135816,0.105043,-0.942323,2.333623,-1.388847,1.070138,-0.047626,-1.299009,1.610391,-0.321164,-0.000000,-0.000000,0.000000,-0.000000,0.000000,0.864000,-0.000000,0.169618,0.000000
88.500000,-0.043764,-0.017845,0.163319,-0.425122,0.260923,-0.214582,0.009458,0.259036,-0.321768,0.064663,0.000000,0.000000,0.000000,-0.000000,0.000000,0.392846,0.069753,-0.636500,1.937402,-1.293759,1.123914,-0.036135,-1.302866,1.575001,-0.279727,0.000000,-0.000000,-0.000000,0.000000,0.000000,0.865000,-0.000000,0.169618,0.000000
88.600000,-0.086948,-0.011066,0.101801,-0.334340,0.231516,-0.225037,0.007171,0.260196,-0.314861,0.056183,0.000000,0.000000,0.000000,-0.000000,0.000000,0.551767,0.040001,-0.355980,1.458534,-1.095814,1.177093,-0.024029,-1.305383,1.537515,-0.237300,-0.000000,-0.000000,0.000000,-0.000000,0.000000,0.866000,-0.000000,0.169618,0.000000
88.700000,-0.094930,-0.009765,0.078243,-0.294389,0.215137,-0.235404,0.004691,0.260652,-0.306871,0.047109,0.000000,0.000000,0.000000,-0.000000,0.000000,0.515670,0.043022,-0.309822,1.324735,-1.009474,1.228970,-0.010953,-1.307242,1.497448,-0.191818,0.000000,0.000000,0.000000,0.000000,0.000000,0.867000,-0.000000,0.169618,0.000000
88.800000,-0.083999,-0.011794,0.088942,-0.301914,0.211886,-0.245634,0.002143,0.260980,-0.298705,0.038051,0.000000,0.000000,0.000000,-0.000000,0.000000,0.392989,0.063780,-0.448915,1.478134,-1.023820,1.280627,0.002485,-1.311810,1.461709,-0.148225,-0.000000,-0.000000,-0.000000,0.000000,0.000000,0.868000,-0.000000,0.169618,0.000000
88.900000,-0.073207,-0.013659,0.099474,-0.308884,0.208302,-0.256042,-0.000546,0.261906,-0.291676,0.029428,0.000000,0.000000,0.000000,-0.000000,0.000000,0.312813,0.077220,-0.548957,1.577161,-1.022747,1.331498,0.016467,-1.321765,1.433533,-0.106391,0.000000,-0.000000,-0.000000,0.000000,0.000000,0.869000,-0.000000,0.169618,0.000000
89.000000,-0.062508,-0.015426,0.110042,-0.315694,0.204630,-0.267103,-0.003393,0.265426,-0.289126,0.022572,0.000000,0.000000,0.000000,-0.000000,0.000000,0.259465,0.085333,-0.601732,1.609712,-1.003186,1.373726,0.025706,-1.368525,1.485079,-0.108586,0.000000,-0.000000,-0.000000,0.000000,0.000000,0.870000,-0.000000,0.169618,0.000000
89.100000,-0.051967,-0.016973,0.120211,-0.321583,0.200427,-0.276658,-0.006349,0.270139,-0.286358,0.014217,0.000000,0.000000,0.000000,0.000000,0.000000,0.205296,0.092437,-0.649588,1.636286,-0.982533,1.386440,0.027727,-1.434011,1.582762,-0.139828,-0.000000,0.000000,0.000000,-0.000000,0.000000,0.871000,0.000000,0.169618,-0.000000
89.200000,-0.041538,-0.018360,0.130173,-0.326925,0.195921,-0.277499,-0.005463,0.292302,-0.325040,0.031025,0.000000,0.000000,0.000000,0.000000,0.000000,0.150627,0.098771,-0.695245,1.659908,-0.961279,1.330503,0.007877,-1.556543,1.847863,-0.287305,0.000000,0.000000,-0.000000,0.000000,0.000000,0.872000,0.000000,0.169618,-0.000000
89.300000,-0.029747,-0.019706,0.138482,-0.331613,0.192472,-0.260478,0.002075,0.327938,-0.409486,0.081886,0.000000,0.000000,0.000000,0.000000,0.000000,0.089085,0.104877,-0.732547,1.680271,-0.945384,1.180640,-0.041710,-1.682114,2.245522,-0.571431,0.000000,0.000000,-0.000000,0.000000,0.000000,0.873000,0.000000,0.169618,-0.000000
89.400000,-0.016936,-0.020969,0.145501,-0.335733,0.189798,-0.222969,0.012275,0.345952,-0.474558,0.131181,0.000000,0.000000,0.000000,0.000000,0.000000,0.022309,0.110592,-0.763670,1.698453,-0.933772,0.950019,-0.095509,-1.683420,2.455066,-0.790365,0.000000,-0.000000,0.000000,-0.000000,0.000000,0.874000,0.000000,0.169618,-0.000000
89.500000,-0.004178,-0.022057,0.152256,-0.339341,0.186906,-0.178246,0.019821,0.310440,-0.458726,0.151704,0.000000,0.000000,0.000000,0.000000,0.000000,-0.042891,0.115309,-0.795113,1.714763,-0.920078,0.737127,-0.124556,-1.443403,2.242175,-0.819125,-0.000000,0.000000,-0.000000,-0.000000,0.000000,0.875000,0.000000,0.169618,-0.000000
89.600000,0.008537,-0.022974,0.158892,-0.342679,0.183888,-0.142132,0.022747,0.254308,-0.393604,0.142428,0.000000,0.000000,0.000000,0.000000,0.000000,-0.106271,0.119036,-0.827517,1.729861,-0.904282,0.611858,-0.125750,-1.141373,1.828785,-0.703713,-0.000000,-0.000000,-0.000000,-0.000000,0.000000,0.876000,0.000000,0.169618,-0.000000
89.700000,0.021279,-0.023726,0.165534,-0.346036,0.180903,-0.132343,0.022623,0.232143,-0.356788,0.127492,0.000000,0.000000,0.000000,0.000000,0.000000,-0.168662,0.121873,-0.860967,1.745051,-0.887572,0.629522,-0.114135,-1.071275,1.650608,-0.593095,0.000000,0.000000,-0.000000,0.000000,0.000000,0.877000,0.000000,0.169618,-0.000000
89.800000,0.033933,-0.024303,0.171951,-0.348914,0.177676,-0.143385,0.021510,0.236375,-0.354433,0.120999,0.000000,0.000000,0.000000,0.000000,0.000000,-0.230080,0.123807,-0.893633,1.757641,-0.869057,0.742728,-0.102874,-1.163388,1.709642,-0.560750,-0.000000,-0.000000,-0.000000,0.000000,0.000000,0.878000,0.000000,0.169618,-0.000000
89.900000,0.045752,-0.024657,0.178820,-0.351289,0.173480,-0.154360,0.020240,0.240243,-0.351522,0.114266,0.000000,0.000000,0.000000,0.000000,0.000000,-0.287388,0.124666,-0.928110,1.767964,-0.846354,0.825226,-0.094483,-1.219389,1.740382,-0.535992,-0.000000,-0.000000,-0.000000,0.000000,0.000000,0.879000,0.000000,0.169618,-0.000000
90.000000,0.056860,-0.024804,0.186005,-0.353142,0.168423,-0.165266,0.018816,0.243738,-0.348046,0.107288,0.000000,0.000000,0.000000,-0.000000,0.000000,-0.328295,0.125676,-0.979128,1.824927,-0.853420,0.878415,-0.086565,-1.237126,1.721153,-0.498696,0.000000,-0.000000,-0.000000,0.000000,0.000000,0.880000,-0.000000,0.169618,0.000000
90.100000,0.068288,-0.024809,0.192556,-0.354499,0.163507,-0.175598,0.017232,0.247122,-0.343716,0.099500,0.000000,0.000000,0.000000,-0.000000,0.000000,-0.343104,0.126044,-1.027331,1.907487,-0.888127,0.928238,-0.077885,-1.253498,1.696634,-0.457112,0.000000,0.000000,-0.000000,-0.000000,0.000000,0.881000,-0.000000,0.169618,0.000000
90.200000,0.070594,-0.025517,0.210092,-0.391606,0.183222,-0.185088,0.015495,0.251082,-0.339159,0.090835,0.000000,0.000000,0.000000,-0.000000,0.000000,-0.293666,0.126663,-1.080694,2.106781,-1.033180,0.974157,-0.068465,-1.272413,1.670937,-0.411423,-0.000000,-0.000000,0.000000,-0.000000,0.000000,0.882000,-0.000000,0.169618,0.000000
90.300000,0.049378,-0.026350,0.231914,-0.459439,0.228725,-0.194532,0.013619,0.254576,-0.333958,0.081927,0.000000,0.000000,0.000000,-0.000000,0.000000,-0.107790,0.122442,-1.118674,2.370805,-1.255193,1.021450,-0.058376,-1.287718,1.642360,-0.366149,0.000000,0.000000,0.000000,-0.000000,0.000000,0.883000,-0.000000,0.169618,0.000000
90.400000,0.010979,-0.024510,0.214829,-0.480617,0.265947,-0.204043,0.011606,0.257521,-0.328152,0.072898,0.000000,0.000000,0.000000,-0.000000,0.000000,0.135816,0.105043,-0.942323,2.333623,-1.388847,1.070138,-0.047626,-1.299009,1.610391,-0.321164,0.000000,-0.000000,0.000000,0.000000,0.000000,0.884000,-0.000000,0.169618,0.000000
90.500000,-0.043764,-0.017845,0.163319,-0.425122,0.260923,-0.214582,0.009458,0.259036,-0.321768,0.064663,0.000000,0.000000,0.000000,-0.000000,0.000000,0.392846,0.069753,-0.636500,1.937402,-1.293759,1.123914,-0.036135,-1.302866,1.575001,-0.279727,0.000000,-0.000000,-0.000000,0.000000,0.000000,0.885000,-0.000000,0.169618,0.000000
90.600000,-0.086948,-0.011066,0.101801,-0.334340,0.231516,-0.225037,0.007171,0.260196,-0.314861,0.056183,0.000000,0.000000,0.000000,-0.000000,0.000000,0.551767,0.040001,-0.355980,1.458534,-1.095814,1.177093,-0.024029,-1.305383,1.537515,-0.237300,-0.000000,-0.000000,-0.000000,-0.000000,0.000000,0.886000,-0.000000,0.169618,0.000000
90.700000,-0.094930,-0.009765,0.078243,-0.294389,0.215137,-0.235404,0.004691,0.260652,-0.306871,0.047109,0.000000,0.000000,0.000000,-0.000000,0.000000,0.515670,0.043022,-0.309822,1.324735,-1.009474,1.228970,-0.010953,-1.307242,1.497448,-0.191818,0.000000,-0.000000,0.000000,-0.000000,0.000000,0.887000,-0.000000,0.169618,0.000000
90.800000,-0.083999,-0.011794,0.088942,-0.301914,0.211886,-0.245634,0.002143,0.260980,-0.298705,0.038051,0.000000,0.000000,0.000000,-0.000000,0.000000,0.392989,0.063780,-0.448915,1.478134,-1.023820,1.280627,0.002485,-1.311810,1.461709,-0.148225,0.000000,0.000000,0.000000,0.000000,0.000000,0.888000,-0.000000,0.169618,0.000000
90.900000,-0.073207,-0.013659,0.099474,-0.308884,0.208302,-0.256042,-0.000546,0.261906,-0.291676,0.029428,0.000000,0.000000,0.000000,-0.000000,0.000000,0.312813,0.077220,-0.548957,1.577161,-1.022747,1.331498,0.016467,-1.321765,1.433533,-0.106391,0.000000,0.000000,-0.000000,-0.000000,0.000000,0.889000,-0.000000,0.169618,0.000000
91.000000,-0.062508,-0.015426,0.110042,-0.315694,0.204630,-0.267103,-0.003393,0.265426,-0.289126,0.022572,0.000000,0.000000,0.000000,-0.000000,0.000000,0.259465,0.085333,-0.601732,1.609712,-1.003186,1.373726,0.025706,-1.368525,1.485079,-0.108586,0.000000,0.000000,-0.000000,-0.000000,0.000000,0.890000,-0.000000,0.169618,0.000000
91.100000,-0.051967,-0.016973,0.120211,-0.321583,0.200427,-0.276658,-0.006349,0.270139,-0.286358,0.014217,0.000000,0.000000,0.000000,0.000000,0.000000,0.205296,0.092437,-0.649588,1.636286,-0.982533,1.386440,0.027727,-1.434011,1.582762,-0.139828,0.000000,-0.000000,0.000000,-0.000000,0.000000,0.891000,0.000000,0.169618,-0.000000
91.200000,-0.041538,-0.018360,0.130173,-0.326925,0.195921,-0.277499,-0.005463,0.292302,-0.325040,0.031025,0.000000,0.000000,0.000000,0.000000,0.000000,0.150627,0.098771,-0.695245,1.659908,-0.961279,1.330503,0.007877,-1.556543,1.847863,-0.287305,-0.000000,-0.000000,-0.000000,0.000000,0.000000,0.892000,0.000000,0.169618,-0.000000
91.300000,-0.029747,-0.019706,0.138482,-0.331613,0.192472,-0.260478,0.002075,0.327938,-0.409486,0.081886,0.000000,0.000000,0.000000,0.000000,0.000000,0.089085,0.104877,-0.732547,1.680271,-0.945384,1.180640,-0.041710,-1.682114,2.245522,-0.571431,0.000000,0.000000,-0.000000,0.000000,0.000000,0.893000,0.000000,0.169618,-0.000000
91.400000,-0.016936,-0.020969,0.145501,-0.335733,0.189798,-0.222969,0.012275,0.345952,-0.474558,0.131181,0.000000,0.000000,0.000000,0.000000,0.000000,0.022309,0.110592,-0.763670,1.698453,-0.933772,0.950019,-0.095509,-1.683420,2.455066,-0.790365,0.000000,0.000000,-0.000000,0.000000,0.000000,0.894000,0.000000,0.169618,-0.000000
91.500000,-0.004178,-0.022057,0.152256,-0.339341,0.186906,-0.178246,0.019821,0.310440,-0.458726,0.151704,0.000000,0.000000,0.000000,0.000000,0.000000,-0.042891,0.115309,-0.795113,1.714763,-0.920078,0.737127,-0.124556,-1.443403,2.242175,-0.819125,-0.000000,0.000000,0.000000,-0.000000,0.000000,0.895000,0.000000,0.169618,-0.000000
91.600000,0.008537,-0.022974,0.158892,-0.342679,0.183888,-0.142132,0.022747,0.254308,-0.393604,0.142428,0.000000,0.000000,0.000000,0.000000,0.000000,-0.106271,0.119036,-0.827517,1.729861,-0.904282,0.611858,-0.125750,-1.141373,1.828785,-0.703713,0.000000,0.000000,0.000000,-0.000000,0.000000,0.896000,0.000000,0.169618,-0.000000
91.700000,0.021279,-0.023726,0.165534,-0.346036,0.180903,-0.132343,0.022623,0.232143,-0.356788,0.127492,0.000000,0.000000,0.000000,0.000000,0.000000,-0.168662,0.121873,-0.860967,1.745051,-0.887572,0.629522,-0.114135,-1.071275,1.650608,-0.593095,-0.000000,-0.000000,-0.000000,-0.000000,0.000000,0.897000,0.000000,0.169618,-0.000000
91.800000,0.033933,-0.024303,0.171951,-0.348914,0.177676,-0.143385,0.021510,0.236375,-0.354433,0.120999,0.000000,0.000000,0.000000,0.000000,0.000000,-0.230080,0.123807,-0.893633,1.757641,-0.869057,0.742728,-0.102874,-1.163388,1.709642,-0.560750,-0.000000,0.000000,-0.000000,-0.000000,0.000000,0.898000,0.000000,0.169618,-0.000000
91.900000,0.045752,-0.024657,0.178820,-0.351289,0.173480,-0.154360,0.020240,0.240243,-0.351522,0.114266,0.000000,0.000000,0.000000,0.000000,0.000000,-0.287388,0.124666,-0.928110,1.767964,-0.846354,0.825226,-0.094483,-1.219389,1.740382,-0.535992,0.000000,0.000000,0.000000,0.000000,0.000000,0.899000,0.000000,0.169618,-0.000000
92.000000,0.056860,-0.024804,0.186005,-0.353142,0.168423,-0.165266,0.018816,0.243738,-0.348046,0.107288,0.000000,0.000000,0.000000,-0.000000,0.000000,-0.328295,0.125676,-0.979128,1.824927,-0.853420,0.878415,-0.086565,-1.237126,1.721153,-0.498696,-0.000000,-0.000000,0.000000,-0.000000,0.000000,0.900000,-0.000000,0.169618,0.000000
92.100000,0.068288,-0.024809,0.192556,-0.354499,0.163507,-0.175598,0.017232,0.247122,-0.343716,0.099500,0.000000,0.000000,0.000000,-0.000000,0.000000,-0.343104,0.126044,-1.027331,1.907487,-0.888127,0.928238,-0.077885,-1.253498,1.696634,-0.457112,-0.000000,0.000000,0.000000,-0.000000,0.000000,0.901000,-0.000000,0.169618,0.000000
92.200000,0.070594,-0.025517,0.210092,-0.391606,0.183222,-0.185088,0.015495,0.251082,-0.339159,0.090835,0.000000,0.000000,0.000000,-0.000000,0.000000,-0.293666,0.126663,-1.080694,2.106781,-1.033180,0.974157,-0.068465,-1.272413,1.670937,-0.411423,0.000000,0.000000,-0.000000,0.000000,0.000000,0.902000,-0.000000,0.169618,0.000000
92.300000,0.049378,-0.026350,0.231914,-0.459439,0.228725,-0.194532,0.013619,0.254576,-0.333958,0.081927,0.000000,0.000000,0.000000,-0.000000,0.000000,-0.107790,0.122442,-1.118674,2.370805,-1.255193,1.021450,-0.058376,-1.287718,1.642360,-0.366149,0.000000,0.000000,0.000000,0.000000,0.000000,0.903000,-0.000000,0.169618,0.000000
92.400000,0.010979,-0.024510,0.214829,-0.480617,0.265947,-0.204043,0.011606,0.257521,-0.328152,0.072898,0.000000,0.000000,0.000000,-0.000000,0.000000,0.135816,0.105043,-0.942323,2.333623,-1.388847,1.070138,-0.047626,-1.299009,1.610391,-0.321164,-0.000000,-0.000000,-0.000000,0.000000,0.000000,0.904000,-0.000000,0.169618,0.000000
92.500000,-0.043764,-0.017845,0.163319,-0.425122,0.260923,-0.214582,0.009458,0.259036,-0.321768,0.064663,0.000000,0.000000,0.000000,-0.000000,0.000000,0.392846,0.069753,-0.636500,1.937402,-1.293759,1.123914,-0.036135,-1.302866,1.575001,-0.279727,-0.000000,-0.000000,-0.000000,-0.000000,0.000000,0.905000,-0.000000,0.169618,0.000000
92.600000,-0.086948,-0.011066,0.101801,-0.334340,0.231516,-0.225037,0.007171,0.260196,-0.314861,0.056183,0.000000,0.000000,0.000000,-0.000000,0.000000,0.551767,0.040001,-0.355980,1.458534,-1.095814,1.177093,-0.024029,-1.305383,1.537515,-0.237300,-0.000000,-0.000000,-0.000000,-0.000000,0.000000,0.906000,-0.000000,0.169618,0.000000
92.700000,-0.094930,-0.009765,0.078243,-0.294389,0.215137,-0.235404,0.004691,0.260652,-0.306871,0.047109,0.000000,0.000000,0.000000,-0.000000,0.000000,0.515670,0.043022,-0.309822,1.324735,-1.009474,1.228970,-0.010953,-1.307242,1.497448,-0.191818,-0.000000,0.000000,-0.000000,-0.000000,0.000000,0.907000,-0.000000,0.169618,0.000000
92.800000,-0.083999,-0.011794,0.088942,-0.301914,0.211886,-0.245634,0.002143,0.260980,-0.298705,0.038051,0.000000,0.000000,0.000000,-0.000000,0.000000,0.392989,0.063780,-0.448915,1.478134,-1.023820,1.280627,0.002485,-1.311810,1.461709,-0.148225,0.000000,0.000000,-0.000000,0.000000,0.000000,0.908000,-0.000000,0.169618,0.000000
92.900000,-0.073207,-0.013659,0.099474,-0.308884,0.208302,-0.256042,-0.000546,0.261906,-0.291676,0.029428,0.000000,0.000000,0.000000,-0.000000,0.000000,0.312813,0.077220,-0.548957,1.577161,-1.022747,1.331498,0.016467,-1.321765,1.433533,-0.106391,0.000000,0.000000,-0.000000,0.000000,0.000000,0.909000,-0.000000,0.169618,0.000000
93.000000,-0.062508,-0.015426,0.110042,-0.315694,0.204630,-0.267103,-0.003393,0.265426,-0.289126,0.022572,0.000000,0.000000,0.000000,-0.000000,0.000000,0.259465,0.085333,-0.601732,1.609712,-1.003186,1.373726,0.025706,-1.368525,1.485079,-0.108586,-0.000000,-0.000000,-0.000000,0.000000,0.000000,0.910000,-0.000000,0.169618,0.000000
93.100000,-0.051967,-0.016973,0.120211,-0.321583,0.200427,-0.276658,-0.006349,0.270139,-0.286358,0.014217,0.000000,0.000000,0.000000,0.000000,0.000000,0.205296,0.092437,-0.649588,1.636286,-0.982533,1.386440,0.027727,-1.434011,1.582762,-0.139828,-0.000000,-0.000000,-0.000000,0.000000,0.000000,0.911000,0.000000,0.169618,-0.000000
93.200000,-0.041538,-0.018360,0.130173,-0.326925,0.195921,-0.277499,-0.005463,0.292302,-0.325040,0.031025,0.000000,0.000000,0.000000,0.000000,0.000000,0.150627,0.098771,-0.695245,1.659908,-0.961279,1.330503,0.007877,-1.556543,1.847863,-0.287305,0.000000,0.000000,0.000000,0.000000,0.000000,0.912000,0.000000,0.169618,-0.000000
93.300000,-0.029747,-0.019706,0.138482,-0.331613,0.192472,-0.260478,0.002075,0.327938,-0.409486,0.081886,0.000000,0.000000,0.000000,0.000000,0.000000,0.089085,0.104877,-0.732547,1.680271,-0.945384,1.180640,-0.041710,-1.682114,2.245522,-0.571431,0.000000,-0.000000,0.000000,0.000000,0.000000,0.913000,0.000000,0.169618,-0.000000
93.400000,-0.016936,-0.020969,0.145501,-0.335733,0.189798,-0.222969,0.012275,0.345952,-0.474558,0.131181,0.000000,0.000000,0.000000,0.000000,0.000000,0.022309,0.110592,-0.763670,1.698453,-0.933772,0.950019,-0.095509,-1.683420,2.455066,-0.790365,-0.000000,0.000000,-0.000000,-0.000000,0.000000,0.914000,0.000000,0.169618,-0.000000
93.500000,-0.004178,-0.022057,0.152256,-0.339341,0.186906,-0.178246,0.019821,0.310440,-0.458726,0.151704,0.000000,0.000000,0.000000,0.000000,0.000000,-0.042891,0.115309,-0.795113,1.714763,-0.920078,0.737127,-0.124556,-1.443403,2.242175,-0.819125,0.000000,0.000000,-0.000000,-0.000000,0.000000,0.915000,0.000000,0.169618,-0.000000
93.600000,0.008537,-0.022974,0.158892,-0.342679,0.183888,-0.142132,0.022747,0.254308,-0.393604,0.142428,0.000000,0.000000,0.000000,0.000000,0.000000,-0.106271,0.119036,-0.827517,1.729861,-0.904282,0.611858,-0.125750,-1.141373,1.828785,-0.703713,0.000000,-0.000000,-0.000000,-0.000000,0.000000,0.916000,0.000000,0.169618,-0.000000
93.700000,0.021279,-0.023726,0.165534,-0.346036,0.180903,-0.132343,0.022623,0.232143,-0.356788,0.127492,0.000000,0.000000,0.000000,0.000000,0.000000,-0.168662,0.121873,-0.860967,1.745051,-0.887572,0.629522,-0.114135,-1.071275,1.650608,-0.593095,-0.000000,-0.000000,0.000000,-0.000000,0.000000,0.917000,0.000000,0.169618,-0.000000
93.800000,0.033933,-0.024303,0.171951,-0.348914,0.177676,-0.143385,0.021510,0.236375,-0.354433,0.120999,0.000000,0.000000,0.000000,0.000000,0.000000,-0.230080,0.123807,-0.893633,1.757641,-0.869057,0.742728,-0.102874,-1.163388,1.709642,-0.560750,0.000000,0.000000,-0.000000,0.000000,0.000000,0.918000,0.000000,0.169618,-0.000000
93.900000,0.045752,-0.024657,0.178820,-0.351289,0.173480,-0.154360,0.020240,0.240243,-0.351522,0.114266,0.000000,0.000000,0.000000,0.000000,0.000000,-0.287388,0.124666,-0.928110,1.767964,-0.846354,0.825226,-0.094483,-1.219389,1.740382,-0.535992,-0.000000,-0.000000,-0.000000,-0.000000,0.000000,0.919000,0.000000,0.169618,-0.000000
94.000000,0.056860,-0.024804,0.186005,-0.353142,0.168423,-0.165266,0.018816,0.243738,-0.348046,0.107288,0.000000,0.000000,0.000000,-0.000000,0.000000,-0.328295,0.125676,-0.979128,1.824927,-0.853420,0.878415,-0.086565,-1.237126,1.721153,-0.498696,0.000000,0.000000,0.000000,-0.000000,0.000000,0.920000,-0.000000,0.169618,0.000000
94.100000,0.068288,-0.024809,0.192556,-0.354499,0.163507,-0.175598,0.017232,0.247122,-0.343716,0.099500,0.000000,0.000000,0.000000,-0.000000,0.000000,-0.343104,0.126044,-1.027331,1.907487,-0.888127,0.928238,-0.077885,-1.253498,1.696634,-0.457112,-0.000000,-0.000000,-0.000000,-0.000000,0.000000,0.921000,-0.000000,0.169618,0.000000
94.200000,0.070594,-0.025517,0.210092,-0.391606,0.183222,-0.185088,0.015495,0.251082,-0.339159,0.090835,0.000000,0.000000,0.000000,-0.000000,0.000000,-0.293666,0.126663,-1.080694,2.106781,-1.033180,0.974157,-0.068465,-1.272413,1.670937,-0.411423,0.000000,0.000000,-0.000000,0.000000,0.000000,0.922000,-0.000000,0.169618,0.000000
94.300000,0.049378,-0.026350,0.231914,-0.459439,0.228725,-0.194532,0.013619,0.254576,-0.333958,0.081927,0.000000,0.000000,0.000000,-0.000000,0.000000,-0.107790,0.122442,-1.118674,2.370805,-1.255193,1.021450,-0.058376,-1.287718,1.642360,-0.366149,0.000000,0.000000,-0.000000,0.000000,0.000000,0.923000,-0.000000,0.169618,0.000000
94.400000,0.010979,-0.024510,0.214829,-0.480617,0.265947,-0.204043,0.011606,0.257521,-0.328152,0.072898,0.000000,0.000000,0.000000,-0.000000,0.000000,0.135816,0.105043,-0.942323,2.333623,-1.388847,1.070138,-0.047626,-1.299009,1.610391,-0.321164,0.000000,0.000000,0.000000,0.000000,0.000000,0.924000,-0.000000,0.169618,0.000000
94.500000,-0.043764,-0.017845,0.163319,-0.425122,0.260923,-0.214582,0.009458,0.259036,-0.321768,0.064663,0.000000,0.000000,0.000000,-0.000000,0.000000,0.392846,0.069753,-0.636500,1.937402,-1.293759,1.123914,-0.036135,-1.302866,1.575001,-0.279727,-0.000000,-0.000000,-0.000000,0.000000,0.000000,0.925000,-0.000000,0.169618,0.000000
94.600000,-0.086948,-0.011066,0.101801,-0.334340,0.231516,-0.225037,0.007171,0.260196,-0.314861,0.056183,0.000000,0.000000,0.000000,-0.000000,0.000000,0.551767,0.040001,-0.355980,1.458534,-1.095814,1.177093,-0.024029,-1.305383,1.537515,-0.237300,0.000000,0.000000,-0.000000,-0.000000,0.000000,0.926000,-0.000000,0.169618,0.000000
94.700000,-0.094930,-0.009765,0.078243,-0.294389,0.215137,-0.235404,0.004691,0.260652,-0.306871,0.047109,0.000000,0.000000,0.000000,-0.000000,0.000000,0.515670,0.043022,-0.309822,1.324735,-1.009474,1.228970,-0.010953,-1.307242,1.497448,-0.191818,-0.000000,-0.000000,0.000000,-0.000000,0.000000,0.927000,-0.000000,0.169618,0.000000
94.800000,-0.083999,-0.011794,0.088942,-0.301914,0.211886,-0.245634,0.002143,0.260980,-0.298705,0.038051,0.000000,0.000000,0.000000,-0.000000,0.000000,0.392989,0.063780,-0.448915,1.478134,-1.023820,1.280627,0.002485,-1.311810,1.461709,-0.148225,0.000000,-0.000000,0.000000,-0.000000,0.000000,0.928000,-0.000000,0.169618,0.000000
94.900000,-0.073207,-0.013659,0.099474,-0.308884,0.208302,-0.256042,-0.000546,0.261906,-0.291676,0.029428,0.000000,0.000000,0.000000,-0.000000,0.000000,0.312813,0.077220,-0.548957,1.577161,-1.022747,1.331498,0.016467,-1.321765,1.433533,-0.106391,0.000000,0.000000,0.000000,0.000000,0.000000,0.929000,-0.000000,0.169618,0.000000
95.000000,-0.062508,-0.015426,0.110042,-0.315694,0.204630,-0.267103,-0.003393,0.265426,-0.289126,0.022572,0.000000,0.000000,0.000000,-0.000000,0.000000,0.259465,0.085333,-0.601732,1.609712,-1.003186,1.373726,0.025706,-1.368525,1.485079,-0.108586,0.000000,-0.000000,-0.000000,0.000000,0.000000,0.930000,-0.000000,0.169618,0.000000
95.100000,-0.051967,-0.016973,0.120211,-0.321583,0.200427,-0.276658,-0.006349,0.270139,-0.286358,0.014217,0.000000,0.000000,0.000000,0.000000,0.000000,0.205296,0.092437,-0.649588,1.636286,-0.982533,1.386440,0.027727,-1.434011,1.582762,-0.139828,0.000000,0.000000,0.000000,0.000000,0.000000,0.931000,0.000000,0.169618,-0.000000
95.200000,-0.041538,-0.018360,0.130173,-0.326925,0.195921,-0.277499,-0.005463,0.292302,-0.325040,0.031025,0.000000,0.000000,0.000000,0.000000,0.000000,0.150627,0.098771,-0.695245,1.659908,-0.961279,1.330503,0.007877,-1.556543,1.847863,-0.287305,0.000000,0.000000,0.000000,-0.000000,0.000000,0.932000,0.000000,0.169618,-0.000000
95.300000,-0.029747,-0.019706,0.138482,-0.331613,0.192472,-0.260478,0.002075,0.327938,-0.409486,0.081886,0.000000,0.000000,0.000000,0.000000,0.000000,0.089085,0.104877,-0.732547,1.680271,-0.945384,1.180640,-0.041710,-1.682114,2.245522,-0.571431,0.000000,0.000000,-0.000000,0.000000,0.000000,0.933000,0.000000,0.169618,-0.000000
95.400000,-0.016936,-0.020969,0.145501,-0.335733,0.189798,-0.222969,0.012275,0.345952,-0.474558,0.131181,0.000000,0.000000,0.000000,0.000000,0.000000,0.022309,0.110592,-0.763670,1.698453,-0.933772,0.950019,-0.095509,-1.683420,2.455066,-0.790365,-0.000000,0.000000,0.000000,0.000000,0.000000,0.934000,0.000000,0.169618,-0.000000
95.500000,-0.004178,-0.022057,0.152256,-0.339341,0.186906,-0.178246,0.019821,0.310440,-0.458726,0.151704,0.000000,0.000000,0.000000,0.000000,0.000000,-0.042891,0.115309,-0.795113,1.714763,-0.920078,0.737127,-0.124556,-1.443403,2.242175,-0.819125,0.000000,0.000000,-0.000000,-0.000000,0.000000,0.935000,0.000000,0.169618,-0.000000
95.600000,0.008537,-0.022974,0.158892,-0.342679,0.183888,-0.142132,0.022747,0.254308,-0.393604,0.142428,0.000000,0.000000,0.000000,0.000000,0.000000,-0.106271,0.119036,-0.827517,1.729861,-0.904282,0.611858,-0.125750,-1.141373,1.828785,-0.703713,-0.000000,-0.000000,-0.000000,-0.000000,0.000000,0.936000,0.000000,0.169618,-0.000000
95.700000,0.021279,-0.023726,0.165534,-0.346036,0.180903,-0.132343,0.022623,0.232143,-0.356788,0.127492,0.000000,0.000000,0.000000,0.000000,0.000000,-0.168662,0.121873,-0.860967,1.745051,-0.887572,0.629522,-0.114135,-1.071275,1.650608,-0.593095,0.000000,-0.000000,0.000000,-0.000000,0.000000,0.937000,0.000000,0.169618,-0.000000
95.800000,0.033933,-0.024303,0.171951,-0.348914,0.177676,-0.143385,0.021510,0.236375,-0.354433,0.120999,0.000000,0.000000,0.000000,0.000000,0.000000,-0.230080,0.123807,-0.893633,1.757641,-0.869057,0.742728,-0.102874,-1.163388,1.709642,-0.560750,-0.000000,0.000000,-0.000000,0.000000,0.000000,0.938000,0.000000,0.169618,-0.000000
95.900000,0.045752,-0.024657,0.178820,-0.351289,0.173480,-0.154360,0.020240,0.240243,-0.351522,0.114266,0.000000,0.000000,0.000000,0.000000,0.000000,-0.287388,0.124666,-0.928110,1.767964,-0.846354,0.825226,-0.094483,-1.219389,1.740382,-0.535992,-0.000000,0.000000,-0.000000,0.000000,0.000000,0.939000,0.000000,0.169618,-0.000000
96.000000,0.056860,-0.024804,0.186005,-0.353142,0.168423,-0.165266,0.018816,0.243738,-0.348046,0.107288,0.000000,0.000000,0.000000,-0.000000,0.000000,-0.328295,0.125676,-0.979128,1.824927,-0.853420,0.878415,-0.086565,-1.237126,1.721153,-0.498696,0.000000,0.000000,0.000000,-0.000000,0.000000,0.940000,-0.000000,0.169618,0.000000
96.100000,0.068288,-0.024809,0.192556,-0.354499,0.163507,-0.175598,0.017232,0.247122,-0.343716,0.099500,0.000000,0.000000,0.000000,-0.000000,0.000000,-0.343104,0.126044,-1.027331,1.907487,-0.888127,0.928238,-0.077885,-1.253498,1.696634,-0.457112,-0.000000,0.000000,0.000000,-0.000000,0.000000,0.941000,-0.000000,0.169618,0.000000
96.200000,0.070594,-0.025517,0.210092,-0.391606,0.183222,-0.185088,0.015495,0.251082,-0.339159,0.090835,0.000000,0.000000,0.000000,-0.000000,0.000000,-0.293666,0.126663,-1.080694,2.106781,-1.033180,0.974157,-0.068465,-1.272413,1.670937,-0.411423,-0.000000,0.000000,-0.000000,0.000000,0.000000,0.942000,-0.000000,0.169618,0.000000
96.300000,0.049378,-0.026350,0.231914,-0.459439,0.228725,-0.194532,0.013619,0.254576,-0.333958,0.081927,0.000000,0.000000,0.000000,-0.000000,0.000000,-0.107790,0.122442,-1.118674,2.370805,-1.255193,1.021450,-0.058376,-1.287718,1.642360,-0.366149,0.000000,0.000000,0.000000,0.000000,0.000000,0.943000,-0.000000,0.169618,0.000000
96.400000,0.010979,-0.024510,0.214829,-0.480617,0.265947,-0.204043,0.011606,0.257521,-0.328152,0.072898,0.000000,0.000000,0.000000,-0.000000,0.000000,0.135816,0.105043,-0.942323,2.333623,-1.388847,1.070138,-0.047626,-1.299009,1.610391,-0.321164,-0.000000,-0.000000,-0.000000,-0.000000,0.000000,0.944000,-0.000000,0.169618,0.000000
96.500000,-0.043764,-0.017845,0.163319,-0.425122,0.260923,-0.214582,0.009458,0.259036,-0.321768,0.064663,0.000000,0.000000,0.000000,-0.000000,0.000000,0.392846,0.069753,-0.636500,1.937402,-1.293759,1.123914,-0.036135,-1.302866,1.575001,-0.279727,0.000000,0.000000,-0.000000,0.000000,0.000000,0.945000,-0.000000,0.169618,0.000000
96.600000,-0.086948,-0.011066,0.101801,-0.334340,0.231516,-0.225037,0.007171,0.260196,-0.314861,0.056183,0.000000,0.000000,0.000000,-0.000000,0.000000,0.551767,0.040001,-0.355980,1.458534,-1.095814,1.177093,-0.024029,-1.305383,1.537515,-0.237300,-0.000000,-0.000000,-0.000000,-0.000000,0.000000,0.946000,-0.000000,0.169618,0.000000
96.700000,-0.094930,-0.009765,0.078243,-0.294389,0.215137,-0.235404,0.004691,0.260652,-0.306871,0.047109,0.000000,0.000000,0.000000,-0.000000,0.000000,0.515670,0.043022,-0.309822,1.324735,-1.009474,1.228970,-0.010953,-1.307242,1.497448,-0.191818,-0.000000,0.000000,0.000000,-0.000000,0.000000,0.947000,-0.000000,0.169618,0.000000
96.800000,-0.083999,-0.011794,0.088942,-0.301914,0.211886,-0.245634,0.002143,0.260980,-0.298705,0.038051,0.000000,0.000000,0.000000,-0.000000,0.000000,0.392989,0.063780,-0.448915,1.478134,-1.023820,1.280627,0.002485,-1.311810,1.461709,-0.148225,0.000000,-0.000000,0.000000,-0.000000,0.000000,0.948000,-0.000000,0.169618,0.000000
96.900000,-0.073207,-0.013659,0.099474,-0.308884,0.208302,-0.256042,-0.000546,0.261906,-0.291676,0.029428,0.000000,0.000000,0.000000,-0.000000,0.000000,0.312813,0.077220,-0.548957,1.577161,-1.022747,1.331498,0.016467,-1.321765,1.433533,-0.106391,0.000000,-0.000000,0.000000,-0.000000,0.000000,0.949000,-0.000000,0.169618,0.000000
97.000000,-0.062508,-0.015426,0.110042,-0.315694,0.204630,-0.267103,-0.003393,0.265426,-0.289126,0.022572,0.000000,0.000000,0.000000,-0.000000,0.000000,0.259465,0.085333,-0.601732,1.609712,-1.003186,1.373726,0.025706,-1.368525,1.485079,-0.108586,0.000000,-0.000000,0.000000,0.000000,0.000000,0.950000,-0.000000,0.169618,0.000000
97.100000,-0.051967,-0.016973,0.120211,-0.321583,0.200427,-0.276658,-0.006349,0.270139,-0.286358,0.014217,0.000000,0.000000,0.000000,0.000000,0.000000,0.205296,0.092437,-0.649588,1.636286,-0.982533,1.386440,0.027727,-1.434011,1.582762,-0.139828,-0.000000,-0.000000,-0.000000,0.000000,0.000000,0.951000,0.000000,0.169618,-0.000000
97.200000,-0.041538,-0.018360,0.130173,-0.326925,0.195921,-0.277499,-0.005463,0.292302,-0.325040,0.031025,0.000000,0.000000,0.000000,0.000000,0.000000,0.150627,0.098771,-0.695245,1.659908,-0.961279,1.330503,0.007877,-1.556543,1.847863,-0.287305,-0.000000,-0.000000,0.000000,-0.000000,0.000000,0.952000,0.000000,0.169618,-0.000000
97.300000,-0.029747,-0.019706,0.138482,-0.331613,0.192472,-0.260478,0.002075,0.327938,-0.409486,0.081886,0.000000,0.000000,0.000000,0.000000,0.000000,0.089085,0.104877,-0.732547,1.680271,-0.945384,1.180640,-0.041710,-1.682114,2.245522,-0.571431,0.000000,0.000000,-0.000000,0.000000,0.000000,0.953000,0.000000,0.169618,-0.000000
97.400000,-0.016936,-0.020969,0.145501,-0.335733,0.189798,-0.222969,0.012275,0.345952,-0.474558,0.131181,0.000000,0.000000,0.000000,0.000000,0.000000,0.022309,0.110592,-0.763670,1.698453,-0.933772,0.950019,-0.095509,-1.683420,2.455066,-0.790365,0.000000,0.000000,-0.000000,-0.000000,0.000000,0.954000,0.000000,0.169618,-0.000000
97.500000,-0.004178,-0.022057,0.152256,-0.339341,0.186906,-0.178246,0.019821,0.310440,-0.458726,0.151704,0.000000,0.000000,0.000000,0.000000,0.000000,-0.042891,0.115309,-0.795113,1.714763,-0.920078,0.737127,-0.124556,-1.443403,2.242175,-0.819125,-0.000000,0.000000,0.000000,0.000000,0.000000,0.955000,0.000000,0.169618,-0.000000
97.600000,0.008537,-0.022974,0.158892,-0.342679,0.183888,-0.142132,0.022747,0.254308,-0.393604,0.142428,0.000000,0.000000,0.000000,0.000000,0.000000,-0.106271,0.119036,-0.827517,1.729861,-0.904282,0.611858,-0.125750,-1.141373,1.828785,-0.703713,0.000000,-0.000000,0.000000,-0.000000,0.000000,0.956000,0.000000,0.169618,-0.000000
97.700000,0.021279,-0.023726,0.165534,-0.346036,0.180903,-0.132343,0.022623,0.232143,-0.356788,0.127492,0.000000,0.000000,0.000000,0.000000,0.000000,-0.168662,0.121873,-0.860967,1.745051,-0.887572,0.629522,-0.114135,-1.071275,1.650608,-0.593095,-0.000000,-0.000000,-0.000000,-0.000000,0.000000,0.957000,0.000000,0.169618,-0.000000
97.800000,0.033933,-0.024303,0.171951,-0.348914,0.177676,-0.143385,0.021510,0.236375,-0.354433,0.120999,0.000000,0.000000,0.000000,0.000000,0.000000,-0.230080,0.123807,-0.893633,1.757641,-0.869057,0.742728,-0.102874,-1.163388,1.709642,-0.560750,-0.000000,-0.000000,0.000000,0.000000,0.000000,0.958000,0.000000,0.169618,-0.000000
97.900000,0.045752,-0.024657,0.178820,-0.351289,0.173480,-0.154360,0.020240,0.240243,-0.351522,0.114266,0.000000,0.000000,0.000000,0.000000,0.000000,-0.287388,0.124666,-0.928110,1.767964,-0.846354,0.825226,-0.094483,-1.219389,1.740382,-0.535992,-0.000000,0.000000,0.000000,0.000000,0.000000,0.959000,0.000000,0.169618,-0.000000
98.000000,0.056860,-0.024804,0.186005,-0.353142,0.168423,-0.165266,0.018816,0.243738,-0.348046,0.107288,0.000000,0.000000,0.000000,-0.000000,0.000000,-0.328295,0.125676,-0.979128,1.824927,-0.853420,0.878415,-0.086565,-1.237126,1.721153,-0.498696,-0.000000,0.000000,0.000000,-0.000000,0.000000,0.960000,-0.000000,0.169618,0.000000
98.100000,0.068288,-0.024809,0.192556,-0.354499,0.163507,-0.175598,0.017232,0.247122,-0.343716,0.099500,0.000000,0.000000,0.000000,-0.000000,0.000000,-0.343104,0.126044,-1.027331,1.907487,-0.888127,0.928238,-0.077885,-1.253498,1.696634,-0.457112,-0.000000,-0.000000,-0.000000,-0.000000,0.000000,0.961000,-0.000000,0.169618,0.000000
98.200000,0.070594,-0.025517,0.210092,-0.391606,0.183222,-0.185088,0.015495,0.251082,-0.339159,0.090835,0.000000,0.000000,0.000000,-0.000000,0.000000,-0.293666,0.126663,-1.080694,2.106781,-1.033180,0.974157,-0.068465,-1.272413,1.670937,-0.411423,-0.000000,-0.000000,0.000000,-0.000000,0.000000,0.962000,-0.000000,0.169618,0.000000
98.300000,0.049378,-0.026350,0.231914,-0.459439,0.228725,-0.194532,0.013619,0.254576,-0.333958,0.081927,0.000000,0.000000,0.000000,-0.000000,0.000000,-0.107790,0.122442,-1.118674,2.370805,-1.255193,1.021450,-0.058376,-1.287718,1.642360,-0.366149,0.000000,0.000000,0.000000,0.000000,0.000000,0.963000,-0.000000,0.169618,0.000000
98.400000,0.010979,-0.024510,0.214829,-0.480617,0.265947,-0.204043,0.011606,0.257521,-0.328152,0.072898,0.000000,0.000000,0.000000,-0.000000,0.000000,0.135816,0.105043,-0.942323,2.333623,-1.388847,1.070138,-0.047626,-1.299009,1.610391,-0.321164,-0.000000,-0.000000,-0.000000,-0.000000,0.000000,0.964000,-0.000000,0.169618,0.000000
98.500000,-0.043764,-0.017845,0.163319,-0.425122,0.260923,-0.214582,0.009458,0.259036,-0.321768,0.064663,0.000000,0.000000,0.000000,-0.000000,0.000000,0.392846,0.069753,-0.636500,1.937402,-1.293759,1.123914,-0.036135,-1.302866,1.575001,-0.279727,-0.000000,0.000000,-0.000000,0.000000,0.000000,0.965000,-0.000000,0.169618,0.000000
98.600000,-0.086948,-0.011066,0.101801,-0.334340,0.231516,-0.225037,0.007171,0.260196,-0.314861,0.056183,0.000000,0.000000,0.000000,-0.000000,0.000000,0.551767,0.040001,-0.355980,1.458534,-1.095814,1.177093,-0.024029,-1.305383,1.537515,-0.237300,-0.000000,-0.000000,-0.000000,0.000000,0.000000,0.966000,-0.000000,0.169618,0.000000
98.700000,-0.094930,-0.009765,0.078243,-0.294389,0.215137,-0.235404,0.004691,0.260652,-0.306871,0.047109,0.000000,0.000000,0.000000,-0.000000,0.000000,0.515670,0.043022,-0.309822,1.324735,-1.009474,1.228970,-0.010953,-1.307242,1.497448,-0.191818,-0.000000,0.000000,0.000000,-0.000000,0.000000,0.967000,-0.000000,0.169618,0.000000
98.800000,-0.083999,-0.011794,0.088942,-0.301914,0.211886,-0.245634,0.002143,0.260980,-0.298705,0.038051,0.000000,0.000000,0.000000,-0.000000,0.000000,0.392989,0.063780,-0.448915,1.478134,-1.023820,1.280627,0.002485,-1.311810,1.461709,-0.148225,0.000000,-0.000000,0.000000,-0.000000,0.000000,0.968000,-0.000000,0.169618,0.000000
98.900000,-0.073207,-0.013659,0.099474,-0.308884,0.208302,-0.256042,-0.000546,0.261906,-0.291676,0.029428,0.000000,0.000000,0.000000,-0.000000,0.000000,0.312813,0.077220,-0.548957,1.577161,-1.022747,1.331498,0.016467,-1.321765,1.433533,-0.106391,0.000000,-0.000000,-0.000000,-0.000000,0.000000,0.969000,-0.000000,0.169618,0.000000
99.000000,-0.062508,-0.015426,0.110042,-0.315694,0.204630,-0.267103,-0.003393,0.265426,-0.289126,0.022572,0.000000,0.000000,0.000000,-0.000000,0.000000,0.259465,0.085333,-0.601732,1.609712,-1.003186,1.373726,0.025706,-1.368525,1.485079,-0.108586,-0.000000,-0.000000,-0.000000,0.000000,0.000000,0.970000,-0.000000,0.169618,0.000000
99.100000,-0.051967,-0.016973,0.120211,-0.321583,0.200427,-0.276658,-0.006349,0.270139,-0.286358,0.014217,0.000000,0.000000,0.000000,0.000000,0.000000,0.205296,0.092437,-0.649588,1.636286,-0.982533,1.386440,0.027727,-1.434011,1.582762,-0.139828,-0.000000,-0.000000,0.000000,0.000000,0.000000,0.971000,0.000000,0.169618,-0.000000
99.200000,-0.041538,-0.018360,0.130173,-0.326925,0.195921,-0.277499,-0.005463,0.292302,-0.325040,0.031025,0.000000,0.000000,0.000000,0.000000,0.000000,0.150627,0.098771,-0.695245,1.659908,-0.961279,1.330503,0.007877,-1.556543,1.847863,-0.287305,-0.000000,-0.000000,0.000000,-0.000000,0.000000,0.972000,0.000000,0.169618,-0.000000
99.300000,-0.029747,-0.019706,0.138482,-0.331613,0.192472,-0.260478,0.002075,0.327938,-0.409486,0.081886,0.000000,0.000000,0.000000,0.000000,0.000000,0.089085,0.104877,-0.732547,1.680271,-0.945384,1.180640,-0.041710,-1.682114,2.245522,-0.571431,0.000000,-0.000000,0.000000,-0.000000,0.000000,0.973000,0.000000,0.169618,-0.000000
99.400000,-0.016936,-0.020969,0.145501,-0.335733,0.189798,-0.222969,0.012275,0.345952,-0.474558,0.131181,0.000000,0.000000,0.000000,0.000000,0.000000,0.022309,0.110592,-0.763670,1.698453,-0.933772,0.950019,-0.095509,-1.683420,2.455066,-0.790365,0.000000,0.000000,-0.000000,0.000000,0.000000,0.974000,0.000000,0.169618,-0.000000
99.500000,-0.004178,-0.022057,0.152256,-0.339341,0.186906,-0.178246,0.019821,0.310440,-0.458726,0.151704,0.000000,0.000000,0.000000,0.000000,0.000000,-0.042891,0.115309,-0.795113,1.714763,-0.920078,0.737127,-0.124556,-1.443403,2.242175,-0.819125,-0.000000,-0.000000,-0.000000,-0.000000,0.000000,0.975000,0.000000,0.169618,-0.000000
99.600000,0.008537,-0.022974,0.158892,-0.342679,0.183888,-0.142132,0.022747,0.254308,-0.393604,0.142428,0.000000,0.000000,0.000000,0.000000,0.000000,-0.106271,0.119036,-0.827517,1.729861,-0.904282,0.611858,-0.125750,-1.141373,1.828785,-0.703713,0.000000,0.000000,0.000000,-0.000000,0.000000,0.976000,0.000000,0.169618,-0.000000
99.700000,0.021279,-0.023726,0.165534,-0.346036,0.180903,-0.132343,0.022623,0.232143,-0.356788,0.127492,0.000000,0.000000,0.000000,0.000000,0.000000,-0.168662,0.121873,-0.860967,1.745051,-0.887572,0.629522,-0.114135,-1.071275,1.650608,-0.593095,-0.000000,0.000000,-0.000000,0.000000,0.000000,0.977000,0.000000,0.169618,-0.000000
99.800000,0.033933,-0.024303,0.171951,-0.348914,0.177676,-0.143385,0.021510,0.236375,-0.354433,0.120999,0.000000,0.000000,0.000000,0.000000,0.000000,-0.230080,0.123807,-0.893633,1.757641,-0.869057,0.742728,-0.102874,-1.163388,1.709642,-0.560750,0.000000,0.000000,-0.000000,-0.000000,0.000000,0.978000,0.000000,0.169618,-0.000000
99.900000,0.045752,-0.024657,0.178820,-0.351289,0.173480,-0.154360,0.020240,0.240243,-0.351522,0.114266,0.000000,0.000000,0.000000,0.000000,0.000000,-0.287388,0.124666,-0.928110,1.767964,-0.846354,0.825226,-0.094483,-1.219389,1.740382,-0.535992,-0.000000,-0.000000,0.000000,-0.000000,0.000000,0.979000,0.000000,0.169618,-0.000000
100.000000,0.056860,-0.024804,0.186005,-0.353142,0.168423,-0.165266,0.018816,0.243738,-0.348046,0.107288,0.000000,0.000000,0.000000,-0.000000,0.000000,-0.328295,0.125676,-0.979128,1.824927,-0.853420,0.878415,-0.086565,-1.237126,1.721153,-0.498696,-0.000000,-0.000000,0.000000,-0.000000,0.000000,0.980000,-0.000000,0.169618,0.000000
100.100000,0.068288,-0.024809,0.192556,-0.354499,0.163507,-0.175598,0.017232,0.247122,-0.343716,0.099500,0.000000,0.000000,0.000000,-0.000000,0.000000,-0.343104,0.126044,-1.027331,1.907487,-0.888127,0.928238,-0.077885,-1.253498,1.696634,-0.457112,0.000000,0.000000,-0.000000,0.000000,0.000000,0.981000,-0.000000,0.169618,0.000000
100.200000,0.070594,-0.025517,0.210092,-0.391606,0.183222,-0.185088,0.015495,0.251082,-0.339159,0.090835,0.000000,0.000000,0.000000,-0.000000,0.000000,-0.293666,0.126663,-1.080694,2.106781,-1.033180,0.974157,-0.068465,-1.272413,1.670937,-0.411423,-0.000000,0.000000,0.000000,0.000000,0.000000,0.982000,-0.000000,0.169618,0.000000
100.300000,0.049378,-0.026350,0.231914,-0.459439,0.228725,-0.194532,0.013619,0.254576,-0.333958,0.081927,0.000000,0.000000,0.000000,-0.000000,0.000000,-0.107790,0.122442,-1.118674,2.370805,-1.255193,1.021450,-0.058376,-1.287718,1.642360,-0.366149,0.000000,0.000000,0.000000,0.000000,0.000000,0.983000,-0.000000,0.169618,0.000000
100.400000,0.010979,-0.024510,0.214829,-0.480617,0.265947,-0.204043,0.011606,0.257521,-0.328152,0.072898,0.000000,0.000000,0.000000,-0.000000,0.000000,0.135816,0.105043,-0.942323,2.333623,-1.388847,1.070138,-0.047626,-1.299009,1.610391,-0.321164,-0.000000,-0.000000,0.000000,0.000000,0.000000,0.984000,-0.000000,0.169618,0.000000
100.500000,-0.043764,-0.017845,0.163319,-0.425122,0.260923,-0.214582,0.009458,0.259036,-0.321768,0.064663,0.000000,0.000000,0.000000,-0.000000,0.000000,0.392846,0.069753,-0.636500,1.937402,-1.293759,1.123914,-0.036135,-1.302866,1.575001,-0.279727,-0.000000,0.000000,-0.000000,0.000000,0.000000,0.985000,-0.000000,0.169618,0.000000
100.600000,-0.086948,-0.011066,0.101801,-0.334340,0.231516,-0.225037,0.007171,0.260196,-0.314861,0.056183,0.000000,0.000000,0.000000,-0.000000,0.000000,0.551767,0.040001,-0.355980,1.458534,-1.095814,1.177093,-0.024029,-1.305383,1.537515,-0.237300,0.000000,0.000000,-0.000000,0.000000,0.000000,0.986000,-0.000000,0.169618,0.000000
100.700000,-0.094930,-0.009765,0.078243,-0.294389,0.215137,-0.235404,0.004691,0.260652,-0.306871,0.047109,0.000000,0.000000,0.000000,-0.000000,0.000000,0.515670,0.043022,-0.309822,1.324735,-1.009474,1.228970,-0.010953,-1.307242,1.497448,-0.191818,-0.000000,-0.000000,-0.000000,0.000000,0.000000,0.987000,-0.000000,0.169618,0.000000
100.800000,-0.083999,-0.011794,0.088942,-0.301914,0.211886,-0.245634,0.002143,0.260980,-0.298705,0.038051,0.000000,0.000000,0.000000,-0.000000,0.000000,0.392989,0.063780,-0.448915,1.478134,-1.023820,1.280627,0.002485,-1.311810,1.461709,-0.148225,0.000000,0.000000,0.000000,0.000000,0.000000,0.988000,-0.000000,0.169618,0.000000
100.900000,-0.073207,-0.013659,0.099474,-0.308884,0.208302,-0.256042,-0.000546,0.261906,-0.291676,0.029428,0.000000,0.000000,0.000000,-0.000000,0.000000,0.312813,0.077220,-0.548957,1.577161,-1.022747,1.331498,0.016467,-1.321765,1.433533,-0.106391,0.000000,0.000000,0.000000,0.000000,0.000000,0.989000,-0.000000,0.169618,0.000000
101.000000,-0.062508,-0.015426,0.110042,-0.315694,0.204630,-0.267103,-0.003393,0.265426,-0.289126,0.022572,0.000000,0.000000,0.000000,-0.000000,0.000000,0.259465,0.085333,-0.601732,1.609712,-1.003186,1.373726,0.025706,-1.368525,1.485079,-0.108586,-0.000000,-0.000000,-0.000000,-0.000000,0.000000,0.990000,-0.000000,0.169618,0.000000
101.100000,-0.051967,-0.016973,0.120211,-0.321583,0.200427,-0.276658,-0.006349,0.270139,-0.286358,0.014217,0.000000,0.000000,0.000000,0.000000,0.000000,0.205296,0.092437,-0.649588,1.636286,-0.982533,1.386440,0.027727,-1.434011,1.582762,-0.139828,-0.000000,-0.000000,0.000000,-0.000000,0.000000,0.991000,0.000000,0.169618,-0.000000
101.200000,-0.041538,-0.018360,0.130173,-0.326925,0.195921,-0.277499,-0.005463,0.292302,-0.325040,0.031025,0.000000,0.000000,0.000000,0.000000,0.000000,0.150627,0.098771,-0.695245,1.659908,-0.961279,1.330503,0.007877,-1.556543,1.847863,-0.287305,0.000000,0.000000,-0.000000,-0.000000,0.000000,0.992000,0.000000,0.169618,-0.000000
101.300000,-0.029747,-0.019706,0.138482,-0.331613,0.192472,-0.260478,0.002075,0.327938,-0.409486,0.081886,0.000000,0.000000,0.000000,0.000000,0.000000,0.089085,0.104877,-0.732547,1.680271,-0.945384,1.180640,-0.041710,-1.682114,2.245522,-0.571431,-0.000000,-0.000000,-0.000000,-0.000000,0.000000,0.993000,0.000000,0.169618,-0.000000
101.400000,-0.016936,-0.020969,0.145501,-0.335733,0.189798,-0.222969,0.012275,0.345952,-0.474558,0.131181,0.000000,0.000000,0.000000,0.000000,0.000000,0.022309,0.110592,-0.763670,1.698453,-0.933772,0.950019,-0.095509,-1.683420,2.455066,-0.790365,0.000000,0.000000,-0.000000,0.000000,0.000000,0.994000,0.000000,0.169618,-0.000000
101.500000,-0.004178,-0.022057,0.152256,-0.339341,0.186906,-0.178246,0.019821,0.310440,-0.458726,0.151704,0.000000,0.000000,0.000000,0.000000,0.000000,-0.042891,0.115309,-0.795113,1.714763,-0.920078,0.737127,-0.124556,-1.443403,2.242175,-0.819125,0.000000,0.000000,-0.000000,-0.000000,0.000000,0.995000,0.000000,0.169618,-0.000000
101.600000,0.008537,-0.022974,0.158892,-0.342679,0.183888,-0.142132,0.022747,0.254308,-0.393604,0.142428,0.000000,0.000000,0.000000,0.000000,0.000000,-0.106271,0.119036,-0.827517,1.729861,-0.904282,0.611858,-0.125750,-1.141373,1.828785,-0.703713,0.000000,-0.000000,0.000000,0.000000,0.000000,0.996000,0.000000,0.169618,-0.000000
101.700000,0.021279,-0.023726,0.165534,-0.346036,0.180903,-0.132343,0.022623,0.232143,-0.356788,0.127492,0.000000,0.000000,0.000000,0.000000,0.000000,-0.168662,0.121873,-0.860967,1.745051,-0.887572,0.629522,-0.114135,-1.071275,1.650608,-0.593095,0.000000,0.000000,-0.000000,0.000000,0.000000,0.997000,0.000000,0.169618,-0.000000
101.800000,0.033933,-0.024303,0.171951,-0.348914,0.177676,-0.143385,0.021510,0.236375,-0.354433,0.120999,0.000000,0.000000,0.000000,0.000000,0.000000,-0.228684,0.123795,-0.892737,1.757260,-0.869537,0.741402,-0.103053,-1.162891,1.709901,-0.561510,-0.000000,-0.000000,-0.000000,0.000000,0.000000,0.998000,0.000000,0.169618,-0.000000
101.900000,0.045752,-0.024657,0.178820,-0.351289,0.173480,-0.154360,0.020240,0.240243,-0.351522,0.114266,0.000000,0.000000,0.000000,0.000000,0.000000,-0.272072,0.124596,-0.917523,1.761967,-0.850573,0.811228,-0.096544,-1.213051,1.742736,-0.544780,-0.000000,-0.000000,0.000000,-0.000000,0.000000,0.999000,0.000000,0.169618,-0.000000
102.000000,0.056849,-0.024803,0.185971,-0.353077,0.168392,-0.165255,0.018816,0.243702,-0.347980,0.107258,0.000000,0.000000,0.000000,-0.000000,0.000000,-0.311290,0.124501,-0.942002,1.760464,-0.825576,0.851842,-0.090653,-1.222033,1.721527,-0.514428,-0.000000,-0.000000,-0.000000,0.000000,0.000000,1.000000,0.000000,0.169620,0.000000
102.100000,0.056460,-0.024765,0.184777,-0.350782,0.167283,-0.164863,0.018798,0.242444,-0.345686,0.106217,0.000000,0.000000,0.000000,-0.000000,0.000000,-0.293733,0.123710,-0.922043,1.735467,-0.820120,0.834986,-0.091969,-1.205151,1.702644,-0.512309,0.000000,-0.000000,0.000000,0.000000,0.000000,1.000000,0.000000,0.169689,0.000000
102.200000,0.055517,-0.024673,0.181907,-0.345255,0.164607,-0.163915,0.018755,0.239419,-0.340161,0.103706,0.000000,0.000000,0.000000,-0.000000,0.000000,-0.273673,0.122839,-0.891505,1.691445,-0.806160,0.814885,-0.093320,-1.178077,1.664998,-0.501635,0.000000,0.000000,0.000000,-0.000000,0.000000,1.000000,0.000000,0.169854,0.000000
102.300000,0.054402,-0.024553,0.177094,-0.336624,0.160771,-0.162396,0.018684,0.234484,-0.331177,0.099630,0.000000,0.000000,0.000000,-0.000000,0.000000,-0.263299,0.121869,-0.859449,1.632752,-0.779213,0.803487,-0.092963,-1.144626,1.605256,-0.475039,0.000000,-0.000000,0.000000,0.000000,0.000000,1.000000,0.000000,0.170113,0.000000
102.400000,0.052714,-0.024376,0.170802,-0.325018,0.155417,-0.160456,0.018591,0.228141,-0.319635,0.094392,0.000000,0.000000,0.000000,-0.000000,0.000000,-0.251331,0.120723,-0.821798,1.560801,-0.744643,0.791360,-0.092415,-1.105315,1.533562,-0.442436,0.000000,0.000000,-0.000000,0.000000,0.000000,1.000000,0.000000,0.170457,0.000000
102.500000,0.049560,-0.024046,0.163850,-0.310412,0.147600,-0.158091,0.018429,0.220241,-0.305258,0.087760,0.000000,0.000000,0.000000,-0.000000,0.000000,-0.231848,0.118818,-0.781880,1.475146,-0.698004,0.778757,-0.091549,-1.058124,1.449633,-0.404914,0.000000,0.000000,0.000000,-0.000000,0.000000,1.000000,0.000000,0.170880,0.000000
102.600000,0.045768,-0.023745,0.156039,-0.293729,0.138655,-0.155164,0.018319,0.211040,-0.288358,0.080036,0.000000,0.000000,0.000000,-0.000000,0.000000,-0.209291,0.117071,-0.738558,1.380610,-0.646299,0.764337,-0.090911,-1.004033,1.353680,-0.362822,0.000000,0.000000,-0.000000,-0.000000,0.000000,1.000000,0.000000,0.171370,0.000000
102.700000,0.041562,-0.023416,0.147198,-0.274983,0.128659,-0.152897,0.018201,0.200073,-0.269753,0.072360,0.000000,0.000000,0.000000,-0.000000,0.000000,-0.186076,0.115345,-0.690222,1.277942,-0.591508,0.751572,-0.090335,-0.944335,1.251773,-0.320493,0.000000,-0.000000,0.000000,-0.000000,0.000000,1.000000,0.000000,0.171915,0.000000
102.800000,0.036985,-0.023069,0.137563,-0.254586,0.117797,-0.151206,0.018037,0.187162,-0.248997,0.064388,0.000000,0.000000,0.000000,-0.000000,0.000000,-0.161638,0.113601,-0.638554,1.168852,-0.533600,0.741776,-0.089526,-0.876581,1.141579,-0.277447,0.000000,0.000000,-0.000000,-0.000000,0.000000,1.000000,0.000000,0.172502,0.000000
102.900000,0.032125,-0.022681,0.127263,-0.232827,0.106170,-0.147867,0.017916,0.175217,-0.227539,0.054841,0.000000,0.000000,0.000000,-0.000000,0.000000,-0.137405,0.111660,-0.583768,1.055313,-0.473938,0.723179,-0.088867,-0.815171,1.029215,-0.226176,0.000000,-0.000000,-0.000000,0.000000,0.000000,1.000000,0.000000,0.173117,0.000000
103.000000,0.027107,-0.022342,0.116533,-0.210280,0.094252,-0.143898,0.017790,0.163426,-0.205471,0.044505,0.000000,0.000000,0.000000,-0.000000,0.000000,-0.114579,0.110123,-0.526906,0.940775,-0.415839,0.700711,-0.088287,-0.757514,0.917285,-0.171648,-0.000000,-0.000000,-0.000000,0.000000,0.000000,1.000000,0.000000,0.173744,0.000000
103.100000,0.022751,-0.022005,0.105236,-0.187732,0.082849,-0.139885,0.017625,0.151300,-0.182783,0.033783,0.000000,0.000000,0.000000,-0.000000,0.000000,-0.095506,0.108670,-0.468912,0.829339,-0.361793,0.680096,-0.087532,-0.698135,0.804871,-0.117847,-0.000000,0.000000,0.000000,-0.000000,0.000000,1.000000,0.000000,0.174368,0.000000
103.200000,0.020119,-0.021792,0.092905,-0.165886,0.073297,-0.135985,0.017528,0.139635,-0.160953,0.023575,0.000000,0.000000,0.000000,-0.000000,0.000000,-0.085447,0.107744,-0.406844,0.723408,-0.317729,0.661186,-0.087055,-0.641388,0.698597,-0.068000,0.000000,0.000000,-0.000000,-0.000000,0.000000,1.000000,0.000000,0.174973,0.000000
103.300000,0.017525,-0.021597,0.081331,-0.145197,0.064151,-0.132240,0.017438,0.128552,-0.140139,0.013789,0.000000,0.000000,0.000000,-0.000000,0.000000,-0.075459,0.107010,-0.350986,0.626794,-0.276984,0.642116,-0.086738,-0.590796,0.601146,-0.020985,0.000000,0.000000,0.000000,0.000000,0.000000,1.000000,0.000000,0.175545,0.000000
103.400000,0.015145,-0.021370,0.070236,-0.125439,0.055371,-0.128999,0.017317,0.117793,-0.120346,0.004611,0.000000,0.000000,0.000000,-0.000000,0.000000,-0.064595,0.105981,-0.300662,0.536960,-0.236904,0.625711,-0.086212,-0.543189,0.510954,0.022344,-0.000000,-0.000000,-0.000000,-0.000000,0.000000,1.000000,0.000000,0.176070,0.000000
103.500000,0.012997,-0.021220,0.060607,-0.108204,0.047744,-0.124702,0.017261,0.109543,-0.102974,-0.004576,0.000000,0.000000,0.000000,-0.000000,0.000000,-0.055297,0.105350,-0.258799,0.462003,-0.203714,0.604901,-0.086014,-0.509113,0.435425,0.064110,0.000000,0.000000,-0.000000,0.000000,0.000000,1.000000,0.000000,0.176534,0.000000
103.600000,0.011182,-0.021093,0.052369,-0.093473,0.041227,-0.120535,0.017225,0.102919,-0.088159,-0.012828,0.000000,0.000000,0.000000,-0.000000,0.000000,-0.047911,0.104906,-0.225535,0.402433,-0.177412,0.585119,-0.085971,-0.484664,0.375423,0.099832,-0.000000,0.000000,0.000000,-0.000000,0.000000,1.000000,0.000000,0.176926,0.000000
103.700000,0.009763,-0.020994,0.045856,-0.081836,0.036082,-0.117249,0.017205,0.097660,-0.076434,-0.019338,0.000000,0.000000,0.000000,-0.000000,0.000000,-0.042742,0.104496,-0.201322,0.359217,-0.158231,0.572290,-0.085935,-0.465963,0.332371,0.124349,0.000000,0.000000,-0.000000,-0.000000,0.000000,1.000000,0.000000,0.177237,0.000000
103.800000,0.008732,-0.020923,0.041130,-0.073387,0.032346,-0.114876,0.017195,0.093840,-0.067941,-0.024043,0.000000,0.000000,0.000000,-0.000000,0.000000,-0.039658,0.104290,-0.187046,0.333706,-0.146953,0.565163,-0.085927,-0.454386,0.306739,0.138489,0.000000,-0.000000,-0.000000,-0.000000,0.000000,1.000000,0.000000,0.177459,0.000000
103.900000,0.008134,-0.020839,0.038176,-0.068125,0.029950,-0.113513,0.017190,0.091636,-0.063050,-0.026747,0.000000,0.000000,0.000000,-0.000000,0.000000,-0.038404,0.103988,-0.180240,0.321619,-0.141262,0.562363,-0.085931,-0.449796,0.296616,0.144053,-0.000000,0.000000,-0.000000,0.000000,0.000000,1.000000,0.000000,0.177586,0.000000
